Date,Open,High,Low,Close,Volume
2010-01-01,20.801356818932316,21.02534181246815,20.786251646894463,20.801356818932316,50000
2010-01-04,20.801356818932316,20.92726066100609,20.435307959531773,20.58045979094517,50000
2010-01-05,20.58045979094517,21.400284321442268,20.415252766927534,21.187742051866568,88221
2010-01-06,21.187742051866568,21.43028523835107,21.135750366997176,21.35155457370087,50000
2010-01-07,21.35155457370087,21.468346387382518,20.96948859545384,21.015107222533484,50000
2010-01-08,21.015107222533484,21.051071853393257,20.59110410933933,20.66998309526346,50000
2010-01-11,20.66998309526346,20.706120727842432,20.578936475779127,20.581896741890944,50000
2010-01-12,20.581896741890944,20.792710330241196,20.52133912985057,20.550457692105876,100377
2010-01-13,20.550457692105876,20.602374929720096,20.327739840386858,20.566158462207444,50000
2010-01-14,20.566158462207444,20.732942734506228,19.93760299108228,20.16953266903907,71077
2010-01-15,20.16953266903907,20.59264856865179,20.162936513860068,20.56014285821818,61425
2010-01-18,20.56014285821818,20.678340602213517,20.38160601113039,20.48378771614455,53589
2010-01-19,20.48378771614455,20.72238640329881,20.402744476504445,20.678400835695182,50000
2010-01-20,20.678400835695182,21.304710152365676,20.553136605681612,21.2331203770994,50000
2010-01-21,21.2331203770994,21.682786800884642,21.061921592600118,21.543753813668083,50000
2010-01-22,21.543753813668083,21.64273297729274,21.170381197901648,21.17102173287932,50000
2010-01-25,21.17102173287932,21.740553832359964,21.122262675927352,21.644510022767,50000
2010-01-26,21.644510022767,22.233711840308278,21.572420672018563,21.831654071142307,50000
2010-01-27,21.831654071142307,22.099063309773413,21.64710738264913,22.03268523724136,54709
2010-01-28,22.03268523724136,22.346703383003305,22.00028824850343,22.310925494829135,64860
2010-01-29,22.310925494829135,23.007931794142994,22.27600532307056,22.71650429842554,50000
2010-02-01,22.71650429842554,22.790387137038465,22.450446975573897,22.459475704822214,68135
2010-02-02,22.459475704822214,22.530445061041874,22.19007825845499,22.211280874246423,55841
2010-02-03,22.211280874246423,22.37565723968426,21.96806548214225,21.977666925435564,50000
2010-02-04,21.977666925435564,22.015661153927578,21.279442703877418,21.611346608736497,50000
2010-02-05,21.611346608736497,21.72135301906517,21.552673059188542,21.653797598130712,50000
2010-02-08,21.653797598130712,21.954147157440303,21.56442047497791,21.59252770403138,52389
2010-02-09,21.59252770403138,21.79341411697594,21.53975419172722,21.640068318103406,50000
2010-02-10,21.640068318103406,22.1345593905543,21.45417126508423,22.052734207083446,50000
2010-02-11,22.052734207083446,22.335670522566563,22.032024387639844,22.15173293310374,50000
2010-02-12,22.15173293310374,23.046147810660948,22.02291876072978,23.0044465898199,57065
2010-02-15,23.0044465898199,23.046259770096295,22.824849216409884,22.992672849219648,50000
2010-02-16,22.992672849219648,23.087643365403316,22.93853775114611,23.007066578469267,50000
2010-02-17,23.007066578469267,23.27096614912506,22.771681268425034,23.166453786885267,77930
2010-02-18,23.166453786885267,23.43242932547905,23.15634375349569,23.370175711753728,59988
2010-02-19,23.370175711753728,24.03493970113702,23.331470506547156,23.89842339220661,50000
2010-02-22,23.89842339220661,24.27994177980196,23.835043072016035,24.195334692959474,50000
2010-02-23,24.195334692959474,24.578594874150596,23.541597507533204,23.56206443786942,50000
2010-02-24,23.56206443786942,23.699857426129007,23.552557605564523,23.65851460271677,50000
2010-02-25,23.65851460271677,23.921738701342385,23.64847560627757,23.82195082595553,51269
2010-02-26,23.82195082595553,24.188906798812706,23.673780062895563,23.981448803165495,50000
2010-03-01,23.981448803165495,24.09005372297213,23.81836590586764,24.081889906709584,195331
2010-03-02,24.081889906709584,24.22575963927534,23.94003273844646,23.961929534680277,50792
2010-03-03,23.961929534680277,24.026755587486708,23.907773445085983,23.93897147736474,50000
2010-03-04,23.93897147736474,24.008501677740227,23.67957634299237,23.91356120501185,50000
2010-03-05,23.91356120501185,23.987358064543134,23.740276948281764,23.750870504416934,50000
2010-03-08,23.750870504416934,24.007408148988464,23.630031113129704,23.983307446428423,50000
2010-03-09,23.983307446428423,24.216502334839696,23.966859484956643,24.166994213868982,50000
2010-03-10,24.166994213868982,24.623849756948893,24.027670894370402,24.388933409749114,50000
2010-03-11,24.388933409749114,24.72188507210464,24.236107573572326,24.567685418470415,50000
2010-03-12,24.567685418470415,24.572448988897516,24.486057782003588,24.564690290695108,53676
2010-03-15,24.564690290695108,24.94004858706726,24.55939115548381,24.880091428223427,85128
2010-03-16,24.880091428223427,24.954267119676164,24.07764034650039,24.1783916911625,122363
2010-03-17,24.1783916911625,24.4314630351675,24.031444123981686,24.092448990480655,50000
2010-03-18,24.092448990480655,24.103331209264685,23.941080660437247,24.06099616387574,50000
2010-03-19,24.06099616387574,24.273344916509444,23.846921561260185,23.91706908358275,50000
2010-03-22,23.91706908358275,24.083464509662083,23.709177394667353,23.767473257786563,50000
2010-03-23,23.767473257786563,24.518642109354733,23.566759096676893,24.282940234804975,50000
2010-03-24,24.282940234804975,24.40619335720268,23.961590863378184,23.983224582647775,50000
2010-03-25,23.983224582647775,24.229199031042214,23.943304438066203,24.1820705710973,50000
2010-03-26,24.1820705710973,24.29179972887549,23.75191887911972,23.76032945118593,50000
2010-03-29,23.76032945118593,24.279293510651836,23.614031449474364,23.980212052337993,50000
2010-03-30,23.980212052337993,24.101343623803068,23.964280200135153,24.06848970568813,50000
2010-03-31,24.06848970568813,24.16726136526698,23.82287692246734,24.085227971658753,50000
2010-04-01,24.085227971658753,24.57315050277694,23.876779135601822,24.44437496252014,50000
2010-04-02,24.44437496252014,25.026497112816532,24.208201379737982,24.658839323423994,50000
2010-04-05,24.658839323423994,25.03032467289097,24.524407991288957,24.62616261472487,50000
2010-04-06,24.62616261472487,24.718753388240994,24.424578357562243,24.545682447305623,64357
2010-04-07,24.545682447305623,25.149272296516166,24.54060677274026,25.096921819189806,62563
2010-04-08,25.096921819189806,25.208662538699613,24.946710768400315,25.086573567138835,50000
2010-04-09,25.086573567138835,25.27722278664789,24.952751794186625,25.058082625086122,98872
2010-04-12,25.058082625086122,25.358403040595874,24.997870437940605,25.081059497609903,50000
2010-04-13,25.081059497609903,25.41495948004033,24.588900613836877,24.689469099553573,50000
2010-04-14,24.689469099553573,25.0825820446899,24.638504912716044,25.005043032658957,50000
2010-04-15,25.005043032658957,25.19066197711275,24.911669812330878,25.015400479602732,88265
2010-04-16,25.015400479602732,25.151417341062697,24.760852324787823,25.147184715782224,50000
2010-04-19,25.147184715782224,25.301366983569682,24.785977436159314,24.809247119362933,50000
2010-04-20,24.809247119362933,24.856232348718187,24.705346043713533,24.798029370315408,50000
2010-04-21,24.798029370315408,24.978284108185203,24.787286101794972,24.86705108130747,50000
2010-04-22,24.86705108130747,25.015217070836748,24.84172597774652,24.85609960310772,50000
2010-04-23,24.85609960310772,25.28825876588003,24.83519959498247,24.94380818636525,50000
2010-04-26,24.94380818636525,24.961534472733533,24.607857469954336,24.708414113016012,50000
2010-04-27,24.708414113016012,24.750407916362075,24.42607106344316,24.577028286809124,162396
2010-04-28,24.577028286809124,24.979974471710733,24.11983677979631,24.36836403238132,50000
2010-04-29,24.36836403238132,24.370494199841904,24.035301746066118,24.084926546142825,50000
2010-04-30,24.084926546142825,24.271251122464694,23.918074916469596,24.108289405202434,50000
2010-05-03,24.108289405202434,24.485232892239647,23.932230631408064,24.185285263456183,50000
2010-05-04,24.185285263456183,24.25122631411005,23.854889826457093,23.963367345531132,50000
2010-05-05,23.963367345531132,24.53285724720493,23.90407458485253,24.295840610048284,50000
2010-05-06,24.295840610048284,24.739411730196686,24.075869935874998,24.684576604673502,79540
2010-05-07,24.684576604673502,25.0609875796851,24.57932161844947,24.95689638556359,51661
2010-05-10,24.95689638556359,25.103473005278484,24.93566869893324,25.075562525703337,119070
2010-05-11,25.075562525703337,25.131875909120502,24.771935109293317,24.828964268160505,50000
2010-05-12,24.828964268160505,24.944279749667643,24.709240049834392,24.754545711083946,57000
2010-05-13,24.754545711083946,24.813423879223976,23.96445474324259,24.08187548537572,58015
2010-05-14,24.08187548537572,24.181020640280313,23.388102588247442,23.588397846402753,50000
2010-05-17,23.588397846402753,23.608597884217012,23.03218172667079,23.145694694262662,50000
2010-05-18,23.145694694262662,23.154868191568248,22.84894212058389,22.937833668125073,50000
2010-05-19,22.937833668125073,22.97810006026774,22.87204363466313,22.915180719023326,167418
2010-05-20,22.915180719023326,23.006478238835378,22.746984670748716,22.772343227485923,50000
2010-05-21,22.772343227485923,22.894191171643637,22.712401432838586,22.78857163168596,50000
2010-05-24,22.78857163168596,23.128236723146305,22.774652094879524,23.095922809662508,65490
2010-05-25,23.095922809662508,23.173942877341332,23.056922245916862,23.142996755289204,50000
2010-05-26,23.142996755289204,23.910040720637653,23.033678930243923,23.66152796384739,50000
2010-05-27,23.66152796384739,23.8320348161165,23.402816265770216,23.40663158785163,64862
2010-05-28,23.40663158785163,23.543029828545606,22.97849450200967,23.09946020962149,50000
2010-05-31,23.09946020962149,23.236749944034653,22.786785993163036,22.867484261673937,50000
2010-06-01,22.867484261673937,22.93600761789991,22.59097644053068,22.750907941173477,50000
2010-06-02,22.750907941173477,23.23704821364919,22.572032963735765,23.212165248578483,50000
2010-06-03,23.212165248578483,23.366676095127104,22.59606969946327,22.639369787530022,50000
2010-06-04,22.639369787530022,22.74636502607214,22.473454152557508,22.597261482929117,54106
2010-06-07,22.597261482929117,22.60738193343689,22.45665702041756,22.53563227040205,82471
2010-06-08,22.53563227040205,22.710176104251406,22.414502981591383,22.447328992930768,50000
2010-06-09,22.447328992930768,22.58026750502749,21.705894059869593,21.931874826338014,111306
2010-06-10,21.931874826338014,22.074733119240815,21.59675886648956,21.950737508833022,76221
2010-06-11,21.950737508833022,22.05373631648891,21.78255540491855,21.898339990531994,105364
2010-06-14,21.898339990531994,22.60867560032591,21.73847831167913,22.236485830773866,50000
2010-06-15,22.236485830773866,22.515150211220377,22.152485203119408,22.19843247439216,50000
2010-06-16,22.19843247439216,23.07235108373574,22.160568444819564,22.76272736230931,50000
2010-06-17,22.76272736230931,22.823272199082837,22.532832212900487,22.71279964881039,175203
2010-06-18,22.71279964881039,22.782148776493123,22.26785606674336,22.431830299358992,55635
2010-06-21,22.431830299358992,22.501843898754295,22.22453324435938,22.316498913440487,50000
2010-06-22,22.316498913440487,22.35917479219481,22.132896159551976,22.3227737593846,50000
2010-06-23,22.3227737593846,23.071517627887758,22.305949513956467,22.93961528938574,68143
2010-06-24,22.93961528938574,23.22249584881458,22.687033707890173,23.15172979335158,50000
2010-06-25,23.15172979335158,23.25857121622533,22.805079913447535,22.932719596175836,161370
2010-06-28,22.932719596175836,23.486840104313096,22.884092069644645,23.37518411580082,94803
2010-06-29,23.37518411580082,23.62385179753398,22.724186548334234,22.803875310576867,50000
2010-06-30,22.803875310576867,23.00978878816854,22.4170447833261,22.46410237706468,50000
2010-07-01,22.46410237706468,22.537298825407994,22.25747772913998,22.309047885181787,50000
2010-07-02,22.309047885181787,22.63387947738313,22.282394882527985,22.532456596185238,50000
2010-07-05,22.532456596185238,22.54422820614,22.1485241964472,22.191228223658015,50000
2010-07-06,22.191228223658015,22.586913983245058,22.057045028655327,22.533529676666284,50000
2010-07-07,22.533529676666284,22.817836005853753,22.16958176838614,22.2051138567365,50000
2010-07-08,22.2051138567365,22.221884882438857,21.599773392678113,21.64554439859615,64660
2010-07-09,21.64554439859615,21.906579564449885,21.174107735366107,21.194214649135272,50000
2010-07-12,21.194214649135272,21.443604051420277,20.840354878441573,20.92829304158494,50000
2010-07-13,20.92829304158494,21.275175526651537,20.780345554108695,21.26158496583929,74600
2010-07-14,21.26158496583929,21.712315313592118,21.23898443171537,21.702268879733506,50000
2010-07-15,21.702268879733506,22.741494256312265,21.661814690192042,22.629819158110998,57171
2010-07-16,22.629819158110998,22.641729110643798,22.530061922420984,22.551491953545106,85933
2010-07-19,22.551491953545106,22.601054217449832,22.274465413176006,22.33674557700484,154951
2010-07-20,22.33674557700484,22.643858819132,21.699661611824055,21.756388888038813,50000
2010-07-21,21.756388888038813,21.876361649858502,21.708499875490446,21.844766579583457,50000
2010-07-22,21.844766579583457,22.050497478521606,21.664357089059163,21.79776602425131,50000
2010-07-23,21.79776602425131,21.86933453813305,21.637508324645825,21.642049684561286,50000
2010-07-26,21.642049684561286,21.799655792939554,21.35884572752665,21.42387958749381,93829
2010-07-27,21.42387958749381,21.5117672040743,21.2313980702684,21.437514174253607,52729
2010-07-28,21.437514174253607,21.912871552917554,21.26697347824461,21.882764682059335,53935
2010-07-29,21.882764682059335,22.030601215384014,21.77344974659579,21.824592070904348,54041
2010-07-30,21.824592070904348,21.89752830704609,21.608678495172207,21.64725835432446,50000
2010-08-02,21.64725835432446,21.852904886699196,21.38736249856559,21.413479084969836,69633
2010-08-03,21.413479084969836,21.61170956759141,21.109417248355566,21.28344837551113,50000
2010-08-04,21.28344837551113,21.352287991461427,20.88776467839178,20.941329306617124,50000
2010-08-05,20.941329306617124,21.684751155501786,20.879972688846962,21.470840948086906,50000
2010-08-06,21.470840948086906,21.962114723460758,21.37018878507848,21.87154701467354,50000
2010-08-09,21.87154701467354,22.07961849116866,21.832149960265532,21.90126454161865,94098
2010-08-10,21.90126454161865,22.083541340919073,21.82627809568446,21.93479452740699,85708
2010-08-11,21.93479452740699,22.025723916611327,21.6263886462713,21.747394659457665,66740
2010-08-12,21.747394659457665,21.83613863500934,21.554412518382787,21.751707491042144,50000
2010-08-13,21.751707491042144,21.79311426761404,21.30408819993626,21.52762027436013,50000
2010-08-16,21.52762027436013,21.535884623022188,21.21515662013734,21.375602813833332,50000
2010-08-17,21.375602813833332,21.870188605671352,21.28523944396785,21.762835118412767,50000
2010-08-18,21.762835118412767,21.883674560739895,21.68206810646074,21.693419599241928,50000
2010-08-19,21.693419599241928,22.675075913358288,21.69120717695149,22.452709389293265,50000
2010-08-20,22.452709389293265,22.459067386229496,22.098378484732716,22.124553676446542,50000
2010-08-23,22.124553676446542,22.395546742099206,21.931418938347086,22.093294747366087,53193
2010-08-24,22.093294747366087,22.447443797078225,21.938490753771617,22.301072584025388,101731
2010-08-25,22.301072584025388,22.307052772956325,22.045766156571734,22.20826900611768,50000
2010-08-26,22.20826900611768,22.425083457486835,22.082769189665235,22.273069552309973,60812
2010-08-27,22.273069552309973,22.596831984455637,22.16689617275513,22.411840975983708,94448
2010-08-30,22.411840975983708,22.939413120576436,22.291779155767276,22.77430767763393,50000
2010-08-31,22.77430767763393,22.948085106468,22.761688145610673,22.944018422202664,50000
2010-09-01,22.944018422202664,23.23342085955895,22.311364545809724,22.354638175960822,50000
2010-09-02,22.354638175960822,22.39831923734879,21.86704969076419,21.985033452558017,60049
2010-09-03,21.985033452558017,22.13192546231977,21.634617551439884,21.765165259360842,50000
2010-09-06,21.765165259360842,22.349137349748975,21.649742300955793,22.292698311389564,50000
2010-09-07,22.292698311389564,22.389663603253354,22.29008001450218,22.326349301535657,50000
2010-09-08,22.326349301535657,22.359585028933918,22.069613444082133,22.26445158344144,58923
2010-09-09,22.26445158344144,22.501031670165176,22.23028612451545,22.315105201781936,50000
2010-09-10,22.315105201781936,22.972468315984738,22.242154382175336,22.926201922319667,148340
2010-09-13,22.926201922319667,22.952779090855376,22.71386712794099,22.88035687778892,55017
2010-09-14,22.88035687778892,23.063805333267407,22.58480286464579,22.630766774037554,58995
2010-09-15,22.630766774037554,22.77140520059385,22.153536826579593,22.2160544035629,50000
2010-09-16,22.2160544035629,22.590159437817547,22.1696388465042,22.499430818456137,56049
2010-09-17,22.499430818456137,22.65958590892411,22.4203944729873,22.645400114580795,64336
2010-09-20,22.645400114580795,22.750325430716583,22.354748640914572,22.37735153147148,50000
2010-09-21,22.37735153147148,22.522419972247143,22.01016243052755,22.02541699051999,50000
2010-09-22,22.02541699051999,22.137828684288984,21.638433869101373,21.739517133796195,50000
2010-09-23,21.739517133796195,22.106550893299378,21.678244149342923,22.060375311684147,50000
2010-09-24,22.060375311684147,22.844134074589473,21.999556513013953,22.638824178528434,50000
2010-09-27,22.638824178528434,23.076493779252278,22.467997970714826,22.812494513397663,50000
2010-09-28,22.812494513397663,22.919775109524704,22.418983883634667,22.5167597362124,50000
2010-09-29,22.5167597362124,23.12733978692331,22.514786872462086,22.89102428539969,50000
2010-09-30,22.89102428539969,23.069004034699855,22.089342308361292,22.292866866772787,50000
2010-10-01,22.292866866772787,22.306400122165467,21.767189283859455,21.99827008626108,50000
2010-10-04,21.99827008626108,22.171190394746716,21.79343742950079,21.887505540179077,81635
2010-10-05,21.887505540179077,21.949854069635542,21.484782177972676,21.51782102062513,50000
2010-10-06,21.51782102062513,21.809145674866535,21.49184377836108,21.63506306835471,99444
2010-10-07,21.63506306835471,21.716849345750777,21.48255788958428,21.563603711757775,50000
2010-10-08,21.563603711757775,21.741129675159208,21.427665788844873,21.631425388683464,50000
2010-10-11,21.631425388683464,21.967096310057,21.463593320957735,21.821133326336167,58854
2010-10-12,21.821133326336167,21.95608261122119,21.6542855644441,21.921975185610442,50000
2010-10-13,21.921975185610442,22.153081816060872,21.814339019769868,22.082660483882822,50000
2010-10-14,22.082660483882822,22.133660339225813,21.722098665626397,21.784038783649716,50000
2010-10-15,21.784038783649716,21.9274371717885,21.775253852914595,21.842395196594406,52239
2010-10-18,21.842395196594406,22.036535596377647,21.42993075821449,21.612002719591803,50000
2010-10-19,21.612002719591803,21.707813463680072,21.25454225786609,21.258408737830568,50000
2010-10-20,21.258408737830568,21.43847043594756,21.18902339841093,21.20594885338914,64123
2010-10-21,21.20594885338914,21.213173818694774,20.981158148076023,21.139042228733846,50000
2010-10-22,21.139042228733846,21.404863016740034,21.03625049989048,21.290354220285366,50000
2010-10-25,21.290354220285366,21.311639762261525,20.376152874398436,20.42278954114109,50000
2010-10-26,20.42278954114109,20.512667018148086,20.238236798470123,20.350886866609212,50000
2010-10-27,20.350886866609212,20.56076633447421,20.054067160305372,20.19215924987904,50000
2010-10-28,20.19215924987904,20.22413365317468,19.735517529270336,19.96061161756606,75349
2010-10-29,19.96061161756606,20.43479916927747,19.849902804792293,20.398567252189086,112320
2010-11-01,20.398567252189086,20.902127726606285,20.362434658465155,20.75949326711663,52999
2010-11-02,20.75949326711663,21.30870157258488,20.722683055343552,21.149423475651155,63388
2010-11-03,21.149423475651155,21.162349916185867,21.007443739271398,21.06818324896142,50000
2010-11-04,21.06818324896142,21.069843980804798,20.85925513921401,20.902031526869965,103311
2010-11-05,20.902031526869965,20.979786085735473,20.192233861712968,20.488630053671272,50000
2010-11-08,20.488630053671272,20.55763244776715,20.172640945462977,20.36985678841077,50000
2010-11-09,20.36985678841077,20.502163255483673,20.268009515498978,20.467562493959477,109939
2010-11-10,20.467562493959477,20.615609910819916,19.992627513052454,20.17489335059086,50000
2010-11-11,20.17489335059086,20.205804130637272,19.68633599247703,19.894495286100017,50000
2010-11-12,19.894495286100017,19.9152368200895,19.590292532676852,19.681293438351183,50000
2010-11-15,19.681293438351183,20.457545471259596,19.675589713401838,20.365350174937703,50000
2010-11-16,20.365350174937703,20.976159849539354,20.18393917267663,20.787933350638703,50000
2010-11-17,20.787933350638703,20.874137570473867,20.564307531504898,20.600455953951993,72956
2010-11-18,20.600455953951993,20.88776578903299,20.534385322927925,20.85339088486025,50000
2010-11-19,20.85339088486025,20.964750605766554,20.45138068158665,20.553582659675424,52075
2010-11-22,20.553582659675424,20.72009934173568,20.326576184515947,20.344897826253433,50000
2010-11-23,20.344897826253433,20.38236641253484,19.81678022253759,19.881597367286155,50000
2010-11-24,19.881597367286155,20.223163088581018,19.85171339044751,20.15731226911851,50000
2010-11-25,20.15731226911851,20.267836170210796,19.976680460644232,20.01990462926702,50000
2010-11-26,20.01990462926702,20.104039455928667,19.841245344713666,19.92824759776561,68859
2010-11-29,19.92824759776561,20.011924870669084,18.67249508883591,18.77747350261035,74355
2010-11-30,18.77747350261035,18.80118309762511,18.456658938171703,18.598541309744228,63869
2010-12-01,18.598541309744228,18.718346240952545,18.10195752680914,18.206898324540806,50000
2010-12-02,18.206898324540806,18.29986105573022,17.925354535986127,18.01078116745197,50000
2010-12-03,18.01078116745197,18.101993392006953,17.448953398765983,17.510914337566597,107371
2010-12-06,17.510914337566597,17.91347809365302,17.257359407575624,17.840712964452628,50000
2010-12-07,17.840712964452628,17.86998037693235,17.41502993421209,17.445552307001865,50000
2010-12-08,17.445552307001865,17.58530421720652,16.980809811191584,17.014039514847397,55906
2010-12-09,17.014039514847397,17.687479852772334,16.927551420050154,17.597851352004366,50000
2010-12-10,17.597851352004366,17.740428678393112,17.10628936036437,17.14358205743711,158968
2010-12-13,17.14358205743711,17.321006708749696,16.951732451209192,16.96330202456383,50000
2010-12-14,16.96330202456383,17.450319296396426,16.945721147020972,17.412919188616932,50000
2010-12-15,17.412919188616932,18.301556776965864,17.318850495291002,18.17061127183517,50580
2010-12-16,18.17061127183517,18.225545962955888,17.83684820163128,17.885316999469644,50000
2010-12-17,17.885316999469644,17.99220956947062,17.791153223589834,17.90581364153213,81410
2010-12-20,17.90581364153213,18.078322814565954,17.823839860704645,18.06550320288734,50000
2010-12-21,18.06550320288734,19.109074156455918,17.999081152135343,18.658039211114605,50000
2010-12-22,18.658039211114605,18.851478286501013,18.228218338600172,18.346689639451785,50000
2010-12-23,18.346689639451785,18.403004194116857,17.945091188319513,18.129543405885165,60423
2010-12-24,18.129543405885165,18.256944099195916,18.122752210066338,18.21582950312426,50000
2010-12-27,18.21582950312426,18.257694329973035,18.167123930311554,18.173648844280304,50000
2010-12-28,18.173648844280304,18.426723301074748,18.140930882461618,18.177259166503358,134140
2010-12-29,18.177259166503358,18.712589106071526,18.11166433639432,18.632735630418587,60406
2010-12-30,18.632735630418587,18.778148688282435,18.097357334496966,18.232738603142764,50000
2010-12-31,18.232738603142764,18.521287118171898,18.203763748121148,18.339759169994448,87590
2011-01-03,18.339759169994448,18.34169193671407,18.04551365980027,18.12037557003109,50000
2011-01-04,18.12037557003109,18.522532684140977,18.068543990045644,18.443183442717206,50000
2011-01-05,18.443183442717206,18.53096290901895,18.285129447581266,18.335339639269126,50000
2011-01-06,18.335339639269126,18.82518926062458,18.26222570714903,18.780601765179874,50000
2011-01-07,18.780601765179874,19.040284587178117,18.65225803117818,18.932915264623215,50000
2011-01-10,18.932915264623215,18.93947236930426,18.90816911539822,18.914905637498553,106436
2011-01-11,18.914905637498553,19.16254396664881,18.85223311690806,18.908143838386962,50000
2011-01-12,18.908143838386962,18.91860931435363,18.621941134816442,18.730553651805156,50000
2011-01-13,18.730553651805156,18.80177314132348,18.608833045971142,18.648446697759876,50000
2011-01-14,18.648446697759876,18.723173179029715,18.577347542486347,18.598325180565016,50000
2011-01-17,18.598325180565016,18.60409227361419,18.514699976213386,18.549571318947994,50000
2011-01-18,18.549571318947994,18.60223386344128,18.443835222074156,18.532424477022822,50000
2011-01-19,18.532424477022822,19.400639638315482,18.482928160518416,19.250815709240108,50000
2011-01-20,19.250815709240108,19.59431522597887,19.120337339642,19.49372526138636,50000
2011-01-21,19.49372526138636,20.01956771615782,19.38479816481186,19.91787160238569,50000
2011-01-24,19.91787160238569,19.975705920993974,19.799336975826773,19.839613257975813,50000
2011-01-25,19.839613257975813,20.086926082881728,19.614205209438396,19.708811766865637,50000
2011-01-26,19.708811766865637,20.082394169807593,19.5932709309005,19.97328632735872,69624
2011-01-27,19.97328632735872,20.279376484801944,19.945721592037305,20.03356915770542,50000
2011-01-28,20.03356915770542,20.602212742156823,20.014282380324232,20.39927722723172,50000
2011-01-31,20.39927722723172,20.43734434510454,20.080331242377905,20.16049936041633,50000
2011-02-01,20.16049936041633,20.49279229825265,19.821624230707013,20.352018965209275,159253
2011-02-02,20.352018965209275,20.584684116299425,20.209675111373446,20.286309188593858,50000
2011-02-03,20.286309188593858,20.357818241195858,20.21296894376714,20.35570831975284,50000
2011-02-04,20.35570831975284,20.44537404997265,20.120514682167535,20.2149513620644,50000
2011-02-07,20.2149513620644,20.28001667014176,20.015801753764407,20.122979350928844,50000
2011-02-08,20.122979350928844,20.242694344078426,20.03726782951746,20.127445162656645,50000
2011-02-09,20.127445162656645,20.357475606449793,20.031820702286367,20.195764913854756,102658
2011-02-10,20.195764913854756,20.263162862694543,20.073822163838074,20.106539294228195,50000
2011-02-11,20.106539294228195,20.201366213345473,20.074152219610017,20.155348874109407,50000
2011-02-14,20.155348874109407,20.392042975114457,20.075596598473933,20.297657516590277,57494
2011-02-15,20.297657516590277,20.82392679595837,20.293479292173664,20.679182772471314,73580
2011-02-16,20.679182772471314,20.896812908546323,20.025942671358013,20.109951693152468,50000
2011-02-17,20.109951693152468,20.26387054765259,19.996820494948135,20.105340676896603,88742
2011-02-18,20.105340676896603,20.302349799527178,19.985510386938866,20.298225180757218,50000
2011-02-21,20.298225180757218,20.441484332541783,20.230271923710166,20.4288781902071,50000
2011-02-22,20.4288781902071,20.555106988610493,20.100389271465684,20.208177850896767,50000
2011-02-23,20.208177850896767,20.3550755262923,19.609113692259275,19.720684306431522,50000
2011-02-24,19.720684306431522,20.057232136788286,19.70581789849619,20.046852916320088,50000
2011-02-25,20.046852916320088,20.494372868358848,19.91946132604739,20.460628072488763,75708
2011-02-28,20.460628072488763,20.51794513954806,20.190575304811976,20.284878166518936,76890
2011-03-01,20.284878166518936,20.632472817978957,20.255151574247385,20.578417556215978,50000
2011-03-02,20.578417556215978,20.692552202848187,20.269940107351164,20.43085082874067,50000
2011-03-03,20.43085082874067,20.43916495470409,20.340253995384543,20.408056051079686,50000
2011-03-04,20.408056051079686,20.47467444985707,19.75036944815879,19.839790396951226,50000
2011-03-07,19.839790396951226,19.988632839135114,19.800794683831203,19.91158279383106,50000
2011-03-08,19.91158279383106,20.280430485302848,19.883904950320762,20.132702104286484,50000
2011-03-09,20.132702104286484,20.311738361427253,20.086690068508833,20.24398794348387,51458
2011-03-10,20.24398794348387,20.846755086842315,20.12608262937983,20.70820362399356,50000
2011-03-11,20.70820362399356,21.165454511363258,20.626980071263464,21.049763391303824,50000
2011-03-14,21.049763391303824,21.224756088400657,21.041893414630877,21.21137477137823,67168
2011-03-15,21.21137477137823,21.950817033234824,21.140645352273904,21.703026866923693,50000
2011-03-16,21.703026866923693,21.932013792727677,21.536519627622475,21.86271901605634,97577
2011-03-17,21.86271901605634,21.900329367481113,21.759313868299234,21.812184081771782,50000
2011-03-18,21.812184081771782,21.883814604381516,21.58187663198082,21.5970717570372,50000
2011-03-21,21.5970717570372,21.64539257628104,21.136938532014216,21.266895479926124,50000
2011-03-22,21.266895479926124,21.321933420901573,21.118321955552936,21.293231713648638,50000
2011-03-23,21.293231713648638,21.780327413243306,21.255880092072783,21.61801727527483,50000
2011-03-24,21.61801727527483,21.758744541030897,21.050859147817377,21.073829609413696,50000
2011-03-25,21.073829609413696,21.27906876160503,20.979771209018146,21.27215749394783,50000
2011-03-28,21.27215749394783,21.480203088382734,21.128950952264365,21.13095466389317,50000
2011-03-29,21.13095466389317,21.23470872229838,20.979065054216413,21.071123494139183,50605
2011-03-30,21.071123494139183,21.381238127226073,21.047717650386396,21.373783294821784,51818
2011-03-31,21.373783294821784,22.313845196762472,21.296359350760532,22.211633642214544,50000
2011-04-01,22.211633642214544,22.896704093865008,22.04511178743234,22.613846082777712,50000
2011-04-04,22.613846082777712,22.77357549959863,21.800957979495074,22.01593342994949,50000
2011-04-05,22.01593342994949,22.21851565086411,21.66676428840291,21.767652621338367,64166
2011-04-06,21.767652621338367,21.92276307409996,21.65145637890073,21.726704481678055,50000
2011-04-07,21.726704481678055,21.74000149552843,21.602377072128572,21.68967205058949,55717
2011-04-08,21.68967205058949,22.09412071061454,21.377432643099798,21.998963751062675,141142
2011-04-11,21.998963751062675,22.42016962352423,21.95516752765996,22.410301439937065,50000
2011-04-12,22.410301439937065,22.499898529627266,22.18977770318877,22.479399668092274,66412
2011-04-13,22.479399668092274,22.618733699268397,22.255495135756252,22.482601956007812,50000
2011-04-14,22.482601956007812,22.597638092641947,21.932221976303143,22.10439372151919,50000
2011-04-15,22.10439372151919,22.16722004938356,21.555244414306795,21.671637863334027,50000
2011-04-18,21.671637863334027,21.733480137055505,21.33066532382156,21.433113192101743,50000
2011-04-19,21.433113192101743,21.474819446911884,21.31155085074584,21.324559438365696,50000
2011-04-20,21.324559438365696,21.373562435333564,20.984727826500627,21.027901983244803,50000
2011-04-21,21.027901983244803,21.247347304109528,20.98458918507682,21.216088026538383,50000
2011-04-22,21.216088026538383,21.268086818926726,20.92105815675711,20.92356328393645,68215
2011-04-25,20.92356328393645,21.074499798881607,20.816993333784943,20.818571637700547,58771
2011-04-26,20.818571637700547,20.957333577382293,20.62542163632177,20.904473660254638,50000
2011-04-27,20.904473660254638,21.58275059174833,20.763711643614332,21.361822198785717,50000
2011-04-28,21.361822198785717,21.763169606399302,21.33954427314144,21.499642172981222,50000
2011-04-29,21.499642172981222,21.666371582256307,21.191615896069397,21.20234528462389,50000
2011-05-02,21.20234528462389,21.35017923105104,21.183429636221707,21.18556556856591,50000
2011-05-03,21.18556556856591,21.805208391264202,21.132472445967355,21.61413677448483,52378
2011-05-04,21.61413677448483,21.777845593513135,20.923516029859606,20.94666764237099,50000
2011-05-05,20.94666764237099,21.68743413512619,20.86714157136836,21.572313614785873,50000
2011-05-06,21.572313614785873,21.811819788693217,21.151541141659685,21.757957138819396,50000
2011-05-09,21.757957138819396,21.899517011120274,21.663524856978565,21.821648045797982,102910
2011-05-10,21.821648045797982,21.951010386774485,21.346185939932102,21.46903228861761,50000
2011-05-11,21.46903228861761,21.886769065566074,21.307309512238376,21.7304053752981,82515
2011-05-12,21.7304053752981,22.15754311372736,21.659644622070857,21.94982715175518,50000
2011-05-13,21.94982715175518,21.993615367736556,21.82491459700326,21.93124386406989,50000
2011-05-16,21.93124386406989,22.25561756305913,21.813317222879782,22.184796400715996,50000
2011-05-17,22.184796400715996,22.728881844678448,22.056547196857338,22.596788633379866,50000
2011-05-18,22.596788633379866,22.63853831227539,22.18755942063613,22.207650873101464,50000
2011-05-19,22.207650873101464,22.328980888676334,21.974122750352194,22.01318070875902,65550
2011-05-20,22.01318070875902,22.15014071704654,21.882314818086236,21.889053947916658,81997
2011-05-23,21.889053947916658,22.29178048156542,21.63134291329341,22.190096658247192,50000
2011-05-24,22.190096658247192,23.043568889730945,22.137312099924475,22.633828444001523,50000
2011-05-25,22.633828444001523,22.69672904258635,22.39241599409201,22.466391539040924,73984
2011-05-26,22.466391539040924,22.586103106109405,22.338517650384937,22.468462754053363,50000
2011-05-27,22.468462754053363,22.937703287624075,22.280800402124758,22.764402627975176,50000
2011-05-30,22.764402627975176,22.791307818880288,22.372965464917424,22.632139516282717,60296
2011-05-31,22.632139516282717,22.779444172216486,22.488890803060386,22.614627462483124,50000
2011-06-01,22.614627462483124,23.106349689980107,22.33380253172072,22.87965893215669,50000
2011-06-02,22.87965893215669,23.448406635742476,22.80978108746894,23.257329464880115,50000
2011-06-03,23.257329464880115,23.449380972328374,23.1264372192247,23.297106500090976,90995
2011-06-06,23.297106500090976,23.530328318962766,23.22725636162885,23.447953780792183,50000
2011-06-07,23.447953780792183,23.91747850087639,23.21235372534422,23.778331762996416,53518
2011-06-08,23.778331762996416,23.96479317977601,23.698266011473827,23.933858374885407,132529
2011-06-09,23.933858374885407,24.28061493660683,23.871939840639453,24.120490636875275,50000
2011-06-10,24.120490636875275,24.971556423067838,24.032015920747156,24.875519595388475,50000
2011-06-13,24.875519595388475,25.1842561371217,24.862395950302428,24.992410354643553,50000
2011-06-14,24.992410354643553,25.164779905518568,24.539299589503383,24.64359707059886,50000
2011-06-15,24.64359707059886,25.328963418440193,24.39933877360378,25.12318857119169,52624
2011-06-16,25.12318857119169,25.428321435601262,24.894864513361423,25.362163097247056,50000
2011-06-17,25.362163097247056,25.43828940037072,25.234929043099417,25.29122875906288,50000
2011-06-20,25.29122875906288,25.478874042622305,25.077645678372825,25.446932036392184,50000
2011-06-21,25.446932036392184,25.490338012858615,24.680508408688848,24.77311099328345,50000
2011-06-22,24.77311099328345,24.85873787041927,24.49621061078341,24.508325076272996,50000
2011-06-23,24.508325076272996,24.541076309497758,24.09402577925909,24.095175221721153,50000
2011-06-24,24.095175221721153,24.29500724400106,23.929771569773536,24.021225593213344,50000
2011-06-27,24.021225593213344,24.165931893521766,23.52837472237597,23.669812846084913,74804
2011-06-28,23.669812846084913,24.25912480116217,23.642510136547212,24.23365144779364,50000
2011-06-29,24.23365144779364,24.35004230186889,23.373755246757014,23.728179730528435,50000
2011-06-30,23.728179730528435,23.81517562247988,23.103502351798063,23.244027714805824,80682
2011-07-01,23.244027714805824,23.446574728566667,22.567016282474107,22.619026176426047,50000
2011-07-04,22.619026176426047,22.914564810476985,22.39559634920366,22.823048611817402,50000
2011-07-05,22.823048611817402,22.878821434456725,22.404326256112014,22.422850083954433,50000
2011-07-06,22.422850083954433,22.595929108038174,22.397704131564986,22.455208395648324,50000
2011-07-07,22.455208395648324,23.101795365265442,22.40269271989693,22.980115449876166,50000
2011-07-08,22.980115449876166,23.1978381385747,22.74866053916109,23.037908665790763,143558
2011-07-11,23.037908665790763,23.395699799889574,22.93235526022785,22.973737058160513,50000
2011-07-12,22.973737058160513,23.224292095121953,22.917248419348752,23.166188537351392,50000
2011-07-13,23.166188537351392,23.337874684205115,23.139259193369487,23.291566282420796,85728
2011-07-14,23.291566282420796,23.451828713726087,23.162952376932072,23.19703267809022,50000
2011-07-15,23.19703267809022,23.351744804075345,22.964431007740984,23.171938913032555,50000
2011-07-18,23.171938913032555,23.202083088291303,23.009521155501556,23.173362176750697,64009
2011-07-19,23.173362176750697,23.251942814027252,23.123503602681918,23.237317026732885,50000
2011-07-20,23.237317026732885,23.240330907868127,23.14851567409214,23.16972475113547,112278
2011-07-21,23.16972475113547,23.786334442891764,22.97775052120258,23.27629195507664,57480
2011-07-22,23.27629195507664,23.36770651896293,22.826709997067976,22.983236414444356,50000
2011-07-25,22.983236414444356,23.085142101887925,22.953440269315458,22.98867373861674,70091
2011-07-26,22.98867373861674,23.16161351035545,22.908436855601785,22.93133691209749,50000
2011-07-27,22.93133691209749,23.010749669435906,22.184639472964044,22.30523723501936,123654
2011-07-28,22.30523723501936,22.521266681699363,21.705305133230578,21.79196053174315,50000
2011-07-29,21.79196053174315,21.90676065094869,21.40405243890813,21.436679164317553,77588
2011-08-01,21.436679164317553,21.446819606735705,20.344144444406115,20.412901284973557,50592
2011-08-02,20.412901284973557,20.54466775063511,20.125051129698832,20.503650538260967,50000
2011-08-03,20.503650538260967,20.81418932800835,20.45565420317055,20.70139014393761,50000
2011-08-04,20.70139014393761,20.769035704876632,20.50972194072445,20.707500844169555,71584
2011-08-05,20.707500844169555,20.956187304481823,20.602617408721176,20.844934193477087,86627
2011-08-08,20.844934193477087,20.847605752952266,20.650281896998347,20.765440994149884,140115
2011-08-09,20.765440994149884,21.30445263967368,20.662892948968924,21.289400836669113,50000
2011-08-10,21.289400836669113,21.38515630389408,21.048255432400325,21.22258410257023,50000
2011-08-11,21.22258410257023,21.52929278737963,21.081533813700425,21.496304976318108,50000
2011-08-12,21.496304976318108,21.586560837223473,21.405420386222254,21.569481615679383,61266
2011-08-15,21.569481615679383,21.680951071589895,21.54216800899483,21.647502020819147,50000
2011-08-16,21.647502020819147,21.68446201544932,21.591904443610712,21.65906008461812,50000
2011-08-17,21.65906008461812,21.67792002921039,21.144000236230074,21.238486423024355,50000
2011-08-18,21.238486423024355,21.397100579330264,20.72374821462116,20.80239312496111,50000
2011-08-19,20.80239312496111,20.807472744506036,20.49366677227499,20.573563285500466,72347
2011-08-22,20.573563285500466,21.17494426682578,20.454792250841752,21.141930532318145,50000
2011-08-23,21.141930532318145,21.78714802032985,20.968005097581564,21.5804242625791,50000
2011-08-24,21.5804242625791,21.611398021425774,20.938219378042508,21.147253640088806,50000
2011-08-25,21.147253640088806,21.47470267234782,21.118456614455376,21.39382004951448,50000
2011-08-26,21.39382004951448,21.687020982469715,21.032841597159123,21.04341652329242,50000
2011-08-29,21.04341652329242,21.06003865975524,20.911283466883365,21.050416963040693,50000
2011-08-30,21.050416963040693,21.10916447869948,20.959665902605547,21.047488708730462,115188
2011-08-31,21.047488708730462,21.154602237206294,20.303103115049208,20.479721625287333,50000
2011-09-01,20.479721625287333,20.989820004370607,20.399080289816233,20.85349767736669,50000
2011-09-02,20.85349767736669,20.868196668748872,20.673796358527664,20.673970296828323,50000
2011-09-05,20.673970296828323,20.910259010028657,20.66636720521256,20.75148012174457,52500
2011-09-06,20.75148012174457,20.863932810823993,20.191898038246375,20.30903155229915,63373
2011-09-07,20.30903155229915,20.324434246689805,20.02817368958291,20.191393859610415,50000
2011-09-08,20.191393859610415,20.227499777313255,20.072632877496208,20.216007924097283,60409
2011-09-09,20.216007924097283,20.632572582419566,20.07922603894479,20.440891142988278,50000
2011-09-12,20.440891142988278,20.479451192387213,20.264150313823738,20.352766168117384,115116
2011-09-13,20.352766168117384,20.414520411642748,20.238525600364728,20.34103825165701,50000
2011-09-14,20.34103825165701,20.603155309237117,20.204946159291566,20.588199586340064,50000
2011-09-15,20.588199586340064,20.65650073841031,20.344311931949736,20.427263047829005,83523
2011-09-16,20.427263047829005,20.46448949462862,20.233768277359907,20.28920294552789,50000
2011-09-19,20.28920294552789,20.93523052694728,20.051929853046108,20.754800452061033,50000
2011-09-20,20.754800452061033,21.2323134156861,20.63886733845557,20.97034683894923,50000
2011-09-21,20.97034683894923,21.458548736605753,20.78340876373217,21.438540812842973,50000
2011-09-22,21.438540812842973,21.797403258346822,21.338844569589206,21.745718097515976,50000
2011-09-23,21.745718097515976,22.02211741048237,21.734174890869216,22.008347578569754,50000
2011-09-26,22.008347578569754,22.128697269352042,21.949734754070825,21.960755372743968,51254
2011-09-27,21.960755372743968,22.774169886345987,21.868321654415354,22.68613570415813,50000
2011-09-28,22.68613570415813,23.30512567620688,22.60772076302002,23.302904067859505,50000
2011-09-29,23.302904067859505,23.321669879555973,22.890820163389215,23.021802900562435,50000
2011-09-30,23.021802900562435,23.104672018356563,22.998218056177052,23.010125668669357,50000
2011-10-03,23.010125668669357,23.025748491888724,22.92940884897298,23.016500185819922,50000
2011-10-04,23.016500185819922,23.151769339426018,22.76636062010358,22.962477940720337,79036
2011-10-05,22.962477940720337,23.306560702697997,22.856638321225233,23.225720575340898,50000
2011-10-06,23.225720575340898,23.480483504648575,23.154853518523964,23.370257027699974,74862
2011-10-07,23.370257027699974,23.53302533797928,23.360215788072644,23.43411943253507,106911
2011-10-10,23.43411943253507,23.531600429003348,23.07089011442745,23.15548619683447,101440
2011-10-11,23.15548619683447,23.320949637758698,22.396507703327792,22.51648099243602,50000
2011-10-12,22.51648099243602,22.657613889835968,22.02284205239318,22.15341463238149,50000
2011-10-13,22.15341463238149,22.212632497222323,22.0220727932211,22.058465145149604,50000
2011-10-14,22.058465145149604,22.090494078750147,21.729307715433535,21.902098401889482,50000
2011-10-17,21.902098401889482,22.086156542759742,21.450941589484916,21.527826106275622,50000
2011-10-18,21.527826106275622,22.03504337753545,21.273837041234813,21.91791502897898,50000
2011-10-19,21.91791502897898,22.01379147452952,21.795749507100933,22.003909068517913,72933
2011-10-20,22.003909068517913,22.21265978195642,21.90423231763822,21.912387475412423,50230
2011-10-21,21.912387475412423,22.193969880763923,21.911499549258327,22.14074435335476,99146
2011-10-24,22.14074435335476,22.247678915490976,21.98213631974822,22.15502069504748,62053
2011-10-25,22.15502069504748,22.38143489667909,21.888374627557706,21.893329538333962,50000
2011-10-26,21.893329538333962,21.94385277752593,21.85559691805866,21.918495235456955,97798
2011-10-27,21.918495235456955,22.36236388095928,21.7633242695922,22.059178925417893,50000
2011-10-28,22.059178925417893,22.24794727395762,21.869528331961718,21.91718688594039,105750
2011-10-31,21.91718688594039,22.24519111693565,21.836292076405172,22.244163372855592,50000
2011-11-01,22.244163372855592,22.382123913614045,21.74894424671486,21.750999255075858,50000
2011-11-02,21.750999255075858,21.83764717735768,21.671414479274457,21.72166641984237,50000
2011-11-03,21.72166641984237,22.648353426820847,21.667259419337405,22.533066710834298,50000
2011-11-04,22.533066710834298,22.66747150273117,22.29096335206318,22.29929140170264,89580
2011-11-07,22.29929140170264,22.938420490059016,22.11929688290411,22.806890574446868,105560
2011-11-08,22.806890574446868,22.84739657208446,22.425904534025726,22.59108315992235,55382
2011-11-09,22.59108315992235,22.891085400702682,22.574738717837647,22.60173348691914,50000
2011-11-10,22.60173348691914,22.6800859317458,22.373098387300384,22.3821979374293,50000
2011-11-11,22.3821979374293,22.551619057375667,22.22749816278274,22.515194459575806,80576
2011-11-14,22.515194459575806,22.78486939939702,22.381219506467573,22.427219682707044,70186
2011-11-15,22.427219682707044,22.572200115590665,22.3123056803633,22.377589372300143,50000
2011-11-16,22.377589372300143,22.54032281967105,22.221224615938716,22.29075058765803,72469
2011-11-17,22.29075058765803,22.56834996538413,22.16188412356326,22.464471836111862,57701
2011-11-18,22.464471836111862,22.511618213869117,22.011718118861392,22.113773575862222,50000
2011-11-21,22.113773575862222,22.39841910412728,21.958940310337645,22.305523501216435,96702
2011-11-22,22.305523501216435,22.39517286517104,21.827185683787118,21.959838920689837,87529
2011-11-23,21.959838920689837,22.141495275709833,21.80823424619202,22.128624940617026,50000
2011-11-24,22.128624940617026,22.1503404469847,21.92048082405466,21.959532992917215,50000
2011-11-25,21.959532992917215,22.267519600672546,21.89775206388998,22.254784158789242,50000
2011-11-28,22.254784158789242,22.421819353947413,21.914097603599938,21.96467192673066,94711
2011-11-29,21.96467192673066,22.127372414910383,21.58029296059221,21.814949895054795,50000
2011-11-30,21.814949895054795,22.03019992611321,21.27649092452306,21.34147776170084,181845
2011-12-01,21.34147776170084,21.551774124270466,20.811398112714347,20.91954285583394,102143
2011-12-02,20.91954285583394,21.14414858110063,20.85513462538311,21.140853955638647,50000
2011-12-05,21.140853955638647,21.528588628434402,21.098755506617756,21.41551433020034,50000
2011-12-06,21.41551433020034,21.46837792689392,21.042026114180825,21.259373036489293,50000
2011-12-07,21.259373036489293,21.285162561142947,20.49521039326129,20.51889300451044,50000
2011-12-08,20.51889300451044,20.759333979530368,19.537535761627176,19.604589335166747,50000
2011-12-09,19.604589335166747,19.671063319808972,19.364990731100743,19.40453401272288,51701
2011-12-12,19.40453401272288,19.781679632250047,19.3100367040476,19.774097457738478,139680
2011-12-13,19.774097457738478,19.89898225655769,19.67041293410024,19.81228684935367,50000
2011-12-14,19.81228684935367,19.88503900734067,19.73818580602794,19.844712431170247,54547
2011-12-15,19.844712431170247,19.99869643768446,19.65852296418017,19.760331242907355,70397
2011-12-16,19.760331242907355,19.842971240373846,19.066665297962967,19.195558081572322,50000
2011-12-19,19.195558081572322,19.230415537867852,18.790911674605905,18.826732238158186,69578
2011-12-20,18.826732238158186,19.08535051655246,18.753039868370365,18.96137579466453,50000
2011-12-21,18.96137579466453,19.06562038308377,18.634332053100437,18.78529087748638,50000
2011-12-22,18.78529087748638,18.819431803367262,18.591191083848624,18.648556721423933,50000
2011-12-23,18.648556721423933,18.64968051420609,18.28014268596156,18.316711572825884,59150
2011-12-26,18.316711572825884,18.63683785973771,18.09610216347408,18.486926375998266,50000
2011-12-27,18.486926375998266,18.69092257288402,18.15993475838611,18.272640147792984,50000
2011-12-28,18.272640147792984,18.77844448695142,18.19604392071729,18.715683968705935,50000
2011-12-29,18.715683968705935,19.270788962237702,18.633551725975547,19.18995894429505,50000
2011-12-30,19.18995894429505,19.19909211306354,18.849807414573558,18.885797106119515,74499
2012-01-02,18.885797106119515,19.3463513573693,18.782116232589374,19.34563616461926,50000
2012-01-03,19.34563616461926,19.760633600510868,19.16786545174888,19.73531711920535,50000
2012-01-04,19.73531711920535,20.005788160633916,19.5351625993726,19.556500237350722,50000
2012-01-05,19.556500237350722,19.94685555201981,19.3701101460358,19.81133242933341,50000
2012-01-06,19.81133242933341,19.96297405499646,19.42838807537279,19.450683261605324,50000
2012-01-09,19.450683261605324,19.783683748303407,19.419114501267543,19.766164348516913,50000
2012-01-10,19.766164348516913,20.028996741809284,19.737560344895954,19.749641286556987,50000
2012-01-11,19.749641286556987,20.20399696177873,19.73793615494982,20.085137085733404,50000
2012-01-12,20.085137085733404,20.622526182808866,19.930922503269564,20.527457657068037,50000
2012-01-13,20.527457657068037,20.577091025652386,20.207462429131372,20.351241308300402,50000
2012-01-16,20.351241308300402,20.4304995719834,20.098269175740512,20.11541769789394,50000
2012-01-17,20.11541769789394,20.128928273516358,20.03471922529666,20.0374834527093,50000
2012-01-18,20.0374834527093,20.252141454980993,19.864000811895426,20.125477564960665,50000
2012-01-19,20.125477564960665,20.220567675471255,19.722625713528686,19.736432037762874,50000
2012-01-20,19.736432037762874,20.238575320746946,19.61796056798197,20.185506476828248,50000
2012-01-23,20.185506476828248,20.302151764353763,19.986188758482122,19.991359533564896,50000
2012-01-24,19.991359533564896,20.627331184460413,19.868623774613546,20.35175606405506,143531
2012-01-25,20.35175606405506,20.4165304648583,19.27859203291305,19.28609344197733,50000
2012-01-26,19.28609344197733,19.386758109230314,18.918860580974588,19.149451758284346,50000
2012-01-27,19.149451758284346,19.15493252310074,18.617112985936565,18.6876180389039,107028
2012-01-30,18.6876180389039,18.762584099715998,18.589548604984298,18.707719537410554,50000
2012-01-31,18.707719537410554,18.903546841175775,18.68513906694028,18.790787669964647,50921
2012-02-01,18.790787669964647,18.90768580128504,18.57014201199832,18.626644159202403,104133
2012-02-02,18.626644159202403,18.671822552208926,18.333829179905468,18.419256208569834,50000
2012-02-03,18.419256208569834,18.598686210590973,18.31957717561934,18.57533289480392,50000
2012-02-06,18.57533289480392,18.59609437307247,17.907502360194,18.06239842016621,50000
2012-02-07,18.06239842016621,18.19454713048388,17.89989439306311,17.964141747819426,50000
2012-02-08,17.964141747819426,18.04407860167032,17.894124845544784,17.948977963740468,50000
2012-02-09,17.948977963740468,18.053798479555628,17.92995084102206,17.98389378082001,50000
2012-02-10,17.98389378082001,18.418063941308215,17.970763554032562,18.26994079197928,50000
2012-02-13,18.26994079197928,18.452984912015424,18.191388806317704,18.42712593952771,50000
2012-02-14,18.42712593952771,18.48702346826282,18.35561905701664,18.386378698248258,50000
2012-02-15,18.386378698248258,19.01512030135533,18.351476848770766,18.96833400305407,50000
2012-02-16,18.96833400305407,19.410250000211743,18.93694554758929,19.38855679546354,50000
2012-02-17,19.38855679546354,19.47636659115591,19.04673419500224,19.157949950809424,50000
2012-02-20,19.157949950809424,19.449898825232736,19.04534135648098,19.345218816017752,56958
2012-02-21,19.345218816017752,19.35368545683132,18.767998117521838,18.792914341213667,50000
2012-02-22,18.792914341213667,18.8251523887112,18.14170201242253,18.20680148785972,50000
2012-02-23,18.20680148785972,18.366227089449115,18.20577613211596,18.28902535621518,50409
2012-02-24,18.28902535621518,18.30812583699036,18.234512047386424,18.279205359797192,50000
2012-02-27,18.279205359797192,18.551724250243215,18.244347997959856,18.421481984118603,59401
2012-02-28,18.421481984118603,18.940113400532557,18.38904362688403,18.709833798560442,67436
2012-02-29,18.709833798560442,18.74006778863419,18.60998575983872,18.722439951596964,125683
2012-03-01,18.722439951596964,19.013181573653302,18.621406849448288,18.957882014319946,50000
2012-03-02,18.957882014319946,19.299453992034355,18.859680561538273,19.291766572530893,50000
2012-03-05,19.291766572530893,19.660856360352312,19.084684058429268,19.601477096434895,68998
2012-03-06,19.601477096434895,19.654140636842413,19.337969545580624,19.54102085134449,50000
2012-03-07,19.54102085134449,19.763103142130845,19.431413127029145,19.64841868528662,50000
2012-03-08,19.64841868528662,19.687941938456568,19.479379688380558,19.614427227954216,50000
2012-03-09,19.614427227954216,19.78383599521414,19.12346439952588,19.28527660773159,50000
2012-03-12,19.28527660773159,19.477157784787526,19.15527584688107,19.433768380640963,50000
2012-03-13,19.433768380640963,19.78538492158567,19.12540003709268,19.689877823100346,50000
2012-03-14,19.689877823100346,19.75161693327807,19.177835699964962,19.33615129341975,94355
2012-03-15,19.33615129341975,19.5618516229907,19.24527455053345,19.46499587226047,50000
2012-03-16,19.46499587226047,19.577547285429407,19.06765539740962,19.07124183640856,50000
2012-03-19,19.07124183640856,19.583018830867076,19.064589076645348,19.482523781482207,74913
2012-03-20,19.482523781482207,20.314973426034012,19.457479121933275,19.989218212672576,50000
2012-03-21,19.989218212672576,20.091800197769192,19.96124885393047,20.082670960170745,50000
2012-03-22,20.082670960170745,20.13060060960005,19.750467151240862,19.76850245771073,50000
2012-03-23,19.76850245771073,20.032057415662663,19.434846801522877,19.63414394981638,50000
2012-03-26,19.63414394981638,19.673189225922258,19.47944821189326,19.501278797763902,50000
2012-03-27,19.501278797763902,19.665522584563803,19.216450967607013,19.330425911976892,50000
2012-03-28,19.330425911976892,19.44286898086274,19.29151906357174,19.388211885504102,50516
2012-03-29,19.388211885504102,19.422558792412865,19.25143248251662,19.378358095916983,50000
2012-03-30,19.378358095916983,20.206989198128902,19.32899820930224,20.05328825727037,50000
2012-04-02,20.05328825727037,20.13396880010394,19.915071111228738,20.003209632728623,50000
2012-04-03,20.003209632728623,20.024003838275,19.566783538210498,19.7225095810283,116531
2012-04-04,19.7225095810283,20.176387416423914,19.704334256893304,20.021884737459843,50000
2012-04-05,20.021884737459843,20.53597274706267,19.99463749772837,20.443010397012753,50000
2012-04-06,20.443010397012753,20.488243912429425,20.19542233368535,20.34243152055499,72486
2012-04-09,20.34243152055499,20.564691792901684,20.329095250874982,20.424629491251405,50000
2012-04-10,20.424629491251405,21.009480190159202,20.35769646657436,20.823268889461175,50000
2012-04-11,20.823268889461175,20.96195982721696,20.785219000526027,20.80098858451593,50000
2012-04-12,20.80098858451593,20.81718856723605,20.49851124994379,20.559225893270465,50000
2012-04-13,20.559225893270465,20.675858436490294,20.50494932635416,20.613535080064654,56873
2012-04-16,20.613535080064654,20.728649800268798,20.210825446286176,20.285141507790712,76795
2012-04-17,20.285141507790712,20.42577088373782,20.214458335572278,20.413717252495065,68767
2012-04-18,20.413717252495065,20.55543484227811,20.217728314963335,20.218716170868056,50000
2012-04-19,20.218716170868056,20.293159283259477,19.968556513559747,20.04236408955672,50000
2012-04-20,20.04236408955672,20.434373369861277,20.039339881929617,20.263993451273006,63489
2012-04-23,20.263993451273006,20.524275069156168,20.155443125609413,20.38848570957888,50000
2012-04-24,20.38848570957888,20.786122253977993,20.211656488200518,20.611180551036586,50000
2012-04-25,20.611180551036586,20.691336924083828,20.591873230824326,20.65394231879287,50000
2012-04-26,20.65394231879287,20.69976183031307,20.23457245119082,20.40415514399981,50000
2012-04-27,20.40415514399981,20.685202361245906,20.205178750366397,20.66078585113667,141782
2012-04-30,20.66078585113667,20.981811349936656,20.52903287641274,20.89126701448986,50000
2012-05-01,20.89126701448986,21.43855021574529,20.87111477511341,21.197990050211242,53283
2012-05-02,21.197990050211242,21.25829838868198,20.984206327793693,21.051302211748737,50000
2012-05-03,21.051302211748737,21.669591201601758,20.9019183247126,21.614821292706566,60675
2012-05-04,21.614821292706566,21.66202175009824,21.143070865225198,21.279748712599492,50000
2012-05-07,21.279748712599492,21.770640203588915,21.10734330853806,21.61350010386468,50000
2012-05-08,21.61350010386468,21.669269634606476,21.225387219735925,21.278764721206343,50000
2012-05-09,21.278764721206343,21.30429313510632,21.061390131342268,21.206270270862536,71287
2012-05-10,21.206270270862536,21.344786186232213,20.905540598801867,20.9481711592936,50000
2012-05-11,20.9481711592936,21.101852377878842,20.756645370343715,21.004586400909247,50000
2012-05-14,21.004586400909247,21.281719493239944,20.787721098256974,21.215459210398116,50000
2012-05-15,21.215459210398116,21.295217209444836,21.034321312319314,21.29100676818243,50000
2012-05-16,21.29100676818243,21.372641810030505,21.02088125437263,21.056959057130026,50000
2012-05-17,21.056959057130026,21.71102372417847,20.885116293543728,21.59705076465293,50000
2012-05-18,21.59705076465293,21.664731127638518,21.31523516309254,21.366669184230776,50000
2012-05-21,21.366669184230776,21.519079433102174,21.26669923510533,21.504260851639323,61861
2012-05-22,21.504260851639323,21.72713726450705,21.26863566516909,21.6591654294853,50000
2012-05-23,21.6591654294853,21.86697403324077,20.935391095414175,21.024296021734955,50000
2012-05-24,21.024296021734955,21.422865429336397,20.95187054338273,21.15675241329783,50000
2012-05-25,21.15675241329783,21.224881565925713,21.09825281148384,21.196710721239697,50000
2012-05-28,21.196710721239697,21.252923114863766,21.15668530942693,21.18315498770217,50000
2012-05-29,21.18315498770217,21.373441210863334,21.16975539807774,21.23399790545122,50000
2012-05-30,21.23399790545122,21.32527739472519,21.059803240756445,21.234753206990288,60290
2012-05-31,21.234753206990288,21.256921769991894,20.222323520886814,20.26728491181996,51676
2012-06-01,20.26728491181996,20.505773548144415,20.077784523695872,20.422573112359206,148707
2012-06-04,20.422573112359206,21.323279270577974,20.29674065228461,21.252716668341968,50000
2012-06-05,21.252716668341968,21.279769543644104,20.963306491376454,21.109461941696406,50000
2012-06-06,21.109461941696406,21.118713689075648,20.002267332018945,20.07110217271554,50000
2012-06-07,20.07110217271554,20.130484564635072,19.730812893151306,19.846228188126627,59053
2012-06-08,19.846228188126627,19.86062344034582,19.771019494442175,19.85010915917733,50000
2012-06-11,19.85010915917733,20.22163929702847,19.770128194159902,20.12698688474044,50000
2012-06-12,20.12698688474044,20.148545487447635,19.748121897952633,19.849973112540106,50000
2012-06-13,19.849973112540106,20.136473702699973,19.836936628033378,20.063318000571236,50000
2012-06-14,20.063318000571236,20.132221434969853,19.80894547045418,19.923995545055988,50000
2012-06-15,19.923995545055988,20.19073514002514,19.547380914485046,19.66167742240701,50000
2012-06-18,19.66167742240701,19.81701089503034,19.580879485668103,19.774230953385256,50000
2012-06-19,19.774230953385256,20.522873624054245,19.720750239106017,20.438714754203865,69826
2012-06-20,20.438714754203865,20.699049781876468,20.221881453036335,20.652045282776513,57019
2012-06-21,20.652045282776513,20.728497254459004,20.390887398463903,20.424847417817624,50000
2012-06-22,20.424847417817624,20.499265162965347,20.101983323535798,20.356506911965376,50000
2012-06-25,20.356506911965376,20.60448907711268,20.21158163851719,20.478366418508415,53512
2012-06-26,20.478366418508415,20.49042022267874,19.99200407227345,20.22276701060525,50000
2012-06-27,20.22276701060525,20.2569417593085,19.882389871360427,19.912508758447757,50000
2012-06-28,19.912508758447757,19.973783139576454,19.676854583781694,19.92918123615063,58403
2012-06-29,19.92918123615063,20.12835345652842,19.905602640718044,20.126475685286675,50437
2012-07-02,20.126475685286675,20.609335575982524,20.04089031412587,20.48118265580862,50000
2012-07-03,20.48118265580862,20.928122946627358,20.192573755479167,20.88224091232026,53048
2012-07-04,20.88224091232026,20.990696501988257,20.30984267786106,20.36561156126734,234946
2012-07-05,20.36561156126734,20.638969473476493,20.208493824636168,20.44700193089357,50000
2012-07-06,20.44700193089357,20.556404462152727,20.353200456293422,20.482241289848883,50826
2012-07-09,20.482241289848883,20.717739128927587,20.262516251934674,20.688624350378703,50000
2012-07-10,20.688624350378703,20.829475709508426,20.645719468927084,20.761670172462086,50000
2012-07-11,20.761670172462086,21.182724561117453,20.753423150084373,21.03118880353701,50000
2012-07-12,21.03118880353701,21.18883161620978,20.69525151527227,21.053488346345805,50000
2012-07-13,21.053488346345805,21.073156991790803,20.390946863556923,20.440330091804807,59118
2012-07-16,20.440330091804807,20.45134568363888,20.174636770431317,20.31351321358969,50000
2012-07-17,20.31351321358969,20.34814968479902,19.960113533885416,19.969540405700148,50000
2012-07-18,19.969540405700148,20.146631515096548,19.51190583916575,19.569815096355946,50000
2012-07-19,19.569815096355946,19.589763650143873,19.323490835667815,19.333821141159223,108585
2012-07-20,19.333821141159223,19.41705300241765,18.848094947707487,18.993686034326814,50000
2012-07-23,18.993686034326814,19.028335663694346,18.49845606408764,18.51094839587979,50000
2012-07-24,18.51094839587979,18.78834515814502,18.383419630719796,18.70802837694126,50000
2012-07-25,18.70802837694126,18.84265037725883,18.446777788448188,18.47480688093725,50000
2012-07-26,18.47480688093725,18.501448438923337,17.940181444207674,18.078575519510476,50000
2012-07-27,18.078575519510476,18.543421608184797,18.046362599964706,18.410103398200043,50000
2012-07-30,18.410103398200043,19.14280320178991,18.12607200420064,18.954110469826354,82900
2012-07-31,18.954110469826354,19.07941904841575,18.89096937812435,19.013702461171697,50000
2012-08-01,19.013702461171697,19.208415882659764,18.136331304819993,18.170637290786775,50000
2012-08-02,18.170637290786775,18.64029169746508,18.03294272532662,18.57562756398051,50000
2012-08-03,18.57562756398051,18.64889773448531,18.561073250951846,18.627302372351643,50000
2012-08-06,18.627302372351643,19.399947995670182,18.47364966343771,19.391211282751428,50000
2012-08-07,19.391211282751428,19.45803910714768,18.940643080642378,19.10362013861864,50000
2012-08-08,19.10362013861864,19.381598272482016,19.038444212714143,19.30502852211174,50000
2012-08-09,19.30502852211174,19.618140512510166,19.13297635638354,19.47725587407336,50000
2012-08-10,19.47725587407336,19.88331403792749,19.243542485538438,19.84917414048896,50000
2012-08-13,19.84917414048896,20.203879319659496,19.791083028861994,20.10436779763219,50000
2012-08-14,20.10436779763219,20.68441362386249,19.967460337212085,20.5852789163936,50000
2012-08-15,20.5852789163936,20.612673554630753,20.345784444071324,20.493467109291178,50000
2012-08-16,20.493467109291178,20.662774684675007,20.397169309385518,20.591274144265153,50000
2012-08-17,20.591274144265153,20.85448178806262,20.57977534444771,20.7817757374799,80363
2012-08-20,20.7817757374799,21.012570340604025,20.73918152532304,20.953037776052604,50000
2012-08-21,20.953037776052604,21.59299724890557,20.89336336346232,21.550309413576308,50000
2012-08-22,21.550309413576308,21.553112401534033,21.399210678003858,21.463856135967518,69763
2012-08-23,21.463856135967518,21.50947891443557,21.259010330157764,21.272629991666516,50000
2012-08-24,21.272629991666516,21.44011392320306,20.999783430813437,21.047071308679936,50000
2012-08-27,21.047071308679936,21.161930843625164,20.192827447173812,20.274985187554215,50000
2012-08-28,20.274985187554215,20.73767518897719,20.18887222887955,20.596559062558985,69543
2012-08-29,20.596559062558985,20.78851471259579,19.81182905294999,19.90559445752501,77235
2012-08-30,19.90559445752501,20.0205260227704,19.359579267329828,19.55439363136194,50000
2012-08-31,19.55439363136194,19.561284815245024,18.92418499560524,19.281301650090878,72196
2012-09-03,19.281301650090878,19.310093373598036,18.5005064437106,18.575810324583767,84672
2012-09-04,18.575810324583767,18.711126063533342,17.930551037865623,18.154073483988295,50000
2012-09-05,18.154073483988295,18.23492914589893,17.70356605633955,17.806500668479128,50000
2012-09-06,17.806500668479128,17.81593775494606,17.61085382832268,17.65309358848536,50000
2012-09-07,17.65309358848536,17.93556470713542,17.59197786124249,17.840120695554223,50000
2012-09-10,17.840120695554223,17.905894320067905,17.740428279506652,17.829919461297322,50000
2012-09-11,17.829919461297322,17.895627269828317,17.80268900954931,17.847771476007,50000
2012-09-12,17.847771476007,18.071850422479073,17.600702212697495,17.723251141519047,50000
2012-09-13,17.723251141519047,17.812880999349318,17.641498952861966,17.743541021460636,71190
2012-09-14,17.743541021460636,17.859937507365967,17.486034830555067,17.634150231046036,50000
2012-09-17,17.634150231046036,17.78193453259409,17.403618546945037,17.547235132023566,50000
2012-09-18,17.547235132023566,17.70753502416016,17.527644606524593,17.605587999227588,50000
2012-09-19,17.605587999227588,17.79123791406137,17.36068170616092,17.377808984641135,50000
2012-09-20,17.377808984641135,17.683611557004802,17.135138300859204,17.486638155774635,53139
2012-09-21,17.486638155774635,17.574072066331482,17.320887202108658,17.420752671294824,52957
2012-09-24,17.420752671294824,17.882379395181655,17.362253558838777,17.8195462019886,50000
2012-09-25,17.8195462019886,17.835070774508445,17.456672864242474,17.520648172518626,50000
2012-09-26,17.520648172518626,18.03650384818096,17.456835705350628,17.930003021416006,50000
2012-09-27,17.930003021416006,18.053764947870214,17.72303183967103,17.72931096115779,50921
2012-09-28,17.72931096115779,17.904238960057572,17.245521813715996,17.361197020538864,76683
2012-10-01,17.361197020538864,17.58301942137443,16.970122967861382,17.026112532748787,76793
2012-10-02,17.026112532748787,17.168354643725273,16.62389148684859,16.944603709968966,50000
2012-10-03,16.944603709968966,17.226047476909073,16.936323682662465,17.030909797793,50000
2012-10-04,17.030909797793,17.060495969996683,16.73536584662777,16.800101394519498,101400
2012-10-05,16.800101394519498,16.822422724857045,16.38855755855043,16.557877829446483,50000
2012-10-08,16.557877829446483,16.587809850039267,16.280283735175036,16.4079516104996,73127
2012-10-09,16.4079516104996,16.565184796522352,15.600422939022073,15.78305251109973,50000
2012-10-10,15.78305251109973,15.917176661556834,15.173608133607948,15.177577796469333,90937
2012-10-11,15.177577796469333,15.253512128800713,14.974227736437948,14.991517679047918,89211
2012-10-12,14.991517679047918,15.512957006255311,14.952012173079744,15.421242145277967,50000
2012-10-15,15.421242145277967,15.623141084071698,15.265639384319496,15.574849554301998,58141
2012-10-16,15.574849554301998,15.74338656326856,15.41593806441715,15.738297588165661,50000
2012-10-17,15.738297588165661,15.768064722848498,15.049259962357077,15.165965937353818,50000
2012-10-18,15.165965937353818,15.201218713134628,14.841056185613278,14.89031577792434,60931
2012-10-19,14.89031577792434,15.028696509549997,14.751842145877085,15.009008591153636,52330
2012-10-22,15.009008591153636,15.21747776106022,14.95567990092659,15.137818404303898,60854
2012-10-23,15.137818404303898,15.151277950617814,14.726503053605743,14.851041494099103,79291
2012-10-24,14.851041494099103,15.035914393884573,14.836399933212,14.935046449959904,50000
2012-10-25,14.935046449959904,15.026314310101492,14.91709279913704,14.990801295780503,50000
2012-10-26,14.990801295780503,15.342766897677741,14.95583431161269,15.251066954350954,50000
2012-10-29,15.251066954350954,15.59819639674889,15.121922093500103,15.531288817169866,50000
2012-10-30,15.531288817169866,15.840303066939942,15.446714644192042,15.828801122884414,50000
2012-10-31,15.828801122884414,15.934522732766158,15.148929913651381,15.228197297800309,50000
2012-11-01,15.228197297800309,15.253532808606465,14.600365613290046,14.764363768989192,50000
2012-11-02,14.764363768989192,15.291953373268774,14.697980460301265,15.254241119888746,50000
2012-11-05,15.254241119888746,15.873140677463706,15.164555542920084,15.737438517175715,70150
2012-11-06,15.737438517175715,15.799089361645064,15.339115641192569,15.412560597115123,50000
2012-11-07,15.412560597115123,15.490574047979884,14.806122312645375,14.917529083223462,50000
2012-11-08,14.917529083223462,15.028147459453937,14.825508090758882,15.00675919080037,55216
2012-11-09,15.00675919080037,15.425150923113463,14.978046447538896,15.362444104654637,118677
2012-11-12,15.362444104654637,15.716552421850034,15.29410577198344,15.653018723588355,50000
2012-11-13,15.653018723588355,15.841808568144907,15.574982739500356,15.805199926488877,92390
2012-11-14,15.805199926488877,15.87355821571708,15.66186829176262,15.67968642499585,50000
2012-11-15,15.67968642499585,15.725503553853702,15.414705694792664,15.478643987269797,90128
2012-11-16,15.478643987269797,15.796578302273206,15.414300558959551,15.760165233730419,50000
2012-11-19,15.760165233730419,15.765547486916345,15.386047300210098,15.417418976841292,50000
2012-11-20,15.417418976841292,15.557420593886336,14.874250349994373,14.950027812310442,50000
2012-11-21,14.950027812310442,15.982213699548765,14.905971913455106,15.802918441488336,50000
2012-11-22,15.802918441488336,16.41021236326097,15.776175124878632,16.313773301132187,50000
2012-11-23,16.313773301132187,16.531043862784543,16.299863446943615,16.5286302318781,50000
2012-11-26,16.5286302318781,16.621377199893566,16.34092911040161,16.346495629682273,50000
2012-11-27,16.346495629682273,16.979389863643995,16.197594641134554,16.951978216758743,50000
2012-11-28,16.951978216758743,17.235646778338886,16.854650955108355,17.217818692909127,52504
2012-11-29,17.217818692909127,17.303500023663833,16.775299069650462,16.827143991189473,50000
2012-11-30,16.827143991189473,17.446284679805593,16.735855724741644,17.297371317139476,50000
2012-12-03,17.297371317139476,17.683686507769018,17.237761927197788,17.526857999302184,50000
2012-12-04,17.526857999302184,17.60748723600099,17.387532082105373,17.40405650673165,85535
2012-12-05,17.40405650673165,17.588858257333307,17.29479432763795,17.433387255607958,50000
2012-12-06,17.433387255607958,17.536461865853816,17.005181024527097,17.15307048121566,50000
2012-12-07,17.15307048121566,17.392132873608436,16.21960473947064,16.261376073440275,106769
2012-12-10,16.261376073440275,16.386911608751678,15.88298581207172,15.989144874788803,50000
2012-12-11,15.989144874788803,16.26733504828167,15.758956002701145,15.842789084831617,68553
2012-12-12,15.842789084831617,15.937915018249894,15.147720539788763,15.205740141671656,72951
2012-12-13,15.205740141671656,15.427161912530625,15.183446320713003,15.398591631918858,68810
2012-12-14,15.398591631918858,15.739864911528354,15.337242015824385,15.63642385406023,66992
2012-12-17,15.63642385406023,16.141431328688167,15.60760604504152,16.11969781123858,119621
2012-12-18,16.11969781123858,16.5064219928093,16.064097023738018,16.460704954485102,181818
2012-12-19,16.460704954485102,17.011258631585772,16.439484695370915,16.94105350281548,50000
2012-12-20,16.94105350281548,17.380895217303806,16.929768855978583,17.323363329602262,204099
2012-12-21,17.323363329602262,17.552254500071907,17.231035584484744,17.278438929789285,50000
2012-12-24,17.278438929789285,17.35457634303262,16.597012080159107,16.687480928807595,50000
2012-12-25,16.687480928807595,16.94940918764155,16.664510688280366,16.85834980295704,50000
2012-12-26,16.85834980295704,17.201629358820387,16.82059335779209,17.07836483564606,50000
2012-12-27,17.07836483564606,17.144159811738707,16.500936964312704,16.546921265912445,53977
2012-12-28,16.546921265912445,16.646019839861594,16.163130972797372,16.375103909421338,50000
2012-12-31,16.375103909421338,16.64608467274253,16.36506116686664,16.576237007243016,50000
2013-01-01,16.576237007243016,17.12682639943109,16.46491820212004,17.05286201744069,50000
2013-01-02,17.05286201744069,17.318517475045944,16.983375040049925,17.30646092549999,85063
2013-01-03,17.30646092549999,17.38955352970584,17.232390936549447,17.27248013928502,50000
2013-01-04,17.27248013928502,17.53007374455643,17.186983998764138,17.460524845151127,188317
2013-01-07,17.460524845151127,17.562604388150678,17.430661468262304,17.4444211382417,50000
2013-01-08,17.4444211382417,17.504753424513513,17.171872736934183,17.254337383546478,86337
2013-01-09,17.254337383546478,17.406135149098176,16.567080738541044,16.567247335024785,50000
2013-01-10,16.567247335024785,16.71035634937454,16.357689540051993,16.50110000465149,50000
2013-01-11,16.50110000465149,16.88587060886841,16.46876293627528,16.87292167323809,50000
2013-01-14,16.87292167323809,16.894664717507073,16.34505344604593,16.405231892296406,50000
2013-01-15,16.405231892296406,16.59141931977954,16.388569861991684,16.556278859561182,50000
2013-01-16,16.556278859561182,17.008260898663046,16.461220620037786,16.998328508115033,76105
2013-01-17,16.998328508115033,17.128138590194848,16.36332741007679,16.37812663134776,50000
2013-01-18,16.37812663134776,16.807710412283473,16.320082482096986,16.66979867883457,50000
2013-01-21,16.66979867883457,16.811155013530353,16.542598817788654,16.678624467698405,50000
2013-01-22,16.678624467698405,17.0444462942377,16.611227849818626,16.917291080937417,50000
2013-01-23,16.917291080937417,17.155004751273022,16.915351965681232,17.12320440436394,50000
2013-01-24,17.12320440436394,17.184183564446453,17.033913189198824,17.15311014365291,50000
2013-01-25,17.15311014365291,17.2782144883826,16.92499916743214,16.94980796957654,52685
2013-01-28,16.94980796957654,17.180417033571132,16.398047809758005,16.475349765079415,70252
2013-01-29,16.475349765079415,16.65055108370737,16.258345524849695,16.61406869323567,50000
2013-01-30,16.61406869323567,16.748321444881352,16.426616704011774,16.581462522404205,50000
2013-01-31,16.581462522404205,17.06591737010326,16.578366025272594,17.010662394664884,50000
2013-02-01,17.010662394664884,17.94354705423963,16.99867424318053,17.777456756876372,131483
2013-02-04,17.777456756876372,17.843010382956646,17.33233189579198,17.356669110681146,50000
2013-02-05,17.356669110681146,17.413442069345418,17.002213636693625,17.12532162280499,50000
2013-02-06,17.12532162280499,17.17774804222409,16.851244637470803,16.966408032665747,50000
2013-02-07,16.966408032665747,17.48947990251706,16.901305822043838,17.441305212535998,50000
2013-02-08,17.441305212535998,17.644835573145315,16.859222292304853,16.97972433853211,50000
2013-02-11,16.97972433853211,17.11330552780825,16.671003169817734,16.698464504790696,50000
2013-02-12,16.698464504790696,16.712109610386438,16.369816581213787,16.461303648770826,50000
2013-02-13,16.461303648770826,16.69990047516007,15.587683638750503,15.806303794268201,50000
2013-02-14,15.806303794268201,15.823800630871958,15.452577830365472,15.51032543122824,50000
2013-02-15,15.51032543122824,15.802931814069868,15.362906352363943,15.595647643246888,50000
2013-02-18,15.595647643246888,15.627296267770298,15.412636241475925,15.421999275028496,50000
2013-02-19,15.421999275028496,15.476357626950335,15.060185429830327,15.152481765960733,50000
2013-02-20,15.152481765960733,15.180248918199506,14.916317419429365,15.036308793489127,50000
2013-02-21,15.036308793489127,15.337329653087663,14.956769694687225,15.31106369275377,50000
2013-02-22,15.31106369275377,15.33498692114066,15.123133954776284,15.174784484523665,56281
2013-02-25,15.174784484523665,16.10834077562693,15.157547136472054,16.061157794546943,50000
2013-02-26,16.061157794546943,16.082082433877932,15.19879115019363,15.27682254392876,53912
2013-02-27,15.27682254392876,15.37881641476272,14.561145380467194,14.730175286447748,50000
2013-02-28,14.730175286447748,14.811771840169849,13.971555502320031,14.081077567244156,50000
2013-03-01,14.081077567244156,14.225173053648117,13.917929135471969,14.008523285992116,50000
2013-03-04,14.008523285992116,14.066719621166182,13.56709435377366,13.686557419925677,79942
2013-03-05,13.686557419925677,13.73505554855221,13.438244827408388,13.484431887759037,52954
2013-03-06,13.484431887759037,13.520982525234926,13.461137955011624,13.496553019362038,50000
2013-03-07,13.496553019362038,13.587230503115638,12.712480316781653,12.734279434557221,53218
2013-03-08,12.734279434557221,12.800643855946495,12.49634028637903,12.581918607580965,58526
2013-03-11,12.581918607580965,13.407376582129245,12.516576211856343,13.234826271466769,50000
2013-03-12,13.234826271466769,13.27029706578037,12.874436679950438,12.883994281324641,50000
2013-03-13,12.883994281324641,13.032186704859347,12.582836503599223,12.634737772033883,50000
2013-03-14,12.634737772033883,12.638313674272984,12.349336298350611,12.369648723370084,50000
2013-03-15,12.369648723370084,12.371881377020834,11.876130405290523,11.906400010834213,50000
2013-03-18,11.906400010834213,11.989037052352753,11.290940207873314,11.360223202093309,65472
2013-03-19,11.360223202093309,11.760330952606255,11.330998019828368,11.68813349835736,50000
2013-03-20,11.68813349835736,12.313695657100899,11.567231076539864,12.300231845837073,50000
2013-03-21,12.300231845837073,12.684940084339775,12.271230699884773,12.613887155909918,50000
2013-03-22,12.613887155909918,12.92584568206901,12.605118936635604,12.85946974621682,130504
2013-03-25,12.85946974621682,12.979263091837343,12.687946785933022,12.723255068391225,50000
2013-03-26,12.723255068391225,13.478217706492883,12.715474702185405,13.439499664750336,50000
2013-03-27,13.439499664750336,13.740549286542821,13.279319547211637,13.606530577134043,142892
2013-03-28,13.606530577134043,13.680593489778605,13.471741160308744,13.660774571866249,63006
2013-03-29,13.660774571866249,14.141834030796982,13.583194626813313,14.096301595231022,50000
2013-04-01,14.096301595231022,15.185643099101952,13.921488667795044,15.146018139674865,50000
2013-04-02,15.146018139674865,15.424246250367721,15.096923923337407,15.358066100189458,54698
2013-04-03,15.358066100189458,15.387427888323021,14.815298487330704,14.86408433977726,59757
2013-04-04,14.86408433977726,15.162052826064397,14.833924215283322,15.138644219354727,50000
2013-04-05,15.138644219354727,15.143378362267809,14.457525780700959,14.482541233591403,57754
2013-04-08,14.482541233591403,14.75063101842249,14.391892754520779,14.44188804969437,62829
2013-04-09,14.44188804969437,14.77729449943297,14.353306868595432,14.762816425928268,50000
2013-04-10,14.762816425928268,14.784434467202685,14.169757859695308,14.349738547869705,65142
2013-04-11,14.349738547869705,15.039462169924306,14.260651637019825,14.83555780443159,50000
2013-04-12,14.83555780443159,14.957224580374103,14.748093036754943,14.83117349395798,97731
2013-04-15,14.83117349395798,15.382480169978654,14.714388620126979,15.3420337345112,50000
2013-04-16,15.3420337345112,15.44075301376072,15.169133100394319,15.333290830237148,50000
2013-04-17,15.333290830237148,15.34862256599712,14.846998021507988,14.917749439141389,50000
2013-04-18,14.917749439141389,15.116839290151043,14.854583865125075,15.105189318175471,102638
2013-04-19,15.105189318175471,15.166538533584541,14.794955565382983,14.86036316863812,50000
2013-04-22,14.86036316863812,14.994242689971777,14.466890769700333,14.691103339123902,53156
2013-04-23,14.691103339123902,14.821346869026243,14.654067644800065,14.816018124489453,50000
2013-04-24,14.816018124489453,15.00983829104952,14.746880232063013,14.837546545871577,50000
2013-04-25,14.837546545871577,14.982436086196051,14.734197426238554,14.795850075506662,50000
2013-04-26,14.795850075506662,15.00003034953789,14.747110316908799,14.956981577538794,80744
2013-04-29,14.956981577538794,15.028065262986104,14.768440005743978,14.939182730571263,72073
2013-04-30,14.939182730571263,14.997550893584691,14.638580724777187,14.671105847195399,59160
2013-05-01,14.671105847195399,14.860493775696263,14.585520287251773,14.794059442517538,50000
2013-05-02,14.794059442517538,14.858891730535085,14.745079970896677,14.74960956999764,64721
2013-05-03,14.74960956999764,14.770548496871383,14.563747655756536,14.565715281850052,50000
2013-05-06,14.565715281850052,14.627476910537812,14.193630599654476,14.256006436999545,50000
2013-05-07,14.256006436999545,14.78339058494903,14.210373938679156,14.755148560812264,112829
2013-05-08,14.755148560812264,15.334263584502747,14.59763438355818,15.15189361042484,71029
2013-05-09,15.15189361042484,15.162121836625097,14.333628055241666,14.388054641867708,50000
2013-05-10,14.388054641867708,14.508335423797778,13.971046397804388,14.047775479862382,50000
2013-05-13,14.047775479862382,14.11202991318757,13.964061681836823,14.013007070307935,50000
2013-05-14,14.013007070307935,14.302123143715537,13.920047775402816,14.188066144581002,71928
2013-05-15,14.188066144581002,14.228888378923564,13.961176974983772,14.060949100868594,116411
2013-05-16,14.060949100868594,14.208766280446104,13.929848382395047,13.985235027256552,50000
2013-05-17,13.985235027256552,14.313751010387717,13.970086096844922,14.295135832519442,66704
2013-05-20,14.295135832519442,14.547366257958736,14.212064148826913,14.496300154685159,60542
2013-05-21,14.496300154685159,14.618665523033421,14.165311493342827,14.176550028878669,50000
2013-05-22,14.176550028878669,14.2200641336765,13.765679222945128,13.842850381722473,50000
2013-05-23,13.842850381722473,13.913618286496124,13.284822837547772,13.395530443851909,50000
2013-05-24,13.395530443851909,14.232133707830663,13.353690203391247,14.22201768006533,50000
2013-05-27,14.22201768006533,15.043658604997589,14.17081797934892,14.980152047562958,50000
2013-05-28,14.980152047562958,15.147208111855338,14.68369637879975,14.69782796045552,71857
2013-05-29,14.69782796045552,14.798669511880234,13.728080966167878,13.773843945465114,50000
2013-05-30,13.773843945465114,13.806594574036001,13.561127175554605,13.620916068052427,50000
2013-05-31,13.620916068052427,13.740304711240348,12.991655705090096,12.998737124261536,56693
2013-06-03,12.998737124261536,13.123931477412945,12.891569935568754,12.919456760276944,50000
2013-06-04,12.919456760276944,13.081043164175865,12.751655973592984,13.050177652187566,50000
2013-06-05,13.050177652187566,13.051585340550567,12.653270727063523,12.81299221255553,50000
2013-06-06,12.81299221255553,12.813713339208341,12.694850896563352,12.710411923212106,63118
2013-06-07,12.710411923212106,13.009353479964018,12.664992036262648,12.9250606289325,60412
2013-06-10,12.9250606289325,12.959742016978867,12.650602717666455,12.679004982718343,50000
2013-06-11,12.679004982718343,12.725625156357658,12.434627035017051,12.4541931949454,50000
2013-06-12,12.4541931949454,13.024284792430068,12.346770606865261,12.99288876005568,101767
2013-06-13,12.99288876005568,13.045716294743134,12.395127072357791,12.580479688500397,96416
2013-06-14,12.580479688500397,12.966550358746618,12.54133107636416,12.823461447066821,50000
2013-06-17,12.823461447066821,12.985956855125707,12.79397759907795,12.864363768351398,50000
2013-06-18,12.864363768351398,13.371719417106204,12.856860213713286,13.19639423890735,71494
2013-06-19,13.19639423890735,13.465244737905389,13.028013207909035,13.314842024261031,80273
2013-06-20,13.314842024261031,13.34163952739165,12.874305337196946,12.929323213753303,50000
2013-06-21,12.929323213753303,13.70369739330257,12.883760097967231,13.696328242066679,50000
2013-06-24,13.696328242066679,13.852680791246721,13.667254914133776,13.717313021010915,50000
2013-06-25,13.717313021010915,13.733773914322175,13.50239827546174,13.568794324302557,83002
2013-06-26,13.568794324302557,13.812466198681676,13.539002543657274,13.718888779835646,50913
2013-06-27,13.718888779835646,13.740437250291999,12.940887797616705,12.98786556975358,50000
2013-06-28,12.98786556975358,13.008183706518597,12.555734618987563,12.689754765230978,50000
2013-07-01,12.689754765230978,12.864060320110216,12.67063077736457,12.683093370683027,68162
2013-07-02,12.683093370683027,13.014445569260545,12.675240538806834,12.943022433527242,59369
2013-07-03,12.943022433527242,12.948464722224562,12.628764445631093,12.750378231676667,50000
2013-07-04,12.750378231676667,12.847739528888416,12.705792810208923,12.79615608325068,50000
2013-07-05,12.79615608325068,13.135016630162399,12.758056324974786,13.087757631392646,64620
2013-07-08,13.087757631392646,13.466889423188514,13.020336288986364,13.410296884483035,50000
2013-07-09,13.410296884483035,13.700309153827396,13.247685908324895,13.671455583686987,50000
2013-07-10,13.671455583686987,14.084871902619204,13.543842951418686,13.937291292692612,50000
2013-07-11,13.937291292692612,13.954177081230949,13.187992879821747,13.235487901558633,56347
2013-07-12,13.235487901558633,13.393768180548228,13.210586242527002,13.358589901435922,91611
2013-07-15,13.358589901435922,13.37841907941957,12.958872851203559,12.992415339364188,50941
2013-07-16,12.992415339364188,13.032834998897094,12.880783842769096,13.01951397316829,50000
2013-07-17,13.01951397316829,13.090844572779647,12.96461906503943,13.090800242532461,50000
2013-07-18,13.090800242532461,13.101625059180773,13.043301278918145,13.091324457731734,50000
2013-07-19,13.091324457731734,13.82495191269519,13.03664883132993,13.761026321471117,73352
2013-07-22,13.761026321471117,13.849574450203656,13.694998714910865,13.818687269752544,50000
2013-07-23,13.818687269752544,14.682434547140074,13.724540654192843,14.425701376619227,50000
2013-07-24,14.425701376619227,14.573110206202593,14.36306139705917,14.519978050827323,50000
2013-07-25,14.519978050827323,14.599415682092635,14.491837943540249,14.521697516630352,50000
2013-07-26,14.521697516630352,14.839085094746379,14.497029720495384,14.782160086457232,50000
2013-07-29,14.782160086457232,15.364574891965875,14.714357071517671,15.320906068874677,50000
2013-07-30,15.320906068874677,15.620472642944558,15.297325232584496,15.524424040294258,50000
2013-07-31,15.524424040294258,16.43821234650336,15.470663064978535,16.286097298498603,50000
2013-08-01,16.286097298498603,16.530265973296657,16.180513269526543,16.419102548096244,50000
2013-08-02,16.419102548096244,16.45784306235198,16.385964613980185,16.45305075023153,89494
2013-08-05,16.45305075023153,16.58289775345097,15.947503258652091,15.960218817092533,50000
2013-08-06,15.960218817092533,16.084802391349964,15.468403457623669,15.504428393957975,50000
2013-08-07,15.504428393957975,15.71644244610602,15.422008044451335,15.639632996224346,50000
2013-08-08,15.639632996224346,16.161572766824047,15.531568057448993,16.126017794369222,141982
2013-08-09,16.126017794369222,16.458082377592486,16.106318887403155,16.416109882469595,50000
2013-08-12,16.416109882469595,16.51782258520179,16.256265703113137,16.42605520071234,56961
2013-08-13,16.42605520071234,16.494291015132116,16.207814769498476,16.27938912572081,50000
2013-08-14,16.27938912572081,16.854005806764203,16.26401397393388,16.775123805510766,50000
2013-08-15,16.775123805510766,17.040658074838486,16.65890353514941,16.94137858112148,50000
2013-08-16,16.94137858112148,17.05071393819054,16.88068004772048,16.95848104810273,50000
2013-08-19,16.95848104810273,17.15135818500596,16.752316684711122,16.947600411807624,50000
2013-08-20,16.947600411807624,16.978863976430528,16.053585394594688,16.196096511979786,50000
2013-08-21,16.196096511979786,16.590039766305807,16.148253094154793,16.50080599962607,50000
2013-08-22,16.50080599962607,16.55448109700214,15.512305882031791,15.600070007926966,50000
2013-08-23,15.600070007926966,15.612886510038242,14.797271699130023,14.891279405372535,59464
2013-08-26,14.891279405372535,15.287752482435582,14.839088599418778,15.036659516599611,50000
2013-08-27,15.036659516599611,15.26611903575499,15.011904121450309,15.194958130963888,68600
2013-08-28,15.194958130963888,15.20630897268453,14.645489499903412,14.80192706104107,71768
2013-08-29,14.80192706104107,14.879090646962602,14.702375061339508,14.76652563138709,64155
2013-08-30,14.76652563138709,15.156587068097032,14.730891290526587,15.119949687572932,50000
2013-09-02,15.119949687572932,15.316362123004335,14.873314758623737,15.092034584253403,50000
2013-09-03,15.092034584253403,15.72452235087749,15.071898663317217,15.714960792525616,50000
2013-09-04,15.714960792525616,16.017748132361753,15.618803089394447,15.84217828105057,53065
2013-09-05,15.84217828105057,15.935673386937458,15.83657779238248,15.905360961397731,50000
2013-09-06,15.905360961397731,16.20068231839445,15.863812096478124,16.15783105625807,75004
2013-09-09,16.15783105625807,16.30574028549386,16.105596774704743,16.178341443975125,50000
2013-09-10,16.178341443975125,16.289738822439904,15.470445534818666,15.484558015146144,70693
2013-09-11,15.484558015146144,15.524933082554641,15.331275358353116,15.382051779940818,50000
2013-09-12,15.382051779940818,15.693184736195114,15.355503671824168,15.64773801120815,50000
2013-09-13,15.64773801120815,15.731728373809842,15.489153306777146,15.566918231822367,52584
2013-09-16,15.566918231822367,15.617725191742183,15.241459032149326,15.385372876896545,94482
2013-09-17,15.385372876896545,15.427972623092442,15.07225986371497,15.104496683384244,59531
2013-09-18,15.104496683384244,15.520888219382464,15.003745225319317,15.511615685204397,51029
2013-09-19,15.511615685204397,15.618362806264143,15.403809482143414,15.576592545990483,61334
2013-09-20,15.576592545990483,15.681580639563718,15.270168009197546,15.38307991633486,50000
2013-09-23,15.38307991633486,15.447359585273457,15.080195398055224,15.273991328142122,50000
2013-09-24,15.273991328142122,15.45744843162328,15.205843058264637,15.411672847247534,50000
2013-09-25,15.411672847247534,15.456397195313528,15.225841129376413,15.341552528824126,50000
2013-09-26,15.341552528824126,15.521854503515279,14.644279800239179,14.754946833478874,50000
2013-09-27,14.754946833478874,14.826472779081461,14.715544018984613,14.807406172351914,50000
2013-09-30,14.807406172351914,14.935722760541461,14.80055423396604,14.91123823897039,50000
2013-10-01,14.91123823897039,14.92919449802365,14.214735966857525,14.357093652953585,50000
2013-10-02,14.357093652953585,14.367688886090168,13.528832308627557,13.599909730486551,81817
2013-10-03,13.599909730486551,13.802029418413769,13.558750484682097,13.742523034637877,56379
2013-10-04,13.742523034637877,14.351215015923813,13.614371967354062,14.16002429685672,50000
2013-10-07,14.16002429685672,14.210976988061097,13.2765969084764,13.40847831892337,83192
2013-10-08,13.40847831892337,13.665791881369895,13.386088914469847,13.63931241830209,63157
2013-10-09,13.63931241830209,14.279940825000661,13.52235470311866,14.143200628228174,50000
2013-10-10,14.143200628228174,14.230703308896254,14.038851438161092,14.056401801291617,70217
2013-10-11,14.056401801291617,14.50391278110929,14.012375430597965,14.39874931114035,50000
2013-10-14,14.39874931114035,14.553723170904043,13.611549172981013,13.675984218366244,68296
2013-10-15,13.675984218366244,13.864224943487983,13.673067935389875,13.807634403155733,50000
2013-10-16,13.807634403155733,13.8536909808258,13.590805588075922,13.737760865771236,168252
2013-10-17,13.737760865771236,13.803488659474228,13.149778417673652,13.285716604769624,50000
2013-10-18,13.285716604769624,13.572168147392372,13.240204087482045,13.556219824852032,95825
2013-10-21,13.556219824852032,14.174316075073133,13.460162136791448,14.134903632536638,50000
2013-10-22,14.134903632536638,14.526463828401347,13.941681447296165,14.460239184503715,50000
2013-10-23,14.460239184503715,14.697406319407754,14.37380270391112,14.692484145923027,65873
2013-10-24,14.692484145923027,14.725728414363367,14.359143431973704,14.500371230495315,60472
2013-10-25,14.500371230495315,14.56967442043764,14.474739175381744,14.532475746471242,50000
2013-10-28,14.532475746471242,15.109960071180762,14.529737264158122,15.094953475994107,50000
2013-10-29,15.094953475994107,15.256889679361016,14.980268035451724,15.126215850929585,67466
2013-10-30,15.126215850929585,15.380200259407683,15.00238982113077,15.320577076480802,78896
2013-10-31,15.320577076480802,15.693299544168179,15.251025482911471,15.610561532926777,54141
2013-11-01,15.610561532926777,15.900737282080842,15.605199085283255,15.7204783869512,50000
2013-11-04,15.7204783869512,15.775539644542421,15.531089765200505,15.580518197178975,50000
2013-11-05,15.580518197178975,15.745771597383074,15.212524469054104,15.26295561298878,50000
2013-11-06,15.26295561298878,15.445408255284306,15.199030886543898,15.381224947051498,50000
2013-11-07,15.381224947051498,15.426693124709107,15.080100706212907,15.108212150887729,50000
2013-11-08,15.108212150887729,15.116521872530893,14.96652393100026,15.084772207645466,50000
2013-11-11,15.084772207645466,15.13711692715448,14.919667888379196,15.030314442999387,50000
2013-11-12,15.030314442999387,15.110179252150296,14.502817995594208,14.64645775797237,50000
2013-11-13,14.64645775797237,15.088945206056172,14.47805428792864,14.989290942210026,198052
2013-11-14,14.989290942210026,15.069058915976758,14.9835980234077,15.066513808088693,81355
2013-11-15,15.066513808088693,15.180814984802906,14.568288076673579,14.592571854279399,50000
2013-11-18,14.592571854279399,15.005249807438505,14.549154522857114,14.913887517090236,183620
2013-11-19,14.913887517090236,14.938023650032955,14.513808343820038,14.576691448174788,63531
2013-11-20,14.576691448174788,14.618745551775985,13.82839991651505,13.848761670155655,50000
2013-11-21,13.848761670155655,13.870270394707413,13.470331510259358,13.53100118098864,50000
2013-11-22,13.53100118098864,13.705481158702593,13.455956513218949,13.564143097235496,54648
2013-11-25,13.564143097235496,13.786077123574154,13.542473799146862,13.658353051622864,50000
2013-11-26,13.658353051622864,13.725751025529762,13.610156935421836,13.717917720747526,59838
2013-11-27,13.717917720747526,13.851657386329169,13.682004685536814,13.84351878745059,68075
2013-11-28,13.84351878745059,13.8892180849392,13.745171218794841,13.801402752846077,50000
2013-11-29,13.801402752846077,13.842523600294685,13.641837809171312,13.690470991464899,60066
2013-12-02,13.690470991464899,13.729697128665663,13.498047858886377,13.540189173087853,50000
2013-12-03,13.540189173087853,14.144902336487151,13.514817473057363,14.06167673085733,50000
2013-12-04,14.06167673085733,14.30416435229437,13.997962934768749,14.245445444661568,50000
2013-12-05,14.245445444661568,14.328630956409446,13.295826064049843,13.424352363659345,55266
2013-12-06,13.424352363659345,13.630876463176923,13.378147487119186,13.606215632913658,63565
2013-12-09,13.606215632913658,13.705305228273604,12.89085739407252,12.907977928617553,50000
2013-12-10,12.907977928617553,12.917424800887856,12.766121423218198,12.804259177161898,50000
2013-12-11,12.804259177161898,13.083490412944972,12.716481774913287,12.97815337117457,62186
2013-12-12,12.97815337117457,13.244315865953189,12.926552301715695,13.217947781100596,50000
2013-12-13,13.217947781100596,13.747036357956594,13.145467647565681,13.648902299206174,50000
2013-12-16,13.648902299206174,13.83157921536587,13.532380799407148,13.788177354830063,103450
2013-12-17,13.788177354830063,13.80065975647623,13.413858955214925,13.417822848817217,66541
2013-12-18,13.417822848817217,13.469238212628552,13.375648160761921,13.400651345585237,50000
2013-12-19,13.400651345585237,13.415245532879378,12.888491621480512,13.021489095562366,56888
2013-12-20,13.021489095562366,13.153193310202981,12.789670142107568,12.798286925334564,50000
2013-12-23,12.798286925334564,13.068378354807582,12.750439206859799,12.870277607731692,60833
2013-12-24,12.870277607731692,12.960048354006648,12.233494469908454,12.317081025473962,50000
2013-12-25,12.317081025473962,12.71935131035215,12.256392982616736,12.667963832865489,50000
2013-12-26,12.667963832865489,12.925804716152054,12.587582382479628,12.793897049596424,50000
2013-12-27,12.793897049596424,12.8730079837641,12.42446405662829,12.586413453516045,50000
2013-12-30,12.586413453516045,12.821025324730314,12.577232811281572,12.770218901230438,50000
2013-12-31,12.770218901230438,13.027849430158328,12.620913960728572,12.96131402899451,50000
2014-01-01,12.96131402899451,13.011227488829011,12.907514883678381,12.966721742014272,50000
2014-01-02,12.966721742014272,13.023186718231514,12.626451327356028,12.647946509687014,50000
2014-01-03,12.647946509687014,12.761960920511843,12.311159913375274,12.36121846263788,50000
2014-01-06,12.36121846263788,12.37179351806736,12.153426231585579,12.167709708001862,50000
2014-01-07,12.167709708001862,12.50928273968658,12.122947709040854,12.391655316370954,64247
2014-01-08,12.391655316370954,12.406390960131041,12.114415587770461,12.198667614351342,50000
2014-01-09,12.198667614351342,12.459084622003152,12.195686480573178,12.435622916768764,50000
2014-01-10,12.435622916768764,12.447299382672071,12.062931568080758,12.09765790681216,50000
2014-01-13,12.09765790681216,12.175757020504273,11.981384565976123,12.16613629854438,50000
2014-01-14,12.16613629854438,12.2347923333776,11.996372823744391,12.232791468786736,50000
2014-01-15,12.232791468786736,12.962188912331854,12.209446364325391,12.871222300236449,95100
2014-01-16,12.871222300236449,12.889424838779494,12.46725939399591,12.575555420068302,50000
2014-01-17,12.575555420068302,12.773298891573642,12.518500441499349,12.766329191563461,58245
2014-01-20,12.766329191563461,12.876610726042651,12.634610243661628,12.867532931215898,50000
2014-01-21,12.867532931215898,12.985727700522053,12.783372324458794,12.895307650444206,50000
2014-01-22,12.895307650444206,12.913912464299132,12.762122268661809,12.794637703974567,58064
2014-01-23,12.794637703974567,12.911876955876313,12.45760296304735,12.563874372990574,50000
2014-01-24,12.563874372990574,12.58370171379176,12.494491284928102,12.543624976656004,50000
2014-01-27,12.543624976656004,12.935177191285854,12.497468871483255,12.928756500008854,50000
2014-01-28,12.928756500008854,13.041387694055409,12.832118801794348,12.905942246044468,119562
2014-01-29,12.905942246044468,13.364146740177272,12.809570019197112,13.203094056626025,50000
2014-01-30,13.203094056626025,13.353242870991656,13.16638622812087,13.344678812662774,58775
2014-01-31,13.344678812662774,13.350117731916288,13.150730878638074,13.212851793272684,77634
2014-02-03,13.212851793272684,13.27775388637607,12.125526165438448,12.15848875525137,62467
2014-02-04,12.15848875525137,12.476161792121584,12.148645086093962,12.458070842838948,50000
2014-02-05,12.458070842838948,12.78252225923514,12.440274483967737,12.707432984203328,50000
2014-02-06,12.707432984203328,12.775245218521077,12.28054417445183,12.444015758201989,50000
2014-02-07,12.444015758201989,12.513746514261612,12.27375284801624,12.353311917675065,87194
2014-02-10,12.353311917675065,12.466365734640815,12.288082149476267,12.324999150808425,50000
2014-02-11,12.324999150808425,12.358471444645925,11.935111066453656,11.94868153203787,50000
2014-02-12,11.94868153203787,11.99576197198067,11.340145166776557,11.477776538472568,119634
2014-02-13,11.477776538472568,11.546002684327565,10.832745760850088,10.941227170113821,107493
2014-02-14,10.941227170113821,10.949182306185673,10.639388361442045,10.660186966076887,82830
2014-02-17,10.660186966076887,11.310007902206769,10.619598824956498,11.235279943361634,50000
2014-02-18,11.235279943361634,12.022668145580015,11.217288398815969,11.973217455774135,50000
2014-02-19,11.973217455774135,12.055378413574694,11.859300776595395,12.0427667411352,50000
2014-02-20,12.0427667411352,12.197662562202918,12.004014111543851,12.180648826780224,50000
2014-02-21,12.180648826780224,12.51691649625053,12.178737326806885,12.382810065596043,105674
2014-02-24,12.382810065596043,12.394411342743732,12.216761940186013,12.32319240874554,50000
2014-02-25,12.32319240874554,12.46370672119304,12.196296687649879,12.257566545845611,50000
2014-02-26,12.257566545845611,12.37957645724358,12.225256553227897,12.379339695551618,50000
2014-02-27,12.379339695551618,12.424620570090552,12.258083052659144,12.298804498583685,50000
2014-02-28,12.298804498583685,12.304952131904452,12.062546943869657,12.147608991230038,50000
2014-03-03,12.147608991230038,12.16596108233796,11.62796882850433,11.758121478264343,50000
2014-03-04,11.758121478264343,11.84668973352791,10.846275205547935,10.915949567106754,50000
2014-03-05,10.915949567106754,11.192071916796452,10.831628029624053,11.1430879704884,50000
2014-03-06,11.1430879704884,11.18309418564078,10.918490939298701,10.927368183377586,50000
2014-03-07,10.927368183377586,11.046697253690306,10.618038689943077,10.728213985051337,50000
2014-03-10,10.728213985051337,10.88530096619806,10.660925983730861,10.83170462262853,62589
2014-03-11,10.83170462262853,10.941213841967905,10.776747601508502,10.8562681975235,72654
2014-03-12,10.8562681975235,11.002860247352038,10.5664075069245,10.629113783739344,61979
2014-03-13,10.629113783739344,10.73863099432018,10.550503747308685,10.669701542189832,50000
2014-03-14,10.669701542189832,11.323944044166723,10.640296607983123,11.271590897935946,70846
2014-03-17,11.271590897935946,11.925288073530261,11.082289074093094,11.75247385640188,50000
2014-03-18,11.75247385640188,12.033505455975519,11.591786672001799,12.003408942531502,50000
2014-03-19,12.003408942531502,12.471451144688988,11.975340262336626,12.420717288196192,50000
2014-03-20,12.420717288196192,12.90616544271772,12.410681810109448,12.881582753816094,50000
2014-03-21,12.881582753816094,13.112780134576248,12.819511737785025,13.064239865151722,50000
2014-03-24,13.064239865151722,13.132515881734092,12.970046983540486,13.078021464526337,50000
2014-03-25,13.078021464526337,13.271241892834913,13.027200424637513,13.227758719127394,191405
2014-03-26,13.227758719127394,13.464226235719964,13.161698738648711,13.447864977318874,59141
2014-03-27,13.447864977318874,13.558954020409363,13.34081805759336,13.363759601826645,97289
2014-03-28,13.363759601826645,13.372443277766232,13.296355454262814,13.32411961025486,68998
2014-03-31,13.32411961025486,13.378227424934567,13.030243173448937,13.03572685626108,50000
2014-04-01,13.03572685626108,13.112487374508593,12.80643519556208,12.87721693442735,50000
2014-04-02,12.87721693442735,13.336657015780261,12.774360262690463,13.293871755933589,50000
2014-04-03,13.293871755933589,13.565835269162378,13.24565780317176,13.511693044388908,50000
2014-04-04,13.511693044388908,13.754273480385955,13.385508256023236,13.584759496090518,70608
2014-04-07,13.584759496090518,14.00530632304117,13.562579945702547,13.938207006550295,50000
2014-04-08,13.938207006550295,13.96550772963897,13.445443913037904,13.550249210784113,59315
2014-04-09,13.550249210784113,13.565630698107874,13.261000640500587,13.384638380931875,50000
2014-04-10,13.384638380931875,13.589026995042667,13.164224198188602,13.20054496902929,50000
2014-04-11,13.20054496902929,13.220180725194176,13.098930550669532,13.10183799216407,50000
2014-04-14,13.10183799216407,13.643710552694357,12.973960944585972,13.48458730539632,50000
2014-04-15,13.48458730539632,13.530671070849552,13.17325601892048,13.283025567107234,50000
2014-04-16,13.283025567107234,13.578546018050313,13.274639568919804,13.56940263551913,50000
2014-04-17,13.56940263551913,13.621366462585476,13.227680856830451,13.389715430724399,50000
2014-04-18,13.389715430724399,13.753690373832107,13.328970867294949,13.677966863829104,71982
2014-04-21,13.677966863829104,13.92022415818918,13.612499139920926,13.862272329291272,59574
2014-04-22,13.862272329291272,13.865404372346298,13.573344965046573,13.579944468895926,163458
2014-04-23,13.579944468895926,13.686827923894201,13.34931990521145,13.415776471410487,50000
2014-04-24,13.415776471410487,13.490996931123469,13.280747023994962,13.407455876156567,50000
2014-04-25,13.407455876156567,13.54086920619089,13.363647447994383,13.382973277582998,50000
2014-04-28,13.382973277582998,13.823415172550929,13.361818961212727,13.750098513697411,50000
2014-04-29,13.750098513697411,13.964427824047696,13.661766086144159,13.928388147135712,50000
2014-04-30,13.928388147135712,14.085237783144038,13.88766102222264,14.06525441610778,50000
2014-05-01,14.06525441610778,14.125713660093949,13.2600844886055,13.28174988199601,80429
2014-05-02,13.28174988199601,13.337347198152472,13.084123458989103,13.196412000105044,125472
2014-05-05,13.196412000105044,13.27108537392178,13.08988860223275,13.143965820410836,50000
2014-05-06,13.143965820410836,13.159114278478292,12.777532558342571,12.805888371533383,56760
2014-05-07,12.805888371533383,13.018842011861139,12.662305475673422,12.98481305640866,64473
2014-05-08,12.98481305640866,12.98638916280847,12.832952036949212,12.860502435030881,129040
2014-05-09,12.860502435030881,13.492919740055374,12.750669984112578,13.425659852517358,50000
2014-05-12,13.425659852517358,13.664871428653592,13.388117471130284,13.632434539128043,50000
2014-05-13,13.632434539128043,14.15479608947413,13.62722955698913,13.976020542374854,50000
2014-05-14,13.976020542374854,14.178962414325207,13.805266851537658,14.1757209964194,50000
2014-05-15,14.1757209964194,14.306749818897766,14.032769649477759,14.063022100918214,50000
2014-05-16,14.063022100918214,14.265207799639292,13.980900227872842,14.234324265501064,76717
2014-05-19,14.234324265501064,14.326518300317698,13.490261156860983,13.543962188281332,64974
2014-05-20,13.543962188281332,13.552102748268517,13.120637926398365,13.146750464789545,50000
2014-05-21,13.146750464789545,13.160030178946288,12.978178110659877,13.022340081185202,50000
2014-05-22,13.022340081185202,13.208722949418734,12.66230699653812,12.721560126470596,50000
2014-05-23,12.721560126470596,13.072693007517312,12.648591566244452,13.03612525684398,50000
2014-05-26,13.03612525684398,13.136581408585945,12.953579701217208,13.04161055950207,50000
2014-05-27,13.04161055950207,13.109376560209178,12.812445168854463,12.81425634992852,50000
2014-05-28,12.81425634992852,13.328921341692457,12.729805093281986,13.308886451689885,88270
2014-05-29,13.308886451689885,13.403082535798848,13.306964311240426,13.332164606254034,50000
2014-05-30,13.332164606254034,13.688461981021225,13.215908533105145,13.646052324472551,168620
2014-06-02,13.646052324472551,13.682652757563478,13.42969466585267,13.669838609074752,56164
2014-06-03,13.669838609074752,13.90947731109227,13.663105014887645,13.729581714366708,50000
2014-06-04,13.729581714366708,13.745277385190153,13.320853964811503,13.45692623342937,73139
2014-06-05,13.45692623342937,13.777271916586551,13.413416924316007,13.473533374981525,50000
2014-06-06,13.473533374981525,13.668649232439867,13.427111576466602,13.57431944251433,50000
2014-06-09,13.57431944251433,13.791825133768603,13.507266114384969,13.773276439536525,50000
2014-06-10,13.773276439536525,14.167197550389696,13.684838935974245,14.143082079459788,50000
2014-06-11,14.143082079459788,14.169913620127392,13.52816621215836,13.563317549687978,50000
2014-06-12,13.563317549687978,13.63900457377718,12.918289104547185,12.981929126221779,50000
2014-06-13,12.981929126221779,13.14009054133788,12.402671803665491,12.45549126977885,84911
2014-06-16,12.45549126977885,12.478330649399053,12.261024311578565,12.354434146469012,50000
2014-06-17,12.354434146469012,12.40185854315986,12.121550143270971,12.201552112775897,68313
2014-06-18,12.201552112775897,12.203441527928401,12.15125317208915,12.162207225459529,55947
2014-06-19,12.162207225459529,12.204001908584168,12.010010884952159,12.095531488826552,54851
2014-06-20,12.095531488826552,12.11964545125805,11.903957622297508,11.926606630846988,50000
2014-06-23,11.926606630846988,12.601943037494772,11.877679107776867,12.573769708926317,50000
2014-06-24,12.573769708926317,13.006008884330623,12.490286396137725,12.918232252772533,50000
2014-06-25,12.918232252772533,13.022399881243322,12.496942688178313,12.531793558771737,162122
2014-06-26,12.531793558771737,12.656709108847894,12.517546630829749,12.626326621138922,50000
2014-06-27,12.626326621138922,12.792022171295434,12.129731880890406,12.1683893338512,50000
2014-06-30,12.1683893338512,12.307018970035221,11.299051776133428,11.362175357274483,55143
2014-07-01,11.362175357274483,11.419812187534362,11.172236774360885,11.19356710508083,50000
2014-07-02,11.19356710508083,11.229598276033743,10.913754196194024,10.992281835985786,50000
2014-07-03,10.992281835985786,11.043939032018026,10.542869748410611,10.58903085800114,50000
2014-07-04,10.58903085800114,10.649655474514441,10.337275223293302,10.403683134771779,50000
2014-07-07,10.403683134771779,10.418345077189558,10.273848288790248,10.27582571028764,50000
2014-07-08,10.27582571028764,10.361609240764723,9.95049061204242,9.9852130535505,50000
2014-07-09,9.9852130535505,10.179734408506933,9.936687686094448,10.093665270823058,50000
2014-07-10,10.093665270823058,10.27052864535189,10.083926296982998,10.222135483509291,50000
2014-07-11,10.222135483509291,10.271260224253302,9.943833640364792,9.97721568426482,50000
2014-07-14,9.97721568426482,10.342367223090838,9.959708671772198,10.220148948824445,50000
2014-07-15,10.220148948824445,10.239634694285726,9.70426072882597,9.752309016608105,65256
2014-07-16,9.752309016608105,10.034654198688596,9.607260020203318,10.02404976419366,50000
2014-07-17,10.02404976419366,10.257863541635993,9.966069958955678,10.230727357621442,74775
2014-07-18,10.230727357621442,10.273806730884495,9.55831849531139,9.67066383633862,50000
2014-07-21,9.67066383633862,9.713579723483983,9.628724999018342,9.68665556527779,50000
2014-07-22,9.68665556527779,9.91415444388149,9.647729965723423,9.883805454428535,50000
2014-07-23,9.883805454428535,10.120012886401982,9.856608990575769,10.077194326725458,50000
2014-07-24,10.077194326725458,10.133201228609273,9.8864543505937,9.8999224821889,50000
2014-07-25,9.8999224821889,10.182749414733987,9.813440364127137,10.168111407409764,125393
2014-07-28,10.168111407409764,10.209380252892249,10.107209479707656,10.141024471820481,50000
2014-07-29,10.141024471820481,10.16819208976544,10.097820954696461,10.132275239964319,59337
2014-07-30,10.132275239964319,10.844561475795343,10.091763030703534,10.746511323756309,50000
2014-07-31,10.746511323756309,11.602930964709282,10.701441153494605,11.543779486616057,90994
2014-08-01,11.543779486616057,12.020035961442,11.541366180973428,11.994288216951931,50000
2014-08-04,11.994288216951931,12.122301532889281,11.99330786361487,12.11158142902206,68857
2014-08-05,12.11158142902206,12.162187184950588,12.073011681649625,12.099695028878305,50000
2014-08-06,12.099695028878305,12.58580273419953,12.082629288279506,12.526151703400512,79492
2014-08-07,12.526151703400512,12.599802286438788,12.094491832866614,12.18577089151412,50000
2014-08-08,12.18577089151412,12.324755459262839,11.624041856494317,11.740003778778373,94646
2014-08-11,11.740003778778373,11.742233146841155,11.450406652029946,11.552960050329974,85907
2014-08-12,11.552960050329974,11.71586758810594,11.527361039971701,11.650984179526255,50000
2014-08-13,11.650984179526255,11.790274013258,11.650018573099663,11.787015850399571,61482
2014-08-14,11.787015850399571,11.853966657671242,11.351310739508827,11.36015453354408,55422
2014-08-15,11.36015453354408,11.408028947536364,10.68683719213642,10.808472218652168,83693
2014-08-18,10.808472218652168,10.945016375581785,10.76196103697621,10.8323430322789,50000
2014-08-19,10.8323430322789,10.906484793837407,10.44095534155262,10.570933753631573,50000
2014-08-20,10.570933753631573,10.959638623067793,10.501359019986086,10.957154218595152,50000
2014-08-21,10.957154218595152,11.069095121544217,10.916704163606989,10.986545955343919,50000
2014-08-22,10.986545955343919,11.210185554722631,10.858988122866371,11.063584148050357,50000
2014-08-25,11.063584148050357,11.190162107394263,10.992724201734575,11.187440295466066,50000
2014-08-26,11.187440295466066,11.231501585373973,11.098365068009992,11.113374038954815,50000
2014-08-27,11.113374038954815,11.21958460822172,11.037176142403236,11.14638500572766,50000
2014-08-28,11.14638500572766,11.23668019661277,10.215523513221223,10.259208486922574,50000
2014-08-29,10.259208486922574,10.324418167273086,9.76668235983734,9.821490127751494,50000
2014-09-01,9.821490127751494,9.853882451135089,9.302623219656608,9.321711480547615,50000
2014-09-02,9.321711480547615,9.332690185286632,8.51108808801583,8.573674999085794,206275
2014-09-03,8.573674999085794,8.57552648760326,8.28828448014629,8.311038356466423,50000
2014-09-04,8.311038356466423,8.64407780976859,8.291675119207921,8.593968575418375,50000
2014-09-05,8.593968575418375,8.668784820283598,8.552784819791649,8.609988003409931,50000
2014-09-08,8.609988003409931,8.738860464409205,8.575705348796637,8.681150248698632,50000
2014-09-09,8.681150248698632,8.789142557618058,8.368845632493201,8.426475210067293,50000
2014-09-10,8.426475210067293,8.649662900477708,8.409872695063333,8.557737289497517,50000
2014-09-11,8.557737289497517,8.672094287406503,7.855771859268464,7.884015548720753,61602
2014-09-12,7.884015548720753,7.956733622048038,7.853250307022502,7.9368942500334185,50000
2014-09-15,7.9368942500334185,8.123130612558354,7.919573182955744,8.10260917305647,50000
2014-09-16,8.10260917305647,8.160719888648945,8.007025507447915,8.078523306677761,85801
2014-09-17,8.078523306677761,8.209411533509126,8.023704720034306,8.178726141032506,50000
2014-09-18,8.178726141032506,8.532704408354016,8.131875939204585,8.444735535765536,59494
2014-09-19,8.444735535765536,8.490893169369894,8.258751001359766,8.268081225685902,50000
2014-09-22,8.268081225685902,8.292271459578954,8.137168375042924,8.198715521860779,50000
2014-09-23,8.198715521860779,8.21333120393864,7.665965311658654,7.676248131134984,61603
2014-09-24,7.676248131134984,7.8613424487774655,7.662262458161887,7.843475347653155,50000
2014-09-25,7.843475347653155,7.906546739769785,7.533752397771129,7.583114882469863,50000
2014-09-26,7.583114882469863,7.5858960905054955,7.379987158580864,7.43046672422999,62169
2014-09-29,7.43046672422999,7.62959916799176,7.357599208555379,7.596674531308393,50000
2014-09-30,7.596674531308393,8.058904911183129,7.5130884861943406,8.04866442183515,206165
2014-10-01,8.04866442183515,8.121818567816854,8.001464556692513,8.111801721900882,50000
2014-10-02,8.111801721900882,8.581894930677294,8.056669867730626,8.467553459796669,50000
2014-10-03,8.467553459796669,8.809396496708711,8.441571324513108,8.771937477263268,70144
2014-10-06,8.771937477263268,8.800546207018801,8.378371895124655,8.427013506397808,50000
2014-10-07,8.427013506397808,8.616330870621812,8.337712930758174,8.528487471637527,50000
2014-10-08,8.528487471637527,8.5704509175978,7.997140582484329,8.006432082981643,88389
2014-10-09,8.006432082981643,8.181738437694133,8.002736377073935,8.177700428794132,50000
2014-10-10,8.177700428794132,8.44821946633549,8.165051097979786,8.437672159468516,50000
2014-10-13,8.437672159468516,8.46310468714158,8.177218506701522,8.184537442897728,50000
2014-10-14,8.184537442897728,8.18556573532151,7.593107380495134,7.62461527768443,50000
2014-10-15,7.62461527768443,7.73704613669989,7.607683946912869,7.702064648442297,50021
2014-10-16,7.702064648442297,7.7460795493861685,6.9888637440394135,7.0157344899756175,50000
2014-10-17,7.0157344899756175,7.429357226138904,6.943397912930506,7.389203975767036,94356
2014-10-20,7.389203975767036,7.576584049868844,7.3879201583245715,7.566840447485736,50000
2014-10-21,7.566840447485736,7.609202532957033,7.359072666437914,7.388774435656387,60727
2014-10-22,7.388774435656387,7.440449143060606,7.349921113432296,7.37974025352871,50000
2014-10-23,7.37974025352871,7.435908745395596,7.146067353672016,7.180133224812636,50000
2014-10-24,7.180133224812636,7.420625341946269,7.166993426523599,7.391792533106437,50000
2014-10-27,7.391792533106437,7.411345324497901,7.30112454008935,7.342904704477147,50000
2014-10-28,7.342904704477147,7.694412449003856,7.341177055509393,7.693885512854297,50000
2014-10-29,7.693885512854297,8.39379581909509,7.663603575214253,8.312390864524478,50000
2014-10-30,8.312390864524478,8.368133538918308,7.897996857288794,7.926273664474794,50000
2014-10-31,7.926273664474794,8.434414650962216,7.815977549331472,8.424767479949432,50000
2014-11-03,8.424767479949432,8.58849616508173,8.407945359692242,8.573012888250478,88716
2014-11-04,8.573012888250478,8.613258213353472,8.469244673941226,8.476142843851362,50000
2014-11-05,8.476142843851362,8.481393487722098,8.322075834998888,8.366837747495506,50000
2014-11-06,8.366837747495506,8.59065957443548,8.352762495456728,8.581167072149789,56711
2014-11-07,8.581167072149789,8.802496485065541,8.536552270644908,8.798781946839808,50000
2014-11-10,8.798781946839808,8.832864487182903,8.485814268611225,8.579612155404295,50000
2014-11-11,8.579612155404295,8.879972687165207,8.500233393653424,8.760763957356776,50000
2014-11-12,8.760763957356776,9.275639781624793,8.754387820995854,9.237729520954977,50000
2014-11-13,9.237729520954977,9.38128112921807,9.121194575044877,9.359792042886799,94763
2014-11-14,9.359792042886799,9.729335782891075,9.329240219746048,9.706264126845687,50000
2014-11-17,9.706264126845687,10.25151981685822,9.689011726806203,10.23551079157077,141064
2014-11-18,10.23551079157077,10.383208509203223,10.200422475339245,10.329721935008967,197171
2014-11-19,10.329721935008967,10.619473892993014,10.267448826160969,10.5627616626039,50000
2014-11-20,10.5627616626039,10.580492203359547,10.398421022361056,10.406333018986043,51685
2014-11-21,10.406333018986043,10.416371659428657,10.16303125131171,10.272299116132318,50000
2014-11-24,10.272299116132318,10.336391318069829,9.84389058285351,10.002626192958353,50000
2014-11-25,10.002626192958353,10.2544572019683,9.919700609199417,10.241178349474845,71914
2014-11-26,10.241178349474845,10.359245724667913,10.18993489159517,10.352252506518644,50000
2014-11-27,10.352252506518644,10.654683706158957,10.300450649742345,10.607231576310042,64213
2014-11-28,10.607231576310042,11.19727019306277,10.601219461926847,11.03416132816605,50000
2014-12-01,11.03416132816605,11.075908590503026,10.562303436029927,10.608539709621562,50000
2014-12-02,10.608539709621562,10.648366034418403,10.207568665520546,10.228826043312981,50000
2014-12-03,10.228826043312981,10.366337735189392,10.131558362436023,10.32719266028686,50000
2014-12-04,10.32719266028686,10.872817763700041,10.2779750718569,10.792924764526216,50000
2014-12-05,10.792924764526216,10.850228539795706,10.736056539551488,10.81468033570237,50000
2014-12-08,10.81468033570237,10.862453864554656,10.530192157459458,10.57394742181462,50000
2014-12-09,10.57394742181462,10.609622827462598,10.358601644779041,10.51153081617994,92727
2014-12-10,10.51153081617994,11.277211158131042,10.447893071400351,11.172713044323341,136265
2014-12-11,11.172713044323341,11.698949001534839,11.129917893015818,11.571184566768855,50000
2014-12-12,11.571184566768855,11.61307333039499,11.539936045330688,11.577589712210575,116780
2014-12-15,11.577589712210575,11.647219255868498,11.460108422731762,11.505108815192681,50000
2014-12-16,11.505108815192681,11.563323817583859,11.373078684386746,11.391704535798652,119491
2014-12-17,11.391704535798652,11.391940580733722,10.974752877415042,10.999167802967905,74229
2014-12-18,10.999167802967905,11.048877429998134,10.971244869528512,11.040976743191921,50000
2014-12-19,11.040976743191921,11.384550021469446,10.978694525162236,11.326530305072376,50000
2014-12-22,11.326530305072376,11.347969380886399,10.982099369550674,10.996996780456938,57297
2014-12-23,10.996996780456938,11.021897214941548,10.875628042772577,10.900181062279971,116686
2014-12-24,10.900181062279971,10.977183646631246,10.336593153853624,10.339840732449357,50000
2014-12-25,10.339840732449357,10.341220752224169,10.207191146264927,10.246366227455464,72398
2014-12-26,10.246366227455464,10.341606575931491,10.18511615863249,10.336488595324456,50000
2014-12-29,10.336488595324456,10.417685563669291,9.454129000458925,9.552971981527673,50000
2014-12-30,9.552971981527673,9.58912142301949,9.486699407351786,9.55019000393551,50000
2014-12-31,9.55019000393551,9.875708919484644,9.484956696194358,9.812513384880765,50000
2015-01-01,9.812513384880765,9.87169048059601,9.530265200269206,9.582071657131031,50000
2015-01-02,9.582071657131031,9.70485476369911,8.867487547203945,8.892433682936485,50000
2015-01-05,8.892433682936485,8.93708814431839,7.99183478812112,8.070137434494923,65462
2015-01-06,8.070137434494923,8.455749772192945,8.056509111825472,8.428400181911506,50000
2015-01-07,8.428400181911506,8.468857222368568,7.844632209519273,7.896657875279652,50000
2015-01-08,7.896657875279652,8.006516860836703,7.772688309952764,7.786034233369833,50000
2015-01-09,7.786034233369833,7.821815689904495,7.125433264611289,7.223559474812273,50000
2015-01-12,7.223559474812273,7.682889372421273,7.095705233283412,7.666193478451072,50000
2015-01-13,7.666193478451072,7.777857944438986,7.656625569685386,7.658138195224982,50000
2015-01-14,7.658138195224982,7.837194222620968,7.634917111498824,7.820951255679445,86149
2015-01-15,7.820951255679445,8.120658042337253,7.786747382398925,8.066392675914699,50000
2015-01-16,8.066392675914699,8.368193183974284,8.04916546192168,8.339411300460856,50000
2015-01-19,8.339411300460856,8.409780080802694,8.172349684486388,8.233975696599062,50000
2015-01-20,8.233975696599062,8.587373883834909,8.139763581128642,8.52121802995719,50000
2015-01-21,8.52121802995719,8.572677866154145,7.878208095111711,7.919730998341689,67519
2015-01-22,7.919730998341689,8.486712801520838,7.91611568455466,8.438658278563494,50000
2015-01-23,8.438658278563494,8.514059928522938,8.334114387132171,8.356998811120347,50000
2015-01-26,8.356998811120347,8.425674445064761,8.07561978025333,8.132770400105453,50000
2015-01-27,8.132770400105453,8.24227254232707,8.092810629116224,8.227633935544747,70401
2015-01-28,8.227633935544747,8.30861573826311,8.096730320975997,8.107625936720657,79537
2015-01-29,8.107625936720657,8.485119343651595,8.080881090824766,8.478114845320922,50000
2015-01-30,8.478114845320922,9.017316763183938,8.465593930724708,8.97507878896675,54202
2015-02-02,8.97507878896675,9.039672961053421,8.920170229651161,9.00256991070134,118331
2015-02-03,9.00256991070134,9.119857311632181,8.932058760439482,8.933682075213412,50829
2015-02-04,8.933682075213412,9.14525255211474,8.854517927591633,9.015075958449824,195023
2015-02-05,9.015075958449824,9.21701383066667,9.013403167171948,9.210121332488548,50000
2015-02-06,9.210121332488548,9.295303543161534,8.894434434298761,8.963396115287,60766
2015-02-09,8.963396115287,9.034953448532503,8.689523498730505,8.722529259713474,77061
2015-02-10,8.722529259713474,8.895959728656356,8.694140667481973,8.871089764021313,126948
2015-02-11,8.871089764021313,8.943063035094607,8.776654955092567,8.791965223915009,50000
2015-02-12,8.791965223915009,8.813088824196676,8.63821441146199,8.706555815177904,50000
2015-02-13,8.706555815177904,9.284629322845534,8.63224556348192,9.28212171045211,50000
2015-02-16,9.28212171045211,9.379706199029744,9.272624686101322,9.353694458300014,69303
2015-02-17,9.353694458300014,9.589686302664514,9.346280425015696,9.56142655703266,50000
2015-02-18,9.56142655703266,10.06257673913278,9.528856523445185,10.032761013536565,50000
2015-02-19,10.032761013536565,10.032776962512514,9.881452284158105,9.915743946225597,50000
2015-02-20,9.915743946225597,9.957124542751172,9.708869078518067,9.743308797628607,50000
2015-02-23,9.743308797628607,9.759522532310141,9.489295327222996,9.546667494054729,50000
2015-02-24,9.546667494054729,9.569058017804652,9.379670590410553,9.43905136755836,50000
2015-02-25,9.43905136755836,9.477944978229038,9.356579199512039,9.365044043543021,50000
2015-02-26,9.365044043543021,9.37162496124697,9.128094793125154,9.14975135024752,111194
2015-02-27,9.14975135024752,9.983357750121327,9.13210731966577,9.914418360447762,50000
2015-03-02,9.914418360447762,9.934818612418885,9.661661883751071,9.714007955698053,127500
2015-03-03,9.714007955698053,9.797070921210368,9.504381377093452,9.530091649215706,50000
2015-03-04,9.530091649215706,9.984461180053128,9.517649893009018,9.945120585050605,108137
2015-03-05,9.945120585050605,9.968743363952644,9.698761459075715,9.794982335683377,50000
2015-03-06,9.794982335683377,9.851567078710993,9.227991682943644,9.294386225540721,108169
2015-03-09,9.294386225540721,9.546696209366146,9.20408851894769,9.518289583873063,50000
2015-03-10,9.518289583873063,9.580919802991078,8.84646926395218,8.94517246420516,81276
2015-03-11,8.94517246420516,9.278626971551597,8.904827783788956,9.186334576986118,50000
2015-03-12,9.186334576986118,9.752862673856006,9.175109884638156,9.746320637774685,117773
2015-03-13,9.746320637774685,10.121952064036465,9.696916996789298,10.095666014643353,50000
2015-03-16,10.095666014643353,10.19426391623823,10.04266592327395,10.146510095907432,92005
2015-03-17,10.146510095907432,10.148478377021547,9.988372014146927,10.105856286056019,50000
2015-03-18,10.105856286056019,10.146522313301135,10.082808871363554,10.14558674480943,64197
2015-03-19,10.14558674480943,10.14859743932197,10.11272622862068,10.123079498683056,132985
2015-03-20,10.123079498683056,10.31077697118794,10.108717585832595,10.26993833411783,50000
2015-03-23,10.26993833411783,10.34888000325161,10.24277413674364,10.329599299538325,89261
2015-03-24,10.329599299538325,10.385367736330613,9.72545379984364,9.795309339731004,50000
2015-03-25,9.795309339731004,10.216870445223218,9.69346435593191,10.206925929039242,50000
2015-03-26,10.206925929039242,10.234081123396761,10.10012140135112,10.141684219628942,70988
2015-03-27,10.141684219628942,10.256723357372021,10.026606605519353,10.140521686487261,50000
2015-03-30,10.140521686487261,10.188084596944655,9.802561671446668,9.805897420006401,50000
2015-03-31,9.805897420006401,10.222631928401622,9.794853654604081,10.175768102200252,50000
2015-04-01,10.175768102200252,10.615135073541326,10.14131532083368,10.603098963246003,50000
2015-04-02,10.603098963246003,10.748065223252189,10.563096243806726,10.74543237812167,50000
2015-04-03,10.74543237812167,10.7751547874988,10.373450349828103,10.404964885320993,50000
2015-04-06,10.404964885320993,10.586637288912888,10.30180866047256,10.562747635565325,50000
2015-04-07,10.562747635565325,10.76834535837574,10.546956320899245,10.752555407446092,50000
2015-04-08,10.752555407446092,10.804483271876851,10.227019599133097,10.228143115045286,50000
2015-04-09,10.228143115045286,10.556906420031513,10.225949173547813,10.545979377138995,67394
2015-04-10,10.545979377138995,10.795674575704048,10.415361728842145,10.757869095296916,50000
2015-04-13,10.757869095296916,10.774071054115716,10.4402296486644,10.566620471997302,50000
2015-04-14,10.566620471997302,10.591083274038919,10.442633665815729,10.478681689154447,56870
2015-04-15,10.478681689154447,10.645851730141104,10.460644456705399,10.627869387932384,50000
2015-04-16,10.627869387932384,11.301669663540682,10.619326528804942,11.17957436090119,50000
2015-04-17,11.17957436090119,11.729395367249127,11.176721522558706,11.70789596855659,50000
2015-04-20,11.70789596855659,11.826044191416957,10.964259683021629,10.990413671164177,50000
2015-04-21,10.990413671164177,11.21926148136309,10.965447254109828,11.186439603147585,89639
2015-04-22,11.186439603147585,11.242678379007996,10.842881243891975,10.865216164848816,50000
2015-04-23,10.865216164848816,10.865315399593662,10.400042893533008,10.413474688476724,50000
2015-04-24,10.413474688476724,10.6024759134845,10.382876176932077,10.531128781392885,50000
2015-04-27,10.531128781392885,10.812707027970976,10.514157645068087,10.742379117100256,50000
2015-04-28,10.742379117100256,10.743980701249933,10.235647568808638,10.301419291853827,50000
2015-04-29,10.301419291853827,10.327580420151449,10.047372914866145,10.1021742228772,50000
2015-04-30,10.1021742228772,10.103921002864519,9.708775693573635,9.737010019188737,74586
2015-05-01,9.737010019188737,9.89341430486565,9.687523752457512,9.762731119597708,50938
2015-05-04,9.762731119597708,10.09877835750665,9.754895954867564,10.092204717411194,50000
2015-05-05,10.092204717411194,10.09881549073565,9.861911326692256,9.904360768946487,116888
2015-05-06,9.904360768946487,9.905441102810892,9.750208721041927,9.810534043695577,53835
2015-05-07,9.810534043695577,9.943294531220396,9.435170518042446,9.460266961605038,50000
2015-05-08,9.460266961605038,10.350378448626872,9.406322333357236,10.2847278335377,65215
2015-05-11,10.2847278335377,10.907376883665721,10.248477982824069,10.877164076604773,50000
2015-05-12,10.877164076604773,10.92487385035196,10.826009488703505,10.882326056241359,50000
2015-05-13,10.882326056241359,10.97302976580274,10.77872592614574,10.943186364450144,50000
2015-05-14,10.943186364450144,10.957984437630897,10.823410472613942,10.83122869223257,50000
2015-05-15,10.83122869223257,11.413392808980115,10.821285136801249,11.308872283703511,50000
2015-05-18,11.308872283703511,11.58575078186106,11.293443739921685,11.533511582914755,77191
2015-05-19,11.533511582914755,11.695907818181688,11.430716931595601,11.63464830359626,50000
2015-05-20,11.63464830359626,11.67544550893907,11.446874221377982,11.484653858637751,50000
2015-05-21,11.484653858637751,11.583628628032086,11.409645818518962,11.548265073049889,50000
2015-05-22,11.548265073049889,12.152322861838822,11.471875616739805,12.075181311626546,50000
2015-05-25,12.075181311626546,12.38985669370824,11.987863537500857,12.307657678593985,60934
2015-05-26,12.307657678593985,12.351941844555851,12.23274131126578,12.305089638286258,50000
2015-05-27,12.305089638286258,12.35231385090867,12.207054653912433,12.22110655649097,50000
2015-05-28,12.22110655649097,12.498894150475348,12.206451909454977,12.488473334625262,78686
2015-05-29,12.488473334625262,12.518751838640718,12.329487914239083,12.333112004732744,64358
2015-06-01,12.333112004732744,12.841718781091798,12.322354621751307,12.839691545561815,56621
2015-06-02,12.839691545561815,12.86727715408203,12.726679409897114,12.805802806646646,50000
2015-06-03,12.805802806646646,13.519695031090901,12.736448506734906,13.384484277383155,63169
2015-06-04,13.384484277383155,13.615315156663609,13.35603970124768,13.55360442336046,50000
2015-06-05,13.55360442336046,13.707555534528439,13.23128690391809,13.280688354412563,50000
2015-06-08,13.280688354412563,13.703724256852663,13.247845027735877,13.695126389740558,50000
2015-06-09,13.695126389740558,14.128630819674756,13.598975866348486,14.10249972505983,50000
2015-06-10,14.10249972505983,14.495270701241262,14.048091986463216,14.43963326830235,50000
2015-06-11,14.43963326830235,14.71140466277377,14.439180479254714,14.616956575389011,121534
2015-06-12,14.616956575389011,14.697618852837834,14.600219115804723,14.656562453737505,70540
2015-06-15,14.656562453737505,14.77904700382859,14.614275644672972,14.71232991913635,81788
2015-06-16,14.71232991913635,14.84519518401919,14.68806481547336,14.700953652475286,72065
2015-06-17,14.700953652475286,15.271839524211893,14.548801593403331,15.2221638412812,50000
2015-06-18,15.2221638412812,15.341989736279224,14.979671084579987,15.07091600908172,53730
2015-06-19,15.07091600908172,15.120828947693385,15.049001291118582,15.092456802569886,50000
2015-06-22,15.092456802569886,15.780129967738198,14.992733948821373,15.541188424837301,50000
2015-06-23,15.541188424837301,15.988367131349513,15.34189680230326,15.878401454234261,50000
2015-06-24,15.878401454234261,16.522035645650174,15.838472242242393,16.31545255833597,62090
2015-06-25,16.31545255833597,16.465579282127635,16.17905448716039,16.460037967074587,50000
2015-06-26,16.460037967074587,16.539710228108635,16.272170010339284,16.30215249562002,50000
2015-06-29,16.30215249562002,16.303217453945212,16.069938340243727,16.116490305951686,50000
2015-06-30,16.116490305951686,16.26669039746691,16.040132947002633,16.04737741882244,50000
2015-07-01,16.04737741882244,16.074765738821263,15.843396727418686,16.008521637300614,54005
2015-07-02,16.008521637300614,16.281081029734203,15.996969193594664,16.167264348253028,50000
2015-07-03,16.167264348253028,16.18191859237063,16.140377718103768,16.14720748671063,107907
2015-07-06,16.14720748671063,16.227801000424112,15.904309163145081,16.042455678950308,98764
2015-07-07,16.042455678950308,16.141966382357143,15.442327778165046,15.444675122260923,50000
2015-07-08,15.444675122260923,15.578092529670055,15.114004643756827,15.131667776814817,50000
2015-07-09,15.131667776814817,15.371802887445497,15.10282135951761,15.341581602918493,50000
2015-07-10,15.341581602918493,15.442500618105582,14.879148185574433,14.932973070202518,50000
2015-07-13,14.932973070202518,14.934582525173392,14.72744419053198,14.757827663387179,50000
2015-07-14,14.757827663387179,14.828299808554792,14.318368319306034,14.403157883728333,77878
2015-07-15,14.403157883728333,14.888473761339451,14.3188228885259,14.83096914031376,73006
2015-07-16,14.83096914031376,14.885810707091954,14.566926867524742,14.680635541075928,50000
2015-07-17,14.680635541075928,14.942755228205776,14.640752604508654,14.90971403352373,50000
2015-07-20,14.90971403352373,15.633843841213894,14.7111449939869,15.537690086041888,57770
2015-07-21,15.537690086041888,15.675327378004429,15.408642372509906,15.63984269030298,50000
2015-07-22,15.63984269030298,15.684160669286198,15.307896189009838,15.481406736292326,50000
2015-07-23,15.481406736292326,15.722078828188117,15.322509160550995,15.488607022873092,50000
2015-07-24,15.488607022873092,15.500845047458204,15.222693510224664,15.341289181173941,141527
2015-07-27,15.341289181173941,15.526790410881087,15.240238012138018,15.51572264409079,52576
2015-07-28,15.51572264409079,15.557334477906247,15.46285016962271,15.533519221708067,50000
2015-07-29,15.533519221708067,15.634249631197518,15.290215452601444,15.376662125969007,108387
2015-07-30,15.376662125969007,15.920398423016842,15.35643207663466,15.762688557894386,50000
2015-07-31,15.762688557894386,15.84406360016268,15.691564638035024,15.7820804061735,105545
2015-08-03,15.7820804061735,16.21526497952974,15.727544300790292,16.19152522554225,90866
2015-08-04,16.19152522554225,16.223929244760956,16.070330714152647,16.13522992339589,50000
2015-08-05,16.13522992339589,16.516512684765893,15.987713611709871,16.44609104016066,50000
2015-08-06,16.44609104016066,16.467849958509102,16.319899498504974,16.400042162030374,50000
2015-08-07,16.400042162030374,16.688255920593427,16.371892598962074,16.653447036778697,50000
2015-08-10,16.653447036778697,16.66530608201125,16.536202333433387,16.58368235301496,78072
2015-08-11,16.58368235301496,16.67912588199152,16.28224991379884,16.321655524015245,71892
2015-08-12,16.321655524015245,16.49870130806216,16.269849630094452,16.28220797026817,50000
2015-08-13,16.28220797026817,16.528945437251256,16.257081188293164,16.3854023740717,97740
2015-08-14,16.3854023740717,16.52569723769852,16.321341996842,16.46633339193843,50000
2015-08-17,16.46633339193843,16.61529941522039,15.825050399277934,15.991330283133694,50000
2015-08-18,15.991330283133694,16.001380883028798,15.488619769402266,15.577615146970915,50000
2015-08-19,15.577615146970915,15.591242863106139,15.096120485662226,15.20975610819406,50000
2015-08-20,15.20975610819406,15.282853688344188,14.887935832230244,14.945098287944942,70663
2015-08-21,14.945098287944942,15.028112984203013,14.921494588078431,14.984149316740963,50000
2015-08-24,14.984149316740963,15.506140429812714,14.930001893243253,15.483208806059077,50000
2015-08-25,15.483208806059077,15.539039072367691,15.182755186948835,15.259826375256889,69550
2015-08-26,15.259826375256889,15.340619279791815,14.828399834666035,14.905206793414834,169323
2015-08-27,14.905206793414834,14.939728816474277,14.816347177797827,14.879334023642912,50000
2015-08-28,14.879334023642912,14.912905687685534,14.613649094614013,14.728552215431748,50251
2015-08-31,14.728552215431748,15.350097554206668,14.710587494241045,15.223254494807822,50000
2015-09-01,15.223254494807822,15.299039714575285,14.756696958630375,14.861095676097781,50000
2015-09-02,14.861095676097781,14.938397492514355,14.800190671207995,14.891435981592327,71399
2015-09-03,14.891435981592327,15.078735940928219,14.86406300287812,14.934544630498259,50000
2015-09-04,14.934544630498259,15.234274911756964,14.870113265360608,15.107370627645755,50000
2015-09-07,15.107370627645755,15.319455245938576,14.966174193587362,15.302519245818761,57488
2015-09-08,15.302519245818761,15.395140498669306,15.27926243600614,15.348566317890704,50000
2015-09-09,15.348566317890704,15.375099443251715,15.2339289510607,15.261079749285061,50000
2015-09-10,15.261079749285061,15.9712998345516,15.082082924424078,15.946894620325848,50000
2015-09-11,15.946894620325848,16.038989358706992,15.384148226521827,15.516969897776226,52555
2015-09-14,15.516969897776226,15.552045588068665,15.36479871453424,15.437622282697909,50000
2015-09-15,15.437622282697909,15.446508683104033,15.265131459879703,15.269153415777712,73316
2015-09-16,15.269153415777712,15.33153658246002,14.96260893188733,15.051891971741803,50357
2015-09-17,15.051891971741803,15.109042537192614,14.893817648575757,15.013239806946947,50000
2015-09-18,15.013239806946947,15.226954357337128,14.955550195339464,15.108685142503656,50000
2015-09-21,15.108685142503656,15.431675156982829,15.09050676855784,15.372161813275897,50000
2015-09-22,15.372161813275897,15.47030111266753,15.178309807175745,15.291131435753002,50000
2015-09-23,15.291131435753002,15.391756052829283,14.90254072679426,14.947780913796377,50000
2015-09-24,14.947780913796377,14.999764819331684,14.741861478253462,14.87156505130321,102171
2015-09-25,14.87156505130321,14.997761495305362,14.481579205722214,14.49395777369813,50000
2015-09-28,14.49395777369813,14.638605125719415,14.370042130554479,14.399192625262353,50000
2015-09-29,14.399192625262353,14.471768929393887,13.677838862514788,13.747450879205674,72402
2015-09-30,13.747450879205674,13.824104364892827,13.600802965656895,13.655712203596117,50000
2015-10-01,13.655712203596117,13.780041327224392,13.284043406609188,13.29215862958724,89752
2015-10-02,13.29215862958724,13.311980777856387,13.135064341092507,13.170814628019546,85640
2015-10-05,13.170814628019546,13.263186329402764,13.13284704769117,13.193462439445643,50000
2015-10-06,13.193462439445643,13.612380678832647,13.188557513533713,13.564461430873745,50000
2015-10-07,13.564461430873745,13.828484941790405,13.554467324316736,13.74454535369819,87679
2015-10-08,13.74454535369819,13.923699357041862,13.713944462785681,13.717388618616745,70463
2015-10-09,13.717388618616745,13.971725711966762,13.670549413444911,13.836438243204421,58981
2015-10-12,13.836438243204421,13.877775226738919,12.815191829753338,12.884258102718515,84005
2015-10-13,12.884258102718515,12.895181929477646,12.53752016742251,12.639282880609018,50000
2015-10-14,12.639282880609018,12.781277279546991,12.611217385513811,12.74929645161091,50000
2015-10-15,12.74929645161091,12.776476434200019,12.608220354446875,12.673718102961967,50000
2015-10-16,12.673718102961967,12.8896157954437,12.61344023731595,12.869498865295249,50000
2015-10-19,12.869498865295249,13.054306914805952,12.757153874119965,12.956379159094794,65495
2015-10-20,12.956379159094794,13.178773679322859,12.936303036664581,13.089197889199479,50000
2015-10-21,13.089197889199479,13.127851241072307,12.452642289548095,12.575014729556154,96206
2015-10-22,12.575014729556154,12.609717882901212,12.376582633735753,12.45854963436728,50000
2015-10-23,12.45854963436728,12.657540762040925,12.403428448209306,12.541056662566904,50000
2015-10-26,12.541056662566904,12.62100407655653,12.319957018421963,12.409778894722196,89503
2015-10-27,12.409778894722196,12.777032677616646,12.371751884750203,12.687674865115113,50000
2015-10-28,12.687674865115113,12.731776876555069,12.392038147103328,12.40693522371183,73431
2015-10-29,12.40693522371183,12.462863839461068,11.634632744637198,11.659117972665872,50000
2015-10-30,11.659117972665872,11.73366700703333,11.30377585267759,11.351490404572699,138772
2015-11-02,11.351490404572699,11.42954552413116,10.420045089048331,10.473340104272786,50000
2015-11-03,10.473340104272786,10.568294909064718,10.297087561317142,10.360255890585368,50000
2015-11-04,10.360255890585368,10.446640003284593,10.301346054199506,10.340461873805477,50000
2015-11-05,10.340461873805477,10.464364212861526,10.25027352317688,10.284665550904055,50000
2015-11-06,10.284665550904055,10.332052590628644,10.247295721007891,10.309615910211154,50000
2015-11-09,10.309615910211154,10.569310322430427,10.23110461532236,10.519882812027479,50000
2015-11-10,10.519882812027479,10.588190818817532,10.505506190228372,10.546082376562682,68348
2015-11-11,10.546082376562682,10.556083464198952,10.346074286479366,10.420228003226116,50000
2015-11-12,10.420228003226116,10.849754760191198,10.411019303324235,10.844478519768673,50000
2015-11-13,10.844478519768673,11.011853211640364,10.667159811658406,10.863714984688691,50000
2015-11-16,10.863714984688691,10.866583965342025,10.508837919210595,10.566678812160879,50000
2015-11-17,10.566678812160879,10.577485788186756,10.376220609714359,10.498868124043955,50000
2015-11-18,10.498868124043955,10.567909134080372,9.988024069239186,10.077931314503385,102626
2015-11-19,10.077931314503385,10.615890388721368,10.066538285804098,10.610488902784482,50000
2015-11-20,10.610488902784482,10.67284620187472,10.523001449963356,10.659894068123409,50000
2015-11-23,10.659894068123409,10.67224581936868,10.56440881045456,10.591057147420564,50000
2015-11-24,10.591057147420564,10.632243760746249,10.107076833547968,10.142777436507963,50000
2015-11-25,10.142777436507963,10.15075938381844,9.614743603424985,9.656333380073296,50000
2015-11-26,9.656333380073296,10.01537213820228,9.611137543497929,9.935524629543016,50000
2015-11-27,9.935524629543016,9.93873943139624,9.637016135573015,9.72324302165732,50000
2015-11-30,9.72324302165732,9.89880474238996,9.680296756431195,9.886998214966901,50000
2015-12-01,9.886998214966901,10.149617338182509,9.810912459018837,10.001613164369008,50000
2015-12-02,10.001613164369008,10.187710947592667,9.960770108889308,10.177667490737583,64871
2015-12-03,10.177667490737583,10.331041423583647,10.154411075526276,10.308604177992025,50000
2015-12-04,10.308604177992025,10.342002459649223,10.007927757008094,10.017789283030684,50000
2015-12-07,10.017789283030684,10.039572342295006,9.541240730475192,9.677345704324447,50000
2015-12-08,9.677345704324447,9.694304157765078,9.583655398571624,9.600446749481648,50000
2015-12-09,9.600446749481648,9.953129059576781,9.553997090701667,9.945973849027093,50000
2015-12-10,9.945973849027093,10.311010618682424,9.906057570724256,10.302394032242233,75458
2015-12-11,10.302394032242233,10.328004593829645,9.92062315333681,9.960149581401152,50000
2015-12-14,9.960149581401152,9.994449603973546,9.884443998445201,9.885168668308975,50000
2015-12-15,9.885168668308975,10.01664556248694,9.326554206096437,9.426504098857553,50000
2015-12-16,9.426504098857553,9.483021553272076,9.367573337538605,9.394209823667179,50000
2015-12-17,9.394209823667179,9.420557493799247,9.139898311014576,9.154258827209206,50000
2015-12-18,9.154258827209206,9.156912706870417,9.035140116089117,9.053392055870699,50000
2015-12-21,9.053392055870699,9.129116539180409,8.706645031695876,8.759147425515502,50000
2015-12-22,8.759147425515502,9.007826305864372,8.746913763920714,8.993114021980276,50000
2015-12-23,8.993114021980276,9.00713036120366,8.698005049534896,8.712714982748654,105672
2015-12-24,8.712714982748654,8.762857309393475,8.601986004825584,8.66412214692827,50000
2015-12-25,8.66412214692827,8.665424175829806,8.519177877095544,8.567079685468192,50000
2015-12-28,8.567079685468192,8.723383658858683,8.53537343134427,8.637644554241275,52771
2015-12-29,8.637644554241275,8.684127247432194,7.820643853266444,7.857992354300923,62937
2015-12-30,7.857992354300923,7.896230746164079,7.600758420529771,7.645113705213349,50000
2015-12-31,7.645113705213349,7.843943083155108,7.641297378541118,7.839343212148868,50000
2016-01-01,7.839343212148868,7.8491840865980596,7.789019158080946,7.797911291292821,72791
2016-01-04,7.797911291292821,7.842000411422159,7.162649635024081,7.173833933423233,50000
2016-01-05,7.173833933423233,7.189911788370457,7.003562248298318,7.100479911857085,50000
2016-01-06,7.100479911857085,7.751215980222392,7.061449874544383,7.716969220979956,50000
2016-01-07,7.716969220979956,7.761764461906376,7.218127144607898,7.307789258016616,51439
2016-01-08,7.307789258016616,7.628859046297376,7.252297336591751,7.56729216639751,50000
2016-01-11,7.56729216639751,7.637459017323852,7.280666387177372,7.319879402509155,50000
2016-01-12,7.319879402509155,7.800752205894366,7.319409580713177,7.783334019186098,70096
2016-01-13,7.783334019186098,7.976862133599907,7.769100349587362,7.920263068372955,50268
2016-01-14,7.920263068372955,7.971325615595733,7.202297664030104,7.216339944730883,128430
2016-01-15,7.216339944730883,7.288967291424671,7.06956584093068,7.074269948275873,124725
2016-01-18,7.074269948275873,7.1005960659553855,6.968948294369674,6.992110379533637,50000
2016-01-19,6.992110379533637,7.015576369265341,6.919503964984825,6.96296775580079,50000
2016-01-20,6.96296775580079,7.059389991730339,6.369138875026888,6.371542531086329,155916
2016-01-21,6.371542531086329,6.657465888648709,6.287866848484684,6.618379601017198,55655
2016-01-22,6.618379601017198,6.785449773578794,6.616447621812194,6.77394935309873,50000
2016-01-25,6.77394935309873,6.807148487475923,6.578547438043459,6.612053514335826,56450
2016-01-26,6.612053514335826,6.960043165017294,6.55842959037632,6.926865283236053,50000
2016-01-27,6.926865283236053,7.1474469165737675,6.921797877602199,7.112733967832801,50000
2016-01-28,7.112733967832801,7.142064115277625,6.805520938805702,6.844587339206008,117799
2016-01-29,6.844587339206008,6.867279556682899,6.790030269298062,6.798494851013424,50000
2016-02-01,6.798494851013424,6.81534870275701,6.218648410708514,6.247675221527636,58581
2016-02-02,6.247675221527636,6.481143219301468,6.232507134766702,6.435964545652029,224450
2016-02-03,6.435964545652029,6.491469104681027,6.060530476770195,6.071630523394399,50000
2016-02-04,6.071630523394399,6.100865130499665,5.882211786168102,5.9004370374463555,50000
2016-02-05,5.9004370374463555,5.919592709945233,5.242753693197667,5.297953868410432,50000
2016-02-08,5.297953868410432,5.313313005842709,4.727612380508273,4.735950368946922,66360
2016-02-09,4.735950368946922,4.862227864355389,4.732802123881409,4.827205836056657,83410
2016-02-10,4.827205836056657,4.853932794400008,4.510564229442119,4.53187892794521,50000
2016-02-11,4.53187892794521,4.573805728323416,4.513214840352444,4.525639883402947,164263
2016-02-12,4.525639883402947,4.638808880375476,4.490704597438726,4.633207021003504,50000
2016-02-15,4.633207021003504,4.912130968133521,4.61170339621881,4.897187641665549,50000
2016-02-16,4.897187641665549,4.997088695492631,4.867170488956951,4.975182457593239,50000
2016-02-17,4.975182457593239,5.530956773166247,4.929348619430365,5.506666608010669,67358
2016-02-18,5.506666608010669,5.5405005593829895,5.18752842196731,5.195662956871819,78151
2016-02-19,5.195662956871819,5.357034171630994,5.182127349700069,5.316177617844536,50000
2016-02-22,5.316177617844536,5.70588827918103,5.310497551604622,5.680142452688714,50000
2016-02-23,5.680142452688714,6.0717961097104505,5.673565728338361,6.03413711712651,50000
2016-02-24,6.03413711712651,6.034390087169552,5.503920909456167,5.5522969306378505,50000
2016-02-25,5.5522969306378505,5.552859765424233,5.50874017977953,5.515070485834799,110826
2016-02-26,5.515070485834799,5.762979157923286,5.474617856879923,5.746828923452629,50000
2016-02-29,5.746828923452629,6.265953888735749,5.7079239971582965,6.257195483078902,50000
2016-03-01,6.257195483078902,6.590757109236809,6.228133810401967,6.589436917777739,50000
2016-03-02,6.589436917777739,6.6034770109894385,6.321664496183682,6.400130442677748,50000
2016-03-03,6.400130442677748,6.447989626244835,6.062445667462238,6.109099658512314,50000
2016-03-04,6.109099658512314,6.1586806995889445,6.077706149170222,6.081311153134552,50000
2016-03-07,6.081311153134552,6.479242857174801,6.012182435880621,6.475846807873654,50000
2016-03-08,6.475846807873654,6.501234231030113,6.390890815003992,6.440010073983468,66650
2016-03-09,6.440010073983468,6.555446374888053,6.430932410241184,6.5277120392838865,52537
2016-03-10,6.5277120392838865,6.559574195811418,6.422966243985435,6.454816455061316,50000
2016-03-11,6.454816455061316,6.499882701540319,6.351950845192347,6.373275600910881,60851
2016-03-14,6.373275600910881,6.90232582332826,6.317949080814475,6.866746336715165,92518
2016-03-15,6.866746336715165,6.876065156895386,6.468297387560276,6.543234258242417,50000
2016-03-16,6.543234258242417,6.732819718004794,6.50295659059841,6.701113738084389,50000
2016-03-17,6.701113738084389,6.703341476003123,6.383005604654009,6.4392503498075975,50000
2016-03-18,6.4392503498075975,6.634846627415093,6.399418858594814,6.570697532905679,50000
2016-03-21,6.570697532905679,6.7074395276758425,6.524880394717305,6.660097914835829,50000
2016-03-22,6.660097914835829,6.910759567410193,6.657368331927026,6.872109207262122,65555
2016-03-23,6.872109207262122,7.553282600799313,6.866575801222211,7.51997573480047,50422
2016-03-24,7.51997573480047,7.520543052530783,7.461839024410227,7.465125188487871,50000
2016-03-25,7.465125188487871,7.819279799659159,7.4605627935958,7.770209929166547,50141
2016-03-28,7.770209929166547,7.863633474768044,7.7184884534529985,7.720357136205893,59378
2016-03-29,7.720357136205893,8.620608833354593,7.705992968987968,8.552808709127364,50000
2016-03-30,8.552808709127364,8.600980083527515,8.339127086415344,8.37385662271605,50000
2016-03-31,8.37385662271605,8.636051397999433,8.276987753760858,8.612797674938333,67369
2016-04-01,8.612797674938333,8.62771822618053,8.580967024236221,8.61074615110559,50000
2016-04-04,8.61074615110559,8.682355492287966,8.139641134661002,8.155463831806815,72839
2016-04-05,8.155463831806815,8.529892331137667,8.146370959685873,8.48016366798186,50000
2016-04-06,8.48016366798186,8.556176229534517,8.289075967450469,8.307705881148221,50000
2016-04-07,8.307705881148221,8.492370074110683,8.231352665522543,8.429289291526649,50000
2016-04-08,8.429289291526649,8.758589024518763,8.388155469104612,8.694283735471723,154690
2016-04-11,8.694283735471723,8.746333126527642,8.24636635392188,8.268893371765683,50000
2016-04-12,8.268893371765683,9.00059777713743,8.266610032853373,8.961157032198857,50000
2016-04-13,8.961157032198857,8.997180822843543,8.777542618130749,8.812896152456736,111739
2016-04-14,8.812896152456736,9.035885810677618,8.757617944507313,9.010458567730444,50000
2016-04-15,9.010458567730444,9.100618841896857,8.511477702087452,8.55579494978694,50000
2016-04-18,8.55579494978694,8.633962947738924,8.541084410241302,8.550898421390631,50000
2016-04-19,8.550898421390631,8.557068685602772,7.525678928188638,7.533996480801303,50000
2016-04-20,7.533996480801303,7.752140759784496,7.507861181223024,7.713667194116695,50000
2016-04-21,7.713667194116695,7.806296806161888,7.101275432373136,7.1870923236637365,50000
2016-04-22,7.1870923236637365,7.192309392787549,6.6082832916456,6.646061898553273,113950
2016-04-25,6.646061898553273,6.6816109477779975,6.448170951034828,6.496817748090753,178970
2016-04-26,6.496817748090753,6.9217625789348824,6.418501408210401,6.899267777341003,82483
2016-04-27,6.899267777341003,7.254912970620199,6.859109683604682,7.240240525691936,65837
2016-04-28,7.240240525691936,7.318849678076673,7.225166767416342,7.243122476015498,50000
2016-04-29,7.243122476015498,7.268363966731896,7.08023223675108,7.142621781867464,50000
2016-05-02,7.142621781867464,7.371190016664396,7.083055106814859,7.369822949980439,50000
2016-05-03,7.369822949980439,7.69130356424607,7.346229763904289,7.618054541586061,50000
2016-05-04,7.618054541586061,7.751616748164905,7.612001065150032,7.733534835608169,50000
2016-05-05,7.733534835608169,7.971168457918846,7.729461965629492,7.956909961090313,75752
2016-05-06,7.956909961090313,8.02847146194703,7.528775141710388,7.566548575194344,55839
2016-05-09,7.566548575194344,7.8191614532034155,7.553339331671759,7.777173120327225,50000
2016-05-10,7.777173120327225,7.815716043689942,7.2345489639893374,7.246411326806674,67526
2016-05-11,7.246411326806674,7.630031294033459,7.2420163022698745,7.617160623457737,60508
2016-05-12,7.617160623457737,7.927623434214218,7.582991201460476,7.918090690651966,326185
2016-05-13,7.918090690651966,8.546736661761793,7.867988457664691,8.445258171800813,125030
2016-05-16,8.445258171800813,8.579035812859233,8.442059259568909,8.463321254702528,89776
2016-05-17,8.463321254702528,8.486908720440356,8.396598676734996,8.48522766312739,131364
2016-05-18,8.48522766312739,9.110520379983468,8.400254281048275,9.015098997230483,50000
2016-05-19,9.015098997230483,9.417326968971821,8.87695926193325,9.41169301425133,50000
2016-05-20,9.41169301425133,9.465766597153417,9.051125210551103,9.080960563127974,50000
2016-05-23,9.080960563127974,9.093375450433417,8.861399561204635,8.969727392828842,54460
2016-05-24,8.969727392828842,8.980308721803308,8.804424479250507,8.817122422222843,50000
2016-05-25,8.817122422222843,8.844436504911629,8.531557495500378,8.747064676272542,50000
2016-05-26,8.747064676272542,8.747161878864704,8.042075707588726,8.092371511438918,50000
2016-05-27,8.092371511438918,8.104508223163757,7.8480946160472635,7.861197827357409,50000
2016-05-30,7.861197827357409,7.939973436729727,7.429535778473096,7.468868087756026,66825
2016-05-31,7.468868087756026,7.586958493248255,7.463107539751038,7.5648720940517205,50000
2016-06-01,7.5648720940517205,7.958288469561687,7.533219268597102,7.948341293119811,50000
2016-06-02,7.948341293119811,7.999189429756538,7.810380600829346,7.81106635080881,50000
2016-06-03,7.81106635080881,7.868288788338505,7.598493014687062,7.6777790067185965,50000
2016-06-06,7.6777790067185965,7.874674001751983,7.661954906540492,7.865163451983728,65344
2016-06-07,7.865163451983728,8.325306651570065,7.826405382905935,8.221494233249118,50000
2016-06-08,8.221494233249118,8.279710813347437,7.727762126453112,7.7363741771781305,50000
2016-06-09,7.7363741771781305,7.899304616765588,7.688889125405748,7.841851931644298,50000
2016-06-10,7.841851931644298,7.851484921948248,7.556635321287749,7.6201297990797805,69360
2016-06-13,7.6201297990797805,7.627886485353451,7.363084722838385,7.417259289740268,50000
2016-06-14,7.417259289740268,7.467324426211419,7.0866848020746085,7.124551115083652,50000
2016-06-15,7.124551115083652,7.596282837617982,7.091860692079824,7.530611305871335,58560
2016-06-16,7.530611305871335,7.765153578062664,7.46663053450361,7.7413670745578,50000
2016-06-17,7.7413670745578,7.797679207889104,7.465898342064276,7.535836625343764,50000
2016-06-20,7.535836625343764,7.540648914380574,7.220668090349989,7.298540196457287,50000
2016-06-21,7.298540196457287,7.301657936889307,7.047410716699833,7.057937571608289,50000
2016-06-22,7.057937571608289,7.213771715291998,7.045371698486007,7.133920454717513,50000
2016-06-23,7.133920454717513,7.354936876588186,7.101094395875813,7.336461150293235,50000
2016-06-24,7.336461150293235,7.516869337879598,7.299747771027225,7.5054559549518975,50000
2016-06-27,7.5054559549518975,7.509218513573715,7.342213823634031,7.374661068808816,105599
2016-06-28,7.374661068808816,7.398450924485012,6.971993560810141,6.9998514311040925,50000
2016-06-29,6.9998514311040925,7.020986548661146,6.745151525323747,6.783347527061004,50000
2016-06-30,6.783347527061004,6.793859489355978,6.309024213259166,6.3275839382476455,50000
2016-07-01,6.3275839382476455,6.330440498421155,6.286188583602159,6.327078342969914,50000
2016-07-04,6.327078342969914,6.371313995904814,6.315473548600837,6.3506379694477575,50000
2016-07-05,6.3506379694477575,6.874454523574044,6.289022447499151,6.861507799881933,50000
2016-07-06,6.861507799881933,6.906818486619532,6.277043675647538,6.309678460369534,50000
2016-07-07,6.309678460369534,6.602637936379117,6.2910331595823825,6.598083630424757,50000
2016-07-08,6.598083630424757,6.601863243012396,6.5137599695839405,6.522120276872535,103861
2016-07-11,6.522120276872535,6.566012907835267,6.2048989195638935,6.236734964994682,50000
2016-07-12,6.236734964994682,6.2959485299758065,6.213224382718037,6.257377822590282,50000
2016-07-13,6.257377822590282,6.275889400458473,6.032650308277753,6.051899248001116,58160
2016-07-14,6.051899248001116,6.053444924270888,5.965365189534943,6.000318009114832,50000
2016-07-15,6.000318009114832,6.475689795921737,5.97684693595142,6.451071892098253,50000
2016-07-18,6.451071892098253,6.524102104356687,6.389090911312562,6.480050000661011,54005
2016-07-19,6.480050000661011,6.7792179744780805,6.463991749674619,6.753768961283089,50000
2016-07-20,6.753768961283089,7.029597467660086,6.6582145541846804,6.979555484247508,50000
2016-07-21,6.979555484247508,7.18757661187925,6.9454471523921715,7.129737679457833,50000
2016-07-22,7.129737679457833,7.19518541624173,6.780944170566314,6.824869834495214,50000
2016-07-25,6.824869834495214,6.859739752724055,6.166179589729082,6.211869306994208,50000
2016-07-26,6.211869306994208,6.646675858816991,6.207426129602771,6.64196216968223,50000
2016-07-27,6.64196216968223,6.673423040758486,6.59875085286611,6.6496037846850085,60991
2016-07-28,6.6496037846850085,6.682805353014831,6.3333364057025445,6.383213822714978,123203
2016-07-29,6.383213822714978,6.604952389571741,6.368042928224004,6.528348189814306,65496
2016-08-01,6.528348189814306,6.535720646427271,6.445693971199027,6.46390591959509,50000
2016-08-02,6.46390591959509,6.514496484875091,6.18697907373577,6.2104846883872185,52756
2016-08-03,6.2104846883872185,6.482664294804691,6.20994446846608,6.426540977410716,50000
2016-08-04,6.426540977410716,6.4759202482763625,6.1862121458251025,6.207398359763151,50000
2016-08-05,6.207398359763151,6.614060618435487,6.191338110864105,6.608663181218869,124061
2016-08-08,6.608663181218869,6.639634198685145,5.967740493846649,6.0064007041065635,52000
2016-08-09,6.0064007041065635,6.123791334793315,5.983663039605027,6.09331175521377,50000
2016-08-10,6.09331175521377,6.601243108007151,6.0838514715421095,6.546265707296509,78262
2016-08-11,6.546265707296509,6.709347430228413,6.520108173096925,6.668914203940275,50000
2016-08-12,6.668914203940275,6.682479844409892,6.550038957687653,6.564633737040295,50000
2016-08-15,6.564633737040295,6.597128093514172,6.35545019632226,6.355477117965118,56263
2016-08-16,6.355477117965118,6.35553111405134,6.0601230591448285,6.067049786209385,50000
2016-08-17,6.067049786209385,6.069529083932191,5.8802646943233166,5.912041359964898,50000
2016-08-18,5.912041359964898,6.3421352785788425,5.9017029401962935,6.271987672938779,50000
2016-08-19,6.271987672938779,6.391393711745878,6.25885961690031,6.328419779325787,50000
2016-08-22,6.328419779325787,6.358557789186476,6.213252142983872,6.225802976181057,50000
2016-08-23,6.225802976181057,6.312257645730301,6.198165539954503,6.2870752823023235,145027
2016-08-24,6.2870752823023235,6.301735285891928,5.574424321484597,5.642388747399135,50000
2016-08-25,5.642388747399135,5.676167602835376,5.457114485664711,5.472117702658509,50000
2016-08-26,5.472117702658509,6.003256243489282,5.442499245295398,5.981077091869206,50000
2016-08-29,5.981077091869206,5.9981134036556,5.360879889813496,5.408814735942955,50000
2016-08-30,5.408814735942955,5.432908984014018,5.090984119777812,5.16417154470521,50000
2016-08-31,5.16417154470521,5.166729645265182,4.837548096565016,4.902959110273878,50240
2016-09-01,4.902959110273878,5.1368835705230715,4.874985400892644,5.1336754815198535,63726
2016-09-02,5.1336754815198535,5.139516884219521,4.71149536759651,4.748338263257055,50000
2016-09-05,4.748338263257055,5.038548803273922,4.723902271104694,4.9995936357162565,209849
2016-09-06,4.9995936357162565,5.2791732356605445,4.926632771826016,5.227304174265061,50000
2016-09-07,5.227304174265061,5.240903057827961,5.0176216301006304,5.052287717776052,50000
2016-09-08,5.052287717776052,5.090931532031214,4.956109834046742,4.977260520155779,50000
2016-09-09,4.977260520155779,5.152135097995217,4.9475520853956425,5.107526241048543,76091
2016-09-12,5.107526241048543,5.1403199810513325,5.0935253366276925,5.137914467660657,50000
2016-09-13,5.137914467660657,5.480885608160464,5.120941656150298,5.435812510187342,51623
2016-09-14,5.435812510187342,5.505570436029151,5.39798381486123,5.498926119780791,53198
2016-09-15,5.498926119780791,5.950490424850755,5.493182183550464,5.935126346532667,78795
2016-09-16,5.935126346532667,5.944764613955932,5.508228199213639,5.6087868369811265,52781
2016-09-19,5.6087868369811265,5.646509029211027,5.527332582627934,5.561904121920442,50000
2016-09-20,5.561904121920442,5.609488140898772,5.485515927194477,5.495001110075034,50000
2016-09-21,5.495001110075034,5.511709204076362,5.003453225642195,5.0206339103914095,50000
2016-09-22,5.0206339103914095,5.767384560842026,5.005957681181553,5.7600649454910755,50000
2016-09-23,5.7600649454910755,5.847712810774644,5.749070491466635,5.823876479948671,51503
2016-09-26,5.823876479948671,5.911082594225291,5.780335550486226,5.8561515755033176,50000
2016-09-27,5.8561515755033176,6.361399473676289,5.822568032618686,6.3069916439664775,58190
2016-09-28,6.3069916439664775,6.313223447243212,5.880511905688629,5.89782740706108,50000
2016-09-29,5.89782740706108,5.903702504755847,5.871480033029176,5.880180948111503,50000
2016-09-30,5.880180948111503,5.911895225681992,5.561203566024475,5.587306717961944,50000
2016-10-03,5.587306717961944,5.82286903055185,5.562598109431421,5.747996695172411,60569
2016-10-04,5.747996695172411,5.9637555900102575,5.703096767883506,5.932895431449779,50000
2016-10-05,5.932895431449779,5.94824110613456,5.599783644847742,5.655658274711841,50000
2016-10-06,5.655658274711841,5.661416354406999,4.733318739429778,4.763078331934978,64378
2016-10-07,4.763078331934978,4.900918047439678,4.743782514534413,4.865355770385051,50000
2016-10-10,4.865355770385051,4.870620777574195,4.3775234002886405,4.399263181880123,50000
2016-10-11,4.399263181880123,4.495209544755949,4.381573832971267,4.490169618032145,50000
2016-10-12,4.490169618032145,4.495696641100642,4.2377427085924255,4.285054460784007,50000
2016-10-13,4.285054460784007,4.60585950827574,4.269855833473458,4.580073003403462,50000
2016-10-14,4.580073003403462,4.705955709504171,4.498573347776101,4.697260977665537,50000
2016-10-17,4.697260977665537,4.846383023086002,4.656345037319301,4.84525159680204,50000
2016-10-18,4.84525159680204,4.885016663379833,4.50812215667936,4.5192637102961974,50000
2016-10-19,4.5192637102961974,4.830259676463251,4.511417677642043,4.816720717275349,50000
2016-10-20,4.816720717275349,4.954014462190092,4.816369635417439,4.933753653907211,50000
2016-10-21,4.933753653907211,4.9563470833723615,4.850414365938767,4.880964288435845,59700
2016-10-24,4.880964288435845,4.889693781342491,4.565490316100526,4.61081058980225,50000
2016-10-25,4.61081058980225,4.801835896185432,4.597613745320435,4.741891926970403,50000
2016-10-26,4.741891926970403,4.744098169747736,4.538699399941253,4.548501271622699,50000
2016-10-27,4.548501271622699,4.8496390138896315,4.510056432770747,4.845526553881722,57471
2016-10-28,4.845526553881722,5.052399875738228,4.825502784994548,5.022041900952956,151791
2016-10-31,5.022041900952956,5.38319657500986,5.013420333399474,5.376140910978019,50000
2016-11-01,5.376140910978019,5.406321771454584,4.7014400265941,4.716732390813039,91956
2016-11-02,4.716732390813039,4.749381126908662,4.341280703236373,4.356424250295487,50000
2016-11-03,4.356424250295487,4.513295873135775,4.348669022316002,4.50596769866555,50000
2016-11-04,4.50596769866555,4.947245258423718,4.477329135415476,4.883251786029123,50000
2016-11-07,4.883251786029123,5.184454445624426,4.871073761376113,5.178731916746354,50497
2016-11-08,5.178731916746354,5.204432083549056,4.783705753792836,4.790737177886627,50000
2016-11-09,4.790737177886627,4.957881358828183,4.775502691553851,4.9087232319136955,50000
2016-11-10,4.9087232319136955,4.9264190867347875,4.558775234581774,4.586756144393779,50000
2016-11-11,4.586756144393779,4.606965660982998,4.259270485938946,4.298478604941622,116331
2016-11-14,4.298478604941622,4.5094721495096195,4.287157553032515,4.48788051750701,50000
2016-11-15,4.48788051750701,4.521638823506905,4.439521849247791,4.51671286566353,50000
2016-11-16,4.51671286566353,4.532023468185019,4.491328000881947,4.501972741575488,50000
2016-11-17,4.501972741575488,4.506918786156548,4.367450093803346,4.3838365576456875,50000
2016-11-18,4.3838365576456875,4.4356686581704725,4.332810045715477,4.424693425773021,58984
2016-11-21,4.424693425773021,4.439715754516328,4.176999987799019,4.192349166471401,50000
2016-11-22,4.192349166471401,4.200375573488999,3.908217811997401,3.9171094442336942,136313
2016-11-23,3.9171094442336942,3.9381406968340715,3.5968778534974497,3.6071673495872294,50000
2016-11-24,3.6071673495872294,3.61215821829629,3.2423287170366795,3.2657245384294544,50000
2016-11-25,3.2657245384294544,3.2684011429727113,3.09494954527547,3.1056101581266202,135179
2016-11-28,3.1056101581266202,3.6730845869777498,3.103685410958971,3.655498147712501,50000
2016-11-29,3.655498147712501,3.660720503619112,3.4170649480274946,3.4380019315507604,50000
2016-11-30,3.4380019315507604,3.453893469337162,3.287281584830295,3.294589887584088,87608
2016-12-01,3.294589887584088,3.3905570626670096,3.2783617073693603,3.3840806179985377,55500
2016-12-02,3.3840806179985377,3.3896238852766625,2.966313339612446,3.0078808416016654,50000
2016-12-05,3.0078808416016654,3.2908080230843195,3.001643177045439,3.286162842212909,50000
2016-12-06,3.286162842212909,3.290696829753597,2.6941040409301147,2.7021553716900155,50000
2016-12-07,2.7021553716900155,2.9130709350337773,2.6860832965816717,2.9071366444723883,50000
2016-12-08,2.9071366444723883,2.9158704546903484,2.8264283233614096,2.8413458929068574,50000
2016-12-09,2.8413458929068574,2.843346267357337,1.6940535577704872,1.6967220795310034,88435
2016-12-12,1.6967220795310034,1.7132692179061522,1.186364709785249,1.1913496760597073,50000
2016-12-13,1.1913496760597073,1.2326529803624369,1.1862214995567393,1.2324211033974348,71861
2016-12-14,1.2324211033974348,1.235306758275888,1.1679834314083577,1.1792202034245334,50000
2016-12-15,1.1792202034245334,1.6068324932042268,1.1784702406742125,1.6044110865925387,50000
2016-12-16,1.6044110865925387,1.6559234067604733,1.603814398303791,1.653955175275752,50000
2016-12-19,1.653955175275752,1.768388794146506,1.6459147465933432,1.7601576367609617,50000
2016-12-20,1.7601576367609617,2.353261038526568,1.7585933233407478,2.340863889724843,50000
2016-12-21,2.340863889724843,2.3529153812289207,2.326521038091122,2.3298371189178013,50000
2016-12-22,2.3298371189178013,2.3338100385748177,2.229694684115563,2.243119444708233,50000
2016-12-23,2.243119444708233,2.257463722856773,1.8476198179572607,1.853564147221653,64347
2016-12-26,1.853564147221653,2.1460050082129856,1.849568647123949,2.131395148459151,50799
2016-12-27,2.131395148459151,2.4406902761396636,2.126698531389126,2.4381117424030383,50000
2016-12-28,2.4381117424030383,2.751220613528185,2.418532377826536,2.732432577600737,50000
2016-12-29,2.732432577600737,2.7569355947104484,2.593543335688824,2.6049398605034835,52098
2016-12-30,2.6049398605034835,2.6224072288624196,2.5758853149530947,2.6212827322915317,108930
2017-01-02,2.6212827322915317,2.968300853515072,2.6106712904795115,2.9680496238441294,50000
2017-01-03,2.9680496238441294,3.3829203983995604,2.956335777845644,3.3774156126956147,235955
2017-01-04,3.3774156126956147,3.387010045422413,3.2334660547279617,3.2472010017689863,60471
2017-01-05,3.2472010017689863,3.2588286954689343,2.8422707286123945,2.845600352131411,64359
2017-01-06,2.845600352131411,3.088484719571902,2.8232844280278933,3.087242329810919,56048
2017-01-09,3.087242329810919,3.1005106825658046,3.0379925346169068,3.073669377595489,50000
2017-01-10,3.073669377595489,3.1010921729720047,2.9629945675350178,2.973898749757885,50000
2017-01-11,2.973898749757885,3.2265713192573555,2.9608497211093434,3.2009982171100706,50000
2017-01-12,3.2009982171100706,3.649010011162096,3.194622226685884,3.6271526855161835,50000
2017-01-13,3.6271526855161835,3.6333832904710137,3.6141245754037485,3.6174174522194673,50000
2017-01-16,3.6174174522194673,4.004417615857539,3.6026718788912953,4.002654874148608,63536
2017-01-17,4.002654874148608,4.219123714300876,3.9636906214017142,4.213375210953005,50000
2017-01-18,4.213375210953005,4.263275262999304,4.210964168448768,4.241886722154398,50000
2017-01-19,4.241886722154398,4.268699727959995,3.649560345172016,3.6792733506919633,50000
2017-01-20,3.6792733506919633,3.725257865593194,3.5537381686187373,3.561069366937238,55666
2017-01-23,3.561069366937238,3.8092380664329637,3.554955274598276,3.7864940843828068,50000
2017-01-24,3.7864940843828068,3.970014197591082,3.764786328731448,3.964559992725495,50000
2017-01-25,3.964559992725495,3.9997121861575073,3.2983639732137764,3.3266404143412243,50000
2017-01-26,3.3266404143412243,3.3485045158076527,2.87848082656868,2.882030339220178,50000
2017-01-27,2.882030339220178,2.890971293126585,2.2769601662829757,2.2813457573368123,55217
2017-01-30,2.2813457573368123,2.6410821010347054,2.2482283373956515,2.6394455999494197,50000
2017-01-31,2.6394455999494197,2.6779988189241846,1.9067631441582777,1.9069747896297766,50000
2017-02-01,1.9069747896297766,2.044880581009762,1.9064743738836776,2.0426972157641172,222138
2017-02-02,2.0426972157641172,2.298050764245559,2.0397418150098505,2.2902722850920862,106893
2017-02-03,2.2902722850920862,2.301290526222168,1.8990375766919771,1.9227781160037019,50000
2017-02-06,1.9227781160037019,2.033589214512541,1.918369763178608,2.0200799293742313,50000
2017-02-07,2.0200799293742313,2.021888125125135,1.6727379514715528,1.6779697722543139,50000
2017-02-08,1.6779697722543139,2.0245528415507406,1.6768026132839,2.021202576300422,50000
2017-02-09,2.021202576300422,2.033484424032748,1.9180157972173708,1.9272317130507652,50000
2017-02-10,1.9272317130507652,1.9514533090510802,1.9083235522092092,1.941369150983285,77575
2017-02-13,1.941369150983285,1.9489692387068815,1.5270982763115888,1.5378807504259877,146200
2017-02-14,1.5378807504259877,1.7074764158184537,1.5312582654715676,1.70695941077759,50000
2017-02-15,1.70695941077759,1.9830324094316123,1.704824282416245,1.9795141957148013,60780
2017-02-16,1.9795141957148013,1.9900165155355882,1.3919511392751747,1.3923415945178605,50000
2017-02-17,1.3923415945178605,1.7822937326703885,1.3894677652653389,1.7690403435701192,71647
2017-02-20,1.7690403435701192,1.77028310957887,1.0816143276366796,1.086029560539435,82162
2017-02-21,1.086029560539435,1.1528887265657675,1.0795795025785992,1.1454780419406236,50000
2017-02-22,1.1454780419406236,1.83893680494671,1.137098375927726,1.8208777368816178,50000
2017-02-23,1.8208777368816178,2.1320471132113363,1.8127960895024195,2.1312225531469817,50000
2017-02-24,2.1312225531469817,2.347928831333062,2.1268410079879074,2.3442453513838055,231816
2017-02-27,2.3442453513838055,2.3613284373208137,2.0931181676691395,2.1005918587521157,50000
2017-02-28,2.1005918587521157,2.1618029520442983,2.092070453177866,2.1492885625737044,50000
2017-03-01,2.1492885625737044,2.1510159581738244,1.7483915070174947,1.7593084312405713,50000
2017-03-02,1.7593084312405713,1.7654483017043425,1.7494007447033664,1.7634911211228599,50000
2017-03-03,1.7634911211228599,2.0008097503382007,1.7542516888067292,1.9983469294478766,50000
2017-03-06,1.9983469294478766,2.2447964309678925,1.9852795056009405,2.2234595237736805,50000
2017-03-07,2.2234595237736805,2.226561169993531,1.697478806897888,1.7020537089805576,50000
2017-03-08,1.7020537089805576,1.7066433650629698,1.533086535167183,1.5357030286800797,129295
2017-03-09,1.5357030286800797,1.5475273628564457,1.356151101507272,1.358088302537826,73747
2017-03-10,1.358088302537826,1.3806976953082999,1.168239672399169,1.1794597646456029,50000
2017-03-13,1.1794597646456029,1.7571302882689042,1.1737993751741764,1.7336109750335933,50000
2017-03-14,1.7336109750335933,2.1702333851314144,1.7229412870719687,2.1662945171572487,50000
2017-03-15,2.1662945171572487,2.402477286846537,2.134386314023314,2.3969489555271215,91210
2017-03-16,2.3969489555271215,2.404958893903241,2.040532246943561,2.0416847300242424,50000
2017-03-17,2.0416847300242424,2.043029333755587,1.9478968008284305,1.9524561630891868,50000
2017-03-20,1.9524561630891868,2.6812531480223467,1.93872272387209,2.668203319323401,50000
2017-03-21,2.668203319323401,2.67427791827621,2.5871552736581465,2.592874513914998,50000
2017-03-22,2.592874513914998,2.613373867203005,2.152107931668835,2.1564696725129116,50000
2017-03-23,2.1564696725129116,2.157290334704237,1.5652496199539097,1.5752613607631576,50000
2017-03-24,1.5752613607631576,1.669695189505575,1.565161464103849,1.6693737320555109,50000
2017-03-27,1.6693737320555109,1.6703740598935513,1.5078121861848213,1.5154108267071849,50000
2017-03-28,1.5154108267071849,1.537633274662222,1.5052431219869056,1.5329226367384303,50000
2017-03-29,1.5329226367384303,1.5395993547702627,1.0872273706579663,1.0930473849246982,50000
2017-03-30,1.0930473849246982,1.237461172832056,1.0799108785325129,1.235274293836751,50000
2017-03-31,1.235274293836751,1.9394937929772822,1.2344244750906148,1.9295144234063617,52824
2017-04-03,1.9295144234063617,1.9305704890408006,1.5539182846275914,1.55803585909947,50000
2017-04-04,1.55803585909947,1.5607208073377798,1.0901102456151277,1.0938888296936342,50000
2017-04-05,1.0938888296936342,1.0982007964074751,1.0883861400034698,1.0940909813605706,50000
2017-04-06,1.0940909813605706,1.0967129964593083,1.0797613928004217,1.0942898348725225,50000
2017-04-07,1.0942898348725225,1.0977386273105427,1.092977357398797,1.0944853832591126,50000
2017-04-10,1.0944853832591126,1.1003201036832708,1.0900322091260601,1.0946776196658161,50000
2017-04-11,1.0946776196658161,1.1041748244677418,1.0880175468083635,1.0948665373542037,50000
2017-04-12,1.0948665373542037,1.099965769747415,1.0864377922645807,1.0950521297021762,87857
2017-04-13,1.0950521297021762,1.1045582167927308,1.0871016201789323,1.0952343902041972,50000
2017-04-14,1.0952343902041972,1.0994600116118118,1.0814694116910784,1.09541331247152,50000
2017-04-17,1.09541331247152,1.1007168844303667,1.0900063613492954,1.0955888902324138,50000
2017-04-18,1.0955888902324138,1.0961092995660124,1.0901124005589862,1.0957611173323811,50000
2017-04-19,1.0957611173323811,1.0969247129507556,1.0814115507382764,1.095929987734375,50000
2017-04-20,1.095929987734375,1.0998849395272283,1.0929866499179786,1.096095495519011,50000
2017-04-21,1.096095495519011,1.1018739026198676,1.0855914936031745,1.0962576348847723,65211
2017-04-24,1.0962576348847723,1.0989073992917135,1.092559154570049,1.0964164001482162,50000
2017-04-25,1.0964164001482162,1.099544136506899,1.0949762219218195,1.096571785744171,50000
2017-04-26,1.096571785744171,1.1041337222186596,1.0927372808296103,1.0967237862259323,111867
2017-04-27,1.0967237862259323,1.1036442203419634,1.095470303225256,1.096872396265453,50000
2017-04-28,1.096872396265453,1.107333521776792,1.0851640184754625,1.0970176106535312,51157
2017-05-01,1.0970176106535312,1.1033419515082785,1.0916584920967847,1.097159424299992,50000
2017-05-02,1.097159424299992,1.0979599738541115,1.0894358039373209,1.097297832233866,66089
2017-05-03,1.097297832233866,1.1005557882790225,1.096618530925236,1.0974328296035636,59122
2017-05-04,1.0974328296035636,1.098176478534474,1.0915523953618382,1.0975644116770455,50000
2017-05-05,1.0975644116770455,1.0986226732261504,1.092345224797302,1.0976925738419874,50000
2017-05-08,1.0976925738419874,1.1060541564484363,1.0846002683610827,1.0978173116059433,50000
2017-05-09,1.0978173116059433,1.1048071614116153,1.0969782197955116,1.097938620596502,112231
2017-05-10,1.097938620596502,1.1009583223580917,1.095939246790421,1.09805649656144,50000
2017-05-11,1.09805649656144,1.0991853123082997,1.0953571731830272,1.0981709353688716,50000
2017-05-12,1.0981709353688716,1.0983249933831305,1.0960516980956778,1.0982819330073927,50000
2017-05-15,1.0982819330073927,1.107150204539008,1.0965004608845148,1.0983894855862224,61273
2017-05-16,1.0983894855862224,1.1008019931376565,1.0962558613453324,1.0984935893353387,50000
2017-05-17,1.0984935893353387,1.1063762920529585,1.0960062178288366,1.0985942406056106,67101
2017-05-18,1.0985942406056106,1.1080852467090885,1.0943192204670047,1.0986914358689266,66909
2017-05-19,1.0986914358689266,1.0999517465766206,1.0912729744783634,1.0987851717183177,50000
2017-05-22,1.0987851717183177,1.1051539375383257,1.0960282991931836,1.0988754448680773,50000
2017-05-23,1.0988754448680773,1.1036342050362704,1.0887194250371415,1.0989622521538762,50000
2017-05-24,1.0989622521538762,1.1029787426830868,1.094288337931911,1.099045590532874,52514
2017-05-25,1.099045590532874,1.1036174226503093,1.0917531604213104,1.0991254570838243,50000
2017-05-26,1.0991254570838243,1.1067340303533664,1.0959306333602232,1.0992018490071787,50000
2017-05-29,1.0992018490071787,1.1007062894378197,1.0989741752382554,1.0992747636251843,50000
2017-05-30,1.0992747636251843,1.0999069847113607,1.0900268161349047,1.0993441983819774,50000
2017-05-31,1.0993441983819774,1.1017343645740467,1.095659913310754,1.0994101508436738,115835
2017-06-01,1.0994101508436738,1.1064754469570919,1.0829323785788278,1.0994726186984531,50000
2017-06-02,1.0994726186984531,1.1021656197007634,1.0958751867139294,1.0995315997566402,50000
2017-06-05,1.0995315997566402,1.1114039670620912,1.0916430237890498,1.0995870919507822,50000
2017-06-06,1.0995870919507822,1.1041280634851058,1.0924324304307877,1.0996390933357207,50000
2017-06-07,1.0996390933357207,1.105656390682787,1.0993167830661774,1.0996876020886601,50000
2017-06-08,1.0996876020886601,1.109759176083577,1.0896189380267045,1.0997326165092318,50000
2017-06-09,1.0997326165092318,1.1040673185186929,1.0882915137965918,1.0997741350195527,50000
2017-06-12,1.0997741350195527,1.107903954229125,1.0927254414686605,1.0998121561642817,54204
2017-06-13,1.0998121561642817,1.1099349732678185,1.097662266811818,1.0998466786106702,61149
2017-06-14,1.0998466786106702,1.1001363172663077,1.0979069776470698,1.0998777011486085,50000
2017-06-15,1.0998777011486085,1.1038901889994428,1.091180007394986,1.0999052226906694,50000
2017-06-16,1.0999052226906694,1.101540864343494,1.0974725894268937,1.0999292422721447,50000
2017-06-19,1.0999292422721447,1.1072081453273597,1.0943073351033408,1.0999497590510805,50000
2017-06-20,1.0999497590510805,1.1001569128016775,1.0934181993726704,1.099966772308305,78104
2017-06-21,1.099966772308305,1.1128448847163257,1.098951731828124,1.0999802814474562,50000
2017-06-22,1.0999802814474562,1.1071176203172413,1.095670241533881,1.0999902859950001,50000
2017-06-23,1.0999902859950001,1.1137492530413833,1.0976885834008265,1.0999967856002493,50000
2017-06-26,1.0999967856002493,1.1093561892833168,1.0914548630735421,1.0999997800353738,50000
2017-06-27,1.0999997800353738,1.1117238302251773,1.0968307480625525,1.0999992691954106,50000
2017-06-28,1.0999992691954106,1.1009770686006468,1.091110710088188,1.099995253098266,52791
2017-06-29,1.099995253098266,1.1040100747589991,1.0929976445395206,1.0999877318847153,62813
2017-06-30,1.0999877318847153,1.1065513228455357,1.092887565532568,1.0999767058183987,50000
2017-07-03,1.0999767058183987,1.1005764113493117,1.093529435867536,1.0999621752858109,50000
2017-07-04,1.0999621752858109,1.1012319177648056,1.0890227484885364,1.0999441407962878,50000
2017-07-05,1.0999441407962878,1.10614174144739,1.0960580966091629,1.0999226029819897,64873
2017-07-06,1.0999226029819897,1.1045494720276292,1.0912493545632476,1.0998975625978777,50000
2017-07-07,1.0998975625978777,1.1142672662130255,1.0984570361127284,1.0998690205216881,50000
2017-07-10,1.0998690205216881,1.1024847305100425,1.0951000941497382,1.0998369777539017,82874
2017-07-11,1.0998369777539017,1.1046240415501962,1.0967285997041087,1.0998014354177075,81503
2017-07-12,1.0998014354177075,1.100992104960779,1.0818373934844767,1.0997623947589652,50000
2017-07-13,1.0997623947589652,1.0998979139297906,1.0976941803562654,1.0997198571461606,50000
2017-07-14,1.0997198571461606,1.1033336529121307,1.0890885676872966,1.0996738240703567,66322
2017-07-17,1.0996738240703567,1.1063372428918261,1.094543910779863,1.0996242971451435,50000
2017-07-18,1.0996242971451435,1.1098854980522255,1.0990088930434792,1.0995712781065798,50000
2017-07-19,1.0995712781065798,1.10206328208521,1.0926891311456586,1.0995147688131324,50000
2017-07-20,1.0995147688131324,1.106240708342926,1.0892439055211514,1.0994547712456124,50000
2017-07-21,1.0994547712456124,1.1028708753785337,1.0976959262437014,1.0993912875071037,50000
2017-07-24,1.0993912875071037,1.1125230345498165,1.099054263082875,1.099324319822891,50000
2017-07-25,1.099324319822891,1.100885110163535,1.0979640845016698,1.0992538705403814,50000
2017-07-26,1.0992538705403814,1.1035501756955226,1.0979274813584365,1.099179942129021,50000
2017-07-27,1.099179942129021,1.1030516014395049,1.0973372549458846,1.09910253718021,54754
2017-07-28,1.09910253718021,1.1019037262202551,1.0956141238564199,1.0990216584072103,50000
2017-07-31,1.0990216584072103,1.1071415039805443,1.0980444211035023,1.0989373086450522,50000
2017-08-01,1.0989373086450522,1.0997522798594341,1.0938148887427526,1.0988494908504332,50000
2017-08-02,1.0988494908504332,1.098858580833012,1.0974764478233752,1.098758208101615,127945
2017-08-03,1.098758208101615,1.102380756136569,1.0945165840238966,1.0986634635983166,50000
2017-08-04,1.0986634635983166,1.1001619536917757,1.0981516013704256,1.0985652606616005,61642
2017-08-07,1.0985652606616005,1.100223812055357,1.093433517086672,1.0984636027337575,50000
2017-08-08,1.0984636027337575,1.099941875534511,1.0955329345116263,1.0983584933781854,50000
2017-08-09,1.0983584933781854,1.1005218635833307,1.095974437417585,1.0982499362792641,56685
2017-08-10,1.0982499362792641,1.1011888636985632,1.095460715907413,1.0981379352422274,91585
2017-08-11,1.0981379352422274,1.0986587058685755,1.0917439038221888,1.098022494193028,50000
2017-08-14,1.098022494193028,1.100555219919763,1.0869084112456835,1.0979036171782013,50000
2017-08-15,1.0979036171782013,1.1016763716710933,1.0926558074786035,1.0977813083647228,50000
2017-08-16,1.0977813083647228,1.101852329059828,1.0953050067243242,1.0976555720398622,50000
2017-08-17,1.0976555720398622,1.097937096961907,1.0822646369032436,1.0975264126110336,50000
2017-08-18,1.0975264126110336,1.1005843806261093,1.0951220775919146,1.0973938346056398,58701
2017-08-21,1.0973938346056398,1.1017173863341718,1.0915411932533883,1.0972578426709154,67288
2017-08-22,1.0972578426709154,1.1018572739737225,1.096487967253054,1.0971184415737616,50000
2017-08-23,1.0971184415737616,1.108878500072153,1.0941410537559122,1.0969756362005814,93930
2017-08-24,1.0969756362005814,1.0984327708911699,1.0959765534596808,1.0968294315571072,115725
2017-08-25,1.0968294315571072,1.1060067947003673,1.0936456041963043,1.096679832768225,50000
2017-08-28,1.096679832768225,1.0969011695343847,1.0812953702520394,1.0965268450777952,50000
2017-08-29,1.0965268450777952,1.097678281942606,1.0932830223120882,1.0963704738484696,50000
2017-08-30,1.0963704738484696,1.1030814395682464,1.0941579369617616,1.0962107245615014,109694
2017-08-31,1.0962107245615014,1.103112646236131,1.091086953992981,1.096047602816555,50000
2017-09-01,1.096047602816555,1.0974771369437992,1.0948066661012468,1.0958811143315093,50000
2017-09-04,1.0958811143315093,1.0979587800957826,1.0864612077477367,1.095711264942256,50000
2017-09-05,1.095711264942256,1.0996004615955106,1.0844653104397355,1.0955380606024967,50000
2017-09-06,1.0955380606024967,1.099298809544803,1.0931396532282627,1.0953615073835334,50000
2017-09-07,1.0953615073835334,1.1046034399509588,1.0931031172264876,1.0951816114740556,50000
2017-09-08,1.0951816114740556,1.1018159709602928,1.092258781858246,1.0949983791799236,58170
2017-09-11,1.0949983791799236,1.105586968685499,1.092342152746433,1.094811816923948,50000
2017-09-12,1.094811816923948,1.1061919207297466,1.0928858348249662,1.0946219312456629,50000
2017-09-13,1.0946219312456629,1.096373591696975,1.0754372085818003,1.0944287288010983,50000
2017-09-14,1.0944287288010983,1.098694284552165,1.0934563887628328,1.0942322163625469,50000
2017-09-15,1.0942322163625469,1.0964310889904192,1.0891330728974553,1.0940324008183246,50000
2017-09-18,1.0940324008183246,1.0965603895161227,1.093661251185575,1.0938292891725316,50000
2017-09-19,1.0938292891725316,1.09535443727119,1.079297586190306,1.0936228885448058,50000
2017-09-20,1.0936228885448058,1.0937207780920373,1.0916883593792988,1.0934132061700725,50000
2017-09-21,1.0934132061700725,1.100043093468909,1.0855299170177017,1.0932002493982922,50000
2017-09-22,1.0932002493982922,1.0944094184219157,1.0897754000900075,1.0929840256942016,79537
2017-09-25,1.0929840256942016,1.095258660646067,1.0786903037595146,1.0927645426370536,50000
2017-09-26,1.0927645426370536,1.0939845379205826,1.088578488693094,1.0925418079203495,77241
2017-09-27,1.0925418079203495,1.0989488383675428,1.0895183477929626,1.0923158293515713,85186
2017-09-28,1.0923158293515713,1.093133608567163,1.0828454502281448,1.0920866148519066,50000
2017-09-29,1.0920866148519066,1.1004744236308732,1.0858729062286256,1.091854172455972,75187
2017-10-02,1.091854172455972,1.0919041214222776,1.0882158134535882,1.091618510311531,50000
2017-10-03,1.091618510311531,1.0949580871454723,1.0891252461756236,1.0913796366792083,50000
2017-10-04,1.0913796366792083,1.092981985480478,1.0856563891189572,1.0911375599321997,50000
2017-10-05,1.0911375599321997,1.096535138761013,1.089517190529343,1.0908922885559804,50000
2017-10-06,1.0908922885559804,1.0969171780527165,1.088236345340413,1.0906438311480051,50000
2017-10-09,1.0906438311480051,1.0909947466104035,1.0898386813625662,1.090392196417409,71793
2017-10-10,1.090392196417409,1.0948965575809473,1.0895480965889437,1.0901373931847007,50000
2017-10-11,1.0901373931847007,1.0907953847620462,1.0895860333704093,1.089879430381455,164971
2017-10-12,1.089879430381455,1.091447579191205,1.0842934848027774,1.0896183170499965,50000
2017-10-13,1.0896183170499965,1.0960071127522815,1.0835550119734,1.0893540623430866,50000
2017-10-16,1.0893540623430866,1.089896346528639,1.0807679440146132,1.0890866755235997,94128
2017-10-17,1.0890866755235997,1.0909524688700047,1.0825194186513414,1.0888161659642002,50000
2017-10-18,1.0888161659642002,1.0926338847181112,1.0858778720717857,1.088542543147013,50000
2017-10-19,1.088542543147013,1.0900520493900632,1.0831397184322682,1.0882658166632924,71520
2017-10-20,1.0882658166632924,1.0999314829214042,1.0850531331328293,1.087985996213083,50000
2017-10-23,1.087985996213083,1.0903365784940602,1.0764736924579186,1.0877030916048838,50000
2017-10-24,1.0877030916048838,1.0978076209816998,1.0791951977150007,1.0874171127553007,58819
2017-10-25,1.0874171127553007,1.0993464706723144,1.0859943265191656,1.0871280696887016,50000
2017-10-26,1.0871280696887016,1.093235163491827,1.0740944229359637,1.0868359725368633,50000
2017-10-27,1.0868359725368633,1.094453270361487,1.0796338599909554,1.0865408315386174,50000
2017-10-30,1.0865408315386174,1.0907862225495293,1.0850596349474848,1.0862426570394896,50000
2017-10-31,1.0862426570394896,1.098402478693154,1.0676082269239646,1.0859414594913404,50000
2017-11-01,1.0859414594913404,1.0964441463940942,1.0810284140469408,1.0856372494519946,50406
2017-11-02,1.0856372494519946,1.0866728962576284,1.0792002243106744,1.0853300375848751,105457
2017-11-03,1.0853300375848751,1.0854859149562206,1.0831891788814254,1.0850198346586262,50000
2017-11-06,1.0850198346586262,1.0883030600213914,1.0760766571565759,1.0847066515467385,50000
2017-11-07,1.0847066515467385,1.0884915319078803,1.0802373359514128,1.0843904992271647,95619
2017-11-08,1.0843904992271647,1.0893192686071482,1.083424495075963,1.0840713887819384,50000
2017-11-09,1.0840713887819384,1.0862867887541943,1.0793788176071002,1.0837493313967828,50000
2017-11-10,1.0837493313967828,1.0956636066902246,1.0811376326853552,1.08342433836072,50000
2017-11-13,1.08342433836072,1.085073782146118,1.0790984989292822,1.083096421065675,50000
2017-11-14,1.083096421065675,1.0851149206532205,1.073781420436038,1.0827655910060772,50000
2017-11-15,1.0827655910060772,1.0892087391024674,1.0730597844057912,1.0824318597784544,50000
2017-11-16,1.0824318597784544,1.0845915862251732,1.079721044607094,1.0820952390810308,52920
2017-11-17,1.0820952390810308,1.0893196662545184,1.079394888041352,1.0817557407133134,54332
2017-11-20,1.0817557407133134,1.0842399812905699,1.0774366487341733,1.08141337657568,50000
2017-11-21,1.08141337657568,1.0825389810069193,1.0666358380680605,1.081068158668962,50000
2017-11-22,1.081068158668962,1.0885051518297297,1.0762836476928552,1.080720099094024,50000
2017-11-23,1.080720099094024,1.081419173977093,1.0779065033713264,1.0803692100513371,261148
2017-11-24,1.0803692100513371,1.0837421565986889,1.0798539918389678,1.080015503840556,50000
2017-11-27,1.080015503840556,1.0812123518282157,1.074139219027234,1.079658992860082,50506
2017-11-28,1.079658992860082,1.0848607693448358,1.0767263737603232,1.0792996896066342,101361
2017-11-29,1.0792996896066342,1.0820878032925527,1.073628698744978,1.0789376066748078,50000
2017-11-30,1.0789376066748078,1.0902420195625637,1.0771743845888526,1.0785727567566334,78002
2017-12-01,1.0785727567566334,1.0818587644433186,1.0742230884518194,1.078205152641132,70362
2017-12-04,1.078205152641132,1.0785530371621597,1.0741860302868393,1.0778348072138684,111751
2017-12-05,1.0778348072138684,1.0809774786853181,1.074491618349873,1.0774617334564958,50000
2017-12-06,1.0774617334564958,1.0855988112191535,1.0752945584260325,1.0770859444463052,60654
2017-12-07,1.0770859444463052,1.0784997020345592,1.07029232044823,1.0767074533557641,50000
2017-12-08,1.0767074533557641,1.0846305996433236,1.070506026179735,1.076326273452056,50000
2017-12-11,1.076326273452056,1.0837168370785881,1.066438750520331,1.0759424180966137,50000
2017-12-12,1.0759424180966137,1.0824442670851546,1.0714128028305154,1.0755559007446538,99540
2017-12-13,1.0755559007446538,1.079149734332423,1.0679741721976899,1.0751667349447014,50000
2017-12-14,1.0751667349447014,1.079238383843163,1.0672262688809147,1.0747749343381192,50000
2017-12-15,1.0747749343381192,1.0788524322568633,1.0730733404333483,1.074380512658626,50000
2017-12-18,1.074380512658626,1.0780844395477827,1.057081585764693,1.073983483731818,90826
2017-12-19,1.073983483731818,1.0842100989431191,1.0692492952262065,1.0735838614746809,51518
2017-12-20,1.0735838614746809,1.0765065090344423,1.0643334361513999,1.0731816598951056,50000
2017-12-21,1.0731816598951056,1.0747521589916758,1.072185277051868,1.0727768930913941,425569
2017-12-22,1.0727768930913941,1.0733140712436897,1.0663394379106852,1.072369575251768,89908
2017-12-25,1.072369575251768,1.079586253065656,1.0710278191965117,1.0719597206538694,50000
2017-12-26,1.0719597206538694,1.0735647035857239,1.0614998675366014,1.0715473436642615,50000
2017-12-27,1.0715473436642615,1.0750707477154355,1.0651392884620128,1.0711324587379232,115755
2017-12-28,1.0711324587379232,1.0748900593081077,1.0696698113926557,1.0707150804177445,59801
2017-12-29,1.0707150804177445,1.0768675681487658,1.0599418935743954,1.070295223334017,50000
2018-01-01,1.070295223334017,1.0726136136161633,1.0668516285040996,1.0698729022039175,50000
2018-01-02,1.0698729022039175,1.0714775555987102,1.060913053185382,1.0694481318309963,129596
2018-01-03,1.0694481318309963,1.0817840538950496,1.0575895432900517,1.069020927104657,72719
2018-01-04,1.069020927104657,1.0781153092160145,1.066605900359311,1.068591302999632,52822
2018-01-05,1.068591302999632,1.0761873388010632,1.0631125790400513,1.068159274575462,83169
2018-01-08,1.068159274575462,1.0746710097866041,1.061536805589225,1.0677248569759654,50000
2018-01-09,1.0677248569759654,1.0679619637456932,1.058312610463106,1.0672880654287067,50000
2018-01-10,1.0672880654287067,1.0776051032566307,1.0660412707762217,1.0668489152444651,53165
2018-01-11,1.0668489152444651,1.0681369086340635,1.0603777236823206,1.0664074218166972,50000
2018-01-12,1.0664074218166972,1.072775426290455,1.0610944312648585,1.0659636006209952,50000
2018-01-15,1.0659636006209952,1.0669357314546624,1.0574257376235012,1.0655174672145475,50000
2018-01-16,1.0655174672145475,1.0746936760661117,1.055816163132612,1.0650690372355922,50000
2018-01-17,1.0650690372355922,1.069049870276226,1.064349576351728,1.0646183264028672,62331
2018-01-18,1.0646183264028672,1.0731012284888566,1.0601042307622945,1.0641653505150623,50000
2018-01-19,1.0641653505150623,1.0654834856334423,1.0621820388296483,1.0637101254502639,50000
2018-01-22,1.0637101254502639,1.0689968403574308,1.0603717657592444,1.063252667165397,50000
2018-01-23,1.063252667165397,1.0661861411357447,1.060240371731577,1.0627929916956682,50000
2018-01-24,1.0627929916956682,1.0729269599128781,1.061654431007584,1.0623311151540038,50000
2018-01-25,1.0623311151540038,1.0665486151291985,1.061548612528308,1.0618670537304815,50000
2018-01-26,1.0618670537304815,1.0660872611697256,1.0591257594818992,1.0614008236917667,50000
2018-01-29,1.0614008236917667,1.0679389346876296,1.0603133191417489,1.0609324413805419,50000
2018-01-30,1.0609324413805419,1.0711024673734524,1.0514911585410929,1.0604619232149302,50000
2018-01-31,1.0604619232149302,1.0634622126912463,1.056647600367703,1.0599892856879245,50000
2018-02-01,1.0599892856879245,1.0621841044568732,1.0529412307464656,1.0595145453668076,50000
2018-02-02,1.0595145453668076,1.0713301239273716,1.0575810615196595,1.0590377188925688,50000
2018-02-05,1.0590377188925688,1.0613279705496161,1.0488609356958545,1.0585588229793252,50000
2018-02-06,1.0585588229793252,1.0593694016350907,1.04639305147017,1.058077874413733,50000
2018-02-07,1.058077874413733,1.0621544709470512,1.0470840481394197,1.0575948900543997,50000
2018-02-08,1.0575948900543997,1.0587294296757,1.0496816661632336,1.0571098868312923,50000
2018-02-09,1.0571098868312923,1.0684708312131144,1.052141522362184,1.0566228817451462,50000
2018-02-12,1.0566228817451462,1.0701360558021733,1.0544229253551545,1.056133891866866,51938
2018-02-13,1.056133891866866,1.0563795708040884,1.0487324952555996,1.05564293433693,50000
2018-02-14,1.05564293433693,1.0594956891791567,1.0413652142639085,1.0551500263647884,50000
2018-02-15,1.0551500263647884,1.058514833873951,1.0471918529483064,1.05465518522826,50000
2018-02-16,1.05465518522826,1.0590507144470132,1.050537007461064,1.0541584282729248,104899
2018-02-19,1.0541584282729248,1.054898904305759,1.0533050895686251,1.0536597729115202,50000
2018-02-20,1.0536597729115202,1.0698402036790213,1.0350668750355663,1.0531592366233256,50000
2018-02-21,1.0531592366233256,1.0556044421693316,1.046047900913033,1.0526568369535538,50000
2018-02-22,1.0526568369535538,1.05290926828771,1.0479851086691905,1.0521525915127345,119976
2018-02-23,1.0521525915127345,1.0558486949681525,1.045821346261164,1.0516465179760965,50000
2018-02-26,1.0516465179760965,1.055579533730028,1.0498073715719152,1.0511386340829474,118370
2018-02-27,1.0511386340829474,1.0534098061106887,1.0425720055407146,1.0506289576360552,50000
2018-02-28,1.0506289576360552,1.0579742966803574,1.0425628582678592,1.0501175065010195,50000
2018-03-01,1.0501175065010195,1.0583511570791366,1.0411417949563415,1.0496042986056493,50000
2018-03-02,1.0496042986056493,1.051859634696582,1.035648948961126,1.0490893519393332,50000
2018-03-05,1.0490893519393332,1.0549109349717467,1.0400770496598397,1.0485726845524082,50496
2018-03-06,1.0485726845524082,1.0562011739081802,1.035269953111915,1.0480543145555266,58516
2018-03-07,1.0480543145555266,1.0538207887190916,1.0438990061607258,1.0475342601190234,59504
2018-03-08,1.0475342601190234,1.055663594573265,1.0460994448166612,1.0470125394722765,52328
2018-03-09,1.0470125394722765,1.0535958286281355,1.0458275748469068,1.0464891709030706,50000
2018-03-12,1.0464891709030706,1.056317689673233,1.0300492329831543,1.0459641727569537,60366
2018-03-13,1.0459641727569537,1.0545184165995354,1.0414533878885393,1.0454375634365967,299511
2018-03-14,1.0454375634365967,1.047136302867264,1.0408627908433397,1.0449093614011438,123619
2018-03-15,1.0449093614011438,1.04843126126297,1.0414579190121522,1.0443795851655717,50000
2018-03-16,1.0443795851655717,1.046942594912524,1.0319374740500031,1.0438482533000342,51903
2018-03-19,1.0438482533000342,1.0501656966495834,1.0352738656713782,1.0433153844292165,74934
2018-03-20,1.0433153844292165,1.0462692181152722,1.0417781765689933,1.0427809972316793,50000
2018-03-21,1.0427809972316793,1.0548066922425914,1.032447658456743,1.0422451104392059,50000
2018-03-22,1.0422451104392059,1.0442113849220258,1.0404153557214848,1.0417077428361425,114686
2018-03-23,1.0417077428361425,1.0504832811421105,1.038467950486111,1.0411689132587447,50000
2018-03-26,1.0411689132587447,1.0520573947840204,1.039528507530304,1.0406286405945115,50000
2018-03-27,1.0406286405945115,1.0422236379545957,1.0353208601449326,1.0400869437815286,50000
2018-03-28,1.0400869437815286,1.0485846279027973,1.0391035598024367,1.0395438418078007,54048
2018-03-29,1.0395438418078007,1.0415380801346086,1.0290858005378334,1.038999353710589,50000
2018-03-30,1.038999353710589,1.0452233844460512,1.0306494932790031,1.0384534985757397,102570
2018-04-02,1.0384534985757397,1.0453846610970154,1.0377812460354883,1.03790629553702,50962
2018-04-03,1.03790629553702,1.0478965008881433,1.032096438687767,1.0373577637754428,50000
2018-04-04,1.0373577637754428,1.0441414483016485,1.0315916892608894,1.036807922518598,50000
2018-04-05,1.036807922518598,1.038041485185979,1.024926906231479,1.036256791039977,81052
2018-04-06,1.036256791039977,1.0431277250709592,1.0298970290505194,1.035704388658297,50000
2018-04-09,1.035704388658297,1.0391037747232217,1.0345961432017736,1.0351507347368225,50000
2018-04-10,1.0351507347368225,1.0355128532831839,1.0320145916729544,1.0345958486826905,50000
2018-04-11,1.0345958486826905,1.044489664662345,1.0315652509606652,1.0340397499462253,50000
2018-04-12,1.0340397499462253,1.0405100919953836,1.0305512138022155,1.0334824580202604,50000
2018-04-13,1.0334824580202604,1.0378833804193248,1.0288419889933604,1.0329239924394542,72184
2018-04-16,1.0329239924394542,1.0433841853894539,1.0215357297175804,1.032364372779605,52859
2018-04-17,1.032364372779605,1.0390457022299702,1.0280043425857701,1.0318036186569637,50000
2018-04-18,1.0318036186569637,1.0348274680650855,1.0260577354594151,1.0312417497275488,67819
2018-04-19,1.0312417497275488,1.0377336340524066,1.025755388741781,1.0306787856864543,50000
2018-04-20,1.0306787856864543,1.0341262907786881,1.0261521887063827,1.0301147462671625,50000
2018-04-23,1.0301147462671625,1.0305821648775075,1.022004748337232,1.0295496512408497,50000
2018-04-24,1.0295496512408497,1.0406237159136331,1.01914583715069,1.028983520415696,51810
2018-04-25,1.028983520415696,1.0381146821885905,1.0207665877368008,1.0284163736361862,50000
2018-04-26,1.0284163736361862,1.0316042978662296,1.0065141178368355,1.0278482307824202,50000
2018-04-27,1.0278482307824202,1.0311290948835643,1.025460560861226,1.02727911176941,50000
2018-04-30,1.02727911176941,1.0275071759922656,1.0258718349400786,1.0267090365463876,50000
2018-05-01,1.0267090365463876,1.0363769554086564,1.0211873968573957,1.0261380250961016,50000
2018-05-02,1.0261380250961016,1.0287949250009556,1.0255306783892795,1.0255660974341188,50000
2018-05-03,1.0255660974341188,1.02755081408645,1.0146998424792046,1.0249932736081198,50000
2018-05-04,1.0249932736081198,1.0257811566659134,1.0237944924940892,1.0244195736972008,50000
2018-05-07,1.0244195736972008,1.0318364852795259,1.0172748954637723,1.023845017811165,50000
2018-05-08,1.023845017811165,1.0263853568990047,1.0135188447077381,1.0232696260898217,184341
2018-05-09,1.0232696260898217,1.0291612007266888,1.0159775464622196,1.022693418702278,50000
2018-05-10,1.022693418702278,1.0265520606886909,1.0186980046270948,1.0221164158462326,50000
2018-05-11,1.0221164158462326,1.0221383250968612,1.020909294911977,1.0215386377472664,50000
2018-05-14,1.0215386377472664,1.0266229836653782,1.011630560575267,1.0209601046581362,50000
2018-05-15,1.0209601046581362,1.02962520293734,1.0187108173653217,1.0203808368580638,141192
2018-05-16,1.0203808368580638,1.0247389703790475,1.0162609587206983,1.019800854652022,50000
2018-05-17,1.019800854652022,1.02069935134878,1.0109372587524206,1.0192201783700283,50000
2018-05-18,1.0192201783700283,1.0242881303633913,1.0111953492334484,1.0186388283664292,50000
2018-05-21,1.0186388283664292,1.01973818181854,1.0046258516027984,1.0180568250191846,50000
2018-05-22,1.0180568250191846,1.0187405510608325,1.0153124232002428,1.017474188729159,50000
2018-05-23,1.017474188729159,1.0211009446835477,1.01688334409558,1.0168909399194022,134609
2018-05-24,1.0168909399194022,1.0206301487363902,1.0116253346909052,1.0163070990344334,118428
2018-05-25,1.0163070990344334,1.026644929902562,1.0101320297508258,1.0157226865395272,50000
2018-05-28,1.0157226865395272,1.0201942170452425,1.0149548083914277,1.0151377229199952,50000
2018-05-29,1.0151377229199952,1.018370198572251,1.0069111009632525,1.0145522286804647,50000
2018-05-30,1.0145522286804647,1.0161570068394876,1.006186021588466,1.0139662243441654,50000
2018-05-31,1.0139662243441654,1.020717635831669,1.0105012186937001,1.0133797304522076,50000
2018-06-01,1.0133797304522076,1.0235665225936244,1.0077601449439402,1.012792767562859,50000
2018-06-04,1.012792767562859,1.0133631811965977,1.004756706493901,1.0122053562508295,50000
2018-06-05,1.0122053562508295,1.0164055837107295,1.0075552255690199,1.0116175171065478,50000
2018-06-06,1.0116175171065478,1.0145394871966598,1.007230210981615,1.0110292707354365,50000
2018-06-07,1.0110292707354365,1.0119488102451044,1.010356720764666,1.0104406377571953,54852
2018-06-08,1.0104406377571953,1.0128554864320882,1.0098384029575034,1.0098516388050756,50000
2018-06-11,1.0098516388050756,1.0153167244733663,1.0084886476717727,1.0092622945251548,50000
2018-06-12,1.0092622945251548,1.0137179795896512,1.0058709972597273,1.0086726255756173,50000
2018-06-13,1.0086726255756173,1.0117870937811524,1.0032487591316386,1.0080826526260274,50000
2018-06-14,1.0080826526260274,1.016047822839244,1.0025428465487976,1.0074923963566058,71624
2018-06-15,1.0074923963566058,1.0116283542683588,0.9954933325873259,1.0069018774575031,64733
2018-06-18,1.0069018774575031,1.0155875458337167,1.0014030462121606,1.0063111166280778,50000
2018-06-19,1.0063111166280778,1.0089821022884433,1.0039762575909625,1.0057201345761662,79118
2018-06-20,1.0057201345761662,1.021249101833774,1.002950183117441,1.0051289520173612,50000
2018-06-21,1.0051289520173612,1.0089202315424235,0.9943109914967684,1.0045375896742834,50000
2018-06-22,1.0045375896742834,1.011773757097452,0.9998271921324541,1.003946068275856,53908
2018-06-25,1.003946068275856,1.0053973390725846,0.9970306584920252,1.0033544085565758,61245
2018-06-26,1.0033544085565758,1.0111222753193405,0.9927332533585237,1.0027626312557898,53280
2018-06-27,1.0027626312557898,1.0073678038754132,1.0016627068959052,1.002170757116965,50000
2018-06-28,1.002170757116965,1.0047576657627955,0.99214064130509,1.0015788068869642,50000
2018-06-29,1.0015788068869642,1.007583765584899,1.000298793235842,1.0009868013153174,127049
2018-07-02,1.0009868013153174,1.0012740071601136,0.9949754493682683,1.0003947611534947,70690
2018-07-03,1.0003947611534947,1.0006759144740238,0.9990480343130652,0.9998027071541762,160454
2018-07-04,0.9998027071541762,1.004397831565421,0.9924463689728187,0.9992106600705306,50000
2018-07-05,0.9992106600705306,1.0034594933995225,0.9945464941869404,0.9986186406554812,60308
2018-07-06,0.9986186406554812,1.0001785936064014,0.9964947600459371,0.9980266696609832,61516
2018-07-09,0.9980266696609832,0.9983416392722747,0.9973711882150446,0.9974347678372941,50000
2018-07-10,0.9974347678372941,1.0002246512652275,0.9849125602128503,0.9968429559322476,77455
2018-07-11,0.9968429559322476,1.0022293765432466,0.9943885920496774,0.9962512546905229,50000
2018-07-12,0.9962512546905229,1.0003731767173445,0.9799499776893741,0.9956596848529233,50000
2018-07-13,0.9956596848529233,1.0020032626719606,0.9881932441047665,0.9950682671556434,50000
2018-07-16,0.9950682671556434,0.995850003111475,0.9916117471556107,0.9944770223295465,55934
2018-07-17,0.9944770223295465,1.0022388811274088,0.9910662993833491,0.9938859710994359,50000
2018-07-18,0.9938859710994359,1.0033679273211418,0.9887132340212784,0.9932951341833292,50000
2018-07-19,0.9932951341833292,0.9990996899818615,0.9887203565402235,0.99270453229173,50000
2018-07-20,0.99270453229173,0.9943708090126315,0.9866648329095266,0.992114186126906,50000
2018-07-23,0.992114186126906,0.9939050281387628,0.9907414797356283,0.9915241163821586,50000
2018-07-24,0.9915241163821586,0.9935240748127468,0.9882848180625554,0.9909343437411017,55326
2018-07-25,0.9909343437411017,0.9952571604585949,0.988510000189794,0.9903448888769342,50000
2018-07-26,0.9903448888769342,0.9955887417805857,0.9796982478474817,0.9897557724517166,62661
2018-07-27,0.9897557724517166,0.9948613428036406,0.9878386745408879,0.9891670151156444,50000
2018-07-30,0.9891670151156444,0.9937440457076888,0.9830925422890106,0.9885786375063287,50000
2018-07-31,0.9885786375063287,0.9941580052134894,0.970491962943175,0.987990660248067,50000
2018-08-01,0.987990660248067,0.9934551145354219,0.9872321880379042,0.9874031039511258,50000
2018-08-02,0.9874031039511258,0.9969935560482398,0.9862366438618111,0.986815989211015,50000
2018-08-03,0.986815989211015,0.996076055084149,0.9802482037755416,0.9862293366077671,50000
2018-08-06,0.9862293366077671,0.9862479987246756,0.9783547614958253,0.9856431667052137,50000
2018-08-07,0.9856431667052137,0.9985088227807887,0.9713062938155131,0.9850575000502688,50000
2018-08-08,0.9850575000502688,0.990333981597257,0.9746463299286391,0.9844723571722036,50000
2018-08-09,0.9844723571722036,0.9870125815907956,0.9816070008876732,0.9838877585819313,50000
2018-08-10,0.9838877585819313,0.9895203278495509,0.9823650687502542,0.9833037247712859,50000
2018-08-13,0.9833037247712859,0.9879095984563953,0.9821423099928311,0.9827202762123047,50000
2018-08-14,0.9827202762123047,0.9893236121377915,0.979687127457708,0.9821374333565084,96400
2018-08-15,0.9821374333565084,0.9836947005809894,0.9694312465580807,0.9815552166341887,50000
2018-08-16,0.9815552166341887,0.9842058091648876,0.9802874829677497,0.9809736464536867,50000
2018-08-17,0.9809736464536867,0.9874224105756592,0.9803240918131229,0.9803927432006826,156377
2018-08-20,0.9803927432006826,0.9824350369839496,0.9735741857324559,0.9798125272374785,50000
2018-08-21,0.9798125272374785,0.9871322672368775,0.9757469000757926,0.9792330189022851,50000
2018-08-22,0.9792330189022851,0.9818849773246536,0.9622579966206933,0.9786542385085071,50000
2018-08-23,0.9786542385085071,0.9852217531037308,0.9665503665509002,0.9780762063440356,50000
2018-08-24,0.9780762063440356,0.9808364240810705,0.976191813578004,0.9774989426705311,85006
2018-08-27,0.9774989426705311,0.9784094410775035,0.9646651974149804,0.9769224677227185,50000
2018-08-28,0.9769224677227185,0.9790547197348085,0.966620094380583,0.9763468017076752,50000
2018-08-29,0.9763468017076752,0.9854662620610097,0.9737483875347512,0.9757719648041235,66072
2018-08-30,0.9757719648041235,0.9824908333668521,0.9686833650610364,0.9751979771617212,91856
2018-08-31,0.9751979771617212,0.9780006084236919,0.9713659615451272,0.9746248589003598,50000
2018-09-03,0.9746248589003598,0.9859281646846466,0.9730028507354861,0.9740526301094536,77125
2018-09-04,0.9740526301094536,0.9779561380302022,0.9674812404283142,0.9734813108472409,144133
2018-09-05,0.9734813108472409,0.9738565754231931,0.9701622316464279,0.9729109211400773,62155
2018-09-06,0.9729109211400773,0.9790101103446723,0.9694434211313996,0.9723414809817358,50000
2018-09-07,0.9723414809817358,0.9742579880824119,0.9631303281437094,0.971773010332703,50000
2018-09-10,0.971773010332703,0.9827174632351954,0.9688001826793358,0.9712055291194842,50000
2018-09-11,0.9712055291194842,0.9712511271978184,0.9662394028526569,0.9706390572338994,50000
2018-09-12,0.9706390572338994,0.9724558353593482,0.9692231888265657,0.9700736145323907,50000
2018-09-13,0.9700736145323907,0.9775471355851637,0.9626783901534589,0.969509220835324,50000
2018-09-14,0.969509220835324,0.979321021596947,0.9676734180544351,0.968945895926295,50000
2018-09-17,0.968945895926295,0.9689946491374442,0.9648706386569941,0.9683836595514336,50000
2018-09-18,0.9683836595514336,0.9780065019911596,0.9651304727843945,0.967822531418716,50000
2018-09-19,0.967822531418716,0.9738574139013817,0.9591945237546315,0.9672625311972688,50000
2018-09-20,0.9672625311972688,0.9677094927393517,0.9646486203240261,0.9667036785166842,50000
2018-09-21,0.9667036785166842,0.9669698318000586,0.9637753472122816,0.9661459929663289,50000
2018-09-24,0.9661459929663289,0.9726045321286065,0.9600456764246341,0.9655894940946593,66503
2018-09-25,0.9655894940946593,0.9661602618243853,0.9598744865038796,0.9650342014085334,50000
2018-09-26,0.9650342014085334,0.9714440596609112,0.9625099628823179,0.9644801343725308,50000
2018-09-27,0.9644801343725308,0.9652338824447038,0.9603139728064912,0.9639273124082686,50000
2018-09-28,0.9639273124082686,0.969642881077383,0.958151472402777,0.9633757548937187,50000
2018-10-01,0.9633757548937187,0.965307002398383,0.9590730729891794,0.9628254811625325,60204
2018-10-02,0.9628254811625325,0.9647171586772798,0.953361698084095,0.9622765105033612,50000
2018-10-03,0.9622765105033612,0.9663090436075495,0.9533645491238203,0.9617288621591774,50000
2018-10-04,0.9617288621591774,0.9631344146320215,0.9578396613596264,0.961182555326605,71869
2018-10-05,0.961182555326605,0.9672620423539169,0.9474952990789977,0.9606376091552441,50000
2018-10-08,0.9606376091552441,0.9631531847829504,0.9504729407174788,0.9600940427469978,50000
2018-10-09,0.9600940427469978,0.9606482614312007,0.9548969901103807,0.9595518751554066,50000
2018-10-10,0.9595518751554066,0.9626506894459671,0.9511420341419516,0.9590111253849783,70752
2018-10-11,0.9590111253849783,0.965225838478394,0.9568337662530625,0.9584718123905206,50000
2018-10-12,0.9584718123905206,0.959965112841156,0.9574360781861883,0.9579339550764795,88633
2018-10-15,0.9579339550764795,0.9581170760487147,0.9525388478496746,0.9573975722962755,83400
2018-10-16,0.9573975722962755,0.9620815576858097,0.9546139827088994,0.956862682851641,50000
2018-10-17,0.956862682851641,0.9633829019638471,0.954762717751766,0.956329305491964,50000
2018-10-18,0.956329305491964,0.9607363164126417,0.9551125899853687,0.9557974589136301,50000
2018-10-19,0.9557974589136301,0.9610163410251283,0.9549128471723974,0.9552671617593647,55292
2018-10-22,0.9552671617593647,0.9668615878752569,0.9540825066263545,0.9547384326175833,50000
2018-10-23,0.9547384326175833,0.9554398976347828,0.9528083533124557,0.9542112900217381,50000
2018-10-24,0.9542112900217381,0.9638539301550207,0.9536443037674599,0.9536857524496667,50000
2018-10-25,0.9536857524496667,0.9572716751506813,0.9473963514491446,0.9531618383229479,108179
2018-10-26,0.9531618383229479,0.9541277913516009,0.9450616940964509,0.9526395660062532,50000
2018-10-29,0.9526395660062532,0.9639896266159516,0.9436892996533888,0.9521189538067052,72623
2018-10-30,0.9521189538067052,0.9547110454181288,0.9493456043171385,0.9516000199732323,50000
2018-10-31,0.9516000199732323,0.9519216284456451,0.943957710417769,0.9510827826959343,50000
2018-11-01,0.9510827826959343,0.951587363570786,0.9493226012384071,0.9505672601054392,50000
2018-11-02,0.9505672601054392,0.9512945707479648,0.9462360215692801,0.9500534702722723,50000
2018-11-05,0.9500534702722723,0.9545867558281865,0.9372793955249643,0.9495414312062203,50000
2018-11-06,0.9495414312062203,0.9503406155352071,0.9447076378437154,0.949031160855701,61524
2018-11-07,0.949031160855701,0.9520605743511648,0.9471302230156489,0.9485226771071321,50000
2018-11-08,0.9485226771071321,0.9580243080846959,0.9455222423095571,0.9480159977843081,50000
2018-11-09,0.9480159977843081,0.9522169891588242,0.9467361263655794,0.9475111406477711,50000
2018-11-12,0.9475111406477711,0.9486613629605357,0.9435584648258856,0.9470081233941919,131254
2018-11-13,0.9470081233941919,0.951573421843696,0.9450702818334271,0.9465069636557478,50000
2018-11-14,0.9465069636557478,0.9484223100647389,0.942806065653044,0.9460076789995056,50000
2018-11-15,0.9460076789995056,0.9483767632947183,0.9393437946406064,0.9455102869268031,50000
2018-11-16,0.9455102869268031,0.959860098382482,0.9368543073686272,0.9450148048726403,50000
2018-11-19,0.9450148048726403,0.9511486997383651,0.9397698593656563,0.9445212502050634,50000
2018-11-20,0.9445212502050634,0.947225159887913,0.9329142609333214,0.9440296402245596,56625
2018-11-21,0.9440296402245596,0.9521288041087985,0.9386294182829281,0.9435399921634492,50000
2018-11-22,0.9435399921634492,0.946218219126823,0.9365493420631859,0.943052323185282,50504
2018-11-23,0.943052323185282,0.9484800531483442,0.9325090193464147,0.9425666503842335,137930
2018-11-26,0.9425666503842335,0.9515897814419082,0.9347032801277757,0.9420829907845101,123794
2018-11-27,0.9420829907845101,0.9439928355151175,0.9359516421868844,0.9416013613397474,50000
2018-11-28,0.9416013613397474,0.9419667238402296,0.9347442116710082,0.9411217789324201,50000
2018-11-29,0.9411217789324201,0.9422479625333124,0.9351222483840458,0.9406442603732478,154225
2018-11-30,0.9406442603732478,0.9429643154542282,0.9366416361699582,0.9401688224006068,50000
2018-12-03,0.9401688224006068,0.9454436239312776,0.9393970393531392,0.9396954816799418,50000
2018-12-04,0.9396954816799418,0.9426455400194897,0.9335653423328225,0.9392242548031844,50000
2018-12-05,0.9392242548031844,0.9410796626108807,0.9295160865702039,0.9387551582881685,72189
2018-12-06,0.9387551582881685,0.9428536895913624,0.9333250515289071,0.9382882085780537,50000
2018-12-07,0.9382882085780537,0.9432881308270004,0.9363468343173579,0.9378234220407483,61164
2018-12-10,0.9378234220407483,0.9474810326867198,0.9321522305901719,0.937360814968335,50000
2018-12-11,0.937360814968335,0.9385477749152027,0.9310482036655691,0.9369004035764992,50000
2018-12-12,0.9369004035764992,0.9369766265629614,0.9246661987894839,0.9364422040039629,50000
2018-12-13,0.9364422040039629,0.9439462047869366,0.9341758911102788,0.9359862323119162,50000
2018-12-14,0.9359862323119162,0.9409968317887677,0.9327315853018185,0.9355325044834567,50000
2018-12-17,0.9355325044834567,0.9404434449615061,0.9338115831034886,0.935081036423028,56259
2018-12-18,0.935081036423028,0.936823650958966,0.9308400216168299,0.934631843955863,50000
2018-12-19,0.934631843955863,0.9365574391036985,0.9340512194587766,0.9341849428274266,55157
2018-12-20,0.9341849428274266,0.9398967258570426,0.9308573842205097,0.9337403487028685,50000
2018-12-21,0.9337403487028685,0.9481736562357386,0.9326261514836677,0.933298077166469,82220
2018-12-24,0.933298077166469,0.9340710770435575,0.9293172415446196,0.9328581437210965,50000
2018-12-25,0.9328581437210965,0.9356158941869316,0.9238396094953891,0.9324205637876627,50000
2018-12-26,0.9324205637876627,0.9426223055675608,0.9236507220369751,0.9319853527045822,50000
2018-12-27,0.9319853527045822,0.9346549356869627,0.9266992028406694,0.9315525257272329,50000
2018-12-28,0.9315525257272329,0.9324609549213914,0.9295814242196385,0.9311220980274257,96623
2018-12-31,0.9311220980274257,0.933958283008436,0.9293222884640678,0.9306940846928675,50000
2019-01-01,0.9306940846928675,0.932785540721967,0.9215776465955268,0.9302685007266369,50000
2019-01-02,0.9302685007266369,0.9377575828088685,0.9297110130498211,0.9298453610466552,81188
2019-01-03,0.9298453610466552,0.9350676469388239,0.9266851876849169,0.9294246804851652,53391
2019-01-04,0.9294246804851652,0.967475970654815,0.9229929169414189,0.9665029447200756,50000
2019-01-07,0.9665029447200756,1.463937372933376,0.9647336995840121,1.4571587936951342,59578
2019-01-08,1.4571587936951342,1.817645858310999,1.4536931727682192,1.7954053013398366,50000
2019-01-09,1.7954053013398366,1.7962933800738456,1.686683197748576,1.6894784576831379,50000
2019-01-10,1.6894784576831379,1.6937059392540887,1.538358084679046,1.5386834355676904,50000
2019-01-11,1.5386834355676904,1.5387538955506626,1.1886354469067832,1.1955554472024903,56388
2019-01-14,1.1955554472024903,1.3440377269949009,1.191479521558619,1.3301262940572625,50000
2019-01-15,1.3301262940572625,1.3406962384938488,1.3276078076292313,1.3365306336302705,56455
2019-01-16,1.3365306336302705,1.9869808350918001,1.3323173328484264,1.9817615093588234,50000
2019-01-17,1.9817615093588234,2.3942243190263257,1.9708679723102105,2.3617283867178775,50000
2019-01-18,2.3617283867178775,2.7110278084615915,2.352792861946116,2.7028701500513104,50000
2019-01-21,2.7028701500513104,2.7358951309579154,2.463364143737376,2.4668798083041183,50000
2019-01-22,2.4668798083041183,2.473154871433787,2.2902999309767003,2.290357405192948,68085
2019-01-23,2.290357405192948,2.5669004278343177,2.266241660266167,2.5664875124825524,199131
2019-01-24,2.5664875124825524,2.8020282768935605,2.5533482397010725,2.7994600931118416,50000
2019-01-25,2.7994600931118416,3.112251950998728,2.798914382635418,3.092329943945642,50000
2019-01-28,3.092329943945642,3.3971977763206396,3.0911337534104852,3.3948518898079683,126153
2019-01-29,3.3948518898079683,3.758904474443782,3.3706479088117156,3.7366704744683403,50000
2019-01-30,3.7366704744683403,3.7432402325637706,3.553545775473498,3.56611490554458,61477
2019-01-31,3.56611490554458,3.8293372416915346,3.5470190261413874,3.8222009960237013,50000
2019-02-01,3.8222009960237013,3.8367465396661546,3.3562084108406456,3.357503168801153,50774
2019-02-04,3.357503168801153,3.5081483169733008,3.3424008202025135,3.4915155775759206,54581
2019-02-05,3.4915155775759206,3.66873480120985,3.4720960456014693,3.644265079018539,50000
2019-02-06,3.644265079018539,4.035661234462391,3.600377338896983,4.034332261988404,50000
2019-02-07,4.034332261988404,4.052584908933057,3.935827089553306,3.956643433095954,86686
2019-02-08,3.956643433095954,3.9686371106850853,3.5224103141517804,3.5317303377288845,50000
2019-02-11,3.5317303377288845,3.855587987896302,3.5245643112293443,3.83671672018901,50000
2019-02-12,3.83671672018901,4.082049573158694,3.8123529048149325,4.063105133309077,50000
2019-02-13,4.063105133309077,4.263389881161687,4.027230853958965,4.238455328428259,89474
2019-02-14,4.238455328428259,4.259335359531575,4.021498214937458,4.031885301303881,50000
2019-02-15,4.031885301303881,4.0482787947152135,3.877454088882097,3.923169574538247,50000
2019-02-18,3.923169574538247,4.457732220908088,3.9037055416473048,4.4170529657196225,50000
2019-02-19,4.4170529657196225,4.465964039804632,3.9524590282562198,3.9865922367863202,50000
2019-02-20,3.9865922367863202,4.026887568695554,3.7043228441373404,3.7161767997129624,50000
2019-02-21,3.7161767997129624,4.057447929698285,3.7072954848911306,4.021516171246392,50000
2019-02-22,4.021516171246392,4.038671738914631,3.878464742056558,3.8794164986408317,50000
2019-02-25,3.8794164986408317,3.888677332939538,3.2505640946471135,3.2704361965678594,50000
2019-02-26,3.2704361965678594,3.849575000088163,3.2651042712436027,3.8211054174995143,68862
2019-02-27,3.8211054174995143,3.9647418222600828,3.8174374784876446,3.9170012053244956,50000
2019-02-28,3.9170012053244956,4.0127371440100825,3.8786040034045395,3.9785048157809304,50000
2019-03-01,3.9785048157809304,4.001277469220098,3.3651598530216162,3.3716853606388506,140822
2019-03-04,3.3716853606388506,3.7344699750166934,3.3622169462796605,3.7117091607935584,50000
2019-03-05,3.7117091607935584,3.7124264124085506,2.7572836902821396,2.7610509177658358,50000
2019-03-06,2.7610509177658358,2.78931483220486,2.590607298059317,2.5930318479362486,63671
2019-03-07,2.5930318479362486,2.612443322718664,2.19584306129819,2.2066199897098846,50000
2019-03-08,2.2066199897098846,2.2160149374597355,1.6088225600355641,1.6118785890602587,50000
2019-03-11,1.6118785890602587,1.6228578932916968,1.425116120056473,1.427468361699446,50000
2019-03-12,1.427468361699446,1.4383844325297024,1.2862332430349144,1.2888003621845348,186369
2019-03-13,1.2888003621845348,1.295380545654749,1.039776020518021,1.0478703630331319,69086
2019-03-14,1.0478703630331319,1.1004657650615832,1.0436417336944672,1.0911193817979168,50818
2019-03-15,1.0911193817979168,1.178216429175621,1.0878799445651095,1.1740550953737474,50000
2019-03-18,1.1740550953737474,1.4875132363377663,1.1725324505328785,1.4808525237820453,50000
2019-03-19,1.4808525237820453,1.7221231503415328,1.4727843726288883,1.7189580559794848,50000
2019-03-20,1.7189580559794848,1.7190112351715081,1.376150241745414,1.3843918649054279,50000
2019-03-21,1.3843918649054279,1.4524130010626894,1.3763382501777246,1.4522026632401979,50000
2019-03-22,1.4522026632401979,1.4625774261069966,1.1553292927147325,1.1649426633351254,50000
2019-03-25,1.1649426633351254,1.4469830351745905,1.1597537255728132,1.4371622570215703,82683
2019-03-26,1.4371622570215703,1.4412011594730147,0.904891847067955,0.9096924368351158,50000
2019-03-27,0.9096924368351158,0.9133399196577016,0.9051815211523412,0.9094397443225497,50000
2019-03-28,0.9094397443225497,0.9109084465581806,0.907281946689042,0.9091902262030479,50000
2019-03-29,0.9091902262030479,0.9092998513148773,0.9079032983257077,0.9089438912229263,50000
2019-04-01,0.9089438912229263,0.9126771252737155,0.9070157733568488,0.9087007480169221,121895
2019-04-02,0.9087007480169221,0.9191705945026244,0.9040584344948981,0.908460805107893,50000
2019-04-03,0.908460805107893,0.9102262942487781,0.898105691908399,0.9082240709065157,50000
2019-04-04,0.9082240709065157,0.9125869914336288,0.9044097530865034,0.9079905537109938,50000
2019-04-05,0.9079905537109938,0.9141533638918692,0.902669395667802,0.9077602617067654,65837
2019-04-08,0.9077602617067654,0.9177785599319082,0.906254804842443,0.9075332029662168,121731
2019-04-09,0.9075332029662168,0.9128482223302246,0.9021141218638461,0.9073093854483985,50000
2019-04-10,0.9073093854483985,0.9204850701879311,0.9019499271267263,0.9070888169987478,94490
2019-04-11,0.9070888169987478,0.9084318092675504,0.9062840571833015,0.9068715053488121,63965
2019-04-12,0.9068715053488121,0.9101800623628773,0.9054871871561861,0.9066574581159799,50000
2019-04-15,0.9066574581159799,0.9077351049677875,0.9063433593510897,0.9064466828032116,95221
2019-04-16,0.9064466828032116,0.9075538696388368,0.9008427008460957,0.9062391867987785,50000
2019-04-17,0.9062391867987785,0.9091345224914511,0.8975578452180868,0.9060349773760017,50000
2019-04-18,0.9060349773760017,0.9078681662954319,0.8963235626116829,0.9058340616929996,97588
2019-04-19,0.9058340616929996,0.9112608456578621,0.9051842531397583,0.9056364467924345,226595
2019-04-22,0.9056364467924345,0.9058093176861512,0.9008733826866524,0.9054421396012677,50000
2019-04-23,0.9054421396012677,0.9078828763888426,0.8952427137128331,0.9052511469305159,50000
2019-04-24,0.9052511469305159,0.9083150824402485,0.9017220366213251,0.9050634754750124,90417
2019-04-25,0.9050634754750124,0.9110354043224376,0.9045266212227118,0.9048791318131721,50000
2019-04-26,0.9048791318131721,0.9081465544669638,0.8970872053319462,0.9046981224067622,50000
2019-04-29,0.9046981224067622,0.9057569658098789,0.8994761174337378,0.9045204536006736,50000
2019-04-30,0.9045204536006736,0.9061081081515345,0.8964262485938032,0.9043461316227008,90218
2019-05-01,0.9043461316227008,0.9093469533038209,0.9040490671283726,0.9041751625833221,50000
2019-05-02,0.9041751625833221,0.9172380548400078,0.9025600759058148,0.9040075524754859,50000
2019-05-03,0.9040075524754859,0.9064811474314463,0.8967459419112039,0.9038433071744002,50000
2019-05-06,0.9038433071744002,0.917306479257984,0.9006359041670849,0.9036824324373277,50000
2019-05-07,0.9036824324373277,0.9039110248297134,0.8950895004800741,0.9035249339033824,50000
2019-05-08,0.9035249339033824,0.9078756262023513,0.8981069586294294,0.9033708170933336,50000
2019-05-09,0.9033708170933336,0.9049338090877751,0.9005022166503779,0.9032200874094112,71499
2019-05-10,0.9032200874094112,0.9107198781891133,0.9022402360949631,0.9030727501351172,50000
2019-05-13,0.9030727501351172,0.904276864166055,0.900703426464426,0.9029288104350394,67588
2019-05-14,0.9029288104350394,0.9110305654427583,0.8959302158317075,0.9027882733546715,50000
2019-05-15,0.9027882733546715,0.9115496503510354,0.8968263793031396,0.9026511438202354,50000
2019-05-16,0.9026511438202354,0.9124048704115924,0.9024695802472715,0.9025174266385092,50000
2019-05-17,0.9025174266385092,1.1757647465179928,0.8987915820919904,1.173326373797672,50000
2019-05-20,1.173326373797672,1.2017207178037548,1.1578315380975808,1.1991277823193014,56042
2019-05-21,1.1991277823193014,1.2091271250725004,1.1880841416008074,1.2008797233736082,59155
2019-05-22,1.2008797233736082,1.282317377913252,1.19673169773477,1.280827865053774,50000
2019-05-23,1.280827865053774,1.690495085813259,1.2618588976210559,1.6841076208429777,107889
2019-05-24,1.6841076208429777,1.751643807484459,1.6651207100801644,1.743785761385394,50000
2019-05-27,1.743785761385394,1.7532816052393032,1.6368395599965457,1.652884882533446,50000
2019-05-28,1.652884882533446,1.9662431191957872,1.6500082682023396,1.96500690647777,50000
2019-05-29,1.96500690647777,1.9733455284577033,1.6629206073400382,1.6654216453200923,50000
2019-05-30,1.6654216453200923,1.8152370579991108,1.6649973495650667,1.7978267966789911,50000
2019-05-31,1.7978267966789911,2.122518544717542,1.791716173372377,2.112865235991744,50000
2019-06-03,2.112865235991744,2.6134777271799523,2.1064428803614854,2.583351085640527,50000
2019-06-04,2.583351085640527,2.793427954008353,2.5630809739955205,2.7595832421265016,50000
2019-06-05,2.7595832421265016,2.774006315075867,2.1677016954617194,2.191193997104594,50000
2019-06-06,2.191193997104594,2.196777422092549,1.82861194065773,1.8329298658891477,50000
2019-06-07,1.8329298658891477,1.8337357744989904,1.5651134586248874,1.5742099715811615,50000
2019-06-10,1.5742099715811615,1.5756063724906897,1.2315374225158697,1.2363203256403328,50000
2019-06-11,1.2363203256403328,1.327950121091342,1.2339484731945038,1.3206089411585724,74045
2019-06-12,1.3206089411585724,1.3221258063778556,1.0281755771193033,1.0383108121553164,50000
2019-06-13,1.0383108121553164,1.0529320012633738,0.8928550652161097,0.9005660152381353,50000
2019-06-14,0.9005660152381353,0.9137108244265392,0.8897041760016489,0.9005048546820387,50000
2019-06-17,0.9005048546820387,0.9047672891856026,0.8984804963398089,0.9004471817121559,50000
2019-06-18,0.9004471817121559,0.9030970531054867,0.892906193139594,0.9003929983500878,50000
2019-06-19,0.9003929983500878,1.0051246877588464,0.8928813221548428,0.9977726360514056,50000
2019-06-20,0.9977726360514056,1.0788268066047728,0.9963319925422697,1.0715192322009721,105857
2019-06-21,1.0715192322009721,1.0764503929611235,0.9329980822699254,0.9377531567160021,50000
2019-06-24,0.9377531567160021,1.0493395704858282,0.9298888905252072,1.0455504825311301,50000
2019-06-25,1.0455504825311301,1.3597791280458797,1.041283178195165,1.3502058411690252,50000
2019-06-26,1.3502058411690252,1.8667560549041518,1.3374340909005764,1.8423928566870909,50000
2019-06-27,1.8423928566870909,1.8505019314981226,1.5134191196246138,1.5165999722220573,50000
2019-06-28,1.5165999722220573,1.5576438101966699,1.5095314220337879,1.5554207982904298,50000
2019-07-01,1.5554207982904298,1.5613826006958658,0.8978587365505637,0.9000626534097749,50000
2019-07-02,0.9000626534097749,0.9040728554901337,0.8902458859833852,0.9000434503737986,50000
2019-07-03,0.9000434503737986,0.9034714926615818,0.8926319441978083,0.9000277510975622,50000
2019-07-04,0.9000277510975622,0.9033115995613326,0.8951129886558346,0.9000155561313694,50000
2019-07-05,0.9000155561313694,0.914264995908932,0.8974503977361877,0.909448938421356,50000
2019-07-08,0.909448938421356,0.9129224739047614,0.8996732550206631,0.9000016807161364,50000
2019-07-09,0.9000016807161364,1.1488998853748016,0.8973596042527103,1.147229629837406,50000
2019-07-10,1.147229629837406,1.2422453594552152,1.1388531036527154,1.237894613821398,50000
2019-07-11,1.237894613821398,1.2517920860928209,1.1531651794489908,1.1575382425368286,50000
2019-07-12,1.1575382425368286,1.2144137414079672,1.1570444187782267,1.2138583710435917,60689
2019-07-15,1.2138583710435917,1.4496544686542716,1.2021278301387246,1.4366985480585703,50000
2019-07-16,1.4366985480585703,1.6221605225577551,1.435212997133983,1.6168556167780859,101129
2019-07-17,1.6168556167780859,2.1640225593945153,1.6000110928466411,2.156070166036374,50000
2019-07-18,2.156070166036374,2.161247511728405,2.0095218409699225,2.016380772269865,50000
2019-07-19,2.016380772269865,2.169324645442925,1.999408213319549,2.1602165422294566,86867
2019-07-22,2.1602165422294566,2.4375666773421205,2.1373200673806743,2.437043084132621,51544
2019-07-23,2.437043084132621,2.669865638340233,2.4295232432372154,2.665673331810887,59771
2019-07-24,2.665673331810887,2.6756841917334055,2.3062176088530784,2.308482414947052,50000
2019-07-25,2.308482414947052,2.4937920705064647,2.2927349045220526,2.4899864922649955,50000
2019-07-26,2.4899864922649955,3.139670960316097,2.4561937969075607,3.1163325941694944,50000
2019-07-29,3.1163325941694944,3.1377643176897427,3.0090388011611795,3.029108196147886,50000
2019-07-30,3.029108196147886,3.0459826091023268,2.481886393860841,2.487610594576988,50000
2019-07-31,2.487610594576988,2.49405664172529,2.3946316404260406,2.39830700007304,50000
2019-08-01,2.39830700007304,2.537130392008165,2.392423137334376,2.5332170352298333,50000
2019-08-02,2.5332170352298333,2.7079113663874694,2.5313685041029608,2.6997444598430924,50000
2019-08-05,2.6997444598430924,2.71746124322132,2.6493198459307976,2.6542414494689632,50000
2019-08-06,2.6542414494689632,2.8983065687613254,2.6503177678079184,2.896401065141989,94343
2019-08-07,2.896401065141989,2.924306441307118,2.6827247328767445,2.6945647361418836,50000
2019-08-08,2.6945647361418836,2.9562359535306375,2.6605817711193063,2.9487804873154353,50000
2019-08-09,2.9487804873154353,3.017496331431389,2.9197406087999855,3.0079338385989334,50000
2019-08-12,3.0079338385989334,3.2100396215172298,3.0011394261206403,3.1870234963866984,180439
2019-08-13,3.1870234963866984,3.463501379852647,3.1787153883225683,3.4432425939184124,50000
2019-08-14,3.4432425939184124,4.217673727143338,3.4316002190839487,4.204417476649275,50000
2019-08-15,4.204417476649275,4.2464824419642975,3.994897629311071,4.046105521151427,65734
2019-08-16,4.046105521151427,4.095151731020126,4.022201461579504,4.066390864513841,50000
2019-08-19,4.066390864513841,4.528074465681472,4.042093839526889,4.515906986766012,50000
2019-08-20,4.515906986766012,4.848467848778171,4.466768248285084,4.834242213445731,64057
2019-08-21,4.834242213445731,5.048697239219647,4.8245836024495645,5.035681306793611,50000
2019-08-22,5.035681306793611,5.122356411625096,5.000798053820961,5.1207431533729375,50000
2019-08-23,5.1207431533729375,5.138696884544983,4.875043255711144,4.903464728677103,50000
2019-08-26,4.903464728677103,5.041420487617607,4.898123456066754,5.041009056992883,50000
2019-08-27,5.041009056992883,5.465447826377949,4.996005450878492,5.444985252990913,57269
2019-08-28,5.444985252990913,5.929426641427547,5.400503076118934,5.893987120525168,50000
2019-08-29,5.893987120525168,5.956107298602777,5.537252805078924,5.596861731039375,50212
2019-08-30,5.596861731039375,5.637261462255466,5.3471810446475265,5.351303945640063,50000
2019-09-02,5.351303945640063,5.90571983108129,5.252093119716562,5.898144011096163,50000
2019-09-03,5.898144011096163,5.993653443215883,5.85528271861962,5.959921299793641,50000
2019-09-04,5.959921299793641,5.974639995419616,5.360987496237926,5.414277447516586,50000
2019-09-05,5.414277447516586,6.019129614906313,5.3523401341764485,5.968832068446292,50000
2019-09-06,5.968832068446292,6.0560954971456695,5.956539824349083,6.039835569204466,50000
2019-09-09,6.039835569204466,6.155367365312463,5.949308270131365,6.132111430655151,50000
2019-09-10,6.132111430655151,6.2896041643503935,6.103649856092408,6.241457572159598,50000
2019-09-11,6.241457572159598,6.5064886958827035,6.224942218121126,6.42611529703914,50000
2019-09-12,6.42611529703914,6.470977707932113,6.409322444220629,6.428519969440664,50000
2019-09-13,6.428519969440664,6.475583988387589,6.385568715843873,6.416007093889061,186190
2019-09-16,6.416007093889061,6.820610654695799,6.370251343634137,6.75618665381696,50000
2019-09-17,6.75618665381696,6.840432442462873,6.6638752319495325,6.674146000700726,50000
2019-09-18,6.674146000700726,6.855150285290943,6.6395045664570045,6.727593266792158,50000
2019-09-19,6.727593266792158,6.8223458335880185,6.712040229001232,6.817230176777562,56882
2019-09-20,6.817230176777562,6.991686051265484,6.730690446309605,6.987811835202681,50000
2019-09-23,6.987811835202681,7.080552221360734,6.565644372977725,6.605057177623757,50000
2019-09-24,6.605057177623757,6.875787156357656,6.6047861567481565,6.845539456803585,50000
2019-09-25,6.845539456803585,7.121359347777333,6.82325393056831,7.101457937458411,103423
2019-09-26,7.101457937458411,7.2215705514325785,7.100093211677023,7.175589155672906,50000
2019-09-27,7.175589155672906,7.315738265494272,7.052034968238181,7.266433724915682,50000
2019-09-30,7.266433724915682,7.489370090984847,7.179075718265314,7.427495435844293,50000
2019-10-01,7.427495435844293,7.469854127018195,7.322978018451562,7.363593187621481,50000
2019-10-02,7.363593187621481,7.7588135112811205,7.350363209787053,7.7310523532112745,50000
2019-10-03,7.7310523532112745,7.75903595864887,7.400882056023816,7.4462460850442636,55197
2019-10-04,7.4462460850442636,7.453400015082528,7.398461574440713,7.447875755970176,50000
2019-10-07,7.447875755970176,7.514786500668582,7.102505001725846,7.24175938457679,50000
2019-10-08,7.24175938457679,7.736825257976793,7.240565038124746,7.702592553563105,50000
2019-10-09,7.702592553563105,7.733263785807582,7.360031653096713,7.388151005075935,105406
2019-10-10,7.388151005075935,7.733365633253695,7.375083359892818,7.699335362397198,50000
2019-10-11,7.699335362397198,7.792974112941965,7.0489518693935755,7.053914328091775,68558
2019-10-14,7.053914328091775,7.172454715864763,6.74130977109115,6.751779733129825,50000
2019-10-15,6.751779733129825,6.823405585887114,6.6836175391970185,6.706391503855139,50000
2019-10-16,6.706391503855139,6.7445106081662995,5.965492338940644,5.993433973477747,50000
2019-10-17,5.993433973477747,6.346712403850185,5.993066116223587,6.292259818543324,50000
2019-10-18,6.292259818543324,6.344380024577291,5.806296483255935,5.825999212968,50000
2019-10-21,5.825999212968,5.827351686966158,5.14224914181773,5.174571666219542,50000
2019-10-22,5.174571666219542,5.680940050050861,5.148047945930403,5.654480937453499,50000
2019-10-23,5.654480937453499,5.842807106423534,5.637718482613685,5.837171680646811,50000
2019-10-24,5.837171680646811,6.311829423706462,5.8169264243906,6.25871301955973,54145
2019-10-25,6.25871301955973,6.264970235843757,6.230050340418174,6.258706491406446,50000
2019-10-28,6.258706491406446,6.3461221275372,6.245530547650302,6.28638998148145,95733
2019-10-29,6.28638998148145,6.774430020072424,6.244817128238095,6.765238631165501,50000
2019-10-30,6.765238631165501,7.109564736316844,6.7359961630500385,7.097613438783954,50000
2019-10-31,7.097613438783954,7.558984342167912,7.0704327696010045,7.529724130976569,50000
2019-11-01,7.529724130976569,7.589425418078143,7.40212724061837,7.471136521873146,50000
2019-11-04,7.471136521873146,7.4941175296223435,7.339215438860972,7.394124720174384,50000
2019-11-05,7.394124720174384,7.52512096369233,7.324220094872272,7.497548546433891,50000
2019-11-06,7.497548546433891,7.559850547640841,7.024065284458263,7.024174660795232,50000
2019-11-07,7.024174660795232,7.215257342154393,6.957240089773425,7.158512452965268,52262
2019-11-08,7.158512452965268,7.951364323925631,7.074707889327086,7.886819122172512,60083
2019-11-11,7.886819122172512,8.039863545675772,7.814879738178179,8.038869789949215,82042
2019-11-12,8.038869789949215,8.553092580267979,7.94655304699526,8.527079099842027,50000
2019-11-13,8.527079099842027,8.794574433884698,8.476977651584756,8.759273103531795,50000
2019-11-14,8.759273103531795,8.780447252832044,8.570603065705628,8.609829970020378,50000
2019-11-15,8.609829970020378,8.625518690646613,8.336071219765438,8.408150794644763,106316
2019-11-18,8.408150794644763,8.417259151267368,7.852874595614412,7.93077734368166,50000
2019-11-19,7.93077734368166,7.976892099273193,7.581294050096179,7.599181729525829,50000
2019-11-20,7.599181729525829,8.324402378188118,7.595067589134287,8.250243217315218,50000
2019-11-21,8.250243217315218,8.734830900538492,8.212891663405944,8.657538581709469,50000
2019-11-22,8.657538581709469,8.72656459198007,8.331396417669529,8.360186952082376,50000
2019-11-25,8.360186952082376,8.72321681443549,8.332943938890832,8.595764747523132,54305
2019-11-26,8.595764747523132,8.710676533558106,8.580997067484983,8.637184222414104,50000
2019-11-27,8.637184222414104,8.70886730141713,8.626742208714338,8.673974877021534,50000
2019-11-28,8.673974877021534,8.857166499840408,8.577123872670773,8.815942353576522,118403
2019-11-29,8.815942353576522,8.835755303381017,8.626383677406375,8.832908962433258,50000
2019-12-02,8.832908962433258,8.924214971278381,8.824243969156004,8.915039958835504,50000
2019-12-03,8.915039958835504,9.210002990841595,8.905549053689834,9.06815388831974,50000
2019-12-04,9.06815388831974,9.210232336163605,8.920944614596236,9.111766664858237,50000
2019-12-05,9.111766664858237,9.529028078637882,9.096623894111328,9.468451998882793,67727
2019-12-06,9.468451998882793,9.494128105497534,9.32599865991033,9.358708263126877,50000
2019-12-09,9.358708263126877,10.232185318219175,9.299944911038791,10.182869818608395,50000
2019-12-10,10.182869818608395,10.193223192594063,10.017480025102033,10.077064796218593,148150
2019-12-11,10.077064796218593,10.228191941997643,10.062304635852172,10.189168694082648,50000
2019-12-12,10.189168694082648,10.193502362624928,9.880821879291362,9.949584120051478,85231
2019-12-13,9.949584120051478,9.950163204461596,9.709621486357303,9.816485776646209,77149
2019-12-16,9.816485776646209,10.42823850504912,9.764594554508077,10.352062915802005,50000
2019-12-17,10.352062915802005,10.944708431876009,10.349608531461017,10.921482648314315,50000
2019-12-18,10.921482648314315,10.933227851916184,10.204865907086901,10.244656816832654,50000
2019-12-19,10.244656816832654,10.305311633117991,10.178633644288475,10.274008753481311,50000
2019-12-20,10.274008753481311,10.427672791676839,10.191923730984824,10.405161814536145,50000
2019-12-23,10.405161814536145,10.8874756925448,10.397842747464248,10.860659869364419,50000
2019-12-24,10.860659869364419,10.878924211409808,10.605739738212945,10.685951605408924,50000
2019-12-25,10.685951605408924,10.81542979287211,10.623976490483548,10.789924951664167,50000
2019-12-26,10.789924951664167,11.252979103171562,10.774082425772264,11.230094470605518,50000
2019-12-27,11.230094470605518,11.336880540812807,10.542713405543223,10.561295856982639,50000
2019-12-30,10.561295856982639,10.670276805007319,10.549787290578388,10.561135580409541,51124
2019-12-31,10.561135580409541,10.634952536545393,10.02816838121516,10.148197570600923,90729
2020-01-01,10.148197570600923,10.313159799495969,10.113651652201217,10.241631041859332,50000
2020-01-02,10.241631041859332,10.318330506841784,10.042133992780274,10.151682724132543,50000
2020-01-03,10.151682724132543,10.243234847306123,9.504600631538363,9.55996805548181,50000
2020-01-06,9.55996805548181,9.773219743018073,9.516173562011492,9.753769450379213,50000
2020-01-07,9.753769450379213,9.794170906271635,9.538283033863419,9.549756559536617,52618
2020-01-08,9.549756559536617,9.586207107566898,9.521053826392023,9.529106506168894,50000
2020-01-09,9.529106506168894,9.650409976308335,8.617651591966132,8.647744459202777,50000
2020-01-10,8.647744459202777,8.684559188696587,8.573167666620272,8.580800976705095,50000
2020-01-13,8.580800976705095,8.613602581459201,8.563877839391491,8.596587476065896,50000
2020-01-14,8.596587476065896,8.631402928054332,8.387534663678853,8.471465502873459,50000
2020-01-15,8.471465502873459,8.556093787432912,8.327070178318001,8.36711610586375,50000
2020-01-16,8.36711610586375,8.80138249522781,8.340404222233746,8.79962346000353,50000
2020-01-17,8.79962346000353,8.830719888246772,8.541202060681382,8.642628766886224,50000
2020-01-20,8.642628766886224,8.740634851842337,8.609779079735302,8.738532880847567,53227
2020-01-21,8.738532880847567,9.416359124585092,8.679353238672624,9.27900113502102,50000
2020-01-22,9.27900113502102,9.458236791539152,9.230096542570102,9.399965408964846,91058
2020-01-23,9.399965408964846,9.427445856607266,8.917855340080804,9.006244663499515,50000
2020-01-24,9.006244663499515,9.082883493303635,8.993665595236914,9.028245430741176,50000
2020-01-27,9.028245430741176,9.57271504018584,8.989664401634602,9.492400715659793,50000
2020-01-28,9.492400715659793,10.0804509086749,9.468895276961288,10.057807712546186,50000
2020-01-29,10.057807712546186,10.063944408523406,9.705441610150277,9.781251405206781,50000
2020-01-30,9.781251405206781,9.880535440800587,9.70298033189417,9.813669030830203,50000
2020-01-31,9.813669030830203,9.900458427855929,9.79678441182144,9.86616078146748,50000
2020-02-03,9.86616078146748,9.918177946407678,9.827689327641066,9.828916472915322,76437
2020-02-04,9.828916472915322,9.88981550548934,9.594024661058338,9.64083439176222,124340
2020-02-05,9.64083439176222,9.902686359494561,9.573477328125046,9.767700087556147,61594
2020-02-06,9.767700087556147,10.078210283240429,9.762208082465426,10.011517608888784,50000
2020-02-07,10.011517608888784,10.100775082864818,9.853838459958839,9.874683337863853,50000
2020-02-10,9.874683337863853,9.958287107441723,9.758343061760307,9.758581754377952,50000
2020-02-11,9.758581754377952,9.864490328900986,9.745633773051178,9.757348886478287,50000
2020-02-12,9.757348886478287,10.13835165290583,9.69037465746648,10.117173223533044,50000
2020-02-13,10.117173223533044,10.152655402153371,9.732709497809006,9.854485459683696,50000
2020-02-14,9.854485459683696,10.255656917151645,9.8353762815667,10.16620179559299,50000
2020-02-17,10.16620179559299,10.24657372862732,9.810144157828022,9.939131621734433,50000
2020-02-18,9.939131621734433,9.957390796550989,9.706666817814105,9.744345883024458,50000
2020-02-19,9.744345883024458,9.753270974798289,9.513744698426136,9.584257781574724,50000
2020-02-20,9.584257781574724,9.953261913866353,9.56666454685445,9.92552075746953,50000
2020-02-21,9.92552075746953,10.035548492515415,9.866351205647565,10.011624963924584,66771
2020-02-24,10.011624963924584,10.11740852222105,10.007620587383894,10.10114634508211,50000
2020-02-25,10.10114634508211,10.294928460573592,9.881597693111189,9.895874288656385,50000
2020-02-26,9.895874288656385,9.933381886476283,9.76682344372132,9.847026041801165,104193
2020-02-27,9.847026041801165,10.075823511438548,9.82774001579192,10.054411464907131,54328
2020-02-28,10.054411464907131,10.060307485995832,9.632352947689355,9.665098419308533,50000
2020-03-02,9.665098419308533,9.716131614642585,8.919259991814615,9.038414577348254,66581
2020-03-03,9.038414577348254,9.454297093246028,8.976226318096725,9.4417464073711,50000
2020-03-04,9.4417464073711,9.587774335308834,9.360420631771454,9.383639917533083,190838
2020-03-05,9.383639917533083,9.642231086984484,9.373652536921368,9.616553575305542,50000
2020-03-06,9.616553575305542,9.820586817513567,9.537278344588723,9.734104729336236,50000
2020-03-09,9.734104729336236,9.824178493480026,9.592550494041744,9.6538028956669,50000
2020-03-10,9.6538028956669,9.70441558368742,9.5963290310313,9.602055876196347,50000
2020-03-11,9.602055876196347,9.612385359044717,9.587734143865152,9.600614629992604,52686
2020-03-12,9.600614629992604,9.694685410413042,9.463512439363663,9.644564255693746,50000
2020-03-13,9.644564255693746,9.655291426253106,9.40430434248734,9.466883505730282,50000
2020-03-16,9.466883505730282,9.489042012230676,9.11695191287483,9.204799448070547,50000
2020-03-17,9.204799448070547,9.332928832202938,8.796303178084022,8.898158225476081,50000
2020-03-18,8.898158225476081,8.911322209019216,8.21492232115403,8.25168909629757,97018
2020-03-19,8.25168909629757,8.337828420519395,8.13733518268035,8.28795964354283,50000
2020-03-20,8.28795964354283,8.537822874709692,8.247980623320032,8.46940499582323,57911
2020-03-23,8.46940499582323,8.469780713333115,8.365787296034995,8.464057355104831,50000
2020-03-24,8.464057355104831,8.488040441335801,8.052401341441113,8.080720339617084,95172
2020-03-25,8.080720339617084,8.090738639468684,7.809080817532407,7.863027962421013,50000
2020-03-26,7.863027962421013,7.8832402789772615,7.697594975021005,7.728947698135389,50000
2020-03-27,7.728947698135389,7.961415615200327,7.728747828259546,7.891338895151859,58106
2020-03-30,7.891338895151859,8.09248562808899,7.853916460279241,8.032577594688254,67644
2020-03-31,8.032577594688254,8.079219589041601,7.918306452130822,7.939546903991957,68730
2020-04-01,7.939546903991957,8.344092010762257,7.89994131082432,8.28756488443542,50000
2020-04-02,8.28756488443542,8.317351187373173,8.173621197994903,8.24284624313666,69683
2020-04-03,8.24284624313666,8.258388249181152,8.239517569263226,8.248476858493351,51721
2020-04-06,8.248476858493351,8.510402729475226,8.193735400029107,8.391461980075908,50000
2020-04-07,8.391461980075908,8.768385562760274,8.325738030172799,8.745576355278665,50000
2020-04-08,8.745576355278665,8.82395075014003,8.3734487978022,8.47419738019012,52883
2020-04-09,8.47419738019012,8.675311746715058,8.408508266489283,8.668164519218422,50000
2020-04-10,8.668164519218422,9.556140850720803,8.583227811777872,9.502474460776966,50000
2020-04-13,9.502474460776966,9.52757017481257,9.491634340552965,9.509406771678249,50000
2020-04-14,9.509406771678249,10.146030073296448,9.50851078827201,10.086473068129996,50000
2020-04-15,10.086473068129996,10.333148759459196,10.0339115619347,10.268484797061506,70184
2020-04-16,10.268484797061506,10.29371799944775,9.874786821174876,9.891248299288042,50000
2020-04-17,9.891248299288042,9.970408984048861,9.861244165152938,9.90218245244645,50000
2020-04-20,9.90218245244645,10.000133455970289,9.30426452311503,9.395645384151019,50000
2020-04-21,9.395645384151019,9.452142727312305,9.325927654318614,9.34854106965871,50000
2020-04-22,9.34854106965871,9.553381832475727,9.34174950810048,9.468386745775105,50000
2020-04-23,9.468386745775105,9.510693199468934,9.03018017038148,9.04715567154452,67705
2020-04-24,9.04715567154452,9.094183261313008,8.427847778169857,8.475111908856867,50000
2020-04-27,8.475111908856867,8.55449028291198,8.006816936903393,8.047896105396422,50000
2020-04-28,8.047896105396422,8.049502973132697,7.836899726920433,7.88697407269021,50000
2020-04-29,7.88697407269021,8.043821332068468,7.870676153086405,7.99241107514036,69642
2020-04-30,7.99241107514036,8.166781856219929,7.991609299850531,8.101336810670874,51571
2020-05-01,8.101336810670874,8.434412999574763,8.068355070184454,8.379547532925546,50000
2020-05-04,8.379547532925546,8.502857499272775,8.31035837511453,8.499323008524279,50000
2020-05-05,8.499323008524279,8.578411623018612,8.400764271150909,8.515424074595218,135114
2020-05-06,8.515424074595218,8.542080302988525,8.410593961377991,8.445979007875952,50000
2020-05-07,8.445979007875952,8.619317264399479,8.438902457645376,8.55647999573759,50000
2020-05-08,8.55647999573759,8.599758528655757,8.443504176905623,8.562600389934364,50000
2020-05-11,8.562600389934364,8.596233986269631,8.367999719392376,8.445406646266704,50000
2020-05-12,8.445406646266704,8.813521727809428,8.440496797588972,8.806574920168918,50000
2020-05-13,8.806574920168918,9.055449094845523,8.796794878876364,8.93466228824204,50000
2020-05-14,8.93466228824204,9.241086372437474,8.884013846979002,9.22884506956756,50000
2020-05-15,9.22884506956756,9.29215773389451,9.054514579528137,9.07176727152079,50000
2020-05-18,9.07176727152079,9.602024571987949,9.015787721044493,9.543315750985034,132769
2020-05-19,9.543315750985034,9.604229582478151,8.499533336908607,8.559840212474125,50000
2020-05-20,8.559840212474125,8.618291969652358,8.424405296904373,8.427810149729936,50000
2020-05-21,8.427810149729936,8.449942076927774,8.129057831243186,8.180399113811253,50000
2020-05-22,8.180399113811253,8.196193368800044,7.953026721729416,8.034569174708066,50000
2020-05-25,8.034569174708066,8.40634662300315,8.010305571739572,8.370709862873879,50000
2020-05-26,8.370709862873879,8.396688556596196,8.13914010363501,8.170325438743168,50000
2020-05-27,8.170325438743168,8.26566018345592,8.103718801712166,8.199937223936363,50000
2020-05-28,8.199937223936363,8.20425601542394,7.548726910978056,7.670807257324608,50000
2020-05-29,7.670807257324608,8.199756478133843,7.608319804993506,8.126183557079198,50000
2020-06-01,8.126183557079198,8.216964961155325,8.119616944632194,8.168406024413175,50000
2020-06-02,8.168406024413175,8.210733257788178,7.995432575904207,8.07177636736346,79156
2020-06-03,8.07177636736346,8.35975316632175,8.022693752312762,8.349312812493707,60461
2020-06-04,8.349312812493707,8.418734294439515,8.048812943348379,8.10245311959971,51719
2020-06-05,8.10245311959971,8.1061164217015,8.066226033402796,8.067991772426963,115287
2020-06-08,8.067991772426963,8.661935634479287,8.029227811671266,8.63420789126659,50000
2020-06-09,8.63420789126659,8.703160866325858,8.126667497187608,8.215481516984319,50000
2020-06-10,8.215481516984319,8.224114952585325,8.028362200535012,8.056008857490042,73745
2020-06-11,8.056008857490042,8.121836083031583,7.891420188112864,7.90040262647195,50000
2020-06-12,7.90040262647195,8.129036088225881,7.885047723390872,8.077447563580378,50000
2020-06-15,8.077447563580378,8.080917187598649,7.937435351299902,7.980023362269967,50000
2020-06-16,7.980023362269967,8.045168139688222,7.925444182708525,8.035085710234487,84854
2020-06-17,8.035085710234487,8.499585458819967,7.98619307657299,8.427146433307259,50000
2020-06-18,8.427146433307259,8.445488697480137,8.162093216852421,8.1807282935722,50000
2020-06-19,8.1807282935722,8.331147543551182,7.728938079575784,7.766433813973195,50000
2020-06-22,7.766433813973195,7.769304777281798,7.696235841401433,7.750509242768528,107395
2020-06-23,7.750509242768528,8.51862239852193,7.727189746263532,8.456611830427166,84866
2020-06-24,8.456611830427166,8.504005315348845,7.945904181063494,7.982131462272748,50000
2020-06-25,7.982131462272748,8.103622357703305,7.951420117226174,8.101055450114497,50000
2020-06-26,8.101055450114497,8.111063929741281,8.073574704808468,8.097163885700079,60087
2020-06-29,8.097163885700079,8.130053915501636,7.674062375421816,7.736226852192712,50000
2020-06-30,7.736226852192712,7.744722643395924,7.3228644030736945,7.350876508552332,50000
2020-07-01,7.350876508552332,8.085889981978731,7.2854575979082545,8.046368848029262,141752
2020-07-02,8.046368848029262,8.555509799771102,8.045672438995807,8.508399729191979,50000
2020-07-03,8.508399729191979,8.534626542384126,8.053501169326765,8.091035589693531,163167
2020-07-06,8.091035589693531,8.149525147022416,7.992959551240561,8.048247452120478,67396
2020-07-07,8.048247452120478,8.13616193214164,7.448269466312333,7.451507084687918,50000
2020-07-08,7.451507084687918,7.5004551993952795,7.21114311808953,7.222300194539623,63158
2020-07-09,7.222300194539623,7.528801126317781,7.2136588751691555,7.514601652262614,50000
2020-07-10,7.514601652262614,7.784428039545609,7.5051574716034795,7.731172368971315,121216
2020-07-13,7.731172368971315,7.766670658880594,7.688122764651483,7.705379866179335,52054
2020-07-14,7.705379866179335,7.773274988239673,7.494523480179461,7.537882474891823,50000
2020-07-15,7.537882474891823,7.613648759542517,7.15835419865265,7.205327809664398,50000
2020-07-16,7.205327809664398,8.078373414237815,7.1672838729285155,8.044151985405007,50000
2020-07-17,8.044151985405007,8.137635489643095,7.915168702745681,7.9533789225313045,50000
2020-07-20,7.9533789225313045,8.283265384082625,7.926385578131774,8.180369039019167,140677
2020-07-21,8.180369039019167,8.20944662627943,7.9465765715765,7.979787747834406,50000
2020-07-22,7.979787747834406,8.009782091184587,7.8764416677480895,7.911372260088883,50000
2020-07-23,7.911372260088883,8.238425251985664,7.8121287618839235,8.192676607939967,50000
2020-07-24,8.192676607939967,8.332139747047277,7.723895715547219,7.757115319490824,50000
2020-07-27,7.757115319490824,8.036779199583123,7.743651365917103,8.027630477591892,50000
2020-07-28,8.027630477591892,8.038627976532467,7.911003240789685,7.928131134121145,50000
2020-07-29,7.928131134121145,8.176363727026787,7.922722274087377,8.114539617557023,50000
2020-07-30,8.114539617557023,8.791805890135114,8.091774740592214,8.697794684999316,50000
2020-07-31,8.697794684999316,8.761126104166063,8.600029431776893,8.722936666235729,113907
2020-08-03,8.722936666235729,8.732552906214949,8.39212831144745,8.402435932619044,50000
2020-08-04,8.402435932619044,8.410670678667245,8.214374138299837,8.267803913520488,87464
2020-08-05,8.267803913520488,8.618082345131638,8.257981897275936,8.593339809548919,50000
2020-08-06,8.593339809548919,8.637260327339337,8.51773166255736,8.552906872459536,50000
2020-08-07,8.552906872459536,8.613742466531388,8.233577109587513,8.298747093588721,50000
2020-08-10,8.298747093588721,8.340459067711999,7.784992831439588,7.854949433778024,75922
2020-08-11,7.854949433778024,8.09045669679261,7.771361799704924,8.07823942932314,50000
2020-08-12,8.07823942932314,8.578549106597702,8.043560199047898,8.543128633031717,50000
2020-08-13,8.543128633031717,9.21395616951483,8.422837956687959,9.212102733592307,50000
2020-08-14,9.212102733592307,9.616784540666144,9.195360829124798,9.601816044346624,50000
2020-08-17,9.601816044346624,10.30381097698674,9.517153991477743,10.223026941080084,95909
2020-08-18,10.223026941080084,10.359461133934188,10.214898047992634,10.34728346663231,97683
2020-08-19,10.34728346663231,10.451652042362854,10.291713766491064,10.330556299415433,50000
2020-08-20,10.330556299415433,10.377082458530168,10.300091083741501,10.364204602108748,103774
2020-08-21,10.364204602108748,10.869720863243371,10.315751639612312,10.856362416747547,50000
2020-08-24,10.856362416747547,10.91754033772583,10.825441959456485,10.857144737511957,52956
2020-08-25,10.857144737511957,10.888620455233497,10.812140076176345,10.867599493478084,50000
2020-08-26,10.867599493478084,11.451249157957305,10.850077043034753,11.39061322712615,50000
2020-08-27,11.39061322712615,11.424584997384178,10.997782204348521,11.03965024599645,52026
2020-08-28,11.03965024599645,11.286361093732992,10.993379815146065,11.262128234607578,55620
2020-08-31,11.262128234607578,11.26375541270114,11.02161326977531,11.051251025697919,91666
2020-09-01,11.051251025697919,11.46568218378689,11.022684601198257,11.42457281774291,50000
2020-09-02,11.42457281774291,11.84947545781283,11.410173778263173,11.834704352265037,50000
2020-09-03,11.834704352265037,12.090326922040262,11.746121529243748,11.957572544907695,50000
2020-09-04,11.957572544907695,12.008359324537443,11.557389318644008,11.726158455874787,50000
2020-09-07,11.726158455874787,12.05569001206413,11.691441798077074,12.014866480404088,50000
2020-09-08,12.014866480404088,12.10915248469645,11.780917366858729,11.859854216295622,50000
2020-09-09,11.859854216295622,11.859928216562189,11.612462621169625,11.640053361479469,50000
2020-09-10,11.640053361479469,11.803202500889451,11.57508883687069,11.792944670080066,50000
2020-09-11,11.792944670080066,12.097613167332028,11.753297884606678,12.073740503283526,161159
2020-09-14,12.073740503283526,12.24776577630058,11.981304092701793,12.018516458298478,50000
2020-09-15,12.018516458298478,12.090023026443127,11.625473798312951,11.780113577981876,50000
2020-09-16,11.780113577981876,11.808725871535609,11.653362651393898,11.698300705142948,50000
2020-09-17,11.698300705142948,12.589158715163375,11.678191381897626,12.446475385523627,50000
2020-09-18,12.446475385523627,12.759004451110862,12.340457599348124,12.658940929169978,69132
2020-09-21,12.658940929169978,12.733888981300097,12.51789133031883,12.536280203695405,57682
2020-09-22,12.536280203695405,12.642805056013659,12.35708108659588,12.360105336807438,50000
2020-09-23,12.360105336807438,12.624244379786367,12.283994140865804,12.50631891678126,50000
2020-09-24,12.50631891678126,12.509348298390574,12.374792163692325,12.37843820760239,50000
2020-09-25,12.37843820760239,12.654915419670052,12.247581861051696,12.529260774901172,50000
2020-09-28,12.529260774901172,12.581075265527733,12.411752153961684,12.446488504887334,50000
2020-09-29,12.446488504887334,12.876404839334482,12.406597618645879,12.865465851527933,50000
2020-09-30,12.865465851527933,13.06972524854636,12.642222252356598,12.65151540056546,50000
2020-10-01,12.65151540056546,12.679338447010688,12.400805576711381,12.455186097856332,50000
2020-10-02,12.455186097856332,12.70862737945441,12.453745191292438,12.643347738466419,67194
2020-10-05,12.643347738466419,13.31349481889888,12.600474944613355,13.231517945061233,50000
2020-10-06,13.231517945061233,13.34689682044112,12.894294483908633,12.992332399113963,50000
2020-10-07,12.992332399113963,13.151383023519175,12.938065359005662,13.1492414276358,50000
2020-10-08,13.1492414276358,13.326619127750526,12.719465874750009,12.794828266406732,50000
2020-10-09,12.794828266406732,13.138668398501991,12.713840727011174,13.05483859832006,52381
2020-10-12,13.05483859832006,13.091859717004139,12.777326687655897,12.798450829242796,50000
2020-10-13,12.798450829242796,12.983733269587768,12.791143311862069,12.916397974056837,56504
2020-10-14,12.916397974056837,12.989024166360732,12.421866354701685,12.453071109227988,50000
2020-10-15,12.453071109227988,12.552387588989246,12.244133230084229,12.297688265519376,50000
2020-10-16,12.297688265519376,12.317776137323916,12.176448612186265,12.249107137986785,134663
2020-10-19,12.249107137986785,12.259616726800585,12.191518108923525,12.237990009263113,75361
2020-10-20,12.237990009263113,12.49122440124944,12.201693216720836,12.426726767554399,60297
2020-10-21,12.426726767554399,12.979718236628468,12.326720475835717,12.891430706767302,50000
2020-10-22,12.891430706767302,12.971965616660148,12.47059790882296,12.600864042458685,50000
2020-10-23,12.600864042458685,12.732550523032877,11.88052509065202,11.903859522639278,65269
2020-10-26,11.903859522639278,12.031936954700958,11.73854192728027,11.870620775420095,126133
2020-10-27,11.870620775420095,12.156249805174944,11.844129460934973,12.152543116101874,57961
2020-10-28,12.152543116101874,12.237441060813092,11.828712447771839,11.836737232504904,50000
2020-10-29,11.836737232504904,12.02417346801259,11.67188982325034,11.909847346478934,50000
2020-10-30,11.909847346478934,11.983546435878251,11.887273172893364,11.973181947883349,107257
2020-11-02,11.973181947883349,12.582267482237308,11.930162233931386,12.49745629158309,50000
2020-11-03,12.49745629158309,12.944586881251828,12.475021912284173,12.898207830873888,50000
2020-11-04,12.898207830873888,13.026911379583792,12.451016371140764,12.525708766855585,72361
2020-11-05,12.525708766855585,13.376028935046076,12.46935670991007,13.288166662455792,50000
2020-11-06,13.288166662455792,13.352415614352365,12.662620177297581,12.758467176358417,50000
2020-11-09,12.758467176358417,13.080936035950963,12.72907289379822,12.982646924388206,50000
2020-11-10,12.982646924388206,13.352916786507008,12.971049422736508,13.332469998784912,50000
2020-11-11,13.332469998784912,13.377458339946964,12.752505283860186,12.898773627111414,58469
2020-11-12,12.898773627111414,13.184194580950386,12.871414335344818,13.0462189081626,50000
2020-11-13,13.0462189081626,13.229989957851895,12.92624857772828,13.185518711661391,96165
2020-11-16,13.185518711661391,13.3813643459097,13.102814730701,13.361837997459222,50000
2020-11-17,13.361837997459222,13.560755829934557,13.3221601346868,13.511425383084596,50000
2020-11-18,13.511425383084596,13.685447948683896,13.391561682871536,13.585886714685195,50000
2020-11-19,13.585886714685195,13.866443183179763,13.527288007353771,13.85744516583315,117327
2020-11-20,13.85744516583315,13.896845934419938,13.554827254763586,13.674737959328926,50000
2020-11-23,13.674737959328926,13.92499574617074,13.569678197174204,13.785419924303504,65982
2020-11-24,13.785419924303504,14.113551604716928,13.776049660555804,14.083961875835683,83549
2020-11-25,14.083961875835683,14.2558775721617,13.862250412523156,13.863708484333811,174358
2020-11-26,13.863708484333811,13.864694737673076,13.260659009690983,13.369077843364343,50000
2020-11-27,13.369077843364343,13.439354799100744,13.150365484458266,13.203295098311193,112127
2020-11-30,13.203295098311193,13.219312758621276,12.866966614880038,12.874878620727577,50000
2020-12-01,12.874878620727577,12.979151404055168,12.855073080965791,12.906287168359501,50000
2020-12-02,12.906287168359501,13.05597129551052,12.90463701713149,12.997743717776887,50000
2020-12-03,12.997743717776887,13.40418013463374,12.93333601349687,13.402913597585645,50000
2020-12-04,13.402913597585645,13.502714793475441,13.295589270423356,13.306802840464435,91763
2020-12-07,13.306802840464435,13.665474858399746,13.263651910799048,13.62966558459064,50000
2020-12-08,13.62966558459064,14.357634456608448,13.625637517319166,14.28465735189147,106521
2020-12-09,14.28465735189147,14.332287573076846,14.16406105326785,14.275707332439529,84011
2020-12-10,14.275707332439529,14.284550683264913,13.737727545377245,13.882618863787233,69534
2020-12-11,13.882618863787233,14.219759476765333,13.743924260087354,14.173899333882666,80274
2020-12-14,14.173899333882666,14.202790441709318,13.85901958899489,13.988628691723708,50000
2020-12-15,13.988628691723708,14.030074278427161,13.89795055860116,14.015690269153612,77245
2020-12-16,14.015690269153612,14.148207100480578,13.87180209926866,13.975277018834374,50000
2020-12-17,13.975277018834374,13.987099931037593,13.820954727897872,13.926574895769068,50000
2020-12-18,13.926574895769068,14.005221805238428,13.352293168002465,13.393307675947195,74624
2020-12-21,13.393307675947195,13.61171427529309,13.338836963706433,13.611378900818163,50000
2020-12-22,13.611378900818163,13.731883174972605,13.290920805343077,13.377111670108535,50000
2020-12-23,13.377111670108535,14.177959601154617,13.2374507608335,14.149915692755842,98845
2020-12-24,14.149915692755842,14.237554651117302,14.009815389402757,14.026452360208397,139499
2020-12-25,14.026452360208397,14.132105288816112,13.94574101385526,13.971981443975494,50000
2020-12-28,13.971981443975494,14.037941301808171,13.617182931441603,13.651943525726711,79414
2020-12-29,13.651943525726711,14.471170918957839,13.582280328526826,14.390359769542341,50000
2020-12-30,14.390359769542341,14.467670268590961,14.178863314982594,14.337933198507134,50000
2020-12-31,14.337933198507134,14.458575664887414,14.232684559743218,14.387682125906952,50000
2021-01-01,14.387682125906952,14.443226881122145,13.502983769659874,13.576870439898292,63270
2021-01-04,13.576870439898292,13.612385467634393,13.183816221150428,13.280995351077019,50000
2021-01-05,13.280995351077019,13.353640616561107,13.100300675342064,13.243673054659277,50000
2021-01-06,13.243673054659277,13.351785604913083,12.525267250301921,12.60998942704715,98801
2021-01-07,12.60998942704715,12.71536559949822,12.15992408710031,12.359464845782526,50000
2021-01-08,12.359464845782526,12.440666451809747,11.549511584876532,11.640068601013516,50000
2021-01-11,11.640068601013516,11.665987921695168,11.230805193870824,11.30129542377803,63057
2021-01-12,11.30129542377803,11.37108611814507,10.783719741394156,10.892160561177791,50000
2021-01-13,10.892160561177791,11.005831391925131,10.365353178864577,10.49052689004955,50000
2021-01-14,10.49052689004955,10.709956769756792,10.450237759295835,10.670183475782618,50000
2021-01-15,10.670183475782618,10.68102135799489,10.537661308457276,10.553394098962157,50000
2021-01-18,10.553394098962157,10.675096595375837,10.511550811216551,10.664528830808104,50000
2021-01-19,10.664528830808104,11.083646911584369,10.662715686575506,11.05546823054293,60972
2021-01-20,11.05546823054293,11.655650281511788,10.934941830291722,11.542210466637258,50000
2021-01-21,11.542210466637258,11.687531162321362,11.404003341575585,11.625218489447828,50000
2021-01-22,11.625218489447828,11.694220084489901,11.525154498774144,11.578311271850394,50000
2021-01-25,11.578311271850394,11.834570595082898,11.505246619492715,11.814370273161472,50000
2021-01-26,11.814370273161472,12.065326864780896,11.739940608285423,11.995754132619464,50000
2021-01-27,11.995754132619464,12.060888780005257,11.781623356385374,11.786491771543377,50000
2021-01-28,11.786491771543377,11.808540575744951,11.731798351791786,11.778479060692918,50000
2021-01-29,11.778479060692918,11.783478333723629,11.314003675165386,11.356800649388695,50000
2021-02-01,11.356800649388695,11.470537620440583,11.304957251655201,11.467396865511327,50000
2021-02-02,11.467396865511327,11.644616458949498,11.44928654588358,11.634775620926554,50000
2021-02-03,11.634775620926554,11.778160274531425,11.460347208117943,11.517660739143684,50000
2021-02-04,11.517660739143684,11.575274515701487,11.398961820558918,11.458154569967185,57721
2021-02-05,11.458154569967185,11.575506718445048,10.86275745274685,10.897389108422336,88958
2021-02-08,10.897389108422336,11.031106624095262,10.83644511459831,11.024683964967728,50415
2021-02-09,11.024683964967728,11.215731710126951,10.914040053902125,11.127839853391299,90888
2021-02-10,11.127839853391299,11.13854716490184,10.799849282652374,10.91497834031071,50000
2021-02-11,10.91497834031071,11.286347035170756,10.913445741736771,11.193724074473629,50000
2021-02-12,11.193724074473629,11.237672466832242,10.996939007221851,11.008857330000247,50000
2021-02-15,11.008857330000247,11.032979770670845,10.545670043512072,10.562946900757606,91226
2021-02-16,10.562946900757606,10.818298185988844,10.527916219132804,10.714736058146919,60503
2021-02-17,10.714736058146919,10.844949251328536,10.629732489486262,10.732003698442176,50000
2021-02-18,10.732003698442176,10.81974869512612,10.22056738354215,10.304386265727492,50000
2021-02-19,10.304386265727492,10.305952891899851,10.227059392713153,10.24564581213231,50000
2021-02-22,10.24564581213231,10.498433554763245,10.18533661285505,10.476343437101038,110453
2021-02-23,10.476343437101038,10.938453708203799,10.392651206463832,10.825494312462622,85387
2021-02-24,10.825494312462622,10.868378176444711,10.334560822357782,10.370536085068231,87221
2021-02-25,10.370536085068231,10.644614481595802,10.331265085684885,10.588080681711965,50000
2021-02-26,10.588080681711965,10.661505885212236,10.346287941286182,10.392796650321673,50000
2021-03-01,10.392796650321673,10.890773551530554,10.364825531976683,10.840763662745491,50000
2021-03-02,10.840763662745491,11.185946304663876,10.793311963888865,11.163022809903234,50000
2021-03-03,11.163022809903234,11.175404249002579,9.693221987360928,9.749773694508129,50000
2021-03-04,9.749773694508129,9.865974063717886,9.735441727041175,9.82536487282603,50000
2021-03-05,9.82536487282603,10.177840755938893,9.764462456203772,10.148615575481266,50000
2021-03-08,10.148615575481266,10.760122996728049,10.111686926443133,10.724886964872818,50000
2021-03-09,10.724886964872818,11.225963177607271,10.688794221052976,11.197330349250619,110842
2021-03-10,11.197330349250619,11.2537324034989,11.142845541433251,11.228375322116714,50000
2021-03-11,11.228375322116714,11.48562390728879,11.212180056784023,11.450479844229658,54643
2021-03-12,11.450479844229658,11.457255429222558,11.109259423497,11.11456755929592,50000
2021-03-15,11.11456755929592,11.177893436541087,10.928194179191957,10.963788251465235,50000
2021-03-16,10.963788251465235,10.995664737828,10.618598667365587,10.676153647750269,50000
2021-03-17,10.676153647750269,10.711534850776044,10.31015610427339,10.311177929214399,50000
2021-03-18,10.311177929214399,10.352000027428126,9.993190963974374,9.993356510974394,51834
2021-03-19,9.993356510974394,10.7154727316097,9.886883018792528,10.669658931435668,50000
2021-03-22,10.669658931435668,10.934379175160824,10.659950388975286,10.872558094452332,50000
2021-03-23,10.872558094452332,10.971716249823729,10.855172259618556,10.922974825194032,50000
2021-03-24,10.922974825194032,10.925659106406703,10.566879227320388,10.628450619236268,50000
2021-03-25,10.628450619236268,10.695108278289071,10.239057334724174,10.246779775333795,50000
2021-03-26,10.246779775333795,10.307857507919918,10.164639787973254,10.18058976603344,50000
2021-03-29,10.18058976603344,10.587237396181003,10.10804423826875,10.469662556633653,50000
2021-03-30,10.469662556633653,10.941702107481625,10.434428374469329,10.913371154642382,50000
2021-03-31,10.913371154642382,11.358761019650393,10.854002577097713,11.295849259746785,50000
2021-04-01,11.295849259746785,11.329264188756417,11.047074332765677,11.054336487451984,50000
2021-04-02,11.054336487451984,11.066206655769207,10.009591489939535,10.093546992015627,90397
2021-04-05,10.093546992015627,10.14518212289545,9.732086724939137,9.772888208170901,50000
2021-04-06,9.772888208170901,10.584915779799632,9.75404511881864,10.540919513857308,50000
2021-04-07,10.540919513857308,10.624916631213729,10.51612408614903,10.606759656945382,50000
2021-04-08,10.606759656945382,10.637989351873307,10.270173651969765,10.271350589579404,50000
2021-04-09,10.271350589579404,10.621799862899335,10.256315582541035,10.598326255839565,50000
2021-04-12,10.598326255839565,10.795345589271141,10.564801609541727,10.752599865328397,50000
2021-04-13,10.752599865328397,10.753732643879273,10.658474198311255,10.715166631463655,50000
2021-04-14,10.715166631463655,10.803844739608092,10.179290510346927,10.225492463603231,50000
2021-04-15,10.225492463603231,10.414924621672752,10.194861167734691,10.383255778771407,50000
2021-04-16,10.383255778771407,10.95747213735708,10.269763014006815,10.88762756896895,50000
2021-04-19,10.88762756896895,11.513212739453323,10.88491756904593,11.427068131515696,50000
2021-04-20,11.427068131515696,11.43426168920116,11.189510671230945,11.31088853867648,132938
2021-04-21,11.31088853867648,11.667069206651524,11.274414649517105,11.6439377596776,50000
2021-04-22,11.6439377596776,11.816776579677812,11.494920931837276,11.806919026855764,50000
2021-04-23,11.806919026855764,11.829566163948419,11.461197943869056,11.494786089009022,81363
2021-04-26,11.494786089009022,11.65277263333722,11.473043925081566,11.598355175862425,50000
2021-04-27,11.598355175862425,11.639910050740761,11.210692766000072,11.336801826968575,61625
2021-04-28,11.336801826968575,11.447860786652265,10.813251959214753,10.817604456402105,50000
2021-04-29,10.817604456402105,10.85193446407574,10.167465374056595,10.233791720588568,50000
2021-04-30,10.233791720588568,10.254599780999238,10.171288746065258,10.18134026881126,67147
2021-05-03,10.18134026881126,10.516654242470736,10.179530254838886,10.484357016560702,52315
2021-05-04,10.484357016560702,11.003768631318119,10.423449245376741,10.95115468222098,50000
2021-05-05,10.95115468222098,10.985141208854712,10.829791621487669,10.889696848620133,50000
2021-05-06,10.889696848620133,11.221241644230561,10.79405336460541,11.177899060690047,50000
2021-05-07,11.177899060690047,11.256545243262595,10.750863445188397,10.794342764644366,50000
2021-05-10,10.794342764644366,10.957285524197097,10.615159046837451,10.702219616978233,82592
2021-05-11,10.702219616978233,11.056210510546391,10.640371056196841,11.007461052734074,51100
2021-05-12,11.007461052734074,11.057945580032625,10.577869585374684,10.648622594348915,50000
2021-05-13,10.648622594348915,10.679418054378743,10.596154829810715,10.604461628532347,50000
2021-05-14,10.604461628532347,10.71285272262838,9.73848262913103,9.799174841577072,50000
2021-05-17,9.799174841577072,10.18415239337487,9.796277948530344,10.114909891378892,50000
2021-05-18,10.114909891378892,10.168437172407446,9.984110436043654,9.992139184011888,50000
2021-05-19,9.992139184011888,10.822414305959075,9.98459074853907,10.777918001495744,61669
2021-05-20,10.777918001495744,10.791100106450152,10.518137708458864,10.656986482237059,50000
2021-05-21,10.656986482237059,11.069910284535371,10.649823609009536,11.01039037524977,50000
2021-05-24,11.01039037524977,11.088463192134997,10.706070308700506,10.820025542641979,107603
2021-05-25,10.820025542641979,11.00611313871884,10.78096944315503,10.95180156310726,50000
2021-05-26,10.95180156310726,11.126450625977993,10.383037900242897,10.432436344195287,50000
2021-05-27,10.432436344195287,10.524869339724424,10.35809766541125,10.410468404949711,50000
2021-05-28,10.410468404949711,10.674587268597183,10.36112872153938,10.655070367795057,50000
2021-05-31,10.655070367795057,10.701492167328734,10.22227241815973,10.24216095089233,50000
2021-06-01,10.24216095089233,10.47010818375864,10.21606666183526,10.458853946895664,50000
2021-06-02,10.458853946895664,10.47902253846017,10.09089193932041,10.091166264525397,50000
2021-06-03,10.091166264525397,11.125212500092786,10.054625188884557,11.068370991479602,50000
2021-06-04,11.068370991479602,11.259184611042906,11.019378766984097,11.1670742462335,96811
2021-06-07,11.1670742462335,11.563761285210386,11.074092302474432,11.522815987133159,50000
2021-06-08,11.522815987133159,11.722853997021442,11.46469231494387,11.706207869049702,50000
2021-06-09,11.706207869049702,12.156995824843873,11.664295802927615,11.956588950110646,94818
2021-06-10,11.956588950110646,12.087965170717629,11.44116619598983,11.547046175740082,50000
2021-06-11,11.547046175740082,11.591272598383428,11.452020465092831,11.481792090491451,50000
2021-06-14,11.481792090491451,11.631693604746761,11.478921095294135,11.509486086342134,50000
2021-06-15,11.509486086342134,12.01040444920643,11.486104650042773,11.864389593081407,75874
2021-06-16,11.864389593081407,11.9520273760497,11.513830058407054,11.570390099461077,66418
2021-06-17,11.570390099461077,12.47597765772496,11.48566342304329,12.314780567167233,50000
2021-06-18,12.314780567167233,12.404994348409852,12.312980770156122,12.370059409157193,57200
2021-06-21,12.370059409157193,12.951976881453344,12.29335336297931,12.880758340047443,80066
2021-06-22,12.880758340047443,13.038314302675944,12.735328604385687,13.031513852079753,50000
2021-06-23,13.031513852079753,13.590780211698373,13.026283340280612,13.4971319678952,50000
2021-06-24,13.4971319678952,13.555180778742493,12.878181316450275,12.879183523243741,50000
2021-06-25,12.879183523243741,12.884579104553747,12.403262014239315,12.447283531119458,127897
2021-06-28,12.447283531119458,12.54299519307365,11.91092724765741,11.944665925030662,50000
2021-06-29,11.944665925030662,12.816237461545192,11.931504114505724,12.726545783630435,51624
2021-06-30,12.726545783630435,13.397602642602,12.70547272040127,13.336054442248455,50000
2021-07-01,13.336054442248455,13.761143050892366,13.31948736744721,13.720863009903077,135964
2021-07-02,13.720863009903077,13.932712296839673,13.675794710204258,13.873196098763266,144549
2021-07-05,13.873196098763266,14.093586709955567,13.814427627892735,14.060928574019556,50000
2021-07-06,14.060928574019556,14.41079129862833,14.019631789004313,14.392017429270583,87057
2021-07-07,14.392017429270583,14.501603249187221,13.815406565724887,13.839556488203568,50000
2021-07-08,13.839556488203568,13.943775780681873,13.74545883052337,13.912415074421947,61941
2021-07-09,13.912415074421947,14.09829058893668,13.870525134131338,14.071828601853149,61362
2021-07-12,14.071828601853149,14.15474586426681,13.113464937625109,13.122935267205284,65513
2021-07-13,13.122935267205284,13.13721077417112,13.053647930989356,13.094827119409413,50000
2021-07-14,13.094827119409413,13.249666323868258,13.0001341543589,13.211921946559661,50000
2021-07-15,13.211921946559661,13.304643828428734,13.189211796781379,13.302387839063677,50000
2021-07-16,13.302387839063677,14.078017704896451,13.220457805230051,13.904696990692864,50000
2021-07-19,13.904696990692864,14.07869125635926,13.658593471378227,14.005867491129385,59450
2021-07-20,14.005867491129385,14.071136196068965,13.479249802184556,13.678157376893813,70436
2021-07-21,13.678157376893813,13.86160382683417,13.608573500249259,13.841056430202878,50000
2021-07-22,13.841056430202878,13.92246241680282,13.806378806846324,13.91587628306315,53949
2021-07-23,13.91587628306315,13.924289270030094,13.754672074328967,13.776273067360412,50000
2021-07-26,13.776273067360412,13.979055824895758,13.647324472854098,13.79172803487827,50000
2021-07-27,13.79172803487827,14.012913017189375,13.767118192470516,13.947967873285805,80108
2021-07-28,13.947967873285805,14.010913506741094,13.539644964650877,13.64484529471523,50000
2021-07-29,13.64484529471523,13.74601679850247,13.49931435164228,13.555264728568861,50000
2021-07-30,13.555264728568861,13.586754863432967,13.131806791997871,13.203160105817087,50000
2021-08-02,13.203160105817087,13.611400481527795,13.162558268697717,13.460851299287208,50000
2021-08-03,13.460851299287208,13.889267124452847,13.443041448142575,13.848563613611812,50000
2021-08-04,13.848563613611812,13.866316990760332,13.630400810177585,13.630561584082583,50000
2021-08-05,13.630561584082583,13.835230985245103,13.50110605240923,13.71356358683593,50000
2021-08-06,13.71356358683593,13.880369239420439,13.590726491534332,13.626338143985025,50000
2021-08-09,13.626338143985025,13.909166690849348,13.615316234372074,13.799289739833636,108124
2021-08-10,13.799289739833636,13.843791509454846,13.424550810598618,13.456597752226727,50000
2021-08-11,13.456597752226727,13.602621478826,12.886893581057743,12.93697858043086,50000
2021-08-12,12.93697858043086,13.40895833166261,12.836833290283879,13.343235780699432,50000
2021-08-13,13.343235780699432,13.454660610266457,13.021844825873133,13.088437949904579,50000
2021-08-16,13.088437949904579,13.214178864634874,13.073012086729056,13.188980657018073,264764
2021-08-17,13.188980657018073,13.198524649169995,12.522291758463147,12.535800097681982,50000
2021-08-18,12.535800097681982,12.987739846668935,12.531731768557835,12.972538513496206,161195
2021-08-19,12.972538513496206,13.428966991799276,12.97153485118259,13.376810521193185,50000
2021-08-20,13.376810521193185,13.378331870762922,12.898600572047664,12.927799371335315,50000
2021-08-23,12.927799371335315,13.28122968817311,12.874954401634911,13.260983852269652,91567
2021-08-24,13.260983852269652,13.691831912763956,13.114608396989185,13.596273115136029,59578
2021-08-25,13.596273115136029,13.603524175352257,13.316861001749107,13.31963789803657,89787
2021-08-26,13.31963789803657,13.463133021425923,13.289365243956635,13.391219923324485,50000
2021-08-27,13.391219923324485,13.562579700112444,13.333130183973198,13.499953488301468,50000
2021-08-30,13.499953488301468,13.661286635378021,13.481189384359222,13.645701796665406,59813
2021-08-31,13.645701796665406,13.678710250151953,13.47887304154177,13.639155146057117,50000
2021-09-01,13.639155146057117,13.834887939742417,13.6390173494446,13.736623024683903,50000
2021-09-02,13.736623024683903,13.799818140200065,13.461582725212715,13.476971899697643,50851
2021-09-03,13.476971899697643,13.530507101122828,13.330541383747638,13.44312175277445,50000
2021-09-06,13.44312175277445,13.527102221039158,13.384251824085435,13.439472453882292,50000
2021-09-07,13.439472453882292,13.606760639700974,13.201807016690418,13.585182192358214,52074
2021-09-08,13.585182192358214,13.838245048299314,13.432036404937232,13.77234246868137,50000
2021-09-09,13.77234246868137,14.316792668444537,13.638560490991805,14.218266951567138,50000
2021-09-10,14.218266951567138,14.494859892289387,14.204793467545716,14.48387846701842,50000
2021-09-13,14.48387846701842,14.63303215039418,13.894910269160212,13.989871971839108,50000
2021-09-14,13.989871971839108,14.109612217254513,13.723666369403524,13.731083715205303,50000
2021-09-15,13.731083715205303,13.81208862244852,13.295131138408237,13.380379221230974,50000
2021-09-16,13.380379221230974,13.450574712117717,13.044944582543708,13.050565885988687,231838
2021-09-17,13.050565885988687,13.237961727106832,12.632750362282339,12.652206709454369,54573
2021-09-20,12.652206709454369,12.726085187900674,12.568755314648588,12.605086678636642,50000
2021-09-21,12.605086678636642,12.61271248797029,12.429325334727755,12.545782004779216,50000
2021-09-22,12.545782004779216,12.556642401869496,12.464123135346298,12.53525939331081,50000
2021-09-23,12.53525939331081,12.721950807868991,12.492240185054026,12.681823806476373,50000
2021-09-24,12.681823806476373,12.917299552113342,12.675049812750288,12.858646484292102,50918
2021-09-27,12.858646484292102,12.880683688714422,12.676400782356446,12.880560011745214,50000
2021-09-28,12.880560011745214,14.020650469852033,12.851911939119148,13.918523076029443,50000
2021-09-29,13.918523076029443,14.067286831667683,13.64449511050562,13.660690124714568,67375
2021-09-30,13.660690124714568,13.825508098529292,13.57582228046213,13.622219472102337,63105
2021-10-01,13.622219472102337,13.651663009103258,13.489137758069859,13.623259105711165,50000
2021-10-04,13.623259105711165,13.701271131857082,13.445732939305946,13.488968801991915,50000
2021-10-05,13.488968801991915,13.567181112683087,13.402667778709784,13.47683548074796,50000
2021-10-06,13.47683548074796,13.921123588373131,13.40185687862386,13.755802328971448,50000
2021-10-07,13.755802328971448,13.903721449031625,13.319118955355181,13.321816843188387,50000
2021-10-08,13.321816843188387,13.752886688444908,13.316244769092993,13.695078797400251,50000
2021-10-11,13.695078797400251,13.758601922826413,13.421765874648827,13.567001144134602,50000
2021-10-12,13.567001144134602,13.573368946650268,13.237431043910414,13.328789771718885,50000
2021-10-13,13.328789771718885,13.55497744225778,13.294851524097881,13.452613497648722,81570
2021-10-14,13.452613497648722,13.786335963436537,13.410926704801602,13.743048327584713,50000
2021-10-15,13.743048327584713,13.811875349745486,13.561599078132364,13.71594548098921,50000
2021-10-18,13.71594548098921,13.925659001491319,13.699252101062013,13.912613208778595,50000
2021-10-19,13.912613208778595,13.927102556947386,13.62472836833538,13.693388654178564,50000
2021-10-20,13.693388654178564,13.742446090844034,13.162881342082386,13.187348068847708,50000
2021-10-21,13.187348068847708,13.437884553628582,13.152055893381831,13.418829692859758,73480
2021-10-22,13.418829692859758,13.65824508321958,13.399504102504743,13.573624584948465,50000
2021-10-25,13.573624584948465,13.608759103808655,12.858353750423849,12.961532235597891,53313
2021-10-26,12.961532235597891,13.03767841413144,12.925584612662089,13.008775969872412,162446
2021-10-27,13.008775969872412,13.076634017306773,12.81964187235377,12.956977188181279,89947
2021-10-28,12.956977188181279,13.468333673947892,12.852598922897672,13.36463445746628,50000
2021-10-29,13.36463445746628,13.649903900300618,13.336564097172525,13.575545826309382,50000
2021-11-01,13.575545826309382,13.601545452062352,13.38551209247219,13.43531877354193,50000
2021-11-02,13.43531877354193,13.57246818745197,13.428418451026321,13.514933143844697,50000
2021-11-03,13.514933143844697,13.531092255362784,13.144819989088724,13.226415543195193,50000
2021-11-04,13.226415543195193,13.541649046993872,13.136579184523669,13.470120493101794,50000
2021-11-05,13.470120493101794,13.844215359232278,13.43587747485126,13.833720741153389,50000
2021-11-08,13.833720741153389,13.918198289126853,13.652300250482376,13.680698409396909,50000
2021-11-09,13.680698409396909,14.072226855377473,13.580450641896974,14.027741805639927,50000
2021-11-10,14.027741805639927,14.040404004400056,13.247495003391746,13.280429550999632,50000
2021-11-11,13.280429550999632,14.07798177282647,13.195416217078357,14.031654131917483,50000
2021-11-12,14.031654131917483,14.081696756691388,13.530005176926341,13.706767937165973,50000
2021-11-15,13.706767937165973,14.057064013503163,13.68169521971796,13.907743503226584,73382
2021-11-16,13.907743503226584,13.970494439328794,13.69813817668397,13.777263415024958,50000
2021-11-17,13.777263415024958,14.241553381881204,13.748669793814745,14.182165589289847,50000
2021-11-18,14.182165589289847,14.202472694117183,14.05401789196836,14.10232655327471,50000
2021-11-19,14.10232655327471,14.236816870941393,13.598489116516037,13.625836326812884,50000
2021-11-22,13.625836326812884,13.643052212454439,13.083359137465921,13.142886013321215,50000
2021-11-23,13.142886013321215,13.366274005249887,13.10088199984159,13.318494343859602,50000
2021-11-24,13.318494343859602,13.6719734936982,13.311849510063489,13.569921521776061,189066
2021-11-25,13.569921521776061,13.589209833196339,13.34676681062031,13.396899573096732,50000
2021-11-26,13.396899573096732,13.432124930407669,12.85649109106447,12.880349646969872,54335
2021-11-29,12.880349646969872,13.160143230914588,12.796064966588364,12.977368984071871,76552
2021-11-30,12.977368984071871,13.117215956887751,12.880878530325127,12.96813704529628,50000
2021-12-01,12.96813704529628,13.127334998383425,12.368620273691672,12.415057059491554,121670
2021-12-02,12.415057059491554,12.428434580842724,12.004829264098003,12.196275690844534,60989
2021-12-03,12.196275690844534,12.346285073649451,12.123155799801106,12.338473068146062,250720
2021-12-06,12.338473068146062,12.898373626291074,12.271110848806847,12.786427541624954,75996
2021-12-07,12.786427541624954,13.37482770081261,12.651058614286248,13.256311012020104,50000
2021-12-08,13.256311012020104,13.837857527046191,13.143165221357092,13.662844315493722,50000
2021-12-09,13.662844315493722,13.91454084294274,13.629263115946793,13.808702313070096,50000
2021-12-10,13.808702313070096,14.275846266062864,13.807383325269578,14.196249490488341,50000
2021-12-13,14.196249490488341,14.395743111489812,14.195115579974447,14.383672541451732,50000
2021-12-14,14.383672541451732,14.516373165582046,14.11112562657911,14.233419673971833,59259
2021-12-15,14.233419673971833,14.32466676826359,13.715063980634165,13.793419025795465,55701
2021-12-16,13.793419025795465,13.817738012716804,13.214004109827915,13.277966132452518,50000
2021-12-17,13.277966132452518,13.750879940053599,13.257128878323607,13.678275835546925,50000
2021-12-20,13.678275835546925,13.908789016564503,13.670796125276267,13.89095887014252,50000
2021-12-21,13.89095887014252,13.962287946717563,13.634099701468854,13.776745426021277,50000
2021-12-22,13.776745426021277,13.903591121373076,13.655992945487407,13.832690154134664,216007
2021-12-23,13.832690154134664,14.051709249455126,13.630627093679351,13.972693284977254,50000
2021-12-24,13.972693284977254,14.45467330814493,13.953081389285524,14.302769358250936,50000
2021-12-27,14.302769358250936,14.554782254650538,14.263792249787636,14.511788110641826,156251
2021-12-28,14.511788110641826,14.528399270207254,14.325236596279657,14.368568223022251,50000
2021-12-29,14.368568223022251,14.373863658379841,14.067892856754892,14.181034700694882,50000
2021-12-30,14.181034700694882,14.48261876850487,14.167171346923531,14.42102896320536,129419
2021-12-31,14.42102896320536,14.675252442790942,14.280178242966338,14.5905322769144,50000
2022-01-03,14.5905322769144,14.662999882398864,14.276441992757148,14.460504260393519,73207
2022-01-04,14.460504260393519,14.470730338176537,14.226182036105952,14.266861074243822,50000
2022-01-05,14.266861074243822,14.40121184308918,14.190355333378578,14.197437864230553,50000
2022-01-06,14.197437864230553,14.233001125552258,13.779903478559607,13.802748021816702,205051
2022-01-07,13.802748021816702,13.831348451692016,13.575034312774779,13.577360506401247,50000
2022-01-10,13.577360506401247,14.14985042498261,13.518062839989147,14.036191263155295,50000
2022-01-11,14.036191263155295,14.248121575422694,13.87932162519193,14.146626173506885,50000
2022-01-12,14.146626173506885,14.162860885605049,13.901676085425724,13.924211107191722,50000
2022-01-13,13.924211107191722,14.61456135668164,13.90601673736348,14.589440378097159,50000
2022-01-14,14.589440378097159,14.694927713558148,14.371141408478259,14.458009387060192,50000
2022-01-17,14.458009387060192,15.049824185513424,14.38364383661861,14.991288353181078,58776
2022-01-18,14.991288353181078,15.065351907367495,14.658846394581815,14.87472447422981,50000
2022-01-19,14.87472447422981,14.895225854359877,14.66700241662387,14.761884490766924,65413
2022-01-20,14.761884490766924,15.210136592360588,14.658764592473826,15.04476745660163,53852
2022-01-21,15.04476745660163,15.065047830899351,14.570900156411613,14.576768695376956,50000
2022-01-24,14.576768695376956,14.872765762465676,14.538676527793019,14.766390648700003,50000
2022-01-25,14.766390648700003,15.26003390743137,14.583856828156067,15.087120251850903,50000
2022-01-26,15.087120251850903,15.939845766666819,15.065466462901046,15.918447546381982,50000
2022-01-27,15.918447546381982,16.08440476244054,15.683571337112713,15.95462011527409,50000
2022-01-28,15.95462011527409,16.08246339607032,15.928140235943042,15.977797244310514,60555
2022-01-31,15.977797244310514,16.06427799529203,15.685577424776294,15.74199987428556,61757
2022-02-01,15.74199987428556,16.029560282103212,15.603695009652915,15.983496101136582,50000
2022-02-02,15.983496101136582,16.05530013399397,15.890033275954393,16.00630400455638,50000
2022-02-03,16.00630400455638,16.079424025432584,15.92210002790565,15.957281624740117,50000
2022-02-04,15.957281624740117,16.04278470291979,15.79707194181864,15.86434584771432,129290
2022-02-07,15.86434584771432,16.464924096679724,15.825629025145933,16.34828223708298,50000
2022-02-08,16.34828223708298,16.619555194579668,16.326855009355842,16.60869287021387,50000
2022-02-09,16.60869287021387,16.638807066391475,16.090181688617943,16.183552995882994,50000
2022-02-10,16.183552995882994,16.246405388728746,16.155970677320774,16.1706522170623,50000
2022-02-11,16.1706522170623,16.189277465500364,16.008513375758046,16.06591179348814,50000
2022-02-14,16.06591179348814,16.18652812993187,15.911849636360795,15.997753688898145,50000
2022-02-15,15.997753688898145,16.233927250407636,15.950031698691559,16.094907560797182,50000
2022-02-16,16.094907560797182,16.21328746957062,16.0704275116357,16.14817615624928,74980
2022-02-17,16.14817615624928,16.205617416343095,15.515521399694705,15.53702148809115,50000
2022-02-18,15.53702148809115,15.560326178738505,15.198544852643082,15.30683981230052,50000
2022-02-21,15.30683981230052,15.409915241973604,15.131692527689498,15.183886763946626,50000
2022-02-22,15.183886763946626,15.209074663432121,15.143636988009703,15.149199990575887,50000
2022-02-23,15.149199990575887,15.278509175289164,14.816106038725957,14.85392258579704,50000
2022-02-24,14.85392258579704,14.875486940528035,14.479077567664405,14.567880347668632,50000
2022-02-25,14.567880347668632,14.736922822872913,14.522914101777298,14.728077288105421,50000
2022-02-28,14.728077288105421,14.823825794798168,14.674324461031226,14.729450972177885,50000
2022-03-01,14.729450972177885,15.155848827818705,14.594256474569839,15.061260783903327,50000
2022-03-02,15.061260783903327,15.155792819464262,14.887921247680044,14.889391286742942,50000
2022-03-03,14.889391286742942,15.006676916955362,14.848325697715968,14.95071485960862,59213
2022-03-04,14.95071485960862,15.0622186929839,14.291974090284045,14.380452377166359,78203
2022-03-07,14.380452377166359,14.703821890579185,14.350499121811778,14.694313319419226,50000
2022-03-08,14.694313319419226,14.724200971984764,14.102538358386804,14.214033141889184,75786
2022-03-09,14.214033141889184,14.28040594073494,14.18788263193165,14.269097522131533,50259
2022-03-10,14.269097522131533,14.755317313821784,14.188433138105104,14.686001010018542,50000
2022-03-11,14.686001010018542,14.790398195468146,14.62629124357401,14.769134412947722,65811
2022-03-14,14.769134412947722,14.818818346746314,14.32699304301001,14.349972973765146,50000
2022-03-15,14.349972973765146,14.41110231076095,13.929994078589214,13.954552137542954,50000
2022-03-16,13.954552137542954,14.071334284702283,13.712562059343986,13.812004115841102,82174
2022-03-17,13.812004115841102,14.180957876961806,13.685135683548822,14.098273259757473,50000
2022-03-18,14.098273259757473,14.169788533199998,13.653181348042352,13.738720643131133,50000
2022-03-21,13.738720643131133,13.974292402039852,13.549382743375945,13.903336709917786,50000
2022-03-22,13.903336709917786,13.974795258223399,13.672595929916916,13.718122259429846,63249
2022-03-23,13.718122259429846,13.841694773937602,13.514080313413983,13.62185493738339,60823
2022-03-24,13.62185493738339,13.663795309107414,13.547230423500519,13.584117932155056,54411
2022-03-25,13.584117932155056,13.638199371611453,13.394786278299403,13.398461221139652,65446
2022-03-28,13.398461221139652,13.484006827116234,13.212373017836308,13.286071165254034,106693
2022-03-29,13.286071165254034,13.294239226544347,13.027239116849344,13.02903556243788,50000
2022-03-30,13.02903556243788,13.050061642174642,12.692611367357584,12.780108911863032,58563
2022-03-31,12.780108911863032,12.931408127276976,12.627477499394752,12.638991238116422,155598
2022-04-01,12.638991238116422,13.167662588338072,12.594812837154114,13.124508874060318,50000
2022-04-04,13.124508874060318,13.273827023491068,12.12712844532625,12.224354855565633,50000
2022-04-05,12.224354855565633,12.488058041399047,12.195292247231219,12.321273744821772,138477
2022-04-06,12.321273744821772,12.918547776545608,12.271894448078994,12.803539994057125,50533
2022-04-07,12.803539994057125,12.879028512176298,12.530188360999231,12.533031567319753,50000
2022-04-08,12.533031567319753,12.616960168740007,12.164264217100154,12.270093783690864,119799
2022-04-11,12.270093783690864,12.666558173563407,12.267076914550954,12.647650591269455,50000
2022-04-12,12.647650591269455,13.109478713785288,12.645335066030887,13.018062543543406,104560
2022-04-13,13.018062543543406,13.469181197028638,12.961516015185584,13.46773170236246,50000
2022-04-14,13.46773170236246,14.104058152559503,13.371551790212049,14.071531511042018,50000
2022-04-15,14.071531511042018,14.156880394156964,13.88454244959028,14.012119309656203,50000
2022-04-18,14.012119309656203,14.374716379532137,14.00958845803391,14.24363175096609,50000
2022-04-19,14.24363175096609,14.469668875078884,14.19817062894661,14.433922498089748,50000
2022-04-20,14.433922498089748,14.8479253729521,14.269993058452844,14.717648207191587,50000
2022-04-21,14.717648207191587,14.76867684721307,14.51315433329665,14.517213914576974,74564
2022-04-22,14.517213914576974,14.542620117598728,14.38372965806369,14.434407142508109,50000
2022-04-25,14.434407142508109,14.540199314952732,14.234274162269802,14.26496014299364,50000
2022-04-26,14.26496014299364,14.551533671429125,14.25622480033628,14.488788904611111,50000
2022-04-27,14.488788904611111,14.505405924354463,14.057098850053885,14.194743184606846,135310
2022-04-28,14.194743184606846,14.195640635260663,14.130109472084548,14.18458403144581,71020
2022-04-29,14.18458403144581,14.206164416859977,13.98873826352457,14.04391855544869,78019
2022-05-02,14.04391855544869,14.092202602382734,14.018795001164769,14.05670626121593,50000
2022-05-03,14.05670626121593,14.825245828655692,14.004677043506113,14.70688882442865,50000
2022-05-04,14.70688882442865,15.802937806464064,14.698405283852399,15.723607678751659,87630
2022-05-05,15.723607678751659,16.06682749765657,15.560849925322664,15.612278925232443,59313
2022-05-06,15.612278925232443,16.126310325189486,15.537163525610453,16.022204858929975,50000
2022-05-09,16.022204858929975,16.562696074517394,15.944942576623006,16.471205401340676,50000
2022-05-10,16.471205401340676,16.498610802446674,16.035018721081528,16.218636364000677,50000
2022-05-11,16.218636364000677,16.307777816136834,15.739839647382338,15.831771232412168,53625
2022-05-12,15.831771232412168,15.860661735275665,15.647887898968483,15.73832430046551,69599
2022-05-13,15.73832430046551,16.068994813526835,15.690070442538183,16.028258971005645,59032
2022-05-16,16.028258971005645,16.038573015351265,15.477000899768218,15.531559772181398,88193
2022-05-17,15.531559772181398,15.737165636470767,15.34907954470884,15.7165370434805,50000
2022-05-18,15.7165370434805,16.143552144561625,15.609629393533316,16.02012854696662,50000
2022-05-19,16.02012854696662,16.127643843514065,15.552951431382777,15.641096591615812,50000
2022-05-20,15.641096591615812,15.721507530721993,15.437525073009091,15.512445151763908,50000
2022-05-23,15.512445151763908,15.982733871821246,15.49718834718606,15.916724676287991,50000
2022-05-24,15.916724676287991,16.415420988801767,15.867144731778927,16.164607275420853,50000
2022-05-25,16.164607275420853,16.358513428168745,16.09924843957997,16.288628635625866,50000
2022-05-26,16.288628635625866,16.352963649441712,15.908143543470757,16.098074106529758,65310
2022-05-27,16.098074106529758,16.31449871116003,16.079256759770217,16.256575216816692,50000
2022-05-30,16.256575216816692,17.116542548049544,16.13266690781801,16.922877077442614,50000
2022-05-31,16.922877077442614,16.959869105068726,16.77344384494964,16.891952495583922,50000
2022-06-01,16.891952495583922,17.00604876080447,16.645678575977335,16.670778829274596,50000
2022-06-02,16.670778829274596,16.68597165769615,16.421539855943838,16.506815318513436,50000
2022-06-03,16.506815318513436,17.15445226053716,16.481815307724393,17.124261635338865,91896
2022-06-06,17.124261635338865,17.179315414602378,16.88148581839614,17.103249912328064,50000
2022-06-07,17.103249912328064,17.309412158216524,17.035442939035132,17.270613436946192,50000
2022-06-08,17.270613436946192,17.29969455970532,16.86652727434194,16.911248981688583,50000
2022-06-09,16.911248981688583,17.364482893802357,16.899544170890433,17.237298106600683,50000
2022-06-10,17.237298106600683,17.285724900894753,17.056227153856877,17.161778961221934,60798
2022-06-13,17.161778961221934,17.249371081722423,17.0385501065401,17.086303664132423,50000
2022-06-14,17.086303664132423,17.10036175841966,16.677969410669174,16.766806788378457,50000
2022-06-15,16.766806788378457,17.33401725529574,16.646474470946913,17.232430311629358,138926
2022-06-16,17.232430311629358,17.35868350782393,17.217361399243874,17.343356784739292,50000
2022-06-17,17.343356784739292,18.145156441149886,17.29154369257579,17.95268113941539,50000
2022-06-20,17.95268113941539,17.99546704186136,17.80646979547993,17.918114813043292,50000
2022-06-21,17.918114813043292,18.015073892903175,17.322469741014622,17.401488360033703,85840
2022-06-22,17.401488360033703,18.004669130862773,17.307896567045685,17.90561044667385,85171
2022-06-23,17.90561044667385,18.0415576602677,17.505427776510896,17.558256942876017,50000
2022-06-24,17.558256942876017,17.56251534347416,17.101299519405256,17.11918903610285,50000
2022-06-27,17.11918903610285,17.200493011407776,17.059092956225623,17.084733608320942,50000
2022-06-28,17.084733608320942,17.61831704047364,17.067508671746705,17.51572058700294,50000
2022-06-29,17.51572058700294,17.681149097135485,17.013603739578,17.12537853946442,102628
2022-06-30,17.12537853946442,17.145468515783243,17.021248579995092,17.0278679062362,50000
2022-07-01,17.0278679062362,17.325592452344363,16.89078767499196,17.30903424741998,50000
2022-07-04,17.30903424741998,17.455412345643467,17.12407746487926,17.2252789624399,50000
2022-07-05,17.2252789624399,17.927168711757595,17.048176167731718,17.737289536533833,50000
2022-07-06,17.737289536533833,18.427477714755774,17.692411900923222,18.352014175191112,50000
2022-07-07,18.352014175191112,18.477609711681232,18.250383631896682,18.393390363385528,50000
2022-07-08,18.393390363385528,18.529311769327546,18.06529385033008,18.249964135203513,71070
2022-07-11,18.249964135203513,18.36029684315003,17.539494552325184,17.654854981125734,50000
2022-07-12,17.654854981125734,18.034987538145632,17.63724627331544,17.981414279661394,50000
2022-07-13,17.981414279661394,18.09858074852217,17.54560437547647,17.773461174368286,50000
2022-07-14,17.773461174368286,17.82946982025785,17.24069153587256,17.388439265908193,145557
2022-07-15,17.388439265908193,17.822024137936644,17.368118202691644,17.749138166062856,50000
2022-07-18,17.749138166062856,18.211455153651208,17.720655580379248,18.15752729333562,50000
2022-07-19,18.15752729333562,18.264903001488342,18.108768378290733,18.20495358424392,50000
2022-07-20,18.20495358424392,18.296217789210168,17.97620321562084,18.003256754434187,56397
2022-07-21,18.003256754434187,18.0778753853532,17.507866207607748,17.704920270443754,50000
2022-07-22,17.704920270443754,17.7481986233162,17.32580329368654,17.443544243332475,50000
2022-07-25,17.443544243332475,17.727096382108172,17.388971690272154,17.597657786900676,59068
2022-07-26,17.597657786900676,17.617671780598503,16.726577393656722,16.767916168299937,50000
2022-07-27,16.767916168299937,16.877087695381817,16.223308922354402,16.314854666254806,88828
2022-07-28,16.314854666254806,16.40674183006795,16.1032881309693,16.113746571003652,50000
2022-07-29,16.113746571003652,16.641600443140895,16.090358199048598,16.563233286817166,50000
2022-08-01,16.563233286817166,17.026246617743677,16.504562074063905,16.86794754094378,50000
2022-08-02,16.86794754094378,16.926498573418346,16.55357398740894,16.599040891783943,50000
2022-08-03,16.599040891783943,16.867975654414042,16.43058362064302,16.863053844502396,50000
2022-08-04,16.863053844502396,17.011222185844485,16.70020257747944,16.728622484720162,50000
2022-08-05,16.728622484720162,17.07863168534142,16.638995154010164,17.027621117891304,52613
2022-08-08,17.027621117891304,17.253496016228418,16.81062195326328,16.867029877292456,50000
2022-08-09,16.867029877292456,17.02428783918454,16.846442177590585,16.859913235758054,69760
2022-08-10,16.859913235758054,16.93956913767806,16.610985886073895,16.89202083080749,50000
2022-08-11,16.89202083080749,16.991744997504167,16.768822951945477,16.80333563179208,75207
2022-08-12,16.80333563179208,16.975717061166954,16.665975725024868,16.72576908838855,51464
2022-08-15,16.72576908838855,16.87312078723569,16.642198616953866,16.81236842679857,50000
2022-08-16,16.81236842679857,17.128266650189087,16.783130503018107,17.015553179393795,50000
2022-08-17,17.015553179393795,17.106762007259245,16.89298733379521,16.952467112366648,50000
2022-08-18,16.952467112366648,16.978202978704182,16.624746150438323,16.711799816871622,50000
2022-08-19,16.711799816871622,16.80998901806305,16.45591552451836,16.50315523325208,50000
2022-08-22,16.50315523325208,16.809839899005837,16.444990472579846,16.79360212178879,228899
2022-08-23,16.79360212178879,17.134867666558346,16.759731827492747,17.10547338926427,111668
2022-08-24,17.10547338926427,17.463520334536582,16.925511531760897,17.26961744680249,50000
2022-08-25,17.26961744680249,17.344035669102706,17.127765672606795,17.187771952437423,50000
2022-08-26,17.187771952437423,17.724483365375686,17.07051380245907,17.644887299223694,70298
2022-08-29,17.644887299223694,18.221811454147595,17.62358610138063,18.123120778485248,50000
2022-08-30,18.123120778485248,18.631253151222417,18.017357263664422,18.501108348598112,50000
2022-08-31,18.501108348598112,18.98450778866834,18.445982439950996,18.879448563985108,50000
2022-09-01,18.879448563985108,19.346353548649326,18.80509070348295,19.3453223351144,50000
2022-09-02,19.3453223351144,19.689807126150292,19.29108438675818,19.478803031284684,50000
2022-09-05,19.478803031284684,19.687007922267366,19.186728213578984,19.34616811665726,50000
2022-09-06,19.34616811665726,19.4324369682499,19.10452647451431,19.399775614265643,67831
2022-09-07,19.399775614265643,19.410348698220524,19.00193582167482,19.115427030148872,50000
2022-09-08,19.115427030148872,19.29718091484591,18.80931333700822,18.926239929115972,50000
2022-09-09,18.926239929115972,19.01710331993389,18.66625836829633,18.778756045462913,50000
2022-09-12,18.778756045462913,19.29961364694161,18.548416264069324,19.255619058689913,63007
2022-09-13,19.255619058689913,19.673817916680793,19.155898152295023,19.548242062030692,56138
2022-09-14,19.548242062030692,19.846967174905704,19.40885644436444,19.79887439282684,68848
2022-09-15,19.79887439282684,20.2089285610578,19.62964092146615,20.1327916845705,82195
2022-09-16,20.1327916845705,20.587682768222614,20.101542158351666,20.516855919586853,50000
2022-09-19,20.516855919586853,20.559784401162066,20.43565867193243,20.507790640751736,50000
2022-09-20,20.507790640751736,20.646999298746852,20.371195070230023,20.4416267910629,50000
2022-09-21,20.4416267910629,20.9068587748446,20.43254425632703,20.706797783786445,50000
2022-09-22,20.706797783786445,20.900704216381335,20.518326938230032,20.877854176131557,50000
2022-09-23,20.877854176131557,20.889506344320555,20.514156459707696,20.609274979926116,50000
2022-09-26,20.609274979926116,20.618309343128924,20.535812507367613,20.594417021261165,50000
2022-09-27,20.594417021261165,20.918779420082267,20.284056618989098,20.344109395579935,50000
2022-09-28,20.344109395579935,20.974717347423663,20.2678442253887,20.79404971444013,50000
2022-09-29,20.79404971444013,21.688203353149028,20.79325787585986,21.44894675125548,50000
2022-09-30,21.44894675125548,21.51043045810818,21.20707343720187,21.444155969369813,57603
2022-10-03,21.444155969369813,21.64542931539032,21.323036589247078,21.57226901974421,66610
2022-10-04,21.57226901974421,21.682917715572263,21.16096815783049,21.24394459676397,50000
2022-10-05,21.24394459676397,21.28837469168907,20.746666686260177,20.909839168622465,50000
2022-10-06,20.909839168622465,21.224997446129773,20.731735244685247,20.963548241155653,58069
2022-10-07,20.963548241155653,21.0311736201975,20.45071906024928,20.467120942303747,50000
2022-10-10,20.467120942303747,20.530846549437292,20.156394505870587,20.185073886365572,50000
2022-10-11,20.185073886365572,20.389124331043064,19.59588928805243,19.735602591456264,50000
2022-10-12,19.735602591456264,19.752842060728803,19.568822814037137,19.603428020592215,50000
2022-10-13,19.603428020592215,19.60944776806547,19.091853428716263,19.30182895653322,50000
2022-10-14,19.30182895653322,19.66761869279361,19.081028258442196,19.5285865849658,50000
2022-10-17,19.5285865849658,19.548090834514202,19.17124904839679,19.218263203364813,50000
2022-10-18,19.218263203364813,19.621249822247766,19.00316125613776,19.455082049385673,50000
2022-10-19,19.455082049385673,19.582943009312938,19.172480822194967,19.299860377396463,50000
2022-10-20,19.299860377396463,19.369285167527277,18.50168431975364,18.82960512344996,50000
2022-10-21,18.82960512344996,18.935082422602367,18.690067586159454,18.745166405217898,81842
2022-10-24,18.745166405217898,19.05504053428803,18.724013055117442,18.973721999814625,50000
2022-10-25,18.973721999814625,19.8320721179311,18.883357095411277,19.76047297943485,62430
2022-10-26,19.76047297943485,19.897036706369153,19.712631036330666,19.818797392407717,50184
2022-10-27,19.818797392407717,19.832193674442085,19.154411666036644,19.33827501131776,50000
2022-10-28,19.33827501131776,19.4174021875181,19.191241750662,19.230070084641305,50000
2022-10-31,19.230070084641305,19.31311278980913,18.87860238420363,18.939523384874626,50000
2022-11-01,18.939523384874626,19.05687083541418,18.695943601484398,18.764444552231293,175347
2022-11-02,18.764444552231293,18.967385152235614,18.605774254237442,18.629923791412196,50000
2022-11-03,18.629923791412196,18.791339919879025,18.530177155587854,18.74089118312755,56026
2022-11-04,18.74089118312755,18.901914037683103,18.720650196453782,18.900081535436776,50000
2022-11-07,18.900081535436776,19.046627845758508,18.827362619678354,19.01000402605497,50000
2022-11-08,19.01000402605497,19.846482997327566,18.846147897949617,19.56448766309001,50000
2022-11-09,19.56448766309001,19.62701512630074,19.14846994900018,19.20164146462898,50000
2022-11-10,19.20164146462898,19.250194192469543,18.990598175775034,19.128872189115526,50000
2022-11-11,19.128872189115526,19.226311652984407,18.200399462898663,18.31693531554327,50000
2022-11-14,18.31693531554327,18.401591645640547,18.203165205626778,18.20931521749433,50000
2022-11-15,18.20931521749433,18.295642407554666,18.205661601245552,18.266609598707102,53461
2022-11-16,18.266609598707102,18.33449596270249,17.93704916989763,17.98256445405189,83605
2022-11-17,17.98256445405189,18.117862205039252,17.787136906933117,17.872225886641832,50000
2022-11-18,17.872225886641832,17.884487043696215,17.635199510189306,17.683095471147205,59521
2022-11-21,17.683095471147205,17.736706336751745,16.90053580119761,16.963416975794843,84856
2022-11-22,16.963416975794843,16.966315102045574,16.57490122040811,16.743042888785666,53552
2022-11-23,16.743042888785666,16.79014587638863,16.720649151164473,16.74236693761636,50000
2022-11-24,16.74236693761636,17.110453169911626,16.734631128901245,17.002275704086095,50000
2022-11-25,17.002275704086095,17.042096235516233,16.761859004662877,16.83373879378938,50000
2022-11-28,16.83373879378938,16.870077055080692,16.8118300839536,16.847990761590513,50000
2022-11-29,16.847990761590513,16.936584211579042,16.823977822547697,16.919161050234166,69327
2022-11-30,16.919161050234166,17.105953907493717,16.882385515808913,17.034823034182285,50000
2022-12-01,17.034823034182285,17.43844254016641,16.993730204903173,17.405252929673853,99803
2022-12-02,17.405252929673853,17.52764646123105,17.151829160323704,17.296553689443982,101875
2022-12-05,17.296553689443982,17.407128901616467,16.94051508787549,17.111778642400495,50000
2022-12-06,17.111778642400495,17.140434104729465,16.38579373729708,16.468468249748508,50000
2022-12-07,16.468468249748508,16.538054704473403,16.197987077097093,16.252479430347904,50000
2022-12-08,16.252479430347904,16.394277770632048,16.054238560843288,16.12805916785134,50000
2022-12-09,16.12805916785134,16.33028031498055,15.590685176943854,15.776898261050865,53314
2022-12-12,15.776898261050865,16.120456206628372,15.692214432169612,16.04779101756183,50000
2022-12-13,16.04779101756183,16.19073292225904,15.765058991759975,15.8739353625256,93180
2022-12-14,15.8739353625256,16.08056552707994,15.494870908605208,15.500359580493152,57727
2022-12-15,15.500359580493152,15.666499500748625,15.223957927406557,15.230213893629143,151157
2022-12-16,15.230213893629143,15.329496992888417,15.167678654695997,15.293628023935659,50000
2022-12-19,15.293628023935659,15.504731474777552,15.276797621973275,15.443178998323857,50000
2022-12-20,15.443178998323857,15.875705985628858,15.383772064620636,15.838940379291355,50000
2022-12-21,15.838940379291355,15.896670941046322,15.483569788510232,15.51327105236896,50000
2022-12-22,15.51327105236896,15.865056094244926,15.510067642494088,15.79368834394621,50000
2022-12-23,15.79368834394621,15.858112488889097,15.77916019283993,15.846977977701751,75598
2022-12-26,15.846977977701751,15.864226073929197,15.723240710229938,15.837892063900682,50000
2022-12-27,15.837892063900682,16.004873555367876,15.832958123744781,15.962871645709935,50000
2022-12-28,15.962871645709935,15.967628802738352,15.465702669306648,15.687256695954895,56888
2022-12-29,15.687256695954895,16.182349809798776,15.656238279576364,15.807072190161968,50000
2022-12-30,15.807072190161968,15.916999602194284,15.534044340354319,15.711723124516917,50000
2023-01-02,15.711723124516917,15.869988790223175,15.060754871374924,15.146970462962093,50000
2023-01-03,15.146970462962093,15.232948710811856,14.757082565698255,14.801904375886394,50000
2023-01-04,14.801904375886394,14.808192140805003,14.283316620249485,14.473218738131303,50000
2023-01-05,14.473218738131303,14.687285375604448,14.35926137465609,14.585022315124592,50000
2023-01-06,14.585022315124592,14.935406464332912,14.507843214637663,14.808861379612654,82360
2023-01-09,14.808861379612654,14.8709347261883,14.494413630263153,14.529383466421953,50000
2023-01-10,14.529383466421953,14.55691639396149,14.49685007764127,14.506207432119012,83406
2023-01-11,14.506207432119012,14.526334977352814,13.981089290779531,14.024028893602015,50000
2023-01-12,14.024028893602015,14.071286299292682,13.80808498036178,13.868061340117096,53552
2023-01-13,13.868061340117096,14.234036086672543,13.762377951358907,14.157388071004286,50000
2023-01-16,14.157388071004286,14.75865253104978,14.135221221216797,14.695611540595383,50000
2023-01-17,14.695611540595383,14.835183664114561,14.68509331789973,14.787440255049477,50000
2023-01-18,14.787440255049477,15.202842562375693,14.622919982832459,15.201368247828615,50000
2023-01-19,15.201368247828615,15.315721005463121,14.792593873587979,14.956087588334384,50000
2023-01-20,14.956087588334384,14.980617931689807,14.436664544346074,14.44417495516583,51699
2023-01-23,14.44417495516583,14.52664186224827,14.264272748687658,14.393440197712213,50000
2023-01-24,14.393440197712213,15.021841331278852,14.321026649900714,14.910180190059458,50000
2023-01-25,14.910180190059458,15.054182072438788,14.716062230993149,14.844345111882836,50000
2023-01-26,14.844345111882836,14.922384569989664,14.789983789885522,14.892490535745315,50000
2023-01-27,14.892490535745315,14.930269188245703,14.098933848879977,14.23891876590119,50000
2023-01-30,14.23891876590119,14.403148387171408,13.532314370996513,13.542559664258706,50000
2023-01-31,13.542559664258706,13.682669527634138,13.482523002886339,13.589546697014601,50000
2023-02-01,13.589546697014601,13.776913010816616,13.580719455841331,13.719896141360241,50000
2023-02-02,13.719896141360241,13.764445239326541,13.355292160152686,13.38880751112471,50000
2023-02-03,13.38880751112471,13.579632187097594,13.348826201049846,13.54485540326804,50582
2023-02-06,13.54485540326804,13.773059079301307,13.479466068787442,13.74385451436781,93292
2023-02-07,13.74385451436781,14.180756692016374,13.488870590789213,14.13753448370018,50000
2023-02-08,14.13753448370018,14.209617045111717,14.09521312232877,14.202852435510012,50000
2023-02-09,14.202852435510012,14.775922941550935,14.07359406756412,14.652136962548958,65986
2023-02-10,14.652136962548958,14.746972475052411,14.541483872090213,14.669934095961915,52209
2023-02-13,14.669934095961915,14.83992641011567,14.2460214481222,14.333110264857542,50000
2023-02-14,14.333110264857542,14.67161709978189,14.262753999646645,14.643217542234025,50000
2023-02-15,14.643217542234025,14.747516294378194,14.501395652577658,14.639432475533473,50000
2023-02-16,14.639432475533473,14.871381192320824,14.567986132070383,14.846446541567252,50000
2023-02-17,14.846446541567252,14.971531863679482,14.818076479010452,14.857700149512546,50000
2023-02-20,14.857700149512546,14.986230217007108,14.80407417754115,14.96148295158219,60233
2023-02-21,14.96148295158219,15.241767933084054,14.941072191290514,15.103332238279972,51661
2023-02-22,15.103332238279972,15.975399377704733,15.040598435013454,15.790260133110245,305951
2023-02-23,15.790260133110245,15.79404290565074,15.690649693624282,15.7929923811327,72698
2023-02-24,15.7929923811327,15.9438592617924,15.339603485039945,15.401618288319009,50000
2023-02-27,15.401618288319009,15.63782277229601,15.300240467495364,15.601719167670392,81111
2023-02-28,15.601719167670392,15.839037106092265,15.476554444013862,15.723722886728002,50000
2023-03-01,15.723722886728002,15.789288199488325,15.499040019112936,15.54655889461726,50000
2023-03-02,15.54655889461726,15.731691025004322,15.153308719368903,15.311887509658234,50000
2023-03-03,15.311887509658234,15.679625859365805,15.245732574798886,15.609460884312169,50000
2023-03-06,15.609460884312169,15.676263535776675,15.329415432925291,15.455414565458405,50000
2023-03-07,15.455414565458405,15.476127733786964,15.378115594683857,15.378684565258363,50220
2023-03-08,15.378684565258363,15.73495229432889,15.288443254876098,15.672666338574338,50000
2023-03-09,15.672666338574338,16.708546675012855,15.66307436207793,16.609685908412725,80903
2023-03-10,16.609685908412725,17.41134953030739,16.54115026830792,17.334917045780173,124467
2023-03-13,17.334917045780173,17.356838585623258,17.2881548950053,17.33574306996887,50000
2023-03-14,17.33574306996887,17.417647298157657,17.29627536804909,17.37792689029434,50000
2023-03-15,17.37792689029434,17.445363982982048,17.24639602864099,17.265857898153747,85551
2023-03-16,17.265857898153747,17.57673869511866,17.139959028484615,17.49525305506693,75866
2023-03-17,17.49525305506693,17.61255181599578,17.414186679946678,17.5440139393083,87158
2023-03-20,17.5440139393083,17.582858335130496,17.41328609247623,17.453065978807572,85302
2023-03-21,17.453065978807572,17.902218918776786,17.38766009588966,17.893377400839494,50000
2023-03-22,17.893377400839494,17.903096830122763,17.35613456151017,17.530435394662064,50000
2023-03-23,17.530435394662064,17.608410631621837,17.31730845138888,17.446820324365333,50000
2023-03-24,17.446820324365333,17.47352303620725,17.017912879430117,17.09881972939515,65080
2023-03-27,17.09881972939515,17.455789768972917,17.0345965903745,17.317868306514075,50000
2023-03-28,17.317868306514075,18.417981870028285,17.213227464193984,18.251034438484364,50000
2023-03-29,18.251034438484364,18.55243639451372,18.22635379948019,18.42460889227126,52835
2023-03-30,18.42460889227126,18.73949137933939,18.39912214411009,18.692735649710258,50000
2023-03-31,18.692735649710258,18.817165180364974,18.21638075495963,18.506323771761018,50000
2023-04-03,18.506323771761018,18.628544730470296,18.30249448717973,18.569679113052217,50000
2023-04-04,18.569679113052217,18.607586095566518,18.098722615536413,18.306887309591946,61698
2023-04-05,18.306887309591946,18.372212384053864,18.290917168286356,18.295626562235388,50000
2023-04-06,18.295626562235388,18.808993225654145,18.23633172624702,18.733921493351914,85218
2023-04-07,18.733921493351914,18.866264145132817,18.668272130687964,18.718203895603487,50000
2023-04-10,18.718203895603487,18.772487783495464,18.53495092858772,18.537276728191365,50000
2023-04-11,18.537276728191365,18.585101238565194,18.43991041245515,18.484574077804396,73569
2023-04-12,18.484574077804396,18.4994739972846,17.887333792962078,17.910080266230917,50000
2023-04-13,17.910080266230917,18.074431149764887,17.733715273595642,17.834201472881386,50000
2023-04-14,17.834201472881386,18.911593240501656,17.805726922238104,18.81059576055036,71664
2023-04-17,18.81059576055036,19.213270679145023,18.719374773461798,18.922770005147797,76706
2023-04-18,18.922770005147797,18.937255609866487,18.21907329833036,18.27395542140974,88624
2023-04-19,18.27395542140974,18.74439061601,18.13796779476532,18.648232785651395,50000
2023-04-20,18.648232785651395,18.989331096103477,18.58069234780005,18.915956366208565,61643
2023-04-21,18.915956366208565,19.03525879925604,18.28167829612157,18.28483051602547,50000
2023-04-24,18.28483051602547,18.320602109087798,18.048262825832538,18.09328114662849,50000
2023-04-25,18.09328114662849,18.15424646327876,18.068163002869365,18.152817219577923,82715
2023-04-26,18.152817219577923,18.428396998652435,18.03432542869539,18.2253710275987,50000
2023-04-27,18.2253710275987,18.339979558820147,17.960391815206364,18.05515168186963,50000
2023-04-28,18.05515168186963,18.18531714052475,17.977332171682328,18.04769371959037,50000
2023-05-01,18.04769371959037,18.090585911814955,17.463258567789424,17.488275005079743,50000
2023-05-02,17.488275005079743,17.53130073879398,17.41495802223903,17.496198297958895,266100
2023-05-03,17.496198297958895,17.809863552141614,17.48520702106818,17.78379410997242,50000
2023-05-04,17.78379410997242,18.136709341627427,17.534243188790008,17.869535221044103,50000
2023-05-05,17.869535221044103,17.932386307511734,17.571728156614224,17.64164976707954,50000
2023-05-08,17.64164976707954,17.940282506528693,17.628805794179016,17.90821931942567,51954
2023-05-09,17.90821931942567,18.603439237104958,17.877281697468145,18.46115981523376,50000
2023-05-10,18.46115981523376,18.943841572441954,18.338252802144986,18.921160982931728,50000
2023-05-11,18.921160982931728,19.263213424066166,18.866698140479798,19.258117877426915,50000
2023-05-12,19.258117877426915,19.49703430697673,19.204092800038243,19.449810002993015,50000
2023-05-15,19.449810002993015,20.086485776481982,19.34073702934785,19.891414699305766,50000
2023-05-16,19.891414699305766,19.995655076076236,19.887293548545188,19.980644313146552,50000
2023-05-17,19.980644313146552,20.08804291587045,19.85332901686624,19.994894171287992,50000
2023-05-18,19.994894171287992,20.089494063786848,19.967801311731005,20.06303622777109,89609
2023-05-19,20.06303622777109,20.269302511428567,20.03483443854964,20.100223786770414,55690
2023-05-22,20.100223786770414,20.105255559920174,19.543860436986144,19.656445208413604,90856
2023-05-23,19.656445208413604,19.752682551004657,19.639391252543028,19.705417524912633,89961
2023-05-24,19.705417524912633,19.9223402409768,19.56510749257993,19.827817990921215,50000
2023-05-25,19.827817990921215,20.230081525438678,19.818115097313434,20.050653137254134,50000
2023-05-26,20.050653137254134,20.185247358771495,19.858694069310054,19.966138707958223,207453
2023-05-29,19.966138707958223,20.066116031699735,19.842118736187263,19.94383628321007,50000
2023-05-30,19.94383628321007,20.162223183919775,19.939859838938983,19.973468852879115,51411
2023-05-31,19.973468852879115,20.405550118817345,19.847259708049247,20.188231062500687,168641
2023-06-01,20.188231062500687,20.39214233651486,20.171352079899844,20.34556238625479,50000
2023-06-02,20.34556238625479,20.411153720090482,20.07670849187731,20.3493596795955,50000
2023-06-05,20.3493596795955,20.59815738258442,20.266679494896415,20.525623346697493,50000
2023-06-06,20.525623346697493,20.579756653752092,20.485922109818834,20.571151283029526,50000
2023-06-07,20.571151283029526,20.645637087113144,20.280614958058155,20.3061852498575,50000
2023-06-08,20.3061852498575,20.62234602098904,20.231486316099772,20.572871762167335,117091
2023-06-09,20.572871762167335,21.229792618063385,20.426624615555895,21.0999986085539,50000
2023-06-12,21.0999986085539,21.329702228240812,20.825719005595914,21.26786838971912,108135
2023-06-13,21.26786838971912,21.70546343164417,21.218670487117507,21.627038507052216,50000
2023-06-14,21.627038507052216,21.930480696922086,21.56338680493183,21.74712807772581,75855
2023-06-15,21.74712807772581,22.145682626256963,21.269597816173885,21.30479922138925,59830
2023-06-16,21.30479922138925,21.638657141932008,21.29893773496079,21.5404992992299,76103
2023-06-19,21.5404992992299,21.72990880736136,20.925077616856058,20.970346106999177,50000
2023-06-20,20.970346106999177,20.997381666574178,20.774034794060544,20.91239765346226,63479
2023-06-21,20.91239765346226,21.16161026229163,20.907450395039383,20.99908286204132,50000
2023-06-22,20.99908286204132,21.417429325287923,20.706697067679986,21.21085660620741,59916
2023-06-23,21.21085660620741,21.46121887336448,21.192804582148604,21.19605871764715,50000
2023-06-26,21.19605871764715,21.490845640703522,21.107919412037255,21.368914854505487,53037
2023-06-27,21.368914854505487,21.992023756375804,21.21970619591666,21.750512004152217,50000
2023-06-28,21.750512004152217,21.90174335049441,21.640523255176785,21.840900856805774,50000
2023-06-29,21.840900856805774,21.863777702146887,21.548274351275882,21.690413589820277,50000
2023-06-30,21.690413589820277,21.797986823115878,21.26356707233398,21.414029704187847,50000
2023-07-03,21.414029704187847,21.52000153401201,21.40655002607401,21.43301792986082,61594
2023-07-04,21.43301792986082,21.461257821145388,21.22578770916454,21.262240080564595,50000
2023-07-05,21.262240080564595,21.285687548172163,20.704249823291534,20.91838137178969,63521
2023-07-06,20.91838137178969,21.103617707755458,20.70900524059535,20.869846677271795,50000
2023-07-07,20.869846677271795,21.257477932433506,20.74328086024298,21.03502654933498,50000
2023-07-10,21.03502654933498,21.26544327108692,20.924942894527295,21.189174160025782,50000
2023-07-11,21.189174160025782,21.189505176929796,20.858307872980816,20.911576726060858,50000
2023-07-12,20.911576726060858,21.009975565919653,20.068061958867137,20.2504406934093,50000
2023-07-13,20.2504406934093,20.49526071637608,20.19387639887522,20.39096168402892,50000
2023-07-14,20.39096168402892,20.47596785458359,20.191775277332034,20.432665923193365,50000
2023-07-17,20.432665923193365,20.712967622947385,20.116657347782958,20.169575714665882,53685
2023-07-18,20.169575714665882,20.8425523937013,20.001822664470062,20.711244752887296,50000
2023-07-19,20.711244752887296,20.916538651982734,20.648416277563506,20.666860508357193,50000
2023-07-20,20.666860508357193,20.773634926885908,20.641328519562954,20.759745082755227,50000
2023-07-21,20.759745082755227,20.846664722466773,20.24359240410887,20.49848587446266,50000
2023-07-24,20.49848587446266,21.118714273616778,20.345028113351056,20.8518016635449,62320
2023-07-25,20.8518016635449,21.162449042103255,20.8312907656488,21.027702540702,50000
2023-07-26,21.027702540702,21.37573219197132,20.91871155306227,21.298499210092317,68051
2023-07-27,21.298499210092317,21.30594445444373,20.963917402670447,21.01702406306795,50000
2023-07-28,21.01702406306795,21.6387920366599,20.815017694578437,21.40053953141618,50000
2023-07-31,21.40053953141618,21.406195843057823,21.111751276566636,21.17869030257369,57347
2023-08-01,21.17869030257369,21.635888341122588,21.157881973947816,21.45808564347467,50000
2023-08-02,21.45808564347467,21.466652197536984,21.403255105815926,21.44749962090509,50000
2023-08-03,21.44749962090509,21.467689732024624,21.334664733547413,21.42767068525183,50000
2023-08-04,21.42767068525183,21.498951507813064,21.04942124011287,21.183380893871416,125692
2023-08-07,21.183380893871416,21.61754011966671,21.108104654400044,21.550740462866838,65538
2023-08-08,21.550740462866838,22.078946622492467,21.489034878701222,21.843652047377923,50000
2023-08-09,21.843652047377923,21.871280007112343,21.4521003386485,21.53129439718767,73724
2023-08-10,21.53129439718767,21.940261354043724,21.51324450076706,21.84803468221253,98426
2023-08-11,21.84803468221253,22.000427335664906,21.614038230716258,21.666466788151467,50000
2023-08-14,21.666466788151467,21.68538742733514,21.181164735912787,21.339550225907534,50000
2023-08-15,21.339550225907534,21.65771234947809,21.254133199544356,21.64215545752139,50000
2023-08-16,21.64215545752139,21.76131843392324,21.30256103050192,21.375796888990756,107647
2023-08-17,21.375796888990756,21.757702089272573,21.350525974563297,21.56359664720393,50000
2023-08-18,21.56359664720393,21.687198208205174,21.450203203261488,21.618009520114203,50000
2023-08-21,21.618009520114203,21.827252054288053,21.570290213600792,21.646789184457113,50000
2023-08-22,21.646789184457113,21.87704594938997,21.52328949572397,21.707970458784906,50000
2023-08-23,21.707970458784906,21.942978977661745,21.656256007931763,21.80516435273437,50000
2023-08-24,21.80516435273437,21.93568862588116,21.43679478542938,21.503807506441742,50000
2023-08-25,21.503807506441742,21.937731809838667,21.379814424412253,21.784254844600447,50000
2023-08-28,21.784254844600447,21.905947501481855,21.57591766076894,21.67547309954292,50000
2023-08-29,21.67547309954292,21.742785022266357,20.829396823653756,20.945569760102863,75734
2023-08-30,20.945569760102863,21.0162361622041,20.78271632124622,20.95722506219295,87618
2023-08-31,20.95722506219295,21.419534550753756,20.888381504079025,21.352528976233998,50000
2023-09-01,21.352528976233998,22.269728806368644,21.3189821522864,22.12506400074426,150245
2023-09-04,22.12506400074426,22.439690940893005,21.98309588005519,22.27772131932692,75953
2023-09-05,22.27772131932692,22.58490234976737,21.99811683951661,22.053407154079032,62524
2023-09-06,22.053407154079032,22.383310711419494,21.813126576114037,22.163260643945943,50000
2023-09-07,22.163260643945943,22.22982249724375,22.066496700314207,22.10447269282982,50000
2023-09-08,22.10447269282982,22.235532976979766,21.97149160380623,22.11793589916065,50000
2023-09-11,22.11793589916065,22.29369581508679,21.97443481630568,22.22256192544943,50000
2023-09-12,22.22256192544943,22.644300428732283,22.108609392220586,22.378188886928815,50000
2023-09-13,22.378188886928815,22.42309313302924,21.866643737113375,22.12046881393416,50000
2023-09-14,22.12046881393416,22.31525849773617,21.79180160379811,22.197931906796278,50000
2023-09-15,22.197931906796278,22.313653269085748,21.44158336611323,21.577179508713986,64199
2023-09-18,21.577179508713986,21.72908987438068,21.40149209729252,21.701743034377877,75398
2023-09-19,21.701743034377877,22.070103458684557,21.65637840275735,21.88208598401284,50000
2023-09-20,21.88208598401284,22.636065176814114,21.839532563689293,22.36303814713621,93259
2023-09-21,22.36303814713621,22.49886427129811,21.803664647464604,21.98537550069047,63238
2023-09-22,21.98537550069047,22.368448808270468,21.98019756892329,22.042747302428335,50000
2023-09-25,22.042747302428335,22.60296208761952,21.972787022911145,22.564879264192687,50000
2023-09-26,22.564879264192687,22.987465221685532,22.309412717108852,22.983813258043117,50000
2023-09-27,22.983813258043117,23.50468506121812,22.909109999612234,23.42474969357351,50000
2023-09-28,23.42474969357351,23.652659541640496,23.382303935532313,23.58030486587834,50000
2023-09-29,23.58030486587834,24.474085162702337,23.551812961376765,24.350521443520332,50000
2023-10-02,24.350521443520332,24.397299874609907,23.953261370838167,24.01707886162655,57352
2023-10-03,24.01707886162655,24.576370342284388,23.91927598499587,24.243342688723665,50000
2023-10-04,24.243342688723665,24.244375778157035,23.493229837164158,23.662531714655795,50000
2023-10-05,23.662531714655795,23.7660037952938,23.375439772131646,23.378847442740625,50000
2023-10-06,23.378847442740625,23.64796527708107,23.130691021882573,23.573898722851105,72826
2023-10-09,23.573898722851105,23.99699669480611,23.546233035082448,23.815719092382547,50000
2023-10-10,23.815719092382547,24.794966975141048,23.60578283019223,24.672816374882174,163399
2023-10-11,24.672816374882174,24.88028051334941,24.457155608152526,24.798626415686133,50000
2023-10-12,24.798626415686133,24.990536460274964,24.573289695199257,24.610350530957557,50000
2023-10-13,24.610350530957557,25.484773207188347,24.53135830542458,25.33137609282853,50000
2023-10-16,25.33137609282853,25.578658899261534,25.330714525373924,25.476690219652397,59042
2023-10-17,25.476690219652397,25.60053461871148,25.354108089494428,25.449720999428653,50000
2023-10-18,25.449720999428653,25.74211114412446,24.9842665783704,25.23481581682054,91730
2023-10-19,25.23481581682054,25.675240751298762,25.212290634313423,25.466220185504984,50000
2023-10-20,25.466220185504984,25.85867315907015,25.42731743533672,25.77995715228038,50000
2023-10-23,25.77995715228038,26.682937845912814,25.748125591905804,26.520621530521574,50000
2023-10-24,26.520621530521574,26.72413858699605,26.07107021725733,26.14847032054914,50000
2023-10-25,26.14847032054914,26.21868486612759,25.826430099660467,25.918007886428995,50000
2023-10-26,25.918007886428995,26.102307322131995,25.828886447248145,26.037941735788884,67198
2023-10-27,26.037941735788884,26.26834534550899,26.03164817470058,26.137506291588377,50000
2023-10-30,26.137506291588377,26.200590965109775,25.66823475355397,25.827866334600927,50000
2023-10-31,25.827866334600927,26.20443435468104,25.793135106295445,26.182665462185707,62727
2023-11-01,26.182665462185707,26.521368335581453,26.170027119792156,26.39729284094242,50000
2023-11-02,26.39729284094242,26.749821742308427,26.320182136500165,26.667626727587173,50000
2023-11-03,26.667626727587173,26.89449425783832,26.560437539194954,26.75816318827651,65376
2023-11-06,26.75816318827651,26.816344040045127,26.365888166738156,26.58529353343282,74157
2023-11-07,26.58529353343282,26.633796606685696,26.273134867806156,26.30947518031754,62165
2023-11-08,26.30947518031754,26.6632846123179,26.020785969802365,26.17882957643541,50000
2023-11-09,26.17882957643541,26.234625208930794,25.986199907784105,26.103614921706217,50000
2023-11-10,26.103614921706217,26.340180935032365,26.006777517861515,26.256176463631345,50000
2023-11-13,26.256176463631345,26.40854566147443,25.988104784026667,26.378344125033916,62449
2023-11-14,26.378344125033916,26.37872414320816,26.178524897099546,26.340345018949836,64119
2023-11-15,26.340345018949836,26.454186786266224,26.20401443269207,26.25414182241771,80506
2023-11-16,26.25414182241771,26.426042041909767,25.894305448029584,26.024106685307327,50000
2023-11-17,26.024106685307327,26.734214375474274,25.959429935009588,26.190236667150593,81054
2023-11-20,26.190236667150593,26.42806776523184,25.83384031270489,25.999384652362927,50000
2023-11-21,25.999384652362927,26.114019416238985,25.64137709310027,25.83044590436635,86575
2023-11-22,25.83044590436635,26.08029917629331,25.62978927844833,26.04671109982618,50000
2023-11-23,26.04671109982618,26.478761170981073,26.008721425792768,26.463138555941125,57211
2023-11-24,26.463138555941125,26.816879153253044,26.330433268079005,26.742491565345215,50000
2023-11-27,26.742491565345215,27.029173237236286,26.581583415228028,26.986901749665414,155571
2023-11-28,26.986901749665414,27.007852641877825,26.410881072981336,26.75300170194323,66895
2023-11-29,26.75300170194323,27.3574904381885,26.73080267159026,27.301690284313995,50000
2023-11-30,27.301690284313995,27.387533941047185,27.17793381880686,27.341829625191327,62662
2023-12-01,27.341829625191327,27.798984689992572,27.193833786789078,27.792256963504265,69373
2023-12-04,27.792256963504265,28.721774530310064,27.639290288192313,28.476174155307984,50000
2023-12-05,28.476174155307984,28.593405142429855,27.98429272054617,28.104220625137135,96914
2023-12-06,28.104220625137135,28.225147920289498,28.04492619726023,28.11156105578644,107508
2023-12-07,28.11156105578644,28.191070609909854,28.00981517082636,28.068643797625697,127306
2023-12-08,28.068643797625697,28.095814159072148,27.56719573014332,27.668324797796352,50000
2023-12-11,27.668324797796352,27.707178835425584,27.618111495662315,27.67831592230261,50000
2023-12-12,27.67831592230261,28.339627487833848,27.52995276276464,28.085138325723843,50000
2023-12-13,28.085138325723843,28.158427680068705,27.746593857200295,28.050392779324923,68776
2023-12-14,28.050392779324923,28.291759943930032,27.428139778739787,27.619891968153286,50000
2023-12-15,27.619891968153286,27.78635722671304,26.697033581513956,26.821205472238837,113459
2023-12-18,26.821205472238837,27.504704861482455,26.79166884804873,27.240163931802645,52385
2023-12-19,27.240163931802645,27.571362139772884,27.152464262962766,27.331060002079834,50000
2023-12-20,27.331060002079834,27.581619823135007,26.611894813393253,26.84813998798538,50000
2023-12-21,26.84813998798538,27.211848381238045,26.746083783109224,26.899680729853333,50000
2023-12-22,26.899680729853333,26.969714662091324,26.195311226108696,26.49550229155883,50000
2023-12-25,26.49550229155883,27.13789939775298,26.466501708476894,26.693633512381734,50000
2023-12-26,26.693633512381734,27.018524914018176,26.30637021886616,26.554200829440695,50000
2023-12-27,26.554200829440695,26.956276046843957,26.515118469392434,26.876377428618845,50000
2023-12-28,26.876377428618845,27.21436293103212,26.73205998741536,27.032870235061104,127245
2023-12-29,27.032870235061104,27.621769819191456,26.77361103104375,27.42918339480001,50000
2024-01-01,27.42918339480001,27.694735268008042,27.16588936249036,27.334381615649402,139079
2024-01-02,27.334381615649402,28.042777837656818,27.302861615789435,27.84107947332649,50000
2024-01-03,27.84107947332649,28.2687182813738,27.721100119588964,28.09397633682888,59905
2024-01-04,28.09397633682888,28.34356315746484,27.756491698278424,28.30173068684239,50000
2024-01-05,28.30173068684239,28.356188469080376,27.997128478556707,28.300534753690908,50000
2024-01-08,28.300534753690908,28.597790197219737,28.04555665889862,28.052915706065928,50000
2024-01-09,28.052915706065928,28.711366904719394,27.815356696355938,28.63998638255937,50000
2024-01-10,28.63998638255937,28.859665093825694,28.305543364230473,28.458504740210838,67793
2024-01-11,28.458504740210838,28.80200018681892,28.122077057612785,28.65869765563958,50000
2024-01-12,28.65869765563958,28.699765996885773,28.167603375074904,28.22309531726048,50000
2024-01-15,28.22309531726048,28.43965118862475,27.92792828241366,28.29461987659797,50000
2024-01-16,28.29461987659797,28.449417970713245,27.872428776372733,28.008322580051882,50000
2024-01-17,28.008322580051882,28.149802662402585,27.84500678842151,28.080719334220507,64258
2024-01-18,28.080719334220507,28.325690327880228,27.836323269006595,27.956034897875735,50000
2024-01-19,27.956034897875735,28.18188467138021,27.82453277219583,27.99072672999039,59132
2024-01-22,27.99072672999039,28.223455841346937,27.882549293585225,28.074406426844405,50000
2024-01-23,28.074406426844405,28.103220632276173,27.429124783062733,27.804197950573716,133080
2024-01-24,27.804197950573716,28.04274403449239,26.97112136367938,27.190629571783102,67075
2024-01-25,27.190629571783102,27.554336840312143,26.90060065632075,27.04196281817235,50000
2024-01-26,27.04196281817235,27.22640954142407,26.84655040656102,27.149188062918146,50000
2024-01-29,27.149188062918146,27.691309409163498,27.108661905726198,27.63624036761561,50000
2024-01-30,27.63624036761561,28.055493103975124,27.535810826801576,28.019718440054575,57543
2024-01-31,28.019718440054575,28.047749472653525,27.41828619069511,27.515215784099716,50000
2024-02-01,27.515215784099716,27.69357398335168,27.168454411950478,27.169712597292694,50000
2024-02-02,27.169712597292694,27.667700119975738,27.131926497042127,27.561178459152494,50000
2024-02-05,27.561178459152494,27.785751928104894,27.312745514859476,27.35971048976138,50000
2024-02-06,27.35971048976138,27.641963509160924,27.25451237403137,27.371177652081325,50000
2024-02-07,27.371177652081325,27.453057488945912,27.049723893113033,27.091892679421946,106452
2024-02-08,27.091892679421946,27.405306163494767,27.091516828654015,27.29712269922086,50924
2024-02-09,27.29712269922086,27.605593833559404,26.74252313447587,26.825605989014278,75823
2024-02-12,26.825605989014278,27.117151976162504,26.75928389287469,27.062866720690995,50000
2024-02-13,27.062866720690995,27.252896660479596,26.799020731668428,26.947424270737514,65901
2024-02-14,26.947424270737514,27.079812585610213,26.921363558733503,26.940256507069986,52428
2024-02-15,26.940256507069986,27.073671991253182,26.545667277590198,26.55310464195191,93975
2024-02-16,26.55310464195191,26.97132829522493,26.485319444977232,26.83716956280595,71875
2024-02-19,26.83716956280595,27.181175135094826,26.1364027120126,26.36705767259122,50000
2024-02-20,26.36705767259122,26.9480861619797,26.23571454805894,26.83200588197462,50000
2024-02-21,26.83200588197462,27.401464115775372,26.53491168933294,27.239983811892195,50000
2024-02-22,27.239983811892195,27.58118690915675,27.234314508821864,27.490247944771713,50000
2024-02-23,27.490247944771713,28.171730469041258,27.371414467418052,28.05650229059777,61999
2024-02-26,28.05650229059777,28.126841651888192,27.95213369849392,28.098269564820804,50000
2024-02-27,28.098269564820804,28.18345275578493,27.551938129607137,27.563423578634236,50000
2024-02-28,27.563423578634236,27.651766608698324,27.15588494622403,27.248218573148467,50000
2024-02-29,27.248218573148467,27.845916330346235,27.083678710164484,27.793449378106683,50000
2024-03-01,27.793449378106683,27.995154318502834,27.554105246559217,27.686804875618105,114541
2024-03-04,27.686804875618105,27.735727920170007,27.46750205935415,27.498652958115947,104087
2024-03-05,27.498652958115947,27.567608399668345,27.183815788422528,27.408639474860006,50000
2024-03-06,27.408639474860006,27.46090716547904,26.745804736952746,26.875562084631188,52248
2024-03-07,26.875562084631188,27.08566037709188,26.40516501194963,26.618281894818548,50000
2024-03-08,26.618281894818548,26.725296288668115,26.01512339318117,26.34502200019798,50000
2024-03-11,26.34502200019798,26.601247815086158,25.847517602802814,25.95400901786918,50000
2024-03-12,25.95400901786918,25.988769409620115,25.661838780421956,25.747559781150233,57076
2024-03-13,25.747559781150233,25.937142987991777,25.566286452762437,25.585991925451754,50000
2024-03-14,25.585991925451754,25.714885640694106,25.585547096050682,25.59004629958188,50000
2024-03-15,25.59004629958188,25.678567762195947,25.161231043594903,25.284870973456478,50000
2024-03-18,25.284870973456478,25.291825606985576,24.920101246650987,24.960343114312696,50000
2024-03-19,24.960343114312696,25.17238354889907,24.76361138864544,25.119886995320346,50000
2024-03-20,25.119886995320346,25.305734109377767,24.73216058161531,24.92700826035119,115071
2024-03-21,24.92700826035119,25.054459008376607,24.524523548415793,24.81027491960063,50000
2024-03-22,24.81027491960063,25.06661814362591,24.58995300841336,24.87307303159576,77027
2024-03-25,24.87307303159576,25.180460059458326,24.683136517084264,25.001107832292785,50000
2024-03-26,25.001107832292785,25.02781790811661,24.907477392519763,25.011506013372465,59873
2024-03-27,25.011506013372465,25.056293305931028,24.917339675126083,25.025941818633555,50000
2024-03-28,25.025941818633555,25.095072561445825,24.776524418984444,24.885313337578534,50000
2024-03-29,24.885313337578534,24.98429277729756,24.422379050522277,24.545272804958177,50000
2024-04-01,24.545272804958177,25.057088958631272,24.4422563592858,24.850034599635112,50000
2024-04-02,24.850034599635112,25.140197955485846,24.60646582720023,24.91916552143667,50000
2024-04-03,24.91916552143667,25.543732862764177,24.697417617071604,25.421917183942,50000
2024-04-04,25.421917183942,25.72363328279872,25.20637042592891,25.717401841882634,50000
2024-04-05,25.717401841882634,25.96369697194632,25.53786037832167,25.891317776396345,87533
2024-04-08,25.891317776396345,26.422477112560642,25.673958925132748,26.287307781604895,50000
2024-04-09,26.287307781604895,26.62681494613671,26.26808825942596,26.620307290732022,50000
2024-04-10,26.620307290732022,26.938327545337177,26.56871867084083,26.67120609986027,50000
2024-04-11,26.67120609986027,26.897706201062796,26.5283814296321,26.632553717626088,50000
2024-04-12,26.632553717626088,27.689438309063778,26.62855936799713,27.174933844424643,80577
2024-04-15,27.174933844424643,27.635324553553172,26.917145163885984,27.092553213197267,50738
2024-04-16,27.092553213197267,27.8510035949676,26.945718115569665,27.61004842210966,50000
2024-04-17,27.61004842210966,28.0709747648272,27.48129575425489,27.941139438578595,50000
2024-04-18,27.941139438578595,28.52326216585536,27.750916638827942,28.294127740472643,50000
2024-04-19,28.294127740472643,28.47138647494497,27.817528265895678,28.037425738134207,50000
2024-04-22,28.037425738134207,28.38403323833064,27.95795733819717,28.235077376357186,50000
2024-04-23,28.235077376357186,28.92967176380686,28.158051153084354,28.917713709045184,82754
2024-04-24,28.917713709045184,28.947299359984825,28.377772264333245,28.555116591901584,50000
2024-04-25,28.555116591901584,28.594268443777448,28.282182039784797,28.336609463158045,71153
2024-04-26,28.336609463158045,28.33916691914557,28.007375565075566,28.10672375799936,50000
2024-04-29,28.10672375799936,28.146151318448503,27.932656770302124,28.113141537433226,73228
2024-04-30,28.113141537433226,28.434196355998683,27.98266605001846,28.39454513634735,50000
2024-05-01,28.39454513634735,28.475023993142806,27.92571960166396,28.144167197273468,50000
2024-05-02,28.144167197273468,28.174129490258768,27.867473547183142,28.08495156282486,61943
2024-05-03,28.08495156282486,28.213324163568473,27.994052704747254,28.06595904457172,50000
2024-05-06,28.06595904457172,28.169591788234133,27.684836813076707,27.7045081888654,50000
2024-05-07,27.7045081888654,27.87991555984293,27.290355970135888,27.339253656541477,71833
2024-05-08,27.339253656541477,27.68779790055463,27.30813816377108,27.601253564617515,50000
2024-05-09,27.601253564617515,28.68325063455535,27.150919815977165,28.52720179196185,50000
2024-05-10,28.52720179196185,28.713533674532187,28.01606833653657,28.11665264064276,50000
2024-05-13,28.11665264064276,28.195039834832752,27.624399572908867,27.656182564369235,50000
2024-05-14,27.656182564369235,28.250474630440518,27.594436135863656,27.88510801943955,56393
2024-05-15,27.88510801943955,27.944029059682883,27.719964716143597,27.73891178411044,50000
2024-05-16,27.73891178411044,28.28710321788101,27.599915623851707,28.249557965535313,50000
2024-05-17,28.249557965535313,28.425306860856264,27.96805509274927,27.992440674554064,50000
2024-05-20,27.992440674554064,28.093565280368633,27.472847930483844,27.540323752690373,50000
2024-05-21,27.540323752690373,27.609007346746992,27.204669167734853,27.38347737992455,50000
2024-05-22,27.38347737992455,27.846168799414688,27.154665901244133,27.471013596366586,50000
2024-05-23,27.471013596366586,27.71515202657966,26.852474586059014,26.973348756301192,50000
2024-05-24,26.973348756301192,27.17358530294926,26.81067190135894,26.924684891223123,57128
2024-05-27,26.924684891223123,27.14663512962782,26.513006087935608,26.624252319664112,50000
2024-05-28,26.624252319664112,26.71204629787526,26.304419177039534,26.355827642415306,93677
2024-05-29,26.355827642415306,26.70140760253353,26.177699557498247,26.529885193606766,50000
2024-05-30,26.529885193606766,26.549291241737873,26.09623756811706,26.182030388295086,50000
2024-05-31,26.182030388295086,26.194351444494067,25.97575168045592,26.161245614770994,133395
2024-06-03,26.161245614770994,26.458463540203912,26.077655771097973,26.44238022494442,50000
2024-06-04,26.44238022494442,26.871736616087695,26.43622248670296,26.60348225009071,50000
2024-06-05,26.60348225009071,26.693046793058144,26.41128833243458,26.58780090375221,56925
2024-06-06,26.58780090375221,26.634970002791814,26.14399894818795,26.297230966504976,50000
2024-06-07,26.297230966504976,26.530150665997212,26.117060018283297,26.517672065816967,66798
2024-06-10,26.517672065816967,26.84535061153667,26.405409268352628,26.71179814252416,50000
2024-06-11,26.71179814252416,27.37635157067409,26.385785967207998,27.22161699604231,50000
2024-06-12,27.22161699604231,27.44194972147171,27.076503472503646,27.418422225119578,50000
2024-06-13,27.418422225119578,27.912772073737518,27.249011737251504,27.81029052605683,50000
2024-06-14,27.81029052605683,27.97737207337878,27.775818586839996,27.8101652608266,51575
2024-06-17,27.8101652608266,28.03310192010654,27.364560380307672,27.537073926159604,74399
2024-06-18,27.537073926159604,27.85641169440815,27.492416993944786,27.608667245339667,50000
2024-06-19,27.608667245339667,27.73108850413183,27.504419641533822,27.720160585732312,60593
2024-06-20,27.720160585732312,28.48738924176058,27.570659709680744,28.371766579406113,50000
2024-06-21,28.371766579406113,28.427842913742776,27.892378447993078,28.029216239984333,50000
2024-06-24,28.029216239984333,28.21477541032001,27.890656101438196,27.937749126350575,50000
2024-06-25,27.937749126350575,28.194778946410302,27.926576256421935,27.984621134292748,50000
2024-06-26,27.984621134292748,28.25160974682662,27.93481247210337,28.109033691727944,50000
2024-06-27,28.109033691727944,28.296095142839476,27.630120748587963,27.79669480703596,81595
2024-06-28,27.79669480703596,28.071390117124103,27.601875721803165,27.88613091368196,169201
2024-07-01,27.88613091368196,28.037161614091506,27.501769729368988,27.600042941647608,50000
2024-07-02,27.600042941647608,27.707691789668253,27.41376118739426,27.430956988289513,50000
2024-07-03,27.430956988289513,27.969017885909725,27.295397179476517,27.946595445736,50000
2024-07-04,27.946595445736,28.563122297709207,27.800175224943864,28.432998945431365,50000
2024-07-05,28.432998945431365,28.50418979425942,27.55862795224284,27.594118384880645,50000
2024-07-08,27.594118384880645,27.750490842348757,27.1166823731125,27.206628610696242,107741
2024-07-09,27.206628610696242,27.70896635136286,27.19208425304473,27.56371196470593,50000
2024-07-10,27.56371196470593,28.15605766271158,27.428153200960576,28.1364781525227,50000
2024-07-11,28.1364781525227,28.598376708502737,27.972382026722507,28.395672108676898,50000
2024-07-12,28.395672108676898,28.57992435463536,28.08927794036305,28.264200622158597,50000
2024-07-15,28.264200622158597,28.673211854113816,28.22601010322828,28.652937743458406,86968
2024-07-16,28.652937743458406,28.91485010253726,28.30275180675324,28.57361351540938,50000
2024-07-17,28.57361351540938,29.31872730403377,28.419738237278423,29.159091328638336,50000
2024-07-18,29.159091328638336,29.269978561493808,28.825151560855964,28.95125449560787,75337
2024-07-19,28.95125449560787,29.129129683529808,28.468578031129763,28.653158806752973,50000
2024-07-22,28.653158806752973,28.71698461753161,28.058379786216857,28.149921071599778,50000
2024-07-23,28.149921071599778,28.45669675128989,28.036025489051784,28.166262306753868,50000
2024-07-24,28.166262306753868,28.511780390005814,27.92514236417572,28.38392884820682,50000
2024-07-25,28.38392884820682,28.83720835221475,28.122713849053106,28.624487690683118,50000
2024-07-26,28.624487690683118,28.67432469498335,28.426293975911985,28.539322499510146,64260
2024-07-29,28.539322499510146,28.73688352981059,27.69549214740784,28.117804751694784,50000
2024-07-30,28.117804751694784,28.30473065300621,28.091521937568064,28.295231993972234,53672
2024-07-31,28.295231993972234,28.459340803713847,28.219007335133995,28.367590511867306,50000
2024-08-01,28.367590511867306,28.82759808191315,28.32212546142334,28.808536245769265,50000
2024-08-02,28.808536245769265,28.833976853148364,27.59824301893987,27.872591927367704,56001
2024-08-05,27.872591927367704,28.008853578040657,27.773018287058832,27.79993104044868,50000
2024-08-06,27.79993104044868,28.015094011168248,27.67169592372985,27.713318726791414,50000
2024-08-07,27.713318726791414,27.78596061073027,27.533842468112926,27.721843265304962,50000
2024-08-08,27.721843265304962,28.351124295441423,27.650366557992545,28.30675697791379,50000
2024-08-09,28.30675697791379,28.499461746462472,27.99102140008271,28.014123176002272,50000
2024-08-12,28.014123176002272,28.20258134921476,27.144868962804498,27.568720945272663,63232
2024-08-13,27.568720945272663,27.744687028438072,27.508494123771253,27.52617685260786,50000
2024-08-14,27.52617685260786,27.596751363133095,27.4107721794729,27.455361811307377,50000
2024-08-15,27.455361811307377,28.50593825370022,27.195465530636298,28.248024991848418,113842
2024-08-16,28.248024991848418,28.44434072806984,27.879675497410695,28.185822439698065,614595
2024-08-19,28.185822439698065,28.423008012572726,28.10708394062944,28.41933675243025,50000
2024-08-20,28.41933675243025,28.426719501184216,28.176801389752647,28.237373895873734,73162
2024-08-21,28.237373895873734,28.654856154312856,27.981567041708306,28.493684316170597,50000
2024-08-22,28.493684316170597,28.60311082712999,27.905245764312273,28.051805261381425,50000
2024-08-23,28.051805261381425,28.452921259392767,27.90237383287326,28.227166602917645,50000
2024-08-26,28.227166602917645,29.01666279498959,28.210415560014667,28.872615272912128,50000
2024-08-27,28.872615272912128,28.93282390586324,28.560775477734204,28.6266582557469,103135
2024-08-28,28.6266582557469,28.729724056225034,28.472092321600883,28.568053425909543,50000
2024-08-29,28.568053425909543,28.830268598466752,27.945625911212943,28.193524265009774,94055
2024-08-30,28.193524265009774,28.962568056010902,28.134424526197332,28.433202418385928,50000
2024-09-02,28.433202418385928,29.00539165444415,28.28770320920641,28.968155437066454,50000
2024-09-03,28.968155437066454,29.129058859064017,28.615199712670073,28.98879055179401,57658
2024-09-04,28.98879055179401,29.620426075526268,28.852543729965628,29.39696664733694,244400
2024-09-05,29.39696664733694,29.45150562999278,28.782810532067625,28.878398206199098,128356
2024-09-06,28.878398206199098,28.963768933286225,28.288457363591792,28.3245007839755,50000
2024-09-09,28.3245007839755,29.03643383010145,28.313406250230468,28.953932292582707,50000
2024-09-10,28.953932292582707,29.323588143938284,28.713643245192667,29.072286656709906,50000
2024-09-11,29.072286656709906,29.49262935329665,29.01804241362223,29.147311165179136,80084
2024-09-12,29.147311165179136,29.565232627270262,29.100234284458715,29.46647529370644,82874
2024-09-13,29.46647529370644,29.571104627310046,29.28149502479119,29.473881769216128,52723
2024-09-16,29.473881769216128,29.5403609394034,29.451546546866904,29.5261084697058,56665
2024-09-17,29.5261084697058,29.888062399579233,29.49313355423111,29.606694974592067,89906
2024-09-18,29.606694974592067,29.630837474867725,29.314496210831443,29.531905259908438,50000
2024-09-19,29.531905259908438,29.653112434115286,29.04355113344163,29.304963969380545,50000
2024-09-20,29.304963969380545,29.445723997680698,28.643608763928782,28.717303210920747,50000
2024-09-23,28.717303210920747,28.76296782128628,28.448619916948836,28.754473209607585,50000
2024-09-24,28.754473209607585,29.025771709866817,28.527555745668366,28.86723208958784,50000
2024-09-25,28.86723208958784,29.527954891650335,28.704098879830095,29.509803158187143,50000
2024-09-26,29.509803158187143,29.658201438509927,29.25510888768118,29.27504942737026,50000
2024-09-27,29.27504942737026,29.75231700979481,28.212665418675524,28.570372806418806,77061
2024-09-30,28.570372806418806,28.859490868420554,28.336358931834006,28.792348246598944,50000
2024-10-01,28.792348246598944,29.681892169642733,28.603866884440535,29.457583103705907,94398
2024-10-02,29.457583103705907,29.938588207153682,29.4222379308662,29.821648643842526,50000
2024-10-03,29.821648643842526,30.131189339734497,29.652271519015358,29.735977280533817,68449
2024-10-04,29.735977280533817,30.286295019580674,29.588587454124532,30.02300281069133,50000
2024-10-07,30.02300281069133,30.11607950607683,29.73657769422009,29.91123259573261,50000
2024-10-08,29.91123259573261,30.159504901065482,29.562449516270366,29.563654489149997,50000
2024-10-09,29.563654489149997,29.735539085560617,29.291842480690306,29.537170422851,50000
2024-10-10,29.537170422851,29.68479422407136,29.513465576125316,29.639103705280593,50000
2024-10-11,29.639103705280593,29.789522037124545,28.993585630353454,29.210225799099433,50000
2024-10-14,29.210225799099433,29.32668466857461,28.757173505985524,28.89100447140269,52045
2024-10-15,28.89100447140269,28.96130631792973,28.844582275446353,28.90115603079351,50000
2024-10-16,28.90115603079351,29.172476292685726,28.728441703098106,28.953311180129823,50000
2024-10-17,28.953311180129823,29.629729285112134,28.86876260307421,29.364283039235797,50000
2024-10-18,29.364283039235797,29.396607061477944,29.2166747874536,29.395475204848868,50000
2024-10-21,29.395475204848868,29.609255586818897,29.16728090542754,29.29197478893782,50000
2024-10-22,29.29197478893782,29.30567023265035,29.04910246983409,29.141422650879367,50000
2024-10-23,29.141422650879367,29.546131736116255,28.979555161689245,29.411239981280623,50000
2024-10-24,29.411239981280623,29.58069871084316,28.940782587231098,28.946791892286388,64631
2024-10-25,28.946791892286388,28.983208721821736,28.45626157330682,28.65430950871353,50000
2024-10-28,28.65430950871353,28.769996238814755,28.49337476649878,28.749976706983514,50000
2024-10-29,28.749976706983514,29.93006892497173,28.609295298184836,29.556735666832356,50000
2024-10-30,29.556735666832356,30.191461923147767,29.378900048150665,29.83030709705142,50000
2024-10-31,29.83030709705142,30.401797093134668,29.662637735448367,29.7518586344531,50000
2024-11-01,29.7518586344531,29.94178796199541,29.513764582164686,29.917589014132698,52371
2024-11-04,29.917589014132698,29.948023980826058,29.77823890737048,29.874867557904718,50000
2024-11-05,29.874867557904718,30.272878393351085,29.584846639936547,29.93221404051661,53899
2024-11-06,29.93221404051661,30.37025880363141,29.866345051903203,30.028064016897698,74565
2024-11-07,30.028064016897698,30.184372771098364,29.25261711298613,29.373663382203773,128674
2024-11-08,29.373663382203773,29.677355024611188,29.169793499688453,29.274038762452964,120033
2024-11-11,29.274038762452964,29.355416399401395,28.73466419068417,29.079773681830353,74317
2024-11-12,29.079773681830353,29.52039149255369,28.94433790669547,29.358322853433112,50000
2024-11-13,29.358322853433112,29.538060669107963,28.998635111850035,29.011409967818597,50000
2024-11-14,29.011409967818597,29.523319287550294,28.911284269076273,29.344589427849403,62755
2024-11-15,29.344589427849403,29.546037141548993,29.33142718751844,29.467432666121724,50000
2024-11-18,29.467432666121724,30.69594462567617,29.202567963483748,30.450951827513933,113801
2024-11-19,30.450951827513933,30.769315312411205,30.05198027643359,30.742202448885028,82399
2024-11-20,30.742202448885028,31.17958598919241,30.669583801467375,30.869482602044275,50000
2024-11-21,30.869482602044275,31.230874255478,30.36810457626465,30.646712405791998,50000
2024-11-22,30.646712405791998,31.10291638325372,30.21675244363211,30.812915613857488,50000
2024-11-25,30.812915613857488,30.81466096695424,30.033398643025073,30.398216188153405,84658
2024-11-26,30.398216188153405,30.535520192531482,30.022448040986355,30.37807037604567,50000
2024-11-27,30.37807037604567,30.45828332813233,30.30277234127601,30.37844445134048,50000
2024-11-28,30.37844445134048,30.548008946321332,29.973886876437643,30.107801165147063,71056
2024-11-29,30.107801165147063,30.1761685057917,29.669742669817946,29.67940420474925,79012
2024-12-02,29.67940420474925,29.68611825013949,29.366955814496055,29.461481089717058,50000
2024-12-03,29.461481089717058,29.59942690401182,28.537982190561245,28.718772286895852,50000
2024-12-04,28.718772286895852,28.81525875546224,28.52440844040923,28.61768789478893,50000
2024-12-05,28.61768789478893,29.148221512151906,28.461232866158607,28.793455268619688,50000
2024-12-06,28.793455268619688,28.82439585029483,28.21401761799059,28.291241028490738,50000
2024-12-09,28.291241028490738,28.384045775935736,27.493475043939196,27.63010441033477,85000
2024-12-10,27.63010441033477,27.982601631463055,27.58861129694689,27.84939017184722,50000
2024-12-11,27.84939017184722,27.91673121520841,27.489109652884068,27.708354847687534,50000
2024-12-12,27.708354847687534,27.818892172237963,27.661329126427155,27.76242987407274,50000
2024-12-13,27.76242987407274,28.593144965822066,27.39723645922432,28.181557989249864,50000
2024-12-16,28.181557989249864,28.205326921113535,28.054198008499927,28.13953189310629,54313
2024-12-17,28.13953189310629,28.189464656278588,27.664669863662123,27.793887095530692,50000
2024-12-18,27.793887095530692,28.157192120767757,27.62124254315158,28.021940408977347,52585
2024-12-19,28.021940408977347,28.040772534055158,27.24123953820305,27.37931762000563,50000
2024-12-20,27.37931762000563,28.266956499517786,27.36422341550169,28.26068794944944,50000
2024-12-23,28.26068794944944,28.477505255577256,27.423822393888134,27.521627175631387,50000
2024-12-24,27.521627175631387,27.807447019825435,27.27925745289834,27.30226717728324,50000
2024-12-25,27.30226717728324,27.39884117437924,27.06396751271619,27.17175876177869,54148
2024-12-26,27.17175876177869,27.248416529803407,26.808966669983256,26.959023017677527,50000
2024-12-27,26.959023017677527,27.672869442972853,26.753487567520512,27.615855200863454,50000
2024-12-30,27.615855200863454,28.509536159047805,27.595362550287245,28.40261360093777,50000
2024-12-31,28.40261360093777,28.625067050000094,28.23326863683923,28.242378351330906,50000
2025-01-01,28.242378351330906,28.350899974740244,27.46539582567411,27.62670538397641,50000
2025-01-02,27.62670538397641,27.70071151925051,27.021416228040543,27.119632565605222,50000
2025-01-03,27.119632565605222,27.389781745138468,27.008000261020563,27.281300744998372,54106
2025-01-06,27.281300744998372,27.672423769369733,26.779670178948475,27.46757825108992,50000
2025-01-07,27.46757825108992,27.624509873663165,26.954577899526885,26.982158036202918,50000
2025-01-08,26.982158036202918,27.52301457237024,26.937060173317914,27.19093500132977,69066
2025-01-09,27.19093500132977,27.492017510493312,27.06844470150919,27.451699663508293,50000
2025-01-10,27.451699663508293,27.711225284536877,27.37052521234461,27.458124526974583,50000
2025-01-13,27.458124526974583,27.771142188559057,27.357103823730416,27.654467190116932,50000
2025-01-14,27.654467190116932,27.674188556126396,27.47444082148461,27.58410352734168,50000
2025-01-15,27.58410352734168,27.61145593913717,27.254313581178245,27.42382100331147,50000
2025-01-16,27.42382100331147,27.63318294191805,26.956748129085685,27.032561807264845,50290
2025-01-17,27.032561807264845,27.62217060236231,26.88168991139605,27.512816671044614,50000
2025-01-20,27.512816671044614,27.881846406530986,27.30580631818809,27.85345378823694,80280
2025-01-21,27.85345378823694,28.115479784195788,26.99660339408454,27.17624085360668,79380
2025-01-22,27.17624085360668,27.20785941562842,26.67628031412024,26.762977117813673,50000
2025-01-23,26.762977117813673,26.765964062496924,26.299136593757243,26.323776324246893,50000
2025-01-24,26.323776324246893,26.385426001421894,26.11212836616048,26.353807206240063,50000
2025-01-27,26.353807206240063,26.67737822162415,26.271127460442536,26.541062716364994,57030
2025-01-28,26.541062716364994,26.839218282106582,26.423129199500963,26.82424047722708,50000
2025-01-29,26.82424047722708,27.523358050647836,26.80770931750591,27.3466590898403,50000
2025-01-30,27.3466590898403,27.552010179903945,27.14312310587301,27.205247870009053,50000
2025-01-31,27.205247870009053,27.427876501436398,27.089246548120567,27.197782709183596,50000
2025-02-03,27.197782709183596,27.72893256298292,27.132518881218996,27.495453185893222,50000
2025-02-04,27.495453185893222,27.681367266420832,27.427732949504215,27.660533193301248,91283
2025-02-05,27.660533193301248,27.756387083409475,27.470487362721535,27.678554441564938,50000
2025-02-06,27.678554441564938,28.143891899315364,27.4523608201274,27.875472470117337,50000
2025-02-07,27.875472470117337,28.393367737356204,27.764301909018837,28.095505111369363,50000
2025-02-10,28.095505111369363,28.18546892842046,27.52775911416282,27.786430715478364,51769
2025-02-11,27.786430715478364,27.821638976337884,27.267083523031026,27.382087696715907,50000
2025-02-12,27.382087696715907,27.789900082098026,27.182705760393862,27.699277321944553,79925
2025-02-13,27.699277321944553,28.437534070912896,27.650012693099036,28.222632922948126,50522
2025-02-14,28.222632922948126,28.642595084974623,28.025338288527355,28.268526181918286,50000
2025-02-17,28.268526181918286,28.698470816572375,28.206761916736795,28.61371997103396,50000
2025-02-18,28.61371997103396,28.904883414684093,27.815938090137497,28.219826711803332,50000
2025-02-19,28.219826711803332,28.481749131250062,28.089392382265984,28.382318061162533,50000
2025-02-20,28.382318061162533,28.606315189423707,28.2477632187243,28.28780735053833,50000
2025-02-21,28.28780735053833,28.604976901048396,28.015898615485995,28.151702642758615,118213
2025-02-24,28.151702642758615,29.14579715735623,27.932691948797153,29.12778140516233,50000
2025-02-25,29.12778140516233,29.28464870755593,28.416087533054426,28.545310138085387,50000
2025-02-26,28.545310138085387,28.768531786953794,28.27190791374235,28.588905805598067,50000
2025-02-27,28.588905805598067,29.163466377949067,28.278518134454316,29.00890133228824,50000
2025-02-28,29.00890133228824,29.088301356157928,28.173624101886904,28.390264135267525,62379
2025-03-03,28.390264135267525,28.427002763730734,27.892554867681483,27.924058200745634,109643
2025-03-04,27.924058200745634,28.332673661810347,27.813433243183336,28.12496561487408,69645
2025-03-05,28.12496561487408,28.390164959025423,27.63478790902009,27.85603980935622,101842
2025-03-06,27.85603980935622,27.95819721930906,27.21151889189616,27.466219962414037,50000
2025-03-07,27.466219962414037,27.877804032766612,27.197763666231914,27.642330301933733,83820
2025-03-10,27.642330301933733,28.210618041700712,27.61225354465696,28.141596724756656,143869
2025-03-11,28.141596724756656,28.41547595158416,28.10796046228924,28.349071085047942,50000
2025-03-12,28.349071085047942,28.58082521547149,27.96349109247631,28.114481239759648,50000
2025-03-13,28.114481239759648,28.33384087309346,27.95956592052147,28.092225355850825,50000
2025-03-14,28.092225355850825,28.238806780950476,27.69672028469498,27.964373141266737,50000
2025-03-17,27.964373141266737,27.977355675823897,27.41724114009911,27.590318074020807,50000
2025-03-18,27.590318074020807,27.661605010804717,27.095682664340732,27.429779729641744,110886
2025-03-19,27.429779729641744,28.010133667767636,27.372229625481232,27.70665940539003,50000
2025-03-20,27.70665940539003,27.809307923348054,27.20140342402941,27.466330483180563,50000
2025-03-21,27.466330483180563,27.556482395331205,26.92316343494869,27.044997926384337,50000
2025-03-24,27.044997926384337,27.228522012624204,26.79799267039919,26.830377476328465,50000
2025-03-25,26.830377476328465,26.98789340392224,26.75557955781401,26.909388402206776,70842
2025-03-26,26.909388402206776,27.828348495059995,26.734044139783606,27.492273923861333,53219
2025-03-27,27.492273923861333,27.825499004608456,26.904534462414002,27.056233569594756,54737
2025-03-28,27.056233569594756,27.18651199776101,26.75098320885879,27.0486368819534,50000
2025-03-31,27.0486368819534,27.28173171086541,27.008117553963373,27.07749146527097,67067
2025-04-01,27.07749146527097,27.189592870969786,26.790240046338948,27.082500443770368,77973
2025-04-02,27.082500443770368,27.36497300291861,26.929714982391204,27.098610863326094,50000
2025-04-03,27.098610863326094,28.06063171363708,26.877048178634286,27.81166498996292,87112
2025-04-04,27.81166498996292,28.18185223989171,27.810274722995445,27.867146530365183,50000
2025-04-07,27.867146530365183,27.972013033922337,27.525852060324155,27.651152877176255,50000
2025-04-08,27.651152877176255,27.841931772072673,27.56921521215793,27.59424611821916,50000
2025-04-09,27.59424611821916,27.762874423119,27.378014486635095,27.388869387288924,50000
2025-04-10,27.388869387288924,27.418478204232475,27.01067009274532,27.379877617901204,50000
2025-04-11,27.379877617901204,27.48070436642859,27.305434195701935,27.434007842836827,50000
2025-04-14,27.434007842836827,27.496916021432675,26.92681443783987,27.092463484721456,50000
2025-04-15,27.092463484721456,27.887498599735366,26.965919562095127,27.493806277784614,50000
2025-04-16,27.493806277784614,28.415650977850188,27.393952293448862,28.196051066941877,50000
2025-04-17,28.196051066941877,28.302627127591244,28.031381653753368,28.042897096264433,50000
2025-04-18,28.042897096264433,28.968358962229054,27.9153196610578,28.70142855283357,50000
2025-04-21,28.70142855283357,28.842690331608967,28.39372721570647,28.400423669145976,50000
2025-04-22,28.400423669145976,28.610273745177498,28.10581651685803,28.15025661980542,50669
2025-04-23,28.15025661980542,28.256192716890382,28.00817985551559,28.064177909722694,50000
2025-04-24,28.064177909722694,28.20907350552257,27.746238877829832,27.837126433039362,50000
2025-04-25,27.837126433039362,28.04139609681775,27.756151693703018,27.82566065371783,82912
2025-04-28,27.82566065371783,28.25887985710602,27.803086394057132,28.10803763394407,94776
2025-04-29,28.10803763394407,28.30354265000752,27.570513056997022,27.704729480438147,62660
2025-04-30,27.704729480438147,27.909073510542218,27.461193241908557,27.695583783977302,50000
2025-05-01,27.695583783977302,27.729333382856222,27.197368678772886,27.197628487865384,57353
2025-05-02,27.197628487865384,27.89253182200555,27.044313851509777,27.614969953020847,50000
2025-05-05,27.614969953020847,28.30603743221885,27.574816188438238,28.246711962134068,50000
2025-05-06,28.246711962134068,28.4380949712137,28.20410132194108,28.31590362916607,50000
2025-05-07,28.31590362916607,29.266912567673653,28.15238243922149,29.13068304553827,50000
2025-05-08,29.13068304553827,29.970321674835112,28.864641285660895,29.877999705859413,82456
2025-05-09,29.877999705859413,30.08272449736942,29.664803254349387,29.991339683308297,100965
2025-05-12,29.991339683308297,30.242606710984546,29.570712146150665,29.726021906974168,74396
2025-05-13,29.726021906974168,29.959604198513542,29.552398408721302,29.645222534174245,50000
2025-05-14,29.645222534174245,29.747744105608813,29.382690969057407,29.525007005419194,50000
2025-05-15,29.525007005419194,29.814197465572953,29.15286825438903,29.459730094641515,96895
2025-05-16,29.459730094641515,29.657226265402457,29.299562884815806,29.386710897273417,50000
2025-05-19,29.386710897273417,29.700583334384866,29.02517637561794,29.27539441033789,50000
2025-05-20,29.27539441033789,29.553949102676036,29.152022774759008,29.550004984369075,61211
2025-05-21,29.550004984369075,29.91597268255826,29.47961510723836,29.692674248092338,50000
2025-05-22,29.692674248092338,30.27855945901168,29.685252191481336,30.125997015975113,50000
2025-05-23,30.125997015975113,30.59364214263066,29.945748906776547,29.99232122424957,50000
2025-05-26,29.99232122424957,30.509521708267915,29.94247632613499,30.31319023088992,50000
2025-05-27,30.31319023088992,30.58137618945685,30.259641501711908,30.53976022591297,50000
2025-05-28,30.53976022591297,30.82866445577605,30.193461241542398,30.323386233232956,50000
2025-05-29,30.323386233232956,30.58001905121315,30.20847213867437,30.472878559797675,64711
2025-05-30,30.472878559797675,30.759072784429147,30.416572397798692,30.492813264197935,50000
2025-06-02,30.492813264197935,30.98762532768173,30.34174248166634,30.78726166700775,50000
2025-06-03,30.78726166700775,30.930555165086368,30.579038908020653,30.629063488028383,50000
2025-06-04,30.629063488028383,30.67364729137138,29.918338090103486,30.09798692708792,50000
2025-06-05,30.09798692708792,30.114360629141014,29.65946157645762,29.915395423192667,50000
2025-06-06,29.915395423192667,30.011585603532748,29.095788474938917,29.15512942742682,50000
2025-06-09,29.15512942742682,29.24875668686717,28.473071304979484,28.64019018838599,62953
2025-06-10,28.64019018838599,28.774085919763476,28.21765820954256,28.24439581477885,50000
2025-06-11,28.24439581477885,28.26748829554597,27.91857743501461,28.051162373792383,79643
2025-06-12,28.051162373792383,28.147240821383793,27.937456762977813,27.990828896295625,57646
2025-06-13,27.990828896295625,28.163036493727894,27.294136195619153,27.325206602136248,407316
2025-06-16,27.325206602136248,27.595741007327028,27.26014621639515,27.52762723335719,50000
2025-06-17,27.52762723335719,27.983975737202947,27.37203716467771,27.880754755703883,50000
2025-06-18,27.880754755703883,28.313771170009137,27.760458181506685,28.163564069443247,50000
2025-06-19,28.163564069443247,28.322472653314723,27.713664250618223,27.885559540460576,50000
2025-06-20,27.885559540460576,27.890028383296926,27.55643569592076,27.567906072557946,50000
2025-06-23,27.567906072557946,28.35030127790896,27.433640639734083,28.313249346304524,50000
2025-06-24,28.313249346304524,28.95814720282724,28.24353562292567,28.84345780552951,103624
2025-06-25,28.84345780552951,28.937591657327026,28.673293944964303,28.767388422292658,161896
2025-06-26,28.767388422292658,29.079974524567145,28.73877481277687,29.043817417439257,73200
2025-06-27,29.043817417439257,29.272716073878133,28.93225552770379,29.18944994974578,50000
2025-06-30,29.18944994974578,29.76240733096023,28.922251674348452,29.685538526811655,50000
2025-07-01,29.685538526811655,29.969536002352285,29.627008007689717,29.884136111584528,50000
2025-07-02,29.884136111584528,29.930947630495595,29.30318810438775,29.518628446843625,80638
2025-07-03,29.518628446843625,29.726771782126157,28.950419332014405,28.984721261145456,50000
2025-07-04,28.984721261145456,29.401317122746516,28.882512461565767,29.082321193404884,50000
2025-07-07,29.082321193404884,29.326874644345715,29.028470535908955,29.162689159774594,50000
2025-07-08,29.162689159774594,29.290562178317007,28.535377375122742,28.814368462299043,50000
2025-07-09,28.814368462299043,29.053519919302133,28.641572094808556,28.669233309763346,50000
2025-07-10,28.669233309763346,29.01787046671504,28.371514530829813,28.969207751853446,50000
2025-07-11,28.969207751853446,29.045764197517894,28.53006148616976,28.715977033055697,50000
2025-07-14,28.715977033055697,28.809331362314477,28.451492961236717,28.499423119989267,50000
2025-07-15,28.499423119989267,28.50421263220072,28.31934393885128,28.43718965340193,50000
2025-07-16,28.43718965340193,28.573843756579574,27.546901988525068,27.931174836946184,50000
2025-07-17,27.931174836946184,28.355763900010892,27.648353974640543,27.89617034034261,50000
2025-07-18,27.89617034034261,28.23927539366929,27.684034812612808,28.174358938410183,50000
2025-07-21,28.174358938410183,28.556400697848574,28.17323847859954,28.3137101450139,63160
2025-07-22,28.3137101450139,28.475200536892416,28.100933471074185,28.45515106385051,50000
2025-07-23,28.45515106385051,28.8071201640816,28.350326318337363,28.68210428442733,50000
2025-07-24,28.68210428442733,28.781039350631833,28.574878032492528,28.581000338047573,50000
2025-07-25,28.581000338047573,28.63774032969472,28.384155888529552,28.496338211350434,50000
2025-07-28,28.496338211350434,29.059543164732542,28.476141887865463,29.05517262337446,50000
2025-07-29,29.05517262337446,29.302568265594378,28.447003968043,28.574208833371916,50000
2025-07-30,28.574208833371916,28.6754020221865,28.389008967782836,28.64475695733464,50000
2025-07-31,28.64475695733464,29.07634070766367,28.519370489841865,28.595859398282528,50000
2025-08-01,28.595859398282528,28.887723832435086,28.325799560480718,28.74185883543232,50000
2025-08-04,28.74185883543232,28.769307925226304,28.57612482231726,28.63732176624082,50000
2025-08-05,28.63732176624082,28.686062174383256,28.38329420298631,28.396905027317157,84096
2025-08-06,28.396905027317157,28.75997613459109,28.20185204926047,28.570916125951182,50000
2025-08-07,28.570916125951182,28.621253365033404,27.68737623367611,27.720473665841787,50000
2025-08-08,27.720473665841787,27.72519305328555,27.332489173387202,27.418409914747915,154763
2025-08-11,27.418409914747915,28.06302459581078,27.163446522673237,28.006031673756063,50000
2025-08-12,28.006031673756063,28.197802113296355,27.920354447744174,28.125956614330352,232323
2025-08-13,28.125956614330352,28.462288836452775,28.106419093607737,28.273443900460933,50000
2025-08-14,28.273443900460933,28.333883378689983,28.04273707441548,28.139847111120865,76564
2025-08-15,28.139847111120865,28.256074559197664,27.81797959913526,28.0223092548828,50000
2025-08-18,28.0223092548828,28.064786406223547,27.223406194123037,27.30005291551839,50000
2025-08-19,27.30005291551839,27.329495114952376,26.912002996321416,26.950290490152913,50000
2025-08-20,26.950290490152913,27.329351002275654,26.71367429848728,27.12306533952516,95707
2025-08-21,27.12306533952516,27.300390854123915,26.523698897388243,26.868830570619636,50000
2025-08-22,26.868830570619636,27.287398466163435,26.597654122824178,27.04477250959991,56881
2025-08-25,27.04477250959991,27.341819096950477,26.98929440543081,27.219036492929437,51203
2025-08-26,27.219036492929437,28.06879482825659,27.160294885110694,27.68565254109094,50000
2025-08-27,27.68565254109094,28.283223396590643,27.355341150457964,27.95775564402193,50000
2025-08-28,27.95775564402193,28.278820974968006,27.72172637251538,28.189179677449374,50000
2025-08-29,28.189179677449374,28.32381321942364,28.06005392341633,28.196327420525467,50000
2025-09-01,28.196327420525467,28.202865825363702,27.540290860794666,27.86254190192985,50000
2025-09-02,27.86254190192985,27.873517458011683,26.93169555723786,27.134379836476842,50000
2025-09-03,27.134379836476842,27.681714110557593,26.728164768340616,26.987525780718396,50000
2025-09-04,26.987525780718396,27.00377786223682,26.77531656819903,26.915651148194723,50000
2025-09-05,26.915651148194723,27.72951873601408,26.72459603167027,27.69013704754233,50000
2025-09-08,27.69013704754233,27.72504150265666,27.466511905901086,27.613459846945386,50000
2025-09-09,27.613459846945386,27.82713405563766,27.294344000107948,27.430264865273134,50000
2025-09-10,27.430264865273134,27.43763392689344,26.53566804391454,26.746662005535036,158496
2025-09-11,26.746662005535036,27.14785011185299,26.638904867781665,26.99986323458012,64591
2025-09-12,26.99986323458012,27.179806696392117,26.843543511901842,26.89427166476352,56612
2025-09-15,26.89427166476352,27.022779689532143,26.803561865294004,26.94155674771413,158444
2025-09-16,26.94155674771413,27.217598513323708,26.771479086132103,27.193422681193443,106282
2025-09-17,27.193422681193443,27.458487715303686,27.113014636590744,27.11613963130168,74585
2025-09-18,27.11613963130168,27.315916871846394,27.08938053078948,27.207724550736238,77767
2025-09-19,27.207724550736238,27.719883522263338,27.102244998517996,27.621491271497423,50000
2025-09-22,27.621491271497423,28.009140331986842,27.55633783847192,27.844037460216423,67946
2025-09-23,27.844037460216423,27.881260884081755,27.10657959365028,27.426705805211856,50000
2025-09-24,27.426705805211856,28.051335107277204,27.135540271669303,28.01156016555582,58639
2025-09-25,28.01156016555582,28.067585258139275,27.86224861674283,27.88168106908482,50000
2025-09-26,27.88168106908482,28.28361261499636,27.80747943840682,28.211459921109018,50000
2025-09-29,28.211459921109018,28.211647145817178,27.324635469029214,27.658167033679412,50000
2025-09-30,27.658167033679412,28.35949904950965,27.571798047477742,28.229508455307837,50000
2025-10-01,28.229508455307837,28.514011287496206,28.138958972629368,28.237511483640777,50000
2025-10-02,28.237511483640777,28.577344737069428,28.129456174985698,28.557460240027282,52616
2025-10-03,28.557460240027282,29.057488117926713,28.508798909972004,28.762624532969184,78370
2025-10-06,28.762624532969184,29.09238171278208,28.736482369327714,28.9984324782484,50000
2025-10-07,28.9984324782484,29.12318796113469,28.66145847904284,28.83563743858913,50000
2025-10-08,28.83563743858913,29.293595255211983,28.72076581325213,29.252058420180177,106909
2025-10-09,29.252058420180177,29.373554528509665,28.987498066353645,29.128669146879517,88841
2025-10-10,29.128669146879517,29.198558519897666,28.633941626499013,28.699964793762454,50000
2025-10-13,28.699964793762454,29.2768049566605,28.476885685478795,29.11919829975292,90537
2025-10-14,29.11919829975292,29.609613698772275,29.015399198842925,29.17712874220956,50000
2025-10-15,29.17712874220956,29.285609034033385,28.774940578498512,28.83213909845984,71632
2025-10-16,28.83213909845984,28.9208617123448,28.011447557891465,28.21437839215181,61611
2025-10-17,28.21437839215181,28.559284277767784,27.726683167939346,27.847104379508643,69299
2025-10-20,27.847104379508643,28.104372624976087,27.54418771480328,27.96625044780598,80013
2025-10-21,27.96625044780598,28.159950530337703,27.36072069618199,27.69983482182115,50000
2025-10-22,27.69983482182115,28.088231858253454,27.4399208013022,27.929425070784923,50000
2025-10-23,27.929425070784923,28.78032817252237,27.839460844928528,28.2925079695587,50000
2025-10-24,28.2925079695587,28.72565120040199,28.224423620467267,28.479339164606692,50000
2025-10-27,28.479339164606692,28.767983489358055,28.319116065258847,28.72944254537402,50000
2025-10-28,28.72944254537402,28.73443045594354,28.001574478884177,28.319120562916382,50000
2025-10-29,28.319120562916382,28.543659978023253,28.238243359507088,28.48596292966711,60768
2025-10-30,28.48596292966711,28.76062537616253,28.053807257805275,28.21074783095708,50000
2025-10-31,28.21074783095708,28.250168491518956,27.835563895051365,27.992561066795286,50000
2025-11-03,27.992561066795286,28.37378082487692,27.652669487462173,27.75332671554277,53439
2025-11-04,27.75332671554277,27.940984309065904,27.722443920016715,27.76976965395747,50000
2025-11-05,27.76976965395747,27.806210459565783,27.296817634330598,27.511816195252706,65722
2025-11-06,27.511816195252706,27.567989378353502,27.116176296127833,27.280787746162922,50000
2025-11-07,27.280787746162922,27.62387389537172,26.933539050713946,27.126904660614763,76763
2025-11-10,27.126904660614763,27.591803705690342,26.9856561748213,27.539761940621943,99464
2025-11-11,27.539761940621943,28.1853675738864,27.265061648911193,27.85421068946147,50000
2025-11-12,27.85421068946147,28.081696070606704,27.140275288547343,27.581991729573595,65459
2025-11-13,27.581991729573595,27.681798562448222,27.57515544128791,27.633164469516373,50000
2025-11-14,27.633164469516373,27.68599041874911,27.036535792621947,27.26883892194374,87690
2025-11-17,27.26883892194374,28.15403238947415,27.162608878199187,28.060510909176784,94343
2025-11-18,28.060510909176784,28.12151653511525,27.96418321348701,28.06442917856814,74626
2025-11-19,28.06442917856814,28.07057935053486,27.592513956909006,27.68583741188727,50000
2025-11-20,27.68583741188727,28.17900630676237,27.52092945652354,28.00232828335782,50000
2025-11-21,28.00232828335782,28.292966674455904,27.477098836363865,27.522243171968938,50000
2025-11-24,27.522243171968938,27.617353410038397,27.323979803646672,27.38256203049958,50000
2025-11-25,27.38256203049958,28.08193189701837,27.203118780519063,27.803595390328116,50000
2025-11-26,27.803595390328116,28.116977849291466,27.73026426997646,27.981162743619226,50000
2025-11-27,27.981162743619226,28.130325506314385,27.74477299205721,27.75193596689883,50000
2025-11-28,27.75193596689883,27.974751502828937,27.657844064572018,27.69873816369969,116632
2025-12-01,27.69873816369969,28.32025181889014,27.40201444585944,28.255753650966188,50000
2025-12-02,28.255753650966188,28.704270950688258,28.204977075040134,28.340130524760177,50000
2025-12-03,28.340130524760177,28.39002851644619,28.12829235717155,28.318886386244657,50000
2025-12-04,28.318886386244657,28.344656443591976,28.041767247228155,28.16412100714723,50000
2025-12-05,28.16412100714723,28.231680579644934,27.642120864308456,27.857123230332324,50000
2025-12-08,27.857123230332324,27.86986160823696,27.497392291068522,27.73140686903874,50000
2025-12-09,27.73140686903874,28.284125293932508,27.633234930351,28.281419310620297,50000
2025-12-10,28.281419310620297,28.78857697034044,27.891972601290444,28.66980998337565,50000
2025-12-11,28.66980998337565,28.93759282475421,28.655452529275152,28.8954583248512,50000
2025-12-12,28.8954583248512,29.15804739606042,27.984760777894977,28.161420613638175,50000
2025-12-15,28.161420613638175,28.482957291493058,28.13803170904602,28.241900313350726,50000
2025-12-16,28.241900313350726,28.651854416725058,28.225066131122066,28.482144173943126,50000
2025-12-17,28.482144173943126,28.596622003538723,28.064820584768235,28.178938105720405,131259
2025-12-18,28.178938105720405,28.285806096291225,27.838230174392784,28.078848340941757,76879
2025-12-19,28.078848340941757,28.325939837693625,27.96649497634262,28.19000474693333,50000
2025-12-22,28.19000474693333,28.334713263900532,27.865059940438794,27.92236615749578,50000
2025-12-23,27.92236615749578,28.040110148600093,27.481790745792807,27.595996802788516,125103
2025-12-24,27.595996802788516,27.606636204744504,27.252059775264694,27.342767249291846,50000
2025-12-25,27.342767249291846,27.42000269757962,27.24142577546762,27.25260222753472,50000
2025-12-26,27.25260222753472,27.428390341131355,26.943564755166072,27.307449210030555,50000
2025-12-29,27.307449210030555,27.58229284003733,27.209320161225687,27.39670752348364,50000
2025-12-30,27.39670752348364,27.59598197603,27.394949310957863,27.4638987319974,50000
2025-12-31,27.4638987319974,27.7289864857639,27.43613477341172,27.513492142164186,73380
2026-01-01,27.513492142164186,27.738905669919333,27.334677135599257,27.409196044644425,96491
2026-01-02,27.409196044644425,27.465221642847357,27.07998192341734,27.14789866236436,50000
2026-01-05,27.14789866236436,27.885243689689,26.94790257436025,27.723684559580356,50000
2026-01-06,27.723684559580356,28.30821502145181,27.598852223001312,28.027011314193967,50000
2026-01-07,28.027011314193967,28.0757793971129,27.126463967571585,27.45879034783401,50000
2026-01-08,27.45879034783401,27.52585432533925,27.056202331883146,27.1816790778105,50000
2026-01-09,27.1816790778105,27.88439369940682,27.154117298517722,27.632892987849768,50000
2026-01-12,27.632892987849768,27.772726934127576,27.33962787022463,27.36179447433064,50000
2026-01-13,27.36179447433064,27.43358802088903,26.92935576306553,27.013197047893456,50000
2026-01-14,27.013197047893456,28.193259235033533,27.011945616926976,28.077327212322075,50000
2026-01-15,28.077327212322075,28.33377863366523,27.411498565015954,27.835234592781433,50000
2026-01-16,27.835234592781433,27.89385449681746,27.64268743917208,27.675434182348017,50000
2026-01-19,27.675434182348017,28.136037702365094,27.66856287445595,28.121956819869478,69560
2026-01-20,28.121956819869478,28.18203330222205,28.067696567888046,28.14390878769557,50000
2026-01-21,28.14390878769557,28.311270951007874,27.700797806827513,27.74911476666449,50000
2026-01-22,27.74911476666449,28.60918653349018,27.676154240397114,28.402672734295837,50000
2026-01-23,28.402672734295837,29.101300860760187,28.400507034875282,28.92692011473132,84889
2026-01-26,28.92692011473132,29.509701433357947,28.86593338921336,29.07268499456862,50000
2026-01-27,29.07268499456862,29.49367380660798,29.018614987374992,29.19098849467252,50000
2026-01-28,29.19098849467252,29.209213189694424,28.96854253059164,29.06343157812972,50000
2026-01-29,29.06343157812972,29.47908976359588,28.9933308772092,29.19546473927941,50000
2026-01-30,29.19546473927941,29.381692717994486,28.265340015819465,28.745220224128936,50000
2026-02-02,28.745220224128936,28.87643219933611,28.52111872797041,28.535008930276426,50000
2026-02-03,28.535008930276426,28.546552449132864,27.842143658195834,27.949963195978576,50000
2026-02-04,27.949963195978576,27.97656495135,27.109667317341568,27.274204250823992,69517
2026-02-05,27.274204250823992,27.306908025664892,26.821952053098727,26.914643417744134,68052
2026-02-06,26.914643417744134,26.974952931667993,26.27533431659129,26.322693061220022,80387
2026-02-09,26.322693061220022,26.33081339972209,25.69737638897101,25.778417357239245,50000
2026-02-10,25.778417357239245,26.651370261458858,25.7427075313436,26.53727333636108,50000
2026-02-11,26.53727333636108,27.461841013343523,26.455907069389404,27.403991954813375,106671
2026-02-12,27.403991954813375,28.137112469247306,27.387554091349237,27.83139522548509,50000
2026-02-13,27.83139522548509,27.892964868366732,27.281644823004,27.624533259104204,84565
2026-02-16,27.624533259104204,27.787453439586542,27.553481033629918,27.577088649319954,50000
2026-02-17,27.577088649319954,28.035610079642286,27.215885183649068,27.898098283771876,52248
2026-02-18,27.898098283771876,28.529802130811493,27.879700649963308,28.23781274806952,50000
2026-02-19,28.23781274806952,28.317189898616387,27.935965643082074,28.12653829784484,50000
2026-02-20,28.12653829784484,28.681177436276986,28.00939788533289,28.57006096030467,50000
2026-02-23,28.57006096030467,29.054140583218736,28.510866921672427,28.924114584915507,63086
2026-02-24,28.924114584915507,29.141790337781586,28.767260489415886,28.991781884493783,52508
2026-02-25,28.991781884493783,29.292984471598455,28.763699498395205,29.231154160689982,50000
2026-02-26,29.231154160689982,29.80694550622214,28.819303233332633,29.672236044033156,50000
2026-02-27,29.672236044033156,30.29079490735145,29.574961361397747,30.217224059739436,50000
2026-03-02,30.217224059739436,31.17582756778577,30.18700655280075,31.03544567028972,50000
2026-03-03,31.03544567028972,31.235870446665945,30.92092109855652,31.16460714192405,50000
2026-03-04,31.16460714192405,31.820859696160046,31.152922366141738,31.746511235399407,50000
2026-03-05,31.746511235399407,32.023722665948,31.240725251420248,31.450077175096663,50000
2026-03-06,31.450077175096663,31.71098245811127,31.066384046586133,31.282503743781792,50000
2026-03-09,31.282503743781792,31.289023337243357,31.165715018006914,31.182356588160232,68864
2026-03-10,31.182356588160232,32.19342506906232,31.036403541600837,32.002785103695736,50000
2026-03-11,32.002785103695736,32.22682537451405,31.681748490200224,31.686130621961365,118400
2026-03-12,31.686130621961365,31.71063921757876,31.234596867040114,31.312359202482476,50000
2026-03-13,31.312359202482476,31.395525545104487,31.1429246937278,31.340667103067048,50000
2026-03-16,31.340667103067048,31.631551598225457,31.242084973196288,31.562313456224018,50000
2026-03-17,31.562313456224018,32.07634304203732,31.259366445936074,31.967362149257625,75878
2026-03-18,31.967362149257625,32.04132472173049,31.59773657634985,31.673064503095112,50000
2026-03-19,31.673064503095112,32.14522002820718,31.50719160961528,31.85836993140821,144796
2026-03-20,31.85836993140821,32.39618767218849,31.629816371011856,32.256280772919595,76762
2026-03-23,32.256280772919595,32.639719516869704,32.22475002300385,32.38871035268873,83001
2026-03-24,32.38871035268873,32.5682182373146,31.751830273011038,31.84988566910035,50000
2026-03-25,31.84988566910035,32.45726649399323,31.723620523325838,32.30120868633578,62094
2026-03-26,32.30120868633578,32.95791656538106,32.261648735304405,32.67257560526793,50000
2026-03-27,32.67257560526793,32.94356011840341,32.62422481799557,32.87679419981368,68148
2026-03-30,32.87679419981368,33.420159259658654,32.76593609927168,33.219705795614885,70073
2026-03-31,33.219705795614885,33.476815063062105,33.12492654973945,33.31130445839425,50000
2026-04-01,33.31130445839425,33.40687231438844,32.867092843855275,33.203081238504694,50000
2026-04-02,33.203081238504694,33.58495114903367,32.655388784041165,33.303495221262644,50000
2026-04-03,33.303495221262644,33.8215677396269,33.105720716022546,33.49068195131223,50000
2026-04-06,33.49068195131223,33.73420166314514,33.353239044055776,33.38443561956788,93245
2026-04-07,33.38443561956788,33.45050830205877,32.53810832866161,32.676022441426454,50000
2026-04-08,32.676022441426454,32.97238383082098,32.07529201690057,32.47156352556012,50000
2026-04-09,32.47156352556012,32.759649627517184,32.15919552158269,32.70666271431342,142923
2026-04-10,32.70666271431342,32.732366807352825,32.552590380833045,32.5664267759362,219757
