Date,Open,High,Low,Close,Volume
2010-01-01,17.993447372391103,18.10598242389136,17.96266187230806,17.993447372391103,50000
2010-01-04,17.993447372391103,18.099758075179505,17.68912896723943,17.769288545865955,50000
2010-01-05,17.769288545865955,18.254092705865943,17.56678818561257,18.046053197818708,57175
2010-01-06,18.046053197818708,18.248058543497756,17.944028652636238,18.16093592397366,59620
2010-01-07,18.16093592397366,18.166871782815356,17.784040807781984,17.87204773466401,50000
2010-01-08,17.87204773466401,17.873739010162225,17.725557915490114,17.831213884453454,50000
2010-01-11,17.831213884453454,18.288479529325972,17.7262422773493,18.212638849164364,50000
2010-01-12,18.212638849164364,18.363887708894868,18.168290688740427,18.262992246487126,62536
2010-01-13,18.262992246487126,18.401945073814062,18.24971341200837,18.368445303910626,141845
2010-01-14,18.368445303910626,18.4642112813014,18.34102804302791,18.351038073119625,206569
2010-01-15,18.351038073119625,18.412471209853084,18.21110337170705,18.355895326114627,104610
2010-01-18,18.355895326114627,18.663249662402595,18.266639907858615,18.546251326449163,50000
2010-01-19,18.546251326449163,18.95206942161084,18.486991211593413,18.72231717212204,65875
2010-01-20,18.72231717212204,19.295172007610567,18.675763741396008,19.27579694045033,64313
2010-01-21,19.27579694045033,19.34197428293845,19.261843665123987,19.285401347747765,57805
2010-01-22,19.285401347747765,19.314942956470745,18.815739061314797,18.91443467899909,51842
2010-01-25,18.91443467899909,19.067578769207305,18.87295095399019,18.970173930985528,50000
2010-01-26,18.970173930985528,19.03924207546539,18.459150737114413,18.699574590740248,202847
2010-01-27,18.699574590740248,19.024528933686863,18.541090514432096,18.973177480750955,50000
2010-01-28,18.973177480750955,19.040991837477844,18.80680869136551,18.812408357112876,50000
2010-01-29,18.812408357112876,18.93354715268553,18.681290011988903,18.684370141791778,50000
2010-02-01,18.684370141791778,18.938496120076756,18.59615845303031,18.849933733110763,50000
2010-02-02,18.849933733110763,19.340043428181627,18.824282472200352,19.295727853286518,50000
2010-02-03,19.295727853286518,19.47881823884248,19.126792872261905,19.22548662519455,50000
2010-02-04,19.22548662519455,19.406707684005976,18.877943869048828,18.93606823597687,89580
2010-02-05,18.93606823597687,18.976380296909422,18.63145181411643,18.802910106395043,93919
2010-02-08,18.802910106395043,19.003390756551383,18.685730334442013,18.850379763886856,50000
2010-02-09,18.850379763886856,18.923468401165426,18.59160874809946,18.62159347020285,50000
2010-02-10,18.62159347020285,18.802324706963383,18.582363488983418,18.71362720986478,50000
2010-02-11,18.71362720986478,18.899225087038644,18.458790591722693,18.822740854364156,54289
2010-02-12,18.822740854364156,18.982989598879755,18.743622652660484,18.969045739048898,50000
2010-02-15,18.969045739048898,19.13546028311113,18.752156814360678,18.817444005823173,50000
2010-02-16,18.817444005823173,19.102823832131726,18.576058762362354,18.998771196307896,50000
2010-02-17,18.998771196307896,19.114093354875763,18.828897293524705,18.923082476554402,50000
2010-02-18,18.923082476554402,18.945430307714453,18.86169600531969,18.938892909485446,50000
2010-02-19,18.938892909485446,19.32433384416724,18.879741040233625,19.16852321919917,50000
2010-02-22,19.16852321919917,19.32385000863997,19.090069537130237,19.279969043647846,66328
2010-02-23,19.279969043647846,19.51039603381738,19.13223907904072,19.36979464070494,50000
2010-02-24,19.36979464070494,19.46939830783786,19.021140941512463,19.05062473629473,93026
2010-02-25,19.05062473629473,19.739856301079413,18.93990348871106,19.48327257693326,54186
2010-02-26,19.48327257693326,20.194663367210214,19.33708817157785,19.88647840282018,83083
2010-03-01,19.88647840282018,20.116132547062037,19.78483424203538,19.86253397298414,57100
2010-03-02,19.86253397298414,20.026233275438507,19.428109896034357,19.553316481103163,87798
2010-03-03,19.553316481103163,19.621447280889434,19.47379623050188,19.525041152191108,50000
2010-03-04,19.525041152191108,19.845258403549142,19.34595798118534,19.695033334690233,50000
2010-03-05,19.695033334690233,19.971654338211316,19.663258143519307,19.77452859751188,50000
2010-03-08,19.77452859751188,19.961045811094216,19.70326448218342,19.867352166859323,50000
2010-03-09,19.867352166859323,19.95176892928737,19.724186386680806,19.828753084579656,50000
2010-03-10,19.828753084579656,19.890627403599485,19.619165027111038,19.772248412658158,50000
2010-03-11,19.772248412658158,20.02638936436834,19.621864815139325,19.69990918542743,50408
2010-03-12,19.69990918542743,19.711956196383266,19.532811498663452,19.59259670999079,50000
2010-03-15,19.59259670999079,19.830724595808686,19.37629470636277,19.763020587607652,50000
2010-03-16,19.763020587607652,19.887599493973024,19.181817054886395,19.26683416559087,50000
2010-03-17,19.26683416559087,19.39064541388613,19.0608029496029,19.373693308720927,50000
2010-03-18,19.373693308720927,19.506738157518814,19.299258028939082,19.44402117266699,57953
2010-03-19,19.44402117266699,19.57212865705721,19.30093426013548,19.498499989320592,50000
2010-03-22,19.498499989320592,19.704768962530014,19.114439209689213,19.267613833107227,65963
2010-03-23,19.267613833107227,19.524779399991523,19.262303131891205,19.412309936975884,182074
2010-03-24,19.412309936975884,19.52236739721021,19.376546674094232,19.474369618400573,50000
2010-03-25,19.474369618400573,19.735083295755754,19.3460059024102,19.59060573637894,91188
2010-03-26,19.59060573637894,19.656478473093877,19.14045708886318,19.221445999839865,50000
2010-03-29,19.221445999839865,19.290542861645033,18.834571695528343,18.878550812306646,50000
2010-03-30,18.878550812306646,18.93245436852057,18.827384233531426,18.859279178490763,93227
2010-03-31,18.859279178490763,19.081823971684685,18.724200751070917,18.930276326573107,50000
2010-04-01,18.930276326573107,19.18819872923028,18.85986269353161,19.154977967896716,149821
2010-04-02,19.154977967896716,19.618682095100016,19.145847332884745,19.47703390862413,74333
2010-04-05,19.47703390862413,19.579553090324964,19.33064936638461,19.561432412190815,83490
2010-04-06,19.561432412190815,19.640856789661907,19.397518413923827,19.612393997845608,50000
2010-04-07,19.612393997845608,20.173722010107422,19.44342096286752,20.03010217878462,50000
2010-04-08,20.03010217878462,20.305538830263455,19.759277221094216,20.244958554034746,64902
2010-04-09,20.244958554034746,20.283396451468878,19.96471285436643,20.053078632527114,50000
2010-04-12,20.053078632527114,20.340136214645458,19.977524194765614,20.274118756368452,82172
2010-04-13,20.274118756368452,20.434189472687287,20.208830296065322,20.270239189919927,50000
2010-04-14,20.270239189919927,20.50751627118184,20.152398728479326,20.394386945876292,50000
2010-04-15,20.394386945876292,20.819382536934487,20.31973725323076,20.776130932698738,50000
2010-04-16,20.776130932698738,20.83019384577659,20.390105397168785,20.509805735972375,50000
2010-04-19,20.509805735972375,20.51379495115398,20.412185888573568,20.506786386824004,50000
2010-04-20,20.506786386824004,20.723506930709092,20.399374640735864,20.667704564031894,50000
2010-04-21,20.667704564031894,20.724554623402884,20.605038546947668,20.613579761233535,85743
2010-04-22,20.613579761233535,20.664785445800803,20.225314394114164,20.480449461999108,50000
2010-04-23,20.480449461999108,20.91234872067989,20.38688362053059,20.658476638008658,50000
2010-04-26,20.658476638008658,20.836381531699978,20.537797372952067,20.823468059895166,74571
2010-04-27,20.823468059895166,21.18965593353115,20.620955049812277,20.64694663246777,50000
2010-04-28,20.64694663246777,21.098401844863595,20.505882651640412,20.829205604510012,66760
2010-04-29,20.829205604510012,21.073072204696754,20.7296706638586,21.00004254518933,50000
2010-04-30,21.00004254518933,21.19668967763395,20.921815936061563,21.009526972268272,206036
2010-05-03,21.009526972268272,21.365156006325165,20.842929817995604,21.311855648396985,50000
2010-05-04,21.311855648396985,21.462349039610405,21.250050392716677,21.389837930803466,50000
2010-05-05,21.389837930803466,21.706563492332062,21.359784962230556,21.682571312992412,50000
2010-05-06,21.682571312992412,21.959270032194013,21.561520892614393,21.733906709488735,50000
2010-05-07,21.733906709488735,21.811262630658902,21.64203323534002,21.74136371768968,50000
2010-05-10,21.74136371768968,21.892893808659405,21.63444875978839,21.672019993651446,50000
2010-05-11,21.672019993651446,21.8327384604338,21.57750057969577,21.816687968691713,50000
2010-05-12,21.816687968691713,21.95410178985905,21.484192283626815,21.72690642875606,50000
2010-05-13,21.72690642875606,21.865580731637056,21.32363871939164,21.381453868553372,50000
2010-05-14,21.381453868553372,21.47353948997673,21.200326830843895,21.327478829604498,50000
2010-05-17,21.327478829604498,21.341861759257238,21.265707879641177,21.30668303390692,50000
2010-05-18,21.30668303390692,21.32181925744184,20.925149671071235,21.07018208694288,50000
2010-05-19,21.07018208694288,21.313586019888728,20.901977549942668,21.299556377319114,50000
2010-05-20,21.299556377319114,21.33873433429407,21.0787429793087,21.251240538458887,50000
2010-05-21,21.251240538458887,21.677443958759497,21.083310224418298,21.501620127601168,65840
2010-05-24,21.501620127601168,22.33253613112077,21.40021850372622,22.26996837894992,50000
2010-05-25,22.26996837894992,22.62656017135297,21.78212643365684,21.91872145996157,50000
2010-05-26,21.91872145996157,22.432631365101493,21.820021983902844,22.242289696746433,50000
2010-05-27,22.242289696746433,22.502327845541046,22.112507827004006,22.16082415227823,50000
2010-05-28,22.16082415227823,22.225184808462085,21.95987458475892,22.161663685341015,50000
2010-05-31,22.161663685341015,22.185617498611077,21.839793526134756,21.906253212165474,50000
2010-06-01,21.906253212165474,21.996000694173297,21.573384526370997,21.795764322939707,50000
2010-06-02,21.795764322939707,21.958506362606073,21.69661321650917,21.812844733432502,50000
2010-06-03,21.812844733432502,21.86849258837765,21.340034940571442,21.511127339143357,50000
2010-06-04,21.511127339143357,21.86330482549474,21.395570436103554,21.655416147702944,50000
2010-06-07,21.655416147702944,21.655569971521317,21.28531218051786,21.41211392918235,85273
2010-06-08,21.41211392918235,21.567202001433262,21.311361493658268,21.480307607783647,50000
2010-06-09,21.480307607783647,21.661474101588826,21.059757869268115,21.224136026405507,50000
2010-06-10,21.224136026405507,21.309874899092293,21.1398149582482,21.308786563977016,50000
2010-06-11,21.308786563977016,21.561776495769266,21.105749393924118,21.191561820313233,50000
2010-06-14,21.191561820313233,21.750925921279723,21.142716904672596,21.598224422354654,50000
2010-06-15,21.598224422354654,21.761409275706296,21.423185967182206,21.578919657540464,65932
2010-06-16,21.578919657540464,22.23045559354608,21.5677740877154,21.95308157795799,97900
2010-06-17,21.95308157795799,22.010737766414618,21.82769087014459,21.9651139202242,50000
2010-06-18,21.9651139202242,22.214707302610893,21.582599948188335,21.750757385794692,50000
2010-06-21,21.750757385794692,21.883747517833502,21.58659006945378,21.664636667190575,50000
2010-06-22,21.664636667190575,21.877751986804377,21.466144711238613,21.688199382148532,50000
2010-06-23,21.688199382148532,22.01294283856099,21.612268382356923,22.006668633458613,50000
2010-06-24,22.006668633458613,22.211283140826797,21.94252948319508,22.117698236333172,50000
2010-06-25,22.117698236333172,22.137351576389214,21.929091397829126,21.98227944614721,111683
2010-06-28,21.98227944614721,22.226323111247783,21.900816125679377,22.087771254398692,50000
2010-06-29,22.087771254398692,22.094326053641975,21.605367302735193,21.64219379180267,50000
2010-06-30,21.64219379180267,21.729346156935925,21.57005076626787,21.62020184636852,97101
2010-07-01,21.62020184636852,21.637372830889376,21.58664449082709,21.606601390003128,86832
2010-07-02,21.606601390003128,22.17447232383854,21.37072304297774,21.963726479698366,50000
2010-07-05,21.963726479698366,21.973137372929592,21.79302763645345,21.8301469045988,50000
2010-07-06,21.8301469045988,22.347415800827417,21.823809226868047,22.179343608024986,90155
2010-07-07,22.179343608024986,22.347585208975133,22.05664476624897,22.08201144402011,50000
2010-07-08,22.08201144402011,22.140050073339886,21.4418981182448,21.59690316576787,50000
2010-07-09,21.59690316576787,21.59855446151732,21.25479980649401,21.352108672232358,50000
2010-07-12,21.352108672232358,21.618092424474124,21.30883922046492,21.439842709695753,50000
2010-07-13,21.439842709695753,21.873488192888093,21.311875621047868,21.751577981263672,50000
2010-07-14,21.751577981263672,22.041715742609348,21.593858346717465,22.002734193239167,56844
2010-07-15,22.002734193239167,22.761558230730664,21.984396700315454,22.734919484216,62437
2010-07-16,22.734919484216,22.809282214533496,22.656287110507886,22.712949768532354,50000
2010-07-19,22.712949768532354,22.88919558959233,22.572098365991167,22.708406487297886,50000
2010-07-20,22.708406487297886,22.73018244754111,22.151089480553395,22.447394674826597,50000
2010-07-21,22.447394674826597,22.504158524483387,22.428099845543205,22.455772931468836,57775
2010-07-22,22.455772931468836,22.626744550538742,22.326281713676345,22.393696784160085,50000
2010-07-23,22.393696784160085,22.451610991558294,22.082418538865483,22.442408445135566,50000
2010-07-26,22.442408445135566,22.46161107879742,22.246628695614934,22.304573112914962,50000
2010-07-27,22.304573112914962,22.831459717946995,22.279551640549098,22.80715621581129,66719
2010-07-28,22.80715621581129,22.854684616557346,22.714028587717728,22.772328105284956,50000
2010-07-29,22.772328105284956,23.203488552759996,22.749061256228742,22.94475970798826,50000
2010-07-30,22.94475970798826,23.055033847863466,22.86363975529039,22.91146091923201,50000
2010-08-02,22.91146091923201,23.000321451720353,22.769557177609844,22.80904178611078,55236
2010-08-03,22.80904178611078,22.927017620147097,22.180062948675413,22.34673473962377,51139
2010-08-04,22.34673473962377,22.347722533860896,21.96692519622937,22.093661899653405,50000
2010-08-05,22.093661899653405,22.357415880898277,21.888689913868266,22.028121578521816,53592
2010-08-06,22.028121578521816,22.394158560140177,21.998864029910997,22.367973585510125,50000
2010-08-09,22.367973585510125,22.602646062252678,22.179624939904315,22.526425324059183,50000
2010-08-10,22.526425324059183,22.866798330468086,22.37741622328473,22.82453167498268,79813
2010-08-11,22.82453167498268,22.912406670460108,22.683242938754113,22.838787777975888,50000
2010-08-12,22.838787777975888,22.882573378170928,22.55102323823476,22.642547731287422,50000
2010-08-13,22.642547731287422,22.893718312467108,22.54444462074029,22.747090600073793,50000
2010-08-16,22.747090600073793,22.88751139162297,22.70631166654467,22.824965485513694,50000
2010-08-17,22.824965485513694,23.719670689804854,22.641106870442922,23.50677894618952,55104
2010-08-18,23.50677894618952,23.645721583861903,23.20772671860269,23.315399398908326,50000
2010-08-19,23.315399398908326,23.678934425203213,23.2600836224598,23.5852824523128,100322
2010-08-20,23.5852824523128,23.802753810171883,23.5194030673106,23.724898173862467,69691
2010-08-23,23.724898173862467,23.946233878644644,23.693349754953772,23.772009761452363,50000
2010-08-24,23.772009761452363,23.87403406697253,23.717024026061665,23.80988328831911,50000
2010-08-25,23.80988328831911,24.34227161581139,23.69160450443124,23.991882289757836,50000
2010-08-26,23.991882289757836,24.27198349599575,23.828442329922517,23.984275655350068,50000
2010-08-27,23.984275655350068,24.10266482932314,23.43352257052948,23.538639141761568,114841
2010-08-30,23.538639141761568,23.68188510081837,23.025414259814657,23.175355446406524,50000
2010-08-31,23.175355446406524,23.1882631648258,22.61057068784741,22.814839941014057,51714
2010-09-01,22.814839941014057,22.945775980846484,21.988855845376523,22.23357583895937,50000
2010-09-02,22.23357583895937,22.349925238245,21.942728571448836,22.0253658025208,50000
2010-09-03,22.0253658025208,22.127729308994265,21.93654243220129,21.96707040630886,50000
2010-09-06,21.96707040630886,22.284557156859485,21.933445743147793,22.091924491626283,50000
2010-09-07,22.091924491626283,22.377134117746525,22.054861782779835,22.146990947508083,50000
2010-09-08,22.146990947508083,22.70231755282463,22.00247115276485,22.37577755114961,154550
2010-09-09,22.37577755114961,22.60284407193321,22.320378969482263,22.58589359381364,50000
2010-09-10,22.58589359381364,23.373643632264127,22.5776610633153,23.142822391808043,50000
2010-09-13,23.142822391808043,23.273698930981812,23.079489988571456,23.08012792057828,50000
2010-09-14,23.08012792057828,23.573562521370953,22.86917962581184,23.143159805938655,50000
2010-09-15,23.143159805938655,23.481734823935263,22.92888884474683,23.452983549928543,50000
2010-09-16,23.452983549928543,24.17214083512741,23.3961614248674,23.969928358455455,58210
2010-09-17,23.969928358455455,24.681816448683264,23.836475235949823,24.439393718319725,50000
2010-09-20,24.439393718319725,24.541041358918275,24.060251298499956,24.24401185064164,50000
2010-09-21,24.24401185064164,24.28759760756837,23.7758419464415,23.916236155271577,50000
2010-09-22,23.916236155271577,24.05852754597866,23.55976474602371,23.704872548576233,50000
2010-09-23,23.704872548576233,23.805464352877422,23.64679573394568,23.721065479075374,50000
2010-09-24,23.721065479075374,24.16187559241535,23.691751295581327,23.98220898034152,493080
2010-09-27,23.98220898034152,24.09467884057589,23.817509761550884,23.860854936960106,96639
2010-09-28,23.860854936960106,24.03512388472507,23.666928208403338,24.00366761635129,50000
2010-09-29,24.00366761635129,24.3742332413503,23.85242088242393,24.200951263560405,50000
2010-09-30,24.200951263560405,24.309201583838355,23.722066191609667,23.925793191943566,78013
2010-10-01,23.925793191943566,24.12339849274993,23.70565145462444,23.74261484869971,50000
2010-10-04,23.74261484869971,24.228616440661956,23.564415030482994,24.055579754399638,98571
2010-10-05,24.055579754399638,24.31108206976481,23.919200169785267,24.160335000491884,257479
2010-10-06,24.160335000491884,24.339635447146062,24.07935016942748,24.32335324459258,50000
2010-10-07,24.32335324459258,24.525073280150693,24.039102198397163,24.05801913027138,69122
2010-10-08,24.05801913027138,24.171799354297615,23.934640090824686,24.166494522600964,50000
2010-10-11,24.166494522600964,24.356711748793984,24.151593695586495,24.255755953424092,84415
2010-10-12,24.255755953424092,24.641054573098774,24.22565103165972,24.548124978418326,50000
2010-10-13,24.548124978418326,24.689542993719193,24.11958708599817,24.358498548508297,85188
2010-10-14,24.358498548508297,24.412923748419406,23.870270861968255,24.027317570621342,53325
2010-10-15,24.027317570621342,24.03748909376163,23.643995086824884,23.858262761965435,54424
2010-10-18,23.858262761965435,24.102914447927066,23.435349805836683,23.649667205651443,50000
2010-10-19,23.649667205651443,23.65633368639965,23.494901447290946,23.60252602105001,50000
2010-10-20,23.60252602105001,23.691431554155127,23.04935542800451,23.175476450340565,84362
2010-10-21,23.175476450340565,23.427351222723573,22.971310569424407,23.268851953199906,50000
2010-10-22,23.268851953199906,23.59145114392509,23.130444649029695,23.47029552914877,70713
2010-10-25,23.47029552914877,23.590041569996476,23.12273908136807,23.221344578736076,50000
2010-10-26,23.221344578736076,23.435421498262798,22.832877154048354,22.931981311988338,59599
2010-10-27,22.931981311988338,23.09200137623776,22.8924079976874,23.053439128313478,50000
2010-10-28,23.053439128313478,23.126909079786138,22.874293813593773,22.983566661026007,50000
2010-10-29,22.983566661026007,23.58975607181529,22.947303253774855,23.526004995934947,50000
2010-11-01,23.526004995934947,23.785999859413504,23.36922795351255,23.50811016091607,50000
2010-11-02,23.50811016091607,24.028962190263496,23.468206409440658,24.011615720330976,50000
2010-11-03,24.011615720330976,24.177372990348896,23.90028986135232,24.055864199331257,50000
2010-11-04,24.055864199331257,24.135840507215928,23.664756993942216,23.680738881373664,50000
2010-11-05,23.680738881373664,23.834454389933022,23.555194362121032,23.627797018325342,50000
2010-11-08,23.627797018325342,23.83538188657844,23.375681485017985,23.74910636504955,50000
2010-11-09,23.74910636504955,23.881754089686286,23.24082850693841,23.445263129877176,50000
2010-11-10,23.445263129877176,23.51354279869821,22.980434785151804,23.101007479107977,50000
2010-11-11,23.101007479107977,23.16524926844228,22.755516277582455,22.97754989596039,122782
2010-11-12,22.97754989596039,23.164113178212574,22.634582119090734,22.88315494717335,50000
2010-11-15,22.88315494717335,23.40736901386465,22.76833712795993,23.218217433232425,50000
2010-11-16,23.218217433232425,23.585597743089846,23.08062441701215,23.508049244476585,50000
2010-11-17,23.508049244476585,23.6160516416785,23.272445018495983,23.29332077733585,71107
2010-11-18,23.29332077733585,23.491724694181386,22.920129465325108,23.132120550844032,50000
2010-11-19,23.132120550844032,23.23290719183307,22.77624866504534,22.826084492473647,50000
2010-11-22,22.826084492473647,23.00514056456026,22.646996432046524,22.676362426268525,50000
2010-11-23,22.676362426268525,22.885195059565437,22.570164167167416,22.864773590492128,50000
2010-11-24,22.864773590492128,23.144328915018555,22.730011237118337,23.13487426117244,50000
2010-11-25,23.13487426117244,23.40982839582631,22.93659372615853,22.949369361561498,50000
2010-11-26,22.949369361561498,23.0553612179654,22.625425553147128,22.89237892811211,50000
2010-11-29,22.89237892811211,22.961363016462464,22.04744566675048,22.118039605725,50000
2010-11-30,22.118039605725,22.24741681536243,21.999680255846165,22.088238322355064,60521
2010-12-01,22.088238322355064,22.154938331683038,21.965924656186612,22.00785908310307,50000
2010-12-02,22.00785908310307,22.117190050402588,21.806338330503348,21.84429310093849,105397
2010-12-03,21.84429310093849,21.957503256459248,21.412102289562398,21.580426934351607,50000
2010-12-06,21.580426934351607,21.796727354877746,21.469078780967024,21.55268307689645,50000
2010-12-07,21.55268307689645,21.621638011593877,20.90993344240181,20.923300517118765,90986
2010-12-08,20.923300517118765,20.93073281227718,20.54832414353762,20.671846581300265,52915
2010-12-09,20.671846581300265,21.212723303291504,20.6197333321659,21.09195651038595,63205
2010-12-10,21.09195651038595,21.195881415799846,20.7180230990977,20.8710633950677,50000
2010-12-13,20.8710633950677,20.976546340860267,20.64843624449296,20.80498050668921,50000
2010-12-14,20.80498050668921,20.99196560137554,20.76436899473203,20.854135262758074,50000
2010-12-15,20.854135262758074,21.396822026448618,20.682503559581193,21.290123233836578,50000
2010-12-16,21.290123233836578,21.350465801957895,21.008481076209453,21.017844551390116,50000
2010-12-17,21.017844551390116,21.099423317764387,20.614487330911267,20.707098802158235,50000
2010-12-20,20.707098802158235,21.22447614254774,20.62632186541977,21.015064525524423,50000
2010-12-21,21.015064525524423,21.689288367567038,21.001983614722896,21.386977316515058,50000
2010-12-22,21.386977316515058,21.672384441734756,21.02587668279507,21.11340783199058,50000
2010-12-23,21.11340783199058,21.609328235828823,21.098507064277552,21.308829051983416,50000
2010-12-24,21.308829051983416,21.915611243992714,21.132165862290286,21.595625359018182,50027
2010-12-27,21.595625359018182,21.625633828572212,21.253459202322354,21.442454133335364,92311
2010-12-28,21.442454133335364,21.474775880173038,21.197434702123466,21.390013574281642,51599
2010-12-29,21.390013574281642,21.394453020142723,21.20040171787503,21.28212061424927,134791
2010-12-30,21.28212061424927,21.34428001457241,21.164235232454462,21.178093428640672,67650
2010-12-31,21.178093428640672,21.307981775634634,21.03798504534928,21.142125326367324,50000
2011-01-03,21.142125326367324,21.620604497314094,20.909291240586576,21.537646090058015,118065
2011-01-04,21.537646090058015,22.001103958118577,21.27603808591723,21.79405485448631,53976
2011-01-05,21.79405485448631,21.87097608570237,21.00671141234309,21.159851580692028,50000
2011-01-06,21.159851580692028,21.37242718938801,21.03526907934421,21.09049814667534,63321
2011-01-07,21.09049814667534,21.56911846427899,20.88289744716877,21.348088400358066,53476
2011-01-10,21.348088400358066,21.602731008941593,21.27684769086128,21.53561658500591,50000
2011-01-11,21.53561658500591,21.834223572371688,21.4810857443121,21.683447249383015,50000
2011-01-12,21.683447249383015,21.881494875830416,21.41142902673952,21.441946673769834,50000
2011-01-13,21.441946673769834,21.68018333065043,21.34418431445473,21.551836502857338,50000
2011-01-14,21.551836502857338,21.911817148316146,21.509485594783026,21.66925047179938,50000
2011-01-17,21.66925047179938,21.853567400329865,21.604233791179833,21.681727406416794,64193
2011-01-18,21.681727406416794,21.744287224975775,21.622875935116177,21.676779361612027,50000
2011-01-19,21.676779361612027,22.609503169453316,21.618911374131955,22.542272203261376,50000
2011-01-20,22.542272203261376,23.26416811016789,22.5402016881295,22.8927408943733,50000
2011-01-21,22.8927408943733,23.369403449274163,22.87617942785231,23.216244499324315,50000
2011-01-24,23.216244499324315,23.43933121860387,22.909888010497813,23.055490805710598,71898
2011-01-25,23.055490805710598,23.110228312995826,22.83052309989139,22.911572728140392,50000
2011-01-26,22.911572728140392,23.50758606221619,22.759720593225897,23.236182388413777,50000
2011-01-27,23.236182388413777,23.30634533703462,23.177060451731258,23.217071772149392,50000
2011-01-28,23.217071772149392,23.831935544834103,23.013515044137066,23.64763231494597,57071
2011-01-31,23.64763231494597,23.73903619363724,23.06548301958034,23.14867863206644,50000
2011-02-01,23.14867863206644,23.455380428960552,23.128443883662026,23.355016400375007,50000
2011-02-02,23.355016400375007,23.431258934589856,23.221021187290972,23.41642629932441,86655
2011-02-03,23.41642629932441,23.610795500183254,23.2014805728953,23.296346307779498,50000
2011-02-04,23.296346307779498,23.56234820509733,23.194323760049276,23.33335090943325,132965
2011-02-07,23.33335090943325,23.351156179653024,23.161945699214446,23.26437016905779,50000
2011-02-08,23.26437016905779,23.658246050108218,22.970483796533046,23.362643964164803,50000
2011-02-09,23.362643964164803,23.57616232527607,23.195844853661168,23.472441831462938,50000
2011-02-10,23.472441831462938,23.575380757422028,23.413321321599458,23.45622329574483,96297
2011-02-11,23.45622329574483,23.624205379708158,23.171890756557982,23.359164685840152,50000
2011-02-14,23.359164685840152,23.623697964465613,23.271249669646473,23.410450933167102,63251
2011-02-15,23.410450933167102,23.707858558519572,23.35296503924935,23.616133544493593,50000
2011-02-16,23.616133544493593,23.706365093265774,23.090771443972734,23.317242881958848,50000
2011-02-17,23.317242881958848,23.37619198430954,23.30662092556423,23.337322948646655,50000
2011-02-18,23.337322948646655,23.469498504940308,23.221141611160945,23.334611292279895,136762
2011-02-21,23.334611292279895,23.689383020967153,23.269789032053712,23.572787701579276,84961
2011-02-22,23.572787701579276,23.74312501795995,23.269241994666388,23.373654558353007,95867
2011-02-23,23.373654558353007,23.493503414714823,22.69559693780377,23.06038973175502,50000
2011-02-24,23.06038973175502,23.26854211107359,22.82199851686764,22.829717932730976,50000
2011-02-25,22.829717932730976,23.725461034896966,22.81820647949857,23.63956368414875,50000
2011-02-28,23.63956368414875,23.647607302359912,23.37598302114791,23.44756710359533,105561
2011-03-01,23.44756710359533,23.851765450898426,23.40194438433403,23.821310352347616,50000
2011-03-02,23.821310352347616,24.252283180654672,23.5530920536742,23.623205433306676,58181
2011-03-03,23.623205433306676,23.70712565192988,23.364445430018797,23.67355059137468,50000
2011-03-04,23.67355059137468,23.686132707584726,23.31631970220449,23.411656126504706,50000
2011-03-07,23.411656126504706,23.48949775603544,23.31291741330605,23.471595207936662,50000
2011-03-08,23.471595207936662,24.006012018225324,23.33961533206321,23.639973659454025,50000
2011-03-09,23.639973659454025,23.84446314959493,23.470271569490997,23.770555417900734,52013
2011-03-10,23.770555417900734,23.815036360029698,23.662131704055067,23.784644209263977,50000
2011-03-11,23.784644209263977,23.996954139651322,23.466901272692848,23.935665643390344,50000
2011-03-14,23.935665643390344,24.008723460921097,23.709701864187455,23.996163195377008,50000
2011-03-15,23.996163195377008,24.282204179022237,23.864380387021768,24.281016458608047,50000
2011-03-16,24.281016458608047,24.407363057689043,23.923064892902975,24.147204907350066,50000
2011-03-17,24.147204907350066,24.56942330925426,24.068658395231473,24.37860535552207,50000
2011-03-18,24.37860535552207,24.54244679783234,24.353267228750582,24.541292066044853,50000
2011-03-21,24.541292066044853,24.876543717636437,24.482416743454678,24.850634152284048,50000
2011-03-22,24.850634152284048,25.07626806581461,24.266213457002046,24.379091920404285,57492
2011-03-23,24.379091920404285,24.81196205354882,24.33084279830234,24.808675867906253,50000
2011-03-24,24.808675867906253,24.968587539831507,24.2994840453113,24.68880831357024,51455
2011-03-25,24.68880831357024,24.910928393251016,24.68409421007,24.7654405986492,50000
2011-03-28,24.7654405986492,24.857846116143477,24.670601670192458,24.73298474747865,74425
2011-03-29,24.73298474747865,24.941725144263458,24.51381001250829,24.64360439758794,100468
2011-03-30,24.64360439758794,24.95235473655371,24.534597728838353,24.867025789013628,50000
2011-03-31,24.867025789013628,25.434442362820324,24.741635684567225,25.316500335704553,50000
2011-04-01,25.316500335704553,25.58321675152473,24.964611769380646,25.46507778955061,73212
2011-04-04,25.46507778955061,25.5328845647904,25.094810918288246,25.12339057482197,50000
2011-04-05,25.12339057482197,25.17694624901893,24.989252530997128,25.05150033739994,55305
2011-04-06,25.05150033739994,25.079472032295456,24.51577220312478,24.55273784048793,50000
2011-04-07,24.55273784048793,24.644112717039043,24.159412710664796,24.287800714124888,65417
2011-04-08,24.287800714124888,24.829942343225724,24.162377240030825,24.578025009687604,50000
2011-04-11,24.578025009687604,24.62320142434978,24.226603286787572,24.422011212551126,50000
2011-04-12,24.422011212551126,24.731564926713386,24.33454464841479,24.488438629814727,50000
2011-04-13,24.488438629814727,24.539083777963935,24.416597148096148,24.502540554385046,50000
2011-04-14,24.502540554385046,24.73196675415124,24.47256860618617,24.519027083071112,50000
2011-04-15,24.519027083071112,24.721374320771638,24.13592825164815,24.14700026313662,50000
2011-04-18,24.14700026313662,24.393481408948567,24.14613911206016,24.158232313883858,50000
2011-04-19,24.158232313883858,24.64509495797783,24.058096511743962,24.32438481484342,50000
2011-04-20,24.32438481484342,24.821634273541267,24.254574181736317,24.77426552142847,50000
2011-04-21,24.77426552142847,24.793401897310375,24.634009009119865,24.734482911210986,127577
2011-04-22,24.734482911210986,24.82589586481177,24.57407589558631,24.672026238066334,50000
2011-04-25,24.672026238066334,24.934834399030915,24.468183887409413,24.8141599099766,50000
2011-04-26,24.8141599099766,25.375431422057634,24.682834531816763,25.090366717027575,50000
2011-04-27,25.090366717027575,25.369680899012163,24.934355044678153,25.178380548164064,50000
2011-04-28,25.178380548164064,25.869152645414548,25.074856093591144,25.70638013579178,50000
2011-04-29,25.70638013579178,25.90262539900047,25.14754059204077,25.15829586818714,52752
2011-05-02,25.15829586818714,25.236352092506113,24.801923066084175,24.828678788824963,50000
2011-05-03,24.828678788824963,24.906703410075064,24.449372245204987,24.539935887366248,50000
2011-05-04,24.539935887366248,24.6860033687174,24.41457879061781,24.483295077852336,50000
2011-05-05,24.483295077852336,25.253950892881598,24.09843886482018,25.1180104649046,50000
2011-05-06,25.1180104649046,25.87438544256382,25.012565089055936,25.60522594695767,98549
2011-05-09,25.60522594695767,25.856632616223333,25.58647228617993,25.747626633016182,50000
2011-05-10,25.747626633016182,25.988318544194808,25.734711076826066,25.789119001700143,68156
2011-05-11,25.789119001700143,26.307131692141947,25.639209085184376,26.13234636112964,50000
2011-05-12,26.13234636112964,26.604570240864632,25.89676877878187,26.548004476878845,103169
2011-05-13,26.548004476878845,26.68952193476074,26.433772711861874,26.51900167053472,50000
2011-05-16,26.51900167053472,26.661063016017902,26.282466638862957,26.40203608890798,50000
2011-05-17,26.40203608890798,26.58277658856238,26.199935235243043,26.323632379293205,50000
2011-05-18,26.323632379293205,26.695399460789805,26.260076961304044,26.383561850300463,56776
2011-05-19,26.383561850300463,26.791188571231455,26.332741508548892,26.674433531570354,50000
2011-05-20,26.674433531570354,26.923439384612063,26.65272142013736,26.79481426193026,50000
2011-05-23,26.79481426193026,26.810412153108047,26.17998971506338,26.436687076702384,50000
2011-05-24,26.436687076702384,26.820240317511818,26.339306088217416,26.679933900845356,50000
2011-05-25,26.679933900845356,26.86820297736002,26.457820079685607,26.85978405829371,50000
2011-05-26,26.85978405829371,27.019453629326783,26.8450200154569,26.944010585067712,50000
2011-05-27,26.944010585067712,27.111864353560385,26.732474022167736,27.050982986656297,50000
2011-05-30,27.050982986656297,27.283042229709633,26.439853539685846,26.615227889226365,50000
2011-05-31,26.615227889226365,26.648777962406598,26.059188536290616,26.312853628776352,50000
2011-06-01,26.312853628776352,26.60073459761613,25.982823306215064,26.111723188302584,50000
2011-06-02,26.111723188302584,26.734951831911687,25.989893746016676,26.729870726357774,50000
2011-06-03,26.729870726357774,26.947824748302533,26.495112246254696,26.508547983479943,50000
2011-06-06,26.508547983479943,26.769449368504077,26.434242085852173,26.595043826487043,50000
2011-06-07,26.595043826487043,26.858279312682036,26.492699639179747,26.67387378796931,50000
2011-06-08,26.67387378796931,27.12168148958133,26.51605766792374,27.029339254462617,84882
2011-06-09,27.029339254462617,27.408214390632008,27.017830617483764,27.358727888387623,50000
2011-06-10,27.358727888387623,28.22031398803819,27.26862917391461,28.04782342689615,50000
2011-06-13,28.04782342689615,28.830363954323726,27.844966539130688,28.355810233929294,50000
2011-06-14,28.355810233929294,28.390938404036,27.699553762838022,27.88960582013167,50000
2011-06-15,27.88960582013167,28.208161760471736,27.487943714925976,27.959350515185218,50000
2011-06-16,27.959350515185218,28.07328347544759,27.558101747528145,27.751715054228505,50000
2011-06-17,27.751715054228505,28.36882366496056,27.54450235947124,28.19024488787629,52216
2011-06-20,28.19024488787629,28.377564464954215,28.03538958711663,28.304443764359064,50000
2011-06-21,28.304443764359064,28.441240739885316,27.882869411257342,28.043908126189272,50000
2011-06-22,28.043908126189272,28.208464033861517,27.871289553043457,27.883127391457716,73429
2011-06-23,27.883127391457716,27.92571433691948,27.589401263844955,27.59991776878182,50000
2011-06-24,27.59991776878182,27.671789319797313,27.20305589480442,27.570338186434462,50000
2011-06-27,27.570338186434462,27.842981876921915,27.425626837650455,27.660477639686075,50000
2011-06-28,27.660477639686075,27.675792179343443,27.38989355267882,27.619890593692404,50000
2011-06-29,27.619890593692404,28.44711613797519,27.296192602639806,28.019295414819975,50000
2011-06-30,28.019295414819975,28.115174989266887,27.495902818409355,27.772301224760483,116994
2011-07-01,27.772301224760483,27.809085376064797,26.748872369368947,26.911720435794432,50000
2011-07-04,26.911720435794432,27.11734758834335,26.733349102649502,27.04049362346659,50000
2011-07-05,27.04049362346659,27.050510787692506,26.76262089352792,26.901092584452496,50000
2011-07-06,26.901092584452496,27.21935662653087,26.776562477227376,26.803805841518745,50000
2011-07-07,26.803805841518745,26.80817263736146,26.203089349499603,26.317861822717667,50000
2011-07-08,26.317861822717667,26.85894224562744,26.13743747174753,26.457143004979123,53126
2011-07-11,26.457143004979123,26.54807144016269,26.308563330974877,26.481708804660148,110235
2011-07-12,26.481708804660148,26.50790665570052,26.025542782883896,26.125879248591698,50000
2011-07-13,26.125879248591698,26.23149656186799,25.766630690688576,26.021804922745453,66220
2011-07-14,26.021804922745453,26.106323307455348,25.73813230078813,25.772751957982997,60085
2011-07-15,25.772751957982997,26.007611065640543,25.580865543397834,25.912040661425916,50000
2011-07-18,25.912040661425916,26.32540821794441,25.86623153886059,26.25611320010483,50000
2011-07-19,26.25611320010483,26.422783624325827,26.235997096569506,26.402752398991698,111616
2011-07-20,26.402752398991698,26.856431009347116,26.337677348302822,26.648789529418657,82639
2011-07-21,26.648789529418657,27.032305827744164,26.40515686194104,26.79091699944406,50000
2011-07-22,26.79091699944406,27.079538335472304,26.336213671605034,26.66625507305473,54834
2011-07-25,26.66625507305473,26.74427985312537,26.23659640255404,26.340800343595483,50000
2011-07-26,26.340800343595483,26.815625384115908,26.29441772983631,26.76458919853041,63481
2011-07-27,26.76458919853041,26.94436213028768,25.957675176043182,26.327921516984485,73020
2011-07-28,26.327921516984485,26.48576444064107,25.816923160773513,26.06876882648551,129976
2011-07-29,26.06876882648551,26.223618666489493,25.643993367491763,25.70067599253984,50000
2011-08-01,25.70067599253984,25.956845314999743,24.972463156066123,25.14089462229742,57897
2011-08-02,25.14089462229742,25.237685431284472,24.93340722246585,25.01176040397149,110542
2011-08-03,25.01176040397149,25.357030159049533,24.858904147061562,25.183083378440706,50000
2011-08-04,25.183083378440706,25.259360838217276,25.05100218787797,25.07761148532758,50000
2011-08-05,25.07761148532758,25.34124930865564,24.7462260104929,24.781000307562294,50000
2011-08-08,24.781000307562294,24.89476856240223,24.391235604132167,24.888341682343345,50000
2011-08-09,24.888341682343345,25.317097502523303,24.64576004904777,25.259563225097853,50000
2011-08-10,25.259563225097853,25.571602004278795,25.0959884982557,25.204311208854136,50000
2011-08-11,25.204311208854136,25.65939709360092,25.112946992938078,25.642595818511516,120004
2011-08-12,25.642595818511516,25.876367494123382,25.363455670842193,25.566097775272194,50000
2011-08-15,25.566097775272194,25.705056931397177,25.11462900780749,25.318532719454964,95246
2011-08-16,25.318532719454964,25.431977620050365,24.85367482596211,25.178684016514065,76445
2011-08-17,25.178684016514065,25.221786508527373,24.604391186232164,24.607734848544972,50000
2011-08-18,24.607734848544972,24.794862352648817,24.567884683073967,24.729689340698194,59821
2011-08-19,24.729689340698194,24.790642845563877,24.483361358194756,24.572864269343142,91253
2011-08-22,24.572864269343142,24.661359768874703,24.48312138574311,24.56869632757868,50000
2011-08-23,24.56869632757868,24.77385583905637,24.539956330192343,24.74772438919971,57629
2011-08-24,24.74772438919971,24.816786231878382,24.382740368297736,24.44498163390068,50000
2011-08-25,24.44498163390068,24.461634848984833,24.30461279596072,24.450112568049956,50000
2011-08-26,24.450112568049956,24.517304853595935,24.249620115276286,24.383396567004567,75105
2011-08-29,24.383396567004567,24.386605563044444,24.024363796877488,24.086122146826156,191725
2011-08-30,24.086122146826156,24.16166752722797,23.977157851546696,24.0515897788736,50000
2011-08-31,24.0515897788736,24.161026889612092,22.8156596205542,23.06479230452445,50000
2011-09-01,23.06479230452445,23.20918647283197,22.923407263742437,22.936524753148717,50000
2011-09-02,22.936524753148717,22.963162433638832,22.677595026186072,22.743693716184602,56173
2011-09-05,22.743693716184602,22.850852104875177,22.564215098130504,22.6324328492373,50000
2011-09-06,22.6324328492373,22.706486865765473,22.191217427194747,22.279399219252607,50276
2011-09-07,22.279399219252607,22.294386041893137,22.131499479904676,22.25602378701599,58015
2011-09-08,22.25602378701599,22.35882695806972,21.953445767683238,22.003160599563277,50000
2011-09-09,22.003160599563277,22.252655907391762,21.860556459092155,22.04951854443101,91206
2011-09-12,22.04951854443101,22.317529408533552,22.037494806456145,22.114967145910942,50000
2011-09-13,22.114967145910942,22.260649783850887,22.064484160661056,22.160578216696447,50000
2011-09-14,22.160578216696447,22.265607207384637,22.118524605026064,22.226859770808343,91509
2011-09-15,22.226859770808343,22.60321224917764,21.793984398751103,22.08351838057099,79032
2011-09-16,22.08351838057099,22.336167781874167,21.43814779788545,21.47407928365779,50000
2011-09-19,21.47407928365779,21.79151401655089,21.441972152033546,21.778561171758795,50000
2011-09-20,21.778561171758795,21.917427948276405,21.51290062067123,21.68482488849712,50000
2011-09-21,21.68482488849712,21.974812171223203,21.56790064231015,21.90240255843195,65758
2011-09-22,21.90240255843195,22.15112605897941,21.744666237077972,22.12955722934623,50000
2011-09-23,22.12955722934623,22.16338377129987,21.965156058279696,22.001413837928503,196679
2011-09-26,22.001413837928503,22.210467122346113,21.932571311063924,22.121693448238677,50000
2011-09-27,22.121693448238677,22.537192271096313,22.03898347044516,22.392370539188377,50000
2011-09-28,22.392370539188377,22.74382432441717,22.272740543743254,22.677113196032444,67100
2011-09-29,22.677113196032444,22.810961523820968,22.642034232704493,22.810223680876877,81807
2011-09-30,22.810223680876877,23.032597973940916,22.591551845814475,22.931315302229418,50000
2011-10-03,22.931315302229418,23.679611055654117,22.777365844987575,23.55875551181733,158700
2011-10-04,23.55875551181733,23.731887988732954,23.219133103232753,23.25173209802111,50000
2011-10-05,23.25173209802111,23.576156497862076,23.011910538530472,23.497276060860113,50000
2011-10-06,23.497276060860113,23.698128942096275,23.27657579828177,23.598124408565944,111223
2011-10-07,23.598124408565944,23.84343963525609,23.5382951949475,23.76550577236143,50000
2011-10-10,23.76550577236143,23.925165850363296,23.627475430080036,23.853330781727255,50000
2011-10-11,23.853330781727255,23.884165812554777,23.374985410060553,23.61528828800513,50000
2011-10-12,23.61528828800513,23.743148528803484,23.09429262205115,23.09856852805569,50000
2011-10-13,23.09856852805569,23.324907880056976,22.956134229777025,23.206491005102446,50000
2011-10-14,23.206491005102446,23.488551638652226,23.00651379543523,23.276530387258376,50000
2011-10-17,23.276530387258376,23.28191563864041,22.844781522769935,22.913656777139554,50000
2011-10-18,22.913656777139554,23.298001335048696,22.899569962865808,23.097867595792888,50000
2011-10-19,23.097867595792888,23.67820543245756,22.970055000513177,23.456375370355442,50000
2011-10-20,23.456375370355442,23.48606792974701,23.155096505609443,23.18173874584323,50000
2011-10-21,23.18173874584323,23.2003383195499,22.895199929562025,22.933796847118362,63713
2011-10-24,22.933796847118362,23.127548762359638,22.92720280864014,23.086797386673087,50000
2011-10-25,23.086797386673087,23.279380291850554,23.061039834392368,23.247283860470564,50000
2011-10-26,23.247283860470564,23.329712458153015,22.962181269429124,23.0931624837633,50000
2011-10-27,23.0931624837633,23.717094356641404,23.092748975980196,23.45567338970317,50000
2011-10-28,23.45567338970317,23.55184165389805,23.344996455524132,23.542820860378452,62098
2011-10-31,23.542820860378452,24.113182572279364,23.49993046692406,23.76423257298658,50000
2011-11-01,23.76423257298658,23.99912452760703,23.470306545479875,23.823281339420305,89192
2011-11-02,23.823281339420305,23.933669415865598,23.80115040523213,23.86362516109813,74850
2011-11-03,23.86362516109813,24.45516487890985,23.73531332376568,24.449936424018766,50000
2011-11-04,24.449936424018766,24.46170574382494,24.234212322625645,24.34743323502287,72871
2011-11-07,24.34743323502287,24.854055733586804,24.325821656429017,24.669785548049887,50000
2011-11-08,24.669785548049887,24.697082707650736,24.36278348255615,24.551672974883726,102026
2011-11-09,24.551672974883726,24.807803305858013,24.525468562267168,24.635689827410683,68797
2011-11-10,24.635689827410683,25.018360821714733,24.45042403055329,24.846693851741854,50000
2011-11-11,24.846693851741854,25.202124352385095,24.796822963537743,24.976510856459296,50000
2011-11-14,24.976510856459296,25.121060889839836,24.724289741843453,24.849577732805198,61499
2011-11-15,24.849577732805198,25.053446758876756,24.611818192743364,24.790224156471204,56632
2011-11-16,24.790224156471204,24.833343561403556,24.344346621826652,24.437480547016325,50000
2011-11-17,24.437480547016325,24.998893769102438,24.19289753536236,24.954389818584012,50000
2011-11-18,24.954389818584012,25.076942366166296,24.838696599219904,25.01066721222197,143587
2011-11-21,25.01066721222197,25.627094265322295,24.772194346402678,25.396041802604252,50000
2011-11-22,25.396041802604252,25.65074852016766,24.961995120571757,25.160661273258807,50000
2011-11-23,25.160661273258807,25.234364209062054,24.90242888871683,25.018318428839322,50000
2011-11-24,25.018318428839322,25.117699629245873,24.712364954156985,24.84495676144313,50000
2011-11-25,24.84495676144313,25.37780188415699,24.49792100838974,25.143371408550497,50000
2011-11-28,25.143371408550497,25.46207659536951,24.81142288929879,24.935117741877352,50000
2011-11-29,24.935117741877352,24.99054934272,24.71050237683615,24.896301157591218,50000
2011-11-30,24.896301157591218,25.083000277724153,24.295323841753362,24.38505438339185,92397
2011-12-01,24.38505438339185,24.60517351712247,23.833001297373492,23.938307738580843,50000
2011-12-02,23.938307738580843,24.385609358021668,23.86053504438362,24.333843435464615,50000
2011-12-05,24.333843435464615,24.6431072436646,24.262456834553277,24.55326083083133,50000
2011-12-06,24.55326083083133,24.76201858748877,24.088759258175717,24.128950025110672,89199
2011-12-07,24.128950025110672,24.52100722723708,23.70886919585732,23.745047493532997,50000
2011-12-08,23.745047493532997,23.779223178167108,23.046341214393788,23.30774034015315,50000
2011-12-09,23.30774034015315,23.31474190007437,22.830720466603967,22.890915012546664,58616
2011-12-12,22.890915012546664,23.92560571164693,22.83406192642141,23.746066768527655,50000
2011-12-13,23.746066768527655,23.76688868236401,23.463193078613184,23.61849883030895,51337
2011-12-14,23.61849883030895,24.06352392028288,23.419167180490607,23.716526163372848,50000
2011-12-15,23.716526163372848,23.88120978955123,23.649781344305996,23.75248981972387,50000
2011-12-16,23.75248981972387,23.75820652236541,23.59687971167128,23.705540106619814,50000
2011-12-19,23.705540106619814,23.86299306603691,23.447900755804458,23.463716063214157,178763
2011-12-20,23.463716063214157,23.79507982212343,23.459447598134783,23.639021891207257,82275
2011-12-21,23.639021891207257,24.012461635163557,23.63211201188831,23.76921542720694,50000
2011-12-22,23.76921542720694,24.034100647418498,23.758058441640397,23.820963555851588,122892
2011-12-23,23.820963555851588,24.259863091457596,23.7661535123882,24.099126560041796,82036
2011-12-26,24.099126560041796,24.76269362710568,23.97593847092991,24.65311326494429,85493
2011-12-27,24.65311326494429,24.682042086052316,24.107848911414457,24.202121780832854,50000
2011-12-28,24.202121780832854,24.565701248146905,24.086852939060268,24.267403626019433,50000
2011-12-29,24.267403626019433,24.602644065125478,24.131800968894165,24.28362253117071,50000
2011-12-30,24.28362253117071,24.43748578560185,23.899907414404865,24.14445921214457,50000
2012-01-02,24.14445921214457,24.283502861520162,23.743549870583124,23.840030958749665,50000
2012-01-03,23.840030958749665,24.56207552128026,23.73496441028807,24.43299291402722,63541
2012-01-04,24.43299291402722,24.53197022914175,24.28964402663652,24.36867202386306,50000
2012-01-05,24.36867202386306,24.535981900936022,24.36789759812614,24.369416796636443,131757
2012-01-06,24.369416796636443,24.49001972721085,24.224856345071256,24.333117515965125,50000
2012-01-09,24.333117515965125,24.711465042492993,24.019333555317633,24.691702440013362,304939
2012-01-10,24.691702440013362,24.752824130233346,24.493894632986564,24.731198684321424,100022
2012-01-11,24.731198684321424,25.240842281848774,24.604929972782823,24.919643343813846,53209
2012-01-12,24.919643343813846,25.45905420552889,24.519138192607212,25.417146880361308,89390
2012-01-13,25.417146880361308,25.455567843741445,24.794736159662623,24.817673741426958,50000
2012-01-16,24.817673741426958,24.905986361863405,24.57040272626842,24.620527297021344,50000
2012-01-17,24.620527297021344,24.827813631164737,24.47424893515796,24.68536047924587,50000
2012-01-18,24.68536047924587,25.276666270368963,24.60664005085666,25.051957518136206,50000
2012-01-19,25.051957518136206,25.117509510012535,25.043566622967315,25.10320349124558,50000
2012-01-20,25.10320349124558,25.432365284825778,24.812780343193868,25.18168733891183,50000
2012-01-23,25.18168733891183,25.7812863423511,25.109173236963194,25.348867519641395,50000
2012-01-24,25.348867519641395,25.721214103669737,25.200219378319865,25.69805755354247,77358
2012-01-25,25.69805755354247,25.903360255121825,25.038846387332057,25.125567441758303,51076
2012-01-26,25.125567441758303,25.26692346789725,24.76659807448,24.865291863892185,50000
2012-01-27,24.865291863892185,25.005522594543343,24.358036257033884,24.517058816642813,50000
2012-01-30,24.517058816642813,24.57557916047553,24.16258950821997,24.263555269401895,50000
2012-01-31,24.263555269401895,24.374000446270443,23.91690774822788,23.91937393445351,66790
2012-02-01,23.91937393445351,24.10139940392632,23.715464276505607,23.785840903814314,76809
2012-02-02,23.785840903814314,23.977000304727238,23.683880098933418,23.966793179445673,50000
2012-02-03,23.966793179445673,24.07351731602088,23.681483280526606,23.823563074976807,62511
2012-02-06,23.823563074976807,23.914294926485994,23.715360550744816,23.8719536291961,50000
2012-02-07,23.8719536291961,24.222813781980346,23.506721479321815,23.585650126065595,72671
2012-02-08,23.585650126065595,23.728147537921025,23.460233936305755,23.644649871934764,73599
2012-02-09,23.644649871934764,24.044124878843885,23.63835815336846,24.02060163655284,51950
2012-02-10,24.02060163655284,24.48190475275167,23.903528370823235,24.317645643183578,50000
2012-02-13,24.317645643183578,24.830235758302145,24.09066460312167,24.784019697498127,50000
2012-02-14,24.784019697498127,24.86293001397047,24.574539365014104,24.70382660401487,50000
2012-02-15,24.70382660401487,25.245772201154164,24.57959545958633,25.146877290874908,50000
2012-02-16,25.146877290874908,25.385436552445412,24.818261226913666,25.075474954363997,50000
2012-02-17,25.075474954363997,25.079268348243023,24.86281241339308,24.9446737506841,50000
2012-02-20,24.9446737506841,24.962847294624307,24.35404885905001,24.596834622527876,50000
2012-02-21,24.596834622527876,24.707372692272106,24.361320807810095,24.486143784404664,50000
2012-02-22,24.486143784404664,24.520063818912107,24.209586145533873,24.386534498565084,50000
2012-02-23,24.386534498565084,24.507906728723338,23.992888854411884,24.205646329896574,50000
2012-02-24,24.205646329896574,24.330851997857916,24.06339688037859,24.26564147795488,79962
2012-02-27,24.26564147795488,24.551307486503834,24.02503303172858,24.274471327427865,97051
2012-02-28,24.274471327427865,24.583686929340672,24.210396632469703,24.504186998290205,50000
2012-02-29,24.504186998290205,24.723202563935878,24.23257858306093,24.350629524551113,50000
2012-03-01,24.350629524551113,25.01323268173549,24.18957415420844,24.96457273241411,52716
2012-03-02,24.96457273241411,25.26075368680888,24.897661638466936,25.257117827346963,117248
2012-03-05,25.257117827346963,25.475208906840383,25.0090883992221,25.364946371556982,50000
2012-03-06,25.364946371556982,25.414637842021776,25.264537677688175,25.28360278534603,50000
2012-03-07,25.28360278534603,25.468061408633016,24.805995950102858,25.1742035758887,52966
2012-03-08,25.1742035758887,25.183764719938544,24.591246152103853,24.896819455257678,50000
2012-03-09,24.896819455257678,25.19588562582103,24.304758283784373,24.39957610392099,50000
2012-03-12,24.39957610392099,24.51263211216512,24.190728230262756,24.4986153388924,57092
2012-03-13,24.4986153388924,24.734571077740586,24.190168737431506,24.613054424744238,50000
2012-03-14,24.613054424744238,24.80871703440087,24.210312348762944,24.359209569902514,50000
2012-03-15,24.359209569902514,24.600137865750114,24.356213011709258,24.50664116939305,50000
2012-03-16,24.50664116939305,24.671976328122025,23.98909620569927,24.11453042060637,50000
2012-03-19,24.11453042060637,24.332802889547406,24.069909405725983,24.25797763408195,50000
2012-03-20,24.25797763408195,24.64522040939689,24.209660972856685,24.456480850664544,50000
2012-03-21,24.456480850664544,24.937121767879326,24.36465388045593,24.725648788211515,104017
2012-03-22,24.725648788211515,24.942308548105977,24.711977089188842,24.845289763889465,50000
2012-03-23,24.845289763889465,24.89190160043825,24.345031287173125,24.484562729280242,50000
2012-03-26,24.484562729280242,24.52016107195328,24.339010502265538,24.460262570277692,50000
2012-03-27,24.460262570277692,24.657744980004644,24.08395027330936,24.16596990676127,50000
2012-03-28,24.16596990676127,24.22560609374429,23.423448728480448,23.432325874996575,50000
2012-03-29,23.432325874996575,23.823141517570402,23.318181877181942,23.677577818206828,96788
2012-03-30,23.677577818206828,24.08877811656394,23.37206555027029,24.056774429588426,67472
2012-04-02,24.056774429588426,24.084589023632514,24.02898725417688,24.083684796360767,50000
2012-04-03,24.083684796360767,24.191284945346574,23.89306433646589,24.14612458461659,67289
2012-04-04,24.14612458461659,24.657109089408824,24.133443035685453,24.60784909176383,66347
2012-04-05,24.60784909176383,25.058090769193402,24.597716128988885,24.829547603520595,50000
2012-04-06,24.829547603520595,25.044626751293208,24.17045168902924,24.244440877936153,50000
2012-04-09,24.244440877936153,24.28179905894124,23.806844823216952,24.144007705501984,50000
2012-04-10,24.144007705501984,24.86238707605144,24.03310345009791,24.64078143749941,65921
2012-04-11,24.64078143749941,24.750965997796897,24.40278179512514,24.609509233939026,94460
2012-04-12,24.609509233939026,25.073446048319095,24.42002855339985,24.46175221346412,50000
2012-04-13,24.46175221346412,24.706878605223167,24.26399726213817,24.661571945053108,50000
2012-04-16,24.661571945053108,24.767518428539585,24.261516394857065,24.5396329738087,50000
2012-04-17,24.5396329738087,25.054299905919876,24.47396710612837,24.949209953342937,50000
2012-04-18,24.949209953342937,24.98518431673792,24.918690138041008,24.978271443222816,50000
2012-04-19,24.978271443222816,25.048986640873217,24.12692298151446,24.288485887752035,50000
2012-04-20,24.288485887752035,24.49079322653494,23.881535252189888,24.067356514184194,50000
2012-04-23,24.067356514184194,24.16680313291576,23.5945880532978,23.723580775350605,69807
2012-04-24,23.723580775350605,24.21170698328811,23.709593879206345,24.175272238876595,50000
2012-04-25,24.175272238876595,24.34566157347616,24.102382792510454,24.341099309011884,53546
2012-04-26,24.341099309011884,24.455305806163633,24.05917282680413,24.381970858607776,50000
2012-04-27,24.381970858607776,24.81338783670536,24.14325829379114,24.761066533202502,77580
2012-04-30,24.761066533202502,25.13468376612654,24.64219349140237,25.004084047265316,50000
2012-05-01,25.004084047265316,25.477155104934038,24.993183989342725,25.398184767727287,50000
2012-05-02,25.398184767727287,25.42468345332305,24.79347920909357,24.820557774830995,50000
2012-05-03,24.820557774830995,24.97678045344964,24.50129308050738,24.662835873286546,50000
2012-05-04,24.662835873286546,24.7818335900424,24.31900040347536,24.370447202708533,50000
2012-05-07,24.370447202708533,24.5179403364803,24.175427791335704,24.2439258237147,50000
2012-05-08,24.2439258237147,24.250425458626186,23.69366336103445,23.779189872491557,50000
2012-05-09,23.779189872491557,24.095326083629775,23.722925445579918,23.846254891235446,50000
2012-05-10,23.846254891235446,24.02253300748277,23.586287289989148,23.692471424809128,50000
2012-05-11,23.692471424809128,23.865778498068227,23.458234741461123,23.615444434951414,50000
2012-05-14,23.615444434951414,23.61571313977065,23.242399457253327,23.485258235049947,50000
2012-05-15,23.485258235049947,23.740508667554348,23.404764747227272,23.605843864548728,106270
2012-05-16,23.605843864548728,23.608170051671152,23.499573481980597,23.51127134340356,50000
2012-05-17,23.51127134340356,23.952971937219285,23.3457597863089,23.87541508124485,57525
2012-05-18,23.87541508124485,23.887279713767537,23.523990093682304,23.553839407605874,50000
2012-05-21,23.553839407605874,23.60288111579333,23.341075612883614,23.598638799190873,50000
2012-05-22,23.598638799190873,23.87590802060182,23.5600181006913,23.71098068850267,50000
2012-05-23,23.71098068850267,23.76132329853583,23.254390635353428,23.37994861531794,50000
2012-05-24,23.37994861531794,23.39002766409202,23.158693698979427,23.25977404943727,105183
2012-05-25,23.25977404943727,23.454003307730442,23.04068420649603,23.269701482270747,50000
2012-05-28,23.269701482270747,23.30477573945031,23.09685084569258,23.247880877301895,50000
2012-05-29,23.247880877301895,24.008518126130927,23.230581629378058,23.87800383531544,50000
2012-05-30,23.87800383531544,23.90042681663647,23.207717265339692,23.267424388574508,50000
2012-05-31,23.267424388574508,23.28148851027356,22.236576207207943,22.44767610607628,50000
2012-06-01,22.44767610607628,22.515908345464943,22.30472397188403,22.509798634973645,73184
2012-06-04,22.509798634973645,23.207850011774497,22.3559789950473,22.921492400781545,50000
2012-06-05,22.921492400781545,23.20299446043992,22.914091679801903,22.917094651319047,50000
2012-06-06,22.917094651319047,22.96293564542415,22.18415040438441,22.315596736466222,50000
2012-06-07,22.315596736466222,22.616072563833914,21.554520043170225,21.895123497386965,50000
2012-06-08,21.895123497386965,21.929923167984246,21.601770847311,21.688641478705616,50000
2012-06-11,21.688641478705616,21.712013909263963,21.530598988687636,21.69348077282604,69639
2012-06-12,21.69348077282604,21.794410985778324,20.88755479223665,21.162042608137277,50000
2012-06-13,21.162042608137277,21.314550136156438,20.811462520291105,21.196131339278548,50000
2012-06-14,21.196131339278548,21.273846809611943,21.02156061981921,21.07502121578152,50000
2012-06-15,21.07502121578152,21.14244588930367,20.43663111463423,20.557830851350175,285253
2012-06-18,20.557830851350175,21.10022664553721,20.55344826487778,20.97940137817617,50000
2012-06-19,20.97940137817617,21.134641194829573,20.87730767358708,20.977581252014303,50000
2012-06-20,20.977581252014303,21.360389720352114,20.88703249784587,21.290995179768167,50000
2012-06-21,21.290995179768167,21.36749132203701,20.513789989381138,20.76974362123102,50000
2012-06-22,20.76974362123102,20.81225362712047,20.72186685978734,20.792922922105884,50000
2012-06-25,20.792922922105884,20.949617340557957,20.678015140688856,20.858624620132264,50000
2012-06-26,20.858624620132264,20.968407231255064,20.0567056646189,20.162075828527996,50000
2012-06-27,20.162075828527996,20.261465777616433,20.08992445793928,20.22026724601502,109882
2012-06-28,20.22026724601502,20.24127375158878,20.0398594838066,20.12170134391718,50000
2012-06-29,20.12170134391718,20.335243929063974,20.023544415316774,20.268435035303323,50000
2012-07-02,20.268435035303323,20.523600562421578,20.102452313131383,20.11702353489362,50000
2012-07-03,20.11702353489362,21.152814608169674,19.981844830622094,20.77940509295066,50000
2012-07-04,20.77940509295066,20.790926269209987,20.386257784211317,20.458300764793993,61593
2012-07-05,20.458300764793993,20.788704718831994,20.440494178682926,20.69357384498465,80847
2012-07-06,20.69357384498465,21.454019422361643,20.579958950088407,21.328487322990025,50000
2012-07-09,21.328487322990025,21.411959711676776,21.281396192938125,21.320026561116713,52210
2012-07-10,21.320026561116713,21.5284968727002,20.88849170816895,21.01596531656168,57244
2012-07-11,21.01596531656168,21.320745688716944,20.95260495125927,21.230246954773584,50000
2012-07-12,21.230246954773584,21.429568983263415,21.184071141569685,21.260607705557636,50000
2012-07-13,21.260607705557636,21.31564800287957,21.064910537131627,21.0953400162544,50000
2012-07-16,21.0953400162544,21.182064234002528,20.598852181779694,20.71478915663185,74382
2012-07-17,20.71478915663185,20.79642027871405,20.578212017783137,20.586575323001018,58992
2012-07-18,20.586575323001018,20.61259350166696,20.222582328508636,20.29624535340374,50000
2012-07-19,20.29624535340374,20.523667276947354,19.99682477533715,20.02906630600147,50000
2012-07-20,20.02906630600147,20.104871672224185,19.456522531979484,19.640733954718023,50000
2012-07-23,19.640733954718023,19.72573021715287,18.941238457067353,18.981427083330505,50000
2012-07-24,18.981427083330505,19.05558933327821,18.94392342800227,19.01195096197267,122780
2012-07-25,19.01195096197267,19.15061981648541,18.98084529132131,19.05738477971111,50000
2012-07-26,19.05738477971111,19.165029806049432,18.52508929316875,18.674967070793866,50000
2012-07-27,18.674967070793866,18.71553134501161,18.52168754233771,18.56391306732652,50000
2012-07-30,18.56391306732652,18.8812853349281,18.49243097971211,18.745084377118815,50000
2012-07-31,18.745084377118815,18.872943347884753,18.589016211111765,18.83418228379881,50000
2012-08-01,18.83418228379881,18.936024256367215,18.4253903034936,18.519405514206365,50000
2012-08-02,18.519405514206365,18.762166166038377,18.459412751449893,18.744668397146743,50000
2012-08-03,18.744668397146743,18.856429195325752,18.459419718296456,18.660679028497576,50000
2012-08-06,18.660679028497576,18.895491694164587,18.60132088282557,18.849906690309105,50000
2012-08-07,18.849906690309105,19.052473754756058,18.83492842733112,18.922126481032898,50000
2012-08-08,18.922126481032898,19.353650737344378,18.79908635363944,19.311980307068904,50000
2012-08-09,19.311980307068904,19.3329264694031,18.960824659211454,19.185061296581242,50000
2012-08-10,19.185061296581242,19.269037724730417,19.14533815495757,19.241160221712335,90318
2012-08-13,19.241160221712335,19.46315164285112,19.114799064399374,19.442062283011925,50000
2012-08-14,19.442062283011925,19.865129710661893,19.421720532317565,19.823256297882,50000
2012-08-15,19.823256297882,20.1414274778582,19.71798754588617,20.065273542062428,97334
2012-08-16,20.065273542062428,20.242197521963462,19.978009136154682,20.229820832767015,50000
2012-08-17,20.229820832767015,20.50331883330661,20.175591828308395,20.30599813603725,115734
2012-08-20,20.30599813603725,20.556839107303436,20.240538007182728,20.405503328575012,80007
2012-08-21,20.405503328575012,20.541957012534915,20.327348110760415,20.45635605986223,81944
2012-08-22,20.45635605986223,20.485471791032538,20.36431101295445,20.387189944737543,50000
2012-08-23,20.387189944737543,20.728254242861812,20.296459278049916,20.683022770870195,115593
2012-08-24,20.683022770870195,21.202132734340516,20.669577603578503,21.056957960392133,50000
2012-08-27,21.056957960392133,21.411573567775335,20.997950777693205,21.19134632662472,70023
2012-08-28,21.19134632662472,21.219657313766195,21.072623462964472,21.12527359250776,50000
2012-08-29,21.12527359250776,21.245295619495987,20.497127488585605,20.72362838894312,70562
2012-08-30,20.72362838894312,20.79666667894245,20.578992235812517,20.672618484714924,50000
2012-08-31,20.672618484714924,20.908397942099057,20.21344186376929,20.289252667232127,50000
2012-09-03,20.289252667232127,20.403903535654297,19.650485666993397,19.727554963070997,50000
2012-09-04,19.727554963070997,19.788389904105195,19.274956118492042,19.282743167031814,50000
2012-09-05,19.282743167031814,19.32081545410442,18.76598722735304,18.809541635633988,50000
2012-09-06,18.809541635633988,18.861385139215592,18.710875258592722,18.81208104317036,72835
2012-09-07,18.81208104317036,19.029569481666865,18.80545650691799,19.007165540315054,50000
2012-09-10,19.007165540315054,19.063355796763044,18.931300030138438,18.982269662593822,50000
2012-09-11,18.982269662593822,19.136314378928457,18.866141707630703,18.92350349753237,50000
2012-09-12,18.92350349753237,19.137177022754173,18.68584732965111,18.809997999651774,50000
2012-09-13,18.809997999651774,18.970866600202807,18.63702761403582,18.70457056811582,50000
2012-09-14,18.70457056811582,18.78437467428131,18.33334186845793,18.418049751770628,50000
2012-09-17,18.418049751770628,18.54124998263195,17.98400862317626,17.99801125314431,50000
2012-09-18,17.99801125314431,18.02057230265815,17.835776491498414,18.013295310027,50000
2012-09-19,18.013295310027,18.09520917071144,17.563761372883167,17.614430226974672,57523
2012-09-20,17.614430226974672,17.999210667336705,17.500065389265938,17.92076098956593,50000
2012-09-21,17.92076098956593,18.160695922642848,17.91153256592993,18.09547764901095,50000
2012-09-24,18.09547764901095,18.54770218511225,17.980991660772606,18.328757398829513,61032
2012-09-25,18.328757398829513,18.342237785347894,17.630202750550303,17.71763894171356,50000
2012-09-26,17.71763894171356,17.77694962720064,17.63109582563817,17.660116897925175,182712
2012-09-27,17.660116897925175,17.725315805684573,17.379501815197315,17.43893976452924,50000
2012-09-28,17.43893976452924,17.45763553260455,17.178481069050093,17.22121154990152,50000
2012-10-01,17.22121154990152,17.255464748431073,16.58521990456502,16.652880944428603,53330
2012-10-02,16.652880944428603,17.187785805472696,16.565879120621272,17.14994642249235,50000
2012-10-03,17.14994642249235,17.522489541245662,17.093489138603392,17.315888219990285,50000
2012-10-04,17.315888219990285,17.41358395909123,17.187246907371858,17.22975860509654,50000
2012-10-05,17.22975860509654,17.295409810316094,16.951234092963546,16.997875965807623,50000
2012-10-08,16.997875965807623,17.537495732535536,16.97455676969083,17.433657514906272,50000
2012-10-09,17.433657514906272,17.563403607902632,17.26698962777878,17.285438273504607,50000
2012-10-10,17.285438273504607,17.32692521433312,16.91294927399136,16.938489749118112,50000
2012-10-11,16.938489749118112,16.95778788598814,16.566445466090123,16.70350330988083,67743
2012-10-12,16.70350330988083,16.948266334103025,16.6647877746455,16.93776799409988,50000
2012-10-15,16.93776799409988,17.573409050822804,16.79319356975088,17.476261093223453,67082
2012-10-16,17.476261093223453,17.766829829789586,17.19290821699682,17.725124429797447,50000
2012-10-17,17.725124429797447,17.800266315248994,17.153387770100895,17.215173569718175,62234
2012-10-18,17.215173569718175,17.27291505683773,17.132869231370037,17.177579268203544,50000
2012-10-19,17.177579268203544,17.374188720108904,16.915828123044204,17.023900653686617,65824
2012-10-22,17.023900653686617,17.34051072748664,17.0176352112825,17.28602751414073,50000
2012-10-23,17.28602751414073,17.358657696222206,16.92965820556001,16.99537894645093,57398
2012-10-24,16.99537894645093,17.365060870295487,16.969434772470887,17.254795225503205,50000
2012-10-25,17.254795225503205,17.39332531732186,17.069816390933568,17.085435506375113,50000
2012-10-26,17.085435506375113,17.145312709663454,17.03817539357996,17.102286958029847,50000
2012-10-29,17.102286958029847,17.608473110410767,17.047612352849015,17.429356042801356,58807
2012-10-30,17.429356042801356,17.73864319635389,17.37181291245957,17.691483969698734,50000
2012-10-31,17.691483969698734,17.749826070073762,17.52031490806147,17.53210794558259,50000
2012-11-01,17.53210794558259,17.557843439864193,16.903823379227052,16.90897258835248,50000
2012-11-02,16.90897258835248,17.439749990994272,16.895167963240777,17.25132638583336,50000
2012-11-05,17.25132638583336,17.562354139700954,17.158080339974703,17.550179956269734,60494
2012-11-06,17.550179956269734,17.656100292985283,17.11326997681384,17.135484383390864,58192
2012-11-07,17.135484383390864,17.151940459066505,16.227740688116484,16.264466798831496,50000
2012-11-08,16.264466798831496,16.353482780377078,16.2091916197787,16.25356998967577,50000
2012-11-09,16.25356998967577,16.44934413340679,16.109322598965047,16.292471903237438,50000
2012-11-12,16.292471903237438,16.599349770610708,16.20718666170201,16.413723872778533,50000
2012-11-13,16.413723872778533,16.447281174335142,16.373443132835863,16.38281767198812,50000
2012-11-14,16.38281767198812,16.452263499848456,15.947442739614793,16.011150819164992,89361
2012-11-15,16.011150819164992,16.033955339841107,15.799828620292187,15.97136698728667,172048
2012-11-16,15.97136698728667,16.351445988343492,15.965912861723497,16.310605486663874,50000
2012-11-19,16.310605486663874,16.34572950596623,15.973089306587287,16.01260519766178,50000
2012-11-20,16.01260519766178,16.020984356670724,15.465791856114347,15.642398007357272,50000
2012-11-21,15.642398007357272,15.661758635232571,15.604866376393804,15.605256355133,50000
2012-11-22,15.605256355133,16.251695583200984,15.41753429155312,16.049171334327365,50000
2012-11-23,16.049171334327365,16.21901351018164,15.955173695431858,16.159691799328574,111584
2012-11-26,16.159691799328574,16.255854549544292,16.100639931716017,16.11495103524941,72472
2012-11-27,16.11495103524941,16.77943618069164,16.032669395483918,16.702449003897435,88707
2012-11-28,16.702449003897435,17.068835433670845,16.679292858512202,17.003792080594756,73150
2012-11-29,17.003792080594756,17.19875107682051,16.856730229620283,17.156467515727904,50000
2012-11-30,17.156467515727904,17.289930845027598,17.14559135059721,17.20793582745814,53244
2012-12-03,17.20793582745814,17.277084102441982,17.18342016003963,17.271301113854303,83229
2012-12-04,17.271301113854303,17.488997562524098,17.222852965479866,17.389672917942754,129156
2012-12-05,17.389672917942754,18.039590518745676,17.287429212765804,17.928874732480846,50000
2012-12-06,17.928874732480846,17.9788347550356,17.850900673121696,17.92016205260154,50000
2012-12-07,17.92016205260154,18.155317704484332,17.568207024615667,17.624281577251487,50000
2012-12-10,17.624281577251487,17.78465023868923,17.6237584454257,17.702893899194226,52885
2012-12-11,17.702893899194226,17.749808590580898,17.57064287913106,17.63524866050972,58621
2012-12-12,17.63524866050972,17.690256420103704,17.311065604593608,17.453010761327917,50000
2012-12-13,17.453010761327917,17.500052445690734,17.152121458452257,17.472718153215755,50962
2012-12-14,17.472718153215755,18.13869808562905,17.3859895285632,17.785483590444084,50000
2012-12-17,17.785483590444084,18.023387014097736,17.53593304046043,18.005984987049096,50000
2012-12-18,18.005984987049096,18.10479461939709,17.903153700879287,17.96893331167228,50000
2012-12-19,17.96893331167228,18.110049979724828,17.854055676762606,17.88100544804734,50000
2012-12-20,17.88100544804734,18.22266588302208,17.705053215993477,18.117112513456746,50000
2012-12-21,18.117112513456746,18.28848007942251,18.05119391187066,18.278788133137386,50000
2012-12-24,18.278788133137386,18.360653950401918,18.251784454820243,18.25299655457869,50000
2012-12-25,18.25299655457869,18.33068651924289,18.149527157793152,18.16683994305062,50000
2012-12-26,18.16683994305062,18.360780125081604,18.11538941982948,18.23830375027001,132160
2012-12-27,18.23830375027001,18.3686626385893,18.04266539631904,18.14158967230219,50000
2012-12-28,18.14158967230219,18.15109381585143,17.748133529963656,17.753069070486376,50000
2012-12-31,17.753069070486376,17.763594616417624,17.49640624199222,17.601210581371607,50000
2013-01-01,17.601210581371607,18.05390443264336,17.48968899595818,18.047457008070392,50000
2013-01-02,18.047457008070392,18.348161170429112,17.903736333876324,18.302624375284108,50000
2013-01-03,18.302624375284108,18.376412310684586,18.284519647940474,18.31535850211838,50000
2013-01-04,18.31535850211838,18.32289193159544,18.14550523967872,18.26279646541232,50000
2013-01-07,18.26279646541232,18.28673343324487,17.873397650567405,17.947458201655923,50000
2013-01-08,17.947458201655923,17.94901009287382,17.915327943129338,17.915514359324376,64516
2013-01-09,17.915514359324376,17.919489992897336,17.251091822270354,17.27613772395282,50000
2013-01-10,17.27613772395282,17.46667316630974,17.140950877248304,17.33369010444903,50000
2013-01-11,17.33369010444903,17.39340043277285,16.917939978025956,16.924468636298386,50000
2013-01-14,16.924468636298386,16.985130325261377,16.302625827264162,16.330246013113765,50000
2013-01-15,16.330246013113765,16.69292989920317,16.286125688225756,16.61059841332225,50000
2013-01-16,16.61059841332225,16.78786296667118,16.55251194487579,16.76196759196722,55114
2013-01-17,16.76196759196722,16.865526100433645,16.744672647150427,16.765056879742183,50000
2013-01-18,16.765056879742183,16.817339687582464,16.689151762373935,16.746603386668944,50000
2013-01-21,16.746603386668944,17.029360685663956,16.577535546940254,16.987469120885372,50000
2013-01-22,16.987469120885372,17.537983677344698,16.969845249519445,17.329569285990985,50000
2013-01-23,17.329569285990985,17.704872099438244,17.277969275476693,17.540962604718903,57008
2013-01-24,17.540962604718903,18.030821711776223,17.43531645425503,17.83102640488621,50000
2013-01-25,17.83102640488621,17.99075173052196,17.350820725504374,17.53800019791807,107623
2013-01-28,17.53800019791807,17.56192051709046,17.054692227219146,17.0875831890341,50000
2013-01-29,17.0875831890341,17.18835332762121,16.976309346684243,17.02614872397506,50000
2013-01-30,17.02614872397506,17.39471063438685,16.887555533743793,17.295997023487715,50000
2013-01-31,17.295997023487715,17.727487394157464,17.267136434144692,17.66618782482763,50000
2013-02-01,17.66618782482763,17.840849945517103,17.623557252008982,17.724589909411176,50000
2013-02-04,17.724589909411176,17.766010788199274,17.626389791150512,17.68725919513119,50000
2013-02-05,17.68725919513119,17.703176677633046,17.134303688510467,17.218850244183773,50000
2013-02-06,17.218850244183773,17.264590588959944,16.854628734802713,16.87117935754242,50000
2013-02-07,16.87117935754242,16.960754741470943,16.648571921225635,16.67935469991725,84335
2013-02-08,16.67935469991725,16.72868404809209,16.566516683122558,16.58864754279586,91793
2013-02-11,16.58864754279586,16.91900403335831,16.562203137778173,16.71695510995452,51833
2013-02-12,16.71695510995452,16.994928620670684,16.616314898636304,16.807539147850086,50000
2013-02-13,16.807539147850086,16.89406748390549,16.389431664975213,16.479118223296766,50000
2013-02-14,16.479118223296766,16.55860946425134,16.204251785369753,16.211034766948046,50000
2013-02-15,16.211034766948046,16.451300098761134,16.187396140483973,16.40652934002541,50000
2013-02-18,16.40652934002541,16.426613301857163,16.300682145167205,16.330142060807077,50000
2013-02-19,16.330142060807077,16.491592173067836,16.265813927999364,16.471186370947596,150737
2013-02-20,16.471186370947596,16.574849962305898,16.18153406347847,16.385834601534203,50000
2013-02-21,16.385834601534203,16.564780008015745,16.258368863743733,16.402571993830023,50000
2013-02-22,16.402571993830023,16.58454014301866,16.24086084372262,16.548148377132343,84424
2013-02-25,16.548148377132343,17.05871853666143,16.24294716733732,16.952626998210825,50000
2013-02-26,16.952626998210825,17.004272260209003,16.886702789514707,16.984089342012798,50000
2013-02-27,16.984089342012798,17.060863088088073,16.59410188236739,16.766026761747266,102002
2013-02-28,16.766026761747266,17.191784572760813,16.665467014263065,16.869118064271024,50000
2013-03-01,16.869118064271024,16.913207457868722,16.694980583711683,16.764167400723608,50000
2013-03-04,16.764167400723608,16.977720256835966,16.718293398298076,16.931467471476974,50000
2013-03-05,16.931467471476974,17.052484339226922,16.818391490210605,16.9738329429196,50000
2013-03-06,16.9738329429196,17.451987179536,16.938151322650675,17.337504671814173,55855
2013-03-07,17.337504671814173,17.378954201361406,16.709361993559792,16.7875806478091,50000
2013-03-08,16.7875806478091,16.86141514535961,16.71169021157816,16.712409115355786,187849
2013-03-11,16.712409115355786,17.236115944514108,16.57741320575928,17.156868228638594,91026
2013-03-12,17.156868228638594,17.337651519018817,16.958831219669065,16.985480817494736,50000
2013-03-13,16.985480817494736,17.111089306475346,16.608165428906986,16.631356073233245,50000
2013-03-14,16.631356073233245,16.64221658904541,16.199669962830907,16.20663263854314,50000
2013-03-15,16.20663263854314,16.228002221327355,15.951408886149533,15.992870705183233,50000
2013-03-18,15.992870705183233,16.046751120778104,15.628702585526682,15.844220723859769,50000
2013-03-19,15.844220723859769,15.90725290828934,15.78542290009107,15.844863320459677,50000
2013-03-20,15.844863320459677,16.201321528024472,15.722063894787116,16.147071412605047,75793
2013-03-21,16.147071412605047,16.243358379677026,16.082871627128288,16.237718733003604,50000
2013-03-22,16.237718733003604,16.756367039419914,16.21299116260294,16.64694258756194,53131
2013-03-25,16.64694258756194,16.706658231550502,16.220156666024135,16.319090536274075,50000
2013-03-26,16.319090536274075,16.916179876935267,16.132620149628483,16.769963875476105,54632
2013-03-27,16.769963875476105,16.93202014855091,16.687433572420144,16.758035598796262,50000
2013-03-28,16.758035598796262,16.84228075003638,16.44406233265723,16.61649198016658,50000
2013-03-29,16.61649198016658,16.865797358017705,16.53673183276546,16.809407665746846,50000
2013-04-01,16.809407665746846,17.309208480065678,16.638290978954767,17.201379526401787,50000
2013-04-02,17.201379526401787,17.220464531425236,17.063963256211196,17.086335481540836,50000
2013-04-03,17.086335481540836,17.256010411912644,16.750317820915647,16.85643779245387,50000
2013-04-04,16.85643779245387,17.48823058381576,16.829432599363564,17.36518859398846,50000
2013-04-05,17.36518859398846,17.684258144228075,17.32663171725843,17.559715117883428,50000
2013-04-08,17.559715117883428,17.611402296118715,17.427458075708003,17.511799994414943,50000
2013-04-09,17.511799994414943,17.762589231122295,17.233079903261707,17.70340886123137,50000
2013-04-10,17.70340886123137,17.89542739496136,17.087205755861216,17.231251631083975,50000
2013-04-11,17.231251631083975,17.32741993838803,17.165909903410075,17.320461277460822,55572
2013-04-12,17.320461277460822,17.484824280626697,17.300998822998796,17.38283463094518,50000
2013-04-15,17.38283463094518,17.393417874696457,17.278312384227753,17.333688073247735,50000
2013-04-16,17.333688073247735,17.428965138647992,17.165134798196643,17.261552374369067,50000
2013-04-17,17.261552374369067,17.33310353758023,16.799057999294106,16.823737780159583,50000
2013-04-18,16.823737780159583,17.300225243277044,16.763013101547102,16.97994906504512,50000
2013-04-19,16.97994906504512,17.06734882892989,16.662157133595493,16.696325138955007,50000
2013-04-22,16.696325138955007,16.828743422920386,16.246178611658348,16.26522138452255,50000
2013-04-23,16.26522138452255,16.328321236848208,16.10277958239641,16.104899426234276,110012
2013-04-24,16.104899426234276,16.132579857729425,15.739043861453247,15.800143592040786,50000
2013-04-25,15.800143592040786,15.847506232138025,15.64372400626646,15.66612115121363,50000
2013-04-26,15.66612115121363,15.79503134437472,15.567354191474767,15.749429778409125,50000
2013-04-29,15.749429778409125,15.880611543313545,15.26728935835431,15.361155344733362,50000
2013-04-30,15.361155344733362,15.422672429896908,15.127396067333951,15.278456021804503,50000
2013-05-01,15.278456021804503,15.329894525517592,15.085759373646635,15.216738508026003,50000
2013-05-02,15.216738508026003,15.542929313210848,15.155492030411807,15.482841154613487,50000
2013-05-03,15.482841154613487,15.682065720146632,15.360868112717514,15.628720280314788,50000
2013-05-06,15.628720280314788,16.00405123107576,15.598367720859764,15.772012068639762,50000
2013-05-07,15.772012068639762,15.86401335297708,15.464889602784194,15.654984120364182,189426
2013-05-08,15.654984120364182,15.68956239183456,15.581814878451318,15.619089573583498,50000
2013-05-09,15.619089573583498,15.656499746413454,15.158826391725537,15.270680708511513,50000
2013-05-10,15.270680708511513,15.423424793148984,14.991601172115272,15.022162105758614,114268
2013-05-13,15.022162105758614,15.099541871731779,14.860056908423221,14.924724379927552,50000
2013-05-14,14.924724379927552,14.987710225172762,14.91573352153434,14.96215731236792,138983
2013-05-15,14.96215731236792,15.306548795666822,14.928765272959506,15.184144975679954,77065
2013-05-16,15.184144975679954,15.280221101874728,14.89108978384406,14.892956167154873,75163
2013-05-17,14.892956167154873,15.541305641233883,14.802274014457106,15.347868982307274,50000
2013-05-20,15.347868982307274,15.689570208097624,15.167479417548751,15.675660818969181,88680
2013-05-21,15.675660818969181,15.708842565288789,15.534077258960112,15.584619014689075,50000
2013-05-22,15.584619014689075,15.657748017332253,15.268172270625724,15.432096023432656,59481
2013-05-23,15.432096023432656,15.490125249562853,15.14970505351077,15.26830617381555,50000
2013-05-24,15.26830617381555,15.333643992371796,15.170157852333743,15.205442841280936,70725
2013-05-27,15.205442841280936,15.574681614344582,15.062303855211203,15.503046451520007,147391
2013-05-28,15.503046451520007,15.602590903607238,15.086369220949573,15.210979886863354,70264
2013-05-29,15.210979886863354,15.240882650628665,14.897946282080134,15.005235453342484,50000
2013-05-30,15.005235453342484,15.083654000574917,14.437677842195614,14.494019915652526,50000
2013-05-31,14.494019915652526,14.73073135111723,14.123942663520813,14.209188541390354,50000
2013-06-03,14.209188541390354,14.474530901283876,14.204669061832202,14.30937990523326,50000
2013-06-04,14.30937990523326,14.320396318392735,14.111176528905846,14.194540638016448,50000
2013-06-05,14.194540638016448,14.60434057052917,14.023800863562208,14.487369516173414,50000
2013-06-06,14.487369516173414,14.524769660629975,14.386372383150995,14.448289845422078,80423
2013-06-07,14.448289845422078,14.93745558456111,14.397691860422514,14.750095729663602,61218
2013-06-10,14.750095729663602,14.906980801399149,14.41314167356996,14.45536262473468,50000
2013-06-11,14.45536262473468,14.467230890048246,14.179161357706992,14.22115002894675,50000
2013-06-12,14.22115002894675,14.330906113998157,14.216605901497623,14.298200089151505,92854
2013-06-13,14.298200089151505,14.317347477218675,13.86956022075547,14.0026984287351,50000
2013-06-14,14.0026984287351,14.232222931128412,13.952873052669444,14.187541670237607,65359
2013-06-17,14.187541670237607,14.236621733802977,13.982637832602606,14.055124485900803,50000
2013-06-18,14.055124485900803,14.069365949344789,14.00947946472231,14.013743854241659,50000
2013-06-19,14.013743854241659,14.055986385864495,13.721838139669787,13.816068596522856,50000
2013-06-20,13.816068596522856,13.832607674235632,13.509719370802907,13.570786807829103,50000
2013-06-21,13.570786807829103,14.159984542625475,13.453833751971334,14.007040523115366,100401
2013-06-24,14.007040523115366,14.022127950294939,13.795304977012906,13.955370821980516,50000
2013-06-25,13.955370821980516,14.017852012722186,13.317047188601203,13.404097144186002,50000
2013-06-26,13.404097144186002,13.515971679950935,13.385848470158926,13.421627886090471,50000
2013-06-27,13.421627886090471,13.48625202680123,13.229409754694322,13.328975532720596,50000
2013-06-28,13.328975532720596,13.426349597162039,12.991825745205963,13.10814184931782,50000
2013-07-01,13.10814184931782,13.404106245387087,12.991642916939986,13.289272391534396,50000
2013-07-02,13.289272391534396,13.646699810222307,13.209687331770247,13.644004633097426,50000
2013-07-03,13.644004633097426,13.71545572187353,13.59461746155393,13.60131547544222,50000
2013-07-04,13.60131547544222,13.622611543453479,13.516997402060678,13.577789392867983,89002
2013-07-05,13.577789392867983,13.727957293771874,13.52359648206754,13.682088021829827,50000
2013-07-08,13.682088021829827,13.865731871753038,13.669290268270274,13.858347254188601,305646
2013-07-09,13.858347254188601,13.968086750444478,13.837306812139417,13.967331657001855,50000
2013-07-10,13.967331657001855,14.355956541362708,13.94831295131243,14.317653746653365,134901
2013-07-11,14.317653746653365,14.430129210046493,13.84151723439364,13.86095234642269,76981
2013-07-12,13.86095234642269,14.126040302445949,13.803119384080194,14.120608679184688,50000
2013-07-15,14.120608679184688,14.131954124156684,14.028752069965698,14.075455618629537,74691
2013-07-16,14.075455618629537,14.125493907113512,13.837195547176037,13.901060717392694,50000
2013-07-17,13.901060717392694,14.061941950665252,13.724980512458155,13.762552472467329,50000
2013-07-18,13.762552472467329,13.82791214430338,13.57195742008691,13.605399007954803,123638
2013-07-19,13.605399007954803,13.716725678379484,13.599088319660446,13.627824858898343,50000
2013-07-22,13.627824858898343,13.700042433815913,13.416988422381744,13.483082057297867,50000
2013-07-23,13.483082057297867,13.519834998040475,13.29111416026181,13.502476225289723,165317
2013-07-24,13.502476225289723,13.557267277549482,12.909007494789874,13.033951738339383,131326
2013-07-25,13.033951738339383,13.154455850595468,12.955264378083935,13.026877977455431,106329
2013-07-26,13.026877977455431,13.087275277843242,12.814237217262777,12.855664167245921,50000
2013-07-29,12.855664167245921,13.002453665839774,12.803576186628833,12.943553612095844,55566
2013-07-30,12.943553612095844,13.028520453816448,12.910820227022446,12.958190593316736,50000
2013-07-31,12.958190593316736,13.527471141046995,12.921969858464013,13.430637267978287,50000
2013-08-01,13.430637267978287,13.511076851632358,13.397172257364087,13.430664748069164,63742
2013-08-02,13.430664748069164,13.5278451700601,13.408332206510297,13.504434247203344,50000
2013-08-05,13.504434247203344,13.564587034230989,13.176677923003297,13.2218313449873,58167
2013-08-06,13.2218313449873,13.299167543348227,12.70958800282243,12.84676672533111,50000
2013-08-07,12.84676672533111,13.507354051545974,12.817715880198765,13.2729350018348,68655
2013-08-08,13.2729350018348,13.45807657622889,13.23586606013113,13.451884834445986,71958
2013-08-09,13.451884834445986,13.596775904723247,13.268499915808368,13.298228339875832,50000
2013-08-12,13.298228339875832,13.33407431243603,13.117775443377178,13.233615971919924,95258
2013-08-13,13.233615971919924,13.397601921495939,13.219315939140925,13.37770485033181,50000
2013-08-14,13.37770485033181,13.781645278575127,13.243342678880722,13.756881451006029,54154
2013-08-15,13.756881451006029,13.770733043822947,13.483656154796996,13.551749257905364,50000
2013-08-16,13.551749257905364,13.631444189447896,13.388631713251986,13.406187946351046,50000
2013-08-19,13.406187946351046,13.711669383026539,13.376036788244413,13.686792321872579,53823
2013-08-20,13.686792321872579,13.788832147418477,12.951321530769077,12.971070195880953,50000
2013-08-21,12.971070195880953,13.149826802076204,12.771109518492093,13.10298296077851,50000
2013-08-22,13.10298296077851,13.20237446887069,12.056235286664965,12.157228841348232,50000
2013-08-23,12.157228841348232,12.203534464144518,11.670104195357117,11.702581421814726,68397
2013-08-26,11.702581421814726,11.730520396461442,11.615371686768107,11.70230436808716,50000
2013-08-27,11.70230436808716,12.199383829378998,11.658775978979945,12.144383950343974,117314
2013-08-28,12.144383950343974,12.218572546634606,11.884245435392643,11.9437248657495,50000
2013-08-29,11.9437248657495,11.943841622618237,11.759996669960984,11.784062047170789,50000
2013-08-30,11.784062047170789,12.186799910044336,11.77615180390767,12.17901909529528,50000
2013-09-02,12.17901909529528,12.432077113808017,12.150179466747392,12.417410086874089,50000
2013-09-03,12.417410086874089,12.658808846588823,12.372163359996312,12.47096897198999,66780
2013-09-04,12.47096897198999,12.579199788297789,12.305345640615174,12.518657681115906,134151
2013-09-05,12.518657681115906,12.812444632232408,12.494511767753268,12.804348701880182,95440
2013-09-06,12.804348701880182,13.234309381495358,12.72809759516541,13.018306116505268,50000
2013-09-09,13.018306116505268,13.049193243105556,12.909597898507013,13.01475204422102,50000
2013-09-10,13.01475204422102,13.04029428635702,12.829185575994495,12.843066224181474,187681
2013-09-11,12.843066224181474,12.844839718919454,12.445658140660363,12.559499913505181,64901
2013-09-12,12.559499913505181,12.938660109665417,12.450398274387638,12.888189473453354,50000
2013-09-13,12.888189473453354,12.948243536154944,12.600730870148329,12.611602950482975,50000
2013-09-16,12.611602950482975,12.664767614152543,12.484327407630836,12.591698687584344,59037
2013-09-17,12.591698687584344,12.708208913225727,12.536391300651017,12.571598195738261,50000
2013-09-18,12.571598195738261,12.591877028572252,12.323128478473143,12.42089136085735,50000
2013-09-19,12.42089136085735,12.772122273015528,12.389096425737494,12.727889862165604,98476
2013-09-20,12.727889862165604,12.784908666198953,12.530105016846974,12.59171040780061,50000
2013-09-23,12.59171040780061,12.661287705077072,12.400638427138698,12.491694701158066,88379
2013-09-24,12.491694701158066,12.627139607121881,12.41061386338867,12.538693805870206,50000
2013-09-25,12.538693805870206,12.64221471326439,12.479069799669647,12.59728317152134,61123
2013-09-26,12.59728317152134,12.73785087605747,12.44532864058423,12.55438779473695,50000
2013-09-27,12.55438779473695,12.646580568767211,12.488771936294151,12.545133269005868,85354
2013-09-30,12.545133269005868,12.69629466330884,12.539340271700528,12.582652186847419,50000
2013-10-01,12.582652186847419,12.944334632889023,12.576557400910477,12.879839836257885,59696
2013-10-02,12.879839836257885,12.91639580878115,12.503217076133716,12.633564823925925,50000
2013-10-03,12.633564823925925,12.772756975868084,12.534919936243915,12.68056292906062,50000
2013-10-04,12.68056292906062,12.77963790569791,12.665675600225073,12.753820489053288,67895
2013-10-07,12.753820489053288,12.879973725275354,12.702789713799389,12.719255904497032,80350
2013-10-08,12.719255904497032,12.854628634528337,12.612269324122378,12.815681757496463,50000
2013-10-09,12.815681757496463,12.950183510279976,12.701201595633076,12.915588824945855,50000
2013-10-10,12.915588824945855,13.191377323589796,12.882558431979879,13.17659306036649,50000
2013-10-11,13.17659306036649,13.805906156554439,13.120632513768141,13.762306943483086,50000
2013-10-14,13.762306943483086,13.841656284893233,13.713804704837262,13.76388810893481,129543
2013-10-15,13.76388810893481,14.002125890355448,13.745956360753413,13.900218339031635,50000
2013-10-16,13.900218339031635,13.973627865699251,13.741683632941134,13.827814574722888,50000
2013-10-17,13.827814574722888,13.91830740980005,13.638583824731688,13.650691428483194,52533
2013-10-18,13.650691428483194,13.969709476913136,13.533577816374983,13.868795415924662,50000
2013-10-21,13.868795415924662,14.648490532945354,13.83431421819606,14.590640145998224,55198
2013-10-22,14.590640145998224,15.021514339221117,14.474465802695054,14.96184394334852,195214
2013-10-23,14.96184394334852,15.48158783583064,14.92581664714461,15.416076994193991,50000
2013-10-24,15.416076994193991,15.60222663073694,15.403752552615103,15.58449935470932,50000
2013-10-25,15.58449935470932,15.915876721493717,15.484000701747085,15.813878461628425,50000
2013-10-28,15.813878461628425,16.02435092751683,15.713587341099975,15.94480817911338,77201
2013-10-29,15.94480817911338,16.03840875113015,15.641867925701044,15.730208666600959,75467
2013-10-30,15.730208666600959,15.830856956582,15.715800551233212,15.78137746440819,89664
2013-10-31,15.78137746440819,15.963538052439596,15.780385636054284,15.875975399813825,50853
2013-11-01,15.875975399813825,15.91545423486214,15.585316977564805,15.679112531377447,50000
2013-11-04,15.679112531377447,15.75886905642569,15.579995286433693,15.624725779458606,170826
2013-11-05,15.624725779458606,15.741977240793076,15.350869459238814,15.4771695963774,51507
2013-11-06,15.4771695963774,15.654886149130526,15.408077238307115,15.593193999470715,50000
2013-11-07,15.593193999470715,15.682245590683346,15.2984862004108,15.386202527301453,50000
2013-11-08,15.386202527301453,15.411049238029827,15.168847352691758,15.328542279992933,50000
2013-11-11,15.328542279992933,15.467678408803827,15.27515977889463,15.347055662632988,50000
2013-11-12,15.347055662632988,15.504176938897759,15.297857159976745,15.39293929557238,50000
2013-11-13,15.39293929557238,15.667491665983095,15.32633342856139,15.562206057462102,50000
2013-11-14,15.562206057462102,15.7194151806069,15.406391015773737,15.690976004651528,50247
2013-11-15,15.690976004651528,15.79170318545325,15.481559031476593,15.55089369512972,97040
2013-11-18,15.55089369512972,15.739373833448298,15.476901431343132,15.514109767299054,50000
2013-11-19,15.514109767299054,15.597773485613734,15.31309308517632,15.505100883648328,60956
2013-11-20,15.505100883648328,15.541665456688012,15.031191680523234,15.129686242589441,65274
2013-11-21,15.129686242589441,15.1998839105208,14.969367013155496,14.996858485489495,50000
2013-11-22,14.996858485489495,15.11420990940422,14.987313399379872,15.113337169356727,50000
2013-11-25,15.113337169356727,15.124433773984876,15.053627354950295,15.056400540347195,50000
2013-11-26,15.056400540347195,15.087523878740319,14.86035266453288,14.89526064862218,50000
2013-11-27,14.89526064862218,15.041546114364708,14.702379292610729,14.79925509199708,87784
2013-11-28,14.79925509199708,14.965294153448083,14.74342975356908,14.943048743610259,50000
2013-11-29,14.943048743610259,15.119476337898515,14.85027792053907,14.944304290382679,64251
2013-12-02,14.944304290382679,15.05319767401816,14.924979637520153,15.017699134069606,50000
2013-12-03,15.017699134069606,15.084015773804298,14.933423434647187,15.015504475628205,50000
2013-12-04,15.015504475628205,15.30500100824633,14.956379127691681,15.24449382795619,50000
2013-12-05,15.24449382795619,15.325069455349471,14.611961541213267,14.741205473324063,50000
2013-12-06,14.741205473324063,14.75893798626143,14.302577662713071,14.49199028283202,50000
2013-12-09,14.49199028283202,14.624728656076925,14.117093648862287,14.154929711216232,50000
2013-12-10,14.154929711216232,14.2271243238788,13.976402453359327,14.176310831273753,50000
2013-12-11,14.176310831273753,14.369916705761398,13.998954553751306,14.32533023914656,50000
2013-12-12,14.32533023914656,14.546304337064091,14.292386975199307,14.542535657164363,50000
2013-12-13,14.542535657164363,14.939814086328962,14.476380739273518,14.865457925265499,50000
2013-12-16,14.865457925265499,14.927604720243584,14.672623330984656,14.808686020399772,50000
2013-12-17,14.808686020399772,14.863902820439899,14.27996816192345,14.332071805139101,50000
2013-12-18,14.332071805139101,14.447509113809163,14.285053765186545,14.372945293404788,68350
2013-12-19,14.372945293404788,14.744994961090525,14.299864371281709,14.602107406196195,50000
2013-12-20,14.602107406196195,14.603195596949881,14.221772194064746,14.295938490520331,50000
2013-12-23,14.295938490520331,14.65156449258851,14.260793694747598,14.613868728345743,69712
2013-12-24,14.613868728345743,15.077753428462088,14.541673195448547,15.061798812801419,50000
2013-12-25,15.061798812801419,15.499445261236636,14.91753680853156,15.386716653556848,110564
2013-12-26,15.386716653556848,15.573353499880286,15.378912852763282,15.536040537692015,50000
2013-12-27,15.536040537692015,15.537252446593756,15.05522883435054,15.290263245718842,54325
2013-12-30,15.290263245718842,15.323788095771238,15.078930088689315,15.243707516634519,100265
2013-12-31,15.243707516634519,15.442858870142008,15.240469788803194,15.29160999938648,50000
2014-01-01,15.29160999938648,15.29912889185578,14.928733188941234,15.017299912554211,50000
2014-01-02,15.017299912554211,15.088514139702067,14.579939211813219,14.614212479620688,50000
2014-01-03,14.614212479620688,14.62634383594916,14.0943745801853,14.131209540349412,50000
2014-01-06,14.131209540349412,14.13211681337555,13.909419133738274,14.013189690745033,50000
2014-01-07,14.013189690745033,14.196645128051596,13.969031757166576,14.095827504638898,51273
2014-01-08,14.095827504638898,14.625859489406777,13.945208448471615,14.569673957161564,53101
2014-01-09,14.569673957161564,14.95171062574565,14.489599580279085,14.833572902858387,50000
2014-01-10,14.833572902858387,14.857201099226279,14.613806528102941,14.774624782364844,180282
2014-01-13,14.774624782364844,14.864649652621116,14.501733761164932,14.512960654084399,50000
2014-01-14,14.512960654084399,14.624344616120503,14.50261649038057,14.58219472064438,148485
2014-01-15,14.58219472064438,14.859393097082078,14.429280421267489,14.761844079467794,50000
2014-01-16,14.761844079467794,14.765743926448597,14.522615820454579,14.532319814752785,50000
2014-01-17,14.532319814752785,14.976772337060488,14.445560045084688,14.81372261090208,50000
2014-01-20,14.81372261090208,14.883828855237956,14.72295459326719,14.771164066827115,50000
2014-01-21,14.771164066827115,15.052116496091342,14.748828389133845,14.90772995441605,50000
2014-01-22,14.90772995441605,15.16090652399258,14.885415995428934,15.115426089033425,50000
2014-01-23,15.115426089033425,15.201460284092947,14.971054107897379,15.021106619057726,50000
2014-01-24,15.021106619057726,15.2054292100587,14.969804896764188,15.12923810924758,50000
2014-01-27,15.12923810924758,15.655789293593966,15.080602652113253,15.597511948556306,50000
2014-01-28,15.597511948556306,15.613759732807361,15.348932391914941,15.560769306934471,50000
2014-01-29,15.560769306934471,16.166265280121017,15.520961895991464,16.045007358224456,76752
2014-01-30,16.045007358224456,16.244013960651873,15.92442140607347,16.073356288958507,50000
2014-01-31,16.073356288958507,16.132917871741803,15.982485396386933,16.03222622686311,50000
2014-02-03,16.03222622686311,16.128455736726423,15.632608039675443,15.654299724230816,50000
2014-02-04,15.654299724230816,15.751641879097296,15.606589762928857,15.653905080548796,103850
2014-02-05,15.653905080548796,15.905148550876143,15.567451864458581,15.901861632579472,61860
2014-02-06,15.901861632579472,16.273274071089837,15.869273138370161,16.134783370237884,59591
2014-02-07,16.134783370237884,16.394451825997326,16.0655910039949,16.271584300786795,50000
2014-02-10,16.271584300786795,16.37294633493662,16.148773552525306,16.161722603836488,50000
2014-02-11,16.161722603836488,16.23314731973627,16.138316956907317,16.15809426374379,126111
2014-02-12,16.15809426374379,16.21107237602254,16.042359423646054,16.079759860196692,50000
2014-02-13,16.079759860196692,16.137652641327765,15.544259952428073,15.687585470600657,74590
2014-02-14,15.687585470600657,15.74637904401122,15.64558794518775,15.66389998758908,50000
2014-02-17,15.66389998758908,16.07953101608124,15.622212136957287,16.035768515059384,59205
2014-02-18,16.035768515059384,16.761864560346414,16.013830891532212,16.581160711962493,50000
2014-02-19,16.581160711962493,16.596131223211284,16.371601503631734,16.52159621450007,50000
2014-02-20,16.52159621450007,16.75983977779183,16.343128276282958,16.575445411366697,138388
2014-02-21,16.575445411366697,16.82169843515244,16.55303897576076,16.78412884429431,52218
2014-02-24,16.78412884429431,17.10665225155925,16.5596632834119,16.697456414656187,56103
2014-02-25,16.697456414656187,16.914007540850804,16.631133154009447,16.899103952252574,67109
2014-02-26,16.899103952252574,17.016606458655712,16.896296659241084,16.91883573713142,69719
2014-02-27,16.91883573713142,17.275185991938127,16.81074768505609,17.040414423097072,50000
2014-02-28,17.040414423097072,17.15199707904654,17.03899550487577,17.1112437372277,99940
2014-03-03,17.1112437372277,17.165407859817876,16.839039235941737,16.924927745506437,94696
2014-03-04,16.924927745506437,16.937884766185466,16.431003985388948,16.530645300882377,50000
2014-03-05,16.530645300882377,16.919868297434373,16.470094275051988,16.729114708657924,74474
2014-03-06,16.729114708657924,16.890202166151713,16.677746937194108,16.690755256638205,50000
2014-03-07,16.690755256638205,16.838338146855452,16.58101671501441,16.71658432591454,57852
2014-03-10,16.71658432591454,16.823802783759007,16.413367168422248,16.537456848085778,50000
2014-03-11,16.537456848085778,16.79638564784727,16.448941410283474,16.68355918732973,62378
2014-03-12,16.68355918732973,16.895866789852093,16.676152734005054,16.82095436615296,84683
2014-03-13,16.82095436615296,16.935977174684172,16.38791602552729,16.546081336652577,123649
2014-03-14,16.546081336652577,16.90448547654589,16.45869824571581,16.78593534824829,88649
2014-03-17,16.78593534824829,16.816124854473323,16.581352647982076,16.738564179117475,50000
2014-03-18,16.738564179117475,16.779470897905274,16.4725536086381,16.671176988835956,59989
2014-03-19,16.671176988835956,16.98323959104564,16.635871629846303,16.936768678328576,50000
2014-03-20,16.936768678328576,17.218051310148116,16.91852876424721,17.1211275737041,50000
2014-03-21,17.1211275737041,17.253020981175755,16.97526304104161,17.17605876551993,50000
2014-03-24,17.17605876551993,17.590761118787874,17.123898735943996,17.42154118549775,50000
2014-03-25,17.42154118549775,17.793857546556332,17.41830038207875,17.748466335347164,50000
2014-03-26,17.748466335347164,17.76132364029151,17.52504424937945,17.642882717868606,50000
2014-03-27,17.642882717868606,17.654642984391803,17.54018671606137,17.647282108971716,50000
2014-03-28,17.647282108971716,17.684301701147444,17.541002514255453,17.62089027180394,50000
2014-03-31,17.62089027180394,17.708455973766082,17.21352319242454,17.24106779361854,50000
2014-04-01,17.24106779361854,17.409587382243114,17.005048631744426,17.09008554553535,64471
2014-04-02,17.09008554553535,17.409019974223376,16.97593575246495,17.403701712298,50000
2014-04-03,17.403701712298,17.71544113059575,17.331765160411678,17.714136997105022,50000
2014-04-04,17.714136997105022,18.068344515785128,17.578292225921135,18.023907205048037,50000
2014-04-07,18.023907205048037,18.214605720239234,17.827631547141287,17.9037122426146,50000
2014-04-08,17.9037122426146,17.977222256133576,17.556574776319607,17.577845845783422,56081
2014-04-09,17.577845845783422,17.85208230410249,17.47761977516034,17.827084938403694,50000
2014-04-10,17.827084938403694,17.92697396864525,17.524642418635434,17.54279325781472,50000
2014-04-11,17.54279325781472,17.978474384723096,17.514169565917925,17.716469892230926,50000
2014-04-14,17.716469892230926,18.21920234242428,17.67859336415439,18.15615554424349,54684
2014-04-15,18.15615554424349,18.325192378276387,17.855290838610447,17.909346608785906,56655
2014-04-16,17.909346608785906,18.006545159299,17.481793173767564,17.643701793,52311
2014-04-17,17.643701793,17.687304164448534,17.353039404301395,17.449537696222905,50000
2014-04-18,17.449537696222905,17.512683734183085,17.365445408310013,17.38946890209524,50000
2014-04-21,17.38946890209524,17.61206758820825,17.27412620293541,17.49042478699453,89525
2014-04-22,17.49042478699453,17.745340634565885,17.413171131823663,17.6601753550462,50000
2014-04-23,17.6601753550462,17.99200750592123,17.50140557636681,17.90417081305727,50965
2014-04-24,17.90417081305727,18.53231021083747,17.611681858626014,18.393323790874007,50000
2014-04-25,18.393323790874007,18.582170300239124,18.34918284043606,18.375684039179948,50000
2014-04-28,18.375684039179948,18.619042386196796,18.252549915572374,18.49211560232,50000
2014-04-29,18.49211560232,18.613409969154965,18.40938505385727,18.54741795747741,51050
2014-04-30,18.54741795747741,18.730350071449287,18.468856855922926,18.626583685031893,70428
2014-05-01,18.626583685031893,18.676522418790622,18.100489972723306,18.182093353596034,68982
2014-05-02,18.182093353596034,18.325381590910197,18.101204464026985,18.161149896892205,86370
2014-05-05,18.161149896892205,18.308492907756982,17.941721513787613,18.206915359618012,50000
2014-05-06,18.206915359618012,18.26013970135376,17.940043161769996,18.01766351823551,50000
2014-05-07,18.01766351823551,18.46343758589937,17.994418971835152,18.444267298994234,59574
2014-05-08,18.444267298994234,18.526448487546915,18.333509409663055,18.339440717842656,50000
2014-05-09,18.339440717842656,18.954834004884415,18.26133448240362,18.749934372238574,142408
2014-05-12,18.749934372238574,19.01681248771374,18.661440975979332,18.94357224607621,50000
2014-05-13,18.94357224607621,19.338668965731237,18.670400178596115,18.794190053354257,50000
2014-05-14,18.794190053354257,18.847764482764042,18.678178808480922,18.737531367961616,50000
2014-05-15,18.737531367961616,18.77945952337171,18.232959332178112,18.299781588869443,102259
2014-05-16,18.299781588869443,18.449621649091895,18.212887591948963,18.22962169546775,50000
2014-05-19,18.22962169546775,18.273388210144933,17.70084708987679,17.727325681541043,50000
2014-05-20,17.727325681541043,17.732831021470844,16.799150534443314,16.871532259797892,50000
2014-05-21,16.871532259797892,16.93614647403176,16.79015863888526,16.840254358054548,63603
2014-05-22,16.840254358054548,16.981995741250458,16.67514907100074,16.852430397347415,54581
2014-05-23,16.852430397347415,16.94535709127097,16.810342924926008,16.892724934013817,50000
2014-05-26,16.892724934013817,17.073405626973784,16.840546853664936,16.912678426614963,81451
2014-05-27,16.912678426614963,17.085985452379354,16.870416162234108,16.925774680358497,50000
2014-05-28,16.925774680358497,17.112536085637156,16.89716563767745,16.96028866636782,50000
2014-05-29,16.96028866636782,17.438695000798248,16.881866687092856,17.43057125233389,54257
2014-05-30,17.43057125233389,17.69808318958298,17.31074918858622,17.632684143916347,50000
2014-06-02,17.632684143916347,17.882092099391276,17.522808976054343,17.833483355293662,64570
2014-06-03,17.833483355293662,18.136248603752698,17.72794780022128,18.107197761396975,95983
2014-06-04,18.107197761396975,18.279906221519035,17.821802749751768,17.98845399807819,50000
2014-06-05,17.98845399807819,18.037855932418474,17.926945244131538,18.01226575366888,50000
2014-06-06,18.01226575366888,18.07917222051429,17.736924194435225,17.818579427707196,84124
2014-06-09,17.818579427707196,17.924098690711563,17.740228641730617,17.884078022038484,50000
2014-06-10,17.884078022038484,17.953558301951336,17.668098024895812,17.705234580137258,116431
2014-06-11,17.705234580137258,17.80621886521019,17.228502849744476,17.243043927268907,50000
2014-06-12,17.243043927268907,17.290744095476466,16.980202399593825,16.981275159812654,50000
2014-06-13,16.981275159812654,17.007695945336927,16.422304976078784,16.538918365613124,50000
2014-06-16,16.538918365613124,16.628840923618064,16.243473901427816,16.278634294046345,50000
2014-06-17,16.278634294046345,16.38207863499671,16.19465571101299,16.196681851869855,50000
2014-06-18,16.196681851869855,16.231194724119714,15.733331954420995,15.782389996097127,50000
2014-06-19,15.782389996097127,15.80699350790874,15.448573206349735,15.55114407516908,50000
2014-06-20,15.55114407516908,15.590747433846538,15.43268248803107,15.563876116058772,114166
2014-06-23,15.563876116058772,16.376733095612465,15.508652932576098,16.268114899971085,50000
2014-06-24,16.268114899971085,16.622211430319723,16.12553353511153,16.35818400230413,62647
2014-06-25,16.35818400230413,16.666633556043767,16.200119362155018,16.657913986135707,112077
2014-06-26,16.657913986135707,16.791708399357454,16.52010161000892,16.73833616622084,50000
2014-06-27,16.73833616622084,16.805047051329076,16.247295956934185,16.317345441196583,50000
2014-06-30,16.317345441196583,16.366224977439003,15.448082857984508,15.622172148598871,71235
2014-07-01,15.622172148598871,15.770675235852012,15.557626235412782,15.635815332306802,70579
2014-07-02,15.635815332306802,15.678230798768283,15.13540248736865,15.15479156184557,50000
2014-07-03,15.15479156184557,15.3004082096962,14.854299981623987,14.90888220364143,112828
2014-07-04,14.90888220364143,14.9381760272168,14.380178711698802,14.450407377753226,52688
2014-07-07,14.450407377753226,14.513723044079699,14.218548304023033,14.24235679814965,52653
2014-07-08,14.24235679814965,14.246490841502402,14.095379794732695,14.138772566244045,50000
2014-07-09,14.138772566244045,14.22978877722517,13.935025741497116,14.115817941771846,50000
2014-07-10,14.115817941771846,14.222977721117356,14.09205744809813,14.111850481622378,50000
2014-07-11,14.111850481622378,14.138478579059228,13.529940034230673,13.585748193665362,50000
2014-07-14,13.585748193665362,13.621892211368776,13.562121883571916,13.594650496701501,50000
2014-07-15,13.594650496701501,14.09656337966271,13.534488416635563,13.862095908729257,127963
2014-07-16,13.862095908729257,13.909999824598206,13.846589049410458,13.908550394322758,50000
2014-07-17,13.908550394322758,14.022252364498447,13.907508771423782,13.93062175005425,50000
2014-07-18,13.93062175005425,14.009585275907105,13.400352501925775,13.565976571851973,65861
2014-07-21,13.565976571851973,13.742782899412834,13.559408191113834,13.58518879753323,50000
2014-07-22,13.58518879753323,13.651955055890285,13.479962211923048,13.520273347122124,112067
2014-07-23,13.520273347122124,13.723169805877932,13.43738666055575,13.692633410829533,50000
2014-07-24,13.692633410829533,13.853855254494814,13.573879766596127,13.712665877156926,50000
2014-07-25,13.712665877156926,14.160455659986418,13.676467990536556,14.110646169219706,50000
2014-07-28,14.110646169219706,14.366462839711645,14.089133972738157,14.267068244713915,50000
2014-07-29,14.267068244713915,14.72648407219472,14.205725856519948,14.704868972047809,50000
2014-07-30,14.704868972047809,15.002063721430607,14.656182383889128,14.998400886540773,50000
2014-07-31,14.998400886540773,15.623127847518091,14.816016966672924,15.587684931944274,50000
2014-08-01,15.587684931944274,16.265329553829,15.553707799733209,16.154103437584343,50000
2014-08-04,16.154103437584343,16.436281397357273,16.136750707652258,16.29571539150422,50000
2014-08-05,16.29571539150422,16.335455586816497,15.912825427083042,16.069170507875747,70801
2014-08-06,16.069170507875747,16.07762665960914,15.916384865197388,15.986865014995244,50000
2014-08-07,15.986865014995244,16.115910201008514,15.624979416259643,15.798058317688136,50000
2014-08-08,15.798058317688136,15.97774061552459,15.673082663215775,15.812237216619248,64858
2014-08-11,15.812237216619248,15.861721439719876,15.433127589746258,15.673010561843318,50000
2014-08-12,15.673010561843318,15.706190958717276,15.260073902967475,15.27346683914403,50000
2014-08-13,15.27346683914403,15.519612400726203,15.217715855335237,15.455423879031452,50000
2014-08-14,15.455423879031452,15.570012098213052,15.2233288525527,15.267975684149954,50000
2014-08-15,15.267975684149954,15.269989696653536,15.103710161961333,15.175366443823062,50000
2014-08-18,15.175366443823062,15.40245444096154,15.08669977461269,15.319654309656675,50000
2014-08-19,15.319654309656675,15.45167458321465,15.052888767932993,15.074395159761144,50000
2014-08-20,15.074395159761144,15.56367609998444,15.011681131338648,15.510724151592008,50000
2014-08-21,15.510724151592008,15.730769835515535,15.509386410756672,15.622421489870364,50000
2014-08-22,15.622421489870364,15.723182915698771,15.493275083794051,15.640952292972603,50000
2014-08-25,15.640952292972603,15.737516678954712,15.468857279865746,15.52719691931039,94624
2014-08-26,15.52719691931039,16.066001477380702,15.425615360657746,15.94049228973806,63585
2014-08-27,15.94049228973806,16.167735367675327,15.875169153558709,16.076251271932378,220873
2014-08-28,16.076251271932378,16.19749169820833,15.46660142939271,15.510594398038297,119095
2014-08-29,15.510594398038297,15.645072186973804,15.393596224364341,15.418899492528729,50000
2014-09-01,15.418899492528729,15.45056069813955,15.354949893583186,15.411521432154458,142660
2014-09-02,15.411521432154458,15.414200218443655,14.929800582441597,14.961598121146979,50000
2014-09-03,14.961598121146979,15.08933452202484,14.18897620330177,14.479525513542152,50000
2014-09-04,14.479525513542152,14.8934827365817,14.446813839076523,14.75088196347237,50000
2014-09-05,14.75088196347237,14.793614862805924,14.671597300837014,14.777836901514746,55567
2014-09-08,14.777836901514746,15.375640741809164,14.746630307789562,15.351901838596875,203069
2014-09-09,15.351901838596875,15.522361876692834,15.236034141206543,15.449957947383057,50000
2014-09-10,15.449957947383057,15.913947163191585,15.418468567811486,15.795598408066367,50000
2014-09-11,15.795598408066367,15.961354266879821,15.762143324154883,15.955658113519611,105053
2014-09-12,15.955658113519611,16.13050215299229,15.894424899720192,16.057964855812354,50000
2014-09-15,16.057964855812354,16.316453508529943,16.022249581485795,16.163760490340174,50000
2014-09-16,16.163760490340174,16.266622594361557,16.118347138475247,16.127727323238506,50000
2014-09-17,16.127727323238506,16.721792237716766,16.011841618035824,16.640180151530583,50000
2014-09-18,16.640180151530583,16.90593570598611,16.60177629379892,16.773053657594332,50000
2014-09-19,16.773053657594332,17.020721895947123,16.570490436001073,16.973930492378972,56358
2014-09-22,16.973930492378972,17.055308075225174,16.343244208534717,16.534534521098895,100772
2014-09-23,16.534534521098895,16.611350852437603,16.18077737005705,16.20663751307468,69976
2014-09-24,16.20663751307468,16.240187408765852,15.81118770434935,16.029893044561703,50000
2014-09-25,16.029893044561703,16.291234825515737,15.944392924571382,16.13073195727091,50000
2014-09-26,16.13073195727091,16.251634507956055,15.776970785088182,15.79796832398361,50000
2014-09-29,15.79796832398361,15.889670372300317,15.637813609057085,15.746054933429425,50000
2014-09-30,15.746054933429425,16.04812650262351,15.641021314538369,16.011395314197628,52651
2014-10-01,16.011395314197628,16.02679353392285,15.96741921729658,15.984190153319963,50000
2014-10-02,15.984190153319963,16.45673709094995,15.925022395493631,16.413974692477396,80781
2014-10-03,16.413974692477396,16.823186342333813,16.37156852175481,16.766907059271922,50000
2014-10-06,16.766907059271922,16.812671411154003,16.325516740025606,16.481630770385003,57216
2014-10-07,16.481630770385003,17.146628316277052,16.438468082810072,17.01599804496518,50000
2014-10-08,17.01599804496518,17.241124798829645,16.87033475993398,17.16041477667782,91013
2014-10-09,17.16041477667782,17.260033530864774,17.11496818330724,17.234580564922133,68581
2014-10-10,17.234580564922133,17.934810222110702,17.120904482842505,17.83459310948117,82826
2014-10-13,17.83459310948117,18.048481956518085,17.831667857604064,18.013479886592716,50000
2014-10-14,18.013479886592716,18.03613797277681,17.800213023668242,17.88001107624987,50000
2014-10-15,17.88001107624987,17.95569963809585,17.853150953061075,17.933820485227354,50000
2014-10-16,17.933820485227354,17.978082017081913,17.53664833374631,17.710296662603923,50000
2014-10-17,17.710296662603923,18.23761120552052,17.6803270056126,18.182320340969266,67262
2014-10-20,18.182320340969266,18.43631453818303,18.102288609817833,18.21671945906993,57709
2014-10-21,18.21671945906993,18.377866743498576,17.68734905883146,17.9239049617306,158243
2014-10-22,17.9239049617306,18.132699980886528,17.914297173779598,18.022094868122498,50000
2014-10-23,18.022094868122498,18.116524741017894,17.836463991995174,17.888960175616152,50000
2014-10-24,17.888960175616152,18.299607512389738,17.76558616380393,18.167927215618118,127957
2014-10-27,18.167927215618118,18.266717195892255,17.905395248334077,17.988065236622734,97052
2014-10-28,17.988065236622734,18.31928929181394,17.877992551483008,18.12977823885722,50000
2014-10-29,18.12977823885722,18.430203843618504,18.010809097141045,18.41821894858558,50000
2014-10-30,18.41821894858558,18.449214050450042,18.037320014345536,18.05829769183981,50000
2014-10-31,18.05829769183981,18.55790282116311,17.860937820515137,18.378364543392003,50000
2014-11-03,18.378364543392003,18.4069669897366,17.947332770234127,18.120260588786344,50000
2014-11-04,18.120260588786344,18.476053367444642,18.059620524516625,18.472141908695214,50000
2014-11-05,18.472141908695214,18.71330974065333,18.45629863236091,18.500072325378298,50000
2014-11-06,18.500072325378298,18.530944364503675,18.23024449607613,18.31141414636114,124740
2014-11-07,18.31141414636114,18.52345751955305,18.223045982533172,18.384094173034853,100866
2014-11-10,18.384094173034853,18.555592458500403,18.29344573319183,18.539787289187874,50000
2014-11-11,18.539787289187874,18.556500808867533,18.27933051635747,18.3601934736869,50000
2014-11-12,18.3601934736869,18.704463817221445,18.232054624255852,18.676749644768957,50000
2014-11-13,18.676749644768957,18.77013183556736,18.567760793305844,18.625033297998485,56805
2014-11-14,18.625033297998485,18.91486163558271,18.497226371284626,18.884570414821308,50000
2014-11-17,18.884570414821308,19.268953173930797,18.8032310801942,19.168243637005222,50000
2014-11-18,19.168243637005222,19.235612284721384,19.1544042234999,19.208893825355513,76047
2014-11-19,19.208893825355513,19.619118787222632,19.17462367050477,19.29214083245733,50000
2014-11-20,19.29214083245733,19.29364136941879,19.08890846427625,19.10194019282173,50000
2014-11-21,19.10194019282173,19.226489850699114,18.9460660678085,19.124772958645018,50000
2014-11-24,19.124772958645018,19.56809659501776,19.078149875051782,19.50131061803247,50000
2014-11-25,19.50131061803247,19.886284410177993,19.3334041204378,19.852480943226013,50000
2014-11-26,19.852480943226013,19.98817456270955,19.797608594594635,19.960332228523406,50000
2014-11-27,19.960332228523406,19.977850323049783,19.86599332255785,19.91101515126158,50000
2014-11-28,19.91101515126158,20.27954281752194,19.823632674069774,20.234886465040443,50000
2014-12-01,20.234886465040443,20.3600734111156,19.560246456607768,19.601461498420324,50000
2014-12-02,19.601461498420324,19.6127065830738,18.880274611701974,19.121400375587523,188339
2014-12-03,19.121400375587523,19.636518711469574,18.85727259850807,19.34630948961916,50000
2014-12-04,19.34630948961916,19.46944429547529,19.30468810951113,19.341693180868777,60255
2014-12-05,19.341693180868777,19.581365966944436,19.314932631893438,19.460764509851916,50000
2014-12-08,19.460764509851916,19.501530995339568,19.09824954533216,19.098319360216667,50000
2014-12-09,19.098319360216667,19.22670950107862,19.08648524249932,19.1473310359889,50000
2014-12-10,19.1473310359889,19.51216141901337,19.02135742160094,19.43420142792718,84344
2014-12-11,19.43420142792718,19.52008019220117,19.075512110326198,19.20619185961152,50000
2014-12-12,19.20619185961152,19.481125561779436,18.972233097061125,19.112194014581153,50000
2014-12-15,19.112194014581153,19.201702023232155,18.84757800365975,18.984685066551712,50000
2014-12-16,18.984685066551712,19.3975145951523,18.736303534258433,19.251889295204638,50000
2014-12-17,19.251889295204638,19.417745610241468,18.951993563920265,19.1575009930044,63634
2014-12-18,19.1575009930044,19.384678844664943,18.902542379467633,18.95781027651558,50000
2014-12-19,18.95781027651558,19.10959245527982,18.724137542731427,19.079387218691984,50000
2014-12-22,19.079387218691984,19.08748257827047,18.6498700146358,18.762673096711673,75017
2014-12-23,18.762673096711673,18.863543267750003,18.727938708962668,18.8408134915632,50000
2014-12-24,18.8408134915632,18.867029351974764,18.465182286371334,18.597288303411318,50000
2014-12-25,18.597288303411318,18.73065921148884,18.454593184355755,18.57127990427645,51039
2014-12-26,18.57127990427645,18.646654692127626,18.497827380904724,18.630111762938125,70773
2014-12-29,18.630111762938125,18.719772800830018,18.270061213176618,18.297573931402635,50000
2014-12-30,18.297573931402635,18.851248820828268,18.19699278723113,18.78420148565616,50000
2014-12-31,18.78420148565616,19.047832684597267,18.70370418898539,19.012166756037505,58946
2015-01-01,19.012166756037505,19.074120429141548,18.683038481116625,18.703018550442614,50000
2015-01-02,18.703018550442614,18.76121009432441,18.138236299887453,18.16553085869829,50000
2015-01-05,18.16553085869829,18.1673974460407,17.780142619133155,17.88418679895254,50000
2015-01-06,17.88418679895254,18.125153473218024,17.817000463060094,18.06135140261451,50000
2015-01-07,18.06135140261451,18.143296695017153,17.575300293373907,17.613620269778604,53994
2015-01-08,17.613620269778604,17.89502186847071,17.583941625560932,17.81359097914331,50000
2015-01-09,17.81359097914331,18.027163072459082,17.65260312942306,17.66132493709293,66495
2015-01-12,17.66132493709293,17.982937121854697,17.637018328834657,17.847051855962384,50000
2015-01-13,17.847051855962384,18.126944279517822,17.766745193566233,18.022155355562074,52322
2015-01-14,18.022155355562074,18.081505397326957,17.60594417259396,17.81118063020379,50000
2015-01-15,17.81118063020379,18.026163490875224,17.576761925203776,18.02525822656784,50000
2015-01-16,18.02525822656784,18.72497218952245,17.849411170212726,18.58766541649113,52650
2015-01-19,18.58766541649113,18.690359131497104,18.471405346676544,18.688871621256034,79183
2015-01-20,18.688871621256034,18.82936810119662,18.631022632656535,18.664663130797667,50000
2015-01-21,18.664663130797667,18.669012002719406,18.450663373906515,18.483828512151792,50000
2015-01-22,18.483828512151792,18.904498174828436,18.429142330610578,18.737505601735652,50000
2015-01-23,18.737505601735652,18.808243588345867,18.600499014654222,18.60466273791204,50000
2015-01-26,18.60466273791204,18.77021133608484,18.315909700269657,18.323280173720622,125941
2015-01-27,18.323280173720622,18.330040174291184,17.767652509700323,18.151702642206114,74650
2015-01-28,18.151702642206114,18.278497925077215,17.779592463023,17.976723574424994,50000
2015-01-29,17.976723574424994,18.052386768676993,17.885369632154397,18.01154975063433,50000
2015-01-30,18.01154975063433,18.34018261870567,17.987992964008164,18.23046257995632,58382
2015-02-02,18.23046257995632,18.50410044910323,18.178374211901495,18.463483969667795,50000
2015-02-03,18.463483969667795,18.49585466416246,18.050448666527412,18.06621097998935,57610
2015-02-04,18.06621097998935,18.27819722630667,18.01997772221034,18.250945144863223,50000
2015-02-05,18.250945144863223,18.664135332848424,18.22812666457116,18.629058183741147,100772
2015-02-06,18.629058183741147,18.689402295884943,18.122363453278084,18.192762614814733,50000
2015-02-09,18.192762614814733,18.200937397902745,17.765802924631473,17.861613604904818,93944
2015-02-10,17.861613604904818,18.58928781709754,17.77481907355153,18.518446149945042,51481
2015-02-11,18.518446149945042,18.574794774244392,18.434205821320294,18.548521924237427,50000
2015-02-12,18.548521924237427,18.57791904300881,18.50243111970894,18.54210666893665,50000
2015-02-13,18.54210666893665,19.002936216244958,18.491296545085632,18.912618352963428,125344
2015-02-16,18.912618352963428,19.00264558064637,18.858156416570626,18.971214959235795,78668
2015-02-17,18.971214959235795,19.26343776078973,18.843805696819462,19.206230836732537,50000
2015-02-18,19.206230836732537,19.987010063962096,19.20563694354667,19.82704169023432,50000
2015-02-19,19.82704169023432,19.8804038595728,19.560051805058308,19.565209364055033,50000
2015-02-20,19.565209364055033,19.604245705581747,19.125827479451527,19.251233088188197,65573
2015-02-23,19.251233088188197,19.774114345667943,19.25099493435979,19.486657019430336,50000
2015-02-24,19.486657019430336,19.608699008014227,19.101667305137894,19.259619568819108,56973
2015-02-25,19.259619568819108,19.270353488094262,18.835600671323597,18.968252969782068,50000
2015-02-26,18.968252969782068,19.049492515150234,18.84542310893155,18.94985283541253,50000
2015-02-27,18.94985283541253,19.51900876520935,18.80690587285579,19.353899129475717,55466
2015-03-02,19.353899129475717,19.725614175519688,19.146580306969575,19.570854483010738,50000
2015-03-03,19.570854483010738,19.640869537858443,19.28992272803462,19.45718588055194,63437
2015-03-04,19.45718588055194,19.60756053652866,19.431199036224147,19.55957563652655,50000
2015-03-05,19.55957563652655,19.64746642506147,19.450905198442797,19.464796978597363,50000
2015-03-06,19.464796978597363,19.61831951617617,19.365384831926935,19.40476167219343,50000
2015-03-09,19.40476167219343,19.890845251891395,19.390038906771032,19.847026157817666,50000
2015-03-10,19.847026157817666,20.0058990707776,19.600667388687786,19.78928035985428,310374
2015-03-11,19.78928035985428,20.146971462093465,19.5430838989913,19.979743501700035,50000
2015-03-12,19.979743501700035,20.6220302836235,19.854388095280985,20.489453461767223,50000
2015-03-13,20.489453461767223,20.69683592072504,20.2992574808568,20.680930291911395,50000
2015-03-16,20.680930291911395,20.983008769616667,20.565083174885448,20.81806851407327,89437
2015-03-17,20.81806851407327,21.01313963440206,20.499925322970963,20.571525806934474,50000
2015-03-18,20.571525806934474,20.614754879906574,20.057741393288886,20.124019083311676,50000
2015-03-19,20.124019083311676,20.194059565012335,19.91478952253258,20.019838245522923,50000
2015-03-20,20.019838245522923,20.354867427393458,19.89191483089742,20.190483798611137,54316
2015-03-23,20.190483798611137,20.925265003495806,20.174822566698193,20.902981143268526,50000
2015-03-24,20.902981143268526,20.94979419530595,20.27573881939356,20.52813474535849,60655
2015-03-25,20.52813474535849,21.06267491363787,20.444014881169874,20.838120501405637,50000
2015-03-26,20.838120501405637,20.944695887541904,20.82562426284544,20.871550319192046,50000
2015-03-27,20.871550319192046,21.063956791981592,20.821484234181604,20.977913762038995,50000
2015-03-30,20.977913762038995,21.063626499480478,20.710911330385148,20.77010745776492,50000
2015-03-31,20.77010745776492,21.3041111949171,20.65177329095521,21.0969873594901,50000
2015-04-01,21.0969873594901,21.68563434945598,20.926407762686146,21.479882216264553,50000
2015-04-02,21.479882216264553,21.50512769230127,21.39849589796856,21.493307498459675,50000
2015-04-03,21.493307498459675,21.55565110300465,20.96950264188038,21.143392651628332,50000
2015-04-06,21.143392651628332,21.370313503979684,21.13452121114513,21.280671008193195,51464
2015-04-07,21.280671008193195,21.39632621438096,21.073268387212213,21.171813289802433,50000
2015-04-08,21.171813289802433,21.329676933921757,20.741322535586246,20.751966570054538,50000
2015-04-09,20.751966570054538,20.79544080549171,20.56638210635887,20.785134465830428,50000
2015-04-10,20.785134465830428,21.327337877969185,20.690176998319036,21.181503413836552,77459
2015-04-13,21.181503413836552,21.412673527824378,21.061471001898486,21.30373799596456,50000
2015-04-14,21.30373799596456,21.43172001194303,21.21550160765472,21.345407582178282,50000
2015-04-15,21.345407582178282,21.3993883648314,21.269943506830366,21.374060495660313,194095
2015-04-16,21.374060495660313,21.806312640050663,21.174370677190844,21.723500172655285,50000
2015-04-17,21.723500172655285,22.476360566189143,21.685122367470008,22.33693620613752,50000
2015-04-20,22.33693620613752,22.38361802508472,21.717769014275945,21.94671544986259,50000
2015-04-21,21.94671544986259,22.098941695936855,21.621638147637274,21.922162067649413,50000
2015-04-22,21.922162067649413,22.110975983578516,21.75818132582201,21.782724974614442,50000
2015-04-23,21.782724974614442,21.825213063915825,20.975332775306853,21.246354012433283,50000
2015-04-24,21.246354012433283,21.59819469994092,21.212477493423346,21.468789158547384,50000
2015-04-27,21.468789158547384,22.10486733500373,21.375952396202603,22.071845579919867,86040
2015-04-28,22.071845579919867,22.165003627621456,21.576684622325434,21.7063171026765,50000
2015-04-29,21.7063171026765,21.716827447334424,21.64139507231881,21.69535108723925,50000
2015-04-30,21.69535108723925,21.706344116109072,21.484629327495828,21.51123063195616,50000
2015-05-01,21.51123063195616,21.68733798169512,21.39931221452083,21.578819321637805,50000
2015-05-04,21.578819321637805,22.208826446485084,21.337313718168726,22.05301903078335,50000
2015-05-05,22.05301903078335,22.262893215499677,22.02421524367415,22.261694295651363,50000
2015-05-06,22.261694295651363,22.50417880902017,22.218849728416046,22.30193048123127,90881
2015-05-07,22.30193048123127,22.4576549740489,22.1701676241395,22.33385529756117,50000
2015-05-08,22.33385529756117,23.0257201738144,22.11461538298853,22.951259672691297,50000
2015-05-11,22.951259672691297,23.01516388810869,22.671483144796085,22.760510667038748,50000
2015-05-12,22.760510667038748,23.02740121919973,22.694676316215524,22.999764963208232,81511
2015-05-13,22.999764963208232,23.260864971280615,22.99720012829555,23.21299536613541,50000
2015-05-14,23.21299536613541,23.24451953077205,22.947166356137863,23.078362680492464,50000
2015-05-15,23.078362680492464,23.629350102890914,22.917529769020565,23.530049020344272,50000
2015-05-18,23.530049020344272,23.661135980849938,23.2267799791709,23.593172791845056,50000
2015-05-19,23.593172791845056,23.736697323004265,23.324476505722416,23.328945778039827,50000
2015-05-20,23.328945778039827,23.482408211339532,23.31656878284119,23.404393432468865,118345
2015-05-21,23.404393432468865,23.65862158888885,23.340229437053093,23.505284997339643,50000
2015-05-22,23.505284997339643,23.898306479438833,23.38080065156305,23.66682969322897,50000
2015-05-25,23.66682969322897,23.941958883170532,23.497558453057234,23.880482727892996,50000
2015-05-26,23.880482727892996,24.132664291246193,23.4796957572214,23.824353084684873,50000
2015-05-27,23.824353084684873,24.068956617958783,23.784887694659815,24.04682023773375,50000
2015-05-28,24.04682023773375,24.316904532740697,23.9957617500133,24.313748832651356,50000
2015-05-29,24.313748832651356,24.418809147649267,24.088579568805926,24.16236385995014,50000
2015-06-01,24.16236385995014,24.74998066973832,23.90267790687363,24.739046896491644,53290
2015-06-02,24.739046896491644,24.753095533791203,24.53529163957713,24.53824850875455,50000
2015-06-03,24.53824850875455,24.839324511158413,24.51957484014962,24.686706887983565,50000
2015-06-04,24.686706887983565,24.822248316668386,24.63085596498546,24.820425674914482,90743
2015-06-05,24.820425674914482,24.89514463671389,24.48108358030015,24.56638288719924,66080
2015-06-08,24.56638288719924,25.15347188297775,24.523633970857432,24.92274565488747,50000
2015-06-09,24.92274565488747,25.068341920935726,24.810403882598003,25.05464343695391,50000
2015-06-10,25.05464343695391,25.438947490579487,24.881387404282304,25.43726457497097,50000
2015-06-11,25.43726457497097,25.54490495659112,25.301628456205197,25.461713679229042,50000
2015-06-12,25.461713679229042,26.002963228887843,25.363518456912256,25.60194659227015,56510
2015-06-15,25.60194659227015,25.643188183354198,25.38582797931107,25.51594598563066,59647
2015-06-16,25.51594598563066,25.529068949275125,25.290282107633253,25.44410341522632,50000
2015-06-17,25.44410341522632,25.789416444008754,25.340852669159453,25.717399413348318,74825
2015-06-18,25.717399413348318,25.857794553975396,25.50447280644581,25.85457000054252,50000
2015-06-19,25.85457000054252,25.886860535655757,25.582166514837866,25.66969085672978,50000
2015-06-22,25.66969085672978,25.727390640733994,25.359118551612347,25.438121844717845,61279
2015-06-23,25.438121844717845,25.57879173334834,25.06098608602677,25.26223117885022,50000
2015-06-24,25.26223117885022,25.847639345683863,25.256418304910103,25.76456922842329,50000
2015-06-25,25.76456922842329,26.316256003491613,25.486443013166117,26.08808778263614,50000
2015-06-26,26.08808778263614,26.492493434204565,26.04616453202205,26.341134219047568,50000
2015-06-29,26.341134219047568,26.52115100004469,25.659522991531905,25.911890524611525,59293
2015-06-30,25.911890524611525,25.950122232315458,25.635024742128614,25.750234657666894,50000
2015-07-01,25.750234657666894,25.806291381821055,25.602617252759458,25.700773682516328,59179
2015-07-02,25.700773682516328,25.73310265637434,25.574890920633763,25.676141027353303,50000
2015-07-03,25.676141027353303,26.007032925197734,25.61303713428224,25.96264899165031,50000
2015-07-06,25.96264899165031,26.024617955310863,25.88440462062192,25.986563434649142,50000
2015-07-07,25.986563434649142,26.073310926743677,24.768918529838153,25.02933664294499,50000
2015-07-08,25.02933664294499,25.112705863061105,24.609495825120547,24.86415534119434,50000
2015-07-09,24.86415534119434,25.556981082584283,24.856608192149018,25.3304694062352,205714
2015-07-10,25.3304694062352,25.645260240945476,25.13793459068358,25.349283506638685,50000
2015-07-13,25.349283506638685,25.501642529893225,25.31216619618517,25.40307887020247,50000
2015-07-14,25.40307887020247,25.417860053741553,24.840308734864564,24.90493072397229,50000
2015-07-15,24.90493072397229,25.201147389511323,24.669670037876333,25.16940523424347,50000
2015-07-16,25.16940523424347,25.338439361616725,25.043492588794596,25.323894773401655,50000
2015-07-17,25.323894773401655,25.521626493539827,25.028993950944724,25.139178099756275,50000
2015-07-20,25.139178099756275,25.692883622253678,25.08278738942944,25.49102999536122,50000
2015-07-21,25.49102999536122,26.119211524641205,25.40137611333984,25.89539010742852,50000
2015-07-22,25.89539010742852,25.97053087434381,25.7268849917937,25.75559030589437,50000
2015-07-23,25.75559030589437,25.818651862357658,25.64074613469311,25.713851833679,50000
2015-07-24,25.713851833679,25.993055257490557,25.46518630901844,25.836520294300268,50000
2015-07-27,25.836520294300268,25.86200002946153,25.695947219440484,25.849017127168413,50000
2015-07-28,25.849017127168413,25.86096934685253,25.62693947800452,25.76563448973528,100648
2015-07-29,25.76563448973528,25.968225559874757,25.717648378265757,25.73950321883876,50000
2015-07-30,25.73950321883876,26.523054297130134,25.636555336634103,26.414687790003498,91185
2015-07-31,26.414687790003498,27.00591978907734,26.25908862645954,26.904754691347726,50000
2015-08-03,26.904754691347726,27.445676994865238,26.810346521770622,27.422675777149852,50000
2015-08-04,27.422675777149852,27.862369728010897,27.40516471555625,27.806296269903427,50000
2015-08-05,27.806296269903427,28.595638210271716,27.788903262398424,28.33475059788753,50000
2015-08-06,28.33475059788753,28.470753913274443,28.169560884444344,28.37080135873913,50000
2015-08-07,28.37080135873913,28.597221178932156,27.815015707278036,28.156002165909914,50000
2015-08-10,28.156002165909914,28.26657597451822,27.86065146382343,27.957888138035187,74143
2015-08-11,27.957888138035187,28.036922183758538,27.708318999350475,27.850903859543894,50000
2015-08-12,27.850903859543894,28.387688394482957,27.834167414841378,28.230287539885968,52452
2015-08-13,28.230287539885968,28.315327367823038,27.779592168305868,28.275360203696277,58231
2015-08-14,28.275360203696277,28.677997661656807,28.2635520222826,28.542996447975774,50000
2015-08-17,28.542996447975774,28.84714874223252,28.167181112386416,28.35922248288018,50000
2015-08-18,28.35922248288018,28.555900570488674,27.49234857288786,27.7221888658178,50000
2015-08-19,27.7221888658178,27.904670172256278,27.383952761785757,27.52720301197097,109797
2015-08-20,27.52720301197097,27.762864174140788,27.105303724402123,27.136941529476545,50000
2015-08-21,27.136941529476545,27.565574503574815,27.027058622894828,27.19508321509316,50000
2015-08-24,27.19508321509316,27.683029990151347,27.104461962025997,27.644022785296436,50000
2015-08-25,27.644022785296436,27.66657121221891,27.33669353316301,27.4902012172904,50000
2015-08-26,27.4902012172904,27.628849621202683,26.915306618661766,27.025509142383587,50000
2015-08-27,27.025509142383587,27.31558314176976,26.99564349450847,27.003511229166914,65566
2015-08-28,27.003511229166914,27.059347821330068,26.581204083658907,26.632404146806003,50000
2015-08-31,26.632404146806003,27.056228040504898,26.420928408072136,26.882676712476876,50000
2015-09-01,26.882676712476876,27.000724745358742,26.452859922161085,26.702354304990138,50000
2015-09-02,26.702354304990138,26.777555715484127,26.610030134608433,26.72126010426026,102347
2015-09-03,26.72126010426026,27.24620969962006,26.66743173587006,27.172270461552273,50000
2015-09-04,27.172270461552273,27.220614939395432,27.031634556742606,27.1028250137408,50000
2015-09-07,27.1028250137408,27.136220401564582,26.986830033938066,27.09347603778312,51429
2015-09-08,27.09347603778312,27.249150539218512,26.548573538686846,26.768493507026115,50000
2015-09-09,26.768493507026115,26.851800474810812,26.640795914490393,26.7465211528578,114062
2015-09-10,26.7465211528578,26.796113165496912,26.71787405263444,26.79028671768743,50000
2015-09-11,26.79028671768743,26.830646451338755,26.457912231172855,26.56793482454827,50000
2015-09-14,26.56793482454827,26.91468259916956,26.442700686166337,26.902788442582295,50000
2015-09-15,26.902788442582295,27.100056934911798,26.639492682923404,26.812850857680576,50000
2015-09-16,26.812850857680576,26.995285481073964,26.78290829324059,26.818764385319984,54881
2015-09-17,26.818764385319984,26.86076685510441,26.585206547965864,26.63541683484334,50000
2015-09-18,26.63541683484334,26.73300603734084,26.514594932932642,26.54536175758306,77833
2015-09-21,26.54536175758306,26.684439389614383,26.389184814690246,26.498728643922533,56481
2015-09-22,26.498728643922533,26.686444731324013,26.04538049640463,26.116053689338514,50000
2015-09-23,26.116053689338514,26.17414903922716,25.971522174575806,25.988738227368977,50000
2015-09-24,25.988738227368977,26.307441103115732,25.983583428426012,26.02937005423924,50000
2015-09-25,26.02937005423924,26.111484258033606,25.826739424564227,25.94021290215051,50000
2015-09-28,25.94021290215051,26.24949456159273,25.77850231809604,26.151173744792768,50000
2015-09-29,26.151173744792768,26.307323886436798,25.759451084517625,25.76818491264239,99708
2015-09-30,25.76818491264239,25.93629651098348,25.749096423997642,25.8381446226618,50000
2015-10-01,25.8381446226618,26.422655865008394,25.602094100731122,25.960603080562702,72051
2015-10-02,25.960603080562702,26.211653191793125,25.676289967765175,25.776887941070054,50948
2015-10-05,25.776887941070054,25.876086821173782,25.355448845770965,25.60292804614143,50000
2015-10-06,25.60292804614143,25.86270436179918,25.57946872822994,25.67351458961755,67381
2015-10-07,25.67351458961755,25.895985320718722,25.512308923268197,25.578108172039787,50000
2015-10-08,25.578108172039787,25.69322590592248,25.437084451085397,25.495907694572292,50000
2015-10-09,25.495907694572292,25.94049767482404,25.490393375835453,25.799501829131962,50000
2015-10-12,25.799501829131962,25.93276514703515,25.486180804678323,25.540398824421672,63804
2015-10-13,25.540398824421672,25.91356162900565,25.504987208079086,25.738500885708252,50000
2015-10-14,25.738500885708252,25.86289018235743,25.616986991540944,25.862528522419893,50000
2015-10-15,25.862528522419893,25.895694355722537,25.73605896730592,25.794022911640738,50000
2015-10-16,25.794022911640738,25.970639552905535,25.785797730956936,25.892316806937107,53840
2015-10-19,25.892316806937107,25.991797196350422,25.74583577526101,25.81608155994295,147823
2015-10-20,25.81608155994295,26.19534633929255,25.777901587437434,26.120666631733915,50000
2015-10-21,26.120666631733915,26.386575209956703,25.72518610171471,25.901353279206106,60624
2015-10-22,25.901353279206106,26.221757060409157,25.347012533166932,25.382883170892324,50000
2015-10-23,25.382883170892324,25.56769942913508,25.32036872746146,25.504793205520304,50000
2015-10-26,25.504793205520304,25.59321527854896,25.335384710080895,25.56085543763891,50000
2015-10-27,25.56085543763891,26.08773176936717,25.534595018991354,25.896569994447635,50000
2015-10-28,25.896569994447635,26.047069827882687,25.618481361157695,25.71783410159782,68235
2015-10-29,25.71783410159782,25.95369850003657,25.25685023146797,25.36862353828945,50000
2015-10-30,25.36862353828945,25.40764328950071,25.2021766228395,25.267515247646628,50000
2015-11-02,25.267515247646628,25.289190336572723,24.678220222247536,24.893436302833063,84657
2015-11-03,24.893436302833063,24.96801823068256,24.687434242965686,24.72850698558616,50000
2015-11-04,24.72850698558616,25.01651652057371,24.06955321186742,24.399696073516658,50000
2015-11-05,24.399696073516658,24.551026955142365,23.631636628691655,23.809268673784317,50000
2015-11-06,23.809268673784317,24.23984101343489,23.75316801898385,24.158935789140497,50000
2015-11-09,24.158935789140497,24.315084248835266,24.001867273248845,24.311762558284016,50000
2015-11-10,24.311762558284016,24.41311677916898,23.82860993846388,23.943025056945004,50000
2015-11-11,23.943025056945004,24.01957855793805,23.654760219036383,23.818534816677104,50000
2015-11-12,23.818534816677104,24.058035402881845,23.77933935474161,23.955990985217035,72674
2015-11-13,23.955990985217035,23.972567092189955,23.797789308844457,23.91060951868626,50000
2015-11-16,23.91060951868626,24.234335030617935,23.742393801484752,24.07480244568615,55715
2015-11-17,24.07480244568615,24.375123584376514,24.03823669767436,24.281125628662277,50000
2015-11-18,24.281125628662277,24.370485282776745,23.97124884449568,24.11432553144631,71808
2015-11-19,24.11432553144631,25.09326951127664,24.04049569369603,24.744781941840422,50000
2015-11-20,24.744781941840422,24.91066011907282,24.618104249864903,24.87444615792479,85258
2015-11-23,24.87444615792479,25.4206867640671,24.770417122992612,25.307505171436954,50000
2015-11-24,25.307505171436954,25.30754073404614,24.57805771876452,24.729791666424756,55134
2015-11-25,24.729791666424756,24.82203036476665,24.4489653324153,24.550363124751257,50000
2015-11-26,24.550363124751257,24.8505192737973,24.400472071964032,24.80916583525015,84509
2015-11-27,24.80916583525015,25.010721684236135,24.65296913502268,24.90303236379338,144492
2015-11-30,24.90303236379338,25.126760422800363,24.83448897427208,25.072056867036157,67394
2015-12-01,25.072056867036157,25.343941793919857,24.862990630571748,24.94180351553343,78481
2015-12-02,24.94180351553343,25.012568396781127,24.513266399961598,24.626236739712652,50000
2015-12-03,24.626236739712652,25.106100022515555,24.516824760147358,24.89114568334577,64136
2015-12-04,24.89114568334577,24.92524127219648,24.261492421871083,24.435363226361346,70906
2015-12-07,24.435363226361346,24.492995233038826,23.886029158169023,23.935834444005526,50000
2015-12-08,23.935834444005526,24.006079709596616,23.718297758057115,23.762771229386836,50000
2015-12-09,23.762771229386836,23.892650899824634,23.490898469759962,23.525944473617713,50000
2015-12-10,23.525944473617713,23.55783070006775,23.387526698905532,23.514257023276365,89372
2015-12-11,23.514257023276365,23.640902584290565,23.191773272429675,23.306260630889287,53755
2015-12-14,23.306260630889287,23.493164582428886,22.621701746780168,22.71810439772469,50000
2015-12-15,22.71810439772469,22.93594625808604,22.383590283734474,22.66881412964199,50000
2015-12-16,22.66881412964199,22.73897348097137,22.493283355246916,22.70845580631977,50000
2015-12-17,22.70845580631977,22.938683981559226,22.28975467072613,22.4145376732597,50000
2015-12-18,22.4145376732597,22.435075349723647,21.76181251633227,21.961284710612183,50000
2015-12-21,21.961284710612183,22.179200996406696,21.352021040524434,21.516093475078538,50000
2015-12-22,21.516093475078538,21.969244710679888,21.451086060537666,21.876393528819083,68553
2015-12-23,21.876393528819083,22.19817755904589,21.68367799930643,22.147385556850203,50000
2015-12-24,22.147385556850203,22.275129395628415,21.333698798223843,21.63867062124814,50000
2015-12-25,21.63867062124814,21.998201120830903,21.119119085830317,21.231806964071573,50000
2015-12-28,21.231806964071573,21.267151725460803,21.01364738114108,21.11938719120708,80489
2015-12-29,21.11938719120708,21.125973491897128,20.655998073720045,20.805916343983142,53654
2015-12-30,20.805916343983142,20.95547701792279,20.07201932080685,20.173769887122056,98057
2015-12-31,20.173769887122056,20.237487478229443,19.750151914104325,19.973694580144254,93463
2016-01-01,19.973694580144254,20.005421751776897,19.680615729829555,19.761522055476892,50000
2016-01-04,19.761522055476892,19.77607319714865,19.412184019782188,19.552156407874442,50000
2016-01-05,19.552156407874442,19.900189181262963,19.53140991004637,19.792964341336557,67775
2016-01-06,19.792964341336557,20.17568052414963,19.691414367353453,20.095733688033068,50000
2016-01-07,20.095733688033068,20.178391981544834,19.6834681949685,19.804210033256734,50000
2016-01-08,19.804210033256734,19.833617593187398,19.637852963579483,19.696416525020915,50000
2016-01-11,19.696416525020915,19.96680991437034,19.6726964536462,19.67983623427024,50000
2016-01-12,19.67983623427024,20.024620814678297,19.49880853646834,20.01074236147517,50000
2016-01-13,20.01074236147517,20.067456709129818,19.829554368443475,19.958631834331673,50000
2016-01-14,19.958631834331673,20.100534838453207,19.886458728071748,19.98279184787342,50000
2016-01-15,19.98279184787342,19.9870249082438,19.665301025029066,19.809801659541375,50000
2016-01-18,19.809801659541375,20.083803015293558,19.69909904433029,19.837282001399377,100892
2016-01-19,19.837282001399377,20.343836946146872,19.82208605559426,20.104588194745926,94454
2016-01-20,20.104588194745926,20.128998160593458,19.70459694449758,19.80018313717853,50000
2016-01-21,19.80018313717853,19.939969380370588,19.737564065131345,19.911546260017086,50000
2016-01-22,19.911546260017086,20.291578519763238,19.78797309286387,20.27111182374964,76027
2016-01-25,20.27111182374964,20.416806705591068,20.17808311851133,20.374440568797404,112300
2016-01-26,20.374440568797404,20.75150276503765,20.268672774997302,20.699151340717393,50000
2016-01-27,20.699151340717393,20.796040929203983,20.55858455521974,20.654119204795812,68950
2016-01-28,20.654119204795812,20.83602661082223,20.631581292467253,20.781132539138543,55566
2016-01-29,20.781132539138543,20.803503670585332,19.97132379862909,20.015924678292052,50000
2016-02-01,20.015924678292052,20.035204999231144,19.351095040592575,19.451464809093846,54607
2016-02-02,19.451464809093846,19.663224651990173,19.204863492468267,19.63598483173142,78216
2016-02-03,19.63598483173142,19.768639967118645,19.46184631045038,19.534440832061634,164793
2016-02-04,19.534440832061634,19.704504721479747,19.52873897480038,19.6676218429791,182112
2016-02-05,19.6676218429791,19.727262799654287,19.268570218825495,19.349719788126922,83105
2016-02-08,19.349719788126922,19.379468537550498,19.117158287355977,19.14411231808958,79172
2016-02-09,19.14411231808958,19.630832220859237,18.983422867459613,19.395245814542932,79001
2016-02-10,19.395245814542932,19.407878649654215,19.240612227599925,19.281233283243427,51519
2016-02-11,19.281233283243427,19.454754353387006,19.194631163348674,19.38082958904329,50000
2016-02-12,19.38082958904329,19.75958496218536,19.25628221491276,19.7221575413248,50000
2016-02-15,19.7221575413248,19.904521381859063,19.62551158721371,19.880904031996344,50000
2016-02-16,19.880904031996344,20.458800133101292,19.821613411464053,20.354419142475425,53151
2016-02-17,20.354419142475425,21.16895090173821,20.338262267512825,21.12984888614571,50000
2016-02-18,21.12984888614571,21.261996800686656,20.940188948432784,21.002685023375786,50000
2016-02-19,21.002685023375786,21.0839938095694,20.92446437467526,21.03774283177359,50000
2016-02-22,21.03774283177359,21.195308276987074,20.85140551388679,20.967472746133758,50000
2016-02-23,20.967472746133758,21.012305659018754,20.726446757316058,20.93688967940124,187908
2016-02-24,20.93688967940124,21.03989818645137,20.279982352897427,20.322057096229056,51035
2016-02-25,20.322057096229056,20.68695616794116,20.292668892737744,20.465816176244072,93973
2016-02-26,20.465816176244072,20.571190791731983,20.382378038318993,20.529949584994185,50000
2016-02-29,20.529949584994185,20.698915421196446,20.42562319129824,20.69721526266782,50203
2016-03-01,20.69721526266782,20.80762872433665,20.674339102012798,20.73183641839985,95318
2016-03-02,20.73183641839985,21.173603632699027,20.669115986016397,21.094809772118325,50000
2016-03-03,21.094809772118325,21.1869301276227,20.629849429283382,20.74624844507017,50000
2016-03-04,20.74624844507017,21.105257050235785,20.62103880769152,20.961227696243842,50000
2016-03-07,20.961227696243842,21.093794005484312,20.759070761038533,20.798631706635597,55748
2016-03-08,20.798631706635597,20.84310095912834,20.65717554584987,20.666414321509325,63149
2016-03-09,20.666414321509325,20.889113591371782,20.656040379241762,20.844588803840534,50000
2016-03-10,20.844588803840534,20.90365062902118,20.713883824784258,20.735517154009376,79945
2016-03-11,20.735517154009376,21.17945086067193,20.565382205771023,21.09045822232652,116189
2016-03-14,21.09045822232652,21.627321110734126,20.953612506134128,21.496848526331917,50000
2016-03-15,21.496848526331917,21.823307103637884,20.86246972466593,21.02670875047377,50000
2016-03-16,21.02670875047377,21.539635759445435,20.956198520971625,21.49952274890049,233503
2016-03-17,21.49952274890049,21.60750337295282,20.93450253677716,20.979222173328665,50000
2016-03-18,20.979222173328665,21.6359028051055,20.969294626898524,21.427043870885687,50000
2016-03-21,21.427043870885687,21.56615544977175,21.415524800080494,21.4870768392804,50000
2016-03-22,21.4870768392804,22.027008135776796,21.427305214405113,21.970411698140364,50000
2016-03-23,21.970411698140364,22.218486916170722,21.906864212963193,22.123096067665024,160456
2016-03-24,22.123096067665024,22.129998394668895,22.079248429538232,22.083400180762382,50000
2016-03-25,22.083400180762382,22.300449196646856,22.007138752961566,22.13953294336673,87633
2016-03-28,22.13953294336673,22.262138768527414,21.58826812018514,21.6479292324201,50000
2016-03-29,21.6479292324201,22.31477432936317,21.617292673360442,22.243929917443346,50000
2016-03-30,22.243929917443346,22.252272360790663,21.5736767413485,21.76244656641411,50000
2016-03-31,21.76244656641411,21.9213010305261,21.60505610420476,21.914890670394847,57523
2016-04-01,21.914890670394847,22.014092367177422,21.47869033797328,21.48152898361012,79679
2016-04-04,21.48152898361012,21.5410817788025,20.995025911866104,21.191807155752453,50000
2016-04-05,21.191807155752453,21.319382056035455,20.94847221668049,21.075712968721493,50000
2016-04-06,21.075712968721493,21.100658829568417,20.85824731705346,20.900911176025772,50000
2016-04-07,20.900911176025772,20.979067617036026,20.728382848414753,20.767264737596143,160109
2016-04-08,20.767264737596143,21.087625793556843,20.599486744879364,20.97437828685746,50000
2016-04-11,20.97437828685746,21.01458421267129,20.12600814113364,20.23383564480616,50000
2016-04-12,20.23383564480616,20.431851603047466,20.146709939591894,20.34063399305214,52789
2016-04-13,20.34063399305214,20.369963499899345,20.22304428888362,20.34991481452941,50000
2016-04-14,20.34991481452941,20.630975997951,20.27131239166889,20.508882044981114,66632
2016-04-15,20.508882044981114,20.608721213327165,20.288587523106745,20.29064748359318,50000
2016-04-18,20.29064748359318,20.55640794930324,20.260273310715267,20.517715317067207,76571
2016-04-19,20.517715317067207,20.655679419031905,20.00420999530942,20.14040750630864,50000
2016-04-20,20.14040750630864,20.37867926777747,20.064044146932716,20.356338668586577,50000
2016-04-21,20.356338668586577,20.422689771202624,20.115647538129394,20.2297864619534,50000
2016-04-22,20.2297864619534,20.348617157785284,20.188342006300754,20.32875973400269,58666
2016-04-25,20.32875973400269,20.41246802635424,20.060226441791976,20.075979225172052,74362
2016-04-26,20.075979225172052,20.163595487364596,19.876269568722595,20.041979853457846,54400
2016-04-27,20.041979853457846,20.259452739692147,19.55736137174781,19.598248256711056,50000
2016-04-28,19.598248256711056,19.696471353106517,19.428772019262126,19.44693383514656,50000
2016-04-29,19.44693383514656,19.74929227054801,19.170507983972982,19.395596795900396,50000
2016-05-02,19.395596795900396,20.03783859557537,19.321779920045714,19.82949511393744,50000
2016-05-03,19.82949511393744,19.941116839669267,19.602438356900993,19.859362812421825,123544
2016-05-04,19.859362812421825,19.906502673593835,19.372760066294575,19.57952373309498,50000
2016-05-05,19.57952373309498,19.65679681994488,19.553413146423907,19.614250864854455,50000
2016-05-06,19.614250864854455,19.717417606833017,19.236048646688754,19.248366253663374,50000
2016-05-09,19.248366253663374,19.786514472663757,19.15782376620772,19.655733299878463,50000
2016-05-10,19.655733299878463,19.764556088800283,19.333723744960803,19.376131948387236,77735
2016-05-11,19.376131948387236,19.486155646036757,19.362058267038257,19.43728923314775,50000
2016-05-12,19.43728923314775,19.77505678100206,19.347255663060963,19.767998312729084,99985
2016-05-13,19.767998312729084,20.708791441831387,19.632581582552366,20.57206886460966,60769
2016-05-16,20.57206886460966,20.636811133495133,20.341323607927922,20.48026739260624,55940
2016-05-17,20.48026739260624,20.721242548006277,20.431359431830515,20.62968443119901,58876
2016-05-18,20.62968443119901,21.42308730823129,20.516870866976582,21.152179104832197,78911
2016-05-19,21.152179104832197,21.588607137668163,21.00800606280189,21.51859485142658,50000
2016-05-20,21.51859485142658,21.72242427554605,21.47361392528242,21.562436767699346,50000
2016-05-23,21.562436767699346,21.709698914819114,21.544466392982187,21.54526375016591,102046
2016-05-24,21.54526375016591,21.56147782524196,21.439554653580174,21.547808677276453,50000
2016-05-25,21.547808677276453,21.881605095310874,21.536219710700234,21.860123155333962,63438
2016-05-26,21.860123155333962,22.084234769480016,21.477828523176303,21.626481273543554,50000
2016-05-27,21.626481273543554,21.818040620617026,21.435025737574023,21.774130739885205,50000
2016-05-30,21.774130739885205,21.807453265081012,21.059533093519015,21.278872301603386,289924
2016-05-31,21.278872301603386,21.54622696084538,21.25543162366888,21.440790784332453,50000
2016-06-01,21.440790784332453,21.54933668220857,21.275814798390385,21.342604801910124,71813
2016-06-02,21.342604801910124,21.422053770577417,21.23634693057478,21.322691978502032,50000
2016-06-03,21.322691978502032,21.575465416454165,21.029718700117666,21.140498756050892,50000
2016-06-06,21.140498756050892,21.36257875094894,21.11301744242484,21.31488424817265,71565
2016-06-07,21.31488424817265,21.353623612122984,21.21142852737427,21.293319226752494,50000
2016-06-08,21.293319226752494,21.330534221326026,20.992113233961295,21.033019123633423,50000
2016-06-09,21.033019123633423,21.34111897464799,21.00327545903875,21.029662019677478,50000
2016-06-10,21.029662019677478,21.209001259570016,20.753860272679145,20.810584009465945,50000
2016-06-13,20.810584009465945,20.902326627691647,20.529102776615364,20.57748290989775,50000
2016-06-14,20.57748290989775,20.588792782854636,20.17430843320113,20.50401829532562,62481
2016-06-15,20.50401829532562,21.07336227198731,20.352302430349447,20.900192938772403,50000
2016-06-16,20.900192938772403,20.9990196159743,20.88486978672883,20.927236833762176,50000
2016-06-17,20.927236833762176,21.042561483857607,20.674797400755313,21.006545863470155,50000
2016-06-20,21.006545863470155,21.093282193926786,20.394358312455175,20.79405597165442,85074
2016-06-21,20.79405597165442,21.096970552921633,20.717005791916435,21.03030180094188,50000
2016-06-22,21.03030180094188,21.1595232712786,20.968429972936995,21.034945200727226,50000
2016-06-23,21.034945200727226,21.44839513029903,20.99638417124641,21.331471533100395,50000
2016-06-24,21.331471533100395,21.887015230817486,21.320515813367,21.63957818554946,50000
2016-06-27,21.63957818554946,21.67002949301296,21.31821397599654,21.394337865693593,53861
2016-06-28,21.394337865693593,21.45419867435731,20.586737123435892,20.606655312254286,123139
2016-06-29,20.606655312254286,20.85422546778342,20.514374623439227,20.7655216981046,50000
2016-06-30,20.7655216981046,20.827366678687824,20.142847212992887,20.226251678974766,50000
2016-07-01,20.226251678974766,20.294185686034876,19.904974832232895,19.947093132697418,50000
2016-07-04,19.947093132697418,20.275808203809696,19.81435742392611,19.937867185717174,50000
2016-07-05,19.937867185717174,20.154944604948795,19.832539277535673,20.152763989166928,56319
2016-07-06,20.152763989166928,20.239969934529984,19.441141289755063,19.499458052349816,232550
2016-07-07,19.499458052349816,19.873203177609337,19.395847256562234,19.816633698136943,50000
2016-07-08,19.816633698136943,19.9852345342594,19.63300339251351,19.65403212031707,50000
2016-07-11,19.65403212031707,19.676733019877286,19.3373326915472,19.361474786529286,50000
2016-07-12,19.361474786529286,19.72144800297263,19.223787921102918,19.70068073466512,115991
2016-07-13,19.70068073466512,19.737035958329468,18.885744268323045,18.922626730850897,52455
2016-07-14,18.922626730850897,19.463756956092052,18.898411184757382,19.4083436102959,50000
2016-07-15,19.4083436102959,20.197341235320142,19.294703599793433,20.12259109354618,50000
2016-07-18,20.12259109354618,20.204878384044562,20.011118270230934,20.026949727760204,76275
2016-07-19,20.026949727760204,20.37062223010991,19.863645796616506,20.31663837949493,52409
2016-07-20,20.31663837949493,20.45789245287553,20.05084446642275,20.182941409549862,50000
2016-07-21,20.182941409549862,20.309410353085468,20.105429732724076,20.14258094058341,50000
2016-07-22,20.14258094058341,20.382626762709187,19.53584698209648,19.797307193576245,50000
2016-07-25,19.797307193576245,19.9786272584996,19.371650238694013,19.543776201956867,60893
2016-07-26,19.543776201956867,19.586951234515542,19.423902220425273,19.513549027806306,106627
2016-07-27,19.513549027806306,19.64639081380125,19.150291131340538,19.355981833994573,50000
2016-07-28,19.355981833994573,19.53104619304014,18.70921036101508,18.71075881889152,50000
2016-07-29,18.71075881889152,19.21255835553579,18.653034813983652,19.141228128320602,50000
2016-08-01,19.141228128320602,19.367361711311066,18.899666021241025,19.03130723096405,115934
2016-08-02,19.03130723096405,19.07598461861909,18.619356780490147,18.672870166624364,50000
2016-08-03,18.672870166624364,19.02672476844646,18.604013898544338,19.02186360777641,50000
2016-08-04,19.02186360777641,19.07529174440461,18.15588573578243,18.308120838268145,59547
2016-08-05,18.308120838268145,18.49452738646777,18.303675007946286,18.445350273531176,50000
2016-08-08,18.445350273531176,18.581389718637038,17.72495045146811,17.88485064268632,50000
2016-08-09,17.88485064268632,18.16525520088061,17.806274267244916,18.080087244329615,50000
2016-08-10,18.080087244329615,18.226102731363643,18.071650538393367,18.190288613420112,56457
2016-08-11,18.190288613420112,18.54953654890387,18.171198832162837,18.50352559771653,50000
2016-08-12,18.50352559771653,18.685614429913173,18.479873727206613,18.612562567367323,50000
2016-08-15,18.612562567367323,18.646480364381148,18.144681753904983,18.23893736562757,309780
2016-08-16,18.23893736562757,18.258842436514417,17.57003679267538,17.618926498846292,52117
2016-08-17,17.618926498846292,17.919302367560594,17.55047920931422,17.89666304767173,50000
2016-08-18,17.89666304767173,18.23435310486661,17.80296411394347,18.07851169287067,79880
2016-08-19,18.07851169287067,18.08092930420331,17.867089565953446,17.971665784957807,59413
2016-08-22,17.971665784957807,18.22392185967829,17.810922824381606,18.21068582831693,50000
2016-08-23,18.21068582831693,18.532749920353076,17.889932196670348,17.917554410549844,64640
2016-08-24,17.917554410549844,18.009331795432292,17.183412013756936,17.26185263207267,50000
2016-08-25,17.26185263207267,17.315026458706033,17.023875530399447,17.156223836590723,50000
2016-08-26,17.156223836590723,17.480664021921775,17.095424544460244,17.351604421848705,50000
2016-08-29,17.351604421848705,17.465932007290416,17.08095278538698,17.24876543477193,50000
2016-08-30,17.24876543477193,17.2880616453366,16.960991891517036,17.05108587880366,133483
2016-08-31,17.05108587880366,17.064299040135765,16.381324392950308,16.56918953373042,50000
2016-09-01,16.56918953373042,16.632118324702972,16.15094346342126,16.156659978759183,50000
2016-09-02,16.156659978759183,16.39082572897267,15.644868599969863,15.778259476820034,50000
2016-09-05,15.778259476820034,15.874403816572077,15.508446925745773,15.54440227562594,50000
2016-09-06,15.54440227562594,15.632703897166165,15.385788360332652,15.521523098760841,50000
2016-09-07,15.521523098760841,15.542147338538634,15.331166482720237,15.369451859724695,50000
2016-09-08,15.369451859724695,15.379267447219387,15.203951070683255,15.26188884976623,50000
2016-09-09,15.26188884976623,15.35958599065048,15.15819429655511,15.271627679090999,50000
2016-09-12,15.271627679090999,15.32383032537162,15.04719495913328,15.132239193293195,51557
2016-09-13,15.132239193293195,15.257000882219915,14.992681227793662,14.998341291269726,50000
2016-09-14,14.998341291269726,15.056671709968123,14.750998732449418,14.771402323466924,50000
2016-09-15,14.771402323466924,15.117728416030477,14.706435465091651,15.087937668060597,50000
2016-09-16,15.087937668060597,15.097694026155672,15.038618925464059,15.039367556194755,50000
2016-09-19,15.039367556194755,15.15892745751752,14.980062450900672,15.05443086315737,50000
2016-09-20,15.05443086315737,15.098280897268417,14.53346269010776,14.595465997189546,50000
2016-09-21,14.595465997189546,14.680506309636119,14.35274188678395,14.355420982359046,51472
2016-09-22,14.355420982359046,15.00155769141568,14.176508475295327,14.88972014988223,126849
2016-09-23,14.88972014988223,15.041602961577311,14.749457678932819,14.763402655971506,50000
2016-09-26,14.763402655971506,15.249848067977217,14.726061942003733,15.238808348245168,50000
2016-09-27,15.238808348245168,15.97168373394631,15.087551342242035,15.946805021001799,68393
2016-09-28,15.946805021001799,16.039294173465503,15.934430583241086,15.96564669965384,50000
2016-09-29,15.96564669965384,16.184336463156065,15.961549434151207,16.169252611920058,50000
2016-09-30,16.169252611920058,16.292398231652342,15.881435748664408,15.894838802667868,50000
2016-10-03,15.894838802667868,15.98322946750637,15.730571901640806,15.887242111153942,50000
2016-10-04,15.887242111153942,16.21062010893585,15.883370321593981,16.086834475256556,50000
2016-10-05,16.086834475256556,16.12956673050479,15.750982217664388,15.775179388443439,50000
2016-10-06,15.775179388443439,15.911643588803221,15.678946833564263,15.703850334481672,50000
2016-10-07,15.703850334481672,15.878352191322062,15.574477028115073,15.850973483303077,50000
2016-10-10,15.850973483303077,15.950064698532103,15.51069039237504,15.549495912035537,216308
2016-10-11,15.549495912035537,16.029957045892022,15.471180631298859,15.7305193655745,50000
2016-10-12,15.7305193655745,15.985857004261316,15.589657948968187,15.97470104808697,50000
2016-10-13,15.97470104808697,16.44583776672649,15.772982656305869,16.39215158558932,61210
2016-10-14,16.39215158558932,16.401702541266843,16.18553016123927,16.252700973798536,50000
2016-10-17,16.252700973798536,16.41779064555277,16.192710883059526,16.397863500588258,50000
2016-10-18,16.397863500588258,16.449999188481282,16.332585000973417,16.408454317360192,51862
2016-10-19,16.408454317360192,16.961721625836436,16.4062616184586,16.901645909281847,50000
2016-10-20,16.901645909281847,17.118649786701987,16.888366833320777,16.976650433592138,50000
2016-10-21,16.976650433592138,16.987414281766693,16.863978819685865,16.865387586774872,80974
2016-10-24,16.865387586774872,16.983367381567895,16.81713415203841,16.9680796800879,78876
2016-10-25,16.9680796800879,17.00415943193315,16.74199102189687,16.94180055006585,218389
2016-10-26,16.94180055006585,17.041792782631102,16.37680723054075,16.439069629022434,56558
2016-10-27,16.439069629022434,16.533834767452163,16.323056255721394,16.41357913276583,50000
2016-10-28,16.41357913276583,16.828350587135812,16.329163097707333,16.69787114239469,50000
2016-10-31,16.69787114239469,16.80562799528161,16.514282412239144,16.731107601528887,63376
2016-11-01,16.731107601528887,16.776488658553358,15.642954173554067,15.87758509892879,50000
2016-11-02,15.87758509892879,15.881905645978964,15.485995667242149,15.48761961431457,50000
2016-11-03,15.48761961431457,15.638331755326108,15.468346868672121,15.56967478589304,50000
2016-11-04,15.56967478589304,15.906834086892792,15.519217027627201,15.870437473830084,73710
2016-11-07,15.870437473830084,16.165841658150516,15.762412910366445,16.048018967047785,50000
2016-11-08,16.048018967047785,16.098356095208608,15.82158998489861,15.919877972744208,205840
2016-11-09,15.919877972744208,16.166367607526514,15.802847235886105,16.070397906498393,118364
2016-11-10,16.070397906498393,16.637189347240597,15.95572940397836,16.439462594983468,89967
2016-11-11,16.439462594983468,16.527200021609204,15.914941877831357,16.033412009660942,50000
2016-11-14,16.033412009660942,16.102920311985567,15.831754271319136,15.901806857580551,108218
2016-11-15,15.901806857580551,15.956495470277776,15.549449477796635,15.591400843191405,50000
2016-11-16,15.591400843191405,15.632146353419838,15.507464787057657,15.524664265655305,95999
2016-11-17,15.524664265655305,15.540528970613527,14.72238430910977,14.922181449468383,50000
2016-11-18,14.922181449468383,15.014472994695712,14.669185281247755,14.71461776526182,63656
2016-11-21,14.71461776526182,14.718057557459087,14.685618643036795,14.700638480954328,159524
2016-11-22,14.700638480954328,14.890708232457174,14.319733643327352,14.386392445631879,52292
2016-11-23,14.386392445631879,14.458702719847002,14.251224088598475,14.296863248207266,50000
2016-11-24,14.296863248207266,14.368716476540193,14.05422748129882,14.18861728946596,50000
2016-11-25,14.18861728946596,14.32541301633846,14.15629039251268,14.29849083388153,50000
2016-11-28,14.29849083388153,14.310733454127986,14.01726174295663,14.043781102224198,50000
2016-11-29,14.043781102224198,14.305291045662617,13.532938310553286,13.628143535166451,50000
2016-11-30,13.628143535166451,13.666647280089592,13.359771087502615,13.387715630891995,50000
2016-12-01,13.387715630891995,13.658754622833264,13.385647479792661,13.594460342801725,50000
2016-12-02,13.594460342801725,13.729169907657003,12.87114523941731,12.872565327086585,50000
2016-12-05,12.872565327086585,13.503275511568097,12.808300178795177,13.421255635473248,50000
2016-12-06,13.421255635473248,13.462632382108664,13.338506804464249,13.446232643955167,50000
2016-12-07,13.446232643955167,13.483674726636307,13.377663543269831,13.394393703105466,62739
2016-12-08,13.394393703105466,13.954509850764346,13.336197864006962,13.875089197581522,50000
2016-12-09,13.875089197581522,13.985045562740009,13.052721880214005,13.17937243718185,50000
2016-12-12,13.17937243718185,13.311557766614994,12.799304653970074,12.829813400859083,50000
2016-12-13,12.829813400859083,12.845295314862101,12.8293840092371,12.831119208711664,58049
2016-12-14,12.831119208711664,12.887901359532913,12.809370424732428,12.881415354994422,57040
2016-12-15,12.881415354994422,13.294773902225456,12.870264245838985,13.282335714786237,50000
2016-12-16,13.282335714786237,13.45255162338843,13.163206815283987,13.181953072848772,63596
2016-12-19,13.181953072848772,13.293251605469464,12.689969462657178,12.74470664341336,82011
2016-12-20,12.74470664341336,13.07830509915108,12.693368121068797,12.880177980370721,50000
2016-12-21,12.880177980370721,12.924297679663661,12.835859644555685,12.917099869734285,50000
2016-12-22,12.917099869734285,12.981024467638838,12.910342601503535,12.951925099271707,50000
2016-12-23,12.951925099271707,12.9797706558786,12.479526423096342,12.543139403739659,50000
2016-12-26,12.543139403739659,12.610531959642847,12.50085183245188,12.592168351515479,50000
2016-12-27,12.592168351515479,12.733665377892345,12.573556462450366,12.62521561438973,50000
2016-12-28,12.62521561438973,12.766046450736654,12.601303770318637,12.679100527592073,50000
2016-12-29,12.679100527592073,12.95505659262549,12.57857223093974,12.916617735385868,68658
2016-12-30,12.916617735385868,12.984263323361754,12.473415145313295,12.558071886503749,50000
2017-01-02,12.558071886503749,12.625996421657046,12.258918652893435,12.291319924546128,50000
2017-01-03,12.291319924546128,12.858094799716241,12.270582528010147,12.770042091078501,50000
2017-01-04,12.770042091078501,12.771136704116199,12.270416942568998,12.39894763412133,50000
2017-01-05,12.39894763412133,12.492502083500815,12.198520556067532,12.246764122463915,50000
2017-01-06,12.246764122463915,12.735857482751648,12.23525429467258,12.580576967022337,59883
2017-01-09,12.580576967022337,12.905439984083207,12.428395074251027,12.900525231861408,50000
2017-01-10,12.900525231861408,12.95524577800865,12.632478452918818,12.634711177417618,50000
2017-01-11,12.634711177417618,12.895327518109267,12.589444738935299,12.881900719408833,50000
2017-01-12,12.881900719408833,13.057306520145787,12.856944408150259,12.988997738236588,80439
2017-01-13,12.988997738236588,13.078448751439744,12.909878279188682,12.948868495775333,50000
2017-01-16,12.948868495775333,13.378627268152774,12.918722322579585,13.338476470055243,50000
2017-01-17,13.338476470055243,13.42702886718145,12.863180734196693,12.947925962091624,50000
2017-01-18,12.947925962091624,13.08820273267671,12.945205060054397,13.070874968749358,50000
2017-01-19,13.070874968749358,13.090762064037383,13.011330855030634,13.041430162596399,74610
2017-01-20,13.041430162596399,13.143671218235422,12.882312191121924,12.947554082785459,58559
2017-01-23,12.947554082785459,12.95228862216395,12.900458565253004,12.908499275885651,50000
2017-01-24,12.908499275885651,13.519396170119371,12.83974204569561,13.433942836047327,50000
2017-01-25,13.433942836047327,13.492761821292497,13.285056049786458,13.362712967746264,50000
2017-01-26,13.362712967746264,13.620253608676459,13.306783084589792,13.57895513189321,50000
2017-01-27,13.57895513189321,13.597671234568475,12.821609986210998,12.835887894976056,50000
2017-01-30,12.835887894976056,12.845524939985498,12.775137033950973,12.798946980484345,50000
2017-01-31,12.798946980484345,12.837628367124422,12.662870135391229,12.718430536846478,50000
2017-02-01,12.718430536846478,12.730302784835212,12.220551118480742,12.431944595866055,50000
2017-02-02,12.431944595866055,12.53383096906441,12.320997799721347,12.463702233074045,79553
2017-02-03,12.463702233074045,12.538825304549334,12.18263729018078,12.209543362264366,97562
2017-02-06,12.209543362264366,12.289730686514865,12.18379990553145,12.262582041965015,50000
2017-02-07,12.262582041965015,12.353954477837965,12.171203419070364,12.228474689553794,50657
2017-02-08,12.228474689553794,12.385791182422937,12.215109703135482,12.357663268678282,50000
2017-02-09,12.357663268678282,12.797792281687206,12.282185850241415,12.721556137258544,50000
2017-02-10,12.721556137258544,12.95234451202023,12.623337003843929,12.94154375195117,50000
2017-02-13,12.94154375195117,13.213178201145258,12.89440857179842,13.121090762991226,83773
2017-02-14,13.121090762991226,13.31910891943119,13.092618553870773,13.303594145424865,50000
2017-02-15,13.303594145424865,13.734192293408674,13.28931698875927,13.674700180353113,50000
2017-02-16,13.674700180353113,13.69407024109575,13.574232208147638,13.59251783619023,96227
2017-02-17,13.59251783619023,14.115982806342997,13.484991331414605,14.005037204146083,50000
2017-02-20,14.005037204146083,14.005561384050605,13.845434016295998,13.848132534252985,50000
2017-02-21,13.848132534252985,13.967909428257789,13.81410295548163,13.917220619053879,109221
2017-02-22,13.917220619053879,14.173048137351197,13.913559722155652,14.163625814650118,100281
2017-02-23,14.163625814650118,14.242741529883983,14.11220046898838,14.234336669480744,97998
2017-02-24,14.234336669480744,14.28078856730899,14.044632570382971,14.093622224089692,50000
2017-02-27,14.093622224089692,14.264721450371919,14.038104576560436,14.145658466904308,50000
2017-02-28,14.145658466904308,14.211685048609473,14.030069508411627,14.057945608038079,50000
2017-03-01,14.057945608038079,14.094926279033478,13.81036541481597,13.847828638298292,50000
2017-03-02,13.847828638298292,13.970116286745103,13.499092125401303,13.52493611680127,50000
2017-03-03,13.52493611680127,13.818920515042855,13.510893127478216,13.75403973341857,81460
2017-03-06,13.75403973341857,13.975410047934744,13.713273816861022,13.854711906093309,50000
2017-03-07,13.854711906093309,13.879575150549979,13.35873621391397,13.379635887023838,156341
2017-03-08,13.379635887023838,13.411553898114914,12.812601523353608,12.816589441493997,50000
2017-03-09,12.816589441493997,12.83916815347977,12.195587341549626,12.263319155619483,50000
2017-03-10,12.263319155619483,12.26362822432965,11.562355496052676,11.578148253089203,56813
2017-03-13,11.578148253089203,11.648511588382824,11.435650786286685,11.549346482242035,63348
2017-03-14,11.549346482242035,12.23395519066185,11.474007426549145,12.141272601509803,50000
2017-03-15,12.141272601509803,12.511601796728998,12.109721618795195,12.505748909343232,50000
2017-03-16,12.505748909343232,12.626995778021893,11.997262313912303,12.021983872937298,50345
2017-03-17,12.021983872937298,12.041272443323415,11.68162204520775,11.865648863601363,98678
2017-03-20,11.865648863601363,12.122543585281113,11.829384004543892,12.075845434627306,76019
2017-03-21,12.075845434627306,12.152283533962446,12.010602464859263,12.024428552120353,50000
2017-03-22,12.024428552120353,12.158379556517525,11.973742731067206,12.097414301204024,50000
2017-03-23,12.097414301204024,12.14691195400673,11.805201107051158,11.833723268571973,50000
2017-03-24,11.833723268571973,11.870585900408516,11.756693322020107,11.792560801781478,50000
2017-03-27,11.792560801781478,11.828319274653937,11.691342932869755,11.707298824191774,52708
2017-03-28,11.707298824191774,11.750282749730037,11.543615850171353,11.567867273190204,120056
2017-03-29,11.567867273190204,11.590032762345867,11.227606244097505,11.310585130056518,50000
2017-03-30,11.310585130056518,11.53383099222816,11.218463030013023,11.423221410997174,50000
2017-03-31,11.423221410997174,11.687808767988372,11.419126833836204,11.587580812621978,50000
2017-04-03,11.587580812621978,11.613161123266982,11.414994934318315,11.483055084972525,50000
2017-04-04,11.483055084972525,11.511950811932277,11.213941816831676,11.267449970041541,50000
2017-04-05,11.267449970041541,11.397030079015147,10.723581565889022,10.749061993833646,50000
2017-04-06,10.749061993833646,10.791755883715599,10.466551757539793,10.46769906595464,50000
2017-04-07,10.46769906595464,10.587717227809708,10.285846345828059,10.299226277472414,50058
2017-04-10,10.299226277472414,10.387220298673979,9.966328446043219,10.089872459402663,50000
2017-04-11,10.089872459402663,10.30267583406123,10.087658667055472,10.288652858368986,50000
2017-04-12,10.288652858368986,10.480710529710235,10.22429747526396,10.363025347461825,50000
2017-04-13,10.363025347461825,10.367742635538606,10.338235232846658,10.353987710993922,50000
2017-04-14,10.353987710993922,10.381397017252763,10.316232655994456,10.375936217384037,50751
2017-04-17,10.375936217384037,10.443374884901909,10.233409581095303,10.256893945514028,50000
2017-04-18,10.256893945514028,10.473024526044346,10.21050666252446,10.42352124761332,50000
2017-04-19,10.42352124761332,10.50056636553401,10.289496879051741,10.307766067707712,50000
2017-04-20,10.307766067707712,10.31974794321414,10.241981348025478,10.25009538690815,50000
2017-04-21,10.25009538690815,10.29667876736214,9.628807209476602,9.6556672862703,50000
2017-04-24,9.6556672862703,9.66707367678111,9.550428119169029,9.56886958371715,50000
2017-04-25,9.56886958371715,9.605208284463863,9.463479465865746,9.46590279774541,50000
2017-04-26,9.46590279774541,9.545201777210869,9.29286657277771,9.361416573783892,50000
2017-04-27,9.361416573783892,9.875267585729807,9.280782430001619,9.80949929080846,50000
2017-04-28,9.80949929080846,9.9288747082251,9.72680427552719,9.870258677106925,50000
2017-05-01,9.870258677106925,10.08376786795062,9.85651699014925,10.02657312328982,50000
2017-05-02,10.02657312328982,10.235950959410916,9.927447901248224,10.145565238670299,50000
2017-05-03,10.145565238670299,10.309946435242823,9.737244971738484,9.740899424060306,50000
2017-05-04,9.740899424060306,9.849919446681477,9.685857194046577,9.819489299202075,50000
2017-05-05,9.819489299202075,9.857703543028963,9.189865893720604,9.306652851794174,220269
2017-05-08,9.306652851794174,9.33511522301831,8.996022232008823,9.01597144675322,50000
2017-05-09,9.01597144675322,9.28648484952041,8.943006050811286,9.246990943644985,62142
2017-05-10,9.246990943644985,9.249308761348534,8.72250917921676,8.732118928512453,50000
2017-05-11,8.732118928512453,8.762318612282911,8.404046158294502,8.417712678288396,50000
2017-05-12,8.417712678288396,8.419577167076602,7.842719639564195,7.863951790084049,50000
2017-05-15,7.863951790084049,8.18999150197443,7.861377093999137,8.134770970459147,71715
2017-05-16,8.134770970459147,8.167393754448963,7.60006840620942,7.615704210432592,50000
2017-05-17,7.615704210432592,7.791594064270532,7.589500852384765,7.776859115221905,50000
2017-05-18,7.776859115221905,7.811760875316849,7.641802571207051,7.659397548284845,50000
2017-05-19,7.659397548284845,7.734518445453246,7.65635274443219,7.694719036026467,50000
2017-05-22,7.694719036026467,7.704266493955233,7.134819727217422,7.176343015370754,50000
2017-05-23,7.176343015370754,7.377114299995806,7.17282253419401,7.361972578091951,111003
2017-05-24,7.361972578091951,7.3759081336060115,7.272920168333272,7.304602623194501,50000
2017-05-25,7.304602623194501,7.362468673579936,7.191838867921587,7.329270594247913,76245
2017-05-26,7.329270594247913,7.355365206633695,6.968903133745205,6.996762536650483,85809
2017-05-29,6.996762536650483,7.012095279879352,6.742302594042124,6.742618624863161,50000
2017-05-30,6.742618624863161,6.838088708955457,6.741564046119162,6.798673316172092,50000
2017-05-31,6.798673316172092,7.2306487965801525,6.77578665947823,7.1362185950613775,50000
2017-06-01,7.1362185950613775,7.138028339398248,6.521469307397334,6.537376798822407,50000
2017-06-02,6.537376798822407,6.638922470430721,6.524555043787409,6.6249310165177215,50000
2017-06-05,6.6249310165177215,6.894014679754957,6.585749905167579,6.815991556161168,50000
2017-06-06,6.815991556161168,6.918192678022584,6.6488557352810504,6.684025416299823,50000
2017-06-07,6.684025416299823,6.874691315937007,6.647832642719563,6.840003517166511,60231
2017-06-08,6.840003517166511,6.880321976950841,6.6687169844497225,6.676371561647848,50000
2017-06-09,6.676371561647848,6.72992264987608,6.557272544043727,6.561018633904518,50000
2017-06-12,6.561018633904518,6.606004433292673,6.550692697236767,6.594855933775946,50000
2017-06-13,6.594855933775946,6.712985338924418,6.589942979314824,6.690413731728991,50000
2017-06-14,6.690413731728991,6.694209681126931,6.089376455659005,6.136989573973816,50000
2017-06-15,6.136989573973816,6.2785528619282935,6.102959061204352,6.214520717042718,50000
2017-06-16,6.214520717042718,6.215837732582692,5.73644547086414,5.760718886896808,79894
2017-06-19,5.760718886896808,5.8054790686780855,5.306422070321292,5.313186512431122,65834
2017-06-20,5.313186512431122,5.552599427258833,5.23969754137493,5.552493176753502,50000
2017-06-21,5.552493176753502,5.588773614574817,5.347494758776812,5.363982008006689,50000
2017-06-22,5.363982008006689,5.8840710234279,5.35476495906322,5.841898178857475,50000
2017-06-23,5.841898178857475,6.064649926772912,5.79530154119444,6.028803642274856,50000
2017-06-26,6.028803642274856,6.334058861551042,6.006876057545385,6.326044713825807,50000
2017-06-27,6.326044713825807,6.386873155020273,5.772725225889075,5.787975217738851,50000
2017-06-28,5.787975217738851,5.850416531836231,5.704012573301307,5.738931993188638,50000
2017-06-29,5.738931993188638,6.1062419819642875,5.725714391435402,6.073988211608378,50000
2017-06-30,6.073988211608378,6.075191950415029,5.839350158897561,5.867280639085319,50000
2017-07-03,5.867280639085319,6.255624028173538,5.811038676361702,6.2163434927133085,50000
2017-07-04,6.2163434927133085,6.23579982094281,5.88711541906233,5.9017326125419975,50000
2017-07-05,5.9017326125419975,5.953907549827645,5.520801940599874,5.538490055687091,50000
2017-07-06,5.538490055687091,5.630134375468203,5.507663071736874,5.61195114060421,50000
2017-07-07,5.61195114060421,5.98792461620702,5.591690727277749,5.9454041497116235,50000
2017-07-10,5.9454041497116235,6.114481188676368,5.926034604597158,6.1061557384470575,50000
2017-07-11,6.1061557384470575,6.116858631800854,6.012843347392842,6.0620180507785,50000
2017-07-12,6.0620180507785,6.079649542438255,5.993120083531924,6.008397245265342,50000
2017-07-13,6.008397245265342,6.057412452725602,5.558046417089172,5.6020810701181185,76019
2017-07-14,5.6020810701181185,5.617364220405349,5.465585171506386,5.469102492357192,50000
2017-07-17,5.469102492357192,5.4775808524145555,5.3501586531094825,5.38394198666381,71987
2017-07-18,5.38394198666381,5.435285012070991,5.368377772384812,5.4175607733246185,69140
2017-07-19,5.4175607733246185,5.439416731059966,5.368907354843632,5.389896524564989,50000
2017-07-20,5.389896524564989,5.413484510687519,5.0895179728494515,5.107002460183915,50000
2017-07-21,5.107002460183915,5.11156389070142,5.019432852857476,5.031325803043975,50000
2017-07-24,5.031325803043975,5.240880207827649,4.981636708664928,5.227601110810793,50000
2017-07-25,5.227601110810793,5.275508411453471,5.11655608470688,5.135654997726974,91138
2017-07-26,5.135654997726974,5.4667052506535025,5.121529133059873,5.454658204396116,50000
2017-07-27,5.454658204396116,5.47417267096305,5.420669967798804,5.4737718716115795,50000
2017-07-28,5.4737718716115795,5.700686382994536,5.464281410064653,5.698368465670409,76716
2017-07-31,5.698368465670409,5.741378584768266,5.463568811324417,5.482981005743168,50000
2017-08-01,5.482981005743168,5.52385536330513,5.433470020725968,5.43416900771013,50000
2017-08-02,5.43416900771013,5.684295351925708,5.431835424968093,5.675185004605018,50000
2017-08-03,5.675185004605018,5.708066419361291,5.321634864983566,5.332064182996229,50000
2017-08-04,5.332064182996229,5.391485810315812,5.275712250345021,5.3051520603430635,50000
2017-08-07,5.3051520603430635,5.324478554261652,5.122231485865737,5.138837755877551,50000
2017-08-08,5.138837755877551,5.240388779982042,5.0986525305210995,5.239413494035984,50000
2017-08-09,5.239413494035984,5.286761144351011,4.954552752326706,4.9944527448341915,50000
2017-08-10,4.9944527448341915,5.145464876029238,4.9592762070621355,5.114408287926488,50000
2017-08-11,5.114408287926488,5.145157188740237,5.003789542855911,5.016406093389608,50000
2017-08-14,5.016406093389608,5.051372593173675,4.970721776865458,4.99407759503672,50000
2017-08-15,4.99407759503672,5.027033552031613,4.705225209336094,4.720273962379169,50000
2017-08-16,4.720273962379169,4.759337720086064,4.391783176808448,4.409166848549404,218801
2017-08-17,4.409166848549404,4.409318118820983,3.9901760793798786,4.020921457531368,62421
2017-08-18,4.020921457531368,4.101622281329665,3.994665334241455,4.08710652747302,55496
2017-08-21,4.08710652747302,4.285346092088441,4.059868969538492,4.268032078702143,65953
2017-08-22,4.268032078702143,4.578172967765727,4.2398270850919815,4.5625948561404375,50000
2017-08-23,4.5625948561404375,4.620975923070684,4.559817359697753,4.590295084104454,50000
2017-08-24,4.590295084104454,4.622952356131312,4.437386159426392,4.441051828796947,75035
2017-08-25,4.441051828796947,4.810344324680706,4.425002998977804,4.79282894471155,50000
2017-08-28,4.79282894471155,5.142840997189197,4.729446867093162,5.123932246381301,50000
2017-08-29,5.123932246381301,5.136289960213708,4.748692378272809,4.757593329648074,50000
2017-08-30,4.757593329648074,4.795690351180512,4.5560021741696985,4.6146234959749455,50000
2017-08-31,4.6146234959749455,4.8609889651099065,4.612397565909686,4.819597060094105,65747
2017-09-01,4.819597060094105,4.849783926096711,4.698648651043059,4.722474520860298,50000
2017-09-04,4.722474520860298,4.728632522011916,4.598363417847533,4.609639778394932,50000
2017-09-05,4.609639778394932,4.872118413371721,4.6048462012055325,4.847613261936725,50000
2017-09-06,4.847613261936725,4.865654103171251,4.834426248399657,4.858794106155868,50000
2017-09-07,4.858794106155868,4.874575491565554,4.77615395793764,4.782303639336899,82739
2017-09-08,4.782303639336899,4.849871731372512,4.774826138663958,4.846819066108243,50000
2017-09-11,4.846819066108243,5.117458623603395,4.837331168876608,5.112511379980478,140996
2017-09-12,5.112511379980478,5.117108520560135,5.003788860641476,5.056826031501692,50000
2017-09-13,5.056826031501692,5.5647221774293625,5.040155854777429,5.5209862872839235,50000
2017-09-14,5.5209862872839235,5.792342850181131,5.479743346991667,5.761734556965645,50000
2017-09-15,5.761734556965645,5.792824827525334,5.146010266251646,5.180263771777025,50000
2017-09-18,5.180263771777025,5.843627323470554,5.159120890352175,5.8195548353257065,50000
2017-09-19,5.8195548353257065,5.8487247828504545,5.784660165092725,5.79461139402869,50000
2017-09-20,5.79461139402869,5.892835785598656,5.742133865670718,5.8805322599724175,50000
2017-09-21,5.8805322599724175,6.278383901688662,5.866126646020359,6.257560000449157,50000
2017-09-22,6.257560000449157,6.2820771026888345,6.076000493564948,6.113672378543245,66040
2017-09-25,6.113672378543245,6.518052967461426,6.111116728237034,6.498702039187133,158474
2017-09-26,6.498702039187133,6.563112719273279,6.491985101980121,6.532417011246642,50000
2017-09-27,6.532417011246642,6.534189301751343,6.497431049940996,6.501873604645875,50000
2017-09-28,6.501873604645875,6.704598416375476,6.423368641604113,6.702573812971592,50000
2017-09-29,6.702573812971592,6.72393801933407,6.598358713760127,6.605504017948976,50000
2017-10-02,6.605504017948976,6.658993172838023,6.558976146854859,6.630066408029227,90922
2017-10-03,6.630066408029227,6.719933740328044,6.424746629055241,6.4416511241493914,82792
2017-10-04,6.4416511241493914,6.488339648579154,6.075490287143464,6.101584696876253,55426
2017-10-05,6.101584696876253,6.334900092083228,6.044385417790627,6.302432498087309,50000
2017-10-06,6.302432498087309,6.386572271688999,6.254560510234375,6.292085785821133,54846
2017-10-09,6.292085785821133,6.384311118573892,6.290806674829347,6.3481044526007935,50000
2017-10-10,6.3481044526007935,6.391091325618856,5.977571986828586,5.988375682643694,59731
2017-10-11,5.988375682643694,5.9891886683482,5.922094163658098,5.928149083485256,50000
2017-10-12,5.928149083485256,5.958386679989536,5.604771647669623,5.609782944268463,50000
2017-10-13,5.609782944268463,6.178190561124594,5.544902023282986,6.1338999968300785,50000
2017-10-16,6.1338999968300785,6.388231832512266,6.103439980304533,6.377019288175882,50000
2017-10-17,6.377019288175882,6.6487759866617715,6.376794354421019,6.588025961010892,71799
2017-10-18,6.588025961010892,6.6131572752781596,6.304614881182502,6.3235937639703,50000
2017-10-19,6.3235937639703,6.336763870701877,5.841912763846692,5.86179612606126,50000
2017-10-20,5.86179612606126,6.06425774005946,5.830195729533937,6.04417899130239,50030
2017-10-23,6.04417899130239,6.080450258620614,6.017181274560468,6.078528453475831,121783
2017-10-24,6.078528453475831,6.476726504343686,6.071810946172506,6.467470657869523,50000
2017-10-25,6.467470657869523,6.515206181771426,6.187534158523376,6.2126991305051,50000
2017-10-26,6.2126991305051,6.326415213882208,6.176912119889582,6.310451793447596,50000
2017-10-27,6.310451793447596,6.928470458997738,6.22269378322815,6.872025511652807,50000
2017-10-30,6.872025511652807,6.963793254377418,6.62902240248801,6.6535405844058415,50000
2017-10-31,6.6535405844058415,6.833376580577372,6.592736762460519,6.789868838527461,51979
2017-11-01,6.789868838527461,6.79760705391161,6.705215971943243,6.766628059149488,50000
2017-11-02,6.766628059149488,6.807033800985286,6.402277463477725,6.424048587948591,50000
2017-11-03,6.424048587948591,6.477649702608512,5.918505554888631,5.9221397875294475,50000
2017-11-06,5.9221397875294475,6.442915240319185,5.91664376981278,6.3736350155618915,50000
2017-11-07,6.3736350155618915,6.491707509205814,6.35762068094384,6.48432458213455,50000
2017-11-08,6.48432458213455,6.722006236048532,6.405622915772192,6.696051664570014,180543
2017-11-09,6.696051664570014,6.769252247611098,6.314890527664662,6.3347867703923395,65483
2017-11-10,6.3347867703923395,6.341095992073006,6.312445485635548,6.336279377323442,54254
2017-11-13,6.336279377323442,6.362050276506199,6.075421634221055,6.097837100667954,97074
2017-11-14,6.097837100667954,6.750649225663283,6.049230863502033,6.675660060900602,50000
2017-11-15,6.675660060900602,7.132586402562937,6.656478056630939,7.103456305356528,79001
2017-11-16,7.103456305356528,7.267338330252047,7.081370944063652,7.204210610035494,50000
2017-11-17,7.204210610035494,7.262741826091567,7.156651139617233,7.230593083748137,59944
2017-11-20,7.230593083748137,7.281321613130325,6.98551119150791,7.044873529986773,108576
2017-11-21,7.044873529986773,7.057824754765611,6.848772297002705,6.894382796735781,62047
2017-11-22,6.894382796735781,6.939969881833194,6.482376126535344,6.515742003017684,62736
2017-11-23,6.515742003017684,6.556117190124319,6.401447252276965,6.413970774146697,116459
2017-11-24,6.413970774146697,6.460196250156553,5.962155571609677,6.008481752101184,62674
2017-11-27,6.008481752101184,6.051366267865865,5.970259739240543,6.042368740568347,50000
2017-11-28,6.042368740568347,6.101840370070049,5.922376518694854,5.96601828392696,50000
2017-11-29,5.96601828392696,6.025625235476711,5.9411930359714775,5.952059867792405,110984
2017-11-30,5.952059867792405,6.24822975788568,5.9403932758836,6.216062624335225,50000
2017-12-01,6.216062624335225,6.34241527874607,6.186037738380231,6.323013629895755,50000
2017-12-04,6.323013629895755,6.574739392600018,6.278242645810656,6.55386666492959,67135
2017-12-05,6.55386666492959,6.568970964831633,6.306542184559557,6.314785556282537,50000
2017-12-06,6.314785556282537,6.3280478343195465,6.1374352757129325,6.158350216641155,50000
2017-12-07,6.158350216641155,6.2385395039378215,6.020256239141663,6.07176124186654,50000
2017-12-08,6.07176124186654,6.0986480212245855,6.056211223951894,6.062996165906956,94567
2017-12-11,6.062996165906956,6.109559253879474,5.841870764954535,5.87891354969555,97562
2017-12-12,5.87891354969555,5.900957902835171,5.503625060496103,5.534862169119424,50000
2017-12-13,5.534862169119424,5.579361993309558,5.511239895143845,5.556226846796727,50000
2017-12-14,5.556226846796727,5.570694465544054,5.484530716152266,5.497200554488622,50000
2017-12-15,5.497200554488622,5.6296734614432955,5.482945783210519,5.624270477014424,50000
2017-12-18,5.624270477014424,5.625868725461802,5.587477790099052,5.614953835532329,94830
2017-12-19,5.614953835532329,5.949605725461769,5.57009815603916,5.825024888834617,50000
2017-12-20,5.825024888834617,5.826141188094777,5.547421747980417,5.570208661297528,50351
2017-12-21,5.570208661297528,5.595165136330907,5.5516824665948175,5.573040822689167,50000
2017-12-22,5.573040822689167,5.936260617184787,5.572115415230274,5.842781351821035,50000
2017-12-25,5.842781351821035,5.883387061804097,5.827712345119216,5.846948240726699,50000
2017-12-26,5.846948240726699,5.861514469816081,5.66819847826965,5.690759089310017,99252
2017-12-27,5.690759089310017,5.715058943593802,5.482346501478029,5.534677370520279,128547
2017-12-28,5.534677370520279,5.965989748623951,5.4845690677068415,5.94355045701565,50000
2017-12-29,5.94355045701565,5.962399878415776,5.822684726896895,5.901152906648508,55132
2018-01-01,5.901152906648508,5.927508670538591,5.667220010277579,5.690980473643935,50000
2018-01-02,5.690980473643935,5.727902470769511,5.5455733323723075,5.613030344773225,50000
2018-01-03,5.613030344773225,5.901519734859041,5.611190684614176,5.887580256755583,50000
2018-01-04,5.887580256755583,6.230584131842551,5.846978906315096,6.212919705107873,114397
2018-01-05,6.212919705107873,6.390496292670133,6.16131841390932,6.368073736515505,121757
2018-01-08,6.368073736515505,6.558803344208097,6.359073734965962,6.558560264204023,50000
2018-01-09,6.558560264204023,6.579007577507442,6.208581519071835,6.216729013466533,104064
2018-01-10,6.216729013466533,6.520446494444465,6.150025611818269,6.426318809138853,50000
2018-01-11,6.426318809138853,6.46984870671187,6.320186988871168,6.3626618456590185,50000
2018-01-12,6.3626618456590185,6.721802416742358,6.3614452462641236,6.642218138922858,50000
2018-01-15,6.642218138922858,6.915896392501775,6.599107818062983,6.847935679326261,63908
2018-01-16,6.847935679326261,6.882253769850009,6.828326640215498,6.878231338103579,50000
2018-01-17,6.878231338103579,6.9288837400780166,6.235985273644003,6.270442074509546,50000
2018-01-18,6.270442074509546,6.592934674201713,6.259644918551295,6.5652484344149045,50000
2018-01-19,6.5652484344149045,6.614132650482473,6.13416220662667,6.15376531782721,50000
2018-01-22,6.15376531782721,6.188627726258565,5.923010463954433,6.012485704703719,50000
2018-01-23,6.012485704703719,6.016820047623123,5.729752392523511,5.7715171714800615,50000
2018-01-24,5.7715171714800615,5.950375617202927,5.718111988400241,5.942943541613076,50000
2018-01-25,5.942943541613076,6.111256882729258,5.934021358759113,6.087878356287552,65128
2018-01-26,6.087878356287552,6.218246458792826,6.074908434807017,6.2162148052585025,50000
2018-01-29,6.2162148052585025,6.335448283333504,6.200320751557571,6.3065153611131235,83898
2018-01-30,6.3065153611131235,6.334793022988576,6.115206778155869,6.197197242264846,50000
2018-01-31,6.197197242264846,6.233916141884048,5.9549390717085515,5.9844181128161145,184815
2018-02-01,5.9844181128161145,6.061634966839071,5.934203856234989,5.935010979688957,50000
2018-02-02,5.935010979688957,6.068802042933601,5.916484791546749,6.008015460589002,50000
2018-02-05,6.008015460589002,6.05973444984726,5.966641395394606,6.027320056167853,50000
2018-02-06,6.027320056167853,6.259144163437137,6.020480186680782,6.243346789048245,50000
2018-02-07,6.243346789048245,6.576901279758918,6.208183632898206,6.497705956121541,80213
2018-02-08,6.497705956121541,6.512698050932683,6.323044245964261,6.353826772140387,50000
2018-02-09,6.353826772140387,6.512409984362757,6.338658596603131,6.461603139212685,50000
2018-02-12,6.461603139212685,6.659418338163394,6.443466934927567,6.621544487996381,50000
2018-02-13,6.621544487996381,6.6376468981838235,6.509370991309163,6.54586008154077,50000
2018-02-14,6.54586008154077,6.732661810047953,6.543559952124427,6.698969545253758,50000
2018-02-15,6.698969545253758,7.258616198813573,6.698274044505733,7.213773165333455,50000
2018-02-16,7.213773165333455,7.2191357190964025,7.092723922868006,7.0977643099736,50000
2018-02-19,7.0977643099736,7.25700682205833,7.091108263967997,7.244278648930601,50000
2018-02-20,7.244278648930601,7.316199431901859,6.654920126780318,6.767014400072836,50000
2018-02-21,6.767014400072836,7.064483400815918,6.69255914680045,6.9819725083349615,50000
2018-02-22,6.9819725083349615,7.015951820657608,6.678812311517057,6.711552996656864,50000
2018-02-23,6.711552996656864,6.719146591749654,6.586452923279197,6.62473455240788,50000
2018-02-26,6.62473455240788,7.299787461671552,6.570147480060755,7.230692210067417,50000
2018-02-27,7.230692210067417,7.342282007275198,7.195209727388993,7.301723204398259,50000
2018-02-28,7.301723204398259,7.631082588562165,7.29851622456688,7.540714539652837,50000
2018-03-01,7.540714539652837,8.146597820613376,7.500370116289909,8.10999632713472,50000
2018-03-02,8.10999632713472,8.494048657440683,8.049855709584396,8.492369641427306,50000
2018-03-05,8.492369641427306,8.865536593509056,8.376552912777912,8.827930397767574,50000
2018-03-06,8.827930397767574,8.891325129344114,8.748760295424617,8.763772905186599,74630
2018-03-07,8.763772905186599,8.841474703241127,8.72959306310952,8.817341337610433,60793
2018-03-08,8.817341337610433,9.095491825521625,8.80184898291197,8.97044295356498,50000
2018-03-09,8.97044295356498,9.030897525609355,8.950727257983637,8.962985182236268,75292
2018-03-12,8.962985182236268,9.100639666145902,8.874876415269918,9.065991092566081,50000
2018-03-13,9.065991092566081,9.143503510636283,9.003244694319305,9.045557790178316,55917
2018-03-14,9.045557790178316,9.072308326127311,8.98722825840178,9.048824213881414,58531
2018-03-15,9.048824213881414,9.225591370588928,8.980405666602579,9.177347434958422,50000
2018-03-16,9.177347434958422,9.3170235188565,9.126527720812396,9.267617790662097,75532
2018-03-19,9.267617790662097,9.46171977577883,9.24681179132801,9.369841335131452,50038
2018-03-20,9.369841335131452,9.557997875728134,9.301235882290722,9.505706505105172,124525
2018-03-21,9.505706505105172,9.685081494660864,9.476084688513446,9.575903969930154,100600
2018-03-22,9.575903969930154,9.612838685343117,9.33807495854848,9.399468630029311,50000
2018-03-23,9.399468630029311,9.474231131084045,9.380679913873994,9.463690518081053,50000
2018-03-26,9.463690518081053,9.482613746601626,8.790872894405336,8.89369038196345,50000
2018-03-27,8.89369038196345,9.270753944800987,8.799631608941604,9.226082468416921,50000
2018-03-28,9.226082468416921,9.318524048350191,9.208539557495333,9.289595076259614,50000
2018-03-29,9.289595076259614,9.595527231000764,9.275987802746766,9.540910615458031,50000
2018-03-30,9.540910615458031,9.562516051743179,9.34292275516289,9.362419013723713,50000
2018-04-02,9.362419013723713,9.902652620146755,9.31769696954529,9.85442361727973,70476
2018-04-03,9.85442361727973,9.907318647037798,9.60902763555499,9.646810574082888,74684
2018-04-04,9.646810574082888,9.730135843537061,9.56296389661278,9.67877528058552,50000
2018-04-05,9.67877528058552,9.781913676068966,9.656197457072368,9.721105997996126,58937
2018-04-06,9.721105997996126,9.848752025617486,9.696845657368739,9.814125013250615,50000
2018-04-09,9.814125013250615,10.04859730976074,9.738748402756869,10.033367291916733,50000
2018-04-10,10.033367291916733,10.06233681199306,10.026148992967908,10.032375790636488,50000
2018-04-11,10.032375790636488,10.103233846722633,9.950190393683815,10.090854158597375,50000
2018-04-12,10.090854158597375,10.106722287793517,9.873627297116391,9.9514311683175,50000
2018-04-13,9.9514311683175,10.018267849137828,9.697544692744739,9.730271006133059,50000
2018-04-16,9.730271006133059,9.75452785292705,9.405818024635845,9.425450701160225,50000
2018-04-17,9.425450701160225,9.464636927777022,9.418171041197624,9.43344126321642,50676
2018-04-18,9.43344126321642,9.728312716864924,9.397081493320206,9.689262142859302,50242
2018-04-19,9.689262142859302,9.735756965048731,9.670372346012835,9.677397278906621,50000
2018-04-20,9.677397278906621,10.011697696810872,9.630830354808914,10.010403117375054,50000
2018-04-23,10.010403117375054,10.557194562404492,10.004467672027191,10.541253251827397,57703
2018-04-24,10.541253251827397,10.595780760214016,10.365704469699791,10.400731146358554,50000
2018-04-25,10.400731146358554,10.474038654800854,9.99288810749528,10.037670789462117,50000
2018-04-26,10.037670789462117,10.212206289379392,9.987911930275729,10.184872649298757,50000
2018-04-27,10.184872649298757,10.211769129340903,10.031513893315779,10.03177605935566,50000
2018-04-30,10.03177605935566,10.068183577222808,9.6079372056728,9.620886074245465,50000
2018-05-01,9.620886074245465,9.676730620327051,9.491070610685094,9.571899671536242,50000
2018-05-02,9.571899671536242,9.645457486905872,9.470704969557836,9.588434223018885,50000
2018-05-03,9.588434223018885,9.763405985054337,9.521598227537472,9.684439797133413,50000
2018-05-04,9.684439797133413,9.713489990284222,9.364177763515645,9.372211990870886,133710
2018-05-07,9.372211990870886,9.874368966973547,9.335849578678769,9.751374627865925,50000
2018-05-08,9.751374627865925,10.058488395460024,9.725013572032537,9.962467427007887,50000
2018-05-09,9.962467427007887,10.00571389572967,9.927443660642735,9.938859513476526,51963
2018-05-10,9.938859513476526,10.068835059861499,9.918210131327875,10.061380039223794,50000
2018-05-11,10.061380039223794,10.689512542571228,10.041941659247884,10.499765571868691,51642
2018-05-14,10.499765571868691,10.564255057003752,10.434965660912248,10.547689738325598,64829
2018-05-15,10.547689738325598,10.569351022687856,10.196352035767681,10.25898392253293,50000
2018-05-16,10.25898392253293,10.371010185427611,10.208121227575456,10.307737340888854,50000
2018-05-17,10.307737340888854,10.387829854525632,9.77840421467706,9.80306102213213,50000
2018-05-18,9.80306102213213,9.875719772356302,9.750674704897317,9.860496078663742,54327
2018-05-21,9.860496078663742,10.098625060748786,9.798751253134146,10.066438571299257,50000
2018-05-22,10.066438571299257,10.256607511157164,10.022401894465085,10.182088181205078,50000
2018-05-23,10.182088181205078,10.449582716968685,10.135837077514793,10.442607986829197,51059
2018-05-24,10.442607986829197,10.633866982283864,10.434903018558337,10.542411820225285,50000
2018-05-25,10.542411820225285,10.573149073846729,10.506832997385619,10.56744069327977,108005
2018-05-28,10.56744069327977,10.651012895175661,10.538841530120724,10.62146498399549,139763
2018-05-29,10.62146498399549,10.671753229069711,10.472461632862647,10.596440955973891,50000
2018-05-30,10.596440955973891,10.660743807328066,10.507591986776992,10.654012240970433,50000
2018-05-31,10.654012240970433,10.729196257359806,10.545159392225038,10.686773817713082,58932
2018-06-01,10.686773817713082,10.698559010075616,10.26476593391844,10.281508110158185,50000
2018-06-04,10.281508110158185,10.429513244685413,10.272556972704203,10.330217468137064,52594
2018-06-05,10.330217468137064,10.584835453098801,10.30481626315389,10.52235391254881,50000
2018-06-06,10.52235391254881,10.761085488825504,10.423498837890449,10.686724753586523,66514
2018-06-07,10.686724753586523,10.759110632103672,10.609828315745803,10.757258050430528,71827
2018-06-08,10.757258050430528,10.821914273414949,10.543576638876301,10.56502020426592,50000
2018-06-11,10.56502020426592,10.624949820164174,10.501447810264645,10.548064418676855,50000
2018-06-12,10.548064418676855,10.59274687824088,10.170529410048028,10.172155981495745,135158
2018-06-13,10.172155981495745,10.413604624196408,10.137880454807814,10.334483389868401,50000
2018-06-14,10.334483389868401,10.533439567964404,10.297152208866338,10.51072018869886,50000
2018-06-15,10.51072018869886,10.573891420643605,10.469428985209891,10.470804514074397,104912
2018-06-18,10.470804514074397,10.554667392448886,10.034130136274898,10.038129031492026,50000
2018-06-19,10.038129031492026,10.192561541086508,10.020911743154763,10.150978725887828,50000
2018-06-20,10.150978725887828,10.25228963593275,10.1302269017091,10.251921704609044,50000
2018-06-21,10.251921704609044,10.30303671260103,9.778896723303276,9.781831753184946,50000
2018-06-22,9.781831753184946,9.841311261940453,9.747523365614013,9.808285355639153,50000
2018-06-25,9.808285355639153,9.937013205240644,9.748541828772758,9.921840909637025,50000
2018-06-26,9.921840909637025,10.302177198660667,9.868532861871344,10.216194063640542,50000
2018-06-27,10.216194063640542,10.65535810694181,10.18446945674274,10.625912768804438,50000
2018-06-28,10.625912768804438,10.748735599298488,10.331896412927069,10.343969237079627,50000
2018-06-29,10.343969237079627,10.376729088725975,10.134187219921015,10.21940379430904,52198
2018-07-02,10.21940379430904,10.590618997260897,10.14292321032857,10.518465956247606,50000
2018-07-03,10.518465956247606,10.88287514684186,10.438361333909807,10.837282146827087,50000
2018-07-04,10.837282146827087,10.906510757696681,10.519891358500097,10.533271997240611,50000
2018-07-05,10.533271997240611,10.54298441339763,10.271824593131447,10.294675779310872,50000
2018-07-06,10.294675779310872,10.371545400484232,10.124142062956635,10.130555158118336,82139
2018-07-09,10.130555158118336,10.266356666947342,9.718448249402815,9.776847602098593,94887
2018-07-10,9.776847602098593,10.080608923074907,9.763993934816865,10.016414084604238,50000
2018-07-11,10.016414084604238,10.12517630190322,9.906817170546718,9.958380584945878,50000
2018-07-12,9.958380584945878,9.98035583996723,9.55594178476074,9.594313478353104,50000
2018-07-13,9.594313478353104,9.963684483985016,9.507036971863064,9.87990618041321,105000
2018-07-16,9.87990618041321,10.160763538495823,9.847183426996638,10.156600466187358,154293
2018-07-17,10.156600466187358,10.221168497258176,10.120293585458695,10.185010310966677,50000
2018-07-18,10.185010310966677,10.794789434270008,10.169691859843661,10.767081464264232,50000
2018-07-19,10.767081464264232,11.096810960795274,10.75541097775019,11.037048042632039,50000
2018-07-20,11.037048042632039,11.141794751610187,11.035687273424426,11.094223317492846,52359
2018-07-23,11.094223317492846,11.13344212860847,10.7187643014692,10.812739857674098,50000
2018-07-24,10.812739857674098,10.862464869977972,10.492750327690555,10.57167856879232,50000
2018-07-25,10.57167856879232,10.885503580227573,10.566682759484154,10.88323252651962,100292
2018-07-26,10.88323252651962,10.941251475792892,10.786305172413766,10.904645680534353,50000
2018-07-27,10.904645680534353,10.974602086187428,10.587497375526164,10.71105844041135,51286
2018-07-30,10.71105844041135,10.739680485004696,10.264071562207874,10.36671984326346,136826
2018-07-31,10.36671984326346,10.601185092086638,10.334997612484182,10.571739670204726,50000
2018-08-01,10.571739670204726,10.612536359311429,10.351502577998923,10.35169170884169,107802
2018-08-02,10.35169170884169,10.44781178373053,10.210951906379242,10.265349706996536,50000
2018-08-03,10.265349706996536,10.456818473210715,10.252137640275503,10.446824199141956,75424
2018-08-06,10.446824199141956,10.462094507099174,10.157299283980523,10.178679250283903,55223
2018-08-07,10.178679250283903,10.178910217854837,9.737208799067002,9.79209483479445,50000
2018-08-08,9.79209483479445,10.201847814241612,9.791367745804163,10.164449911844416,50078
2018-08-09,10.164449911844416,10.774431252976232,10.096282653410158,10.607660345946968,50000
2018-08-10,10.607660345946968,10.65531333159761,10.381299222263515,10.413513072122285,55325
2018-08-13,10.413513072122285,10.494665126961431,9.946171029335488,10.088986875583586,50000
2018-08-14,10.088986875583586,10.239245977114955,10.052311733158454,10.12161366083409,50000
2018-08-15,10.12161366083409,10.182495345266647,9.806050536643077,9.897228201648208,50000
2018-08-16,9.897228201648208,10.451835769421413,9.787275419332051,10.416196151389356,53300
2018-08-17,10.416196151389356,10.43942540707215,10.288574664271605,10.3000602790084,242124
2018-08-20,10.3000602790084,10.350359371030944,10.228640141818405,10.313408878182415,163909
2018-08-21,10.313408878182415,10.348272645682966,10.211757345467477,10.263048970286597,50000
2018-08-22,10.263048970286597,10.335081114190608,10.010301313339072,10.032591531309059,50000
2018-08-23,10.032591531309059,10.501017192097182,10.006826639869717,10.474132134018149,87308
2018-08-24,10.474132134018149,10.499970028189127,10.292129128986863,10.342616504887276,50000
2018-08-27,10.342616504887276,10.815437213469579,10.233602080631401,10.70834942957723,50000
2018-08-28,10.70834942957723,10.939439807197106,10.66664906418457,10.86249074268313,50000
2018-08-29,10.86249074268313,11.316248380353246,10.836874365685018,11.212551505287962,50000
2018-08-30,11.212551505287962,11.275036223774093,11.051899659548866,11.083555017430548,50000
2018-08-31,11.083555017430548,11.169689405190201,10.18943005902161,10.228232500584836,56585
2018-09-03,10.228232500584836,10.241848826244897,10.180113140749635,10.202075907846849,100795
2018-09-04,10.202075907846849,10.29840575958432,10.015395949229761,10.107717905433773,156565
2018-09-05,10.107717905433773,10.143853014304163,9.959026140976444,10.005403315585477,57846
2018-09-06,10.005403315585477,10.229418704658393,9.961360136877067,10.15501813355617,50000
2018-09-07,10.15501813355617,10.368202586836766,10.041961383293033,10.350901008783724,50000
2018-09-10,10.350901008783724,10.581078804858022,10.26828044983254,10.559204058635489,50000
2018-09-11,10.559204058635489,10.563094036752629,10.32476095231178,10.380518489537383,87462
2018-09-12,10.380518489537383,10.41912535271303,10.12081064131475,10.254002359801271,50000
2018-09-13,10.254002359801271,10.356240389619293,10.21162058018498,10.286896227671848,50000
2018-09-14,10.286896227671848,10.458050805041701,10.192689144873553,10.403479888783542,58347
2018-09-17,10.403479888783542,10.418898867788194,10.021676660378207,10.038471731760895,63924
2018-09-18,10.038471731760895,10.265837707479788,10.001375297792071,10.219019358243626,50000
2018-09-19,10.219019358243626,10.283708776809195,10.17602650679035,10.188696137052851,50000
2018-09-20,10.188696137052851,10.190837721348307,10.043497373287012,10.078061059464016,92996
2018-09-21,10.078061059464016,10.17537417289385,9.727252323320089,9.73714395371984,50000
2018-09-24,9.73714395371984,9.74734004234287,9.362348898870987,9.363444480407518,59921
2018-09-25,9.363444480407518,9.690319680018783,9.348964832741595,9.687927366448742,78610
2018-09-26,9.687927366448742,9.753544708721405,9.465915638068115,9.523914484428726,50000
2018-09-27,9.523914484428726,9.5288721010751,9.154995172641549,9.157542837376269,50000
2018-09-28,9.157542837376269,9.55283854815277,9.057001892086168,9.468543372021635,168709
2018-10-01,9.468543372021635,9.471640838020207,9.37656856817953,9.41163430448814,151335
2018-10-02,9.41163430448814,9.759931658496745,9.363380925645243,9.749971637236763,54703
2018-10-03,9.749971637236763,10.004229550806906,9.741703560859635,9.92996258762777,64957
2018-10-04,9.92996258762777,10.14008084137584,9.925427120209212,10.069638267168326,50000
2018-10-05,10.069638267168326,10.07674733899814,9.935226602262652,9.987674625745688,50000
2018-10-08,9.987674625745688,10.2776582044627,9.901889837541997,10.267040005027596,50000
2018-10-09,10.267040005027596,10.735372073533702,10.207862122117016,10.659366207875761,50000
2018-10-10,10.659366207875761,10.71679232115934,10.441137262303808,10.530040553319655,50000
2018-10-11,10.530040553319655,10.535485961002763,10.386836537599475,10.419793146442885,84666
2018-10-12,10.419793146442885,10.48977435900994,10.306499869456976,10.463861550213254,114668
2018-10-15,10.463861550213254,10.671685821447,10.394457067075669,10.632512153298764,50000
2018-10-16,10.632512153298764,11.103977473906104,10.614387309167158,11.011282563857202,63175
2018-10-17,11.011282563857202,11.073681505735086,10.775971412348374,10.889395182676306,50000
2018-10-18,10.889395182676306,11.239356301611481,10.880845067520022,11.167818811550813,50000
2018-10-19,11.167818811550813,11.65336594583743,11.138653124456107,11.576521120101894,50000
2018-10-22,11.576521120101894,11.951613641955973,11.451013357792153,11.84381859651429,50000
2018-10-23,11.84381859651429,11.882413704528934,11.783196976088584,11.857862632228933,64493
2018-10-24,11.857862632228933,12.10912673949056,11.623505352087578,11.96610518075765,50000
2018-10-25,11.96610518075765,12.03066438371423,11.93113427364124,12.013966834473763,50000
2018-10-26,12.013966834473763,12.02553758891837,11.764115247726071,11.792783246731663,50000
2018-10-29,11.792783246731663,11.885440987264404,11.382373076904855,11.384463071914842,67490
2018-10-30,11.384463071914842,11.416720092186306,11.0744001971533,11.107759688034802,50000
2018-10-31,11.107759688034802,11.16221559100384,11.069829522545739,11.114170301279849,94149
2018-11-01,11.114170301279849,11.51124065582755,11.046547505650073,11.484144847942172,95138
2018-11-02,11.484144847942172,11.666799084677347,11.42731734934407,11.61622339310783,53385
2018-11-05,11.61622339310783,11.768909138698673,11.53787102543633,11.759610216111001,52873
2018-11-06,11.759610216111001,11.876225895433251,11.712658630041538,11.835971614209246,50000
2018-11-07,11.835971614209246,12.060344932971857,11.79021787334678,11.983124144118953,50000
2018-11-08,11.983124144118953,12.119374549831397,11.957309227062556,12.112705312369274,50000
2018-11-09,12.112705312369274,12.313199145862924,12.02094053930963,12.255950977262538,50000
2018-11-12,12.255950977262538,12.573495772960003,12.23246162942687,12.477920933313914,50000
2018-11-13,12.477920933313914,12.792617037077246,12.46801373686536,12.789852986208116,50000
2018-11-14,12.789852986208116,12.835100696026037,12.761631412262219,12.766232027245577,50000
2018-11-15,12.766232027245577,12.957422663638654,12.684420714481453,12.916715125616047,50000
2018-11-16,12.916715125616047,13.299674350559226,12.848636547590072,13.11914101719621,50000
2018-11-19,13.11914101719621,13.306429078104768,13.094570225815687,13.238691871026505,73639
2018-11-20,13.238691871026505,13.458005348680732,13.117534711810737,13.413807991889472,57217
2018-11-21,13.413807991889472,13.90300568325385,13.334871662954288,13.823628221099076,62944
2018-11-22,13.823628221099076,13.945435970589694,13.685818038258503,13.70781113570533,50000
2018-11-23,13.70781113570533,13.857422221583095,13.64746090817982,13.774354726088,50000
2018-11-26,13.774354726088,14.23485091275178,13.750904094450332,14.137585981560314,62021
2018-11-27,14.137585981560314,14.463187912755652,13.992052189476714,14.350305323763815,50000
2018-11-28,14.350305323763815,14.752399737170848,14.300207675221793,14.54528174302639,50000
2018-11-29,14.54528174302639,14.566159259665477,14.078922631399042,14.174435921315773,50000
2018-11-30,14.174435921315773,14.342975836263356,14.071106997347789,14.29986874106718,50000
2018-12-03,14.29986874106718,14.316831127230243,13.827275476633396,13.873561500853995,50000
2018-12-04,13.873561500853995,14.21043808445211,13.804861038936641,14.119358039843801,50000
2018-12-05,14.119358039843801,14.24606884576123,14.061901584365689,14.200994325611129,50000
2018-12-06,14.200994325611129,14.669030635855034,14.006569059477119,14.601547651371906,98238
2018-12-07,14.601547651371906,14.64424581341578,14.47051705174072,14.50275675000557,50000
2018-12-10,14.50275675000557,14.534878894137861,14.117841093923344,14.180997651971902,109947
2018-12-11,14.180997651971902,14.277160084526814,14.138972028407876,14.23094197450376,50000
2018-12-12,14.23094197450376,14.77173736735063,14.174177790825429,14.626691689447346,50000
2018-12-13,14.626691689447346,14.687703393116996,14.364409808914498,14.38706890751673,50000
2018-12-14,14.38706890751673,14.449309897881498,14.161639380074334,14.224995868801122,57577
2018-12-17,14.224995868801122,15.073390682771995,14.1159915969295,14.92875837303977,50000
2018-12-18,14.92875837303977,15.394766067963157,14.828485314923283,15.322951824146106,71156
2018-12-19,15.322951824146106,15.749480419082152,15.19550421041642,15.742098129656107,74434
2018-12-20,15.742098129656107,16.30193822961522,15.711688653876303,16.278674412419257,50000
2018-12-21,16.278674412419257,16.669453037371888,16.243869911576112,16.55690174791081,50000
2018-12-24,16.55690174791081,16.873835023764283,16.55472004349168,16.673573948125544,50000
2018-12-25,16.673573948125544,16.81835800914669,16.63975976083579,16.672442820352654,50000
2018-12-26,16.672442820352654,16.81016737843034,16.51426614232496,16.6284061260675,116205
2018-12-27,16.6284061260675,16.925186829673432,16.529801568021707,16.885618279970533,50000
2018-12-28,16.885618279970533,17.014548106142296,16.684360599472196,16.982171594172993,50000
2018-12-31,16.982171594172993,17.133953462492762,16.88249165856231,17.124332489056066,50000
2019-01-01,17.124332489056066,17.246162803360107,16.92624062315085,17.01135761783641,50000
2019-01-02,17.01135761783641,17.360537464502475,16.909802944450455,17.139215681618925,50000
2019-01-03,17.139215681618925,17.27529989263089,17.092316454569758,17.22306280464509,69081
2019-01-04,17.22306280464509,17.45353735658335,17.11206904166358,17.423199988572918,87172
2019-01-07,17.423199988572918,17.756308136628167,17.314312062992556,17.652754821662548,50000
2019-01-08,17.652754821662548,17.925637239450204,17.638795095082134,17.803866880507897,81675
2019-01-09,17.803866880507897,17.82781803008667,17.48048336466526,17.610205817416592,50000
2019-01-10,17.610205817416592,17.681130510332377,17.330379189938462,17.349098205621953,99291
2019-01-11,17.349098205621953,17.58907092326088,16.83205131520023,17.01735365020894,50000
2019-01-14,17.01735365020894,17.11197642743092,16.78386865789056,16.895561156656054,57343
2019-01-15,16.895561156656054,17.224348230186283,16.88948628798641,17.222120487384036,50000
2019-01-16,17.222120487384036,17.29083511673627,17.140185401412694,17.280405436799295,50000
2019-01-17,17.280405436799295,17.59422401704338,17.25445077113696,17.576264429640258,50000
2019-01-18,17.576264429640258,18.170138555390825,17.566252182850743,18.028799671388995,50000
2019-01-21,18.028799671388995,18.048314364149046,17.698850016011008,17.817128398084154,50000
2019-01-22,17.817128398084154,17.832876856854625,17.68309340203756,17.683660900517584,50000
2019-01-23,17.683660900517584,18.061503818087466,17.5304115789956,18.027232663526963,50000
2019-01-24,18.027232663526963,18.736229261948907,17.975243037417417,18.675209803463318,108913
2019-01-25,18.675209803463318,19.171645220019066,18.58666232603147,19.04526296319822,50000
2019-01-28,19.04526296319822,19.795123583195707,18.919448270348607,19.500289783643513,50000
2019-01-29,19.500289783643513,19.69867624450364,19.371147283995775,19.60548341175537,85532
2019-01-30,19.60548341175537,19.644278167804018,19.173193007053754,19.232984876721947,50000
2019-01-31,19.232984876721947,19.41065135734596,19.147203008156207,19.343042972730018,62629
2019-02-01,19.343042972730018,19.406332043685,19.258269734906083,19.393340607473814,50000
2019-02-04,19.393340607473814,19.868303631782528,19.318161421957978,19.70222626145118,50000
2019-02-05,19.70222626145118,19.886714512339385,19.59179304163301,19.702892969339633,50000
2019-02-06,19.702892969339633,20.223487680102593,19.69010143647082,20.10390742590461,50000
2019-02-07,20.10390742590461,20.430908899480503,20.046789607625797,20.286375638945707,50000
2019-02-08,20.286375638945707,20.356808842097145,19.691783901871865,19.746331058531812,50000
2019-02-11,19.746331058531812,19.9312950589439,19.688993443480566,19.888181488975373,50000
2019-02-12,19.888181488975373,19.93943117248668,19.47779737233855,19.51197948857508,50000
2019-02-13,19.51197948857508,19.900726074911457,19.368246442375163,19.590044684439356,50000
2019-02-14,19.590044684439356,19.602333029536567,19.5549713671216,19.569124142314323,98499
2019-02-15,19.569124142314323,19.70659625626867,19.344728585562876,19.372084833232694,57966
2019-02-18,19.372084833232694,19.69446207475184,19.17558852099227,19.537330611166233,50000
2019-02-19,19.537330611166233,19.56491577505031,19.307783685788984,19.372470935893308,50000
2019-02-20,19.372470935893308,19.417795653232194,19.15736305087019,19.215818786791264,101709
2019-02-21,19.215818786791264,19.515123881600534,19.050044818404483,19.34233922063058,50000
2019-02-22,19.34233922063058,19.403765041763,19.239811635247914,19.306876137049123,50000
2019-02-25,19.306876137049123,19.358884231885302,19.00989153517854,19.17676276295348,50000
2019-02-26,19.17676276295348,19.353527942345195,19.001056340619197,19.332132378032195,50000
2019-02-27,19.332132378032195,19.999854254975173,19.2795006219208,19.75145505968271,50000
2019-02-28,19.75145505968271,19.884728295052266,19.73411236287453,19.74224490071951,50000
2019-03-01,19.74224490071951,20.000831220282457,19.120767724751648,19.43508137204354,50000
2019-03-04,19.43508137204354,19.67980318198213,19.380649475860192,19.56909023732161,98564
2019-03-05,19.56909023732161,19.64911347473783,19.061720767677848,19.10668419189644,77248
2019-03-06,19.10668419189644,19.16018642580385,18.969912118850498,19.106994665701528,50000
2019-03-07,19.106994665701528,19.345952447360887,19.07839716848641,19.16568070564203,50000
2019-03-08,19.16568070564203,19.17750165910593,19.07913605355164,19.079972592748653,50000
2019-03-11,19.079972592748653,19.49501859322462,19.012482601173954,19.35890367746544,50000
2019-03-12,19.35890367746544,19.37176698978012,18.96872650723621,19.163918044145884,88971
2019-03-13,19.163918044145884,19.45769340031928,19.019599673943844,19.322154438011133,50000
2019-03-14,19.322154438011133,19.398061391605054,19.020849790273726,19.219969099024542,50000
2019-03-15,19.219969099024542,19.27540783719441,18.831171334924708,18.98710485548199,50000
2019-03-18,18.98710485548199,19.095897051106398,18.84118136260102,18.85593506278167,50000
2019-03-19,18.85593506278167,19.169618474376463,18.67726570216455,19.042705631859878,50000
2019-03-20,19.042705631859878,19.043388781097956,18.96378883834604,18.981990798624,50000
2019-03-21,18.981990798624,19.01108233749529,18.509511456426036,18.651855686538052,50000
2019-03-22,18.651855686538052,18.847852130023835,18.196397945724147,18.398665361274,71067
2019-03-25,18.398665361274,18.578398241177087,18.285242087103146,18.501837030633087,50000
2019-03-26,18.501837030633087,18.730634754682562,18.411641150969956,18.686002298793866,50000
2019-03-27,18.686002298793866,18.840380360506057,17.96213129765836,17.971596417574972,50000
2019-03-28,17.971596417574972,18.06819085025068,17.68120983800172,17.6873256314483,50000
2019-03-29,17.6873256314483,17.741545624265047,17.419818784452286,17.565699107300777,50000
2019-04-01,17.565699107300777,18.03768864296861,17.54935044500235,17.947271312498096,55039
2019-04-02,17.947271312498096,17.996793551745807,17.529560849765453,17.698759495332784,70278
2019-04-03,17.698759495332784,17.757515998561963,17.092723082848625,17.320885654647725,50000
2019-04-04,17.320885654647725,17.49665836632999,17.280225944643963,17.489321779310146,50000
2019-04-05,17.489321779310146,17.778097426305077,17.311004710122074,17.728465387018723,50000
2019-04-08,17.728465387018723,17.790644118233757,17.496039079343756,17.639775465994315,50000
2019-04-09,17.639775465994315,17.70958235535585,17.606477992143567,17.61722301773254,206815
2019-04-10,17.61722301773254,17.629565349334246,17.487038590272533,17.589664323323092,50000
2019-04-11,17.589664323323092,17.661309645047666,16.73878184822723,16.81626804505934,50000
2019-04-12,16.81626804505934,16.871487440850288,16.47991463160568,16.606273050739226,58922
2019-04-15,16.606273050739226,16.629412384993486,16.392366566332626,16.506967812530636,101580
2019-04-16,16.506967812530636,17.03977981636228,16.50170851931457,16.84875096350584,50000
2019-04-17,16.84875096350584,17.21387191605336,16.74704384880394,17.198250550383708,50000
2019-04-18,17.198250550383708,17.458794756651542,17.16970791756866,17.367792587394057,50000
2019-04-19,17.367792587394057,18.006873985622892,17.342924079399197,17.943167981698302,50000
2019-04-22,17.943167981698302,18.702841200661844,17.920472448851072,18.601190937173676,50000
2019-04-23,18.601190937173676,18.98191134702283,18.569378306840154,18.685487335148018,145503
2019-04-24,18.685487335148018,18.77905274197876,18.30609648371066,18.43936781661891,50000
2019-04-25,18.43936781661891,18.715272437218516,18.315498832016182,18.683519516971483,50000
2019-04-26,18.683519516971483,18.729805069962456,18.293242043760078,18.41062603964541,50000
2019-04-29,18.41062603964541,18.749551481687277,18.359734977123946,18.621407702336818,50000
2019-04-30,18.621407702336818,18.815420558699714,18.44813895876387,18.609377416664337,50000
2019-05-01,18.609377416664337,18.63944709448733,18.529531216563278,18.589328154010413,88864
2019-05-02,18.589328154010413,18.61846104207499,18.397467813954524,18.57693521725242,50000
2019-05-03,18.57693521725242,18.65949801995983,18.41201100551068,18.506953083383625,50000
2019-05-06,18.506953083383625,18.74011480667755,18.425093823746376,18.64461717771959,50000
2019-05-07,18.64461717771959,19.020092395413393,18.569161407987732,18.979399196273178,50000
2019-05-08,18.979399196273178,19.301236255247137,18.894520324403782,19.203922227546357,50000
2019-05-09,19.203922227546357,19.51878376341149,19.155554427443874,19.17910243326817,101167
2019-05-10,19.17910243326817,19.73785340545468,19.14502103152907,19.728011592239415,96035
2019-05-13,19.728011592239415,20.50520793372409,19.727439751012593,20.345932535891155,50000
2019-05-14,20.345932535891155,20.366880677280793,20.192034044448317,20.215536918855552,50000
2019-05-15,20.215536918855552,20.45471611148308,20.205616353837733,20.36479428246811,54269
2019-05-16,20.36479428246811,20.564266065810294,20.25492477876493,20.514871335573456,50025
2019-05-17,20.514871335573456,21.27097586806596,20.387548278244303,21.16068369228204,50000
2019-05-20,21.16068369228204,21.357314051378772,20.84993698324541,21.004243342180118,50000
2019-05-21,21.004243342180118,21.028708521336412,20.71251656239167,20.916602774082953,102154
2019-05-22,20.916602774082953,20.950087604492033,20.761544721579007,20.808059921371928,50000
2019-05-23,20.808059921371928,21.502275145005633,20.79524252695099,21.45225052142102,64029
2019-05-24,21.45225052142102,21.686928100240582,21.340788058761614,21.418781096038465,50000
2019-05-27,21.418781096038465,21.462876389314204,21.360349663200203,21.457793268900804,50000
2019-05-28,21.457793268900804,22.203790312823518,21.396358857328956,22.07090269608595,85805
2019-05-29,22.07090269608595,22.176515130397316,21.89885176836999,21.973278415226726,50000
2019-05-30,21.973278415226726,22.043017692873956,21.902904875120978,21.997012401588954,50000
2019-05-31,21.997012401588954,22.088855086168262,21.524710005729844,21.708324186880485,149209
2019-06-03,21.708324186880485,21.944771154315234,21.660678662345273,21.82861964594501,85162
2019-06-04,21.82861964594501,21.83671604996186,21.40339304848528,21.58221339999288,72791
2019-06-05,21.58221339999288,21.64340095893207,21.11997784819685,21.216678342045075,50000
2019-06-06,21.216678342045075,21.22194678249604,20.693290657047385,20.701979017723882,79189
2019-06-07,20.701979017723882,20.75303490323652,20.378837509148017,20.463475696596117,50000
2019-06-10,20.463475696596117,20.489266564381563,20.427240456856854,20.458271919841486,54459
2019-06-11,20.458271919841486,21.139757857473022,20.371810191992825,20.823215921568394,50000
2019-06-12,20.823215921568394,20.829506006134242,20.52680388384342,20.55587743770902,76886
2019-06-13,20.55587743770902,20.564281585393136,20.24882697914089,20.511674984748915,50000
2019-06-14,20.511674984748915,20.545715685116374,20.506889633724953,20.529783654241434,50000
2019-06-17,20.529783654241434,20.572354107987792,20.00466577083327,20.093295986803017,50000
2019-06-18,20.093295986803017,20.485404448700447,19.892488083426898,20.295479082783046,50000
2019-06-19,20.295479082783046,20.516631750919306,20.215763232162384,20.51164602826648,50000
2019-06-20,20.51164602826648,20.539731554803044,20.445653771406317,20.46731144141326,64600
2019-06-21,20.46731144141326,20.617063883187722,20.25630400617305,20.267523489782064,50000
2019-06-24,20.267523489782064,20.567503193559265,20.17825867074185,20.374393014996848,50000
2019-06-25,20.374393014996848,20.5657147926211,20.055918733183447,20.5270437113686,59321
2019-06-26,20.5270437113686,20.761106179716062,20.456877665560476,20.65886355962984,50000
2019-06-27,20.65886355962984,20.86819977327089,20.20294051209281,20.33622003065074,169062
2019-06-28,20.33622003065074,20.58843435183803,20.014914779781595,20.093746423099983,50000
2019-07-01,20.093746423099983,20.212712136639304,19.579156905092226,19.690388565467643,50000
2019-07-02,19.690388565467643,19.713345665305045,19.55876220007332,19.63333508952668,51902
2019-07-03,19.63333508952668,19.77204034013094,19.608998442343257,19.66343155471678,50000
2019-07-04,19.66343155471678,19.680945371009248,19.471079859230425,19.576551881996057,50000
2019-07-05,19.576551881996057,19.955507324664563,19.550527495855164,19.933679178413435,50000
2019-07-08,19.933679178413435,20.09449000229612,19.80446662612741,20.03152292639631,55573
2019-07-09,20.03152292639631,20.08328481451285,19.841858064860283,19.870246715756043,58072
2019-07-10,19.870246715756043,20.01767959298464,19.643907758106764,19.737367702439524,50000
2019-07-11,19.737367702439524,20.048150105451015,19.65951836558205,20.00972430005868,120794
2019-07-12,20.00972430005868,20.22664145265463,19.608805166135618,19.71419060395821,137529
2019-07-15,19.71419060395821,19.865200382803557,19.704916299350092,19.79730723521814,50000
2019-07-16,19.79730723521814,20.466306962024518,19.738518157061982,20.281927195548057,50000
2019-07-17,20.281927195548057,20.688043508701256,20.178524666255502,20.371734279582306,50000
2019-07-18,20.371734279582306,20.513571290621005,20.17745715848796,20.48011314696224,51989
2019-07-19,20.48011314696224,20.49009235726947,20.229730966821673,20.361850017977527,50000
2019-07-22,20.361850017977527,20.52009243899651,20.08300084010304,20.128397675730387,53216
2019-07-23,20.128397675730387,20.51174319629387,20.115023487850465,20.48999325575037,50000
2019-07-24,20.48999325575037,20.500784128284565,20.094485784329617,20.16447436490606,50961
2019-07-25,20.16447436490606,20.374542450022574,20.139277264716824,20.368849327259255,50000
2019-07-26,20.368849327259255,20.885352726038352,20.35220364839504,20.827177997487166,50000
2019-07-29,20.827177997487166,21.05484037670357,20.649721218200266,20.728254750331892,50000
2019-07-30,20.728254750331892,20.86038613073717,20.261315773244057,20.29690514787445,50000
2019-07-31,20.29690514787445,20.325143705767516,20.187685642386086,20.22755993713579,50000
2019-08-01,20.22755993713579,20.73031516132444,20.132689919861626,20.61258009559257,50000
2019-08-02,20.61258009559257,21.043231763996392,20.57973101584772,20.99721420777019,50000
2019-08-05,20.99721420777019,21.021244238592693,20.77690369164998,20.82522468677519,50000
2019-08-06,20.82522468677519,20.993837100226603,20.723731030236017,20.987616844972127,50000
2019-08-07,20.987616844972127,21.04343863567548,20.634315110170643,20.749552921003023,58813
2019-08-08,20.749552921003023,20.9595573383705,20.660422600244743,20.75364176160483,50000
2019-08-09,20.75364176160483,20.876836123604832,20.577127836749924,20.608805982404085,71902
2019-08-12,20.608805982404085,21.224173718902573,20.598106792066755,21.156030557725707,106731
2019-08-13,21.156030557725707,21.243784728003988,20.86865764631856,20.884384619817396,54700
2019-08-14,20.884384619817396,21.14391954311557,20.846942377185773,21.137853153306594,53953
2019-08-15,21.137853153306594,21.264719869208918,20.972017671497362,21.164491355376278,50000
2019-08-16,21.164491355376278,21.25720674948873,20.993710023224466,21.189054139274187,50000
2019-08-19,21.189054139274187,21.717600695803924,21.14616063193557,21.654136771953617,50000
2019-08-20,21.654136771953617,22.28681538539175,21.600686163213798,22.14458056905437,50000
2019-08-21,22.14458056905437,22.733978370325236,21.859869291060875,22.43791515550981,90553
2019-08-22,22.43791515550981,22.47710585993109,22.22121892816554,22.346231906535856,82508
2019-08-23,22.346231906535856,22.552523319249623,21.795847440606796,21.911221640446602,50000
2019-08-26,21.911221640446602,22.443236915627132,21.89430925773326,22.228837057804682,67305
2019-08-27,22.228837057804682,22.703338746422016,22.016851398544894,22.478252944571512,50000
2019-08-28,22.478252944571512,22.880570779802127,22.466156847614677,22.753247185336285,50000
2019-08-29,22.753247185336285,22.810611072241077,22.27884792667765,22.37803774700017,50000
2019-08-30,22.37803774700017,22.550760663514215,22.12825437259263,22.46847163589649,118060
2019-09-02,22.46847163589649,22.706223206267637,22.437031455146375,22.66505933575823,50000
2019-09-03,22.66505933575823,22.880425517744815,22.533800857153057,22.697668845191494,128252
2019-09-04,22.697668845191494,22.83309809834295,21.99690256872416,22.12001098397928,50000
2019-09-05,22.12001098397928,22.495082946381117,22.02264149227718,22.484321910452614,50000
2019-09-06,22.484321910452614,22.839053124069707,22.40066456864019,22.7152156233152,50000
2019-09-09,22.7152156233152,22.739656831168162,22.546786790135975,22.597207443231767,55375
2019-09-10,22.597207443231767,22.78974781481552,22.467005131952586,22.568371720132628,50000
2019-09-11,22.568371720132628,22.66445978173194,22.409297847047096,22.61887871780879,87686
2019-09-12,22.61887871780879,22.78633325683699,22.188496997385464,22.385362625030453,50000
2019-09-13,22.385362625030453,22.7915653721152,22.293526238446375,22.778424374321865,50000
2019-09-16,22.778424374321865,22.99370132227223,22.7227244929339,22.94727553721412,50000
2019-09-17,22.94727553721412,23.165693681588618,22.681799865640734,23.04494945806617,50000
2019-09-18,23.04494945806617,23.121777991083558,22.824847167869745,22.9390231207245,81319
2019-09-19,22.9390231207245,22.969744145133404,22.784903294939628,22.799618901039253,50000
2019-09-20,22.799618901039253,22.9519990440413,22.761045084387973,22.936384755179017,50000
2019-09-23,22.936384755179017,23.030269125348344,22.852520430124954,22.86277521908733,50000
2019-09-24,22.86277521908733,23.083875681748488,22.484746383830803,22.54944470043713,50000
2019-09-25,22.54944470043713,22.632581727287107,22.43968316645647,22.554715167965362,54320
2019-09-26,22.554715167965362,22.993964322580343,22.48366460062183,22.86872105014072,50000
2019-09-27,22.86872105014072,23.30360844205963,22.729158678884453,23.282587705064007,50000
2019-09-30,23.282587705064007,23.32780766365033,22.99606875572006,23.09698641629662,50000
2019-10-01,23.09698641629662,23.330780003805803,23.070716281197555,23.16190886359666,50000
2019-10-02,23.16190886359666,23.570690304250633,22.890076281827092,23.419761199322735,50000
2019-10-03,23.419761199322735,23.67090347151543,23.41498800271505,23.45534858788883,76327
2019-10-04,23.45534858788883,23.679215713033283,23.194337489974522,23.233505221665176,56704
2019-10-07,23.233505221665176,23.421512444798005,22.85795867222577,23.083789569883884,125089
2019-10-08,23.083789569883884,23.392690124567764,22.823555839016674,23.326906437619765,50000
2019-10-09,23.326906437619765,23.394537066555486,22.54787030425882,22.65786905145866,67767
2019-10-10,22.65786905145866,22.76383766418108,22.379051476288886,22.513633571093365,85150
2019-10-11,22.513633571093365,22.549195865822647,21.938246174912507,21.949853890291074,52508
2019-10-14,21.949853890291074,22.2140028843614,21.267896935291194,21.623020055106675,143874
2019-10-15,21.623020055106675,21.654335680250444,21.48588705797176,21.578842036129597,56766
2019-10-16,21.578842036129597,21.65837041237022,20.826732605052477,21.07180997721845,57146
2019-10-17,21.07180997721845,21.237969507287072,20.868534766755083,21.18467395687848,65617
2019-10-18,21.18467395687848,21.415851771590827,20.94674455266396,21.1336079369023,50000
2019-10-21,21.1336079369023,21.15298323587252,20.499056348489216,20.547421749531132,50000
2019-10-22,20.547421749531132,20.7588017842856,20.488838263275987,20.711422942178636,50000
2019-10-23,20.711422942178636,21.26041556036162,20.65856783193376,21.19355251341253,86523
2019-10-24,21.19355251341253,21.832434463493648,21.12736091480503,21.76264938950405,50000
2019-10-25,21.76264938950405,22.032995125262122,21.520493237808125,21.581256648258982,50000
2019-10-28,21.581256648258982,21.79049796253494,21.33455106646002,21.43426738277451,50000
2019-10-29,21.43426738277451,21.87732177116491,21.202478529419814,21.76385716430165,87793
2019-10-30,21.76385716430165,22.06731197217768,21.401623480974372,21.466930300134983,104384
2019-10-31,21.466930300134983,21.59885708020648,21.294515323743983,21.51277752057699,50000
2019-11-01,21.51277752057699,21.840101891412974,21.40447305655997,21.481402797464312,50000
2019-11-04,21.481402797464312,21.782495131814766,21.03985695033951,21.061242219401915,341006
2019-11-05,21.061242219401915,21.119331898348662,20.98562781808709,21.06650520275571,50000
2019-11-06,21.06650520275571,21.19214083853005,20.553727925789097,20.611959092791192,62959
2019-11-07,20.611959092791192,21.09886334373592,20.562277692615385,21.063291143916764,57204
2019-11-08,21.063291143916764,21.817454816473035,20.962614407596543,21.535685877022217,50000
2019-11-11,21.535685877022217,21.652325475891864,21.513389789455378,21.52284528644973,79286
2019-11-12,21.52284528644973,21.818735653539708,21.351564483538667,21.68769581117554,50000
2019-11-13,21.68769581117554,22.02401937177388,21.511590956106474,21.98485754874736,50000
2019-11-14,21.98485754874736,21.996142997955904,21.273261486330387,21.33138616608252,50000
2019-11-15,21.33138616608252,21.626580991625616,21.1335948782981,21.55361040980117,100051
2019-11-18,21.55361040980117,21.559579229073577,21.106093455855106,21.394080025550114,50000
2019-11-19,21.394080025550114,21.6739729015161,21.185699339571766,21.204903276861977,50000
2019-11-20,21.204903276861977,21.419972725337786,21.07546308431887,21.12283221787784,129859
2019-11-21,21.12283221787784,21.229733885319554,20.95756463034212,21.192839540593337,50000
2019-11-22,21.192839540593337,21.2304703154438,21.126839604264827,21.185051079637894,50000
2019-11-25,21.185051079637894,21.7926513140637,21.168262530067814,21.740963754313896,71143
2019-11-26,21.740963754313896,22.193278410138824,21.5850908495912,21.940537123233756,50000
2019-11-27,21.940537123233756,22.303079386061995,21.84223024020273,22.17425124062992,50000
2019-11-28,22.17425124062992,23.074228267679572,22.121410091299694,22.817184055302732,77045
2019-11-29,22.817184055302732,23.180373201667372,22.786655220451635,22.989369836493456,63722
2019-12-02,22.989369836493456,23.296085013702488,22.889326505506283,23.26273963805063,74417
2019-12-03,23.26273963805063,23.56431966988594,22.99633542472872,23.426431959932646,50000
2019-12-04,23.426431959932646,24.288020708224817,23.423053500943652,24.020860824361396,51194
2019-12-05,24.020860824361396,24.44548046024145,23.980167858069365,24.239387509531443,64117
2019-12-06,24.239387509531443,24.428185161269898,24.21465336149398,24.41297508711192,50000
2019-12-09,24.41297508711192,25.140678470165753,24.298221660244906,24.900467353175788,50000
2019-12-10,24.900467353175788,25.562469974643296,24.75321690085806,25.4114475020233,50000
2019-12-11,25.4114475020233,25.836477446780414,25.17678461848073,25.801295345774523,50000
2019-12-12,25.801295345774523,26.07833613374578,25.371825608903393,25.51082497572045,50000
2019-12-13,25.51082497572045,25.571427738303207,25.146284017115097,25.56813928832224,63686
2019-12-16,25.56813928832224,25.751666557033058,25.564628162800403,25.731825361769307,50000
2019-12-17,25.731825361769307,26.18053128318031,25.64025299899414,25.940644601253382,50000
2019-12-18,25.940644601253382,26.048570167078946,25.28945134868717,25.34773962134183,50000
2019-12-19,25.34773962134183,25.53704021653911,25.295468603949615,25.431244158631788,50000
2019-12-20,25.431244158631788,25.53249791948689,25.080474747759165,25.09842602227992,58722
2019-12-23,25.09842602227992,25.599246318077334,24.890224329301553,25.452629826391608,50000
2019-12-24,25.452629826391608,25.704959145431427,25.19405112282116,25.204452797969484,50000
2019-12-25,25.204452797969484,25.858141493142064,25.175671142406472,25.721909666127328,55414
2019-12-26,25.721909666127328,25.95778431671464,25.70545475702731,25.73080658337304,50000
2019-12-27,25.73080658337304,25.753857695160683,25.307968952910063,25.580026909366172,50000
2019-12-30,25.580026909366172,25.661924565685496,25.535352494145094,25.66173283746474,50000
2019-12-31,25.66173283746474,26.069412445790217,25.607470067553045,25.89192355532919,50000
2020-01-01,25.89192355532919,25.933479669993943,25.83979043992494,25.856223544986925,60473
2020-01-02,25.856223544986925,26.106073919016968,25.197777051182396,25.286282453497833,50000
2020-01-03,25.286282453497833,25.41931828285559,24.38801807802565,24.83884943675646,53552
2020-01-06,24.83884943675646,25.640990462738852,24.620216568222414,25.477924985744295,50000
2020-01-07,25.477924985744295,25.76262182255672,25.42850108015552,25.45020539772497,61100
2020-01-08,25.45020539772497,25.78128333320215,25.16015463694039,25.594467237338332,50000
2020-01-09,25.594467237338332,25.608093014805554,25.043386084018447,25.088232970786933,50000
2020-01-10,25.088232970786933,25.17191561673248,24.780638957339736,25.014558704469128,58323
2020-01-13,25.014558704469128,25.157702044178393,24.73499503966488,24.916891662193578,50000
2020-01-14,24.916891662193578,25.442720336113176,24.853811002788404,25.2524616442902,50000
2020-01-15,25.2524616442902,25.55751853212709,25.115853914710456,25.468663726112496,50000
2020-01-16,25.468663726112496,25.62168185170679,25.26141185357747,25.37917997886207,50000
2020-01-17,25.37917997886207,25.381088660281836,24.815485072969555,24.90769855763695,50000
2020-01-20,24.90769855763695,25.019891309579823,24.35888717030692,24.449597890580733,50000
2020-01-21,24.449597890580733,25.051964173077213,24.390661195648025,24.82093765156704,50000
2020-01-22,24.82093765156704,25.12552702746774,24.673467382649605,24.678004239573173,50000
2020-01-23,24.678004239573173,24.708975672891064,24.36671130495625,24.43247982761882,50000
2020-01-24,24.43247982761882,24.519261518208065,24.065642124606846,24.24553812917165,108376
2020-01-27,24.24553812917165,24.890918168695904,24.17550389033164,24.592420954069866,50000
2020-01-28,24.592420954069866,25.10509521437321,24.362430523263374,25.091711798870392,83679
2020-01-29,25.091711798870392,25.240023976753015,24.72445775137376,24.96574415399779,50000
2020-01-30,24.96574415399779,24.96790266347977,24.71711618923444,24.845746501236057,50000
2020-01-31,24.845746501236057,24.906933297721217,24.69808142757246,24.708076650096967,50000
2020-02-03,24.708076650096967,24.728484711145917,24.1931773059278,24.417526475188314,50000
2020-02-04,24.417526475188314,24.473276173958272,24.068700915489185,24.128869736829497,50000
2020-02-05,24.128869736829497,24.301450033349735,24.010232180362394,24.25364640019489,50000
2020-02-06,24.25364640019489,24.810365090630278,24.121621988333278,24.63096719859184,58309
2020-02-07,24.63096719859184,25.114907197406275,24.60238195031503,25.113520823210887,69217
2020-02-10,25.113520823210887,25.129434105887,24.865065612604244,24.92290374846757,50000
2020-02-11,24.92290374846757,25.047999516549524,24.836627625688372,24.94714637859495,69726
2020-02-12,24.94714637859495,25.42663379502256,24.768786193969735,25.23252946571762,50000
2020-02-13,25.23252946571762,25.523994601542512,25.131236390820895,25.361752397263917,69368
2020-02-14,25.361752397263917,25.37961928991022,25.231394412039624,25.378182396065124,67131
2020-02-17,25.378182396065124,25.488441105260005,25.18554274676371,25.427982198308335,50000
2020-02-18,25.427982198308335,25.499392339304375,25.12305605279625,25.28409030157141,50000
2020-02-19,25.28409030157141,25.42517562812143,24.877035443459633,24.930529733540286,50000
2020-02-20,24.930529733540286,25.17817520392327,24.85816568618839,25.092029408283302,50000
2020-02-21,25.092029408283302,25.39581723866358,25.013068104244713,25.25958668358518,50406
2020-02-24,25.25958668358518,25.681570939055778,25.069535671993606,25.645932010145966,50000
2020-02-25,25.645932010145966,25.78533574662869,25.19060343165471,25.278708821373154,50000
2020-02-26,25.278708821373154,25.580283074826696,24.949489743418262,25.212125878335748,50000
2020-02-27,25.212125878335748,25.379285705001845,25.017644233599455,25.22343680340277,50000
2020-02-28,25.22343680340277,25.40200006360571,25.105425896691507,25.247987226489617,50000
2020-03-02,25.247987226489617,25.58965512403622,24.587640391017832,24.592779379899753,119998
2020-03-03,24.592779379899753,24.727298893718828,24.426115686920305,24.539472529254628,50000
2020-03-04,24.539472529254628,24.644165813955965,24.01277289444275,24.368095556332047,50000
2020-03-05,24.368095556332047,24.74423592151757,24.29418472582228,24.641255950719625,50000
2020-03-06,24.641255950719625,24.888580415241332,23.961394428151618,23.96408683013293,50769
2020-03-09,23.96408683013293,24.324576391959102,23.8032325488898,24.06675704663763,51261
2020-03-10,24.06675704663763,24.073471688605757,23.682774826158322,23.68628301668472,50000
2020-03-11,23.68628301668472,23.923375806253848,23.56748360611927,23.810495952090278,50000
2020-03-12,23.810495952090278,24.053903357971148,23.628834407568252,23.924902362414727,50000
2020-03-13,23.924902362414727,23.988181514203855,23.36293426664976,23.366004536766486,89540
2020-03-16,23.366004536766486,23.44226727808989,23.334351721902966,23.370678472379513,50000
2020-03-17,23.370678472379513,23.555723810212978,23.24164512883535,23.302096881739658,50000
2020-03-18,23.302096881739658,23.311067433894838,22.959301250668773,22.996655598004615,50000
2020-03-19,22.996655598004615,23.070929871583534,22.744711340549497,22.859287661335394,147646
2020-03-20,22.859287661335394,23.39716142159374,22.787131429863013,23.2749048410109,50000
2020-03-23,23.2749048410109,23.587553079764724,23.107560611778634,23.51088194903176,50000
2020-03-24,23.51088194903176,23.527538347343494,23.40643844133074,23.504721863836192,50000
2020-03-25,23.504721863836192,23.600999861717067,22.932799095121275,23.13810250094287,50000
2020-03-26,23.13810250094287,23.28427941941415,22.53313175498825,22.7700471712655,50000
2020-03-27,22.7700471712655,22.992748872420737,22.69677060152099,22.961577296756744,121561
2020-03-30,22.961577296756744,23.303766667777815,22.95175112819565,23.244371859354516,50000
2020-03-31,23.244371859354516,23.27203090231721,22.61323153854653,22.820377114201353,50000
2020-04-01,22.820377114201353,23.532282836711225,22.643887817804533,23.515115928536503,50000
2020-04-02,23.515115928536503,23.568789425535755,23.408218983912633,23.495496352540965,50000
2020-04-03,23.495496352540965,23.668770764955266,23.281839024788777,23.555875456296544,95958
2020-04-06,23.555875456296544,24.236122339068842,23.50345433688016,24.023023903075998,50000
2020-04-07,24.023023903075998,24.137093262605678,23.875576620573046,24.09078533575012,50000
2020-04-08,24.09078533575012,24.136833240901474,23.51392613820875,23.628071134264612,50000
2020-04-09,23.628071134264612,24.134474998897666,23.523897398162774,23.944037608161405,50000
2020-04-10,23.944037608161405,24.06721036694266,23.798288827788564,23.996797641013497,50000
2020-04-13,23.996797641013497,24.406461149987233,23.726696304172922,23.94611472707905,50000
2020-04-14,23.94611472707905,23.972214802376207,23.611023902265067,23.75734174145859,50000
2020-04-15,23.75734174145859,23.808181175876044,23.385162748474382,23.543242253540136,50000
2020-04-16,23.543242253540136,23.78631165161128,23.34118938665443,23.379997130909555,50000
2020-04-17,23.379997130909555,23.615096670500847,23.366607889815654,23.49037954030866,50000
2020-04-20,23.49037954030866,23.67100454897877,22.97005286752418,23.020590540115634,50000
2020-04-21,23.020590540115634,23.096876476556876,22.98267541759814,23.019379589630297,55260
2020-04-22,23.019379589630297,23.76919786524205,22.879233544322787,23.591948285524776,50000
2020-04-23,23.591948285524776,23.648225218457707,23.40500622997732,23.443009872682474,59009
2020-04-24,23.443009872682474,23.57210806576315,23.0991898472601,23.10100937371419,50000
2020-04-27,23.10100937371419,23.19697964317564,22.63277005282431,22.74877653873685,50000
2020-04-28,22.74877653873685,22.74991567106816,22.618691145470468,22.665497058200103,50000
2020-04-29,22.665497058200103,22.89452320115698,22.51493690711703,22.535218578568635,50000
2020-04-30,22.535218578568635,22.908185125475818,22.285988164808916,22.829926602528342,50000
2020-05-01,22.829926602528342,23.212649679505354,22.480579516687463,22.552099732900647,284432
2020-05-04,22.552099732900647,22.561743957505847,22.306939362949475,22.33475868684671,50000
2020-05-05,22.33475868684671,22.540913153059382,21.955969678439295,22.180952305633266,154526
2020-05-06,22.180952305633266,22.533949160452337,22.047669909857863,22.374807067068513,50000
2020-05-07,22.374807067068513,22.467935237054597,22.074626775990684,22.285074941189553,156786
2020-05-08,22.285074941189553,22.809618139070807,22.284110688560126,22.674975945424904,50000
2020-05-11,22.674975945424904,22.952143209058338,21.89361719376716,22.140512180200613,50000
2020-05-12,22.140512180200613,22.25759386116977,21.956007920468576,22.202259191826,50000
2020-05-13,22.202259191826,22.632436845964456,22.11173332343562,22.619354184496075,50000
2020-05-14,22.619354184496075,23.064564393822486,22.49606469152471,22.703830735341462,50000
2020-05-15,22.703830735341462,22.753207935640624,22.19724217752183,22.32494376230119,50000
2020-05-18,22.32494376230119,22.39989595156275,22.192112367995374,22.3916121143443,50000
2020-05-19,22.3916121143443,22.759103036882152,21.618692229260795,21.835230858264012,50000
2020-05-20,21.835230858264012,21.889997135620433,21.594279679323076,21.656518438620953,50000
2020-05-21,21.656518438620953,21.705135725193337,21.56598941174097,21.600531100239262,50000
2020-05-22,21.600531100239262,21.881536973211457,21.543251175119043,21.803629584225565,50000
2020-05-25,21.803629584225565,22.36277060343774,21.653089722026827,22.14111158686429,128055
2020-05-26,22.14111158686429,22.249376332188024,21.829663687082586,21.94341496092576,50000
2020-05-27,21.94341496092576,21.992949884379875,21.589673911920293,21.61670709846152,50000
2020-05-28,21.61670709846152,21.706805861503646,21.61311740539462,21.669187981130833,96746
2020-05-29,21.669187981130833,21.672423532977934,21.488777923520416,21.491988530987573,54078
2020-06-01,21.491988530987573,21.69840581637364,21.305409888301867,21.539390518594498,50000
2020-06-02,21.539390518594498,22.014172137600404,21.351306940026692,21.726158496676497,50000
2020-06-03,21.726158496676497,22.032736801889733,21.679701339796342,21.8709125867841,58158
2020-06-04,21.8709125867841,21.90608881453704,21.4732976756788,21.696204154450914,50000
2020-06-05,21.696204154450914,21.965928325700364,21.665631334112998,21.70632642487926,50000
2020-06-08,21.70632642487926,22.028860276461113,21.69161539086146,21.889662699717512,50000
2020-06-09,21.889662699717512,21.917000090838282,21.33183563937519,21.37247909197288,50000
2020-06-10,21.37247909197288,21.615717534808905,21.275498833773675,21.476252035507837,164837
2020-06-11,21.476252035507837,21.518486714972404,21.473142658375252,21.50824217312734,56597
2020-06-12,21.50824217312734,21.610642621811536,21.245714334102157,21.360332605549583,115851
2020-06-15,21.360332605549583,21.407302596458614,21.012043619333742,21.136626129312535,50000
2020-06-16,21.136626129312535,21.580135578697508,20.973312740587513,21.465800567995494,50000
2020-06-17,21.465800567995494,21.9730601721704,21.253682619091972,21.970327384123667,50000
2020-06-18,21.970327384123667,22.06910316355555,21.664372685412303,21.67991160829328,50000
2020-06-19,21.67991160829328,21.71375110473378,21.227214955123635,21.371467552228978,50000
2020-06-22,21.371467552228978,21.517165400531336,20.93658384661244,21.17923453503369,93545
2020-06-23,21.17923453503369,21.79952014269427,21.157243300673162,21.62123215121123,65405
2020-06-24,21.62123215121123,21.63738074521061,21.492619469543175,21.620670786751116,110737
2020-06-25,21.620670786751116,21.741035632127513,21.536604216378244,21.726115806448252,50000
2020-06-26,21.726115806448252,21.822739246696862,21.443879902662704,21.70526001375808,50000
2020-06-29,21.70526001375808,21.868652750933965,21.044990153735135,21.096215676859767,50739
2020-06-30,21.096215676859767,21.150022898472933,20.834268405949437,20.84972198168052,50000
2020-07-01,20.84972198168052,21.68311959771194,20.69379865475028,21.63644678405872,50000
2020-07-02,21.63644678405872,22.20626691559635,21.461378585869358,22.158175468328302,50000
2020-07-03,22.158175468328302,22.46174294307054,21.684006424103,21.75778228266637,50000
2020-07-06,21.75778228266637,22.385383345003486,21.676864657870652,22.32524229406727,58440
2020-07-07,22.32524229406727,22.45735405043697,22.04366368858399,22.135614712762095,50000
2020-07-08,22.135614712762095,22.404216283949925,21.30967234489142,21.4204558086075,50000
2020-07-09,21.4204558086075,21.574794874023425,21.3382696904058,21.516136130209542,50000
2020-07-10,21.516136130209542,21.72766262325536,21.394226026830072,21.69647960516207,50000
2020-07-13,21.69647960516207,21.71057721165467,21.55640394149189,21.643316897739425,71639
2020-07-14,21.643316897739425,21.67178935325081,21.496257741327394,21.60307710522194,80492
2020-07-15,21.60307710522194,21.663399149776374,21.137276535965164,21.209085517925296,50000
2020-07-16,21.209085517925296,21.21422227301215,21.123718356354747,21.172213704062255,50000
2020-07-17,21.172213704062255,21.548056296690735,21.11331223153923,21.43023713557829,50000
2020-07-20,21.43023713557829,21.988952387321685,21.264183589904587,21.921299178041085,72968
2020-07-21,21.921299178041085,21.966488406377117,21.007221784398826,21.166034347851145,64139
2020-07-22,21.166034347851145,21.622269569361592,21.014502566849732,21.48720141574504,50000
2020-07-23,21.48720141574504,21.79259117032974,21.423667320739483,21.665607743491776,72818
2020-07-24,21.665607743491776,21.724025627915893,21.39618341922608,21.405794083155808,50000
2020-07-27,21.405794083155808,22.009900433331143,21.24077486195041,21.571301852124964,98658
2020-07-28,21.571301852124964,22.13683448960083,21.432875221137177,21.89030361382088,65044
2020-07-29,21.89030361382088,22.356284520956162,21.782336330139447,22.317559041852896,50000
2020-07-30,22.317559041852896,22.56297952174954,22.209038505396858,22.263381803203103,50000
2020-07-31,22.263381803203103,22.357682705660377,22.119046661091254,22.218254940949144,50000
2020-08-03,22.218254940949144,22.40542803063801,21.47036953961077,21.711678718260057,50000
2020-08-04,21.711678718260057,21.805777818832592,21.511185944333224,21.77416936280287,50000
2020-08-05,21.77416936280287,22.11259162488773,21.43071395690428,22.035901955341657,50000
2020-08-06,22.035901955341657,22.108070001048354,21.889781165218157,22.037897589952543,50000
2020-08-07,22.037897589952543,22.201174956069373,21.632636184460104,21.714428136313867,50000
2020-08-10,21.714428136313867,21.80065567529216,21.279437784964628,21.307471584416106,50000
2020-08-11,21.307471584416106,21.59633506395656,21.160607299242034,21.550324207377294,50000
2020-08-12,21.550324207377294,21.728997727627657,21.546945662583724,21.695523670214023,150609
2020-08-13,21.695523670214023,21.86971350164643,21.393783773181784,21.530101427928567,55278
2020-08-14,21.530101427928567,21.94832946773286,21.457022844613054,21.671573016411088,50000
2020-08-17,21.671573016411088,21.98674223230004,21.64769210862973,21.810131375648126,90180
2020-08-18,21.810131375648126,21.871376728732113,21.678526016276226,21.717094596226257,50000
2020-08-19,21.717094596226257,21.867042302186253,21.18518520098169,21.210872441776708,58050
2020-08-20,21.210872441776708,21.41819567955336,21.175396505242816,21.33016467451763,117990
2020-08-21,21.33016467451763,21.68216163485495,21.30994522948912,21.599172682137436,50000
2020-08-24,21.599172682137436,22.23307043009779,21.348133400072502,22.08250729834008,50000
2020-08-25,22.08250729834008,22.450569312915036,21.583156906415198,21.633211169075558,50000
2020-08-26,21.633211169075558,21.70202462019937,21.581201205819315,21.67105248152046,50000
2020-08-27,21.67105248152046,21.730300361015853,21.37179401803432,21.60929528879258,58309
2020-08-28,21.60929528879258,22.127436359592306,21.452430167198457,22.02406219550288,50000
2020-08-31,22.02406219550288,22.125507879570364,21.645001323158084,21.661889959258527,50000
2020-09-01,21.661889959258527,22.09558950133891,21.65604325757884,22.070922151126453,78012
2020-09-02,22.070922151126453,22.36009481350037,22.00014000393331,22.19179468874304,50000
2020-09-03,22.19179468874304,22.501318088138653,22.08012753823407,22.288797623760615,70288
2020-09-04,22.288797623760615,22.801958704832053,22.19260972335151,22.59416255223342,50000
2020-09-07,22.59416255223342,22.604002888684576,22.474662991693585,22.475057346331745,50000
2020-09-08,22.475057346331745,22.543591476717427,22.148004389125195,22.414680833350435,60790
2020-09-09,22.414680833350435,22.49060209521696,22.21582422839822,22.229001574024537,50000
2020-09-10,22.229001574024537,22.374039072357043,22.220811781349497,22.299804517324134,50000
2020-09-11,22.299804517324134,22.87941730899292,22.2552281178967,22.853267724566244,50000
2020-09-14,22.853267724566244,22.914746071649716,22.466178599738456,22.632872029040406,50000
2020-09-15,22.632872029040406,22.84448378050024,22.543815393235334,22.689149187154193,50000
2020-09-16,22.689149187154193,22.921259074670285,22.314968284883548,22.41139670526871,50000
2020-09-17,22.41139670526871,22.517860523521545,22.142086823390546,22.451065833024508,50000
2020-09-18,22.451065833024508,22.97788271693388,22.208314068068656,22.817794072374408,50000
2020-09-21,22.817794072374408,23.328333845607922,22.70085960028076,23.191175395567495,50000
2020-09-22,23.191175395567495,23.23942849979335,23.042725122254875,23.05524467796682,50000
2020-09-23,23.05524467796682,23.362926488561854,23.002850574443535,23.22586093735467,50000
2020-09-24,23.22586093735467,23.2319027405961,22.97453842460189,22.98013791911084,50000
2020-09-25,22.98013791911084,23.280444216059678,22.662570959270514,22.755088841964078,50000
2020-09-28,22.755088841964078,23.096191274412515,22.606213653791514,23.018664690239966,50000
2020-09-29,23.018664690239966,23.909695661689693,22.95176391677274,23.599071424347233,77474
2020-09-30,23.599071424347233,23.718439919679856,23.358740018245424,23.373928203209097,61366
2020-10-01,23.373928203209097,23.56148641842084,23.146835336933723,23.223205109247314,50000
2020-10-02,23.223205109247314,23.23369806026773,22.735312961335644,23.01096768667604,50000
2020-10-05,23.01096768667604,23.381608030662296,22.985569752384052,23.373144191305215,142394
2020-10-06,23.373144191305215,23.615290695580903,22.787897952496937,22.888593092840622,50000
2020-10-07,22.888593092840622,23.188823553216885,22.76936751214048,23.145287859191978,50000
2020-10-08,23.145287859191978,23.383028083593793,23.130919897998115,23.16432095661813,82817
2020-10-09,23.16432095661813,23.30645795005645,22.868243977776388,22.926338693393543,58928
2020-10-12,22.926338693393543,23.139297010190855,22.71657742011537,22.788936844070406,50000
2020-10-13,22.788936844070406,23.165715127672193,22.683977033392487,23.142570164069113,50000
2020-10-14,23.142570164069113,23.319407851497832,23.080043969018977,23.31052602980673,50000
2020-10-15,23.31052602980673,23.32727252246582,22.984738183319273,23.15997317019418,50000
2020-10-16,23.15997317019418,23.2095584637555,22.656795939308157,22.926769299958213,83179
2020-10-19,22.926769299958213,22.96243234624807,22.250377459103976,22.421765186204574,82325
2020-10-20,22.421765186204574,22.580488768381013,22.064105076306586,22.553863719796226,50000
2020-10-21,22.553863719796226,22.61632912824434,22.0948836076634,22.322425271133216,75660
2020-10-22,22.322425271133216,22.472239975641685,22.171815504418852,22.36215548492492,50000
2020-10-23,22.36215548492492,22.41481982540263,22.16449472905041,22.177003837765458,86080
2020-10-26,22.177003837765458,22.33854408150924,21.9905206820849,22.095643511403864,113782
2020-10-27,22.095643511403864,22.24321083207297,21.982561371295105,22.131114407024544,50000
2020-10-28,22.131114407024544,22.131776871953612,22.082986532937515,22.08680049636592,50000
2020-10-29,22.08680049636592,22.391416632247747,21.95262688765243,22.334337303984494,50073
2020-10-30,22.334337303984494,22.477614009843883,22.144028601775553,22.443577016395405,167026
2020-11-02,22.443577016395405,22.6141261476868,22.390648827622357,22.527514991079293,50000
2020-11-03,22.527514991079293,22.694391253288348,22.33993734948623,22.63781852811089,50000
2020-11-04,22.63781852811089,22.728054191993287,21.96161377254725,21.980523328603457,50000
2020-11-05,21.980523328603457,22.405447273782773,21.860831479280105,22.20829518992594,50902
2020-11-06,22.20829518992594,22.544605828535474,22.09214423367385,22.31077058990397,50000
2020-11-09,22.31077058990397,22.78442037812193,22.257343665470003,22.77127356660392,178949
2020-11-10,22.77127356660392,22.988525846473866,22.730560319959125,22.98146711819303,244682
2020-11-11,22.98146711819303,23.124123025939458,22.091370342672377,22.316383124819765,50000
2020-11-12,22.316383124819765,22.63118393076927,22.2178905522608,22.466071561391605,50000
2020-11-13,22.466071561391605,22.65397058804853,22.441161145476965,22.571994113753963,50000
2020-11-16,22.571994113753963,22.983488339878217,22.439980380741265,22.94268368625823,59137
2020-11-17,22.94268368625823,23.11305608793106,22.6766739071115,22.7504764981098,65349
2020-11-18,22.7504764981098,23.335168551615,22.643873146969213,23.1578575274606,50000
2020-11-19,23.1578575274606,23.278211824793463,22.916371670011767,22.977435346213955,50000
2020-11-20,22.977435346213955,23.070810649895307,22.571302731627345,22.61644847562083,50000
2020-11-23,22.61644847562083,22.9822724406592,22.45325367245418,22.97816440372377,50000
2020-11-24,22.97816440372377,23.165936677001778,22.883046643564608,23.062905123986216,50000
2020-11-25,23.062905123986216,23.205325342330404,22.89619959931596,23.17768818921256,54018
2020-11-26,23.17768818921256,23.262911196601436,23.091077936109944,23.10357564225494,50000
2020-11-27,23.10357564225494,23.376746031411447,22.97516717565281,23.05388575147653,50000
2020-11-30,23.05388575147653,23.168814115064606,22.617559624728678,22.739416191065565,50000
2020-12-01,22.739416191065565,22.96613454750264,22.510319149712068,22.818945114414056,50000
2020-12-02,22.818945114414056,22.978806643647246,22.46151345182372,22.6629177416385,50000
2020-12-03,22.6629177416385,22.888188344150723,22.558656511483523,22.794811633519267,50000
2020-12-04,22.794811633519267,22.982635303594282,22.216993133260683,22.470260925313973,50000
2020-12-07,22.470260925313973,22.927651044577253,22.409977893573917,22.647162685980675,52620
2020-12-08,22.647162685980675,22.92596044497552,22.55655983209018,22.756142382298105,121743
2020-12-09,22.756142382298105,22.80347984207957,22.129083907660934,22.329424409790285,55323
2020-12-10,22.329424409790285,22.364969960310344,22.0748132572565,22.0883689759981,50000
2020-12-11,22.0883689759981,22.908688530583817,22.01129895964149,22.830055241761425,50000
2020-12-14,22.830055241761425,22.976149193658266,22.705517130825758,22.926686940080756,50000
2020-12-15,22.926686940080756,23.067799545831694,22.924470065104448,23.060057966575844,50000
2020-12-16,23.060057966575844,23.27610084797499,22.8796933020805,22.95422687503332,50000
2020-12-17,22.95422687503332,23.118996696473495,22.549904672030713,22.69516195847062,50000
2020-12-18,22.69516195847062,22.89297686686362,22.179599776033943,22.225163323195726,50000
2020-12-21,22.225163323195726,22.362266583047948,21.97812691851161,22.2565378050946,50000
2020-12-22,22.2565378050946,22.309960641187622,21.691462607352637,21.777900759429173,75955
2020-12-23,21.777900759429173,22.692086286376234,21.693362941661498,22.481718997004073,50000
2020-12-24,22.481718997004073,22.719087988971204,21.897753108063213,22.08530792752988,50000
2020-12-25,22.08530792752988,22.18931303549704,21.898896961444905,21.9793996875372,50000
2020-12-28,21.9793996875372,22.23915484077714,21.71659755506728,22.23002840355068,50000
2020-12-29,22.23002840355068,22.617173479007914,22.093099299822732,22.5746830864275,50000
2020-12-30,22.5746830864275,22.645748906127523,22.24149436518474,22.401638092824673,88683
2020-12-31,22.401638092824673,22.724823303600637,22.202092136982287,22.63557366464436,54161
2021-01-01,22.63557366464436,22.650596801875743,22.22667126130634,22.227062068025216,63763
2021-01-04,22.227062068025216,22.3139752818698,22.046530021737645,22.125276907565738,50000
2021-01-05,22.125276907565738,22.328610679528108,22.03450984452608,22.04092229856377,151053
2021-01-06,22.04092229856377,22.09897957340556,21.410168882363187,21.542118891723195,106754
2021-01-07,21.542118891723195,21.550759905477037,21.41830824529672,21.45658027594125,50000
2021-01-08,21.45658027594125,21.598580858546278,21.227775904637436,21.259910299156715,99434
2021-01-11,21.259910299156715,21.300744945135563,21.18471838640108,21.201339328207304,50000
2021-01-12,21.201339328207304,21.24849175349801,20.805995592772625,20.854845675832724,85878
2021-01-13,20.854845675832724,20.961677374119297,20.634911353417362,20.74588609897964,71819
2021-01-14,20.74588609897964,20.855875824846635,20.471389207393972,20.474460056691452,50000
2021-01-15,20.474460056691452,20.668901372779224,20.304232978658977,20.585737389947013,50000
2021-01-18,20.585737389947013,21.217478703181737,20.581275225849524,21.17492407543229,60757
2021-01-19,21.17492407543229,21.218514255125914,20.844201222672176,20.916055056951585,50000
2021-01-20,20.916055056951585,21.000626581169627,20.814677293423564,20.975414898416595,67516
2021-01-21,20.975414898416595,21.077523513127133,20.84497571912797,20.89104599007409,50000
2021-01-22,20.89104599007409,20.939326015171662,20.85490077148764,20.90263652329796,50000
2021-01-25,20.90263652329796,21.306429596744646,20.783942551498672,21.02267048842044,50000
2021-01-26,21.02267048842044,21.19535855681034,20.846553831384977,21.000714156422717,63844
2021-01-27,21.000714156422717,21.015808585589767,20.9505124054865,20.95428845509786,50000
2021-01-28,20.95428845509786,21.02909259091661,20.787571530495196,20.856266623212253,87461
2021-01-29,20.856266623212253,21.01602833626502,20.568590696133334,20.674243074986183,50000
2021-02-01,20.674243074986183,20.698924575753004,20.29462294968336,20.41978892979094,50000
2021-02-02,20.41978892979094,20.60497644995253,19.963234815469367,20.129036473291453,50000
2021-02-03,20.129036473291453,20.3241767383035,20.127942435313717,20.147101212374178,50000
2021-02-04,20.147101212374178,20.330246725076755,19.847947436726464,19.998281282461857,50000
2021-02-05,19.998281282461857,20.17618817468084,19.98171927050632,20.052740192968486,63769
2021-02-08,20.052740192968486,20.180687710572702,19.93675523285261,20.112840730904818,50000
2021-02-09,20.112840730904818,20.41696626744384,19.536206316419293,19.600408308654124,58585
2021-02-10,19.600408308654124,19.70756157626523,19.446543463001895,19.458841305310266,50000
2021-02-11,19.458841305310266,19.51036113079376,18.959096942761498,18.972332255728798,50000
2021-02-12,18.972332255728798,19.020704030321124,18.447558635106702,18.77774057034413,57564
2021-02-15,18.77774057034413,18.837389340860174,18.474021157025035,18.535478101863266,53282
2021-02-16,18.535478101863266,18.781786274883423,18.441522644338054,18.742923719694257,50000
2021-02-17,18.742923719694257,18.854260260219885,18.409832276131343,18.69021200551926,50000
2021-02-18,18.69021200551926,18.70933491241798,18.5950579905669,18.605904286095797,55108
2021-02-19,18.605904286095797,18.71713172283856,18.347167598263887,18.442515620733353,50000
2021-02-22,18.442515620733353,18.522940176472897,18.337982454845864,18.48704749591997,50000
2021-02-23,18.48704749591997,18.638828950527426,18.45437648311191,18.608899307061385,50000
2021-02-24,18.608899307061385,18.66661812874002,18.351787452726775,18.43383425685218,50000
2021-02-25,18.43383425685218,18.940937697819926,18.154524786811834,18.848676939589488,50000
2021-02-26,18.848676939589488,19.18507041924021,18.707576669128667,18.934546883789714,70949
2021-03-01,18.934546883789714,19.493555535110776,18.88677182299253,19.46438377264215,50000
2021-03-02,19.46438377264215,19.487295209141593,19.283939635013216,19.337181415454484,75599
2021-03-03,19.337181415454484,19.446693067145972,18.881745068033688,18.903975590259044,50000
2021-03-04,18.903975590259044,19.097430190581036,18.791313248005824,19.05665251944957,50000
2021-03-05,19.05665251944957,19.804015965966723,19.002263067054827,19.646919289622076,50000
2021-03-08,19.646919289622076,19.718914486767723,19.457773537725807,19.681977452122556,50000
2021-03-09,19.681977452122556,19.987636831190944,19.52999381098881,19.968504747095253,50000
2021-03-10,19.968504747095253,20.119434507351674,19.90934433155,19.964393672396092,50000
2021-03-11,19.964393672396092,20.319465277129403,19.70730248533297,20.228844429316425,50000
2021-03-12,20.228844429316425,20.346679474085544,19.91872737938437,20.047049195216562,67331
2021-03-15,20.047049195216562,20.145786584846466,19.771464793245595,19.788990003478894,50000
2021-03-16,19.788990003478894,19.955313648053032,19.585037611597006,19.617379883010656,50000
2021-03-17,19.617379883010656,19.661249864528536,19.182866780582255,19.211794867447605,50000
2021-03-18,19.211794867447605,19.753071531762714,18.96740558989733,19.57792520902503,50000
2021-03-19,19.57792520902503,19.640166211795503,19.559089475991428,19.604814493161665,50000
2021-03-22,19.604814493161665,19.76449848571273,19.53556435834747,19.663730740432346,50000
2021-03-23,19.663730740432346,19.991622439446466,19.629633781108417,19.787819844797696,104548
2021-03-24,19.787819844797696,19.88153774654818,19.433157824881583,19.49666306518,88946
2021-03-25,19.49666306518,19.528436012604317,19.062721112139272,19.084574050201446,121828
2021-03-26,19.084574050201446,19.28581522169185,19.023354306414898,19.230545334759462,50000
2021-03-29,19.230545334759462,19.675599066792433,19.060485216429218,19.544598987758505,51231
2021-03-30,19.544598987758505,19.86861333449089,19.448842871825658,19.715177657966287,50000
2021-03-31,19.715177657966287,20.029729862955598,19.621908097794346,19.846164812884307,50000
2021-04-01,19.846164812884307,19.961404426490827,19.561688774941498,19.625100650853867,54436
2021-04-02,19.625100650853867,19.791415019132415,18.821458556349928,18.870990370596736,50000
2021-04-05,18.870990370596736,18.928416368901395,18.2689772052244,18.29619744124389,50000
2021-04-06,18.29619744124389,18.81738248276974,18.267072847718854,18.69754134585236,50000
2021-04-07,18.69754134585236,18.846031035775944,18.56040666160267,18.650216032955818,50000
2021-04-08,18.650216032955818,18.66510750478204,18.299413049479565,18.375093601038607,50000
2021-04-09,18.375093601038607,18.666234864354095,18.26207091227175,18.495637233025015,50000
2021-04-12,18.495637233025015,18.50525046052747,18.3812424453698,18.471725557917512,50000
2021-04-13,18.471725557917512,18.47560770701112,18.010221035705985,18.04320778209559,182496
2021-04-14,18.04320778209559,18.23474053692409,17.973433593993743,17.985029268777186,74346
2021-04-15,17.985029268777186,18.32703895665422,17.869087088449234,18.146252759653073,50000
2021-04-16,18.146252759653073,18.23430653057361,18.08148584503243,18.12175419711476,54360
2021-04-19,18.12175419711476,18.398122930146176,18.07202614236804,18.29925743622433,50872
2021-04-20,18.29925743622433,18.4091803520894,18.281998872470396,18.370112127681452,50000
2021-04-21,18.370112127681452,18.887565988093094,18.27627259154528,18.69782026409479,133998
2021-04-22,18.69782026409479,19.282613827012845,18.685161935133102,19.201963561209336,50000
2021-04-23,19.201963561209336,19.267006874842483,18.87730912095389,18.885550880845805,50000
2021-04-26,18.885550880845805,19.39929203545349,18.786552291931375,19.280881080835393,50000
2021-04-27,19.280881080835393,19.473292413128572,19.04863313145138,19.14673941252632,98286
2021-04-28,19.14673941252632,19.316638060615375,18.46692129739365,18.56502719000213,50000
2021-04-29,18.56502719000213,18.567354884982283,17.93852195442248,18.1015126653753,50000
2021-04-30,18.1015126653753,18.187912388069684,17.361332087076995,17.68007875257463,50000
2021-05-03,17.68007875257463,17.904913913777822,17.639135639669387,17.868542226737596,50000
2021-05-04,17.868542226737596,18.0267692032227,17.81431284207091,17.9873793370957,50000
2021-05-05,17.9873793370957,18.444925580119566,17.8671185000405,18.235307485923297,50000
2021-05-06,18.235307485923297,18.311731093402482,18.035626893913967,18.2604881887138,50000
2021-05-07,18.2604881887138,18.42586212569412,17.85831435255978,17.90312934164031,68763
2021-05-10,17.90312934164031,17.960925438123347,17.589971598027336,17.722151096727515,119165
2021-05-11,17.722151096727515,17.899155125829274,17.720627936541526,17.833391109985303,50000
2021-05-12,17.833391109985303,17.862296464042707,17.700903423211628,17.755759911992648,50000
2021-05-13,17.755759911992648,17.93395136895397,17.34516426784229,17.367121725891483,50000
2021-05-14,17.367121725891483,17.400105049615007,16.79181280542046,16.877049117800677,70352
2021-05-17,16.877049117800677,17.02501118960601,16.708161956949912,16.999733024154434,90075
2021-05-18,16.999733024154434,17.035736109505827,16.89707663700423,17.011352232832472,50000
2021-05-19,17.011352232832472,17.517827000800818,16.959954980826893,17.47106657662562,50000
2021-05-20,17.47106657662562,17.65063889723072,17.03077455261207,17.035228777921244,50000
2021-05-21,17.035228777921244,17.630744464305433,16.972968434729818,17.60083545463547,72979
2021-05-24,17.60083545463547,17.657795830833912,17.313667789779256,17.491355339087047,50000
2021-05-25,17.491355339087047,17.57957460681245,17.317920705224726,17.517203292345275,50000
2021-05-26,17.517203292345275,17.653316364147823,17.33009056961447,17.579180284780122,77168
2021-05-27,17.579180284780122,17.763381978583954,17.484939662483438,17.670652996970006,50000
2021-05-28,17.670652996970006,17.820878358676193,17.374047921342047,17.53612424725018,70645
2021-05-31,17.53612424725018,17.673338438643277,17.2221632984245,17.630773692480435,50000
2021-06-01,17.630773692480435,17.659110898976902,17.57715856708032,17.58726914854022,68282
2021-06-02,17.58726914854022,17.70574996451979,17.253432525263612,17.275141250665566,50000
2021-06-03,17.275141250665566,17.330503647530044,17.24995777279456,17.281917743600445,76322
2021-06-04,17.281917743600445,17.40667387645167,17.09592159905942,17.13260483685205,50000
2021-06-07,17.13260483685205,17.72358943933676,17.129801799677324,17.645871267922413,50000
2021-06-08,17.645871267922413,17.790550739969113,17.593136059748915,17.642047915742182,50000
2021-06-09,17.642047915742182,18.384731639766276,17.455655207768277,18.242384678460446,57416
2021-06-10,18.242384678460446,18.272758929874627,17.574394350978174,17.634366746116797,51560
2021-06-11,17.634366746116797,17.7699754962223,17.48450999932999,17.48743319784269,50000
2021-06-14,17.48743319784269,17.598011967969292,17.39861127629805,17.537456885231997,50000
2021-06-15,17.537456885231997,18.229825407970345,17.469012030003928,18.107298252217564,50000
2021-06-16,18.107298252217564,18.161142686553777,17.957883064715155,18.028669383309037,62629
2021-06-17,18.028669383309037,18.44824878521322,17.9773059604038,18.31812439402638,50000
2021-06-18,18.31812439402638,18.423703811353256,18.20364887081527,18.26358716206613,50000
2021-06-21,18.26358716206613,18.502743175179745,18.189441499547975,18.386884827615443,50000
2021-06-22,18.386884827615443,18.401220011134892,18.008973048035212,18.104580559968298,50000
2021-06-23,18.104580559968298,18.965774192577886,18.084314280563852,18.88504467255227,50000
2021-06-24,18.88504467255227,18.906423156084145,18.7317890948282,18.795609276886694,50000
2021-06-25,18.795609276886694,19.039949880152406,18.73071476963595,18.939532305809912,50000
2021-06-28,18.939532305809912,19.043589498792766,18.657378614618676,18.83826418691224,50000
2021-06-29,18.83826418691224,19.47593115927751,18.748722619458697,19.34860997995058,52385
2021-06-30,19.34860997995058,19.62853613286113,19.235255062124526,19.514111791481433,56349
2021-07-01,19.514111791481433,19.598251495536438,19.312518742437312,19.319951755946516,50000
2021-07-02,19.319951755946516,19.777792964667388,19.2670850977051,19.610457232258693,59836
2021-07-05,19.610457232258693,19.994669569458107,19.555106414287938,19.846925653748514,61762
2021-07-06,19.846925653748514,20.405821530286495,19.70667355237348,20.245200987198768,50000
2021-07-07,20.245200987198768,20.447964086262925,19.953531940873553,19.977187446641405,50000
2021-07-08,19.977187446641405,20.064285533988873,19.588922788623428,19.702809008642298,50000
2021-07-09,19.702809008642298,19.963269257083663,19.230888145740572,19.297911184087965,50000
2021-07-12,19.297911184087965,19.385872245945958,18.69915327057732,18.830895852272832,50000
2021-07-13,18.830895852272832,18.856598070336457,18.685491506212696,18.849850882981897,50000
2021-07-14,18.849850882981897,19.02730401065849,18.31086019875681,18.466054680763165,134885
2021-07-15,18.466054680763165,18.64747022459301,18.410759001243033,18.629425503073428,50000
2021-07-16,18.629425503073428,19.087062675602102,18.600847522611886,18.881784056490826,50000
2021-07-19,18.881784056490826,19.018057045014196,18.410043610695134,18.513438212352625,50000
2021-07-20,18.513438212352625,18.780308370717943,18.08946515915054,18.150641371993085,50093
2021-07-21,18.150641371993085,18.213966607528626,17.943006018781308,18.047113936018306,50000
2021-07-22,18.047113936018306,18.4060793649132,17.99164368700767,18.04421616563765,63170
2021-07-23,18.04421616563765,18.096486891200648,17.596122196686395,17.605748676829034,50000
2021-07-26,17.605748676829034,17.822461388444893,17.198766962879024,17.27067026102333,50000
2021-07-27,17.27067026102333,17.338797315601017,17.224751943448258,17.298966939986524,50000
2021-07-28,17.298966939986524,17.51698958970229,17.27648596682591,17.411523508388026,50000
2021-07-29,17.411523508388026,17.415067722191694,17.11906847308094,17.13883072852628,50000
2021-07-30,17.13883072852628,17.169679245049394,17.01052544110461,17.060674777106758,50000
2021-08-02,17.060674777106758,17.51089609327398,17.04681061013665,17.482819689823625,92954
2021-08-03,17.482819689823625,17.767654592170455,17.47724109804887,17.68434395246919,55821
2021-08-04,17.68434395246919,17.69386138354058,17.240222558045176,17.285849502711617,50000
2021-08-05,17.285849502711617,17.301459967200184,17.015102685461372,17.195979312021525,50000
2021-08-06,17.195979312021525,17.402108485121012,17.18005225714608,17.320532738774148,63911
2021-08-09,17.320532738774148,17.457709609241824,17.21725674539416,17.394494424187947,50000
2021-08-10,17.394494424187947,17.56475668355713,17.161600311056368,17.202576742543645,50000
2021-08-11,17.202576742543645,17.215357437516975,16.844072245597282,16.928125201467914,50000
2021-08-12,16.928125201467914,17.283553503281052,16.90325045405018,17.14695140596441,73071
2021-08-13,17.14695140596441,17.260793062651942,16.994509932816396,17.23510262703976,50000
2021-08-16,17.23510262703976,17.50974832912807,17.128831129214603,17.46167912767392,50000
2021-08-17,17.46167912767392,17.543415596313505,16.878992051559337,17.023427370421757,65188
2021-08-18,17.023427370421757,17.159147442373445,16.875376987257127,17.04163618782215,50000
2021-08-19,17.04163618782215,17.588272445991926,16.859825224146313,17.538381235149494,50000
2021-08-20,17.538381235149494,17.724814833416975,17.334265382477618,17.68506070231843,50000
2021-08-23,17.68506070231843,17.698463279206273,17.426785719860046,17.46435620457655,50000
2021-08-24,17.46435620457655,17.66418184929822,17.357995801371594,17.663473592188843,50000
2021-08-25,17.663473592188843,17.671982767083176,17.197495310690353,17.46479237115954,50000
2021-08-26,17.46479237115954,17.56196303114138,17.37909806215788,17.544471117380226,50000
2021-08-27,17.544471117380226,17.681568973187982,17.48392076012829,17.66347517111012,50000
2021-08-30,17.66347517111012,17.990168387472565,17.591234266457423,17.787749740333577,87326
2021-08-31,17.787749740333577,17.819272624367965,17.58837917114533,17.747865566988374,50000
2021-09-01,17.747865566988374,17.82797445652567,17.604542564170206,17.710208704989665,50000
2021-09-02,17.710208704989665,17.795139962349015,17.37977271718497,17.48277826192886,50000
2021-09-03,17.48277826192886,17.62927584347358,17.429516833585115,17.555527767126332,59200
2021-09-06,17.555527767126332,17.609521163186027,17.512027567644083,17.558139785110054,53506
2021-09-07,17.558139785110054,17.561739694698982,16.833141514115482,16.958044020012203,50000
2021-09-08,16.958044020012203,17.076046046333023,16.879758558857137,17.061436424891184,50000
2021-09-09,17.061436424891184,17.483140533571184,16.798868829554774,17.455857382530525,50000
2021-09-10,17.455857382530525,17.69283718984241,17.37889584343592,17.596928618513218,50000
2021-09-13,17.596928618513218,17.704910534121918,17.130769142701705,17.25864873698996,50000
2021-09-14,17.25864873698996,17.340495553030003,16.957142193918934,17.100579250857322,50000
2021-09-15,17.100579250857322,17.373518596569742,17.08878383603812,17.26370817601706,50000
2021-09-16,17.26370817601706,17.359306890554752,17.2008064248389,17.262147495859107,50000
2021-09-17,17.262147495859107,17.605511300414218,17.234661053756582,17.422838086098643,50000
2021-09-20,17.422838086098643,17.557872607839226,16.732066833358555,16.756279619339267,50000
2021-09-21,16.756279619339267,17.17594482773406,16.716676519546922,16.91132457734073,50000
2021-09-22,16.91132457734073,16.99768764277523,16.67341241590909,16.759915601942158,50000
2021-09-23,16.759915601942158,16.778577097695752,16.492293912765287,16.59710741694427,50000
2021-09-24,16.59710741694427,16.90069787085121,16.4676588323687,16.760330085780563,50000
2021-09-27,16.760330085780563,16.92475919976867,16.728215946934817,16.80865089180962,50000
2021-09-28,16.80865089180962,17.280555894546453,16.75019969333304,17.189327775225916,91834
2021-09-29,17.189327775225916,17.345512739927074,16.944925568949678,16.991046532083033,59828
2021-09-30,16.991046532083033,17.05301544420609,16.82064721557943,17.05128383631967,50000
2021-10-01,17.05128383631967,17.095669759233175,16.981563568543848,16.981872811435508,68734
2021-10-04,16.981872811435508,17.236434931240282,16.792041080852893,17.21010043333539,50000
2021-10-05,17.21010043333539,17.346404212975,16.831646430217294,16.8378902894984,50000
2021-10-06,16.8378902894984,17.263595592905247,16.77713137947835,17.241121672023144,72495
2021-10-07,17.241121672023144,17.34381147557585,17.108662199609924,17.177427625586578,50000
2021-10-08,17.177427625586578,17.762294942127063,17.13078092762084,17.61448002930682,50000
2021-10-11,17.61448002930682,17.641278284251232,17.475310402752566,17.502646096832162,55483
2021-10-12,17.502646096832162,17.544651855841618,17.021926240904516,17.05271534513556,50000
2021-10-13,17.05271534513556,17.370749560375366,17.049206308237228,17.35227485733798,81688
2021-10-14,17.35227485733798,17.69752438987254,17.211963794236407,17.542349684588114,50000
2021-10-15,17.542349684588114,17.603787432019278,17.312691986390558,17.444480301370636,50000
2021-10-18,17.444480301370636,17.522464786790263,17.278599932081136,17.445136236641336,74800
2021-10-19,17.445136236641336,17.47957676737592,17.048957651412447,17.262105840759535,50000
2021-10-20,17.262105840759535,17.316452320322036,17.09219538922756,17.191234258494372,123917
2021-10-21,17.191234258494372,17.32365346933449,17.11684877757861,17.28501984374143,96454
2021-10-22,17.28501984374143,17.332983469141798,17.208511534234102,17.324670649496777,50000
2021-10-25,17.324670649496777,17.353725196048476,17.074374670043262,17.128201222872512,50000
2021-10-26,17.128201222872512,17.48709613951553,16.96000792743285,17.36116283573554,50000
2021-10-27,17.36116283573554,17.410315777813885,16.921648878329922,16.96314067544557,50000
2021-10-28,16.96314067544557,17.00399242183896,16.88101066021641,16.92356457836139,50000
2021-10-29,16.92356457836139,17.161215277666244,16.858952372284953,16.953253891112926,50000
2021-11-01,16.953253891112926,17.02413869861724,16.830803434921823,16.885676310799326,50000
2021-11-02,16.885676310799326,16.95428347890761,16.48165730283564,16.758363459168923,51201
2021-11-03,16.758363459168923,16.85135653300332,16.196848949879662,16.360644520486375,50000
2021-11-04,16.360644520486375,16.64698608421492,16.238776381891995,16.5678408865191,50000
2021-11-05,16.5678408865191,17.34525907708987,16.525805277905587,17.106400924431412,50000
2021-11-08,17.106400924431412,17.185590706748496,16.747978363274164,16.80921867099456,50000
2021-11-09,16.80921867099456,17.102602409213898,16.67488280280623,16.957193819513225,52763
2021-11-10,16.957193819513225,17.131909338117786,16.955255910076918,17.03486198291073,50000
2021-11-11,17.03486198291073,17.327896423044248,16.99587600188828,17.267998873279335,50000
2021-11-12,17.267998873279335,17.30592831358953,16.84947411183222,16.962207389445954,92601
2021-11-15,16.962207389445954,17.23460816472967,16.783322351239388,17.1890784519011,113662
2021-11-16,17.1890784519011,17.667698056128383,17.094254782886722,17.396496350522842,50000
2021-11-17,17.396496350522842,17.8671549942018,17.380222807914866,17.819949700514137,50000
2021-11-18,17.819949700514137,18.142790395673394,17.677654467357407,18.114564184651034,78081
2021-11-19,18.114564184651034,18.237280925993538,17.7871314213249,17.790603570823425,61780
2021-11-22,17.790603570823425,17.835370020512872,17.587923437643465,17.804013680074515,81257
2021-11-23,17.804013680074515,17.983129746996017,17.788935489591687,17.978387124109705,50000
2021-11-24,17.978387124109705,18.224565619151683,17.832714501288848,18.21082369112189,111831
2021-11-25,18.21082369112189,18.30782624334593,17.907247388984338,17.991329786578582,50000
2021-11-26,17.991329786578582,18.26569848820635,17.85088352208232,18.117053002186523,53600
2021-11-29,18.117053002186523,18.2820667381624,17.958086805476665,18.272653039533427,50000
2021-11-30,18.272653039533427,18.538411798204123,18.177881788913286,18.449246672649988,50000
2021-12-01,18.449246672649988,18.58185233944046,18.35215638196477,18.444780891393087,50000
2021-12-02,18.444780891393087,18.553500515178758,18.1029414741216,18.25980761249088,50000
2021-12-03,18.25980761249088,18.431493473790805,18.210020768675324,18.330268252021984,50000
2021-12-06,18.330268252021984,18.961293835666815,18.206518428230194,18.68677916977745,62773
2021-12-07,18.68677916977745,19.44418217522037,18.670253510483356,19.37761864953543,102810
2021-12-08,19.37761864953543,19.412724592828244,19.12065154233621,19.2494916258782,142116
2021-12-09,19.2494916258782,19.264254379373646,19.08803986234071,19.118874020564228,50000
2021-12-10,19.118874020564228,19.45956564202715,18.866272811680055,19.43712484541126,131049
2021-12-13,19.43712484541126,19.53736370555287,19.138047449670562,19.27615809209124,245363
2021-12-14,19.27615809209124,19.312006338942034,19.110708230506773,19.14713243450922,64527
2021-12-15,19.14713243450922,19.250294134506195,18.851656641113465,19.005408182144578,50000
2021-12-16,19.005408182144578,19.14677259534878,18.89311837112027,18.94406420453431,50000
2021-12-17,18.94406420453431,19.00706428026328,18.61517017737031,18.66895165542814,50000
2021-12-20,18.66895165542814,18.744165493889287,18.413113381125594,18.428827852180873,50000
2021-12-21,18.428827852180873,18.57661114116713,18.162786240311707,18.189685988300617,50000
2021-12-22,18.189685988300617,18.405207421022734,18.15117248978622,18.25514871024366,95230
2021-12-23,18.25514871024366,18.479841416963385,18.14810436750212,18.390077151003453,50000
2021-12-24,18.390077151003453,18.424548747161076,18.292717469144026,18.336132276654478,50000
2021-12-27,18.336132276654478,18.529747107627266,17.892095779158474,17.958121130993664,50000
2021-12-28,17.958121130993664,17.99969931290929,17.4903546920622,17.737047473440327,50000
2021-12-29,17.737047473440327,17.97825155956494,17.57850337248208,17.844203491821133,50000
2021-12-30,17.844203491821133,17.900348268294056,17.579170156066436,17.66612933735434,50000
2021-12-31,17.66612933735434,17.73869669842966,17.652957913078954,17.681708861346813,50000
2022-01-03,17.681708861346813,17.744517658860904,17.59254774163001,17.604087418676848,50000
2022-01-04,17.604087418676848,17.7442402311055,17.558749313965855,17.620675957539827,72832
2022-01-05,17.620675957539827,17.74406502072591,17.548379250376964,17.582836916313383,50000
2022-01-06,17.582836916313383,17.93598367869767,17.428720068023125,17.762021553453412,50000
2022-01-07,17.762021553453412,17.765618616975154,17.528784715097856,17.550234352554913,57325
2022-01-10,17.550234352554913,17.9681469613887,17.49948217963382,17.949834670020046,50000
2022-01-11,17.949834670020046,18.166498180622657,17.781879012065726,18.075505314043664,58439
2022-01-12,18.075505314043664,18.3804829376193,18.046552454195584,18.27551408447081,50000
2022-01-13,18.27551408447081,18.518511462317225,18.15126519453653,18.445901308594102,80759
2022-01-14,18.445901308594102,18.632072186923175,18.44443078896691,18.51697310076325,50000
2022-01-17,18.51697310076325,19.24733130228658,18.324462047574194,19.13934371191151,85946
2022-01-18,19.13934371191151,19.24332347550378,18.90900228187671,18.922608692089987,73080
2022-01-19,18.922608692089987,19.084683570186023,18.831837330008085,18.99000954125612,84705
2022-01-20,18.99000954125612,19.028217378388298,18.95259612127364,19.024031361091023,50000
2022-01-21,19.024031361091023,19.559011019135735,18.844251148671393,19.427188018558752,50000
2022-01-24,19.427188018558752,19.899428070855883,19.362548971258004,19.775017213340597,50000
2022-01-25,19.775017213340597,20.231103515736617,19.64222338511893,20.050889763933665,50000
2022-01-26,20.050889763933665,20.633111396787147,20.038782148795644,20.601512646512045,50000
2022-01-27,20.601512646512045,21.060799040302776,20.408792644423876,21.02461255035288,50000
2022-01-28,21.02461255035288,21.297861368503003,20.944301539803718,21.293037076923643,50000
2022-01-31,21.293037076923643,21.377166438522675,21.02016073163042,21.044609683641674,164251
2022-02-01,21.044609683641674,21.226477859153576,20.975819604317387,21.140820099416192,65035
2022-02-02,21.140820099416192,21.422670035937987,21.097838588376323,21.18198075558509,50000
2022-02-03,21.18198075558509,21.2274123072286,20.997241730356063,21.003412755328572,50000
2022-02-04,21.003412755328572,21.096454093112165,20.86373384836644,20.967260231720967,50000
2022-02-07,20.967260231720967,21.68314283880208,20.696275514369162,21.602613899132457,109551
2022-02-08,21.602613899132457,21.615347841915206,21.51047479831952,21.569659862659698,50000
2022-02-09,21.569659862659698,21.620955907102445,21.25746779302952,21.37780598159822,50000
2022-02-10,21.37780598159822,21.69983995440237,21.283479602747608,21.633920354310558,50000
2022-02-11,21.633920354310558,21.652385006185767,21.294230683040865,21.31416884075475,50000
2022-02-14,21.31416884075475,21.340869994674925,21.20977099571957,21.303602746349366,50000
2022-02-15,21.303602746349366,21.761663222726117,21.08324615273337,21.51798234126712,264337
2022-02-16,21.51798234126712,21.881974804707742,21.384057957357673,21.840678938821423,93543
2022-02-17,21.840678938821423,21.923195594329957,21.216330867754305,21.413535035059414,50000
2022-02-18,21.413535035059414,21.711288561143235,21.363666373104675,21.38200696704171,65012
2022-02-21,21.38200696704171,21.465021478597553,21.068430044976992,21.283152278882444,50000
2022-02-22,21.283152278882444,21.40636886996384,20.99510574048788,21.16971296979122,68460
2022-02-23,21.16971296979122,21.2370708459882,20.976054400726554,20.99769694017614,50000
2022-02-24,20.99769694017614,21.071247306168175,20.254597967378984,20.319878792587716,97672
2022-02-25,20.319878792587716,20.74625093787259,20.207317619936187,20.5252154135894,55934
2022-02-28,20.5252154135894,20.607209922328153,20.267803840720283,20.484548708354,50000
2022-03-01,20.484548708354,20.909677430985212,20.395736646794177,20.708441453010323,53336
2022-03-02,20.708441453010323,20.802674773180655,20.635413012006822,20.699192516261846,50000
2022-03-03,20.699192516261846,21.08720115567737,20.651535841935047,20.92792252158993,67770
2022-03-04,20.92792252158993,20.93048314642389,20.23314750725716,20.41725460224608,54074
2022-03-07,20.41725460224608,20.862233694989506,20.406265796658804,20.738944642670315,50000
2022-03-08,20.738944642670315,20.83167673984318,20.68366401762144,20.719246933547673,50000
2022-03-09,20.719246933547673,21.294893388949465,20.70525777370529,21.117159455584098,51745
2022-03-10,21.117159455584098,21.328550373355586,21.116907665912215,21.200005337400626,95202
2022-03-11,21.200005337400626,21.238421265404163,20.497833806362486,20.735353177545402,50000
2022-03-14,20.735353177545402,20.75268514884091,20.068592595477135,20.205884814198154,50000
2022-03-15,20.205884814198154,20.32676138678362,20.036456419322825,20.153135293244045,50000
2022-03-16,20.153135293244045,20.446911516876593,20.15305646633963,20.407233776393067,80789
2022-03-17,20.407233776393067,20.679147341270152,20.288123399819398,20.56733848110649,107561
2022-03-18,20.56733848110649,20.58001736230749,20.16308018263612,20.205955106182763,58853
2022-03-21,20.205955106182763,20.211855113249975,19.952713678442787,20.048807659852717,89752
2022-03-22,20.048807659852717,20.14092352289053,20.03305110412072,20.10029138254399,50000
2022-03-23,20.10029138254399,20.15814031918719,19.902329012863785,20.041593627025573,50000
2022-03-24,20.041593627025573,20.108005819512137,19.830257329503787,19.848103819349387,50272
2022-03-25,19.848103819349387,19.97947842664473,19.706643221169767,19.735135586559302,50000
2022-03-28,19.735135586559302,19.921382799242338,19.596015194598923,19.726370052419202,50000
2022-03-29,19.726370052419202,19.921450378465426,19.576613602282148,19.7871147869808,50000
2022-03-30,19.7871147869808,19.91357590380327,19.49505689542963,19.5080018554173,50000
2022-03-31,19.5080018554173,19.727121935883776,19.42495110520396,19.660601741900823,50000
2022-04-01,19.660601741900823,20.107266231808303,19.658903197368986,19.796340475372205,50000
2022-04-04,19.796340475372205,19.821547438652054,19.372960588750345,19.401268914951586,50000
2022-04-05,19.401268914951586,19.66728767889099,19.170685228943192,19.23784813419431,56261
2022-04-06,19.23784813419431,19.260877955900167,19.04827800725491,19.066695585640527,50000
2022-04-07,19.066695585640527,19.1155173967668,18.75109150332071,18.824877458718753,50000
2022-04-08,18.824877458718753,19.014377287851996,18.799531725009675,18.893800251005803,50000
2022-04-11,18.893800251005803,19.06131435906148,18.83486446820144,18.999621283197587,50000
2022-04-12,18.999621283197587,19.05543132896926,18.884092504609065,18.984653704826542,90381
2022-04-13,18.984653704826542,19.54959784582475,18.67356963012216,19.403995458835915,67529
2022-04-14,19.403995458835915,19.524911414571353,19.10144293713291,19.150951105473556,51548
2022-04-15,19.150951105473556,19.209380509907007,19.000689635546927,19.047016678053883,91324
2022-04-18,19.047016678053883,19.31612832978328,19.01037963917186,19.16346184063268,106808
2022-04-19,19.16346184063268,19.19400765838268,18.856745360114864,18.938826979181506,93093
2022-04-20,18.938826979181506,19.103712294328364,18.75337201694984,19.07587056235847,96828
2022-04-21,19.07587056235847,19.111831655423703,18.80691366593536,18.994553011951353,50000
2022-04-22,18.994553011951353,19.01992612649454,18.939978929748797,18.96679271917967,76076
2022-04-25,18.96679271917967,19.191797974725397,18.83146675400893,19.139211554499056,275233
2022-04-26,19.139211554499056,19.570540340376873,18.892860933100128,19.530607699364925,50000
2022-04-27,19.530607699364925,19.551338720702176,19.300626338518157,19.360658876194044,65345
2022-04-28,19.360658876194044,19.687712391215115,19.244022839423245,19.584441496435883,106702
2022-04-29,19.584441496435883,20.063502200287715,19.583534010148977,19.965227381643885,57340
2022-05-02,19.965227381643885,20.01184927708883,19.56653301337695,19.588073028691685,50000
2022-05-03,19.588073028691685,19.86458042422903,19.52942681738208,19.767679317011456,50000
2022-05-04,19.767679317011456,20.006283704644456,19.561861089150952,20.005782657070526,60290
2022-05-05,20.005782657070526,20.470447100558847,19.89587428879816,20.44982949424532,99783
2022-05-06,20.44982949424532,20.892670139678504,20.44287583378224,20.738703588085777,72779
2022-05-09,20.738703588085777,20.75714412810692,20.328969801609357,20.423949272742437,55268
2022-05-10,20.423949272742437,20.516789404852613,19.55648178741789,19.78414462484369,77532
2022-05-11,19.78414462484369,19.85126658940336,19.340021068527058,19.587510926314888,84344
2022-05-12,19.587510926314888,19.946339909471877,19.56779843493311,19.747245499225315,50000
2022-05-13,19.747245499225315,19.864395759448527,19.410972015854874,19.426465934385945,50000
2022-05-16,19.426465934385945,19.432334955195525,19.30293819641336,19.353527522719556,50000
2022-05-17,19.353527522719556,19.445011817953514,19.31658943975569,19.344178152626327,96033
2022-05-18,19.344178152626327,19.61354024493635,19.262039557509823,19.540843966556892,50000
2022-05-19,19.540843966556892,19.560027909517814,19.164008223651656,19.182111794444165,105676
2022-05-20,19.182111794444165,19.31458148709037,19.134727686967132,19.312136342320464,84388
2022-05-23,19.312136342320464,19.583000661609926,19.054517357555323,19.534986162277672,59940
2022-05-24,19.534986162277672,19.662852802846114,19.248285328501996,19.4003154044094,50000
2022-05-25,19.4003154044094,19.54089524108488,19.191364276940053,19.282428304047222,55736
2022-05-26,19.282428304047222,19.374434654923522,19.230210347502116,19.357630321954748,50000
2022-05-27,19.357630321954748,19.580196442955756,19.298277819310215,19.573879031512853,50000
2022-05-30,19.573879031512853,20.185029478019402,19.554285398131555,19.984252896771117,50992
2022-05-31,19.984252896771117,20.296916504781805,19.894815186872293,20.07348284750099,385348
2022-06-01,20.07348284750099,20.15097804368087,19.825366051158404,20.019565652046797,50000
2022-06-02,20.019565652046797,20.03301609744622,19.630917735622653,19.773597183950276,50000
2022-06-03,19.773597183950276,20.272351699787382,19.738853286030363,20.272204467761618,50000
2022-06-06,20.272204467761618,20.313572796785227,19.911682294858274,20.01162242777474,101223
2022-06-07,20.01162242777474,20.330309235900543,19.77472305419757,20.261321548540035,98369
2022-06-08,20.261321548540035,20.38934941820049,20.23108806408343,20.358954812826955,50000
2022-06-09,20.358954812826955,20.510561411830235,20.21532164893041,20.25866209203062,124948
2022-06-10,20.25866209203062,20.55317713141811,20.14215728035022,20.533373405563157,50000
2022-06-13,20.533373405563157,20.668875368415673,20.443446640945623,20.453814695583898,171305
2022-06-14,20.453814695583898,20.547414795832466,20.12024427436613,20.286758760807228,50000
2022-06-15,20.286758760807228,20.60375699235189,20.195213868019696,20.542450085555995,58925
2022-06-16,20.542450085555995,20.701492538290083,20.35700025068311,20.636292066679808,50000
2022-06-17,20.636292066679808,21.050413135480188,20.49217833603455,20.912971061056155,50000
2022-06-20,20.912971061056155,21.10309983623184,20.776810527373307,20.87600511037482,50000
2022-06-21,20.87600511037482,21.083910764962425,20.62831634831949,20.730198401712205,51433
2022-06-22,20.730198401712205,21.346654100136274,20.649290793173368,21.154145179427996,50000
2022-06-23,21.154145179427996,21.336800435831304,20.994001931028077,21.208404315978942,50000
2022-06-24,21.208404315978942,21.475115011846142,21.09979044547297,21.423489784328837,164989
2022-06-27,21.423489784328837,21.64720642772431,21.375903285048192,21.417501392957668,58489
2022-06-28,21.417501392957668,21.56843844308806,21.200206812787545,21.513896699213266,50000
2022-06-29,21.513896699213266,21.626929481601977,21.101206913282482,21.17972709895051,74198
2022-06-30,21.17972709895051,21.19108254021573,20.852056281560476,20.947565763564217,50000
2022-07-01,20.947565763564217,20.994986953389994,20.797169466631278,20.882299573583904,50000
2022-07-04,20.882299573583904,21.393703336055758,20.84407996973851,21.249485653689778,50000
2022-07-05,21.249485653689778,21.52297604182846,21.13602540488818,21.267547133684293,50000
2022-07-06,21.267547133684293,21.556942373657005,21.241027812373492,21.54936307619476,57539
2022-07-07,21.54936307619476,21.852050673462298,21.515224019469343,21.58249609434149,50000
2022-07-08,21.58249609434149,21.706429088039318,21.445129191907785,21.498196266872423,50000
2022-07-11,21.498196266872423,21.63916061594996,20.900618537654704,20.923724953727532,50000
2022-07-12,20.923724953727532,21.419559082097628,20.904802371271707,21.301365567301925,50000
2022-07-13,21.301365567301925,21.389021292047733,20.84514242561981,21.042796587980117,50000
2022-07-14,21.042796587980117,21.23350542028449,20.892102596502667,20.978181736032813,56042
2022-07-15,20.978181736032813,21.321670739247384,20.888738081670994,21.295758049370736,50000
2022-07-18,21.295758049370736,21.46438342706852,21.046108104213072,21.06299742210415,50000
2022-07-19,21.06299742210415,21.15129847948492,20.830998673455074,21.065381540024113,50000
2022-07-20,21.065381540024113,21.185252933971633,20.996034994647296,21.04066641810113,54211
2022-07-21,21.04066641810113,21.125679534464936,20.4709492624412,20.572855819274867,50000
2022-07-22,20.572855819274867,20.71010648615106,20.106023908815175,20.165401475743387,69186
2022-07-25,20.165401475743387,20.366376594049832,20.128863831965873,20.350584057531204,50000
2022-07-26,20.350584057531204,20.39013400932002,20.055727384622063,20.140297389224465,61613
2022-07-27,20.140297389224465,20.432925312969726,19.809727758348224,19.83248609258584,75596
2022-07-28,19.83248609258584,20.144250055987715,19.633855867871773,20.00324627127577,50000
2022-07-29,20.00324627127577,20.058614155941495,19.77641115852347,19.976324097584733,50000
2022-08-01,19.976324097584733,20.059145276532952,19.729112293077836,19.931015329741868,50000
2022-08-02,19.931015329741868,20.224695826571462,19.791874106297755,20.083033073646092,50000
2022-08-03,20.083033073646092,20.352928549955553,19.941364161510677,20.28548474736023,50000
2022-08-04,20.28548474736023,20.285736607497505,20.12675209274742,20.192301514178574,50000
2022-08-05,20.192301514178574,20.520703631137632,19.89220732227507,20.445011937495288,50000
2022-08-08,20.445011937495288,20.549600551953528,20.166637331495664,20.31312340125713,50000
2022-08-09,20.31312340125713,20.625639782042196,20.24713067279003,20.61675678872856,73776
2022-08-10,20.61675678872856,20.82148153448156,20.482904258028437,20.529834345694503,50000
2022-08-11,20.529834345694503,20.557319966792736,20.36015359291972,20.382820424187155,50000
2022-08-12,20.382820424187155,20.504217626566856,20.29704478758661,20.466688420384347,92696
2022-08-15,20.466688420384347,20.484211310622104,20.198037533195283,20.313757751160733,109801
2022-08-16,20.313757751160733,20.592832892429502,20.21281271129997,20.43334733528649,50000
2022-08-17,20.43334733528649,20.634251780116607,20.34451252085188,20.6183240872286,50000
2022-08-18,20.6183240872286,20.65857870620516,20.220318046710364,20.32456676438787,50000
2022-08-19,20.32456676438787,20.582681625706115,20.296474745464884,20.367886397111604,56516
2022-08-22,20.367886397111604,20.81153015207188,20.186739480051802,20.766427398987737,94243
2022-08-23,20.766427398987737,20.886347611744014,20.67833985483599,20.850816211142895,50000
2022-08-24,20.850816211142895,20.91745748120301,20.755987787152705,20.757430987781166,50000
2022-08-25,20.757430987781166,21.150730785611884,20.686357926135535,21.10223423220255,50000
2022-08-26,21.10223423220255,21.272703708799654,21.075039710917785,21.219172840704406,50000
2022-08-29,21.219172840704406,21.78216907750305,21.012866814970437,21.668975079926497,50000
2022-08-30,21.668975079926497,22.220190982949134,21.42876893018701,21.987657081410347,52864
2022-08-31,21.987657081410347,22.407680161349937,21.814760770995303,22.25462863944489,50000
2022-09-01,22.25462863944489,23.057882452970436,22.08755108146447,22.92142003835774,50000
2022-09-02,22.92142003835774,23.205943874407797,22.89919659232825,23.200463349512308,50000
2022-09-05,23.200463349512308,23.548456091309273,23.036958017983263,23.052848154544,50000
2022-09-06,23.052848154544,23.20686278339893,22.87333054160409,23.180075716951883,50000
2022-09-07,23.180075716951883,23.244162514238866,22.72844437004853,22.843040913072322,80807
2022-09-08,22.843040913072322,22.847993785661508,22.48067189852866,22.759683653147956,52667
2022-09-09,22.759683653147956,23.003842898903283,22.742216151702713,22.99115006462313,50000
2022-09-12,22.99115006462313,23.025519854643754,22.679437083016126,22.87948985733811,101859
2022-09-13,22.87948985733811,23.053825771010647,22.625445758981467,22.815786344236738,50000
2022-09-14,22.815786344236738,22.977762305221688,22.706165700508496,22.935795713321795,50000
2022-09-15,22.935795713321795,23.12234293823472,22.703530684663892,23.110020260370668,128077
2022-09-16,23.110020260370668,23.212318453840357,22.926052814835455,23.090519272456202,52876
2022-09-19,23.090519272456202,23.382705684729626,23.005383039128183,23.19673872232676,69448
2022-09-20,23.19673872232676,23.4186658809504,22.8710616446131,22.992799389759874,50000
2022-09-21,22.992799389759874,23.190917200008503,22.9507746951687,23.13639163098744,90206
2022-09-22,23.13639163098744,23.305637102377055,23.03755523037087,23.13617321389832,50000
2022-09-23,23.13617321389832,23.17586230496419,22.915247210127383,22.985963857999778,50000
2022-09-26,22.985963857999778,23.20186968368831,22.908711665828456,22.969050268458673,50000
2022-09-27,22.969050268458673,23.000483712232302,22.54784728276328,22.68011225542738,50000
2022-09-28,22.68011225542738,23.041550754408064,22.562450177775883,22.925388660757775,50000
2022-09-29,22.925388660757775,23.15298302632751,22.774265157517146,22.880695413968322,86525
2022-09-30,22.880695413968322,23.038934722198608,22.61537336155451,22.79801499530902,50000
2022-10-03,22.79801499530902,23.322018398139058,22.58571896132889,23.080484231470187,541735
2022-10-04,23.080484231470187,23.47514811521471,22.89836279318946,23.34128234805747,50000
2022-10-05,23.34128234805747,23.383339134281083,23.11645494318872,23.158751067623303,50000
2022-10-06,23.158751067623303,23.59917703523531,23.146718671104164,23.302874568623444,50000
2022-10-07,23.302874568623444,23.388115193396086,22.915631148935777,22.964987388362356,50000
2022-10-10,22.964987388362356,23.137459262148315,22.912523557557787,23.01616025008579,50000
2022-10-11,23.01616025008579,23.14641831671774,22.852132831201107,22.873608457687983,50000
2022-10-12,22.873608457687983,23.05282150521487,22.783766883933527,22.83549241324062,50000
2022-10-13,22.83549241324062,22.905519114453305,22.51724650335609,22.622374458109086,50000
2022-10-14,22.622374458109086,22.62510708691581,22.49463456980108,22.589483302296973,54042
2022-10-17,22.589483302296973,22.85661612704377,22.15550782574579,22.341135083252098,67470
2022-10-18,22.341135083252098,22.6586665979604,22.092674872712468,22.45174878937644,50000
2022-10-19,22.45174878937644,22.4562879451624,22.17388133473867,22.424175292009668,50000
2022-10-20,22.424175292009668,22.44015431729617,22.018304544723556,22.069571047522256,50000
2022-10-21,22.069571047522256,22.15156369918111,21.780365535940145,22.02727059383537,50000
2022-10-24,22.02727059383537,22.31628805194372,21.946513971309756,22.093512261905904,52896
2022-10-25,22.093512261905904,22.244524105231683,22.056721342768338,22.189920302243706,50000
2022-10-26,22.189920302243706,22.373048612966205,22.181469979361403,22.233253103713242,50000
2022-10-27,22.233253103713242,22.42893142521358,21.854489419302904,21.881801726378733,50000
2022-10-28,21.881801726378733,21.882131665450476,21.34898518139352,21.43778759208054,81148
2022-10-31,21.43778759208054,21.70371118607205,21.330101428192105,21.67308138399655,50000
2022-11-01,21.67308138399655,21.763117441876574,21.643140769860423,21.724991993790255,50000
2022-11-02,21.724991993790255,21.96951914407032,21.517003435429867,21.63281683584091,50000
2022-11-03,21.63281683584091,21.744973481564116,20.815168649449465,21.03814525306154,52887
2022-11-04,21.03814525306154,21.130067268478324,20.864433216766024,20.885623500123465,50000
2022-11-07,20.885623500123465,21.18109619543715,20.793076359440963,21.137298112725627,57417
2022-11-08,21.137298112725627,21.447581568970865,20.89707894630384,21.417201862639534,50000
2022-11-09,21.417201862639534,21.522801572111604,21.132370305112506,21.21472097024376,56641
2022-11-10,21.21472097024376,21.360418233905033,21.05374039361286,21.292895674588916,50000
2022-11-11,21.292895674588916,21.3466459599966,20.318671327160235,20.387767108471568,50000
2022-11-14,20.387767108471568,20.41725580251701,20.062247349167396,20.278776343960413,50000
2022-11-15,20.278776343960413,20.384889796110905,20.087413375469723,20.13631065717841,50000
2022-11-16,20.13631065717841,20.19777817594541,20.09451769574764,20.13798595388002,50000
2022-11-17,20.13798595388002,20.507106235960983,20.11980242446397,20.42481561099398,50000
2022-11-18,20.42481561099398,20.836408887506288,20.177943173699322,20.666861208509953,50000
2022-11-21,20.666861208509953,20.684207014706647,20.20316529610666,20.439510162864657,95921
2022-11-22,20.439510162864657,20.599664648429048,20.370088147244545,20.509591798489154,50000
2022-11-23,20.509591798489154,20.587840807802728,20.2198242158964,20.402874712051265,68844
2022-11-24,20.402874712051265,20.40551451972437,20.296745186521164,20.366659459735683,62414
2022-11-25,20.366659459735683,20.40100843949266,20.052482283651234,20.151170500405417,50000
2022-11-28,20.151170500405417,20.185664117672022,19.768003118532775,19.90697141118395,50000
2022-11-29,19.90697141118395,20.33866397353716,19.88379327246168,20.18512833277583,72897
2022-11-30,20.18512833277583,20.255677627349332,19.96121776368241,20.177246397919046,50000
2022-12-01,20.177246397919046,20.233681169698976,19.811262009456662,19.890415034666926,50000
2022-12-02,19.890415034666926,19.958210128798434,19.791116052727315,19.860383380033035,50000
2022-12-05,19.860383380033035,19.88765291182653,19.451147346022708,19.53354435092983,51373
2022-12-06,19.53354435092983,19.547691094304096,18.986424817440753,19.068614159934,50000
2022-12-07,19.068614159934,19.354601133026815,18.44606166065766,18.595593081588227,50000
2022-12-08,18.595593081588227,18.80785039063674,18.53958833183287,18.67588923966286,60507
2022-12-09,18.67588923966286,19.120274612772405,18.487031093150325,18.979344438830143,50000
2022-12-12,18.979344438830143,19.34876312943583,18.879464950493986,19.179661026463727,50000
2022-12-13,19.179661026463727,19.455836196826155,19.12135105254902,19.31967658983391,50000
2022-12-14,19.31967658983391,19.451731164657076,19.209230772612766,19.211278770814538,50000
2022-12-15,19.211278770814538,19.22593889270541,19.137480932053307,19.182951684120926,51911
2022-12-16,19.182951684120926,19.32121693225835,19.15180182878218,19.31095932025642,58621
2022-12-19,19.31095932025642,19.471191346784344,19.202556904513504,19.237653520396925,50000
2022-12-20,19.237653520396925,19.773773986401213,19.109413097714622,19.742316810154005,65869
2022-12-21,19.742316810154005,19.91141970417479,19.674668092708316,19.878054304393498,50000
2022-12-22,19.878054304393498,20.061576234330637,19.63517823721225,19.65197940732085,50000
2022-12-23,19.65197940732085,20.036681360553885,19.60645949837343,19.978038737445036,50000
2022-12-26,19.978038737445036,20.04570552411524,19.88018869622926,19.973279164449085,73025
2022-12-27,19.973279164449085,20.034120196776087,19.94540787418882,19.989225181138746,50000
2022-12-28,19.989225181138746,20.128225996611715,19.520020951802632,19.680299092194797,50000
2022-12-29,19.680299092194797,19.78603991991543,19.62385465283874,19.767379708829186,52957
2022-12-30,19.767379708829186,19.83729981332338,19.341360949253644,19.599428083926924,50000
2023-01-02,19.599428083926924,19.69036439714972,18.882299029162898,18.886214419252795,50000
2023-01-03,18.886214419252795,19.10489991745905,18.694337789198194,18.96108618882266,72588
2023-01-04,18.96108618882266,19.027733624148272,18.828542525315676,18.836668115523164,214900
2023-01-05,18.836668115523164,18.916299258400628,18.619326160756643,18.64970572635045,50000
2023-01-06,18.64970572635045,18.747390555072464,18.49135149676465,18.741292802406733,50000
2023-01-09,18.741292802406733,18.80423679302803,18.55554451939896,18.57557551482818,50000
2023-01-10,18.57557551482818,18.609285386742876,18.45760575767539,18.526550326913643,65817
2023-01-11,18.526550326913643,18.63866997452439,17.96357663141826,18.00708578039429,50000
2023-01-12,18.00708578039429,18.007449073438845,17.884607685134814,17.927233071055152,50000
2023-01-13,17.927233071055152,18.584426779999408,17.778247939224627,18.417801202105153,50000
2023-01-16,18.417801202105153,18.445209084336124,18.186428677449893,18.18825159611736,55047
2023-01-17,18.18825159611736,18.194162212985105,18.08577832010474,18.106569398691416,61787
2023-01-18,18.106569398691416,18.706040680762552,18.09938751749911,18.63396456106666,50000
2023-01-19,18.63396456106666,18.799069350479247,18.48002880515773,18.571395754847895,69806
2023-01-20,18.571395754847895,18.866878229801134,18.269313395028252,18.28236462698815,50000
2023-01-23,18.28236462698815,18.74389879862453,18.25554991033767,18.729110473791764,58448
2023-01-24,18.729110473791764,18.753339799053443,18.598468350206403,18.750976180485775,50000
2023-01-25,18.750976180485775,19.284453109540696,18.64139487727455,19.11188006186146,50000
2023-01-26,19.11188006186146,19.261940672445842,18.949747311155637,19.06498830434506,50000
2023-01-27,19.06498830434506,19.205879816951906,18.800813699697503,18.83602921258678,50000
2023-01-30,18.83602921258678,18.86652828136671,18.575811237669306,18.57817257087413,50000
2023-01-31,18.57817257087413,18.791814374550317,18.353222186391157,18.74277948652347,50000
2023-02-01,18.74277948652347,18.906028651830134,18.717791629055125,18.852331911808044,50000
2023-02-02,18.852331911808044,18.876994613255597,18.467730788659612,18.567164527222246,72567
2023-02-03,18.567164527222246,18.600143417707056,18.26231236363638,18.313310425172183,50000
2023-02-06,18.313310425172183,18.35490959019993,18.113508269148948,18.241327709804736,62054
2023-02-07,18.241327709804736,18.77407201863233,18.163063435380632,18.599813389692812,50000
2023-02-08,18.599813389692812,18.74351677321804,18.440895176539144,18.521564802243326,50000
2023-02-09,18.521564802243326,18.704510750203834,18.453843379862754,18.6907927286197,58516
2023-02-10,18.6907927286197,18.7774048803633,18.230454578012537,18.384135889350524,50000
2023-02-13,18.384135889350524,18.614186083367773,18.26868375528253,18.479259632597586,50000
2023-02-14,18.479259632597586,18.587703399516787,18.392006353518617,18.52993420941432,70006
2023-02-15,18.52993420941432,18.667326252291065,18.316711298189894,18.386577278643106,50000
2023-02-16,18.386577278643106,18.674805379860945,18.249026213742994,18.645900325860012,50000
2023-02-17,18.645900325860012,18.928120847377706,18.27306096119618,18.364095040325378,50000
2023-02-20,18.364095040325378,18.870330076502132,18.151782467188298,18.829273601597258,50000
2023-02-21,18.829273601597258,19.1477351184865,18.73989159311375,18.97423991881315,54324
2023-02-22,18.97423991881315,19.4441288993305,18.861481557016507,19.372610841303892,50000
2023-02-23,19.372610841303892,19.670185301181267,19.206872594987246,19.622785878272538,50000
2023-02-24,19.622785878272538,19.755529699352113,18.953769875710936,18.993409262774406,50000
2023-02-27,18.993409262774406,19.522288748871606,18.858269622357756,19.426463703895912,50000
2023-02-28,19.426463703895912,19.580542715946592,19.339234283089397,19.39234966663502,50000
2023-03-01,19.39234966663502,19.79724903820557,19.31300085185077,19.55526429367594,104737
2023-03-02,19.55526429367594,19.577710278514218,18.849112790186783,19.058239725187256,77514
2023-03-03,19.058239725187256,19.120867800554123,18.67494261653128,18.840030030490098,55032
2023-03-06,18.840030030490098,18.926205212656242,18.55955939453673,18.6521751520794,52491
2023-03-07,18.6521751520794,18.707626602491967,18.52541226762936,18.54427282641939,50000
2023-03-08,18.54427282641939,18.694829385653293,18.313480849120285,18.58021232217658,50000
2023-03-09,18.58021232217658,19.07630344405632,18.384551600055644,19.05640390615238,51690
2023-03-10,19.05640390615238,19.166207008473403,18.9619025296616,19.095918365877587,50000
2023-03-13,19.095918365877587,19.62334937233554,19.07713895042969,19.50520114628526,74150
2023-03-14,19.50520114628526,19.999962889543816,19.308505040583796,19.97501141398031,50000
2023-03-15,19.97501141398031,20.046334639980824,19.815161560090928,19.978280202155652,113002
2023-03-16,19.978280202155652,20.102101550216183,19.76642436559607,19.99355455426738,50000
2023-03-17,19.99355455426738,20.17584318499701,19.987846030631903,20.097927948507962,50000
2023-03-20,20.097927948507962,20.1998254770104,19.909483506265463,20.147239977915007,50000
2023-03-21,20.147239977915007,20.227224901008434,20.11718127065055,20.2192180415674,92149
2023-03-22,20.2192180415674,20.240558754147493,20.0755540325157,20.22487613826869,50000
2023-03-23,20.22487613826869,20.610237471090763,20.101194056731586,20.608230571669708,50000
2023-03-24,20.608230571669708,20.72404786275152,20.18249175914994,20.27814393269203,135871
2023-03-27,20.27814393269203,20.401171133392342,20.130795194055622,20.299076520059863,50000
2023-03-28,20.299076520059863,20.88591801064324,20.127024499068558,20.815845985975624,50000
2023-03-29,20.815845985975624,21.014751746215406,20.767695906112174,20.997843539563807,61147
2023-03-30,20.997843539563807,21.43313669325891,20.993501052678432,21.261961784012612,50000
2023-03-31,21.261961784012612,21.35803001727251,21.00156794157744,21.078248659678945,50000
2023-04-03,21.078248659678945,21.165039273104544,20.942954192039323,21.092064529559543,50000
2023-04-04,21.092064529559543,21.177619325922134,20.870946345809678,20.97460564990702,50000
2023-04-05,20.97460564990702,21.32684920919957,20.85564719905203,21.266402527722803,54958
2023-04-06,21.266402527722803,21.34780335793056,21.147336909562927,21.335158256083556,50000
2023-04-07,21.335158256083556,21.555233852074334,20.963710883083657,21.08808415835302,127953
2023-04-10,21.08808415835302,21.32637679117667,20.820246341468653,21.05669133141028,50212
2023-04-11,21.05669133141028,21.157459038545472,20.57794082896213,20.65096734038615,50000
2023-04-12,20.65096734038615,20.839288078122415,20.64756082027102,20.808642203648393,50000
2023-04-13,20.808642203648393,21.170773076898826,20.73913857376466,21.14826967728741,114217
2023-04-14,21.14826967728741,21.523660175774804,21.140711213457948,21.400681581592977,50000
2023-04-17,21.400681581592977,21.70217358514477,21.36164980587761,21.58703982847762,77627
2023-04-18,21.58703982847762,21.74734073474223,21.03984851875065,21.139711776790772,90914
2023-04-19,21.139711776790772,21.698865035603706,21.08702435392468,21.696858040674066,50000
2023-04-20,21.696858040674066,22.091740949520638,21.691893681155317,21.912827558056254,96223
2023-04-21,21.912827558056254,22.276893337672373,21.903693907201884,22.016246600700114,85252
2023-04-24,22.016246600700114,22.115068396205846,21.829608512788024,21.987689599814008,50000
2023-04-25,21.987689599814008,22.301507549415767,21.889395833214216,21.99203830041033,66916
2023-04-26,21.99203830041033,22.165597117543385,21.93520954822315,22.103763967179063,50000
2023-04-27,22.103763967179063,22.107356138352845,21.764063972023703,21.83087266791821,50000
2023-04-28,21.83087266791821,21.978770904966275,21.59276170680693,21.930653881326947,52160
2023-05-01,21.930653881326947,22.073422357343254,21.46268691652168,21.467880080795815,50000
2023-05-02,21.467880080795815,21.67222992122745,20.800695822737442,20.88079869409171,50000
2023-05-03,20.88079869409171,21.017437295977544,20.759311919079977,20.78498481588351,50000
2023-05-04,20.78498481588351,21.100013061781837,20.743236106912285,20.972982593341026,50000
2023-05-05,20.972982593341026,21.0116066030232,20.937160837628436,20.955076300557494,50000
2023-05-08,20.955076300557494,21.34046169975168,20.903695078935847,21.22544029761285,50000
2023-05-09,21.22544029761285,21.382094086603242,20.924259457926762,21.046373132390567,50000
2023-05-10,21.046373132390567,21.436648285910547,21.03678440679843,21.430983290393893,50000
2023-05-11,21.430983290393893,21.91231066619202,21.37400447352128,21.802741425563774,50000
2023-05-12,21.802741425563774,22.311472751456066,21.766577157685056,22.22540130960192,50000
2023-05-15,22.22540130960192,22.3191943492436,21.931243260597295,21.97047871771645,50000
2023-05-16,21.97047871771645,22.013543210173786,21.77688008179153,21.863184253650047,129013
2023-05-17,21.863184253650047,22.054525289559987,21.66736015756072,21.897085129674203,55232
2023-05-18,21.897085129674203,22.014125482645905,21.818725791552694,21.8373548677224,50000
2023-05-19,21.8373548677224,21.951773761250536,21.540864171491897,21.541974489531775,50000
2023-05-22,21.541974489531775,21.611319921637655,21.20663413340598,21.44958600101829,50000
2023-05-23,21.44958600101829,21.897318196930506,21.372776235984464,21.617109459625127,81491
2023-05-24,21.617109459625127,21.799506855522907,21.32070840830558,21.48329003670296,50000
2023-05-25,21.48329003670296,21.731581248648656,21.325059634230858,21.626514250406295,50000
2023-05-26,21.626514250406295,21.63925790187587,21.411580342512448,21.583675423107277,50000
2023-05-29,21.583675423107277,21.961156787134676,21.29613235592785,21.96034260965803,50000
2023-05-30,21.96034260965803,22.265747775140603,21.897788246582323,22.182025450684403,50000
2023-05-31,22.182025450684403,22.195182153453736,21.977996477724798,22.015967594258864,50000
2023-06-01,22.015967594258864,22.36824951216276,21.785196843147784,22.361931017415326,151233
2023-06-02,22.361931017415326,22.478629747677065,22.261953612764867,22.41183410547514,62856
2023-06-05,22.41183410547514,22.430919626165398,22.30375018892426,22.305785872825375,50000
2023-06-06,22.305785872825375,22.540147038035432,22.152588900624803,22.42952091349919,50000
2023-06-07,22.42952091349919,22.631124895852746,22.16993003539361,22.254241031639598,50000
2023-06-08,22.254241031639598,22.341833156462535,22.16963603231771,22.240518399126234,50000
2023-06-09,22.240518399126234,22.72289483416023,22.14118797328119,22.589461419277093,50000
2023-06-12,22.589461419277093,23.13872188260283,22.47482033011572,22.99896223560659,50000
2023-06-13,22.99896223560659,23.203936777872016,22.406559117704766,22.6760625562213,50000
2023-06-14,22.6760625562213,22.838953382103135,22.586131618789558,22.76909120027098,50000
2023-06-15,22.76909120027098,23.14271193265009,22.702585810753686,23.13841931027973,89560
2023-06-16,23.13841931027973,23.39217794682182,23.072112489166994,23.28027039941441,50000
2023-06-19,23.28027039941441,23.323285190437684,23.138338731897452,23.168450837961636,50000
2023-06-20,23.168450837961636,23.25553987284826,22.64180868195104,22.783968625127127,50000
2023-06-21,22.783968625127127,23.042201383611175,22.63930699140348,22.832316470979876,54556
2023-06-22,22.832316470979876,23.31325662902374,22.797241071428523,23.20539690617025,50000
2023-06-23,23.20539690617025,23.572842655998627,23.156738718218396,23.345799428156404,50000
2023-06-26,23.345799428156404,23.636854983661205,23.194467958741217,23.60068248936263,87160
2023-06-27,23.60068248936263,23.73355559062922,23.58137909021425,23.674380659358757,50000
2023-06-28,23.674380659358757,24.310369347836573,23.54911195031812,24.07206520798074,50000
2023-06-29,24.07206520798074,24.427589573307937,24.030418904899786,24.218292846982354,50533
2023-06-30,24.218292846982354,24.303585786869533,23.743034304700053,23.832118439555593,50000
2023-07-03,23.832118439555593,24.03566585947615,23.76993251308324,23.935097504087636,113734
2023-07-04,23.935097504087636,23.947708130364468,23.76193886174736,23.804240279223745,50000
2023-07-05,23.804240279223745,23.989403597698235,23.4282561691742,23.469001813603192,212034
2023-07-06,23.469001813603192,23.469808925737823,23.074527168766473,23.080675154719916,50000
2023-07-07,23.080675154719916,24.05781480939802,22.975243719567388,23.852436463145132,50000
2023-07-10,23.852436463145132,24.768663981201357,23.76178792649412,24.54391631418125,50000
2023-07-11,24.54391631418125,24.794157182920568,24.499448101907692,24.65681242971114,50000
2023-07-12,24.65681242971114,24.709651868869898,24.303662668013562,24.327688514625542,112336
2023-07-13,24.327688514625542,24.56092178957358,24.28212165258208,24.552513251361535,50000
2023-07-14,24.552513251361535,24.972023111762503,24.45736134903664,24.878500240298894,50000
2023-07-17,24.878500240298894,24.92554179136148,24.696637475342914,24.91237283546771,50000
2023-07-18,24.91237283546771,25.310273716003312,24.830299975446703,25.216254804058075,50000
2023-07-19,25.216254804058075,25.2845527664021,25.135976931263183,25.2724531336384,156209
2023-07-20,25.2724531336384,25.28131454090911,25.1913537566147,25.246272455579835,50000
2023-07-21,25.246272455579835,25.282321996316444,25.03359554462428,25.171832960206558,50000
2023-07-24,25.171832960206558,25.670036040823017,24.996011460723246,25.487053066412603,50000
2023-07-25,25.487053066412603,25.495443565090152,25.107320758854694,25.361773425531677,61334
2023-07-26,25.361773425531677,25.612754991432762,25.26666552808055,25.491433459982776,50197
2023-07-27,25.491433459982776,25.703479076703957,24.992751505785627,25.14076990734835,79060
2023-07-28,25.14076990734835,25.302390713796093,25.038050929320097,25.140526059870794,50000
2023-07-31,25.140526059870794,25.651662989802812,25.132836432518683,25.583414771667464,111985
2023-08-01,25.583414771667464,25.775217617127804,25.51709049821618,25.705755074428932,56160
2023-08-02,25.705755074428932,26.044868720603663,25.656755989162534,25.969178197646865,50000
2023-08-03,25.969178197646865,26.106063216837118,25.67245061186885,25.997575119012744,50000
2023-08-04,25.997575119012744,26.244575994837717,25.95140212383794,25.9861357202075,50000
2023-08-07,25.9861357202075,26.433135536038158,25.824710472033754,26.42447683307333,50000
2023-08-08,26.42447683307333,26.837434919726416,26.420395130960245,26.773854047334616,50000
2023-08-09,26.773854047334616,26.921296545947182,26.338703544431652,26.437043585127864,50000
2023-08-10,26.437043585127864,26.437365376817958,26.326775441222235,26.37237174470257,50882
2023-08-11,26.37237174470257,26.498544464648656,26.260729897021783,26.46118705258919,169348
2023-08-14,26.46118705258919,26.494724257642254,26.080044766809817,26.228923781967584,107115
2023-08-15,26.228923781967584,26.658987153428193,26.059714101399358,26.48277765702903,50000
2023-08-16,26.48277765702903,26.740487080655484,26.38633256957559,26.481484387723953,50000
2023-08-17,26.481484387723953,26.955854732632147,26.2877250666665,26.348046873809505,50000
2023-08-18,26.348046873809505,26.55764405032158,26.019232738820754,26.456894952915377,50000
2023-08-21,26.456894952915377,26.59252303177557,26.390635593143003,26.552297127395263,70116
2023-08-22,26.552297127395263,26.694250478860834,26.520943129716926,26.61592554182317,50000
2023-08-23,26.61592554182317,26.726107656288754,26.595754841493946,26.706943671687327,50000
2023-08-24,26.706943671687327,26.860136001936915,26.693664816964755,26.71695708647474,50000
2023-08-25,26.71695708647474,27.394568013990085,26.711041838135493,27.085683388233846,104707
2023-08-28,27.085683388233846,27.253331517460825,27.000130545577665,27.07635829506964,62297
2023-08-29,27.07635829506964,27.284270014209323,26.881652668085746,26.93480420989142,52004
2023-08-30,26.93480420989142,27.28063754989214,26.693764793257156,27.022943047543638,52951
2023-08-31,27.022943047543638,27.747495133913862,26.982539127158663,27.544347886456816,63061
2023-09-01,27.544347886456816,28.171035297381817,27.349240451512532,28.16954031188125,50000
2023-09-04,28.16954031188125,28.26837312661753,27.8100701765853,27.95145486214984,50000
2023-09-05,27.95145486214984,27.97308594541927,27.46753778947538,27.74336451001689,50000
2023-09-06,27.74336451001689,28.266531854072035,27.57233639798972,28.14598536670171,119471
2023-09-07,28.14598536670171,28.42468292237187,28.0700833430893,28.287501450420137,50000
2023-09-08,28.287501450420137,28.754795717767053,28.20163211453481,28.477965562630054,50000
2023-09-11,28.477965562630054,28.75239967184033,28.365544949042253,28.493075554646463,50000
2023-09-12,28.493075554646463,28.872386617159396,28.306959322363017,28.489967764698235,50000
2023-09-13,28.489967764698235,29.024453000522982,28.185262868614114,28.942312721568424,601489
2023-09-14,28.942312721568424,29.004430786115318,28.782409073815312,28.899763358616045,50000
2023-09-15,28.899763358616045,28.986615109300722,28.694693928925386,28.698345669845008,50000
2023-09-18,28.698345669845008,28.824746907010635,28.483505736209064,28.617373007343897,50000
2023-09-19,28.617373007343897,28.84304838302154,28.140209460436093,28.520891408623932,50000
2023-09-20,28.520891408623932,28.62276655170337,28.152277058007346,28.2942738165325,50000
2023-09-21,28.2942738165325,28.493161363167104,28.04455440844533,28.260552502939863,50000
2023-09-22,28.260552502939863,28.775957980969444,28.03388294831331,28.51065450165573,50000
2023-09-25,28.51065450165573,29.580922085141324,28.483137770238002,29.225538925963534,50000
2023-09-26,29.225538925963534,29.455838632897088,29.10485758660588,29.275479060344463,50000
2023-09-27,29.275479060344463,29.466318942242918,29.024350462512746,29.29429757036769,50000
2023-09-28,29.29429757036769,29.85284356362266,29.056926448550357,29.366803640077862,50000
2023-09-29,29.366803640077862,30.138603437027072,29.304979918389424,29.970124067785044,50000
2023-10-02,29.970124067785044,30.165916646761314,29.898029793925986,30.064511692180016,50000
2023-10-03,30.064511692180016,30.48306714049015,29.889988305562117,30.44203695744314,50000
2023-10-04,30.44203695744314,30.46969578438021,29.976115042814772,30.329485591546312,50000
2023-10-05,30.329485591546312,30.47041625523696,30.227277662425905,30.385022657371415,50000
2023-10-06,30.385022657371415,30.622278231216725,30.138648129262613,30.448777392661977,50000
2023-10-09,30.448777392661977,30.87798767194641,30.15489533543316,30.7874925940193,50000
2023-10-10,30.7874925940193,31.50289405537311,30.575685305776545,31.351139612571313,109037
2023-10-11,31.351139612571313,31.818952612380915,31.273863446841062,31.665454357452347,50176
2023-10-12,31.665454357452347,31.87561537390418,31.25745390288959,31.796954658636565,53723
2023-10-13,31.796954658636565,32.65807130360554,31.7630687707956,32.32672557519275,63637
2023-10-16,32.32672557519275,32.38305165716497,32.099417225459966,32.12008835923323,50000
2023-10-17,32.12008835923323,32.54338999564962,32.004473515852034,32.07158136676809,50000
2023-10-18,32.07158136676809,32.17962328311323,31.47476143670781,31.513348523811533,50000
2023-10-19,31.513348523811533,31.871077375164205,31.227086427125816,31.748615692029244,50000
2023-10-20,31.748615692029244,31.995182600724558,31.515049950404645,31.847197685011423,50000
2023-10-23,31.847197685011423,32.39464011478145,31.561064305754563,32.32408266077679,50000
2023-10-24,32.32408266077679,32.61328269572292,31.728606393073317,31.76272577309302,66162
2023-10-25,31.76272577309302,32.72074145891808,31.515400339704826,32.39019461360437,50000
2023-10-26,32.39019461360437,32.46642148338254,32.04933156012071,32.38543604828355,50000
2023-10-27,32.38543604828355,32.663293723098846,32.15990278799235,32.58694103842098,50000
2023-10-30,32.58694103842098,32.77651505256851,32.0382373472193,32.28058198119354,50000
2023-10-31,32.28058198119354,32.53984958718565,31.739153572697106,32.51592167946439,50000
2023-11-01,32.51592167946439,33.03701789683295,32.21574490501978,32.778599028521995,69028
2023-11-02,32.778599028521995,33.03848652553338,32.59106992424211,32.83417018848884,50000
2023-11-03,32.83417018848884,33.10842624614331,32.53931915145914,33.041495665596734,50000
2023-11-06,33.041495665596734,33.09145008013112,32.6309126331089,32.892918367067686,104680
2023-11-07,32.892918367067686,32.98826229160635,32.74930685990297,32.82251812366262,50000
2023-11-08,32.82251812366262,32.94605278445523,32.511531835265494,32.57069071023066,54258
2023-11-09,32.57069071023066,32.70072757102279,32.44387914391928,32.505086981886926,50000
2023-11-10,32.505086981886926,32.68460048341391,32.30740650039161,32.67947278403003,50000
2023-11-13,32.67947278403003,32.87860800260337,32.52774592273064,32.76754230119151,50000
2023-11-14,32.76754230119151,32.81684960818873,32.17645429982665,32.4377631859749,50000
2023-11-15,32.4377631859749,32.58748835649949,32.195184347000875,32.275731974790475,70969
2023-11-16,32.275731974790475,32.5726380245682,32.11798780086465,32.44947606457488,94740
2023-11-17,32.44947606457488,33.10041763340061,32.33215784905864,32.94994828243276,50000
2023-11-20,32.94994828243276,33.12746802908502,32.38098756465957,32.636607874749416,50000
2023-11-21,32.636607874749416,32.67589671772865,32.499131254307144,32.58552338729152,50000
2023-11-22,32.58552338729152,32.812884577067386,32.57125343346475,32.7374310143045,59330
2023-11-23,32.7374310143045,32.81440653065738,31.982427991279028,32.39895843160507,59487
2023-11-24,32.39895843160507,33.25545265382619,32.27321439484312,32.89002455749928,50000
2023-11-27,32.89002455749928,32.9792908730342,32.65728610541514,32.71701502793659,50000
2023-11-28,32.71701502793659,33.06911983013789,32.16209747140939,32.397167994614826,50000
2023-11-29,32.397167994614826,32.533504408475025,32.09936789188061,32.19123619101898,69868
2023-11-30,32.19123619101898,32.51511214732408,32.047136696780285,32.343033601570674,54306
2023-12-01,32.343033601570674,32.65856237857499,32.14970501995795,32.598222826398526,50000
2023-12-04,32.598222826398526,32.7398365846781,32.59548939867069,32.70116503057194,50000
2023-12-05,32.70116503057194,32.76017770743269,32.567401442780884,32.60884685383423,50000
2023-12-06,32.60884685383423,32.899199588751195,32.561103954782034,32.77460946817917,61280
2023-12-07,32.77460946817917,33.116339261782656,32.487354451742064,32.99312854663293,95024
2023-12-08,32.99312854663293,33.048497100984214,32.75018888139868,32.920165814781406,50000
2023-12-11,32.920165814781406,33.072822020164324,32.60868323676427,32.69590252238112,96690
2023-12-12,32.69590252238112,33.440679611363784,32.543408193672114,33.283556999386654,70133
2023-12-13,33.283556999386654,33.84661383050419,32.99289569162213,33.80781242208203,56313
2023-12-14,33.80781242208203,34.141622183430556,33.42377341913301,33.49574074112725,70186
2023-12-15,33.49574074112725,34.011821594870625,32.8263901201729,32.95558412484302,162885
2023-12-18,32.95558412484302,34.280327030361555,32.948090154634386,33.86529917724445,50000
2023-12-19,33.86529917724445,34.24237246369888,33.341418626116955,33.681087329681766,74244
2023-12-20,33.681087329681766,33.986864044280836,33.165625974644726,33.18603889911356,50000
2023-12-21,33.18603889911356,33.22995072695752,33.114339554532066,33.19964989781238,50000
2023-12-22,33.19964989781238,33.389544860272565,32.773715421731225,33.025736243321525,50000
2023-12-25,33.025736243321525,33.343654908708835,32.81408276077755,33.2730858713176,50000
2023-12-26,33.2730858713176,33.32563391687822,32.81466372622144,32.93195805495617,59509
2023-12-27,32.93195805495617,33.42140154539763,32.7430625442066,33.329082371897684,50000
2023-12-28,33.329082371897684,33.41049725528818,32.946692112404115,33.25829843962226,50000
2023-12-29,33.25829843962226,33.669985168566605,33.25076643121119,33.473742948513475,50000
2024-01-01,33.473742948513475,33.600155485848354,33.01389286093643,33.03083667221123,73525
2024-01-02,33.03083667221123,33.50815095844506,32.80404276194696,33.37762932731077,50000
2024-01-03,33.37762932731077,33.81643315026752,33.310836555586214,33.80543852190671,50000
2024-01-04,33.80543852190671,34.24467807790427,33.670749042775476,34.03137109225307,51273
2024-01-05,34.03137109225307,34.29175266690706,33.53619432185416,34.18853362984617,50000
2024-01-08,34.18853362984617,34.28686307967856,33.77236786862158,34.21266734074548,50000
2024-01-09,34.21266734074548,34.642896573372646,33.95767847052353,34.559998155107756,50000
2024-01-10,34.559998155107756,34.85175088573282,34.42597789089744,34.55883197120121,50000
2024-01-11,34.55883197120121,34.585208780100736,34.29719083010807,34.499537652449035,50000
2024-01-12,34.499537652449035,34.86445312334192,34.472415170320424,34.57990875984963,162984
2024-01-15,34.57990875984963,34.80158531894337,34.445483712518374,34.744221485006044,50000
2024-01-16,34.744221485006044,34.765700021449334,34.338710696151374,34.51945250913393,50000
2024-01-17,34.51945250913393,34.794450512649234,34.31274064880132,34.67405677307329,50000
2024-01-18,34.67405677307329,34.695499481271675,34.14797143462572,34.31931988692501,50000
2024-01-19,34.31931988692501,34.33095068811839,33.840913083253945,33.8523081715503,106408
2024-01-22,33.8523081715503,34.129167903172565,33.70589049714566,34.000322364850355,50000
2024-01-23,34.000322364850355,34.120306452638474,33.65730154955282,33.70873436855438,253538
2024-01-24,33.70873436855438,33.920580977745054,32.873667880330956,33.13865830071079,50000
2024-01-25,33.13865830071079,33.46449762865844,32.826412503680494,33.3315900511447,88718
2024-01-26,33.3315900511447,33.76945972121763,33.24113648772945,33.70146544980009,54163
2024-01-29,33.70146544980009,34.074649611639394,33.673099649680665,33.97611214791471,67608
2024-01-30,33.97611214791471,34.0845026187218,33.84658183176552,33.97567720891194,50000
2024-01-31,33.97567720891194,34.05692038309814,33.25630531820116,33.48668767104115,50000
2024-02-01,33.48668767104115,33.503237424600236,33.3544742518379,33.44725914121394,77475
2024-02-02,33.44725914121394,33.76256235412748,33.37208893490544,33.75008973566553,50000
2024-02-05,33.75008973566553,33.8415796567196,33.681341425518234,33.74205378384378,50000
2024-02-06,33.74205378384378,34.00990377029802,33.66498185834991,33.68179593025896,50000
2024-02-07,33.68179593025896,34.24614871732326,33.39690975493844,33.92128267028134,50000
2024-02-08,33.92128267028134,34.194460809714116,33.37160579191135,33.855909579538725,50000
2024-02-09,33.855909579538725,34.12654832510069,33.62609662535795,33.69898170793419,50000
2024-02-12,33.69898170793419,33.79770029098859,33.56745880419088,33.65764430837161,57542
2024-02-13,33.65764430837161,33.87917781769164,33.1340777927088,33.85987264468782,50000
2024-02-14,33.85987264468782,33.98129525960327,33.6888080938391,33.748116995096225,50000
2024-02-15,33.748116995096225,33.77829843745476,33.24554567936947,33.56400329946929,50000
2024-02-16,33.56400329946929,33.801135215523075,33.35927704865527,33.725451776503235,60062
2024-02-19,33.725451776503235,34.0493891761496,33.70281788638483,33.97051838821063,67495
2024-02-20,33.97051838821063,34.27154906357817,33.95072697358258,33.99203293073616,50000
2024-02-21,33.99203293073616,34.827663954666306,33.85702663845971,34.6871052630161,50000
2024-02-22,34.6871052630161,35.09211233452059,34.540105939020876,35.06365661286577,50000
2024-02-23,35.06365661286577,35.209831473722836,34.89009430819321,34.91834078883173,50000
2024-02-26,34.91834078883173,35.27329885019266,34.449646864097986,34.969169124921855,50000
2024-02-27,34.969169124921855,35.63731403726651,34.39247738031755,34.52837001801883,50000
2024-02-28,34.52837001801883,34.76983539186615,34.388488570769056,34.446545946569294,50000
2024-02-29,34.446545946569294,34.47548323506197,34.16935918770798,34.47410063082579,50000
2024-03-01,34.47410063082579,34.69297834642088,33.96790175115664,34.034150261690215,50000
2024-03-04,34.034150261690215,34.261456591542114,33.491816284448326,33.68699405857059,50000
2024-03-05,33.68699405857059,34.128268216635995,33.54374858033843,33.974205814382856,50000
2024-03-06,33.974205814382856,34.30474674158113,33.68134827284777,33.8844840603117,50000
2024-03-07,33.8844840603117,33.97304689156097,33.654577750600374,33.66977149261315,50000
2024-03-08,33.66977149261315,33.87339328599398,33.46822768479173,33.68684342045149,50000
2024-03-11,33.68684342045149,33.81062986640224,33.5910438639233,33.72649253165157,73504
2024-03-12,33.72649253165157,34.35936519311309,33.52362694735269,33.58369061535198,50000
2024-03-13,33.58369061535198,33.73767141366764,33.23851579667686,33.29845358051176,51662
2024-03-14,33.29845358051176,33.54990908309162,33.23332497168596,33.37097385331534,50000
2024-03-15,33.37097385331534,33.59411879147724,33.06050784514456,33.504738230430824,102592
2024-03-18,33.504738230430824,34.07137314373515,33.100237660892354,33.344595878192564,50000
2024-03-19,33.344595878192564,33.790406792077334,33.22099121389783,33.68046829838253,50000
2024-03-20,33.68046829838253,34.27359439588165,33.50501282572471,34.01916833960299,50000
2024-03-21,34.01916833960299,34.08211576475073,33.35244436950179,33.61349573371259,84588
2024-03-22,33.61349573371259,33.74746770879515,33.321950908974344,33.61919750317462,50000
2024-03-25,33.61919750317462,33.97522453562394,33.453011426336666,33.93026555583474,50000
2024-03-26,33.93026555583474,34.37349398567904,33.80483383064655,33.93759772817656,67124
2024-03-27,33.93759772817656,34.392787828332274,33.493069224850636,34.20705889612246,67494
2024-03-28,34.20705889612246,34.29386536319996,34.20513020239721,34.24821733995664,50000
2024-03-29,34.24821733995664,34.50218181378492,33.80012893386057,34.07553017980559,50000
2024-04-01,34.07553017980559,34.40037419157022,33.82832241249655,33.969825013176056,67459
2024-04-02,33.969825013176056,34.068317859032696,33.93937772987187,34.011354139015786,50000
2024-04-03,34.011354139015786,34.25169221355961,33.74638817580074,33.85186034083912,50000
2024-04-04,33.85186034083912,33.98739227189569,33.752864960586834,33.83789911611483,50000
2024-04-05,33.83789911611483,33.87302810247465,33.22314118119012,33.423745457465095,268963
2024-04-08,33.423745457465095,33.614203409371484,32.78110757411635,32.80608123387458,50000
2024-04-09,32.80608123387458,33.329148144164975,32.79494281947602,33.153971973768925,50000
2024-04-10,33.153971973768925,33.1976037674586,32.93114578951721,33.09213833787425,50024
2024-04-11,33.09213833787425,33.305860794451505,32.878185903105,33.02062686872647,50000
2024-04-12,33.02062686872647,33.809509420840776,32.8412301277202,33.39078632897135,50000
2024-04-15,33.39078632897135,33.712943470951345,33.23097366316916,33.62063330903869,92054
2024-04-16,33.62063330903869,33.86105733101294,33.50886371426304,33.71539451040447,50000
2024-04-17,33.71539451040447,33.81873931397232,33.1725505670627,33.384605729150834,50000
2024-04-18,33.384605729150834,33.53780532183403,33.02975100157805,33.53570414623749,66637
2024-04-19,33.53570414623749,34.018845572765215,33.461167614424895,33.503602680562565,127803
2024-04-22,33.503602680562565,34.12785135121103,33.41890748684376,33.80201801105423,50000
2024-04-23,33.80201801105423,34.89719839384517,33.75842246560209,34.874670507513926,97663
2024-04-24,34.874670507513926,35.18203508337596,34.731217968500616,34.76004157361465,53680
2024-04-25,34.76004157361465,35.186944131725205,34.311682682523774,35.155536468415086,50000
2024-04-26,35.155536468415086,35.22499194872836,34.91247648070296,34.93621250538859,50000
2024-04-29,34.93621250538859,35.50013395923355,34.78025819585615,34.80201159869333,71383
2024-04-30,34.80201159869333,35.30440418734022,34.62481496907984,35.06180694806951,50000
2024-05-01,35.06180694806951,35.48380766859581,34.89615935176165,35.054064689561415,50000
2024-05-02,35.054064689561415,35.14114729212071,34.52619551859874,34.80947503575043,50000
2024-05-03,34.80947503575043,35.061447197445325,34.472547380386985,34.490919560294174,50000
2024-05-06,34.490919560294174,35.06138449884237,34.082320451187435,34.17394579126369,50000
2024-05-07,34.17394579126369,34.45241741273735,33.84300066122812,34.26204492090183,53600
2024-05-08,34.26204492090183,34.4504563709569,33.65695177307033,33.93972245050439,50000
2024-05-09,33.93972245050439,34.77039249964989,33.78845532112417,34.649020329764525,137021
2024-05-10,34.649020329764525,34.869298392560715,34.4716087114053,34.65882917799325,50000
2024-05-13,34.65882917799325,34.75552319160349,33.91035215924286,33.92543402746927,50000
2024-05-14,33.92543402746927,34.046384969290905,33.875071450064915,33.95674365452116,50000
2024-05-15,33.95674365452116,34.515125085293256,33.75781079700053,33.99073196299156,68550
2024-05-16,33.99073196299156,34.427076065149,33.83560065137518,34.27834677207768,127614
2024-05-17,34.27834677207768,34.474772270491755,33.37488876306012,33.781194444483226,50000
2024-05-20,33.781194444483226,33.795041932746635,33.43054165111915,33.51725779781297,50000
2024-05-21,33.51725779781297,33.6032045557629,33.22507556233616,33.31180688444893,50000
2024-05-22,33.31180688444893,33.9954324875053,33.23760367180414,33.49781691004422,50000
2024-05-23,33.49781691004422,33.57978254067905,32.98232300886823,33.35146075738714,50000
2024-05-24,33.35146075738714,33.70508151869673,33.15780921780938,33.60238862953362,50000
2024-05-27,33.60238862953362,33.698885358098956,32.750023510745756,33.326970912714145,50000
2024-05-28,33.326970912714145,33.67783679020559,32.66885952431088,32.76394557805805,50000
2024-05-29,32.76394557805805,32.79244026107611,32.5304874401176,32.65323019307271,50000
2024-05-30,32.65323019307271,32.863185232455905,32.35076053012609,32.41526915001416,50000
2024-05-31,32.41526915001416,32.61053413578553,32.37689922632465,32.440430571109566,50000
2024-06-03,32.440430571109566,32.64084830583509,32.355698895576296,32.59937416580663,50000
2024-06-04,32.59937416580663,33.110771521026926,32.565069663636926,32.709664290188314,50000
2024-06-05,32.709664290188314,32.780772378100025,32.511504815325594,32.779324419357266,50000
2024-06-06,32.779324419357266,33.082423003920184,32.62204837221058,32.95227948479795,84518
2024-06-07,32.95227948479795,33.05811737324413,32.78556635222941,32.87127699028144,57333
2024-06-10,32.87127699028144,33.62646755405798,32.531696417320916,33.218311081703575,50000
2024-06-11,33.218311081703575,33.35369965442825,32.87233819150224,33.03023574199934,50000
2024-06-12,33.03023574199934,33.323374238146556,32.89981200916234,32.97722277947988,69663
2024-06-13,32.97722277947988,33.41685240459673,32.820682618212665,33.28732175469353,50000
2024-06-14,33.28732175469353,33.30393817480734,32.96277287021642,33.06583061875712,50000
2024-06-17,33.06583061875712,33.193165265148394,32.63278384870181,32.91166012155576,50000
2024-06-18,32.91166012155576,33.51098809152258,32.633004372906356,33.35539726440598,65463
2024-06-19,33.35539726440598,33.55412268839602,33.15864313960595,33.53618422729095,90746
2024-06-20,33.53618422729095,33.6304011280314,33.39341790203195,33.617834877848885,50000
2024-06-21,33.617834877848885,34.18918820083112,33.353106391749705,33.60359029604225,50000
2024-06-24,33.60359029604225,33.66216536326533,33.210996563123324,33.403737176552156,50000
2024-06-25,33.403737176552156,33.736795111340335,33.40090445918939,33.69211101090295,50000
2024-06-26,33.69211101090295,33.89647767468674,33.61575646229038,33.83165467225975,50000
2024-06-27,33.83165467225975,33.9217933600846,33.02104965111385,33.13230422793525,50000
2024-06-28,33.13230422793525,33.26051220296053,32.625959083306185,32.95192540930038,50000
2024-07-01,32.95192540930038,33.015308321344506,32.147331307512374,32.184316697525915,93545
2024-07-02,32.184316697525915,32.26071624759763,31.665091447218717,31.773531280537867,50000
2024-07-03,31.773531280537867,32.44664378299604,31.641541703555394,32.210511679324206,50000
2024-07-04,32.210511679324206,32.9042962840761,31.930688627347564,32.581824315003466,50000
2024-07-05,32.581824315003466,32.77077198557406,32.37134052097816,32.63941709858467,50000
2024-07-08,32.63941709858467,32.995986572047414,32.40410341325658,32.57691106107553,72529
2024-07-09,32.57691106107553,32.949636386498064,32.42146431042891,32.8393407287892,50000
2024-07-10,32.8393407287892,33.316439924897175,32.575054988347986,33.233591335288835,50000
2024-07-11,33.233591335288835,33.5490904061222,32.95346102912628,33.213205927769174,50000
2024-07-12,33.213205927769174,33.49347444413834,32.79237498918172,32.9579689544643,67511
2024-07-15,32.9579689544643,33.60233614736301,32.82002736513915,33.49412559167066,50000
2024-07-16,33.49412559167066,33.60797932538306,33.31989301399072,33.342545585874646,50000
2024-07-17,33.342545585874646,33.550180301344255,33.0981440730516,33.37628180607219,60910
2024-07-18,33.37628180607219,33.65409384737381,32.97894850443394,33.21155951301872,50000
2024-07-19,33.21155951301872,33.681157442088036,32.633572709902886,33.08738724086332,50000
2024-07-22,33.08738724086332,33.46302375263354,32.505706398559624,32.61380839095516,53044
2024-07-23,32.61380839095516,32.75791922645982,32.17306089720033,32.39197219249477,50000
2024-07-24,32.39197219249477,32.733640773618184,32.32926549407525,32.593298294063366,50000
2024-07-25,32.593298294063366,33.08834925676093,32.48133632312665,32.71525488972219,50000
2024-07-26,32.71525488972219,32.8771223720868,32.540300920996195,32.71773611266169,50000
2024-07-29,32.71773611266169,33.320865540852985,32.53551383814056,33.02098774832885,50000
2024-07-30,33.02098774832885,33.23463379207877,33.00819937441825,33.107973834170394,66062
2024-07-31,33.107973834170394,33.48276494843258,32.930195698907745,33.4392889713867,50000
2024-08-01,33.4392889713867,33.537903383308006,33.257713677174145,33.34703380238755,50000
2024-08-02,33.34703380238755,33.71298767189338,32.75114297339027,32.90641149261212,50000
2024-08-05,32.90641149261212,33.13177023213687,32.07566439671756,32.336651579430566,50000
2024-08-06,32.336651579430566,32.63204604509443,32.28988754541997,32.44627537939883,50000
2024-08-07,32.44627537939883,33.04291082414518,32.42665558221881,32.627471259542716,50000
2024-08-08,32.627471259542716,33.73117055601265,32.316048148416904,33.16091517538914,50000
2024-08-09,33.16091517538914,33.415523494492206,32.94914061657846,33.192807926174254,50000
2024-08-12,33.192807926174254,33.23696851836659,33.11051466189789,33.225457067024685,62194
2024-08-13,33.225457067024685,33.47149589097105,32.96846457819512,33.296070407447466,50000
2024-08-14,33.296070407447466,33.59656411380795,33.0911741858529,33.48578029461682,50000
2024-08-15,33.48578029461682,34.0394989397577,33.47097887878299,33.81498018432276,50000
2024-08-16,33.81498018432276,33.8622211661358,33.371853483249836,33.65982980685598,63995
2024-08-19,33.65982980685598,33.705390339560445,33.507304361166746,33.580934554980594,138948
2024-08-20,33.580934554980594,33.73017308365065,33.33604861462931,33.572541723902404,69571
2024-08-21,33.572541723902404,33.88275450554356,33.48676563283535,33.86673241638322,50000
2024-08-22,33.86673241638322,34.059751123790235,33.31079105910632,33.67740726514577,50000
2024-08-23,33.67740726514577,34.19886053428033,33.66162582164836,33.97746971170614,50000
2024-08-26,33.97746971170614,34.378453678657976,33.75333620014687,34.29296655956153,70317
2024-08-27,34.29296655956153,34.46150331156853,33.913908118291,34.2686994138484,65072
2024-08-28,34.2686994138484,34.31984299127935,33.98189108310369,34.0392251362588,50000
2024-08-29,34.0392251362588,34.11084238026362,33.88546225294078,33.899529692953756,52020
2024-08-30,33.899529692953756,33.942357361488675,33.422931468808635,33.574889697419,50000
2024-09-02,33.574889697419,33.971490434894584,33.24721867686273,33.67949013833401,50000
2024-09-03,33.67949013833401,33.80446528407587,33.21426109905792,33.558970870474035,50000
2024-09-04,33.558970870474035,33.6477312751345,33.06096146869363,33.128421131889574,67728
2024-09-05,33.128421131889574,33.36488725844242,32.85382386109485,32.96268097930748,144121
2024-09-06,32.96268097930748,32.97438661153068,32.34581649056617,32.597939377312684,50000
2024-09-09,32.597939377312684,33.083444805161726,32.59241313211261,32.86756826290707,122126
2024-09-10,32.86756826290707,33.13936142676688,32.71058992849808,32.843905155125725,50000
2024-09-11,32.843905155125725,33.20636932045814,32.72451366411791,32.72874524086953,50000
2024-09-12,32.72874524086953,33.091442458398376,32.66071011085855,32.90198623274171,92920
2024-09-13,32.90198623274171,33.10248555435122,32.71123004280417,32.83615195779843,50000
2024-09-16,32.83615195779843,32.87251781549998,32.6433763416689,32.73435267853693,50000
2024-09-17,32.73435267853693,32.78140551417163,31.956372168378078,32.20868376043,50000
2024-09-18,32.20868376043,32.321550674303516,32.12121903580394,32.23697393670208,50000
2024-09-19,32.23697393670208,32.24624475903793,32.202510387397695,32.24447647824266,79961
2024-09-20,32.24447647824266,32.41841324833819,32.14242026284108,32.361845958117016,55569
2024-09-23,32.361845958117016,32.67672745909369,32.34208330854825,32.6545685304522,50000
2024-09-24,32.6545685304522,33.195202045437874,32.20387228122528,32.83111674852121,50000
2024-09-25,32.83111674852121,33.799584274297324,32.61912985016381,33.60300114536815,50000
2024-09-26,33.60300114536815,33.69626238356241,33.24380626888686,33.52864945023733,64595
2024-09-27,33.52864945023733,33.705170934509276,32.85174958262347,32.906743442037765,55163
2024-09-30,32.906743442037765,33.32005668674673,32.65623687899699,33.06351215442758,124818
2024-10-01,33.06351215442758,34.157399065592834,32.873519538759254,33.99452579463528,50000
2024-10-02,33.99452579463528,34.637732125397285,33.74108483675731,34.509348687106105,83328
2024-10-03,34.509348687106105,34.65390602695268,34.17276880767944,34.225583890838855,50000
2024-10-04,34.225583890838855,34.338995854777195,33.980362567051735,34.09744459572063,50000
2024-10-07,34.09744459572063,34.28423158264397,33.71856386285884,33.84426142152022,50554
2024-10-08,33.84426142152022,34.04959653800973,33.234419145275375,33.39740411486203,50000
2024-10-09,33.39740411486203,33.466346527559665,32.8948998783938,33.17466159072723,50000
2024-10-10,33.17466159072723,33.21321831123438,33.05890159353365,33.068647109687,50000
2024-10-11,33.068647109687,33.206887043585404,32.72895387907972,32.74299832981068,52099
2024-10-14,32.74299832981068,32.81410932368386,32.33912009911249,32.382130329812625,50000
2024-10-15,32.382130329812625,32.63835571735214,32.12477229095121,32.5560302112539,50000
2024-10-16,32.5560302112539,32.77972555895425,32.31414372670524,32.52621189863286,50000
2024-10-17,32.52621189863286,32.82478193249903,32.30049094952338,32.644558885152925,50000
2024-10-18,32.644558885152925,32.97272796086592,32.394402485394714,32.53958205305899,50000
2024-10-21,32.53958205305899,32.65142562214788,32.462810000350174,32.519992284498706,50000
2024-10-22,32.519992284498706,32.63661972534825,32.24401915589081,32.37907259547451,51464
2024-10-23,32.37907259547451,32.98323663007625,32.32083007365928,32.786561348469725,72704
2024-10-24,32.786561348469725,32.94148974506008,32.076578327,32.35744688121841,50000
2024-10-25,32.35744688121841,32.52807819628767,32.07030597577938,32.17479234379945,87113
2024-10-28,32.17479234379945,32.306210400382845,32.035788520586834,32.092620692919304,50000
2024-10-29,32.092620692919304,32.31617053515307,31.652995775348792,32.147724996029105,50000
2024-10-30,32.147724996029105,32.43499137148116,31.824719958039267,31.878873624458755,50000
2024-10-31,31.878873624458755,32.14686473475767,31.85089926742824,32.033564509612496,50000
2024-11-01,32.033564509612496,32.424541108303984,31.791772375863257,31.882985245940567,50000
2024-11-04,31.882985245940567,32.10720919015171,31.212319478846023,31.295058740831575,50000
2024-11-05,31.295058740831575,31.60472099258101,30.942134391335234,31.28968193332927,78932
2024-11-06,31.28968193332927,31.33162422059903,31.188638475846187,31.22681747697082,50000
2024-11-07,31.22681747697082,31.409687066130125,30.678007029307064,30.796926470447502,50000
2024-11-08,30.796926470447502,31.059378386756936,30.676109532846798,30.97448317774043,50000
2024-11-11,30.97448317774043,31.16470237392449,30.50801010089618,30.610888832247504,68764
2024-11-12,30.610888832247504,31.21628667256361,30.403769593557822,31.013867439832236,50000
2024-11-13,31.013867439832236,31.220112096585147,30.78751300769829,30.867473739389677,96829
2024-11-14,30.867473739389677,31.296616105109795,30.618618508596253,31.28632470486667,50000
2024-11-15,31.28632470486667,31.40545525659254,30.63678626931779,30.824645875103574,84117
2024-11-18,30.824645875103574,31.778496165619345,30.75111248584082,31.37854781147378,75615
2024-11-19,31.37854781147378,31.593967170795867,31.260068908215406,31.2960461534279,50000
2024-11-20,31.2960461534279,32.11285790543334,31.278904740129228,31.843477140091963,89762
2024-11-21,31.843477140091963,31.93863840520593,31.63853326407439,31.920004180139802,50000
2024-11-22,31.920004180139802,32.19940986621695,30.95517770100113,31.433566450034167,50000
2024-11-25,31.433566450034167,31.50684679969964,31.130101066621506,31.356979995263725,75395
2024-11-26,31.356979995263725,31.45668851023036,31.029093048772452,31.091311008754275,50000
2024-11-27,31.091311008754275,31.277012691714216,30.949385507774203,31.036414566633393,50000
2024-11-28,31.036414566633393,31.320612261687014,30.79890729599354,31.124340785219395,50000
2024-11-29,31.124340785219395,31.268718382225252,30.806038546416794,30.910738311367805,50000
2024-12-02,30.910738311367805,30.91666593493803,30.39829745806146,30.586935364213062,50000
2024-12-03,30.586935364213062,30.792875838261597,29.327642041440495,29.638269137746526,50000
2024-12-04,29.638269137746526,29.795368910474007,29.61645273357143,29.660301915777577,50000
2024-12-05,29.660301915777577,30.23717341370405,29.54094906723995,30.14472905977953,75304
2024-12-06,30.14472905977953,30.439002177924863,29.328505145052823,29.493918101146463,50000
2024-12-09,29.493918101146463,29.960862015920615,29.411515799051042,29.652134723505252,56499
2024-12-10,29.652134723505252,30.02323327153923,29.51810644500053,29.89205182467183,50000
2024-12-11,29.89205182467183,30.220123959464082,29.613919663918917,29.745374208239397,50000
2024-12-12,29.745374208239397,30.064389458873077,29.436773694354752,29.729350300250495,50000
2024-12-13,29.729350300250495,29.82357488102269,29.481824592269273,29.70260897525833,51670
2024-12-16,29.70260897525833,30.021435941045674,29.350834061790966,29.84390826711451,50000
2024-12-17,29.84390826711451,29.866132602202438,29.20757892270255,29.361911992515793,50000
2024-12-18,29.361911992515793,29.416909278501528,29.084820947070945,29.285718123645673,50000
2024-12-19,29.285718123645673,29.38407495926453,28.885246766437305,29.182703545732878,50000
2024-12-20,29.182703545732878,29.916046711484473,29.11667841394557,29.89290788497827,50000
2024-12-23,29.89290788497827,30.03745935542352,29.51793281603226,29.746526196617303,50000
2024-12-24,29.746526196617303,29.95410548085563,29.466377532385682,29.483982724936766,61468
2024-12-25,29.483982724936766,29.73110304737027,29.299029229461567,29.35672441838662,50000
2024-12-26,29.35672441838662,29.467239352747864,29.021579257954127,29.154012004066697,50000
2024-12-27,29.154012004066697,29.214394074118545,28.928027057527423,29.147238579380634,93018
2024-12-30,29.147238579380634,30.07126268827131,28.920388443609163,29.821746638156675,92324
2024-12-31,29.821746638156675,30.231500547406796,29.72222864906418,29.756391439185627,50000
2025-01-01,29.756391439185627,29.835117053418596,29.66392679273816,29.783077381283956,50000
2025-01-02,29.783077381283956,30.10184168366144,29.051229505633465,29.24513457398328,72794
2025-01-03,29.24513457398328,29.302407265715807,29.108024037490004,29.207681685350927,208109
2025-01-06,29.207681685350927,29.50117105077849,28.903585776253596,29.04467383793119,50000
2025-01-07,29.04467383793119,29.07652953909927,28.91177624359209,29.03104426553739,50000
2025-01-08,29.03104426553739,29.52896662417792,28.745642699339157,29.25785718852004,50000
2025-01-09,29.25785718852004,29.635964876760262,29.0929223535404,29.486106897999242,50000
2025-01-10,29.486106897999242,29.53625680014258,29.146426682364236,29.23908773911994,50000
2025-01-13,29.23908773911994,29.49220545237224,28.736704230178134,29.0663342181219,83600
2025-01-14,29.0663342181219,29.172250899896184,28.869957389271367,28.93150251559079,71136
2025-01-15,28.93150251559079,29.47017130150349,28.76444416052004,29.32302964288311,50000
2025-01-16,29.32302964288311,29.32806092361616,29.052497145816268,29.11346756047295,50000
2025-01-17,29.11346756047295,29.420454268713485,28.913037443434323,29.195240003219403,61569
2025-01-20,29.195240003219403,29.98899952722705,28.974083921992275,29.70327921360498,50000
2025-01-21,29.70327921360498,30.005768871663754,29.119667716382985,29.290876336052726,50000
2025-01-22,29.290876336052726,29.37154964972462,28.591877122650786,28.609567508859836,116407
2025-01-23,28.609567508859836,28.6650032859573,28.14934117412508,28.403804014003374,50000
2025-01-24,28.403804014003374,28.624484302684337,28.037937536039475,28.137471823854234,50000
2025-01-27,28.137471823854234,28.55102274844944,27.9874334340869,28.183359226321212,122956
2025-01-28,28.183359226321212,28.484117753330935,27.96766965595096,28.35050245575203,87074
2025-01-29,28.35050245575203,28.896579088552404,28.213406917919517,28.768551127863457,50000
2025-01-30,28.768551127863457,28.938823518092843,28.652956718231998,28.848599590839935,50000
2025-01-31,28.848599590839935,29.066594688022743,28.681041639013603,28.909048809439483,50000
2025-02-03,28.909048809439483,29.409929453441457,28.808911333123486,29.17827951900769,50000
2025-02-04,29.17827951900769,29.606803785882384,29.126518592100393,29.211487466252652,74916
2025-02-05,29.211487466252652,30.04602371555983,28.811538564466403,29.785461765355514,50000
2025-02-06,29.785461765355514,30.577552819739864,29.48373473059485,30.534569671150287,74052
2025-02-07,30.534569671150287,30.688966317762805,30.314372271644075,30.34621432097757,50000
2025-02-10,30.34621432097757,30.63364069426117,29.93001449832798,30.129579915148767,50000
2025-02-11,30.129579915148767,30.26765832599495,29.88812646414742,30.041083782062575,50000
2025-02-12,30.041083782062575,30.21613367242728,29.96870638426099,30.096698229273308,50000
2025-02-13,30.096698229273308,30.83146940165074,30.01905856688874,30.780906949227177,50000
2025-02-14,30.780906949227177,30.81845762817978,30.657980045517213,30.780170607655286,134182
2025-02-17,30.780170607655286,31.282815986366327,30.70198670369932,30.954816647360715,52332
2025-02-18,30.954816647360715,30.974824785354045,30.477502876252387,30.626866822115744,50000
2025-02-19,30.626866822115744,31.134545077349078,30.03629692233593,30.166416320709505,78560
2025-02-20,30.166416320709505,30.186441093519925,29.600827439712734,29.87591778825052,50000
2025-02-21,29.87591778825052,29.92760782681549,29.552053361251026,29.569582917246922,50000
2025-02-24,29.569582917246922,30.4706225529176,29.502194869213916,30.329828592070296,50000
2025-02-25,30.329828592070296,30.34178176001283,29.898886631245375,30.042532075441844,50000
2025-02-26,30.042532075441844,30.27423404482925,29.835293843988563,29.978870073648384,50000
2025-02-27,29.978870073648384,30.175646541175368,29.584369051651386,29.773640074431537,50000
2025-02-28,29.773640074431537,30.022095302138506,29.274993236601265,29.447893500032364,50000
2025-03-03,29.447893500032364,29.694304622866422,29.260876309129586,29.307405694158415,50000
2025-03-04,29.307405694158415,29.89145300189285,29.27288289110683,29.755058957559424,73097
2025-03-05,29.755058957559424,29.78616297220497,29.446901444032314,29.500632149796438,75153
2025-03-06,29.500632149796438,29.785893626813735,28.937002202063315,28.943516076212468,50000
2025-03-07,28.943516076212468,29.03944749473199,28.716786398436774,28.97947098486933,50000
2025-03-10,28.97947098486933,29.681539126590575,28.766217174246833,29.354369764839515,50000
2025-03-11,29.354369764839515,29.59628990435686,29.17635706221676,29.487583401482127,111508
2025-03-12,29.487583401482127,29.52442124701105,29.28304667915512,29.442199274268262,67247
2025-03-13,29.442199274268262,29.625957179591083,29.22920181548015,29.261020062451447,50000
2025-03-14,29.261020062451447,29.581557558439055,28.82335827093722,28.948747500305267,50000
2025-03-17,28.948747500305267,29.521650661737393,28.543128601413077,28.706088221673888,50000
2025-03-18,28.706088221673888,28.841806525242635,28.214729872223597,28.48732512427736,50000
2025-03-19,28.48732512427736,28.96259335501199,28.378240164008837,28.76369553846412,50000
2025-03-20,28.76369553846412,28.818277097381465,28.019761145285425,28.249414768830448,50313
2025-03-21,28.249414768830448,28.323249052669905,28.049795068654454,28.16329890351445,51651
2025-03-24,28.16329890351445,28.240250905679723,27.86314339121937,27.97253333679643,52837
2025-03-25,27.97253333679643,28.316793010751102,27.600693078350123,28.009528468462733,50000
2025-03-26,28.009528468462733,28.492391886918647,27.754299122276276,28.43022045406142,52047
2025-03-27,28.43022045406142,28.644607924545593,27.792433473678404,27.954063476394445,77245
2025-03-28,27.954063476394445,28.092268636798156,27.841551774433736,28.069755502956237,50000
2025-03-31,28.069755502956237,28.298313957093438,27.65928948867055,27.675681076618424,74878
2025-04-01,27.675681076618424,28.11333758589629,27.123425414654594,27.223636706893437,50000
2025-04-02,27.223636706893437,27.383762401107795,27.13849348285491,27.246069317243514,50000
2025-04-03,27.246069317243514,27.56348396587282,27.207836634559133,27.364776796534663,75505
2025-04-04,27.364776796534663,27.795029956079333,27.11723419499236,27.649901755567022,50000
2025-04-07,27.649901755567022,27.71651427414807,27.562188261278244,27.643001715202505,101509
2025-04-08,27.643001715202505,27.776777521617248,27.534680549563145,27.587164859926585,50000
2025-04-09,27.587164859926585,27.667014037531736,27.092781811006287,27.301792430551465,50000
2025-04-10,27.301792430551465,27.347660009647655,26.99098795965011,27.031536560995317,50000
2025-04-11,27.031536560995317,27.053328319338075,26.495632926836635,26.51654650951984,50000
2025-04-14,26.51654650951984,26.873018740586303,26.336400077782045,26.408047590786214,72797
2025-04-15,26.408047590786214,26.504321764695078,26.208778750387335,26.277970914823026,64315
2025-04-16,26.277970914823026,26.60062532174718,25.939873657914102,26.549337599008357,50000
2025-04-17,26.549337599008357,26.562165386204455,26.24638493910746,26.27498210247898,84708
2025-04-18,26.27498210247898,26.309194117031442,26.192626284225348,26.29497389852052,55892
2025-04-21,26.29497389852052,26.663886612214498,26.04678656629635,26.291747898585687,50000
2025-04-22,26.291747898585687,26.522131782435025,25.974536010329306,26.024318946777925,57769
2025-04-23,26.024318946777925,26.107948853872205,25.742921328985947,25.814147920289013,50000
2025-04-24,25.814147920289013,26.217289493690895,25.75208493842716,25.8079269611563,50000
2025-04-25,25.8079269611563,26.123916611254455,25.575283245537186,25.87333141566987,50000
2025-04-28,25.87333141566987,25.99466167538985,25.7431189893096,25.95596969543339,62201
2025-04-29,25.95596969543339,26.347456706022342,25.8851787558518,25.994266219778613,50000
2025-04-30,25.994266219778613,26.090107484655125,25.710574805818304,25.767924822343634,50000
2025-05-01,25.767924822343634,25.911632325760174,25.607925872898893,25.746245076841014,50000
2025-05-02,25.746245076841014,26.436520652663265,25.69846184229631,26.19273920738417,50000
2025-05-05,26.19273920738417,26.545316170309952,25.946944665217185,26.399792277201286,50000
2025-05-06,26.399792277201286,26.789338511113453,26.262572431844536,26.730062029490135,152303
2025-05-07,26.730062029490135,27.09927273055859,26.683739512781447,26.95973801212962,50000
2025-05-08,26.95973801212962,27.100018333738834,26.932392781064166,27.02772072364887,62028
2025-05-09,27.02772072364887,27.07044894804503,26.61802070864711,26.76739601365301,50000
2025-05-12,26.76739601365301,26.859016993775985,26.53988204163965,26.59504788347072,50000
2025-05-13,26.59504788347072,26.78025834772499,26.31528172341047,26.52090817695606,62787
2025-05-14,26.52090817695606,26.660312835332522,26.465245229579992,26.592681393689947,50000
2025-05-15,26.592681393689947,27.1165368676064,26.37340689756466,27.08024629805723,66918
2025-05-16,27.08024629805723,27.2022123781787,26.92419341554014,26.974542263599318,50000
2025-05-19,26.974542263599318,27.209516241343458,26.923000998124987,27.209329736237216,50000
2025-05-20,27.209329736237216,27.643855648299628,27.09473982804366,27.39857874730154,50000
2025-05-21,27.39857874730154,27.700391303041464,27.312271784260094,27.515795577553384,56116
2025-05-22,27.515795577553384,27.670063822913537,27.026746519436447,27.318555617552807,50000
2025-05-23,27.318555617552807,27.444439354255216,27.183477029580462,27.28348136972274,50000
2025-05-26,27.28348136972274,27.812216455163018,27.252069637828644,27.751504839728742,50000
2025-05-27,27.751504839728742,27.959211807266776,27.495097962325254,27.735650907612808,160408
2025-05-28,27.735650907612808,27.841354332063183,27.563334949790214,27.82677461827733,50000
2025-05-29,27.82677461827733,28.078271482587386,27.573448679279213,27.624531237772462,50000
2025-05-30,27.624531237772462,27.63345485556181,27.445498405042656,27.47063973623798,66167
2025-06-02,27.47063973623798,27.75264783761983,27.428585096627323,27.552841769840562,50000
2025-06-03,27.552841769840562,27.7196217114898,26.99023393440042,27.15970253096954,50000
2025-06-04,27.15970253096954,27.487390359054732,26.542057460130476,26.697039997966122,50000
2025-06-05,26.697039997966122,26.72004652226174,26.330242570000433,26.445676672847352,50000
2025-06-06,26.445676672847352,26.7018895015051,26.052533710255105,26.10153355948555,50000
2025-06-09,26.10153355948555,26.12149203101118,25.68804641941447,25.896126569070983,50012
2025-06-10,25.896126569070983,26.181244696516778,25.643550110536918,26.052810278886046,50000
2025-06-11,26.052810278886046,26.08582955141759,25.752970042675894,25.865219452752772,50000
2025-06-12,25.865219452752772,26.280799295576585,25.79456985430388,25.99742389954764,50000
2025-06-13,25.99742389954764,26.027335852164427,25.86755557882895,26.012036529586133,68038
2025-06-16,26.012036529586133,26.27519602632328,25.932739856513123,26.063160542903066,60467
2025-06-17,26.063160542903066,26.757018295014834,26.035484170627676,26.438346335551522,50000
2025-06-18,26.438346335551522,26.596844915414113,26.33477133224415,26.439989738505666,50000
2025-06-19,26.439989738505666,26.514579750211258,26.05280761351591,26.11590835692511,50000
2025-06-20,26.11590835692511,26.335215678515134,25.772025891684557,25.879579247996322,102102
2025-06-23,25.879579247996322,26.45120853688177,25.81022264399625,26.160508905819185,50000
2025-06-24,26.160508905819185,26.286469066416128,26.055248763091804,26.16995921292264,50000
2025-06-25,26.16995921292264,26.34100370037739,25.747199677577832,25.81053581985318,50000
2025-06-26,25.81053581985318,26.02352740223892,25.334278674144564,25.60843125212106,50000
2025-06-27,25.60843125212106,25.670174923135217,25.13853675344675,25.22017705047102,50000
2025-06-30,25.22017705047102,25.344726484444784,25.006724029932233,25.1821922930027,50000
2025-07-01,25.1821922930027,25.220994895587136,25.07764071906998,25.19839564139109,64624
2025-07-02,25.19839564139109,25.49581283031287,25.02812955226241,25.292230446212425,50000
2025-07-03,25.292230446212425,25.32359245801292,24.740356936048016,24.819402153141514,50000
2025-07-04,24.819402153141514,25.240219373303827,24.69348889746209,24.922250632036413,75503
2025-07-07,24.922250632036413,25.149798012651626,24.44105576217142,24.78462772165878,50000
2025-07-08,24.78462772165878,24.98182984218523,24.66225739316316,24.67220239159391,133666
2025-07-09,24.67220239159391,24.8924137768042,24.587991264715132,24.628039824309397,87847
2025-07-10,24.628039824309397,24.791826860127767,24.059836109539745,24.44662066204144,64796
2025-07-11,24.44662066204144,24.81141563741002,24.295211320232415,24.76962476497555,50000
2025-07-14,24.76962476497555,24.773692020689257,24.454115068347754,24.464920238663478,50000
2025-07-15,24.464920238663478,24.47213101796562,24.230829612517926,24.389919413193905,50000
2025-07-16,24.389919413193905,24.419581520551617,24.137045067070183,24.26777364817253,90524
2025-07-17,24.26777364817253,24.521756355446637,23.986942791673243,24.44242226249462,50000
2025-07-18,24.44242226249462,24.567491157356763,24.411179421745945,24.556131515646886,50000
2025-07-21,24.556131515646886,24.81497050109178,24.42109428269485,24.62154327276302,111190
2025-07-22,24.62154327276302,25.107133241258694,24.470068833264214,24.755306721690687,50000
2025-07-23,24.755306721690687,25.06079328583108,24.751752163397004,24.917866653863257,50000
2025-07-24,24.917866653863257,24.973515585395223,24.74051452169829,24.81669907557917,50000
2025-07-25,24.81669907557917,24.92084933967232,24.71032645853641,24.8778565477221,61772
2025-07-28,24.8778565477221,24.947964344200543,24.75204080100349,24.93341478622641,68001
2025-07-29,24.93341478622641,24.962853201747393,24.501618954387652,24.57865085455684,197552
2025-07-30,24.57865085455684,24.851976817014528,24.57490502139561,24.726710898892467,50000
2025-07-31,24.726710898892467,24.804503116901778,24.334749418136532,24.656915865961704,50000
2025-08-01,24.656915865961704,24.760439751834046,24.19008810621973,24.219033546234176,95542
2025-08-04,24.219033546234176,24.357450930044294,23.836465750787188,24.051507196644007,55374
2025-08-05,24.051507196644007,24.192260642900006,23.95741213449805,24.13743580762795,50000
2025-08-06,24.13743580762795,24.554491601748445,24.06243409316375,24.449015802253744,56072
2025-08-07,24.449015802253744,24.527768439382392,23.94051137180479,24.054316190369043,50000
2025-08-08,24.054316190369043,24.293437752400667,23.95172587883991,24.182043946601546,50000
2025-08-11,24.182043946601546,24.27851036783209,24.021665412937335,24.099161131716652,70136
2025-08-12,24.099161131716652,24.11237726182729,23.91192228006529,23.992884266873126,50000
2025-08-13,23.992884266873126,24.149468416618827,23.989959570818108,24.049103080790886,50000
2025-08-14,24.049103080790886,24.131972961962557,23.34748613569643,23.66595805001568,75849
2025-08-15,23.66595805001568,23.67415192380966,23.65403878537643,23.673922695941176,50000
2025-08-18,23.673922695941176,23.773068661595698,22.986175302686956,23.024321700448294,50000
2025-08-19,23.024321700448294,23.063821467927404,22.924681057315382,22.94314684674763,50000
2025-08-20,22.94314684674763,23.03635479483836,22.6147909787412,22.723119104756726,50000
2025-08-21,22.723119104756726,22.927349821743036,22.181215882648274,22.36404642312772,57717
2025-08-22,22.36404642312772,22.49519160702617,22.265685707613788,22.287860708757346,50000
2025-08-25,22.287860708757346,22.562952550450067,22.205215410075965,22.27156937665556,50000
2025-08-26,22.27156937665556,22.667608124546632,22.26381471900919,22.57087055965422,50000
2025-08-27,22.57087055965422,22.589252227310347,22.444424765943573,22.536627922464845,70398
2025-08-28,22.536627922464845,23.019166548338028,22.37772435666213,22.883087982816022,50000
2025-08-29,22.883087982816022,23.01851738880218,22.64643830924544,22.70212166431041,50000
2025-09-01,22.70212166431041,22.820881943210193,22.140879185555274,22.263494108172928,50000
2025-09-02,22.263494108172928,22.385849103399615,21.871228408050815,21.88857222431632,73503
2025-09-03,21.88857222431632,21.911079941202345,21.656957159624007,21.86607188536977,50000
2025-09-04,21.86607188536977,22.4506415161468,21.759235441250894,22.39643352919071,50000
2025-09-05,22.39643352919071,22.86658083932931,22.346407304964217,22.817590460041053,52696
2025-09-08,22.817590460041053,22.855895095753628,22.759697863848203,22.79480403161354,80762
2025-09-09,22.79480403161354,22.80994153743407,22.687073860252493,22.700802099897857,54803
2025-09-10,22.700802099897857,22.787414317377355,22.42696671741539,22.62126756760304,50000
2025-09-11,22.62126756760304,22.913689235854953,22.61042806870816,22.843682093171918,50000
2025-09-12,22.843682093171918,22.891714553235392,22.491594604395843,22.614951881046814,62819
2025-09-15,22.614951881046814,22.959512539209605,22.542501798103217,22.86721257092256,50000
2025-09-16,22.86721257092256,23.290091352395216,22.782612584681434,23.24742819627932,73352
2025-09-17,23.24742819627932,23.645027521003623,23.041123260294167,23.523427806828078,50000
2025-09-18,23.523427806828078,23.603632702756,23.420050824984468,23.534050791311802,50000
2025-09-19,23.534050791311802,23.720249162590978,23.51018745525568,23.64973875236067,65791
2025-09-22,23.64973875236067,23.790982485288414,23.643608347821782,23.675071671590064,50000
2025-09-23,23.675071671590064,23.719237930842134,22.904680086369336,23.07957710421676,54792
2025-09-24,23.07957710421676,23.41575334986167,23.03018357922956,23.33321927191412,50000
2025-09-25,23.33321927191412,23.334326132334322,23.23678667963807,23.307258874846777,62969
2025-09-26,23.307258874846777,23.45098233441627,23.28821426698749,23.388782703195215,149955
2025-09-29,23.388782703195215,23.41959453471013,22.76696131422521,22.83004138820006,50000
2025-09-30,22.83004138820006,23.39047341156613,22.768371623256243,23.228112895292075,55038
2025-10-01,23.228112895292075,23.67794233372816,23.114946627631337,23.667549060566554,50000
2025-10-02,23.667549060566554,24.110109714698503,23.63356772280021,23.92873305877005,50000
2025-10-03,23.92873305877005,24.18410683438663,23.62538934957446,24.02860040832143,50000
2025-10-06,24.02860040832143,24.72393746615237,23.7118376387634,24.258551239406152,50000
2025-10-07,24.258551239406152,24.383121263211393,23.56265295462004,23.76449543386246,97445
2025-10-08,23.76449543386246,24.479861252146694,23.741693636025932,24.20406136507612,91049
2025-10-09,24.20406136507612,24.272944970568588,23.853516616143388,23.894223954344753,50000
2025-10-10,23.894223954344753,24.06366201173011,23.78268944145473,23.905932137033684,50000
2025-10-13,23.905932137033684,24.17143716113311,23.62474957731507,24.094597001175174,113471
2025-10-14,24.094597001175174,24.49223174562571,24.02393810867544,24.334448749947857,50000
2025-10-15,24.334448749947857,24.39000813687555,24.12992810160804,24.145431944168102,50000
2025-10-16,24.145431944168102,24.203265109079588,24.02485674903056,24.03468876962675,50000
2025-10-17,24.03468876962675,24.169703131326855,23.841717684768845,24.090245234747616,100585
2025-10-20,24.090245234747616,24.13486083167905,24.01725267596191,24.133971294555995,136047
2025-10-21,24.133971294555995,24.141065799971706,23.538344275995918,23.85164537475242,70082
2025-10-22,23.85164537475242,24.011876729344856,23.710757762778847,23.896041352295327,50000
2025-10-23,23.896041352295327,24.094686307358717,23.74569578556041,24.081993687644903,50000
2025-10-24,24.081993687644903,24.327394627802658,23.77189220173068,23.786795565695492,50000
2025-10-27,23.786795565695492,23.890045613180973,23.65261587575727,23.74323152023976,50000
2025-10-28,23.74323152023976,23.803072604719283,23.481572059362513,23.52216105131846,69800
2025-10-29,23.52216105131846,23.828264044188305,23.402168364764464,23.522338188885943,50000
2025-10-30,23.522338188885943,23.665945362661535,23.431393689507654,23.474753350441393,50000
2025-10-31,23.474753350441393,23.482336332658253,23.341677995626593,23.387187825577257,50000
2025-11-03,23.387187825577257,23.506629139337,23.05771198012708,23.20682000545056,50000
2025-11-04,23.20682000545056,23.614130737143174,23.190424427626652,23.41255139332051,50000
2025-11-05,23.41255139332051,23.65189817144066,23.020548758211433,23.348851506879406,52899
2025-11-06,23.348851506879406,23.363669607420896,23.073626923160386,23.13692572688007,102268
2025-11-07,23.13692572688007,23.40684772606467,22.976854930398687,23.228380054032506,93091
2025-11-10,23.228380054032506,23.91786556897624,23.006340868766202,23.63873039328286,50000
2025-11-11,23.63873039328286,23.743885090505284,23.557651210279808,23.728652694212844,50000
2025-11-12,23.728652694212844,23.85904626752177,23.055769264967285,23.33368208877985,50000
2025-11-13,23.33368208877985,23.89896245646643,23.079660015594072,23.78658328771285,176348
2025-11-14,23.78658328771285,23.841915394358576,23.340226327642302,23.62899100451556,130390
2025-11-17,23.62899100451556,24.62695395857986,23.51572044188107,24.5710564710895,50000
2025-11-18,24.5710564710895,25.075024738088178,24.392385903104167,24.845668251867007,50000
2025-11-19,24.845668251867007,25.155068249343287,24.688884304735794,24.969806177853254,50000
2025-11-20,24.969806177853254,25.397036291236656,24.883307029362168,25.38935988575487,50000
2025-11-21,25.38935988575487,25.661908924549518,24.864998547869025,25.045889619348984,92933
2025-11-24,25.045889619348984,25.243322448544685,24.92574363138951,24.997425113933293,50000
2025-11-25,24.997425113933293,25.4986336227696,24.940738756847562,25.495805309716577,52526
2025-11-26,25.495805309716577,25.586625348253875,25.254491319994088,25.450842380750622,50000
2025-11-27,25.450842380750622,25.59741096897448,24.60532070971348,24.83931826859751,50000
2025-11-28,24.83931826859751,24.846896276242358,24.653292783449565,24.693081516407357,50000
2025-12-01,24.693081516407357,25.42005077959774,24.633419350532154,25.175271912644913,50000
2025-12-02,25.175271912644913,25.470302336696992,25.162177699736734,25.385590754067398,50000
2025-12-03,25.385590754067398,25.545667345352815,25.01303321409279,25.30297255452397,50000
2025-12-04,25.30297255452397,25.431095130317132,24.95370753054993,25.014220279023352,108105
2025-12-05,25.014220279023352,25.130491172451556,24.652438031291453,24.813695205771012,50000
2025-12-08,24.813695205771012,25.22939759708388,24.676627149755518,24.85668160320047,50000
2025-12-09,24.85668160320047,25.47992372782958,24.725470957023578,25.462834961920727,230504
2025-12-10,25.462834961920727,25.82758252973694,25.264472108385228,25.793181193090618,74322
2025-12-11,25.793181193090618,25.988893620841917,25.673589305683812,25.839531267803224,50000
2025-12-12,25.839531267803224,26.019573947400023,25.47593504528881,25.70028447239749,50000
2025-12-15,25.70028447239749,25.74557672629266,25.671128307472824,25.714917116553345,50000
2025-12-16,25.714917116553345,25.902096055109215,25.615105319557937,25.843073669870073,50000
2025-12-17,25.843073669870073,25.927114998696347,25.34589727858786,25.523503855127917,50000
2025-12-18,25.523503855127917,25.661270176155995,25.48572986302209,25.6541134206826,50000
2025-12-19,25.6541134206826,25.838308075648023,25.614433509748878,25.80524992539559,50000
2025-12-22,25.80524992539559,25.901935259849065,25.32866668673958,25.336251860326133,50000
2025-12-23,25.336251860326133,25.550406572879236,25.25697890982349,25.481072942955603,50000
2025-12-24,25.481072942955603,25.62463297099592,25.383461084549296,25.424490091400166,50000
2025-12-25,25.424490091400166,25.733266984016886,25.38035451656214,25.520877548318104,50000
2025-12-26,25.520877548318104,25.89185264606899,25.013062406929343,25.838774572365306,50000
2025-12-29,25.838774572365306,26.02810962509397,25.741972301293096,25.866790792903956,50000
2025-12-30,25.866790792903956,25.905348812862456,25.498023386872806,25.890556920679682,50000
2025-12-31,25.890556920679682,26.003415743846013,25.76634494392012,25.784371701333054,50000
2026-01-01,25.784371701333054,25.97465667923724,25.335559364828157,25.5063013872284,55910
2026-01-02,25.5063013872284,25.590125898089088,24.981357208823557,25.218844068634866,52572
2026-01-05,25.218844068634866,25.610550045708127,25.203389241354717,25.4948504643648,50000
2026-01-06,25.4948504643648,25.606786510450963,25.167639976961404,25.273623932104996,96645
2026-01-07,25.273623932104996,25.481384509534195,24.5286079455217,24.71863379455669,50000
2026-01-08,24.71863379455669,24.954963721741333,24.334668861040054,24.485340289298943,50000
2026-01-09,24.485340289298943,25.00619047530231,24.37064512587439,24.97871595276153,50000
2026-01-12,24.97871595276153,25.326004736101535,24.861401971045428,25.28471094395034,58211
2026-01-13,25.28471094395034,25.479018731435655,24.90654942486206,24.93153082616552,50000
2026-01-14,24.93153082616552,25.295429205801284,24.88040220125235,25.237115248062754,132022
2026-01-15,25.237115248062754,25.36331124736349,24.80079689722941,24.91189729010105,50000
2026-01-16,24.91189729010105,25.01127545551818,24.600593266720317,24.62619493938759,50000
2026-01-19,24.62619493938759,24.936194594836763,24.565402201486513,24.612232363151936,50000
2026-01-20,24.612232363151936,24.63255778550907,24.121917219603446,24.429532071504426,70267
2026-01-21,24.429532071504426,24.611560713477253,24.132695589842747,24.18738468249091,50000
2026-01-22,24.18738468249091,24.83332138087006,23.90095208971384,24.7995388592499,50000
2026-01-23,24.7995388592499,25.14368235063429,24.70930437687425,24.949523838545165,50000
2026-01-26,24.949523838545165,25.427473642689492,24.871938746112807,25.18850870501392,50000
2026-01-27,25.18850870501392,25.41628689929578,25.079774676684067,25.307079850910462,50000
2026-01-28,25.307079850910462,25.382358128643947,24.830166575485233,25.035155681174917,50000
2026-01-29,25.035155681174917,25.495614794970496,25.02100017326511,25.282904783764735,50000
2026-01-30,25.282904783764735,25.3299682312813,24.995284844930634,25.020984057191622,50000
2026-02-02,25.020984057191622,25.351268522164382,24.750343240761094,24.79687804397332,50000
2026-02-03,24.79687804397332,24.87253231748511,24.51718076825518,24.608105721990764,50000
2026-02-04,24.608105721990764,24.67949988931569,24.29954932391394,24.51480473014866,64256
2026-02-05,24.51480473014866,24.546748503148976,24.405884006686538,24.50281596113406,68788
2026-02-06,24.50281596113406,24.50307987552028,24.069509150770838,24.308756877182514,50000
2026-02-09,24.308756877182514,24.508772187882798,23.844139975647835,24.004244346143476,50000
2026-02-10,24.004244346143476,24.309595209625137,23.765456722483503,24.14450469663447,50000
2026-02-11,24.14450469663447,24.794691483265694,24.132111150593374,24.698621344329833,50000
2026-02-12,24.698621344329833,25.088295280066106,24.658810872498567,25.04108035382097,75891
2026-02-13,25.04108035382097,25.136668529856344,24.911419163492862,24.93998640754362,80273
2026-02-16,24.93998640754362,25.332372480735486,24.7673858804016,25.206130021210566,50000
2026-02-17,25.206130021210566,25.589403074377977,25.14231490678115,25.210782332863843,50000
2026-02-18,25.210782332863843,25.561814088158947,25.062151012186124,25.449349035784593,50000
2026-02-19,25.449349035784593,25.61293207225802,25.28658640937076,25.422855920915445,50000
2026-02-20,25.422855920915445,25.588183083546113,25.310855078597765,25.408546349445402,50000
2026-02-23,25.408546349445402,25.707214084828713,25.33111786243177,25.64222582615152,50000
2026-02-24,25.64222582615152,26.079691025714396,25.5480648127005,25.88806538767124,50000
2026-02-25,25.88806538767124,25.952483287776033,25.591655525273925,25.742549976858918,50000
2026-02-26,25.742549976858918,25.92152286441224,25.591334579885487,25.668985891295858,50000
2026-02-27,25.668985891295858,25.773194723457145,25.275172730586043,25.76400468118431,50000
2026-03-02,25.76400468118431,26.51301059942753,25.719678529910624,26.23747643957078,50000
2026-03-03,26.23747643957078,26.34799590997843,25.969773852109014,26.201958516062575,50000
2026-03-04,26.201958516062575,26.9868844202388,25.916249120482107,26.689898693276582,50000
2026-03-05,26.689898693276582,26.793667909711246,26.301861579730428,26.481869831800626,50000
2026-03-06,26.481869831800626,26.897665109108036,26.19055088033036,26.828559894926865,50000
2026-03-09,26.828559894926865,26.89924812574797,26.684219053249457,26.841749076636123,50000
2026-03-10,26.841749076636123,27.595330391519433,26.67295824998724,27.537987449533,50000
2026-03-11,27.537987449533,27.67241798279527,27.051023330466784,27.45339040651119,50000
2026-03-12,27.45339040651119,27.730211709530032,27.08248231142928,27.2827993536073,50000
2026-03-13,27.2827993536073,27.3379565538501,27.135507148819972,27.321291261688625,50000
2026-03-16,27.321291261688625,27.387175886877237,27.094289804448135,27.144289901230316,50000
2026-03-17,27.144289901230316,27.473408997955918,27.06780705067632,27.335865766731995,50000
2026-03-18,27.335865766731995,27.628414270417885,26.851292225756975,26.976384879488737,54279
2026-03-19,26.976384879488737,27.35861691142709,26.727568396270414,27.18984060197491,50000
2026-03-20,27.18984060197491,27.549459436921,27.18422680234281,27.358225768142315,54318
2026-03-23,27.358225768142315,27.36436702506366,27.270277367026463,27.335938146472287,79321
2026-03-24,27.335938146472287,27.615626202626395,27.042368379225493,27.071581536680664,50000
2026-03-25,27.071581536680664,27.527217926518684,26.979126197756017,27.17651087223631,50000
2026-03-26,27.17651087223631,27.7113867557708,27.126033815367197,27.544435258852033,146271
2026-03-27,27.544435258852033,27.75593660726766,27.291137024473066,27.673919660522493,50000
2026-03-30,27.673919660522493,27.72716655000969,27.49837866376154,27.659379093941197,50416
2026-03-31,27.659379093941197,27.95516417875549,27.311364658769175,27.72385335158869,50000
2026-04-01,27.72385335158869,27.85128772019169,27.602926546970636,27.61701933188379,50000
2026-04-02,27.61701933188379,27.73307221590176,27.517515991405375,27.675471099123552,105632
2026-04-03,27.675471099123552,28.02507590943739,27.35478538164435,27.956705935937915,50000
2026-04-06,27.956705935937915,28.22827933296114,27.71900070057563,27.79849194925892,99603
2026-04-07,27.79849194925892,28.004266766205966,27.47210454127984,27.497835345223972,50000
2026-04-08,27.497835345223972,27.73793914485264,27.4971099095389,27.69315669981665,50000
2026-04-09,27.69315669981665,28.23374778650193,27.454907867541518,28.026254425229574,50000
2026-04-10,28.026254425229574,28.10688207795558,27.700283781232688,27.821307042642427,50000
