Date,Open,High,Low,Close,Volume
2010-01-01,18.172693842950782,18.172947436045263,18.169901883750267,18.172693842950782,50000
2010-01-04,18.172693842950782,18.32836222968783,17.785388000059974,17.90139372480204,107005
2010-01-05,17.90139372480204,18.02721324231902,17.89957317808484,18.009487847260136,52381
2010-01-06,18.009487847260136,18.155571913486877,17.89944863340643,17.995640767365344,84045
2010-01-07,17.995640767365344,18.030607122406447,17.648421260874883,17.833879804810188,104907
2010-01-08,17.833879804810188,17.964088844882262,17.483520963791253,17.693993371847288,50000
2010-01-11,17.693993371847288,18.017710173941836,17.68638545742527,17.936505989887,107396
2010-01-12,17.936505989887,17.997393771589135,17.752296915681253,17.759524705285056,50000
2010-01-13,17.759524705285056,17.837881022822,17.701298958126664,17.77149591370753,50000
2010-01-14,17.77149591370753,17.897951197698788,17.507804125878877,17.52758589938549,50000
2010-01-15,17.52758589938549,17.742748386714556,17.417714064103233,17.711799957587537,66231
2010-01-18,17.711799957587537,17.782798572832263,17.578979586078646,17.627191843402436,77357
2010-01-19,17.627191843402436,17.63945900525573,17.307365583480372,17.431561755597354,50000
2010-01-20,17.431561755597354,17.7129865841962,17.187295152628963,17.702617601897416,50000
2010-01-21,17.702617601897416,18.042419969431204,17.657048406077298,17.906594171412106,50000
2010-01-22,17.906594171412106,17.92184602769496,17.648470463281473,17.750971957077706,50000
2010-01-25,17.750971957077706,17.866036338484925,17.701422220800453,17.858343108678795,50000
2010-01-26,17.858343108678795,17.978011778899447,17.67461951621778,17.812409763470015,50000
2010-01-27,17.812409763470015,18.184559564392977,17.729912348135734,18.15628145081624,50000
2010-01-28,18.15628145081624,18.36785201058466,17.94697100443368,18.296270098832736,88500
2010-01-29,18.296270098832736,18.433555128354406,18.28767672238352,18.31937717542102,50000
2010-02-01,18.31937717542102,18.392643779495593,18.279767978884767,18.351012935104514,71633
2010-02-02,18.351012935104514,18.785772750059994,18.302778478372858,18.65732168965784,50000
2010-02-03,18.65732168965784,18.833051765601414,18.500050676087252,18.755737228013416,50000
2010-02-04,18.755737228013416,18.855710344246443,18.545440240230608,18.567604258975727,50432
2010-02-05,18.567604258975727,18.61872880381844,18.117814510997707,18.192989207613305,145904
2010-02-08,18.192989207613305,18.63799268349664,18.18345162824843,18.564681921730855,53459
2010-02-09,18.564681921730855,18.766237572011356,18.437363382777814,18.75051016635564,50000
2010-02-10,18.75051016635564,19.24042671618416,18.430198090892567,19.047125448349213,50000
2010-02-11,19.047125448349213,19.085821088873388,18.809424915968584,18.87051170214862,79797
2010-02-12,18.87051170214862,19.44041682445686,18.866539153586025,19.251122808831937,71447
2010-02-15,19.251122808831937,19.570822852142097,19.033619697815098,19.181411504051212,50000
2010-02-16,19.181411504051212,19.251496921230306,19.10449609828776,19.115246185625573,50000
2010-02-17,19.115246185625573,19.448962442142605,19.089648105659084,19.292603267456702,50000
2010-02-18,19.292603267456702,19.32493565739506,19.24912451844843,19.2637863078004,50000
2010-02-19,19.2637863078004,19.34986376411964,19.07875006543722,19.331585237571463,50000
2010-02-22,19.331585237571463,19.385743919644245,19.1556361194022,19.256047605470677,50000
2010-02-23,19.256047605470677,19.364660121726228,19.121352910677192,19.137326076474775,50000
2010-02-24,19.137326076474775,19.506683337733765,19.13437149162232,19.276519940085866,66199
2010-02-25,19.276519940085866,19.37016078434181,19.220288351940553,19.252176686315643,53203
2010-02-26,19.252176686315643,19.57101423468458,19.07100634448301,19.502416515390195,76795
2010-03-01,19.502416515390195,19.654380050655625,19.45834080685928,19.609856917435433,50000
2010-03-02,19.609856917435433,19.645713924007122,19.138595490477925,19.28582449432564,60990
2010-03-03,19.28582449432564,19.48834399874714,19.191788608508116,19.25438602022368,50000
2010-03-04,19.25438602022368,19.591640720214826,19.144636030172077,19.270129204425814,50000
2010-03-05,19.270129204425814,19.59917291585353,19.233066081354302,19.447459021178904,50000
2010-03-08,19.447459021178904,19.94619298471665,19.439113214508613,19.855008399127826,50000
2010-03-09,19.855008399127826,20.10641524196146,19.774657553674466,20.06245426336681,50000
2010-03-10,20.06245426336681,20.586273263354634,19.816930003087098,20.404597151484204,50000
2010-03-11,20.404597151484204,20.746918258080676,20.323993826404966,20.74467409726932,50000
2010-03-12,20.74467409726932,20.96538663497942,20.611024430565756,20.851120802220777,70191
2010-03-15,20.851120802220777,21.41104436776392,20.642930976182917,21.27032692975118,50000
2010-03-16,21.27032692975118,21.29160393208684,20.97445773796478,21.073016749972965,53039
2010-03-17,21.073016749972965,21.118422599211584,20.915668489375314,20.934898601844896,50000
2010-03-18,20.934898601844896,21.0575024006455,20.928014728473276,20.942574313572376,65253
2010-03-19,20.942574313572376,21.133098052921966,20.899505141789398,21.129060646635256,50000
2010-03-22,21.129060646635256,21.289688148277826,21.09278604535063,21.201671925667547,83101
2010-03-23,21.201671925667547,21.53195013246376,21.16029746000322,21.330909854646784,94290
2010-03-24,21.330909854646784,21.44593786143467,21.319410958282237,21.387272343526277,51203
2010-03-25,21.387272343526277,21.879146725124457,21.335763446932987,21.525014560575453,50000
2010-03-26,21.525014560575453,21.60752461343036,21.322559180927307,21.344609932138503,50000
2010-03-29,21.344609932138503,21.548975234429516,21.258559187795868,21.470083616667313,53096
2010-03-30,21.470083616667313,21.659544232390424,21.309328660249797,21.605026523014022,50000
2010-03-31,21.605026523014022,21.6150988526768,21.19425387540814,21.556981394075045,50000
2010-04-01,21.556981394075045,21.62421813524348,21.39891318964077,21.55836268367659,62854
2010-04-02,21.55836268367659,21.860901494433737,21.414055898755123,21.81657671311901,50000
2010-04-05,21.81657671311901,22.092322836666558,21.736310486992302,22.051894369624414,60721
2010-04-06,22.051894369624414,22.296534404116134,21.912466278257693,22.158185347931965,50000
2010-04-07,22.158185347931965,22.368954081269074,22.137230850938472,22.352242540268904,50000
2010-04-08,22.352242540268904,22.354744786657175,22.055673830294598,22.161032189663015,50000
2010-04-09,22.161032189663015,22.319912802788675,21.941222589281836,22.01556456896022,164566
2010-04-12,22.01556456896022,22.168498529969963,21.506061811649754,21.61611203391521,50000
2010-04-13,21.61611203391521,21.7200741987323,20.86652067710415,20.973408462770465,50000
2010-04-14,20.973408462770465,21.11929673647199,20.951842178775653,20.9804669806678,97203
2010-04-15,20.9804669806678,21.031586018062544,20.600230669713987,20.695194982531422,50000
2010-04-16,20.695194982531422,21.20333512247536,20.554998094517718,21.19863018874583,102973
2010-04-19,21.19863018874583,21.29078589277646,20.895430367517914,21.042944890918598,50000
2010-04-20,21.042944890918598,21.430952658553657,21.006377068487453,21.252937000985007,52717
2010-04-21,21.252937000985007,21.429101472557836,21.213611100341392,21.4011199972154,72264
2010-04-22,21.4011199972154,21.573667238742203,21.04766319131317,21.11991738420764,56032
2010-04-23,21.11991738420764,21.256292460607273,21.106442791853617,21.19618761907554,50000
2010-04-26,21.19618761907554,21.37853373173086,20.943065900536038,21.125622732062478,50000
2010-04-27,21.125622732062478,21.137899604802655,20.717865645194337,20.810110663215617,119459
2010-04-28,20.810110663215617,20.945743965321128,20.613990172355617,20.838392057380318,80720
2010-04-29,20.838392057380318,20.88889064788427,20.789041370205343,20.79531256402914,50000
2010-04-30,20.79531256402914,20.848705328418166,20.286455578581396,20.556702072280547,50000
2010-05-03,20.556702072280547,21.063342725278154,20.48378327989671,20.908482651502045,50000
2010-05-04,20.908482651502045,21.36067834605867,20.8656369400987,21.16283957464084,50000
2010-05-05,21.16283957464084,21.592038778651435,21.06051945660371,21.426902774487058,50000
2010-05-06,21.426902774487058,21.534304026680637,21.324327684217508,21.446731819444175,50000
2010-05-07,21.446731819444175,21.643122247198264,21.34878646423324,21.62827042341394,50000
2010-05-10,21.62827042341394,21.899171387974693,21.32665193127845,21.4312979419505,83242
2010-05-11,21.4312979419505,21.611867433998892,21.360917086306905,21.49785284457087,50000
2010-05-12,21.49785284457087,21.660509592739533,21.43783340244958,21.65953621929579,50000
2010-05-13,21.65953621929579,21.740062172943283,21.304339809299986,21.390394424531358,140874
2010-05-14,21.390394424531358,21.51165617233734,20.897955531009174,20.97797008462395,50000
2010-05-17,20.97797008462395,21.006964096166513,20.8120408107197,20.85078093417127,50000
2010-05-18,20.85078093417127,21.15234697232743,20.742090815016564,20.791727047446138,50000
2010-05-19,20.791727047446138,21.060984101057688,20.709227951024744,21.05704869360338,68006
2010-05-20,21.05704869360338,21.153834409645015,20.745479148155447,20.830973359948853,50000
2010-05-21,20.830973359948853,20.957114104742157,20.507769965163128,20.65115344687942,50000
2010-05-24,20.65115344687942,21.118562521951286,20.423242722237703,21.046074539201104,50000
2010-05-25,21.046074539201104,21.48360812001021,20.942948786497777,21.433281495354457,50000
2010-05-26,21.433281495354457,21.611491469127284,21.320508155568202,21.530814635334686,88031
2010-05-27,21.530814635334686,21.66788066406715,21.17540839117632,21.24876471759418,50000
2010-05-28,21.24876471759418,21.51447632433949,20.970759053540203,21.453165329395468,109919
2010-05-31,21.453165329395468,21.51103287710216,21.216084923186216,21.22883688522364,53850
2010-06-01,21.22883688522364,21.351763316265085,21.10107393025818,21.323699870427948,58638
2010-06-02,21.323699870427948,21.44703742359386,21.29706827711785,21.44580066145637,87491
2010-06-03,21.44580066145637,21.690920948222093,20.721155773916657,21.069993397485764,121889
2010-06-04,21.069993397485764,21.50686263855037,20.97769628573363,21.49496589570357,120711
2010-06-07,21.49496589570357,21.645601588839657,21.38987464845876,21.618508862862154,50000
2010-06-08,21.618508862862154,21.90767061629468,21.532315291011358,21.731613589494895,50000
2010-06-09,21.731613589494895,21.813265914318094,21.69819697904684,21.70937262830888,74330
2010-06-10,21.70937262830888,21.863120537914646,21.595766305216014,21.732437642056187,76502
2010-06-11,21.732437642056187,21.762616684406545,21.508101906623146,21.701594067064466,87597
2010-06-14,21.701594067064466,21.717744152085956,21.61622643647772,21.71459041211567,50000
2010-06-15,21.71459041211567,22.219541437317943,21.69161372207609,21.931568783698477,50000
2010-06-16,21.931568783698477,22.836068209482487,21.667793996049227,22.600273796527812,50000
2010-06-17,22.600273796527812,22.689006268579348,22.53540140689679,22.62169771826613,50000
2010-06-18,22.62169771826613,22.64812645994625,22.480830983486303,22.551667455162285,50000
2010-06-21,22.551667455162285,22.700976703318947,22.512913478920662,22.664320746604144,50000
2010-06-22,22.664320746604144,22.81299794126534,22.621243354241088,22.722352930843307,50000
2010-06-23,22.722352930843307,22.74026841437974,22.608169936688437,22.72675006681807,50000
2010-06-24,22.72675006681807,22.945680885246947,22.690761921647873,22.8876913025588,94869
2010-06-25,22.8876913025588,23.004578541055395,22.596845250334187,22.78783082209306,50000
2010-06-28,22.78783082209306,23.433929488809024,22.760135155882658,23.214085431556896,50000
2010-06-29,23.214085431556896,23.475002443833265,22.914536445431146,22.9864263391827,50000
2010-06-30,22.9864263391827,23.278381064157948,22.783670355481338,22.83895373895194,50000
2010-07-01,22.83895373895194,22.993312460229227,22.077357804563523,22.378380004041517,50000
2010-07-02,22.378380004041517,22.493902220603445,22.306788013561587,22.455542561507887,50000
2010-07-05,22.455542561507887,22.476368913006578,21.93384527492682,21.98544283435058,50000
2010-07-06,21.98544283435058,22.359117036777818,21.682986979804706,22.3003417098139,50000
2010-07-07,22.3003417098139,22.489195060512156,22.227275241517837,22.338064707824653,50000
2010-07-08,22.338064707824653,22.36889532798694,22.026864333678844,22.20796335345388,50000
2010-07-09,22.20796335345388,22.26428252542869,21.86071918014013,21.98835679296787,51663
2010-07-12,21.98835679296787,22.024548792183953,21.867889425166034,21.98928549534078,103689
2010-07-13,21.98928549534078,22.72859532789518,21.93919195347142,22.661487745689584,50000
2010-07-14,22.661487745689584,23.359121338945084,22.407288281468315,23.217135005810004,119880
2010-07-15,23.217135005810004,23.795465182227936,23.073930235933577,23.528231271407872,50000
2010-07-16,23.528231271407872,23.704927098322127,23.351740219649017,23.67258053395764,50000
2010-07-19,23.67258053395764,23.67589419722074,23.410103519009663,23.4233329425741,50000
2010-07-20,23.4233329425741,23.68007191637891,22.91710656485457,22.99159651196633,50000
2010-07-21,22.99159651196633,23.34467387284034,22.985967836762754,23.206347432263694,50000
2010-07-22,23.206347432263694,23.254593319184966,23.095936613855237,23.217319359433816,72976
2010-07-23,23.217319359433816,23.551442059765137,22.800413325340458,22.97414219314222,50000
2010-07-26,22.97414219314222,23.243157263644125,22.74809743740493,23.197191371271835,50000
2010-07-27,23.197191371271835,23.41568650044139,23.038402025350393,23.136971516444433,50000
2010-07-28,23.136971516444433,23.43184835117106,22.585676883115827,22.65538618598488,50000
2010-07-29,22.65538618598488,22.755157095522293,22.34215236771216,22.430066932436752,50000
2010-07-30,22.430066932436752,22.584228376652575,22.333116653895793,22.542487580157122,50000
2010-08-02,22.542487580157122,22.745892990559298,22.478836901505026,22.61090368709651,50000
2010-08-03,22.61090368709651,22.939484018970106,21.967812077222632,22.18830435417044,50618
2010-08-04,22.18830435417044,22.341769583077987,22.069445571753903,22.292399238797806,50000
2010-08-05,22.292399238797806,22.454745056864176,22.25878415281928,22.3649561471441,50000
2010-08-06,22.3649561471441,22.879886955151147,22.32967660309099,22.696741421750744,50000
2010-08-09,22.696741421750744,22.855529331286977,22.428567966035565,22.78259429129591,50000
2010-08-10,22.78259429129591,22.946905851927877,22.599922167422534,22.838016195581396,50000
2010-08-11,22.838016195581396,22.995855066407756,22.77841051475744,22.87410303931527,50000
2010-08-12,22.87410303931527,22.953570340712137,22.37729901383974,22.594827145414573,50000
2010-08-13,22.594827145414573,22.658457234262414,22.566414819184335,22.617902155113818,50000
2010-08-16,22.617902155113818,22.728143151142877,21.96881112425257,22.27347431017928,83768
2010-08-17,22.27347431017928,22.861729752381603,22.262219805619896,22.72504863881832,50000
2010-08-18,22.72504863881832,22.98120440830918,22.34177788225047,22.377309825067012,50000
2010-08-19,22.377309825067012,22.896923583290377,22.264170077420726,22.714936225229366,74630
2010-08-20,22.714936225229366,22.909500364937635,22.36001970228863,22.526628513293094,58587
2010-08-23,22.526628513293094,22.827524646781715,22.360101054443994,22.749752350237152,68194
2010-08-24,22.749752350237152,22.913080341801976,22.551787055347276,22.825445931202243,59665
2010-08-25,22.825445931202243,22.838580871264547,22.375862110567788,22.62687233732076,50000
2010-08-26,22.62687233732076,22.648030020958576,22.272186056736235,22.31285517214249,95971
2010-08-27,22.31285517214249,22.38889469076247,22.123373015106083,22.2138051972779,50000
2010-08-30,22.2138051972779,22.39623189571457,21.904638024737235,22.04955992457684,50000
2010-08-31,22.04955992457684,22.1786122052189,21.990069338899662,22.094656829449164,50000
2010-09-01,22.094656829449164,22.250987162762915,22.082824577543775,22.20462969933142,50000
2010-09-02,22.20462969933142,22.27873884286282,21.77088990675276,21.77206658782674,50000
2010-09-03,21.77206658782674,21.871490644482613,21.626742466256694,21.781888304274275,91394
2010-09-06,21.781888304274275,22.2355863388288,21.651025395631645,22.17771167092861,50000
2010-09-07,22.17771167092861,22.764068082871166,22.116769223926518,22.648427384354072,50000
2010-09-08,22.648427384354072,22.673402712162364,22.347222782515594,22.443482702542088,72987
2010-09-09,22.443482702542088,22.45126055700889,22.23258064734505,22.38385408850055,50000
2010-09-10,22.38385408850055,22.648986790203505,22.0243517087897,22.58416244207147,55059
2010-09-13,22.58416244207147,22.696303081533102,22.45496500327264,22.50838003185985,76421
2010-09-14,22.50838003185985,22.612792941322912,22.362773693428334,22.372964610858716,50000
2010-09-15,22.372964610858716,23.080757009938953,22.324926347164457,22.99222244479476,64899
2010-09-16,22.99222244479476,23.187349933694986,22.91249782158002,22.942996560731284,50000
2010-09-17,22.942996560731284,23.531588218628265,22.88329396401021,23.352370436225584,50000
2010-09-20,23.352370436225584,23.40343429661351,23.007707779554448,23.1552386821269,50000
2010-09-21,23.1552386821269,23.382828047005393,22.866544558777978,23.058083649743217,50000
2010-09-22,23.058083649743217,23.07501471448951,22.727075894324493,22.995894508016065,50000
2010-09-23,22.995894508016065,23.318349193165535,22.97908283386664,23.307573369919233,50000
2010-09-24,23.307573369919233,23.723139343979113,23.288790094114145,23.53341263151809,50000
2010-09-27,23.53341263151809,23.679615080674704,22.867810488657497,23.191254335350486,143023
2010-09-28,23.191254335350486,23.49249439485912,23.084203402460187,23.387426966373216,50000
2010-09-29,23.387426966373216,23.85610995534755,23.284723853127275,23.68231381027738,152333
2010-09-30,23.68231381027738,23.685646681968496,23.423497964582403,23.434773491403142,50000
2010-10-01,23.434773491403142,23.57090691262149,23.28342743166402,23.365376105206263,50000
2010-10-04,23.365376105206263,23.405184990530586,23.221071262369072,23.352823954071688,50000
2010-10-05,23.352823954071688,23.44102737453737,22.93111152274138,23.01280554364768,77264
2010-10-06,23.01280554364768,23.11181150075562,22.631838291671233,22.739111486067046,50000
2010-10-07,22.739111486067046,22.820299096195907,22.52456078495423,22.64673692807963,50000
2010-10-08,22.64673692807963,22.7882210471909,22.570275994408014,22.599205647583027,67068
2010-10-11,22.599205647583027,22.641181340266552,22.416023957222478,22.526782789111362,50000
2010-10-12,22.526782789111362,22.957000729377675,22.34114162649445,22.867321075035317,119144
2010-10-13,22.867321075035317,23.397240140701207,22.736668247778155,23.15821920038874,50000
2010-10-14,23.15821920038874,23.294268864792162,22.801101689025977,22.811737700123114,50000
2010-10-15,22.811737700123114,22.968085519783862,22.472766701070373,22.78503447962065,50000
2010-10-18,22.78503447962065,22.95471702228539,22.38083844363372,22.4081182307683,50000
2010-10-19,22.4081182307683,22.43521603444051,22.138924463573655,22.172607317734823,66380
2010-10-20,22.172607317734823,22.409370664745943,21.926103668541845,22.3130736396099,50000
2010-10-21,22.3130736396099,22.42228316347702,22.220968103835542,22.278776972719026,50000
2010-10-22,22.278776972719026,22.44062947316035,22.135286801142495,22.30236044711041,50000
2010-10-25,22.30236044711041,22.508296245550667,22.038770747764524,22.07303044937853,50000
2010-10-26,22.07303044937853,22.12599912635526,21.792813618376915,21.826233036762705,50000
2010-10-27,21.826233036762705,21.842499802698903,21.822224755697444,21.836422424932202,87686
2010-10-28,21.836422424932202,22.030540249595422,21.477486784050257,21.69515881076592,103047
2010-10-29,21.69515881076592,21.967048771271934,21.68041826008738,21.891522617242085,66197
2010-11-01,21.891522617242085,22.55342219296535,21.813815043891115,22.26566001730883,71759
2010-11-02,22.26566001730883,22.487442850874086,22.107236713676123,22.310980528611996,50000
2010-11-03,22.310980528611996,22.812654692821617,22.113837034132313,22.78681792004417,50000
2010-11-04,22.78681792004417,22.875723978921428,22.02638056822161,22.309903149118153,50000
2010-11-05,22.309903149118153,22.42025894208808,21.944396008797398,22.123165141152505,50000
2010-11-08,22.123165141152505,22.43757230245941,22.02370717200357,22.39664060770747,50000
2010-11-09,22.39664060770747,22.835451390880444,22.378112271932956,22.715137894142565,50000
2010-11-10,22.715137894142565,22.92939092475757,22.222816570166213,22.243625552869837,50000
2010-11-11,22.243625552869837,22.80050686072137,22.059319417189947,22.604180228260724,50000
2010-11-12,22.604180228260724,22.82749015708199,22.452335585377497,22.592748442304444,50000
2010-11-15,22.592748442304444,23.152766082484302,22.539396581427994,23.086669387807444,50000
2010-11-16,23.086669387807444,23.103416630132692,22.937295302582122,23.04225657383375,50000
2010-11-17,23.04225657383375,23.117382460350914,22.589522856178846,22.759824500661246,50000
2010-11-18,22.759824500661246,23.044994181731816,22.685315777038582,22.895396803366168,50000
2010-11-19,22.895396803366168,23.015660548914894,22.70464866295436,22.76616386631445,50000
2010-11-22,22.76616386631445,22.864338250231626,22.43914356863097,22.529468776249935,50141
2010-11-23,22.529468776249935,22.708192320479583,22.327190607216835,22.614544865626744,83462
2010-11-24,22.614544865626744,22.916326142539262,22.58437872143758,22.59184758029294,59908
2010-11-25,22.59184758029294,22.744839365508362,22.24817563715103,22.278951909076508,64944
2010-11-26,22.278951909076508,22.29741974669391,21.816502199613474,21.89565952105494,61282
2010-11-29,21.89565952105494,21.989452857070614,20.942946335309966,21.28756553550071,50000
2010-11-30,21.28756553550071,21.43504914850832,21.20976238865407,21.308433581605247,50000
2010-12-01,21.308433581605247,21.39064264362335,20.97544212916869,20.97613609507875,50000
2010-12-02,20.97613609507875,21.23541128765817,20.844944506397653,21.19155965483927,50000
2010-12-03,21.19155965483927,21.273789003132574,21.05816382640668,21.1314168894147,50000
2010-12-06,21.1314168894147,21.660375353218882,21.032167610218295,21.495556274144654,50000
2010-12-07,21.495556274144654,21.56629788967387,21.041288233475825,21.252793559264404,93261
2010-12-08,21.252793559264404,21.262885725024546,20.90445819167785,21.10327746749314,50000
2010-12-09,21.10327746749314,21.41285128686548,21.035022611228214,21.362698816233067,50000
2010-12-10,21.362698816233067,21.393007391307968,21.088319835501636,21.14459629748747,62221
2010-12-13,21.14459629748747,21.231174153964812,20.766614976717246,20.921026531165182,50000
2010-12-14,20.921026531165182,21.33837771897117,20.88847488372964,21.264905645672613,50000
2010-12-15,21.264905645672613,21.59407181639022,21.136000795393638,21.532202998230595,50000
2010-12-16,21.532202998230595,21.68263284240064,20.94843365669827,20.991484657929316,50000
2010-12-17,20.991484657929316,21.33042919507253,20.97797618605661,21.18382847613799,50000
2010-12-20,21.18382847613799,21.36437891860849,21.122563832941662,21.246552380840694,50000
2010-12-21,21.246552380840694,21.28845905925131,21.083976326701187,21.087246956049494,50000
2010-12-22,21.087246956049494,21.149480380422517,20.70794759564042,20.843585657638705,50000
2010-12-23,20.843585657638705,20.8454461558923,20.78951333491666,20.843367680077613,56530
2010-12-24,20.843367680077613,20.96673570395475,20.6880082268012,20.893984448266796,67686
2010-12-27,20.893984448266796,21.700275728211714,20.80844251858268,21.416900655705792,51292
2010-12-28,21.416900655705792,21.686514125941155,21.154623092962716,21.24795228585448,50000
2010-12-29,21.24795228585448,21.25884185317388,21.080480290877944,21.195465388236205,50000
2010-12-30,21.195465388236205,21.225228918661525,20.806541164283853,20.831606265272754,50000
2010-12-31,20.831606265272754,21.115164753106658,20.776541658125954,21.010190563380732,50000
2011-01-03,21.010190563380732,21.04127008798038,20.515556927604273,20.702794092075845,50000
2011-01-04,20.702794092075845,21.248807248704995,20.67943740484529,21.172554203363468,50000
2011-01-05,21.172554203363468,21.182478332856775,20.904137060774026,20.96617747342154,67175
2011-01-06,20.96617747342154,21.019806970323213,20.75708082743177,20.880530602575426,50000
2011-01-07,20.880530602575426,21.241477119280923,20.79625863098989,21.087739522994838,107692
2011-01-10,21.087739522994838,21.25010181226753,20.779585873935307,20.87991220491388,50000
2011-01-11,20.87991220491388,21.564979214212475,20.756989785623055,21.404227976684993,136196
2011-01-12,21.404227976684993,21.599792326280596,21.250322698652138,21.454207347399507,50000
2011-01-13,21.454207347399507,21.811991804497048,21.124467913467296,21.786150935053033,53840
2011-01-14,21.786150935053033,21.844677331739643,21.48852787435787,21.701119167717618,50000
2011-01-17,21.701119167717618,22.375168603034915,21.466302986108836,22.19223117196185,50000
2011-01-18,22.19223117196185,22.585383846106645,22.18076436176376,22.453279534843396,50000
2011-01-19,22.453279534843396,22.83483465674769,22.361843341287283,22.686557346444854,50000
2011-01-20,22.686557346444854,23.058930243973442,22.519739185525808,23.032953499564588,50000
2011-01-21,23.032953499564588,23.082699285078974,22.686977416857122,22.80119694229853,50000
2011-01-24,22.80119694229853,22.978575352209823,22.543816977196826,22.625452754441696,50000
2011-01-25,22.625452754441696,22.78365882553414,22.61365411750323,22.640642079371123,76472
2011-01-26,22.640642079371123,22.76604605713041,22.556650860946384,22.725091272724896,50000
2011-01-27,22.725091272724896,23.109144672433786,22.62402408468126,22.98269515919352,85840
2011-01-28,22.98269515919352,23.403361157740616,22.892185742023656,22.931307467619522,50000
2011-01-31,22.931307467619522,22.962353859253138,22.247061550353973,22.249443816241907,50000
2011-02-01,22.249443816241907,22.513926104326927,22.114182751547325,22.2679613100623,50000
2011-02-02,22.2679613100623,22.344506896073465,21.771830346616955,21.82834800383964,75995
2011-02-03,21.82834800383964,22.03971464208749,21.456764671944708,21.46184130703297,50000
2011-02-04,21.46184130703297,21.59269371270833,20.864830704115246,21.117434925099648,50000
2011-02-07,21.117434925099648,21.165421353552595,21.068543196606313,21.164203761716998,50000
2011-02-08,21.164203761716998,21.273889807195413,20.652317649588138,20.711751467156446,120503
2011-02-09,20.711751467156446,20.927372918457664,20.711218328178955,20.916002109514928,50000
2011-02-10,20.916002109514928,21.077202166430702,20.82387497367533,21.013162450675313,50000
2011-02-11,21.013162450675313,21.13181922637987,20.927547469207962,21.086192267093494,50000
2011-02-14,21.086192267093494,21.161640243055256,20.97709544697038,20.982965185549155,50000
2011-02-15,20.982965185549155,21.46641418116105,20.905098179176807,21.249968542295008,50000
2011-02-16,21.249968542295008,21.384497738429033,20.70362197995693,20.759394079570683,50000
2011-02-17,20.759394079570683,20.96150499951652,20.372152460895855,20.896152030450885,50000
2011-02-18,20.896152030450885,20.974436894418968,20.472267539586117,20.681285789317144,50000
2011-02-21,20.681285789317144,20.95585417677076,20.63155254399322,20.74598878054168,78603
2011-02-22,20.74598878054168,20.945901046299557,19.983463217948113,20.407102535757858,50000
2011-02-23,20.407102535757858,20.497038813249752,20.161305799082456,20.17346130378958,89784
2011-02-24,20.17346130378958,20.43397304286789,20.12397328404049,20.344655689294946,142753
2011-02-25,20.344655689294946,20.888179398204937,20.278388217919506,20.826434435499714,50000
2011-02-28,20.826434435499714,20.924607069125873,20.524625874400822,20.65260169290796,50000
2011-03-01,20.65260169290796,20.88538143906196,20.601807349351745,20.72080942363309,162447
2011-03-02,20.72080942363309,21.058512712096757,20.42133544042577,20.87876595706218,104349
2011-03-03,20.87876595706218,20.981662106989006,20.73773163049435,20.905530087810394,50000
2011-03-04,20.905530087810394,20.974437346674037,20.694547604937654,20.823995681307004,50000
2011-03-07,20.823995681307004,21.04274397428354,20.477527241649636,20.532101932224098,70884
2011-03-08,20.532101932224098,21.167133833254297,20.48871696348275,20.877766324836525,50000
2011-03-09,20.877766324836525,21.03062704978781,20.662175209679464,20.955560837606853,50000
2011-03-10,20.955560837606853,21.303305694093897,20.917809679059815,21.288723735227293,50000
2011-03-11,21.288723735227293,21.44208207069735,21.22533221633205,21.364560599406108,50000
2011-03-14,21.364560599406108,21.676984349197337,21.320507670783833,21.55347698881355,86514
2011-03-15,21.55347698881355,21.851798359545135,21.544967994056922,21.75484338808713,50000
2011-03-16,21.75484338808713,22.21742194475396,21.74615173457697,21.971477380857674,57484
2011-03-17,21.971477380857674,22.308600922013817,21.952243730104318,22.13351989056764,59291
2011-03-18,22.13351989056764,22.150605727429586,21.870945589925707,22.08373237943894,50000
2011-03-21,22.08373237943894,22.18524689051381,21.493961066178727,21.582940383749527,85261
2011-03-22,21.582940383749527,21.622380544667372,21.308076814989267,21.439182438854015,64457
2011-03-23,21.439182438854015,22.015098826389888,21.436211560756114,21.85128042940178,50000
2011-03-24,21.85128042940178,21.919170026515605,21.4454618356795,21.474241909986304,50000
2011-03-25,21.474241909986304,21.594752483554334,21.408582589812006,21.589849697593394,56316
2011-03-28,21.589849697593394,21.658713392026456,21.42084296413702,21.442556302041847,58437
2011-03-29,21.442556302041847,21.77948895757049,21.136769401396194,21.629630681663283,50000
2011-03-30,21.629630681663283,21.710609474687182,21.427410250565895,21.53837316035142,50000
2011-03-31,21.53837316035142,22.063548725884566,21.488771375059045,21.827826345107713,50000
2011-04-01,21.827826345107713,22.0242569788751,21.74532718217378,22.020065753887252,50000
2011-04-04,22.020065753887252,22.110946693108872,21.80269150469605,21.820879002338074,50000
2011-04-05,21.820879002338074,21.94572738256272,21.461028228068724,21.487999335042073,50000
2011-04-06,21.487999335042073,21.563922474317728,21.046534917409893,21.124644036380264,54795
2011-04-07,21.124644036380264,21.617898320037227,20.972060922551787,21.56678669630457,73220
2011-04-08,21.56678669630457,22.131150508579204,21.548465353174457,22.047180562099538,50000
2011-04-11,22.047180562099538,22.576479759348725,21.99641688084983,22.467499895549647,50000
2011-04-12,22.467499895549647,22.607936490812943,22.358301738848688,22.390916711996955,50000
2011-04-13,22.390916711996955,22.467997445901123,22.09658597637999,22.118750490660506,50000
2011-04-14,22.118750490660506,22.19670973585498,21.923186002720374,22.00334416376004,85951
2011-04-15,22.00334416376004,22.02885438679366,21.343479355731063,21.535408183299637,50000
2011-04-18,21.535408183299637,21.84896485812293,21.41217198032608,21.5710048546741,50000
2011-04-19,21.5710048546741,21.58627426470006,21.273657042729624,21.302274757615812,50000
2011-04-20,21.302274757615812,21.49851388062525,21.231468848108232,21.41106928474802,50000
2011-04-21,21.41106928474802,22.13227759979512,21.378492884667516,21.906700831531023,50000
2011-04-22,21.906700831531023,22.05357591910724,21.646797321454805,21.71074209501786,50000
2011-04-25,21.71074209501786,21.737738752954538,21.33661163441724,21.47908894315788,50000
2011-04-26,21.47908894315788,21.560801927513303,21.395879460867363,21.435833784651802,50000
2011-04-27,21.435833784651802,21.436060683667755,21.286221581557818,21.33117209992242,50000
2011-04-28,21.33117209992242,21.943114097812664,21.24157474368272,21.887302643561764,50000
2011-04-29,21.887302643561764,22.004743150863312,21.502828080018226,21.55122298390586,50000
2011-05-02,21.55122298390586,21.57723755656385,21.322775179289195,21.457302172221265,71263
2011-05-03,21.457302172221265,21.47538927767391,21.318172988374954,21.327908820199813,149471
2011-05-04,21.327908820199813,21.353536894979168,20.677490384218817,20.702709993889872,73757
2011-05-05,20.702709993889872,21.19529178734963,20.602934609199217,21.00736063090268,56499
2011-05-06,21.00736063090268,21.18820850294063,20.88536222080171,20.986643492194602,66631
2011-05-09,20.986643492194602,21.565061319006084,20.951983975718708,21.326928856448557,114797
2011-05-10,21.326928856448557,21.476391268244814,21.14438738413507,21.205332860271312,50000
2011-05-11,21.205332860271312,21.27150301267453,21.112340119113423,21.11299395064676,50000
2011-05-12,21.11299395064676,22.067058105948117,20.842154028607517,21.920842499092434,50875
2011-05-13,21.920842499092434,22.091005244224345,21.73990150726802,21.818861750037065,55213
2011-05-16,21.818861750037065,21.99508609693751,21.67132095389999,21.75507665685489,50000
2011-05-17,21.75507665685489,21.91351973528277,21.651489151713935,21.72861114030421,50000
2011-05-18,21.72861114030421,21.74868626003449,21.364371107324565,21.639878773600817,50000
2011-05-19,21.639878773600817,21.754340039461507,21.26958636900824,21.372903870858963,50000
2011-05-20,21.372903870858963,21.466195609632255,21.293708781497433,21.319316813933558,97686
2011-05-23,21.319316813933558,21.478197972433986,20.96609102505476,21.149679859602752,50000
2011-05-24,21.149679859602752,21.441085017943376,21.044273294767418,21.417105989721925,50000
2011-05-25,21.417105989721925,21.585631065118132,21.10261382785924,21.124130469910174,50000
2011-05-26,21.124130469910174,21.346958386395098,20.92205813720982,21.136508541902383,50000
2011-05-27,21.136508541902383,21.601170478262635,21.003872990868032,21.543107501988878,84427
2011-05-30,21.543107501988878,21.967452200339405,21.433393057870866,21.784291629235394,64959
2011-05-31,21.784291629235394,21.95484946389947,21.24527122494879,21.246417529665095,50000
2011-06-01,21.246417529665095,21.25682363318478,20.922278190125272,21.171019017099848,50000
2011-06-02,21.171019017099848,21.250124975765807,20.825945538361523,21.213766683583543,50000
2011-06-03,21.213766683583543,21.420108278918967,21.203946829712716,21.30003369270458,75283
2011-06-06,21.30003369270458,21.538605619581915,21.18371061994081,21.525539944804187,50000
2011-06-07,21.525539944804187,21.643716415569813,21.490821941142578,21.577110674761993,50000
2011-06-08,21.577110674761993,22.02169273663165,21.522658969012557,21.945920916045587,50000
2011-06-09,21.945920916045587,22.071230607727422,21.70600121562669,21.818026026265336,50000
2011-06-10,21.818026026265336,22.432540771228204,21.726565315547305,22.279170833876556,50000
2011-06-13,22.279170833876556,22.416182830324644,22.26734631150589,22.333505209389894,58581
2011-06-14,22.333505209389894,22.521056864554232,21.799607885761745,21.83019179644729,368037
2011-06-15,21.83019179644729,22.581565994499943,21.804312315197688,22.26696421817373,50000
2011-06-16,22.26696421817373,22.606320724595662,22.080522930777015,22.454147581546835,60388
2011-06-17,22.454147581546835,22.728424300225882,22.3990852022497,22.64679867221652,50000
2011-06-20,22.64679867221652,22.907825380795636,22.197261579570476,22.391244541700868,50000
2011-06-21,22.391244541700868,22.586100238723393,22.303249836742847,22.577904411035373,56009
2011-06-22,22.577904411035373,22.674560470210483,22.28810441038599,22.463929324516656,50000
2011-06-23,22.463929324516656,22.52975782470283,22.225035924954515,22.22645206325034,50000
2011-06-24,22.22645206325034,22.464475194258632,22.130704008194694,22.340297787658606,50000
2011-06-27,22.340297787658606,22.544820810477805,22.24071583127294,22.504867928170608,50000
2011-06-28,22.504867928170608,22.558406391570056,22.204735891063994,22.404519898759826,58546
2011-06-29,22.404519898759826,22.441970423044786,22.229490076215352,22.30993992096457,63860
2011-06-30,22.30993992096457,22.38654297408396,21.79893776711946,21.875648564066832,60570
2011-07-01,21.875648564066832,22.116174674027636,21.5648810061556,21.665970309097318,50000
2011-07-04,21.665970309097318,21.854839448120654,21.582861646561877,21.696903931467382,50000
2011-07-05,21.696903931467382,22.07326379348045,21.658274571157385,21.847123244539617,50000
2011-07-06,21.847123244539617,21.92220103545892,21.80412394711487,21.814688645689,50000
2011-07-07,21.814688645689,21.82015391967619,21.31597113988384,21.408981900617476,50000
2011-07-08,21.408981900617476,21.804643571840533,21.195393498181975,21.778503079280796,50000
2011-07-11,21.778503079280796,22.032543865106774,21.52867447693711,21.953527877233043,50000
2011-07-12,21.953527877233043,22.133222557275186,21.778674296335694,22.00451773575304,50000
2011-07-13,22.00451773575304,22.376745566833815,21.864465241500593,22.285602252472696,50000
2011-07-14,22.285602252472696,22.300912119538125,21.947928715135664,22.257983725003687,50000
2011-07-15,22.257983725003687,22.36505811907433,22.198067241012225,22.19922564541082,50000
2011-07-18,22.19922564541082,22.513356341193806,21.95140000326398,22.41553854163654,50000
2011-07-19,22.41553854163654,22.954132041953795,22.2500258075849,22.77616647943895,50000
2011-07-20,22.77616647943895,22.87500378639087,22.215266222143384,22.619569793802064,50000
2011-07-21,22.619569793802064,22.833263755289646,22.610424906389355,22.696735080621142,50000
2011-07-22,22.696735080621142,23.121983471754312,22.567808246173552,23.007883735999194,50000
2011-07-25,23.007883735999194,23.057472927419788,22.51567486521204,22.73994016698516,72680
2011-07-26,22.73994016698516,23.40954854443042,22.585616425393138,23.292558660210386,50000
2011-07-27,23.292558660210386,23.397333975002123,22.298594932189282,22.450960926931508,50000
2011-07-28,22.450960926931508,22.869064904504043,22.414896256905756,22.614159853271364,50000
2011-07-29,22.614159853271364,22.618922006456756,22.294671747162667,22.311112760126207,50000
2011-08-01,22.311112760126207,22.54807720106204,21.655290467911296,21.752027508727817,50000
2011-08-02,21.752027508727817,21.856022862442913,21.67291422735675,21.673786833232697,50000
2011-08-03,21.673786833232697,22.156178998764766,21.565897016658344,21.93030922264113,50000
2011-08-04,21.93030922264113,21.939624045564194,21.740074550968906,21.92284118907878,50000
2011-08-05,21.92284118907878,22.152763975560312,21.917413755643405,21.991267947398967,50000
2011-08-08,21.991267947398967,22.088045856155933,21.824819931967,22.041401177079734,50000
2011-08-09,22.041401177079734,22.21649938725394,21.64091905802431,21.71838827341465,50000
2011-08-10,21.71838827341465,22.15103704319225,21.54852562732502,22.061763291804063,50000
2011-08-11,22.061763291804063,22.18041933379815,21.959458772122982,22.131116092104012,50000
2011-08-12,22.131116092104012,22.227030643148428,22.072928225421077,22.224786717711712,60901
2011-08-15,22.224786717711712,22.751727907953473,22.130942692680232,22.51926744071034,50000
2011-08-16,22.51926744071034,22.585845736184524,22.463260399102047,22.472701421565105,50000
2011-08-17,22.472701421565105,22.474080747191287,22.31804292344734,22.468675068285446,50000
2011-08-18,22.468675068285446,22.53949528117392,22.447477556454444,22.50412166470944,50000
2011-08-19,22.50412166470944,22.52669616462718,22.28344639827748,22.36726726202696,50000
2011-08-22,22.36726726202696,22.794014020813986,22.280162404222157,22.568107089818085,50000
2011-08-23,22.568107089818085,23.25422480454715,22.490771138190162,23.154596428015363,50000
2011-08-24,23.154596428015363,23.19666295316119,22.24600432729686,22.323364496841517,55266
2011-08-25,22.323364496841517,22.37698828317381,22.234486016593173,22.30826692217959,50000
2011-08-26,22.30826692217959,22.44314162956373,21.645352597197046,21.811028413840088,74058
2011-08-29,21.811028413840088,21.823311832425087,21.677203676408556,21.727320668666785,73243
2011-08-30,21.727320668666785,22.27935416829062,21.396597214097287,21.89709355853819,50000
2011-08-31,21.89709355853819,22.029840133930986,21.480197367066562,21.60061224600462,50000
2011-09-01,21.60061224600462,22.143671226140977,21.303107050284687,22.044105793958547,50000
2011-09-02,22.044105793958547,22.56739567362256,21.98937891409243,22.469089919322162,50000
2011-09-05,22.469089919322162,22.51396067147411,22.33310296097951,22.345104358655068,50000
2011-09-06,22.345104358655068,22.46983489038952,21.72771614038292,22.00748385102883,50000
2011-09-07,22.00748385102883,22.215982899315733,21.958924321948988,21.981247878125313,56243
2011-09-08,21.981247878125313,22.001277618755,21.75671562229433,21.793670463287487,60171
2011-09-09,21.793670463287487,21.89448682136885,21.61613825213021,21.63883863708164,50000
2011-09-12,21.63883863708164,21.896697494441362,21.47519506605108,21.80901219048962,50000
2011-09-13,21.80901219048962,22.007607043302784,21.52079201016741,21.566760493159837,53205
2011-09-14,21.566760493159837,21.76401560998195,21.455770444996745,21.709585438929732,50000
2011-09-15,21.709585438929732,21.749570681005853,21.26078392610882,21.296890790881072,50000
2011-09-16,21.296890790881072,21.377225333496465,20.938751707755852,21.004645165300833,50000
2011-09-19,21.004645165300833,21.32276368081807,20.985894372118207,21.28243705872753,50000
2011-09-20,21.28243705872753,21.418809747521095,20.952010385907055,21.18385177047674,50000
2011-09-21,21.18385177047674,21.4304309280154,20.940312627358757,21.415334970331838,50000
2011-09-22,21.415334970331838,21.475726142069554,21.228774661029984,21.44546307757186,55091
2011-09-23,21.44546307757186,21.726380808925917,21.385019515879875,21.6481775905208,50000
2011-09-26,21.6481775905208,21.682559793863664,21.428469260126313,21.444518560037814,50000
2011-09-27,21.444518560037814,22.19276849606596,21.271156632679418,22.164508317998624,50000
2011-09-28,22.164508317998624,22.608692466930005,21.759988951318913,22.60171623699989,50000
2011-09-29,22.60171623699989,22.693244560194035,22.452197186172956,22.649792302968514,50000
2011-09-30,22.649792302968514,22.767960798034895,22.53285766851884,22.56527703625661,50000
2011-10-03,22.56527703625661,22.68260022920272,22.265674843301863,22.669246486320567,50000
2011-10-04,22.669246486320567,22.69254829845959,22.350325903924123,22.558824266044276,50000
2011-10-05,22.558824266044276,22.682903350012673,22.344452213834995,22.662985652477442,50000
2011-10-06,22.662985652477442,22.85110908961818,22.300481847535544,22.42303039904798,50000
2011-10-07,22.42303039904798,22.745573516824198,22.318941065482722,22.672357065375007,114533
2011-10-10,22.672357065375007,22.919305369982723,22.527900754514473,22.80942339945695,50000
2011-10-11,22.80942339945695,22.862286186076343,22.630303397720642,22.700887379276004,89868
2011-10-12,22.700887379276004,22.913894225222208,22.232820845655777,22.293331658626908,50000
2011-10-13,22.293331658626908,22.397583397944782,21.942226121867233,22.352910882608615,50000
2011-10-14,22.352910882608615,22.525761140264326,22.02530650510131,22.106162400182356,50000
2011-10-17,22.106162400182356,22.225997678792627,21.865236178521855,21.916865909247925,50000
2011-10-18,21.916865909247925,22.64099000226269,21.843682046425684,22.55544119712573,50000
2011-10-19,22.55544119712573,22.616731448466552,22.28516758820867,22.580892520063063,50000
2011-10-20,22.580892520063063,22.63414812410144,22.561816554495564,22.612663525320173,119728
2011-10-21,22.612663525320173,22.62803120443789,22.218226058587486,22.226034992306904,50000
2011-10-24,22.226034992306904,22.376323755912573,21.902241652423864,22.149627794578038,50000
2011-10-25,22.149627794578038,22.491497973078943,22.11908700180081,22.37012370558084,50000
2011-10-26,22.37012370558084,22.856052222836958,22.10112441910624,22.702549906300373,50000
2011-10-27,22.702549906300373,23.220153993602576,22.589119545290288,23.189586355463025,50000
2011-10-28,23.189586355463025,23.573217718091307,23.184743625431956,23.503435600749313,50000
2011-10-31,23.503435600749313,23.984606430366256,23.420913927644666,23.825610904052617,50000
2011-11-01,23.825610904052617,23.85382311968312,23.20091945322819,23.202112741490154,61240
2011-11-02,23.202112741490154,23.274637357070937,23.082108535077726,23.206171651886546,61032
2011-11-03,23.206171651886546,24.11532093100889,22.870601213176666,23.769766664915615,70767
2011-11-04,23.769766664915615,24.257290288673236,23.758480662921933,24.110513929407944,50000
2011-11-07,24.110513929407944,24.674846375147578,23.833414489125307,24.383342703458172,62429
2011-11-08,24.383342703458172,24.40622170544006,24.215344475930483,24.33211626621473,50000
2011-11-09,24.33211626621473,24.43568528302523,24.265821681660974,24.337526710379883,107994
2011-11-10,24.337526710379883,24.563669944343797,24.26512849652974,24.353061014190946,50000
2011-11-11,24.353061014190946,24.42607156299395,24.28080625481564,24.331714309164383,61861
2011-11-14,24.331714309164383,24.381756767438233,24.016895486227796,24.030234391592533,50000
2011-11-15,24.030234391592533,24.490690177879287,23.890235498112737,24.442134541122147,58348
2011-11-16,24.442134541122147,24.677147299526315,23.9382954623263,24.216718193603008,162908
2011-11-17,24.216718193603008,24.899789403298758,24.00823348112312,24.76531910639421,50000
2011-11-18,24.76531910639421,25.181269107468374,24.737411491392162,25.152698225351923,90046
2011-11-21,25.152698225351923,25.261885202815648,24.81828964251716,24.90805054364545,50000
2011-11-22,24.90805054364545,24.934264983020523,24.671441954845243,24.69436494581,50000
2011-11-23,24.69436494581,25.0263095305806,24.545079628781433,24.799341626930985,84954
2011-11-24,24.799341626930985,24.842398917174165,24.48137805803144,24.669699347789066,50000
2011-11-25,24.669699347789066,25.391913139955548,24.652565169016167,25.221545572572364,50000
2011-11-28,25.221545572572364,25.41034664074459,24.72589060702551,24.808379112097604,50000
2011-11-29,24.808379112097604,25.165069699155246,24.745677916931662,24.912603385117187,50000
2011-11-30,24.912603385117187,24.991516540946208,24.52897355129461,24.593926007305107,79791
2011-12-01,24.593926007305107,24.92294778236769,24.027455546577848,24.16347991747297,50000
2011-12-02,24.16347991747297,24.75737719248465,24.073257417802157,24.729023698329147,50000
2011-12-05,24.729023698329147,25.268025210405657,24.506932287762144,25.156157398813306,50000
2011-12-06,25.156157398813306,25.21374748001105,24.931728333198844,25.183442008804136,50000
2011-12-07,25.183442008804136,25.22364690263031,24.84206843886545,24.856076199409927,50000
2011-12-08,24.856076199409927,24.94002096142404,24.0492265729768,24.0955321148754,107554
2011-12-09,24.0955321148754,24.148978762023674,23.56418694487795,23.8473665854081,50000
2011-12-12,23.8473665854081,23.985507652416377,23.794217140515954,23.80126649860014,50000
2011-12-13,23.80126649860014,24.075275827095727,23.780784494385916,24.030798434636228,50000
2011-12-14,24.030798434636228,24.278273568064062,23.86778259666016,24.264672867696483,50000
2011-12-15,24.264672867696483,24.552991333847313,24.247712699899814,24.321414563235816,50000
2011-12-16,24.321414563235816,24.397344906426707,24.008975019959014,24.08610774090923,99512
2011-12-19,24.08610774090923,24.281269489189818,23.94608245641497,24.074458469165073,76004
2011-12-20,24.074458469165073,24.17512370691091,24.055652748879357,24.101027967955968,50000
2011-12-21,24.101027967955968,24.36258419063542,23.743266616808338,24.14970926651134,50000
2011-12-22,24.14970926651134,24.750348715640953,24.08550636307494,24.695159972776136,50000
2011-12-23,24.695159972776136,25.2512644675854,24.578497349477423,25.049245837328314,50000
2011-12-26,25.049245837328314,25.220943952154233,24.446565736433485,24.73756425787045,50000
2011-12-27,24.73756425787045,25.01817038012268,24.429275313184096,24.549881734510254,50000
2011-12-28,24.549881734510254,25.05484862900926,24.453449488082434,25.0380707524019,50000
2011-12-29,25.0380707524019,25.431044569393237,24.91805426661535,25.170833999785362,50000
2011-12-30,25.170833999785362,25.307137356731335,24.796321456040637,24.854796552190543,59877
2012-01-02,24.854796552190543,25.259448927308224,24.77212858746678,25.087379168667233,55228
2012-01-03,25.087379168667233,25.60000690476065,25.069092380461154,25.445954477237603,50000
2012-01-04,25.445954477237603,25.614146791717676,25.002952014437216,25.152253778089683,89385
2012-01-05,25.152253778089683,25.399275943344815,25.057981350665422,25.188142890054362,50000
2012-01-06,25.188142890054362,25.23283504019081,24.83554850529488,24.99040052006819,50000
2012-01-09,24.99040052006819,25.316611598855207,24.945931247985786,25.10630072116743,155536
2012-01-10,25.10630072116743,25.20342901370338,24.862218238896364,25.060997406498817,50000
2012-01-11,25.060997406498817,25.271125466402044,24.8492049235116,25.23200632257291,50000
2012-01-12,25.23200632257291,25.550899929299817,24.97938197277122,25.386672435096205,123712
2012-01-13,25.386672435096205,25.79127299113912,25.159085832932615,25.508266500623176,50682
2012-01-16,25.508266500623176,25.775965341350933,25.30359129175992,25.7327021794374,62558
2012-01-17,25.7327021794374,25.92004708440088,24.789674312667604,25.048034081510885,92131
2012-01-18,25.048034081510885,25.35203052594026,24.98402492261339,25.131716753931638,50000
2012-01-19,25.131716753931638,25.231701659246067,24.620987234277575,24.680795684380488,95834
2012-01-20,24.680795684380488,24.799016676190806,24.66324085143643,24.71637454133879,50000
2012-01-23,24.71637454133879,24.993514902271468,24.54806393538568,24.836951491491355,50000
2012-01-24,24.836951491491355,25.340555650152158,24.579102959189246,25.222181180794617,50000
2012-01-25,25.222181180794617,25.303278471948957,24.954942582298653,25.010375500980217,50000
2012-01-26,25.010375500980217,25.035797190520757,24.84021189784737,25.032400658987296,90679
2012-01-27,25.032400658987296,25.14751345643174,24.231357935678002,24.507049372919596,50000
2012-01-30,24.507049372919596,24.674239145582444,24.32950225597266,24.402863075744882,50000
2012-01-31,24.402863075744882,24.657216139879168,24.238652675160328,24.382028200573615,50000
2012-02-01,24.382028200573615,24.42994167628679,23.806230201682897,23.944770124610645,52712
2012-02-02,23.944770124610645,24.061145507319456,23.70091328003137,23.87400515390741,59814
2012-02-03,23.87400515390741,24.100743561540423,23.72805361331728,23.97919680396538,70352
2012-02-06,23.97919680396538,24.06246230162448,23.66513896661959,23.667444598682394,50000
2012-02-07,23.667444598682394,23.99966182754913,23.40861173929594,23.51121114723794,120395
2012-02-08,23.51121114723794,24.017657285886415,23.286058154510908,23.888265131432654,57884
2012-02-09,23.888265131432654,24.487604363749938,23.749042467620093,24.30410052477782,50000
2012-02-10,24.30410052477782,24.425725334667955,24.077734378441818,24.130713860362103,50000
2012-02-13,24.130713860362103,24.766103528441242,24.01729616172421,24.536391453360856,73717
2012-02-14,24.536391453360856,24.869773829383234,24.242369475375405,24.329561180337908,50000
2012-02-15,24.329561180337908,25.062312983860362,24.15474866650737,24.904575121814702,50000
2012-02-16,24.904575121814702,25.04123542498842,24.841806404862204,24.991252291676826,50000
2012-02-17,24.991252291676826,25.054128842992437,24.926600644347715,25.014723701456113,50000
2012-02-20,25.014723701456113,25.229867378196005,24.66791869909915,24.69398677254899,110890
2012-02-21,24.69398677254899,24.779103785376076,24.537069629265577,24.731034730089995,57858
2012-02-22,24.731034730089995,24.760173847889586,24.000839121622885,24.05658900810308,50000
2012-02-23,24.05658900810308,24.136569212332475,23.79657278678836,23.822478684675744,50000
2012-02-24,23.822478684675744,24.294755166893818,23.78191169582872,24.048012479438647,50000
2012-02-27,24.048012479438647,24.241347799235896,23.852189517236223,23.98224055084641,50000
2012-02-28,23.98224055084641,24.162876885433093,23.892179881569206,24.0879852439251,50000
2012-02-29,24.0879852439251,24.32280310247309,23.77807497906384,23.870304822900604,87908
2012-03-01,23.870304822900604,23.91401624117011,23.613274480798783,23.818708662777635,50000
2012-03-02,23.818708662777635,23.926145387061947,23.61244447943444,23.665810319402528,102333
2012-03-05,23.665810319402528,23.82932098235707,23.323133569944922,23.64766203465342,50000
2012-03-06,23.64766203465342,23.843176853101603,23.14276265639594,23.17534375686743,50000
2012-03-07,23.17534375686743,23.198548946972586,23.089443409913276,23.11748274575901,50000
2012-03-08,23.11748274575901,23.35400949828974,22.91350015723741,22.944681287968006,50000
2012-03-09,22.944681287968006,23.26221881154226,22.617607477687052,22.686711576247987,50000
2012-03-12,22.686711576247987,22.78031732507662,22.46940882687504,22.652913235715364,53573
2012-03-13,22.652913235715364,22.816617862751677,22.486853339737934,22.766842683027324,131069
2012-03-14,22.766842683027324,22.964308296007328,22.724062163484714,22.81470691887493,65620
2012-03-15,22.81470691887493,22.921836714241902,22.23675109486914,22.426311980321945,55690
2012-03-16,22.426311980321945,22.45372838705994,22.26142384685123,22.447026105644856,102161
2012-03-19,22.447026105644856,22.622882334245855,22.277290485234886,22.613900812213508,50000
2012-03-20,22.613900812213508,23.21696436606949,22.362903471519335,22.9475958565221,50000
2012-03-21,22.9475958565221,22.948691049375114,22.422441897530085,22.665100552622256,50000
2012-03-22,22.665100552622256,23.012451423617744,22.659704003417175,22.997800435063176,83201
2012-03-23,22.997800435063176,23.164020626526344,22.836183220932295,22.993112163477544,50000
2012-03-26,22.993112163477544,23.11892123069135,22.71862631585679,22.812869185580606,50000
2012-03-27,22.812869185580606,23.251421003229947,22.665459690404845,23.080654159912342,86900
2012-03-28,23.080654159912342,23.26188750073811,22.296936338549582,22.54664221985669,64022
2012-03-29,22.54664221985669,22.780568175904754,22.36869888629576,22.698704671614657,52771
2012-03-30,22.698704671614657,23.022458154466225,22.54859500762047,22.969134735011252,50000
2012-04-02,22.969134735011252,23.097490022782722,22.62144974550399,22.77553456372148,50000
2012-04-03,22.77553456372148,22.89189070961501,22.663622533813758,22.83374905443099,50000
2012-04-04,22.83374905443099,23.342398518789405,22.556294517200598,23.129344458998407,92701
2012-04-05,23.129344458998407,23.491498749761657,23.06865555176955,23.310756846528705,50000
2012-04-06,23.310756846528705,23.553512546718128,22.625343235540605,23.03520410241472,50000
2012-04-09,23.03520410241472,23.35533052258421,22.92700450940717,23.227821494287852,50000
2012-04-10,23.227821494287852,23.29475978814885,23.05525773498543,23.222902036709346,50000
2012-04-11,23.222902036709346,23.4800383770131,22.921688512995757,23.218279939112925,98275
2012-04-12,23.218279939112925,23.254430071286134,22.930035309519553,23.037209030812242,50000
2012-04-13,23.037209030812242,23.225208371265243,22.947590050804703,23.11543102010875,50000
2012-04-16,23.11543102010875,23.174679346518534,22.842705874016744,22.9350219053436,56876
2012-04-17,22.9350219053436,23.17953689951878,22.743806781582776,22.85325184438229,50000
2012-04-18,22.85325184438229,23.3015780518324,22.81438159688833,23.27309370933104,72789
2012-04-19,23.27309370933104,23.286813839812893,22.99430389787977,23.04706370718497,53729
2012-04-20,23.04706370718497,23.110952688707247,22.855642457504537,23.07398509679203,50000
2012-04-23,23.07398509679203,23.107587847232505,22.884566664135814,22.95587714539507,62698
2012-04-24,22.95587714539507,23.230909940184894,22.858164979768013,23.1714435300835,75518
2012-04-25,23.1714435300835,23.279375431528567,23.09279566657657,23.09920851633438,50000
2012-04-26,23.09920851633438,23.14037485810307,22.55133025303526,22.641565219146123,50000
2012-04-27,22.641565219146123,22.8011761908541,22.485803898967347,22.6827987025123,50000
2012-04-30,22.6827987025123,22.824951174150026,22.43382895096004,22.796492725611227,50000
2012-05-01,22.796492725611227,23.01466128181211,22.66543963004291,22.936377149882407,50000
2012-05-02,22.936377149882407,23.0898299106692,22.31168923811978,22.570702445728728,50000
2012-05-03,22.570702445728728,22.810755010890396,22.511860055122224,22.786596027033468,50000
2012-05-04,22.786596027033468,22.93506730343951,22.085349224338614,22.177676389893925,50000
2012-05-07,22.177676389893925,22.306089593160706,21.9184139793232,22.026374531739783,176648
2012-05-08,22.026374531739783,22.121630876360033,21.479769292040253,21.61223231199149,53286
2012-05-09,21.61223231199149,21.91800291467212,21.55879353303382,21.831141126117064,50000
2012-05-10,21.831141126117064,21.96452731115939,21.826281153743288,21.910607994693514,50000
2012-05-11,21.910607994693514,21.955298559727634,21.665927351850005,21.747882127775146,50000
2012-05-14,21.747882127775146,21.984295829759102,21.447481791132624,21.56932964587198,106611
2012-05-15,21.56932964587198,21.76394360346152,21.56405920573907,21.715245648890715,50000
2012-05-16,21.715245648890715,21.90607783957486,21.23755518705207,21.28263639866451,50000
2012-05-17,21.28263639866451,21.794338976625163,21.131684446428903,21.66274477491655,50000
2012-05-18,21.66274477491655,21.929155811322733,21.31240965899678,21.826001903170642,50000
2012-05-21,21.826001903170642,22.310933277003468,21.69545916950757,22.281263113856376,94016
2012-05-22,22.281263113856376,22.896271675480435,22.22225692472133,22.87493147700596,163984
2012-05-23,22.87493147700596,23.10251997822147,22.22332868446506,22.272064453739937,162900
2012-05-24,22.272064453739937,22.414306929187475,22.171858847620936,22.348942544450473,50000
2012-05-25,22.348942544450473,22.361531763344658,21.790182702900978,21.872666750719368,50000
2012-05-28,21.872666750719368,22.038764135937317,21.755219007453913,21.90277320367151,50000
2012-05-29,21.90277320367151,22.24670624880139,21.849957264849383,22.133445922858154,50000
2012-05-30,22.133445922858154,22.376910356215205,21.975556884642458,22.3549498623683,50000
2012-05-31,22.3549498623683,22.420673712783834,21.753656654655522,22.064205175799945,50000
2012-06-01,22.064205175799945,22.383387342821145,22.00842365143563,22.2807601054714,50000
2012-06-04,22.2807601054714,22.825711056507032,22.245189865353115,22.642724163039727,50000
2012-06-05,22.642724163039727,22.760221656912446,22.523500163388775,22.54407849156617,50000
2012-06-06,22.54407849156617,22.69451281756346,21.90763438144986,22.006471705853382,50000
2012-06-07,22.006471705853382,22.16628402759987,21.67866881167462,21.940188111176663,50000
2012-06-08,21.940188111176663,21.95841480780638,21.74658296117789,21.753575202609618,60814
2012-06-11,21.753575202609618,21.82472484560037,21.59338911314305,21.66430667288297,50000
2012-06-12,21.66430667288297,21.752810783343755,21.19114421543369,21.194883396250997,94230
2012-06-13,21.194883396250997,21.817500455017925,20.99020913911685,21.529908078293992,61666
2012-06-14,21.529908078293992,21.571924563218488,20.99226302355544,21.15120895071975,50000
2012-06-15,21.15120895071975,21.206307917162963,21.030182202087005,21.06658016916,50000
2012-06-18,21.06658016916,21.579806191533073,20.928194786724823,21.474436078588496,57121
2012-06-19,21.474436078588496,22.304851378921768,21.418715581514622,22.03858919276901,50000
2012-06-20,22.03858919276901,22.053770766874855,21.818832275491243,21.919265628725345,50000
2012-06-21,21.919265628725345,21.95916482196913,21.6584998010282,21.71639992644496,50000
2012-06-22,21.71639992644496,21.94094331406893,21.304614940333018,21.566210091010355,50000
2012-06-25,21.566210091010355,21.848135917760978,21.50519616862514,21.67789956773935,87718
2012-06-26,21.67789956773935,21.831847561729465,21.55352518735286,21.670164430727294,50000
2012-06-27,21.670164430727294,21.789119415963988,21.350552724563983,21.384705702157248,50000
2012-06-28,21.384705702157248,21.636808936468288,21.15777505916191,21.213536674013792,59792
2012-06-29,21.213536674013792,21.78894525094546,21.077311465739673,21.703341989752683,76758
2012-07-02,21.703341989752683,21.955833634835685,21.634358661878892,21.84726764663885,50000
2012-07-03,21.84726764663885,22.108646762935415,21.584884295385905,22.06217071309456,54649
2012-07-04,22.06217071309456,22.161681014373222,21.846907428041114,21.960378201173246,83648
2012-07-05,21.960378201173246,22.095267138769504,21.794088163181016,22.094560954794964,50000
2012-07-06,22.094560954794964,22.369972487032086,22.06069079125888,22.096018646348416,50000
2012-07-09,22.096018646348416,22.11922287867627,21.761108699031567,21.810975305950805,51326
2012-07-10,21.810975305950805,22.129306385705735,21.543994406505384,21.889075276147906,50000
2012-07-11,21.889075276147906,22.197119533966806,21.872233614292423,22.050668064855934,50000
2012-07-12,22.050668064855934,22.07619653413191,21.815092668602368,21.929609880365234,50000
2012-07-13,21.929609880365234,22.280346226319253,21.45804669835082,21.505757904853688,50000
2012-07-16,21.505757904853688,21.639483833622037,21.38945504343064,21.475774291790312,64949
2012-07-17,21.475774291790312,21.51003081309974,21.182899042901013,21.18315208619072,137964
2012-07-18,21.18315208619072,21.526851858588337,20.98993290674797,21.456101332042156,50000
2012-07-19,21.456101332042156,21.65568256386419,21.160193796054443,21.294756989427462,50000
2012-07-20,21.294756989427462,21.310504049730515,20.809165221915897,20.97810431565545,50000
2012-07-23,20.97810431565545,21.13601185971729,20.305569630630085,20.51376303882155,50000
2012-07-24,20.51376303882155,20.546948885459294,20.0526010522858,20.25452736595116,50000
2012-07-25,20.25452736595116,20.503435961613953,20.233311848729446,20.369830618529786,50000
2012-07-26,20.369830618529786,20.480924991782988,19.68406260847343,19.890831139527478,50000
2012-07-27,19.890831139527478,20.525354673690444,19.85095655496533,20.371775304887382,50000
2012-07-30,20.371775304887382,20.759862135672336,20.251435731781264,20.5942755933625,50000
2012-07-31,20.5942755933625,20.857263695207067,20.500840992713186,20.775965091587622,50000
2012-08-01,20.775965091587622,20.84590102119173,20.537207646245285,20.631385217572934,90387
2012-08-02,20.631385217572934,20.847596478003815,20.602533772194118,20.845866720955012,50000
2012-08-03,20.845866720955012,21.005536144013732,20.76038862288903,20.885032757706018,50000
2012-08-06,20.885032757706018,21.346849596957128,20.845322500740618,21.244512367103393,50000
2012-08-07,21.244512367103393,21.72522865968546,21.231651267517574,21.625465999579664,75983
2012-08-08,21.625465999579664,21.700188729600487,21.306517276601898,21.46894569880081,50000
2012-08-09,21.46894569880081,21.678382332437057,21.375558603384825,21.6563007682103,50000
2012-08-10,21.6563007682103,21.979023055032,21.42477112934981,21.944363648750546,50000
2012-08-13,21.944363648750546,22.165580231524217,21.795009727316103,22.060989951895163,76907
2012-08-14,22.060989951895163,22.28894970035359,22.016831184881937,22.146274061662478,50000
2012-08-15,22.146274061662478,22.197702276829474,21.745357324499032,21.912992988603513,50000
2012-08-16,21.912992988603513,22.08275731220309,21.74217796154216,22.007107003375374,50000
2012-08-17,22.007107003375374,22.078233743747642,21.81804838066474,21.90118443012531,55968
2012-08-20,21.90118443012531,22.108635391605294,21.79499632929,22.038380443317756,50000
2012-08-21,22.038380443317756,22.08064566388818,21.851617561644517,21.947643910145707,50000
2012-08-22,21.947643910145707,22.09153858937661,21.360346823913446,21.66518695653434,50000
2012-08-23,21.66518695653434,21.823178141816786,21.52979808774833,21.58961871978357,50000
2012-08-24,21.58961871978357,21.800392997103508,21.36431201448244,21.71031701186437,50000
2012-08-27,21.71031701186437,22.16879662288782,21.680715787373526,21.93550458475622,65982
2012-08-28,21.93550458475622,22.597683820506976,21.86912167988453,22.434082534078073,50000
2012-08-29,22.434082534078073,22.61890649652987,21.741549993806085,22.048271635469966,50000
2012-08-30,22.048271635469966,22.06803420338475,21.635591820387262,21.752141432900768,71120
2012-08-31,21.752141432900768,21.856733391937823,21.729654709043974,21.83244761541121,50000
2012-09-03,21.83244761541121,21.947575399509315,20.87123624744711,21.034077198259006,64853
2012-09-04,21.034077198259006,21.042919943307627,20.679531026817575,20.788788516255096,50000
2012-09-05,20.788788516255096,20.854016596040264,20.38211487402675,20.426808179301744,50000
2012-09-06,20.426808179301744,20.45079548147706,20.186283325605398,20.39089458552704,50000
2012-09-07,20.39089458552704,20.817340151284956,20.340541835322917,20.54038038461919,50000
2012-09-10,20.54038038461919,20.73609788960519,20.2154286793021,20.50208080453557,50000
2012-09-11,20.50208080453557,20.743727285343557,20.33527138751573,20.449230689941167,50000
2012-09-12,20.449230689941167,20.491404249777023,19.9204795478971,20.014322319740586,50000
2012-09-13,20.014322319740586,20.793335924312352,19.85251332113354,20.787103646485214,70719
2012-09-14,20.787103646485214,20.932610997376642,20.451928367747303,20.56037904083132,52149
2012-09-17,20.56037904083132,20.704113740296627,20.089318056743828,20.29767778418059,50000
2012-09-18,20.29767778418059,20.556030379358436,20.242399560548076,20.505734617406244,50000
2012-09-19,20.505734617406244,20.670171674260907,20.224473224990163,20.29892583669024,60249
2012-09-20,20.29892583669024,20.380466366889294,19.921471144536348,20.21720998283522,88067
2012-09-21,20.21720998283522,20.50756717615858,19.987387663640337,20.164180976764516,100447
2012-09-24,20.164180976764516,20.512002845816788,20.12621718578022,20.29129085895855,50000
2012-09-25,20.29129085895855,20.55618151213409,20.18093313296093,20.303708490203654,50000
2012-09-26,20.303708490203654,20.52507024130672,20.248680384817625,20.31462098485405,50000
2012-09-27,20.31462098485405,20.612455604078217,20.27707255953171,20.321217016286557,50000
2012-09-28,20.321217016286557,20.463880953063065,19.876216919920964,20.026430383641024,50000
2012-10-01,20.026430383641024,20.17747242257736,19.808990167300337,19.825814088007842,50000
2012-10-02,19.825814088007842,20.212722177989573,19.6994542441533,19.926272130112068,50000
2012-10-03,19.926272130112068,20.23033494416735,19.812444471557086,19.82133473359298,50000
2012-10-04,19.82133473359298,19.844034199914745,19.6173304418845,19.787820851418047,102178
2012-10-05,19.787820851418047,19.894006890065786,19.69671016347014,19.74061074470144,76814
2012-10-08,19.74061074470144,20.061615890437164,19.70208939023197,19.936965760557307,50000
2012-10-09,19.936965760557307,20.018340360599606,19.283606688297983,19.395331127154037,114429
2012-10-10,19.395331127154037,19.519559872490785,18.839610136005298,19.083614922137095,50000
2012-10-11,19.083614922137095,19.266730039742868,18.933771743222792,19.24302259469949,70059
2012-10-12,19.24302259469949,19.27277506538897,19.23654453175184,19.25175706723054,50000
2012-10-15,19.25175706723054,19.52042539067067,19.212929326579722,19.309805169132243,247150
2012-10-16,19.309805169132243,19.548717182772652,19.165276253126212,19.442436324781376,50000
2012-10-17,19.442436324781376,19.480642426744325,19.022563361703124,19.056937629916714,50000
2012-10-18,19.056937629916714,19.224115246296115,18.96354613157607,18.99017558601419,50000
2012-10-19,18.99017558601419,19.24411874013041,18.91893058166218,19.212893837711,50000
2012-10-22,19.212893837711,19.513610756410145,19.17302922141561,19.339732155065885,50000
2012-10-23,19.339732155065885,19.472686651581803,19.177781215026204,19.29338633096671,50000
2012-10-24,19.29338633096671,19.342497513226533,19.208720803433344,19.299337764291728,256675
2012-10-25,19.299337764291728,19.50494293788549,19.218811810232104,19.496290281461736,50000
2012-10-26,19.496290281461736,19.52821372711103,19.263188761589152,19.468361012638358,50000
2012-10-29,19.468361012638358,19.890729492239423,19.264714059583905,19.750257459887116,50000
2012-10-30,19.750257459887116,19.798025840947055,19.51083133417151,19.580539476549355,50000
2012-10-31,19.580539476549355,19.619333078367553,18.81595834522343,18.943711932544826,50000
2012-11-01,18.943711932544826,19.224958001606087,18.660656290326184,18.760661820201523,50000
2012-11-02,18.760661820201523,19.0209849225676,18.662861414485988,18.808671858477194,85270
2012-11-05,18.808671858477194,19.2242913311272,18.498842409375595,19.155755374102238,50000
2012-11-06,19.155755374102238,19.158807816169688,18.49753490637142,18.589423222559972,50000
2012-11-07,18.589423222559972,18.655019829963813,18.327102280788296,18.353584744449545,50000
2012-11-08,18.353584744449545,18.452725792667394,18.053790849310275,18.13653874889682,50000
2012-11-09,18.13653874889682,18.31479762207788,18.09434073175025,18.29229474982432,50000
2012-11-12,18.29229474982432,18.770017766313433,18.215696646438225,18.7067912502796,50000
2012-11-13,18.7067912502796,18.90355213490375,18.69840514563423,18.713161578542472,50000
2012-11-14,18.713161578542472,18.833648657817648,18.54700472799042,18.816984157441475,50000
2012-11-15,18.816984157441475,18.952218610628574,18.740235354394475,18.877292238492977,50000
2012-11-16,18.877292238492977,19.211418299323086,18.689354548476242,18.81110835335106,66314
2012-11-19,18.81110835335106,19.15853039101926,18.795549122831446,19.01370689802395,50000
2012-11-20,19.01370689802395,19.16670932982618,18.938122241005598,19.02824897951692,50000
2012-11-21,19.02824897951692,19.317688765808235,19.01514314667701,19.308955930171184,50000
2012-11-22,19.308955930171184,19.793608164019382,19.205454344002817,19.755168511368232,50000
2012-11-23,19.755168511368232,20.270910380109743,19.678315938787446,20.126553259341424,50000
2012-11-26,20.126553259341424,20.26282676490161,19.77518986799091,19.87112891746369,86503
2012-11-27,19.87112891746369,20.002920926046148,19.810157160765225,19.817035076012175,50000
2012-11-28,19.817035076012175,19.915584724963043,19.602272565311846,19.84399558214599,50000
2012-11-29,19.84399558214599,20.069513795416285,19.794472020358782,19.991463602576715,70867
2012-11-30,19.991463602576715,20.494704685021127,19.9682245579635,20.43042508119081,50000
2012-12-03,20.43042508119081,20.51422209893099,20.40493703578984,20.42803471508924,50430
2012-12-04,20.42803471508924,20.52484078029666,20.274375183300894,20.45886455187623,50000
2012-12-05,20.45886455187623,20.81155728842697,20.366392824060295,20.653131213248525,50000
2012-12-06,20.653131213248525,20.998703801733033,20.62146022079267,20.991119240870237,64609
2012-12-07,20.991119240870237,21.12000354407482,20.74792516151121,20.999991485179166,50000
2012-12-10,20.999991485179166,21.26607012629907,20.83042554686169,20.9496202847045,50000
2012-12-11,20.9496202847045,20.962173068746047,20.540222738305406,20.56213129832502,50000
2012-12-12,20.56213129832502,20.701701931176547,20.263770597461807,20.40246986919306,50000
2012-12-13,20.40246986919306,21.053504828922996,20.327522395560372,21.000558777697847,50000
2012-12-14,21.000558777697847,21.624522090936427,20.951570910894464,21.614981769486732,50000
2012-12-17,21.614981769486732,21.949951530391743,21.601205968779357,21.871616115876687,50000
2012-12-18,21.871616115876687,21.91699971393898,21.71158094515096,21.89995194441039,50000
2012-12-19,21.89995194441039,21.957523037110768,21.78529856512683,21.81184543269034,50000
2012-12-20,21.81184543269034,21.815567512866668,21.301629916564785,21.594342626099024,96783
2012-12-21,21.594342626099024,21.73131477221144,21.247378210814635,21.448521746705005,50000
2012-12-24,21.448521746705005,21.491067391718254,21.368617124272458,21.431697126963794,50000
2012-12-25,21.431697126963794,21.709067636190063,21.2128241693318,21.692928708515407,90938
2012-12-26,21.692928708515407,21.837755654259144,21.673796909537078,21.80930268031537,50000
2012-12-27,21.80930268031537,21.99697601147347,21.781804940060336,21.78639259762326,50000
2012-12-28,21.78639259762326,21.935732194864578,21.406389634721023,21.721119730825357,50000
2012-12-31,21.721119730825357,21.757443945584424,21.67702376570145,21.682701608236595,50000
2013-01-01,21.682701608236595,22.055538493155122,21.536487783277607,21.859381243131587,59079
2013-01-02,21.859381243131587,21.921836962540404,21.69847968141437,21.85043287579837,52442
2013-01-03,21.85043287579837,21.88104737450806,21.4374202686781,21.70720540742875,50000
2013-01-04,21.70720540742875,21.79007914875882,21.481355137391432,21.49037226296708,50000
2013-01-07,21.49037226296708,21.55024699880194,21.348379201604253,21.541002509363594,50000
2013-01-08,21.541002509363594,21.733046000344455,21.230577565299992,21.672211582315132,148531
2013-01-09,21.672211582315132,21.826911148355425,21.147916041290028,21.16530683814823,50000
2013-01-10,21.16530683814823,21.244523019500626,21.132661125599192,21.153507364123993,50000
2013-01-11,21.153507364123993,21.204701680407105,21.055975825266138,21.146039026511918,50000
2013-01-14,21.146039026511918,21.260758409147275,20.906268374735006,21.2479854010139,50000
2013-01-15,21.2479854010139,21.425855056153676,21.062567757153204,21.18994666285341,54734
2013-01-16,21.18994666285341,21.67436383331732,20.960466698030004,21.504161692131472,59395
2013-01-17,21.504161692131472,21.52361003439418,21.31604511410772,21.332095950486536,50000
2013-01-18,21.332095950486536,21.36868447067243,21.079468486576808,21.16945545899858,50000
2013-01-21,21.16945545899858,21.34660690982907,21.062148668099873,21.176731391098723,50000
2013-01-22,21.176731391098723,21.618337203278138,21.04081230074014,21.590580082913476,50000
2013-01-23,21.590580082913476,21.69338212734329,21.5501420902016,21.690114422178503,66279
2013-01-24,21.690114422178503,21.781301722123168,21.548168988391968,21.740684087396215,50000
2013-01-25,21.740684087396215,21.968856804684627,21.506647970939007,21.6274423875721,50000
2013-01-28,21.6274423875721,21.946002342070404,21.04095092171368,21.073704906896708,50000
2013-01-29,21.073704906896708,21.19029676908477,20.938443761265958,21.037595853434592,180715
2013-01-30,21.037595853434592,21.170422301103457,21.02762704816434,21.03815829477359,170622
2013-01-31,21.03815829477359,21.55731112583515,20.97511365359466,21.459100433869025,50000
2013-02-01,21.459100433869025,21.662211336687935,21.306627211598755,21.559428757515086,50000
2013-02-04,21.559428757515086,21.6298355173069,21.439582939794416,21.597364263058676,84611
2013-02-05,21.597364263058676,21.64835253966426,20.872570874740575,21.063743592621762,60299
2013-02-06,21.063743592621762,21.339670169420422,20.84967155672435,21.06994961945372,205080
2013-02-07,21.06994961945372,21.215057260817684,20.847095006528104,21.03308607661024,50000
2013-02-08,21.03308607661024,21.178937253173178,20.996335376061708,21.015076356611182,50000
2013-02-11,21.015076356611182,21.11159651434815,20.640195994482283,20.721093921988217,76328
2013-02-12,20.721093921988217,20.806293468048725,20.597832407984868,20.741034018719493,50000
2013-02-13,20.741034018719493,20.808809600176268,20.43613164027083,20.467476671180705,50000
2013-02-14,20.467476671180705,20.555778762439203,20.427979977848416,20.461524087664014,50000
2013-02-15,20.461524087664014,21.13148190263187,20.429593578978977,20.881636105257602,81606
2013-02-18,20.881636105257602,21.12054419517215,20.784056254036805,20.991548113070753,50000
2013-02-19,20.991548113070753,21.65166853499333,20.96687116915643,21.472154769087254,50000
2013-02-20,21.472154769087254,21.57213381520231,21.362838602586645,21.384345765168113,50000
2013-02-21,21.384345765168113,21.552441180568984,21.043285826391248,21.05369512291297,52459
2013-02-22,21.05369512291297,21.22873163101897,20.989803456965937,21.203140088719255,50000
2013-02-25,21.203140088719255,21.597190934552657,21.08263325819758,21.54520925137014,50000
2013-02-26,21.54520925137014,21.692900877613543,20.97501403983211,21.108162883979194,50000
2013-02-27,21.108162883979194,21.141599888026395,20.37743746772799,20.68418746097253,60362
2013-02-28,20.68418746097253,20.693765841691796,20.555010290770344,20.58593546521566,54874
2013-03-01,20.58593546521566,20.745962551496305,20.446678033917152,20.54827479003751,50000
2013-03-04,20.54827479003751,20.571348600133273,20.5349275677212,20.552684885302476,50000
2013-03-05,20.552684885302476,20.593918351973336,20.388893542277444,20.545759113376413,59145
2013-03-06,20.545759113376413,20.89374884183778,20.442306297210003,20.779635890764386,50000
2013-03-07,20.779635890764386,20.795176037676445,20.25117644075443,20.370901956126854,50845
2013-03-08,20.370901956126854,20.474070621475445,20.282025080655263,20.404110036985,50000
2013-03-11,20.404110036985,20.59536929919486,20.267719001220335,20.52625473185804,50000
2013-03-12,20.52625473185804,20.666481608747414,19.913756610820553,19.949251938298215,50000
2013-03-13,19.949251938298215,20.027458893671007,19.503810611010184,19.50998545897393,50000
2013-03-14,19.50998545897393,19.722601211237507,19.037092384566236,19.126011273982858,142747
2013-03-15,19.126011273982858,19.272030495404163,18.884928910749434,18.986527349255503,65478
2013-03-18,18.986527349255503,19.096521971323664,18.7979250552882,18.982629664047508,50000
2013-03-19,18.982629664047508,19.153509085078543,18.95705720672807,19.042771536535945,50000
2013-03-20,19.042771536535945,19.36613285119704,18.98320210264162,19.281249161550065,50000
2013-03-21,19.281249161550065,19.519271181972865,19.157557788984427,19.5057206936182,60912
2013-03-22,19.5057206936182,19.951546183272136,19.46085779390982,19.86050364613247,50000
2013-03-25,19.86050364613247,19.921276303868353,19.4434913132134,19.52726709684806,50000
2013-03-26,19.52726709684806,20.083385905727788,19.43800770208898,20.02611597731786,50000
2013-03-27,20.02611597731786,20.13763848579541,19.87672629972121,19.97105763886156,50000
2013-03-28,19.97105763886156,20.219003068218505,19.95006083204838,20.155698348420298,50000
2013-03-29,20.155698348420298,20.315373793695866,20.046729113183606,20.263115254009698,50000
2013-04-01,20.263115254009698,20.969051887611904,20.02524304313049,20.926149442785142,50000
2013-04-02,20.926149442785142,21.05409710626749,20.91028571259357,21.007939375201882,54242
2013-04-03,21.007939375201882,21.093562558526333,20.777852021925188,20.83774096349695,50000
2013-04-04,20.83774096349695,21.06930181760183,20.826986871824253,21.038749194864476,50000
2013-04-05,21.038749194864476,21.154797329267186,20.871917041092445,21.008164484975172,50000
2013-04-08,21.008164484975172,21.24161816565333,20.243189466605603,20.56479173492423,50000
2013-04-09,20.56479173492423,20.597623609528643,20.5329086104587,20.55527258540734,50000
2013-04-10,20.55527258540734,20.75737480317804,20.473202600396935,20.50753558852033,50000
2013-04-11,20.50753558852033,20.795899080694944,19.96264095459775,20.00482337010825,50000
2013-04-12,20.00482337010825,20.26220345233496,19.915813167219454,20.193929154379564,50000
2013-04-15,20.193929154379564,20.276776355139496,20.154960046511395,20.248886187251927,50000
2013-04-16,20.248886187251927,20.464782820969297,19.896144153064697,19.92026619010027,50000
2013-04-17,19.92026619010027,19.953867455626945,19.632356998125704,19.70019680913911,50000
2013-04-18,19.70019680913911,20.073945901639508,19.601879553988777,19.986301039983815,94581
2013-04-19,19.986301039983815,20.064823866726044,19.123497115685023,19.234976269555474,50000
2013-04-22,19.234976269555474,19.284796271854045,18.45141744232846,18.582222596041074,50000
2013-04-23,18.582222596041074,18.89891000331263,18.417021514263126,18.851433371531524,50000
2013-04-24,18.851433371531524,18.86506703303436,18.336339860650728,18.518398926995754,59112
2013-04-25,18.518398926995754,18.633536044097966,18.395318884889498,18.40596652006749,50000
2013-04-26,18.40596652006749,18.55051227543148,17.979835081671578,18.102820152877875,69089
2013-04-29,18.102820152877875,18.20450918122902,17.565297728590846,17.782733403663602,50000
2013-04-30,17.782733403663602,17.828852045680662,17.651092471673135,17.664237611602573,50000
2013-05-01,17.664237611602573,17.88012668548285,17.472723202034164,17.803043296290614,50000
2013-05-02,17.803043296290614,18.03983848889766,17.760279098332454,18.017404283213036,50000
2013-05-03,18.017404283213036,18.11758173396671,17.5776099485892,17.665529510758663,50000
2013-05-06,17.665529510758663,17.82129164038509,17.5447438123787,17.59738182864475,50000
2013-05-07,17.59738182864475,17.60600753918517,17.49349932998625,17.53359478738326,50000
2013-05-08,17.53359478738326,17.77674836163275,17.205451033987707,17.356021897178593,50000
2013-05-09,17.356021897178593,17.40678458967417,17.150400069823345,17.184230845127832,50000
2013-05-10,17.184230845127832,17.202904386975746,16.926270028766968,17.123851259519682,92403
2013-05-13,17.123851259519682,17.145584865992518,16.926659611023815,17.03899566838725,50000
2013-05-14,17.03899566838725,17.21302909131202,17.033858607617457,17.136785229675517,61424
2013-05-15,17.136785229675517,17.16978417250357,16.71318287887144,16.819990119353115,57730
2013-05-16,16.819990119353115,17.01647435414489,16.720015433544045,16.94615942784651,50000
2013-05-17,16.94615942784651,17.13947707130931,16.84047194447513,17.02478535784118,72955
2013-05-20,17.02478535784118,17.032613270555036,16.826486899917114,16.828216641863808,50000
2013-05-21,16.828216641863808,16.865537083506933,16.451594938161286,16.500140404708652,50000
2013-05-22,16.500140404708652,16.558897933114363,16.38191784450475,16.38222071242039,50000
2013-05-23,16.38222071242039,16.45160922955979,15.989587295614689,16.10604821095392,50000
2013-05-24,16.10604821095392,16.191046302501512,16.10146888827647,16.15239758461095,71106
2013-05-27,16.15239758461095,16.670281814162436,15.984944761268645,16.508073223004565,50000
2013-05-28,16.508073223004565,16.76183535666679,16.489757787546353,16.490347380773866,50000
2013-05-29,16.490347380773866,16.70064536930034,15.977926228310626,16.025259705538527,60708
2013-05-30,16.025259705538527,16.040822453779892,15.313181658829812,15.50914616648414,73249
2013-05-31,15.50914616648414,15.545894726822752,15.417851788488928,15.430867446314188,50000
2013-06-03,15.430867446314188,15.43506808398815,15.113711405539757,15.114452406765947,50000
2013-06-04,15.114452406765947,15.17577383229745,14.93487126552929,15.018054842075783,67078
2013-06-05,15.018054842075783,15.207979432932959,14.980800774409012,15.191269346787823,50000
2013-06-06,15.191269346787823,15.599838372952805,15.050529994712383,15.501026468014913,58851
2013-06-07,15.501026468014913,15.902123106748496,15.493867310556524,15.875853663439166,50000
2013-06-10,15.875853663439166,15.907831995518563,15.707146669671937,15.727020634732693,50000
2013-06-11,15.727020634732693,15.907757304324615,15.53026763416999,15.837631743621449,50000
2013-06-12,15.837631743621449,16.37940689385019,15.778618022470054,16.341175856826965,50000
2013-06-13,16.341175856826965,16.43246436548627,16.181489180782506,16.206583881425743,70239
2013-06-14,16.206583881425743,16.40839033998889,16.20330920471455,16.28962007070967,77133
2013-06-17,16.28962007070967,16.547590422953945,16.24555517100555,16.518077143294338,50000
2013-06-18,16.518077143294338,16.6288105832956,16.236289545828264,16.406305021004687,56154
2013-06-19,16.406305021004687,16.46274834475935,16.373039396047332,16.45255927444027,50038
2013-06-20,16.45255927444027,16.52126013301992,16.2874805327203,16.343462354238618,111216
2013-06-21,16.343462354238618,16.96217472565249,16.320309121074686,16.823064489327354,50000
2013-06-24,16.823064489327354,16.87504181478179,16.505018453466672,16.658752555116962,64168
2013-06-25,16.658752555116962,16.72293658518811,16.348063400047486,16.500029766462244,50000
2013-06-26,16.500029766462244,16.731553587685088,16.484964548133824,16.666171304314112,50000
2013-06-27,16.666171304314112,16.838749795615467,16.37808687191093,16.549257886477754,50000
2013-06-28,16.549257886477754,16.88974617828597,16.425379280566638,16.775463905708115,50000
2013-07-01,16.775463905708115,17.207832016896145,16.773530382083884,17.048504374408125,70542
2013-07-02,17.048504374408125,17.25983445562884,16.902664897352462,16.992436031003155,58779
2013-07-03,16.992436031003155,17.08506148063568,16.89312603317036,17.00708776292615,50000
2013-07-04,17.00708776292615,17.0806873856547,16.833276993515135,16.850449288574723,50000
2013-07-05,16.850449288574723,17.273134882878356,16.744263308854162,17.173804906246172,50000
2013-07-08,17.173804906246172,17.525200574910375,17.08045573107796,17.44726542827364,50000
2013-07-09,17.44726542827364,17.72361664606706,17.398802154587223,17.53906625985884,123181
2013-07-10,17.53906625985884,17.879911596243744,17.40632206082118,17.8377685071161,50000
2013-07-11,17.8377685071161,17.877930300031057,17.21336732505431,17.350806961853376,50000
2013-07-12,17.350806961853376,17.50108963619235,17.112353404597854,17.15472901128565,50000
2013-07-15,17.15472901128565,17.367503295304264,17.043711221102814,17.043865040132776,50000
2013-07-16,17.043865040132776,17.312825600361503,16.953062184181416,17.124399864779758,50000
2013-07-17,17.124399864779758,17.2381140679901,16.949313589466293,17.00343697433296,50000
2013-07-18,17.00343697433296,17.076417601133063,16.705873889645506,16.910648804352228,69744
2013-07-19,16.910648804352228,17.332039223067408,16.758384732165993,17.205309277506068,50000
2013-07-22,17.205309277506068,17.394775112923554,16.861678308408457,17.316808130634524,50000
2013-07-23,17.316808130634524,17.358284189922486,17.16891241179966,17.20090661709691,102330
2013-07-24,17.20090661709691,17.33885828294031,17.197968263519876,17.261515786492684,59626
2013-07-25,17.261515786492684,17.407110718672435,17.036217010014816,17.067758547144294,50000
2013-07-26,17.067758547144294,17.071903684443043,16.943565622857033,17.006975419319197,50000
2013-07-29,17.006975419319197,17.122199992362738,16.93235691570309,16.95741041806952,50000
2013-07-30,16.95741041806952,17.39442747621716,16.826915261395953,17.249265896069048,50000
2013-07-31,17.249265896069048,17.596409496825398,17.21302212557624,17.572891965242892,50000
2013-08-01,17.572891965242892,17.70450601674343,17.440525161498407,17.64799912834255,59358
2013-08-02,17.64799912834255,17.899465561929052,17.510361641985337,17.69427016363541,50000
2013-08-05,17.69427016363541,17.789598979511158,17.153282468275098,17.371024020298552,50000
2013-08-06,17.371024020298552,17.48209427679601,17.118950812360193,17.191652997190793,50000
2013-08-07,17.191652997190793,17.55804201329388,17.021943480310373,17.5119266251244,115464
2013-08-08,17.5119266251244,17.67903293340488,17.184004176661915,17.43769806476755,50000
2013-08-09,17.43769806476755,17.479261584924636,17.303890259599985,17.40834179489639,50000
2013-08-12,17.40834179489639,17.44417164624456,17.336202763403595,17.39634914795759,50000
2013-08-13,17.39634914795759,17.621403728768886,17.34241239290739,17.593140569239342,56855
2013-08-14,17.593140569239342,17.745551008026684,17.442317005712553,17.68109498562779,50000
2013-08-15,17.68109498562779,17.787526058786256,17.477588333113275,17.775368124307942,50000
2013-08-16,17.775368124307942,18.03321454635337,17.763388539682136,17.98013791452578,63652
2013-08-19,17.98013791452578,18.43946599319726,17.827249983262906,18.39906875655188,50000
2013-08-20,18.39906875655188,18.46288550893189,17.812014278480564,17.943114147923566,76282
2013-08-21,17.943114147923566,18.0400470775343,17.682062937511013,17.751843311992435,81538
2013-08-22,17.751843311992435,17.808009094264047,17.1290128197432,17.1746116298382,50000
2013-08-23,17.1746116298382,17.188883157863277,16.626875989660498,16.73968280575634,71651
2013-08-26,16.73968280575634,17.058571927057013,16.723118245085278,17.04088733678218,50000
2013-08-27,17.04088733678218,17.083762938610494,17.00123589931349,17.027280201010537,50000
2013-08-28,17.027280201010537,17.123147348868184,16.82195163870873,16.97739502041176,50000
2013-08-29,16.97739502041176,17.012929933465855,16.63685614322128,16.70680517167743,81474
2013-08-30,16.70680517167743,17.075164691577037,16.615547908757467,16.98513119858371,50000
2013-09-02,16.98513119858371,16.986240719307425,16.871349149909342,16.932781537521738,50000
2013-09-03,16.932781537521738,17.238304915833186,16.878267644752057,17.211835858772258,75184
2013-09-04,17.211835858772258,17.348471285686294,16.79155396847908,16.896889157778226,90406
2013-09-05,16.896889157778226,16.982887688299478,16.755062438180047,16.95054955074978,63596
2013-09-06,16.95054955074978,17.26416215946934,16.917371706497033,17.23012142543094,50000
2013-09-09,17.23012142543094,17.278831476943367,16.84599535669754,16.893372862624524,50000
2013-09-10,16.893372862624524,16.894648069923132,16.754997059095658,16.81732298130912,50000
2013-09-11,16.81732298130912,16.914421861817118,16.587562546554484,16.794110383049553,50000
2013-09-12,16.794110383049553,16.845091975330515,16.548587185828165,16.593982792824377,53656
2013-09-13,16.593982792824377,16.73382702880502,16.069782274581925,16.133402805023067,155614
2013-09-16,16.133402805023067,16.189940523301214,16.110243329184655,16.15589052092562,63931
2013-09-17,16.15589052092562,16.268558921559944,15.851992521979694,15.862385684329777,50000
2013-09-18,15.862385684329777,16.004816839084537,15.720972359256555,15.946455926194767,54506
2013-09-19,15.946455926194767,15.960181894524554,15.881778576581654,15.931639208180234,50000
2013-09-20,15.931639208180234,16.140620137205143,15.917170049586824,16.098117180810846,50000
2013-09-23,16.098117180810846,16.193462016618838,15.836641640967034,16.061256686690662,50000
2013-09-24,16.061256686690662,16.326354729948548,16.025441548760096,16.210126347622687,50000
2013-09-25,16.210126347622687,16.28226210489649,16.123158187251388,16.14896653039334,50000
2013-09-26,16.14896653039334,16.232607455193016,15.827601702447604,15.96152372100251,50000
2013-09-27,15.96152372100251,16.08643180194016,15.719487615741338,15.835134136541344,105860
2013-09-30,15.835134136541344,16.54692578309475,15.8156127015172,16.35862284196071,50000
2013-10-01,16.35862284196071,16.372006835434583,16.080908763056275,16.1822310753164,53493
2013-10-02,16.1822310753164,16.19996684258234,15.79977013188681,15.895673775607014,50000
2013-10-03,15.895673775607014,15.942911247519955,15.633943460257994,15.671376419553388,50000
2013-10-04,15.671376419553388,15.92522154781976,15.44110578352611,15.775301207304587,50000
2013-10-07,15.775301207304587,15.853703566574852,15.279257163555734,15.346426112403643,50000
2013-10-08,15.346426112403643,15.49562398583802,15.298326763227353,15.404499886813,89990
2013-10-09,15.404499886813,15.40534019875841,15.24547827222903,15.268981782988329,50000
2013-10-10,15.268981782988329,15.35989902812531,15.105875793050075,15.221735875444969,50000
2013-10-11,15.221735875444969,15.493113679788927,15.10319681766949,15.451360108156036,50000
2013-10-14,15.451360108156036,15.529806238140537,15.249021877772295,15.312172166251324,50000
2013-10-15,15.312172166251324,15.435367144892258,15.151512991477423,15.30265746935892,50000
2013-10-16,15.30265746935892,15.375817425372514,15.011192890472445,15.069104735214683,50000
2013-10-17,15.069104735214683,15.247121742862467,14.605800163411983,14.885351061094202,50000
2013-10-18,14.885351061094202,14.891402536584838,14.77723189809489,14.860218802654119,50000
2013-10-21,14.860218802654119,15.13519978528597,14.704782465098058,15.12926764733711,59432
2013-10-22,15.12926764733711,15.560589221324175,15.110530905753517,15.478180678677987,62440
2013-10-23,15.478180678677987,15.808562625804699,15.219614961641952,15.781055053176225,50000
2013-10-24,15.781055053176225,15.836887007387984,15.59473063851727,15.630812785428125,50000
2013-10-25,15.630812785428125,15.668510505917157,15.428390385590687,15.490915871543455,50000
2013-10-28,15.490915871543455,15.950551102697224,15.442304191592948,15.813380951379026,107543
2013-10-29,15.813380951379026,16.070156988771107,15.796343118174182,15.81270244651272,50000
2013-10-30,15.81270244651272,15.950650189845952,15.736522673462023,15.738068278263809,84917
2013-10-31,15.738068278263809,15.981151389794176,15.700653879930458,15.833618656547802,50000
2013-11-01,15.833618656547802,15.942595904671672,15.59664484656809,15.647416664362495,50000
2013-11-04,15.647416664362495,15.857655013924273,15.567093761420171,15.789632367209082,50000
2013-11-05,15.789632367209082,15.866537766475037,15.746791610733508,15.838749007579022,50000
2013-11-06,15.838749007579022,16.002643090121143,15.719085754887189,15.837080472605003,80086
2013-11-07,15.837080472605003,16.210695553978166,15.749056873406248,16.028963715731283,67296
2013-11-08,16.028963715731283,16.244589146851112,15.942756038046587,16.212210653735106,130127
2013-11-11,16.212210653735106,16.321611683987147,16.09166236305318,16.255618125092926,50000
2013-11-12,16.255618125092926,16.30903267340677,16.07530412100391,16.163072037541568,56753
2013-11-13,16.163072037541568,16.31333600104578,16.109672489073763,16.298067358900983,59764
2013-11-14,16.298067358900983,16.393577878694515,16.20416324690637,16.242294912280805,146021
2013-11-15,16.242294912280805,16.330545589778286,16.078125413711724,16.122230061317516,50000
2013-11-18,16.122230061317516,16.575092774353898,16.073873518759004,16.379754174249566,50000
2013-11-19,16.379754174249566,16.41475665210516,15.956162244665718,16.00835741524458,67898
2013-11-20,16.00835741524458,16.176180163664796,15.740156098431182,15.770805692227437,88095
2013-11-21,15.770805692227437,15.820494075458646,15.322741121090969,15.442052944590584,62051
2013-11-22,15.442052944590584,15.534619982591723,14.850163902829951,15.004773862308237,50000
2013-11-25,15.004773862308237,15.05833942250948,14.751350740523625,14.818506902971738,50000
2013-11-26,14.818506902971738,14.833423961863211,14.676901296642313,14.770177108727736,84767
2013-11-27,14.770177108727736,14.788573549282125,14.476168426436704,14.587240681103745,50000
2013-11-28,14.587240681103745,14.856074295283932,14.503383370670223,14.789612816016351,127929
2013-11-29,14.789612816016351,14.867528558405308,14.564964745016153,14.686680387093087,59760
2013-12-02,14.686680387093087,14.709821149303831,14.595418234879755,14.641463465644073,50000
2013-12-03,14.641463465644073,14.695927306096308,14.623426080942782,14.654045400311418,122803
2013-12-04,14.654045400311418,14.774971207385322,14.4674271234395,14.712445562205351,50000
2013-12-05,14.712445562205351,14.854218471224394,14.640237951364705,14.78529399378143,50000
2013-12-06,14.78529399378143,14.982125921426043,14.744702671343068,14.864604565448275,72137
2013-12-09,14.864604565448275,14.874842841734143,14.579219155929705,14.621569612010363,50000
2013-12-10,14.621569612010363,14.646409259406541,14.413069862430955,14.46824293936228,50000
2013-12-11,14.46824293936228,14.53425318193433,14.35307532356531,14.358466500281809,50000
2013-12-12,14.358466500281809,14.492660132000214,14.078457909000733,14.43699517359648,50000
2013-12-13,14.43699517359648,14.657504140701297,14.385057368005056,14.621194062084085,50000
2013-12-16,14.621194062084085,14.99588334479948,14.540738841484483,14.945426278306277,50000
2013-12-17,14.945426278306277,15.034179416743406,14.73881665757412,14.814282297085377,50000
2013-12-18,14.814282297085377,14.955334613695213,14.773826758036012,14.92162041133338,50000
2013-12-19,14.92162041133338,15.192264682185218,14.88635123617713,15.127913230848982,50000
2013-12-20,15.127913230848982,15.63306940763832,15.044089821162865,15.496341708603671,50000
2013-12-23,15.496341708603671,15.528439164330344,15.161670889081021,15.206840724167794,50000
2013-12-24,15.206840724167794,15.257336410958422,15.068649595025336,15.150240917330906,69444
2013-12-25,15.150240917330906,15.383549463081737,15.148939741369771,15.255127387939897,50000
2013-12-26,15.255127387939897,15.336732678347614,15.213144065461474,15.259018666789451,50000
2013-12-27,15.259018666789451,15.263818124083793,14.844332304039712,14.853167756736985,50000
2013-12-30,14.853167756736985,14.924912982672966,14.678147746261628,14.792004639385674,51201
2013-12-31,14.792004639385674,14.885626091302695,14.733889647442647,14.876893006295159,59584
2014-01-01,14.876893006295159,15.105882514193706,14.839341232368389,14.958167586469818,50000
2014-01-02,14.958167586469818,15.000754751354824,14.630617844391416,14.69976962957319,97652
2014-01-03,14.69976962957319,14.771718557030272,14.374865450155665,14.485174905448186,64411
2014-01-06,14.485174905448186,14.48939364856692,14.205195536166743,14.399481947787717,50000
2014-01-07,14.399481947787717,14.43090175785643,14.168601631331624,14.381724877705592,50000
2014-01-08,14.381724877705592,14.471856929329943,14.167865788573312,14.400013842292077,58331
2014-01-09,14.400013842292077,14.599321284684475,14.334812955544223,14.573798140971238,50000
2014-01-10,14.573798140971238,14.628370034502485,14.050110983596808,14.196425265602318,50000
2014-01-13,14.196425265602318,14.417910839170897,14.153872108731331,14.319265553539903,50000
2014-01-14,14.319265553539903,14.377271471681054,14.30582451822659,14.317222131512136,62296
2014-01-15,14.317222131512136,14.773584531287193,14.24111722574146,14.762907916642504,50000
2014-01-16,14.762907916642504,14.86423690789979,14.701223706863667,14.76892503450855,50000
2014-01-17,14.76892503450855,15.060095606052233,14.628018593829218,14.876561094528533,76316
2014-01-20,14.876561094528533,14.997155556952766,14.821065211050174,14.985771203636409,50000
2014-01-21,14.985771203636409,15.078860493931199,14.94472497638539,15.028158364216312,50000
2014-01-22,15.028158364216312,15.215296944172573,14.873789721055324,15.212375787593158,72143
2014-01-23,15.212375787593158,15.695251341810502,15.098582148207413,15.50788734736782,50000
2014-01-24,15.50788734736782,15.557499129893301,15.50331650943771,15.516040765311645,50000
2014-01-27,15.516040765311645,15.786565335307031,15.463277119457443,15.76065183267827,77605
2014-01-28,15.76065183267827,15.769679690501132,15.554774045201128,15.631437262535833,163065
2014-01-29,15.631437262535833,15.726001222492167,15.613488152444159,15.664956302701809,60784
2014-01-30,15.664956302701809,15.812420628521197,15.585721499135403,15.728437305242894,50000
2014-01-31,15.728437305242894,15.755156091940334,15.529377699580948,15.541767568188845,61408
2014-02-03,15.541767568188845,15.574865232934412,15.107185430514805,15.114255002202382,141966
2014-02-04,15.114255002202382,15.17353732543097,15.052536056380788,15.144918550653838,50000
2014-02-05,15.144918550653838,15.621334269907587,15.059591645730187,15.587032623241305,50000
2014-02-06,15.587032623241305,15.994267761413969,15.503666645926023,15.95313128609614,50000
2014-02-07,15.95313128609614,16.085916683281948,15.908724827982885,15.97472466358523,50000
2014-02-10,15.97472466358523,16.137084547188177,15.756480093440917,15.839754799520788,62463
2014-02-11,15.839754799520788,16.082847427088016,15.803058210360978,15.894382436211709,50000
2014-02-12,15.894382436211709,15.89820049054922,15.544707791728172,15.58553733660275,50000
2014-02-13,15.58553733660275,15.625441481430132,15.35190430773775,15.436285243320913,50000
2014-02-14,15.436285243320913,15.605830828433826,15.427148580551412,15.478664369194576,85587
2014-02-17,15.478664369194576,15.898898952392026,15.394270168233767,15.838893518595512,95548
2014-02-18,15.838893518595512,16.579527560188662,15.70389565524971,16.508517935608758,50000
2014-02-19,16.508517935608758,16.525584270505572,16.37574294214287,16.44248779302989,50000
2014-02-20,16.44248779302989,16.673297600307166,16.435807438923444,16.616114491130112,50000
2014-02-21,16.616114491130112,16.624160220294602,16.3499828239981,16.368337457663017,94488
2014-02-24,16.368337457663017,16.67367875947477,16.300479418301926,16.613990742347593,50000
2014-02-25,16.613990742347593,16.817289288139623,16.495332573923907,16.78127605924508,50000
2014-02-26,16.78127605924508,16.959534884637478,16.71199952266461,16.809739436167135,50000
2014-02-27,16.809739436167135,17.049269047635974,16.7466554118198,16.871065115762164,75168
2014-02-28,16.871065115762164,17.14315433732003,16.748624600352723,17.048808086420244,50000
2014-03-03,17.048808086420244,17.175390747146068,16.55502023977314,16.574971867525793,50000
2014-03-04,16.574971867525793,16.74678473721304,16.147111940816668,16.207729479499605,50000
2014-03-05,16.207729479499605,16.307166665901782,16.171566839669524,16.287365602341158,50000
2014-03-06,16.287365602341158,16.448191402594592,16.036053613631083,16.08416693960406,50975
2014-03-07,16.08416693960406,16.25743549612067,15.952551696824802,16.201718887330543,50000
2014-03-10,16.201718887330543,16.436087248844107,16.145035550139987,16.433357838872272,50000
2014-03-11,16.433357838872272,16.713298960135628,16.370754951092884,16.62162897818504,70348
2014-03-12,16.62162897818504,16.686694824778694,16.339959057553816,16.3940723944278,71110
2014-03-13,16.3940723944278,16.42583383186113,15.84395968287187,15.919260511919513,50000
2014-03-14,15.919260511919513,16.287116872399395,15.873562631974655,16.246248902224444,50000
2014-03-17,16.246248902224444,16.57814152570754,16.167221698458082,16.439341885330073,50000
2014-03-18,16.439341885330073,16.682912011766984,16.380292131637656,16.668138149717404,50000
2014-03-19,16.668138149717404,17.140038465128793,16.557612632820742,16.98724999091087,50000
2014-03-20,16.98724999091087,17.283182557181963,16.96086428259681,17.257581204225833,50000
2014-03-21,17.257581204225833,17.39923294637764,17.190351148348505,17.38577593297449,84698
2014-03-24,17.38577593297449,17.784010887868718,17.355238496251648,17.628354455844068,50000
2014-03-25,17.628354455844068,17.88925822845466,17.422824496169554,17.845225367215008,50000
2014-03-26,17.845225367215008,18.008549276149537,17.6676437411813,17.85057094126426,50000
2014-03-27,17.85057094126426,17.886804693264033,17.633944287162784,17.643472645233157,50000
2014-03-28,17.643472645233157,18.081302034535785,17.63817393599649,17.916481119127358,50000
2014-03-31,17.916481119127358,18.01901461085796,17.665369082456714,17.68029007019948,50000
2014-04-01,17.68029007019948,17.76615402368329,17.56980884271514,17.607982535549493,50000
2014-04-02,17.607982535549493,17.991967721472225,17.452323680173077,17.822336556715204,58684
2014-04-03,17.822336556715204,18.255541468065736,17.791961836283537,18.186590321503417,53863
2014-04-04,18.186590321503417,18.332321692344816,17.933625598432382,18.323118304060532,185595
2014-04-07,18.323118304060532,18.412616035257315,18.29262084490171,18.330516590586157,90835
2014-04-08,18.330516590586157,18.45424550122103,18.016450967248584,18.181209595310886,50000
2014-04-09,18.181209595310886,18.2957422639814,17.718930429772993,17.8781701678976,71343
2014-04-10,17.8781701678976,18.094717222141583,17.77578113478805,18.000723213298706,163875
2014-04-11,18.000723213298706,18.080880903168474,17.976929715691842,17.98552803679176,50000
2014-04-14,17.98552803679176,18.25613807924114,17.86440344509938,18.2490285783774,50000
2014-04-15,18.2490285783774,18.271878933907207,17.596837898863168,17.69860525099421,50000
2014-04-16,17.69860525099421,17.714512351493724,17.54061335150199,17.692021703163945,50000
2014-04-17,17.692021703163945,17.738196945196954,17.216583111287058,17.291327424216163,50000
2014-04-18,17.291327424216163,17.386115941595747,16.97771493246648,17.08777215234256,50000
2014-04-21,17.08777215234256,17.15819018767671,16.874292508795374,17.08703064077369,71106
2014-04-22,17.08703064077369,17.33234575645749,17.082986617699582,17.17564795621099,50000
2014-04-23,17.17564795621099,17.485091532462746,17.127774479526753,17.347607079975038,50000
2014-04-24,17.347607079975038,17.450383548956324,17.236231427064094,17.303739447230594,50000
2014-04-25,17.303739447230594,17.379954013918347,17.053391455621423,17.24456871667595,91363
2014-04-28,17.24456871667595,17.523491244675135,17.2312954134908,17.375497799790786,50000
2014-04-29,17.375497799790786,17.964604486791636,17.225112705691405,17.80909166224668,50000
2014-04-30,17.80909166224668,17.80909514158412,17.63823234013904,17.649250103457753,50000
2014-05-01,17.649250103457753,17.711830939516386,17.222234064667994,17.259531336909788,50719
2014-05-02,17.259531336909788,17.28341183495203,16.787418036952097,16.882571528458545,80391
2014-05-05,16.882571528458545,16.916072106717458,16.64774982796804,16.805604507967477,77724
2014-05-06,16.805604507967477,16.959525786408474,16.630350657403387,16.850444519919478,50000
2014-05-07,16.850444519919478,17.18474079922951,16.837917786743635,17.11422670586812,77655
2014-05-08,17.11422670586812,17.12711665053764,17.09935412633913,17.11259435464814,73734
2014-05-09,17.11259435464814,17.447940988496185,17.04783001609764,17.291181242630643,50000
2014-05-12,17.291181242630643,17.33163600926505,17.244755653386584,17.24863087882325,50000
2014-05-13,17.24863087882325,17.47126217766007,17.053652426166934,17.469598413244494,59912
2014-05-14,17.469598413244494,17.555000156128948,17.329411312734745,17.498577064691673,83762
2014-05-15,17.498577064691673,17.593616370038273,17.140336578242383,17.589665838298462,50000
2014-05-16,17.589665838298462,18.095482708667767,17.557360046866012,18.061948673283357,155255
2014-05-19,18.061948673283357,18.079845231758956,17.581571767837644,17.687915771809678,53483
2014-05-20,17.687915771809678,17.863001214134272,17.632876412183037,17.797625460174775,50000
2014-05-21,17.797625460174775,17.903142896885573,17.617996885857277,17.782793424688677,50000
2014-05-22,17.782793424688677,17.94769104127692,17.71487804320263,17.84923776970523,57313
2014-05-23,17.84923776970523,18.149171276821047,17.766470942218366,18.093676482836276,50000
2014-05-26,18.093676482836276,18.09746079632972,17.94121087510565,17.95696451252428,50000
2014-05-27,17.95696451252428,18.176226337291858,17.92323226330944,18.059137035527357,50000
2014-05-28,18.059137035527357,18.653540352820393,18.024687138360868,18.580393569841007,50000
2014-05-29,18.580393569841007,18.905607686470216,18.5163059395346,18.859400647983346,50000
2014-05-30,18.859400647983346,19.021897434481208,18.74883422408983,18.857750919381782,50000
2014-06-02,18.857750919381782,19.006327403286804,18.671318346535802,18.675594823902937,76828
2014-06-03,18.675594823902937,18.826452925764745,18.608444543113006,18.688480293551287,50000
2014-06-04,18.688480293551287,18.975348913701335,18.62330796339398,18.736097237257727,50000
2014-06-05,18.736097237257727,19.073104683407113,18.571596884724674,18.999687673444587,76267
2014-06-06,18.999687673444587,19.191606297818673,18.912775956588373,18.964676900317816,50000
2014-06-09,18.964676900317816,19.020287144612425,18.865578649272383,19.016465422061952,50000
2014-06-10,19.016465422061952,19.308331386914883,18.982881328661264,19.302930341993722,53846
2014-06-11,19.302930341993722,19.40936521245846,18.63874421022637,18.703368846715595,50000
2014-06-12,18.703368846715595,18.846878595750837,18.491743877490435,18.548593321262345,50000
2014-06-13,18.548593321262345,18.632904563199617,18.378476421103827,18.39208462887264,50000
2014-06-16,18.39208462887264,18.56889370290365,18.22683928205164,18.399830884312138,50000
2014-06-17,18.399830884312138,18.769987590525453,18.324643843481745,18.53082819048895,50000
2014-06-18,18.53082819048895,18.583751763317004,18.187258567264678,18.313503416395882,50000
2014-06-19,18.313503416395882,18.46097426938694,18.142221259755992,18.23943335119603,50000
2014-06-20,18.23943335119603,18.38682206339979,17.948677944319215,18.08550598558121,100791
2014-06-23,18.08550598558121,18.310734876013704,18.04325471869834,18.284923536239802,50830
2014-06-24,18.284923536239802,19.04421955821626,18.199841664675684,18.98745852648119,172828
2014-06-25,18.98745852648119,19.169591443782007,18.815246109488015,18.9165645557533,52474
2014-06-26,18.9165645557533,19.11902912705673,18.58881196028443,19.014046482342565,50000
2014-06-27,19.014046482342565,19.08513604819956,18.650983984213465,18.668589756558838,50000
2014-06-30,18.668589756558838,18.69799435807661,17.96930955013927,18.057498528464155,50000
2014-07-01,18.057498528464155,18.45016419091572,17.890710845938706,18.25009251996344,60475
2014-07-02,18.25009251996344,18.27561079405762,17.9123802621727,17.949291113928503,50000
2014-07-03,17.949291113928503,18.03841483908703,17.88399851452258,17.95106377896245,50000
2014-07-04,17.95106377896245,18.057771533453877,17.340757247544584,17.442489916906702,50000
2014-07-07,17.442489916906702,17.523758009754076,17.30754633988327,17.36814346701967,176018
2014-07-08,17.36814346701967,17.475658208353448,16.841273681798317,16.928577385256535,67850
2014-07-09,16.928577385256535,17.109652502749924,16.899020301859803,17.070899591361066,50000
2014-07-10,17.070899591361066,17.122612998841003,16.80054211241128,16.953692876306466,50000
2014-07-11,16.953692876306466,16.999202559745306,16.420171193680847,16.63938659441452,50000
2014-07-14,16.63938659441452,16.69805463642663,16.57889803306385,16.589137883736623,50000
2014-07-15,16.589137883736623,16.59744037539073,16.22305147022521,16.328502036305256,50000
2014-07-16,16.328502036305256,16.46432346932056,16.301922469311585,16.30947369974879,51097
2014-07-17,16.30947369974879,16.67285566088924,16.206263264797595,16.452955227937863,50000
2014-07-18,16.452955227937863,16.5174643582787,15.890136199612972,16.21824650927622,50000
2014-07-21,16.21824650927622,16.556277916957065,16.152205354887744,16.433032058863823,50000
2014-07-22,16.433032058863823,16.499301448449156,16.40209188014285,16.407344212200247,66773
2014-07-23,16.407344212200247,16.97793816018287,16.40256675884168,16.889048706401475,97333
2014-07-24,16.889048706401475,16.952674269003296,16.694675041393715,16.932887478862895,56988
2014-07-25,16.932887478862895,17.412024132679168,16.76758155892523,17.382565542441505,50000
2014-07-28,17.382565542441505,17.933102304755685,17.164157297425433,17.738231707151964,50000
2014-07-29,17.738231707151964,17.823612197827842,17.404415821990515,17.48780492952103,78310
2014-07-30,17.48780492952103,17.87531358063567,17.461667800187154,17.83152055053342,50000
2014-07-31,17.83152055053342,18.456905756604122,17.743533023868768,18.323206666950874,50000
2014-08-01,18.323206666950874,18.62973571348013,18.299852805759762,18.495027861934837,175811
2014-08-04,18.495027861934837,18.582029159826266,18.375370255440153,18.414796967561145,72935
2014-08-05,18.414796967561145,18.45464491427562,18.22952955705161,18.27186267000381,55036
2014-08-06,18.27186267000381,18.65349456562174,18.193541215393513,18.553695500936854,50000
2014-08-07,18.553695500936854,18.654375803821814,18.530654471374607,18.61755571208497,50000
2014-08-08,18.61755571208497,18.850727722917515,18.338541085077924,18.421799931793753,50000
2014-08-11,18.421799931793753,18.460219128318,18.04764822691003,18.164465595541806,67862
2014-08-12,18.164465595541806,18.298071125611447,18.131870091910884,18.23626187039456,50000
2014-08-13,18.23626187039456,18.31702196461647,18.234778334772276,18.278011417235952,50000
2014-08-14,18.278011417235952,18.375722414756826,18.062565289304466,18.17994047124089,71224
2014-08-15,18.17994047124089,18.190723214140032,18.06208036961159,18.12063473889283,50000
2014-08-18,18.12063473889283,18.362092737076697,18.053903611338814,18.153596765908553,50000
2014-08-19,18.153596765908553,18.24237675044567,17.69048733247187,17.69444363852769,50000
2014-08-20,17.69444363852769,18.200155480570228,17.608582905733336,18.006144950534676,67877
2014-08-21,18.006144950534676,18.16145304842407,17.87271236671763,18.05922518929509,50000
2014-08-22,18.05922518929509,18.227326825196567,17.910209041758787,17.9317728440889,51866
2014-08-25,17.9317728440889,18.153951234532848,17.844647981865652,17.878977934789432,50000
2014-08-26,17.878977934789432,17.94432937997408,17.764026463537558,17.78032783944162,50000
2014-08-27,17.78032783944162,17.84620324195101,17.253788785583552,17.38530339438964,50000
2014-08-28,17.38530339438964,17.421288495856714,16.795182421334655,16.970996033629444,50000
2014-08-29,16.970996033629444,17.255638846916153,16.76203035008756,16.869465572394017,50000
2014-09-01,16.869465572394017,16.893422571121302,16.637658846019885,16.78307819225537,50000
2014-09-02,16.78307819225537,16.798953872289808,16.27777953262185,16.378927094649374,50000
2014-09-03,16.378927094649374,16.440725553327887,16.116420642421335,16.305670719203547,50000
2014-09-04,16.305670719203547,16.914041965196652,16.158601980483848,16.811353739448595,50000
2014-09-05,16.811353739448595,16.932949821654827,16.620402386104725,16.67857142744698,101949
2014-09-08,16.67857142744698,16.787466592338713,16.484370256610156,16.505708667118757,50000
2014-09-09,16.505708667118757,16.718614781280664,16.414132705466848,16.663207491723714,50000
2014-09-10,16.663207491723714,17.04119111694653,16.643868676843024,16.934273244281464,50000
2014-09-11,16.934273244281464,16.946723605466477,16.525450034350488,16.53937283268483,163288
2014-09-12,16.53937283268483,16.947419578833102,16.50089162783422,16.7651410259346,50000
2014-09-15,16.7651410259346,17.139551129213192,16.625229021323268,17.104165902548566,68987
2014-09-16,17.104165902548566,17.136497869793434,16.61276335107586,16.713422797162973,80633
2014-09-17,16.713422797162973,17.177144702064734,16.709705635556052,17.081547597960032,118234
2014-09-18,17.081547597960032,17.344895898225403,16.962840097498187,17.226355797500467,50000
2014-09-19,17.226355797500467,17.552048048859604,17.053077282990106,17.53875907668664,52255
2014-09-22,17.53875907668664,17.9821508946777,17.49389897973626,17.653252578239524,57845
2014-09-23,17.653252578239524,17.839674206400026,17.414717462498096,17.541146797477285,50000
2014-09-24,17.541146797477285,17.604782164633676,17.123436500756295,17.231987323993025,234824
2014-09-25,17.231987323993025,17.62103546837983,17.161232941526762,17.587649318023214,50000
2014-09-26,17.587649318023214,17.65684682602777,17.238299213861616,17.2918344526315,50000
2014-09-29,17.2918344526315,17.319314816216387,17.031659901654788,17.113338343514112,50000
2014-09-30,17.113338343514112,17.30787761490867,17.107080969570767,17.247334772959587,50000
2014-10-01,17.247334772959587,17.623869708624543,17.22029951693171,17.51055854462274,50000
2014-10-02,17.51055854462274,17.775946096636282,17.37212812467299,17.64121649377951,50000
2014-10-03,17.64121649377951,17.956076629552182,17.592941539511866,17.85558935268998,50000
2014-10-06,17.85558935268998,18.084194349781882,17.80534985178411,17.819263498634967,50000
2014-10-07,17.819263498634967,18.427590460698028,17.74473053089294,18.408517319122602,118164
2014-10-08,18.408517319122602,18.424854960747208,18.17490537323273,18.18016271289656,50000
2014-10-09,18.18016271289656,18.192072780800572,18.01112212440489,18.165263601869025,50000
2014-10-10,18.165263601869025,18.375968445337374,18.14700480133541,18.150266676849572,50000
2014-10-13,18.150266676849572,18.347903306288547,17.77565915750249,17.860874939356094,50000
2014-10-14,17.860874939356094,18.034964996829057,17.854847721248085,18.03333625163275,50000
2014-10-15,18.03333625163275,18.170626026147673,17.795517566537818,17.87619557987054,50000
2014-10-16,17.87619557987054,18.022550177291993,17.484531174591247,17.62677635456796,50000
2014-10-17,17.62677635456796,17.836806585693985,17.458822899954487,17.78348247721644,50000
2014-10-20,17.78348247721644,18.267038111691246,17.623030061940625,18.24304845166521,50000
2014-10-21,18.24304845166521,18.43003634280704,18.02134010644814,18.056352205857845,50000
2014-10-22,18.056352205857845,18.314069741879717,17.92659875750433,18.2749161035314,108823
2014-10-23,18.2749161035314,18.414881848089237,17.975474291259243,18.190081492050584,90062
2014-10-24,18.190081492050584,18.412343256201037,17.955519625594725,17.988115031476802,50000
2014-10-27,17.988115031476802,18.233505802657763,17.957599085697996,18.18562643900194,50000
2014-10-28,18.18562643900194,18.382513688098868,18.157740123145,18.376889570336424,132651
2014-10-29,18.376889570336424,18.971375085873373,18.2650548377675,18.92072087292331,50000
2014-10-30,18.92072087292331,19.035195759423885,18.478570848020073,18.5368677222372,50000
2014-10-31,18.5368677222372,19.11190835693766,18.436732812477892,18.835627359393314,50000
2014-11-03,18.835627359393314,19.09014949985287,18.78117532814344,18.876615024028574,134946
2014-11-04,18.876615024028574,19.147820990748116,18.716422559201998,19.110251257424842,50000
2014-11-05,19.110251257424842,19.16405548923289,19.004018264839214,19.086926031931036,50000
2014-11-06,19.086926031931036,19.63779029982053,18.990630554743184,19.48723461773302,50000
2014-11-07,19.48723461773302,19.522727226130456,19.354495201394215,19.38554441284527,50000
2014-11-10,19.38554441284527,19.54200295098054,18.902156909353028,18.96380506726627,50000
2014-11-11,18.96380506726627,19.299327256667524,18.831351119193158,19.206733299730963,80109
2014-11-12,19.206733299730963,19.22932952784372,18.85295749449986,18.91720107698789,50000
2014-11-13,18.91720107698789,18.92346726035945,18.67668419095333,18.81743966427718,50000
2014-11-14,18.81743966427718,19.187814946678493,18.794024923919412,19.107101751051616,50000
2014-11-17,19.107101751051616,19.1691890361019,19.04177528126146,19.12189427294579,62685
2014-11-18,19.12189427294579,19.188628090214316,18.77938054840255,18.8515118597751,73748
2014-11-19,18.8515118597751,18.92883955112911,18.38134142373895,18.513041442168927,50000
2014-11-20,18.513041442168927,18.700713180506458,17.919918396847663,17.96442461817163,82267
2014-11-21,17.96442461817163,18.53852396438886,17.817213344013354,18.511726219173124,50000
2014-11-24,18.511726219173124,18.58957438104667,18.365993675961324,18.410099223055017,72062
2014-11-25,18.410099223055017,18.896037023320623,18.38731882586052,18.823678685724666,50000
2014-11-26,18.823678685724666,19.008449265685258,18.491757056873656,19.007045081154228,50000
2014-11-27,19.007045081154228,19.151033765640495,18.883274601038806,18.907957188343328,106971
2014-11-28,18.907957188343328,19.441504546224184,18.69737150909485,19.419014308182113,50000
2014-12-01,19.419014308182113,19.504609276880313,18.724908130355978,18.815477107682106,74860
2014-12-02,18.815477107682106,18.860325038929744,18.52438338290796,18.59387729860867,95506
2014-12-03,18.59387729860867,18.81273375312199,18.46113894090781,18.70241859951719,70164
2014-12-04,18.70241859951719,18.915658181299147,18.628322841279754,18.89898592837338,50000
2014-12-05,18.89898592837338,18.915450909385378,18.767963719890133,18.819150482547,75829
2014-12-08,18.819150482547,18.916300827518484,18.56101053887462,18.570542741315386,156114
2014-12-09,18.570542741315386,18.61884289576485,18.46234342427973,18.510796535390792,50000
2014-12-10,18.510796535390792,19.164830974936596,18.423977814738663,19.010018556822786,50000
2014-12-11,19.010018556822786,19.503865388786735,19.007947232323513,19.401719833101694,132671
2014-12-12,19.401719833101694,19.512523237531003,19.29265399662875,19.4336739746763,55652
2014-12-15,19.4336739746763,19.97533810040391,19.18993623776242,19.916135830215733,50000
2014-12-16,19.916135830215733,20.365735730593073,19.80307053969555,20.361916589880536,50000
2014-12-17,20.361916589880536,20.532939426150985,19.467862340750393,19.745654156373735,50023
2014-12-18,19.745654156373735,19.948534155674157,19.630752579633413,19.664704229019346,50000
2014-12-19,19.664704229019346,20.038292366218446,19.62802493148525,19.753385982803813,53205
2014-12-22,19.753385982803813,19.7647415377662,19.156409063628438,19.180312853870767,50000
2014-12-23,19.180312853870767,19.60238029012745,18.930338782229907,19.36807098415518,51883
2014-12-24,19.36807098415518,19.422153663211425,19.137663339951704,19.186334267324437,50000
2014-12-25,19.186334267324437,19.29794533297637,18.933565222610863,18.99152703475453,50000
2014-12-26,18.99152703475453,19.49361780380583,18.88286359210222,19.3014015506813,102628
2014-12-29,19.3014015506813,19.444949809150295,18.665848074915296,18.864672515197974,144713
2014-12-30,18.864672515197974,19.112880941198426,18.77230359026443,19.04088507068365,53811
2014-12-31,19.04088507068365,19.279212129153635,19.03802519443553,19.222937512677884,50592
2015-01-01,19.222937512677884,19.25634551077647,19.106087787150763,19.128813764912103,50000
2015-01-02,19.128813764912103,19.175910007023056,18.46948714333144,18.567353920069262,50000
2015-01-05,18.567353920069262,18.62018292644556,17.946240522473822,17.97570716988208,50000
2015-01-06,17.97570716988208,18.485163227560754,17.933636196652955,18.43869246909086,52641
2015-01-07,18.43869246909086,18.460594681738336,17.608682004955742,17.674804383736795,50000
2015-01-08,17.674804383736795,17.881321864251973,17.483383170779096,17.51695665476664,52847
2015-01-09,17.51695665476664,17.642691055005336,17.105198328954177,17.109961717301623,50000
2015-01-12,17.109961717301623,17.183637700356208,17.096357812959937,17.17948503608566,83850
2015-01-13,17.17948503608566,17.56282456461616,16.98541729625921,17.35184517185363,50000
2015-01-14,17.35184517185363,17.637227857373798,17.20435651027834,17.51193638173164,50000
2015-01-15,17.51193638173164,17.93239647889086,17.416052190320947,17.920062548584156,196537
2015-01-16,17.920062548584156,18.964447595198116,17.80916347161538,18.925082338253077,50000
2015-01-19,18.925082338253077,18.936833737396544,18.57961629127424,18.74268873778491,75256
2015-01-20,18.74268873778491,19.07452829689531,18.728911134771074,18.990161920218075,50000
2015-01-21,18.990161920218075,19.020355930347215,18.662098558567568,18.77271573731043,54166
2015-01-22,18.77271573731043,18.776762451494264,18.7260740094802,18.734856199477797,50000
2015-01-23,18.734856199477797,18.901624188763556,18.16460848425054,18.428324604170232,50000
2015-01-26,18.428324604170232,18.435249715805412,18.02578199288546,18.0422508820202,50000
2015-01-27,18.0422508820202,18.318667153048654,17.90768191303494,18.171871374181045,50000
2015-01-28,18.171871374181045,18.385567977601244,17.814509069043122,18.008515545244773,50000
2015-01-29,18.008515545244773,18.076045482038907,17.806905638490502,18.014524543942898,50000
2015-01-30,18.014524543942898,18.539662246790204,17.838364489371653,18.45824485467517,50000
2015-02-02,18.45824485467517,18.96796704143059,18.319700124844125,18.864653210448168,50000
2015-02-03,18.864653210448168,19.01010414350429,18.1424659457502,18.24157893891,59035
2015-02-04,18.24157893891,18.25470937959055,17.991099920040934,18.14665465774492,50000
2015-02-05,18.14665465774492,18.76505398074212,18.12414662473664,18.475538942381654,50000
2015-02-06,18.475538942381654,18.526811671003014,17.98854736274549,18.051619345887453,119109
2015-02-09,18.051619345887453,18.116906802158137,17.962812635090934,18.02482772909322,62498
2015-02-10,18.02482772909322,18.67931732684801,18.007537501128397,18.636002339363245,50000
2015-02-11,18.636002339363245,18.936577271076903,18.442383404663953,18.897447598041012,50000
2015-02-12,18.897447598041012,19.386076083522983,18.799704344283224,19.165192931746034,50000
2015-02-13,19.165192931746034,19.64707105054056,19.071660404825305,19.586844287910893,50000
2015-02-16,19.586844287910893,19.899907229275968,19.52713724238325,19.67278109989635,50000
2015-02-17,19.67278109989635,20.008630681118245,19.6226198938218,19.925839825739747,50000
2015-02-18,19.925839825739747,20.219435093073585,19.88672076541384,20.088832288316414,50000
2015-02-19,20.088832288316414,20.34296338449043,20.027207389622582,20.176010342192384,50000
2015-02-20,20.176010342192384,20.36186514146246,20.13101225604532,20.327052588572737,50000
2015-02-23,20.327052588572737,20.400164848276678,20.309826779819307,20.334213785601403,50000
2015-02-24,20.334213785601403,20.42741178596068,20.04196320172641,20.225127354823123,50000
2015-02-25,20.225127354823123,20.238309587109196,20.013059558334792,20.02959791634041,50000
2015-02-26,20.02959791634041,20.128909391883514,19.724376069469407,19.78542156599546,59745
2015-02-27,19.78542156599546,20.593152381898868,19.756937663547394,20.566922637061783,50000
2015-03-02,20.566922637061783,20.855336288295085,20.433733291233324,20.77595131915904,50000
2015-03-03,20.77595131915904,20.824742549044306,20.170053402478207,20.286293160922327,71051
2015-03-04,20.286293160922327,20.32649975656126,20.110727587688054,20.280050707029535,50000
2015-03-05,20.280050707029535,20.36784444796914,19.95118827561122,20.101341422857065,50000
2015-03-06,20.101341422857065,20.414024098054657,19.985131355473428,20.31881780554783,50000
2015-03-09,20.31881780554783,20.60312008927712,20.277520221713715,20.536466749993895,50000
2015-03-10,20.536466749993895,20.551040228905848,20.372501868742383,20.48246724992043,130409
2015-03-11,20.48246724992043,20.801076263612856,20.375529297972804,20.737770096045605,111422
2015-03-12,20.737770096045605,20.95877127060007,20.592736978070846,20.921939433622597,50000
2015-03-13,20.921939433622597,21.408013269215974,20.869880371183832,21.012275636894024,134105
2015-03-16,21.012275636894024,21.380155230753676,20.974955443946644,21.102725242809875,50000
2015-03-17,21.102725242809875,21.12510763381784,20.9505761570093,21.006281309044713,50000
2015-03-18,21.006281309044713,21.107541059057297,20.85117207858243,20.985535290098113,50000
2015-03-19,20.985535290098113,21.08670613961747,20.804047807034475,20.9309541771683,50000
2015-03-20,20.9309541771683,20.989317800860626,20.88934665086288,20.96782852764134,50000
2015-03-23,20.96782852764134,21.08453429144476,20.835730512781154,20.931286249031004,50000
2015-03-24,20.931286249031004,21.087029734618973,20.759762714921518,20.78724569814094,96299
2015-03-25,20.78724569814094,20.826783988036652,20.573244066079,20.80497007943978,105222
2015-03-26,20.80497007943978,20.97573915386047,20.70691227455041,20.788174841452857,130482
2015-03-27,20.788174841452857,20.80692210985922,20.585322910772188,20.79733366235155,50000
2015-03-30,20.79733366235155,20.911121082326673,20.573742732392905,20.635406521207972,50000
2015-03-31,20.635406521207972,21.079525389031495,20.540018552809475,21.02397940474212,71822
2015-04-01,21.02397940474212,21.446415050629835,20.947959778183883,21.309210731461526,154904
2015-04-02,21.309210731461526,21.6086627866364,21.245073493787057,21.582372571913176,173321
2015-04-03,21.582372571913176,21.699537700422606,21.284301804248365,21.371304194321244,53107
2015-04-06,21.371304194321244,21.391248911045686,21.357291214095305,21.379111483918436,66319
2015-04-07,21.379111483918436,21.419329380300226,21.34338506073879,21.40492412705332,74423
2015-04-08,21.40492412705332,21.42279922307595,21.196670420233307,21.218602413844547,85447
2015-04-09,21.218602413844547,21.325719026522453,21.065993882133718,21.1269708085663,50000
2015-04-10,21.1269708085663,21.20385803694474,20.9824197245139,21.10408815278733,94361
2015-04-13,21.10408815278733,21.857964625135832,21.022339215971726,21.801245949035767,50000
2015-04-14,21.801245949035767,21.880797159309296,21.636881195421108,21.788677334888078,50000
2015-04-15,21.788677334888078,21.880063009699544,21.78373711757741,21.835998083031384,50000
2015-04-16,21.835998083031384,22.5789587372341,21.808943956825853,22.437467664703675,116451
2015-04-17,22.437467664703675,23.29785615878383,22.363582729587737,23.12047489133109,50000
2015-04-20,23.12047489133109,23.4277836980715,22.560040363880468,22.623926103656423,50000
2015-04-21,22.623926103656423,23.00792872593317,22.479161144046596,22.833770708717562,50000
2015-04-22,22.833770708717562,22.923108457523927,22.81427752138892,22.922061870973568,55300
2015-04-23,22.922061870973568,23.098258098884827,22.072910916747116,22.271385100490363,50000
2015-04-24,22.271385100490363,22.343323470814102,21.877139815340858,22.1756006076892,50000
2015-04-27,22.1756006076892,22.480925112697438,22.03682577292802,22.410176633035086,50000
2015-04-28,22.410176633035086,22.506466912683717,22.165593055062264,22.19391903467617,50000
2015-04-29,22.19391903467617,22.56395725985298,22.185213675219213,22.51214586276894,57103
2015-04-30,22.51214586276894,22.952922238576363,22.38399396241269,22.868798442575354,50000
2015-05-01,22.868798442575354,22.96941490487971,22.3210940691431,22.4513928440371,50000
2015-05-04,22.4513928440371,22.66123639398368,22.398484224751865,22.496265642414155,50000
2015-05-05,22.496265642414155,22.70190794848516,22.09295655572508,22.144762697097097,50000
2015-05-06,22.144762697097097,22.168848898458112,21.95688442586992,22.025425033741808,50000
2015-05-07,22.025425033741808,22.040956287969564,21.555490998620577,21.88412044975486,50000
2015-05-08,21.88412044975486,22.441454282831483,21.807201864346787,22.243927839685288,65541
2015-05-11,22.243927839685288,22.769563806270995,22.160431284055626,22.6635177418537,55870
2015-05-12,22.6635177418537,22.70601317225158,22.399594004866994,22.409680338558367,50883
2015-05-13,22.409680338558367,23.09583882990746,22.39348551463697,23.089684539163073,73274
2015-05-14,23.089684539163073,23.125723137834193,23.052075288579204,23.112236013614844,50000
2015-05-15,23.112236013614844,23.77300518729478,23.042310176786657,23.650851678126127,50000
2015-05-18,23.650851678126127,23.827091837730656,23.494701070949038,23.49681052458428,88912
2015-05-19,23.49681052458428,23.58650029249682,22.97811552704121,23.234862220309118,64513
2015-05-20,23.234862220309118,23.271893639026946,22.962438051682305,23.124231039063567,50000
2015-05-21,23.124231039063567,23.18598823171576,22.961637110016955,23.084048944535372,50000
2015-05-22,23.084048944535372,23.542689495155177,22.94689923672736,23.490217133690187,50000
2015-05-25,23.490217133690187,23.56337514416553,23.03486788099097,23.13440404643623,62623
2015-05-26,23.13440404643623,23.66668464669407,23.037628177896845,23.54123940141091,51358
2015-05-27,23.54123940141091,23.750555086598496,23.430914535071878,23.465010058112533,50000
2015-05-28,23.465010058112533,23.791525210171617,23.133381826090694,23.671848441175243,124267
2015-05-29,23.671848441175243,23.7429429670212,23.569746928394455,23.58274973127468,79559
2015-06-01,23.58274973127468,24.183770857324987,23.401336122618574,24.18093793814323,50000
2015-06-02,24.18093793814323,24.21263246306514,23.97330440342564,24.072062150867154,50000
2015-06-03,24.072062150867154,24.31990670912139,23.97166792575765,24.274995874567622,50000
2015-06-04,24.274995874567622,24.48638829874151,24.025222955572513,24.458134116331266,50000
2015-06-05,24.458134116331266,24.57380128487752,24.172021626179387,24.187339940774258,62868
2015-06-08,24.187339940774258,25.13218410004914,24.125204947589406,25.006739949504173,71253
2015-06-09,25.006739949504173,25.114963208669813,24.955248628622943,25.047972763657473,50000
2015-06-10,25.047972763657473,25.347602983152182,24.74458659381223,25.210774335142677,91522
2015-06-11,25.210774335142677,25.516651104981612,25.151659626158136,25.19714800083014,50000
2015-06-12,25.19714800083014,25.21281027330181,25.00434180073607,25.210649554624194,50000
2015-06-15,25.210649554624194,25.483631259246028,25.055999255350415,25.4049728817194,95789
2015-06-16,25.4049728817194,25.63681272223103,25.20173112134382,25.22150120754756,50000
2015-06-17,25.22150120754756,25.538534228919858,25.130295275524844,25.490877791480298,79333
2015-06-18,25.490877791480298,25.627600093865645,25.354517379934475,25.543304103538222,50000
2015-06-19,25.543304103538222,25.888165556518814,25.46312788674245,25.463155084942233,61637
2015-06-22,25.463155084942233,25.738618107340454,25.39497025428686,25.730153781822406,50000
2015-06-23,25.730153781822406,26.009985399398104,25.58025956005177,25.89545584001559,50000
2015-06-24,25.89545584001559,25.93193079107748,25.751345980484857,25.9250747274736,50000
2015-06-25,25.9250747274736,26.13083492208992,25.686381259922584,26.111007983951783,50000
2015-06-26,26.111007983951783,26.111651715333604,26.005483809222035,26.016668740351932,62508
2015-06-29,26.016668740351932,26.123966396456485,25.618871274454442,25.644138247030106,50000
2015-06-30,25.644138247030106,25.718535748443315,25.2243230558998,25.430740804263937,50000
2015-07-01,25.430740804263937,25.668701372323213,24.975754348218775,25.01158225170148,50000
2015-07-02,25.01158225170148,25.348666483419585,24.88133461661211,25.288923010337335,65098
2015-07-03,25.288923010337335,25.53640405941487,25.268965343726386,25.526712088599748,90248
2015-07-06,25.526712088599748,25.647481593884972,25.06579792363303,25.322766657940797,50000
2015-07-07,25.322766657940797,25.346991347421465,24.60571112223283,24.64153345147809,50439
2015-07-08,24.64153345147809,24.82674040449173,23.62479805052326,23.746319673449126,50607
2015-07-09,23.746319673449126,24.328852411723155,23.702076592313567,24.289218150014023,52552
2015-07-10,24.289218150014023,24.568306147115575,24.15911322403104,24.390558692047588,50000
2015-07-13,24.390558692047588,24.572662921236276,24.1804676708967,24.405366873546214,50000
2015-07-14,24.405366873546214,24.580720007503274,24.175394138805707,24.264428111863698,71209
2015-07-15,24.264428111863698,24.956527081281877,24.229389401160464,24.807424600281,61352
2015-07-16,24.807424600281,24.863922648407474,24.768975695835046,24.852633274234194,65416
2015-07-17,24.852633274234194,25.02285878538271,24.570702554657487,24.89766734723242,127192
2015-07-20,24.89766734723242,25.468178516225194,24.75877079000019,25.378199019926313,50000
2015-07-21,25.378199019926313,25.543719262088686,25.349904831802284,25.455011316328573,50000
2015-07-22,25.455011316328573,25.77766482458138,25.280710273656545,25.419319590900567,51966
2015-07-23,25.419319590900567,25.666424698136986,24.93278945590554,25.185640856338928,54725
2015-07-24,25.185640856338928,25.270323203263775,24.878981401608442,24.942800620911967,50000
2015-07-27,24.942800620911967,25.053555323598612,24.32796319062912,24.66144354563553,50000
2015-07-28,24.66144354563553,25.217627363957423,24.546192882291418,25.00918483545246,50000
2015-07-29,25.00918483545246,25.244084573547493,25.008422129814896,25.212410898921995,50000
2015-07-30,25.212410898921995,25.44516656007363,25.17274861509343,25.35013619322607,61886
2015-07-31,25.35013619322607,25.63814171835351,25.290028842430697,25.573512243317072,50000
2015-08-03,25.573512243317072,25.860904863569115,25.50347187680185,25.820405894434252,50000
2015-08-04,25.820405894434252,26.110071733072882,25.702396601606313,25.994056914028775,50000
2015-08-05,25.994056914028775,26.503187092953464,25.871000493025075,26.398385989956072,65342
2015-08-06,26.398385989956072,26.583635564533648,26.301097446007297,26.358440069656716,50000
2015-08-07,26.358440069656716,26.846235934138342,26.27646765774226,26.79544097935621,50000
2015-08-10,26.79544097935621,26.816734345530485,26.040833340552815,26.311941581051155,50000
2015-08-11,26.311941581051155,26.624381752809665,26.06130464520742,26.067879245877766,65853
2015-08-12,26.067879245877766,26.230058361488016,25.93712456668333,26.15522972965508,50000
2015-08-13,26.15522972965508,26.819284123387973,25.941109633688914,26.62283129674136,50000
2015-08-14,26.62283129674136,26.940381877581736,26.072861066524343,26.21322438030898,122064
2015-08-17,26.21322438030898,26.475841792611398,25.99196143629932,26.462859568014686,77611
2015-08-18,26.462859568014686,26.591591080814883,26.180959490743458,26.368176297530894,50000
2015-08-19,26.368176297530894,26.51257654309444,26.306805226006485,26.374551105311177,50000
2015-08-20,26.374551105311177,26.471158465855737,25.728477388279792,25.901337580488658,50000
2015-08-21,25.901337580488658,26.33121729889422,25.87135353780492,26.203516680048107,50000
2015-08-24,26.203516680048107,26.96523260916027,25.900751008418315,26.80506306525657,50000
2015-08-25,26.80506306525657,26.99277145586315,26.732068587218937,26.750120486335145,78918
2015-08-26,26.750120486335145,26.77696826126989,26.23425240969856,26.392715911089386,56220
2015-08-27,26.392715911089386,26.406700488258643,25.721371465032227,26.035591849295034,50000
2015-08-28,26.035591849295034,26.073611486911314,25.674277141189826,25.86481457217337,69494
2015-08-31,25.86481457217337,26.630478097603977,25.83637331110076,26.343027086050363,92610
2015-09-01,26.343027086050363,26.357158201668824,26.05591646082577,26.13466756886597,50000
2015-09-02,26.13466756886597,26.418520090609206,26.04679152244225,26.19858393742618,50931
2015-09-03,26.19858393742618,26.962217543497577,26.15373778163359,26.889734636256183,89412
2015-09-04,26.889734636256183,27.11091774184269,26.734848910603688,26.838315217548462,50000
2015-09-07,26.838315217548462,26.925016185738247,26.53552223513569,26.715476602845786,50000
2015-09-08,26.715476602845786,27.201944183802325,26.517534856859328,26.73142187015132,50000
2015-09-09,26.73142187015132,26.82024849642618,26.446366921833686,26.75112556196484,53897
2015-09-10,26.75112556196484,27.456486634566648,26.592744304696158,27.20997005695921,50000
2015-09-11,27.20997005695921,27.339141591308852,26.78993363306363,26.93820312270423,56664
2015-09-14,26.93820312270423,26.974081392499272,26.895269788681535,26.920206209247784,50000
2015-09-15,26.920206209247784,27.309296068728695,26.608262683937948,26.849139618052753,50000
2015-09-16,26.849139618052753,27.17272205381257,26.65041240885786,26.738105914935254,50000
2015-09-17,26.738105914935254,26.990157468413884,26.48242218654057,26.964164003935,50000
2015-09-18,26.964164003935,27.048163488623345,26.510617169779692,26.732118523688186,53350
2015-09-21,26.732118523688186,26.79606066423597,26.65337193362045,26.70674500328295,50000
2015-09-22,26.70674500328295,26.748056229128082,26.464739633094013,26.59342179382492,50000
2015-09-23,26.59342179382492,26.632027282282284,26.08560606044118,26.20449200964364,55888
2015-09-24,26.20449200964364,26.263016429991342,25.962659662482128,25.97757349109492,50000
2015-09-25,25.97757349109492,26.2414538610526,25.371191979306143,25.525357166604326,50000
2015-09-28,25.525357166604326,25.864522897510234,25.417127863176027,25.740628349455154,50000
2015-09-29,25.740628349455154,25.825647089369053,24.926125004930164,25.21250893066818,50000
2015-09-30,25.21250893066818,25.3541214390887,25.031471183809533,25.11137697792538,50000
2015-10-01,25.11137697792538,25.18945118917005,24.810590898403323,24.874406576022075,50000
2015-10-02,24.874406576022075,24.916327006633818,24.678504528736866,24.744372186838213,50000
2015-10-05,24.744372186838213,24.872037714086428,24.706947497970937,24.821182496463166,50000
2015-10-06,24.821182496463166,25.76166585617545,24.796571115972913,25.642812477138914,50000
2015-10-07,25.642812477138914,25.728295579659715,25.51420881369597,25.6946663198639,107186
2015-10-08,25.6946663198639,26.053411609050983,25.541868127300823,25.66284877186616,50000
2015-10-09,25.66284877186616,25.692396328218784,25.60605817674483,25.689076638106524,50000
2015-10-12,25.689076638106524,26.023548776156982,25.39531559714395,25.431005338710367,50000
2015-10-13,25.431005338710367,25.48286864582589,25.389835917849762,25.42216811237574,50000
2015-10-14,25.42216811237574,26.191840713440943,25.31521712004623,25.759084128625492,225860
2015-10-15,25.759084128625492,26.431680595859714,25.582358157648972,26.17518897707607,50062
2015-10-16,26.17518897707607,26.287782002372147,25.849356866942305,25.914084709049426,50000
2015-10-19,25.914084709049426,26.331485323929062,25.554721170324196,26.183942560760354,50000
2015-10-20,26.183942560760354,26.336608139637143,26.074700835041348,26.316076959808893,50000
2015-10-21,26.316076959808893,26.553196603027434,25.456839979483224,25.496903573763248,50000
2015-10-22,25.496903573763248,25.564215379562377,25.093063618255258,25.112379772581864,67545
2015-10-23,25.112379772581864,25.15370764008824,24.955190058450004,25.023623272518638,50000
2015-10-26,25.023623272518638,25.294629186844563,24.969942294962337,24.975388586985517,50000
2015-10-27,24.975388586985517,25.23956844662666,24.94122428399303,25.08437272400069,50000
2015-10-28,25.08437272400069,25.169441576915037,25.06981453037129,25.11533502805955,99144
2015-10-29,25.11533502805955,25.202918324261635,24.93301617694992,24.950568670941646,85266
2015-10-30,24.950568670941646,25.212048939356585,24.82111775366055,25.025196144322333,50000
2015-11-02,25.025196144322333,25.120308237613912,24.008769981876316,24.365515457434,50000
2015-11-03,24.365515457434,24.471693982528066,24.013638910705712,24.024632971020623,50000
2015-11-04,24.024632971020623,24.125031758993487,23.772405793604737,23.79224725533157,91525
2015-11-05,23.79224725533157,23.968963933646204,23.441585484346536,23.63007060100867,50000
2015-11-06,23.63007060100867,24.122862982874906,23.508015177747286,23.95486597136324,50000
2015-11-09,23.95486597136324,24.48673384562238,23.837790784677573,24.396858319496648,50000
2015-11-10,24.396858319496648,24.632085194875746,23.948590914064365,24.124376795231775,50000
2015-11-11,24.124376795231775,24.352101763810907,23.94227333562953,24.02305588533477,50000
2015-11-12,24.02305588533477,24.15480974387972,23.897223170545967,24.124251888595897,50000
2015-11-13,24.124251888595897,24.557620712699162,24.089548101077238,24.425465557662083,50000
2015-11-16,24.425465557662083,24.457533789263294,23.94531857281641,24.216783465965854,50000
2015-11-17,24.216783465965854,24.839171261602036,24.177852323552276,24.80410497260335,50000
2015-11-18,24.80410497260335,24.82426702168471,24.225844232981178,24.58811825512436,50000
2015-11-19,24.58811825512436,25.305057719860585,24.56438620040403,25.084743794866128,50000
2015-11-20,25.084743794866128,25.286024413446253,24.63909258156204,24.812804762896896,76441
2015-11-23,24.812804762896896,25.109965182813756,24.73396076255864,25.004000505021278,50000
2015-11-24,25.004000505021278,25.03416710382348,24.576171954729286,24.744302670422258,166336
2015-11-25,24.744302670422258,24.771613137919427,24.11138861303283,24.317168746825825,50000
2015-11-26,24.317168746825825,25.215430600111485,24.211292139826874,25.027059261474818,50000
2015-11-27,25.027059261474818,25.479672989698066,24.882394455075023,25.454276875801778,50000
2015-11-30,25.454276875801778,25.6776197111193,25.413620071037382,25.573035950635308,50000
2015-12-01,25.573035950635308,25.70547291834231,25.330111661844917,25.600497312127015,98675
2015-12-02,25.600497312127015,25.799311355986113,25.518358269080984,25.702250662497736,50000
2015-12-03,25.702250662497736,26.159417331684338,25.684662448186522,26.013259147577884,50000
2015-12-04,26.013259147577884,26.219669979890288,25.8809024995254,25.929112621466764,82680
2015-12-07,25.929112621466764,26.107547154228126,25.152137213225586,25.41746772017324,86735
2015-12-08,25.41746772017324,25.635867734366748,25.295102585169317,25.634702180777996,50000
2015-12-09,25.634702180777996,25.95097660763065,25.56743908172494,25.84795908090589,54578
2015-12-10,25.84795908090589,26.033789898027557,25.78493431329691,25.89173673882577,55307
2015-12-11,25.89173673882577,26.060753455463864,25.297181521821017,25.394460847174013,91864
2015-12-14,25.394460847174013,25.54891913350466,25.275121286776283,25.325672308299556,50000
2015-12-15,25.325672308299556,25.452872295241004,25.07760326480129,25.220725296308917,63127
2015-12-16,25.220725296308917,25.238371655560304,25.20639533654208,25.20651991740913,50000
2015-12-17,25.20651991740913,25.24657445032639,24.14102777439387,24.283417979165566,136896
2015-12-18,24.283417979165566,24.515102875036195,24.10373459795211,24.132844008824772,50000
2015-12-21,24.132844008824772,24.13466077335257,24.000380823389946,24.073569425479242,50000
2015-12-22,24.073569425479242,24.26389481933559,23.99646794093963,24.144355570881388,75394
2015-12-23,24.144355570881388,24.67998224678499,23.874288473196007,24.613644860320623,50000
2015-12-24,24.613644860320623,24.681013032535812,24.16271510299093,24.291332539021564,50000
2015-12-25,24.291332539021564,24.427576610694466,24.19975924234885,24.243316047961894,50000
2015-12-28,24.243316047961894,24.634241667089594,24.071491119028675,24.536920532602146,50000
2015-12-29,24.536920532602146,24.567863713774,24.325887804279876,24.420910079529637,50000
2015-12-30,24.420910079529637,24.501824620685024,24.329052892867153,24.442794877143253,50000
2015-12-31,24.442794877143253,24.531947553194968,24.314040678451473,24.372791440993232,50000
2016-01-01,24.372791440993232,24.390940100745492,24.089910413521302,24.272175777913866,50000
2016-01-04,24.272175777913866,24.323731056174406,23.93107906158745,24.044964798261727,60535
2016-01-05,24.044964798261727,24.323511041493116,23.888358190664146,23.961506627975727,50000
2016-01-06,23.961506627975727,24.07535235165198,23.844455776516398,23.909719758021776,50000
2016-01-07,23.909719758021776,23.952339686820306,23.69690296371315,23.82925600574665,50000
2016-01-08,23.82925600574665,24.167785115584145,23.817641249839596,24.01202365100597,50000
2016-01-11,24.01202365100597,24.1813687743366,23.52175354291626,23.700459165351443,50000
2016-01-12,23.700459165351443,24.04077907463201,23.68370084588972,24.023839667378006,50000
2016-01-13,24.023839667378006,24.06982165994922,23.283888785896643,23.63368810441243,50000
2016-01-14,23.63368810441243,23.70037433133159,23.09490698478107,23.227662432740807,50000
2016-01-15,23.227662432740807,23.366426092860035,23.048631454024324,23.062249192656523,50000
2016-01-18,23.062249192656523,23.25282349314905,22.93572571339185,23.08553115320863,50000
2016-01-19,23.08553115320863,23.51773751837,23.054626777081708,23.43122679003437,50000
2016-01-20,23.43122679003437,23.714899957596156,22.85811976345735,22.93254563421054,50000
2016-01-21,22.93254563421054,23.06408519798749,22.6717732691437,22.949684939873052,66352
2016-01-22,22.949684939873052,23.231635251674028,22.879955637460043,23.13910229115858,90164
2016-01-25,23.13910229115858,23.24062497059902,23.080502963979086,23.198919768142204,50000
2016-01-26,23.198919768142204,23.3609622201374,22.84470484146376,23.004289851171333,50000
2016-01-27,23.004289851171333,23.114585926878316,22.753145159097897,23.106916306052984,78640
2016-01-28,23.106916306052984,23.267648688984103,22.973121372464906,23.04553712951238,72521
2016-01-29,23.04553712951238,23.244259412922883,22.854523461889684,22.93330975228883,50000
2016-02-01,22.93330975228883,23.05567382933196,22.289449390552047,22.428736866229617,50000
2016-02-02,22.428736866229617,22.724919219161166,22.39708055856109,22.63518593670464,53856
2016-02-03,22.63518593670464,22.664238207928637,22.459554450095,22.553637340122677,50000
2016-02-04,22.553637340122677,22.82680329576193,22.275848418643292,22.542473153768697,50000
2016-02-05,22.542473153768697,22.708425711144773,22.05281847568123,22.1614557018201,93655
2016-02-08,22.1614557018201,22.29225573890306,21.728713697842377,21.780540822122305,50000
2016-02-09,21.780540822122305,21.946019557326128,21.460303883044126,21.565536936289135,50000
2016-02-10,21.565536936289135,21.67691486886028,21.0678788622926,21.157583394204106,85777
2016-02-11,21.157583394204106,21.563327073481926,21.132098107732162,21.476014226279734,50000
2016-02-12,21.476014226279734,22.022933551636353,21.368023791030375,21.96690505132762,50000
2016-02-15,21.96690505132762,21.996796606982592,21.62600094863773,21.66482220477989,52482
2016-02-16,21.66482220477989,21.81971879120951,21.65404043136649,21.696619798400715,50000
2016-02-17,21.696619798400715,21.736339205902443,21.582107719639748,21.58539141037868,50000
2016-02-18,21.58539141037868,21.683708698268063,21.47620357342638,21.518263993890464,50000
2016-02-19,21.518263993890464,21.672903477566255,21.3670978672386,21.59538941051152,50000
2016-02-22,21.59538941051152,21.619799523104042,21.537691485504315,21.539444421222534,56646
2016-02-23,21.539444421222534,22.018876475732203,21.32754515051166,21.895016422239376,125702
2016-02-24,21.895016422239376,22.029370839994293,21.716801286752503,21.996811161582134,50000
2016-02-25,21.996811161582134,22.109506022538085,21.77277278334051,21.978545767949633,86657
2016-02-26,21.978545767949633,22.434746633009855,21.850048893262006,22.213874140458543,50000
2016-02-29,22.213874140458543,22.362904090322246,21.864889253304053,21.997355513368518,50000
2016-03-01,21.997355513368518,22.287395133616748,21.952115828751225,22.26044750654939,50000
2016-03-02,22.26044750654939,22.732636087600955,22.18981551503063,22.709875671236016,72494
2016-03-03,22.709875671236016,22.97800341958471,22.495516602314993,22.612190339758587,92245
2016-03-04,22.612190339758587,22.80188350836121,22.546890849292804,22.70995809178467,79304
2016-03-07,22.70995809178467,22.91891844564413,22.685271232288713,22.715062071117682,101550
2016-03-08,22.715062071117682,22.76206807835174,22.581795376520784,22.68013613091326,50000
2016-03-09,22.68013613091326,22.755828257239262,22.500633271042023,22.5039541537282,50000
2016-03-10,22.5039541537282,22.66952481472897,21.896067904088973,22.091922339161194,85115
2016-03-11,22.091922339161194,22.170604151590897,21.97218582444684,22.116615753312328,50000
2016-03-14,22.116615753312328,22.248080968091003,22.054720763055037,22.235168459499544,50000
2016-03-15,22.235168459499544,22.28887653810992,21.6010611267018,21.694610829634644,50000
2016-03-16,21.694610829634644,21.742177716071204,21.54122135733716,21.64755514843072,78914
2016-03-17,21.64755514843072,21.957324069928756,21.243607659248244,21.422612197764952,50000
2016-03-18,21.422612197764952,21.69471572890684,21.345571292226946,21.624331590132893,50000
2016-03-21,21.624331590132893,21.718566245434417,21.618561690845972,21.62424958967527,50000
2016-03-22,21.62424958967527,21.713495888492968,21.537930019787517,21.701597216380225,50000
2016-03-23,21.701597216380225,21.93008868053242,21.578359228035843,21.604515122590517,50000
2016-03-24,21.604515122590517,21.933617006560535,21.461849858781694,21.795040351262404,50000
2016-03-25,21.795040351262404,22.11772212186203,21.75216048419401,21.950329736888257,50000
2016-03-28,21.950329736888257,21.964522868970032,21.12640538432783,21.262938755905957,95351
2016-03-29,21.262938755905957,21.38453148986826,21.013615442513544,21.155745245792232,67936
2016-03-30,21.155745245792232,21.317512986023722,21.076340205744152,21.094399015006374,50000
2016-03-31,21.094399015006374,21.34427464639838,21.070095443371244,21.213406406592608,50000
2016-04-01,21.213406406592608,21.25314198681214,21.092932342624135,21.178808374146094,72308
2016-04-04,21.178808374146094,21.355381305819787,20.966578830486608,21.17993750705191,68041
2016-04-05,21.17993750705191,21.47740358842786,20.952845333405765,21.02985327470954,50000
2016-04-06,21.02985327470954,21.065239864935084,20.960952535113424,21.01145371894532,50000
2016-04-07,21.01145371894532,21.296351678854503,20.913278327377366,21.052663161607143,50000
2016-04-08,21.052663161607143,21.593811354844448,20.929075424736954,21.42268633520662,50000
2016-04-11,21.42268633520662,21.425649096456734,20.870880166445556,20.914097966868642,77590
2016-04-12,20.914097966868642,21.359582735638245,20.795894909477788,21.255696107993327,87117
2016-04-13,21.255696107993327,21.579106973719362,21.227381236409816,21.5755339250878,116814
2016-04-14,21.5755339250878,21.67366891649432,21.21887053129619,21.296393861371268,50000
2016-04-15,21.296393861371268,21.32157237442837,20.96824161429947,20.987493459016846,50000
2016-04-18,20.987493459016846,21.33376012350696,20.925675242285724,21.28895084413095,50000
2016-04-19,21.28895084413095,21.301956244237385,21.1334450859063,21.265761167117375,50000
2016-04-20,21.265761167117375,21.529284800707646,21.159443404276637,21.487790044904063,66191
2016-04-21,21.487790044904063,21.551217838093248,21.122222827748782,21.193896178238326,80697
2016-04-22,21.193896178238326,21.297260073159034,21.094804076892835,21.274286107854476,50000
2016-04-25,21.274286107854476,21.959734818155635,21.26649460875036,21.680397625870842,63383
2016-04-26,21.680397625870842,21.85883581821081,21.461117596992693,21.697796764847855,70094
2016-04-27,21.697796764847855,21.856588019456666,21.303905626709348,21.562098428176817,50000
2016-04-28,21.562098428176817,21.77965283928668,21.424738675496176,21.660779722551148,50000
2016-04-29,21.660779722551148,21.94102825729438,21.41019370833842,21.421465828045488,50000
2016-05-02,21.421465828045488,21.538468039365583,21.328326927304754,21.452300852247777,50000
2016-05-03,21.452300852247777,22.139582376976183,21.42606526472795,21.951052052260604,50000
2016-05-04,21.951052052260604,22.344743745687005,21.7326400261819,22.112118456809924,367090
2016-05-05,22.112118456809924,22.397527425228944,21.595678290360645,21.602909041713744,50000
2016-05-06,21.602909041713744,21.831505633221322,21.39769243453015,21.473791224388417,50000
2016-05-09,21.473791224388417,21.537784362376758,21.259319908959064,21.348486920800934,50000
2016-05-10,21.348486920800934,21.3836685574073,20.717092208698503,20.8202138189792,50000
2016-05-11,20.8202138189792,20.985520545471328,20.6913426304742,20.965986948014802,50000
2016-05-12,20.965986948014802,21.460869119504682,20.877050882434585,21.382004737257077,65240
2016-05-13,21.382004737257077,21.994144299705823,21.178992636597965,21.886906794146114,50000
2016-05-16,21.886906794146114,21.985397051115992,21.27482209430072,21.30613319377176,50000
2016-05-17,21.30613319377176,21.494057329420148,21.21543847098746,21.403982209409552,50000
2016-05-18,21.403982209409552,21.652396521938684,21.37964003339141,21.588282969338177,50000
2016-05-19,21.588282969338177,21.682074825169373,21.228446322174886,21.343714931825062,50000
2016-05-20,21.343714931825062,21.5945103533521,21.243830363168357,21.387168731684557,50000
2016-05-23,21.387168731684557,21.84469611514867,21.15751046677374,21.620093583472748,132148
2016-05-24,21.620093583472748,21.756129955784868,21.555383644407836,21.59223247924016,50000
2016-05-25,21.59223247924016,21.862725638761926,21.286891478243113,21.463151483949474,138307
2016-05-26,21.463151483949474,21.543038695541554,20.76334018025403,20.84515185223982,50000
2016-05-27,20.84515185223982,21.22497537261297,20.83151956457121,20.981440778141586,108221
2016-05-30,20.981440778141586,21.092073950150592,20.69463092670205,20.74006251916808,50000
2016-05-31,20.74006251916808,20.93026483667131,20.40629452624603,20.515927091804024,186283
2016-06-01,20.515927091804024,20.64016920555919,20.037534662731264,20.233174392330422,50000
2016-06-02,20.233174392330422,20.242832673009453,19.960752657007983,19.990175670285204,50000
2016-06-03,19.990175670285204,20.172714077143883,19.041218597330566,19.302146955485572,50000
2016-06-06,19.302146955485572,19.472831171186264,19.223871249501226,19.34393691423099,50000
2016-06-07,19.34393691423099,19.694472688240584,19.30464743847816,19.66307242788553,84355
2016-06-08,19.66307242788553,19.820324842511422,19.245336711715098,19.354573720141495,50000
2016-06-09,19.354573720141495,19.37868754559536,19.050890370295384,19.106359914874815,50000
2016-06-10,19.106359914874815,19.191082564776256,18.764194755780373,18.91441047263467,50000
2016-06-13,18.91441047263467,18.923114227141806,18.431960734166424,18.499503798595907,50000
2016-06-14,18.499503798595907,18.571221048313642,18.261492549056694,18.31899903595388,50000
2016-06-15,18.31899903595388,18.92807923601961,18.27969573088503,18.763885852014603,50000
2016-06-16,18.763885852014603,18.94365643727824,18.74180202449129,18.76765011844752,50000
2016-06-17,18.76765011844752,19.28590403106329,18.683710812770524,19.230171789145427,50000
2016-06-20,19.230171789145427,19.40037790640841,18.98006380943731,19.0113992138786,50000
2016-06-21,19.0113992138786,19.021538267021683,18.887310108697907,18.940460843603585,50000
2016-06-22,18.940460843603585,18.95712399925424,18.787850825902684,18.939530751034106,50000
2016-06-23,18.939530751034106,19.187173683882612,18.82521927866895,19.186367219131107,50000
2016-06-24,19.186367219131107,19.26109923350984,19.072256217842124,19.108510633733456,50000
2016-06-27,19.108510633733456,19.21827656730192,18.460442579907152,18.55894013966709,66495
2016-06-28,18.55894013966709,18.571707146517802,18.282615024415495,18.513534324954854,50000
2016-06-29,18.513534324954854,18.810319801011534,18.44723122635418,18.650105847281676,268357
2016-06-30,18.650105847281676,18.944870792602046,18.55606913086273,18.7974634680666,50000
2016-07-01,18.7974634680666,18.85280096757577,18.773429063352967,18.84714566158269,50000
2016-07-04,18.84714566158269,18.966958142010057,18.70762230180082,18.785812827653665,50000
2016-07-05,18.785812827653665,19.446536775308104,18.71603233375731,19.407326647424775,50000
2016-07-06,19.407326647424775,19.419137893619652,18.562889229589,18.862647171834666,50272
2016-07-07,18.862647171834666,19.141616361578098,18.70176203025661,18.99400508891443,80145
2016-07-08,18.99400508891443,19.01856281950947,18.675475591293925,18.771947681447067,50000
2016-07-11,18.771947681447067,18.98515404843718,18.599594924958843,18.70526602112689,104024
2016-07-12,18.70526602112689,18.741231885586693,18.581819327845416,18.694338533948834,50000
2016-07-13,18.694338533948834,18.70900684359751,17.944676335524917,18.109301443595946,50000
2016-07-14,18.109301443595946,18.113172915313495,17.938279660304644,17.943148782198524,50000
2016-07-15,17.943148782198524,18.446365801451744,17.92426751401215,18.26560221463055,50000
2016-07-18,18.26560221463055,18.362293864842123,18.24154099538845,18.36113955228485,50000
2016-07-19,18.36113955228485,18.8240023012229,18.317726838724408,18.659419183045028,50000
2016-07-20,18.659419183045028,19.05669329935808,18.603264775711846,19.003410264420957,50000
2016-07-21,19.003410264420957,19.009825401706394,18.879790182527433,18.93685959741887,50000
2016-07-22,18.93685959741887,18.972924917944226,18.406330953785055,18.450583670619096,58761
2016-07-25,18.450583670619096,18.454252196762507,17.47409861502041,17.588757526962322,50000
2016-07-26,17.588757526962322,17.96148906554872,17.539543799696276,17.85926456277687,88437
2016-07-27,17.85926456277687,17.894519047661817,17.8109621891285,17.8410412868576,50000
2016-07-28,17.8410412868576,17.929032779720284,17.66360142495617,17.758641897145377,259611
2016-07-29,17.758641897145377,17.780135045133523,17.582751830400262,17.63208095092468,50000
2016-08-01,17.63208095092468,17.727328776850882,17.417742751464235,17.427698979430343,50000
2016-08-02,17.427698979430343,17.456631279895298,17.274493633637373,17.29530627341551,50000
2016-08-03,17.29530627341551,17.453827286018416,17.2323199206027,17.42295044814813,50000
2016-08-04,17.42295044814813,17.54032897868108,17.376471227133827,17.535429933512432,50000
2016-08-05,17.535429933512432,18.015684599400014,17.379271315322743,18.00504868671331,50000
2016-08-08,18.00504868671331,18.009460458612416,17.378087293463224,17.460977042795516,50000
2016-08-09,17.460977042795516,17.618311145050487,17.34070326202714,17.544706744642024,89880
2016-08-10,17.544706744642024,17.68161644382619,17.492501747714655,17.654108792669074,74822
2016-08-11,17.654108792669074,17.7730100539074,17.586105277171026,17.64680734455537,133577
2016-08-12,17.64680734455537,17.66499806150967,17.439280685763116,17.55910753423227,77563
2016-08-15,17.55910753423227,17.589627568718125,16.97550922268285,17.069598960077375,93733
2016-08-16,17.069598960077375,17.06973893620471,16.86756410503851,16.978955527959204,50000
2016-08-17,16.978955527959204,17.214796221565337,16.939545713034864,17.04113224536441,50000
2016-08-18,17.04113224536441,17.16360951432063,16.820826163528867,16.863841761589928,50000
2016-08-19,16.863841761589928,16.91111572454552,16.652390344966474,16.72175621888859,99576
2016-08-22,16.72175621888859,16.793136712143344,16.45577275394676,16.519743012544744,74247
2016-08-23,16.519743012544744,16.626807841939822,16.274372890813815,16.39121788030772,154655
2016-08-24,16.39121788030772,16.431926779258692,16.3186602531539,16.357416152907707,50000
2016-08-25,16.357416152907707,16.57715570345754,16.202412748360516,16.54636263842204,50000
2016-08-26,16.54636263842204,16.604679017870648,16.490255165404083,16.601247296555385,50000
2016-08-29,16.601247296555385,16.681534474949185,16.057047024846444,16.09515768057714,50000
2016-08-30,16.09515768057714,16.096075991677743,15.682095063079023,15.682155915537848,88989
2016-08-31,15.682155915537848,15.71563873439024,15.590659050421818,15.640605603895455,62466
2016-09-01,15.640605603895455,15.882188541147618,15.579359737676503,15.78833164621565,50000
2016-09-02,15.78833164621565,16.050993669541466,15.643696915154736,16.010314239739476,59115
2016-09-05,16.010314239739476,16.14511810347403,15.818251442394846,16.038789233768057,50000
2016-09-06,16.038789233768057,16.38212791403459,15.950245050223867,16.23497205858192,75516
2016-09-07,16.23497205858192,16.24595504651933,16.10543633700552,16.170203238509835,50000
2016-09-08,16.170203238509835,16.465230294266124,16.141978069991186,16.40555238143798,50000
2016-09-09,16.40555238143798,16.419795130675958,16.195136530764756,16.3144606414034,50000
2016-09-12,16.3144606414034,16.453600338777076,16.029195333311755,16.139634222656607,50000
2016-09-13,16.139634222656607,16.272985190123155,15.972358834422621,16.06147924378334,86163
2016-09-14,16.06147924378334,16.11270190994896,15.806674039335189,15.906967948829656,58704
2016-09-15,15.906967948829656,16.17085904824035,15.66679911829545,16.082695376320377,50000
2016-09-16,16.082695376320377,16.14085875906104,15.829818979234355,15.884832467489915,50000
2016-09-19,15.884832467489915,16.20384908544845,15.882725930980069,16.05390022565751,119548
2016-09-20,16.05390022565751,16.08347823658307,15.802888187247321,15.877468845635725,50000
2016-09-21,15.877468845635725,15.918713272505604,15.703877702619751,15.70699277282972,50000
2016-09-22,15.70699277282972,16.012757258829406,15.640601837200451,15.862780889049167,50000
2016-09-23,15.862780889049167,16.001225350791824,15.154670422255293,15.27376932047384,65544
2016-09-26,15.27376932047384,15.752701768443544,15.180904203189264,15.673893934674272,50000
2016-09-27,15.673893934674272,16.253998027209516,15.563563704160943,16.24116689067071,50000
2016-09-28,16.24116689067071,16.390651213286667,15.803976432346037,15.925518463858422,50000
2016-09-29,15.925518463858422,15.98928751649876,15.707984073318803,15.714383763912242,50000
2016-09-30,15.714383763912242,15.743231851463518,15.645260033467656,15.64722799625066,50000
2016-10-03,15.64722799625066,15.869957519240643,15.594737162349041,15.835524986498932,51242
2016-10-04,15.835524986498932,15.86640245640621,15.48121758760122,15.52600344537431,50000
2016-10-05,15.52600344537431,15.757299121445651,15.192461771998374,15.300282433107148,50000
2016-10-06,15.300282433107148,15.329209560386197,15.028592252513377,15.088501970161055,50000
2016-10-07,15.088501970161055,15.27358738393537,15.005289342253668,15.23600084082961,50000
2016-10-10,15.23600084082961,15.312247748855564,14.912085984497995,14.925303240726237,50000
2016-10-11,14.925303240726237,15.0592438310192,14.707476734135358,14.77465777866918,128241
2016-10-12,14.77465777866918,15.162238976124463,14.719536580754255,15.15679142782786,50000
2016-10-13,15.15679142782786,15.605166841347172,15.116257014105102,15.593852988204366,59988
2016-10-14,15.593852988204366,15.678862959797279,15.417966646199941,15.464883443449828,50000
2016-10-17,15.464883443449828,15.927616649242037,15.368780415551345,15.7724133023591,50000
2016-10-18,15.7724133023591,15.79715809690203,15.671697491005212,15.744115327664751,134091
2016-10-19,15.744115327664751,16.265709041176745,15.693754233599483,16.256472718235838,50000
2016-10-20,16.256472718235838,16.490073136329844,16.07062524755548,16.429811589073203,88442
2016-10-21,16.429811589073203,16.510924969532418,16.156628191020182,16.213385180017163,64625
2016-10-24,16.213385180017163,16.270694433012313,15.963209101820008,15.975457972346744,50000
2016-10-25,15.975457972346744,16.398411074425628,15.814143423884273,16.302618336013538,50000
2016-10-26,16.302618336013538,16.42966177386283,16.12648217047747,16.161214116363624,50000
2016-10-27,16.161214116363624,16.707806222733343,16.035430560376586,16.5609755886502,50000
2016-10-28,16.5609755886502,16.828319433554697,16.529438706189914,16.64599171420056,50000
2016-10-31,16.64599171420056,16.884913297721226,16.612472587547142,16.814045751379908,50000
2016-11-01,16.814045751379908,16.85365428495636,16.08053568649461,16.117734219668595,50000
2016-11-02,16.117734219668595,16.299330320297077,16.032737478261087,16.130492775767053,50000
2016-11-03,16.130492775767053,16.44915988343622,16.007642377930072,16.307574476798667,50000
2016-11-04,16.307574476798667,16.73315363480749,16.130452449217714,16.513622655408177,50000
2016-11-07,16.513622655408177,17.254256120940884,16.28175665002883,16.98752872674591,50000
2016-11-08,16.98752872674591,17.240522641416643,16.55481428864867,16.656600920085392,50000
2016-11-09,16.656600920085392,16.90077014458296,16.493473825790826,16.72799128368076,50000
2016-11-10,16.72799128368076,17.32578512426553,16.537338915988133,17.32304608719998,97886
2016-11-11,17.32304608719998,17.391791662837175,16.862270866225252,17.002611688754953,50000
2016-11-14,17.002611688754953,17.09688276630436,16.629745595130974,16.715659352889492,50000
2016-11-15,16.715659352889492,17.126104979026863,16.64321213522638,16.897632351997167,68201
2016-11-16,16.897632351997167,16.931053202550505,16.868433279789283,16.925614678254195,96485
2016-11-17,16.925614678254195,16.93062283280295,16.461742338627015,16.62957572800214,50000
2016-11-18,16.62957572800214,16.657950631586903,16.42938592181332,16.470051707084334,50000
2016-11-21,16.470051707084334,16.570200899571972,16.216085991552628,16.245065503701678,50000
2016-11-22,16.245065503701678,16.26204190652002,16.121709584239948,16.25751935045951,50000
2016-11-23,16.25751935045951,16.30923990448435,16.076690895000688,16.2764978721637,106597
2016-11-24,16.2764978721637,16.39591171119873,16.06398678983991,16.105085266272066,54546
2016-11-25,16.105085266272066,16.179758591286486,15.939537559035847,16.000082573858805,77474
2016-11-28,16.000082573858805,16.030263564388004,15.753755720660793,15.822111466890606,68239
2016-11-29,15.822111466890606,15.83012878826725,15.531030154207546,15.562021969959233,50000
2016-11-30,15.562021969959233,15.780467966421913,15.47682173603286,15.748324986175966,50000
2016-12-01,15.748324986175966,15.974206726267958,15.675215274314851,15.905261464033845,50000
2016-12-02,15.905261464033845,16.012293083303444,15.268018034267,15.320383522682938,106865
2016-12-05,15.320383522682938,15.4882840388524,15.286147455644125,15.451357930362683,130662
2016-12-06,15.451357930362683,15.666518918777822,15.256210738000961,15.274237017083559,50000
2016-12-07,15.274237017083559,15.450081886661435,15.2443901783433,15.381393048533843,50000
2016-12-08,15.381393048533843,15.721676478651023,15.330591378676239,15.583632017620863,50000
2016-12-09,15.583632017620863,15.599692129984613,15.390521458926871,15.408904894698681,50000
2016-12-12,15.408904894698681,15.437827834561729,14.964671487601246,14.996722622068322,50000
2016-12-13,14.996722622068322,15.03917858542777,14.70879171797787,14.814211245420548,50000
2016-12-14,14.814211245420548,14.967514588528328,14.480220776637257,14.562891857248383,61030
2016-12-15,14.562891857248383,14.606991385887982,14.388307805519956,14.395463333967225,265837
2016-12-16,14.395463333967225,14.996625300974634,14.375222298282734,14.777670022020478,50000
2016-12-19,14.777670022020478,15.442448038488125,14.757769614379558,15.360923487303074,50000
2016-12-20,15.360923487303074,15.944502127587992,15.277419258467573,15.918265678501013,50000
2016-12-21,15.918265678501013,16.04051708055699,15.61276474244206,15.666948053057848,50000
2016-12-22,15.666948053057848,15.769295895621367,15.629110883619846,15.724728400965114,64422
2016-12-23,15.724728400965114,15.816061496276285,15.031440913204877,15.046822231390367,50000
2016-12-26,15.046822231390367,15.677696192132077,15.018335329036345,15.587851148418075,50000
2016-12-27,15.587851148418075,16.057390579847205,15.581956730773264,16.01235578422523,50000
2016-12-28,16.01235578422523,16.128917109473687,15.912934192062417,16.080772087218723,155807
2016-12-29,16.080772087218723,16.23087808623958,15.81634260543884,15.817278686584881,50000
2016-12-30,15.817278686584881,15.934597727951015,15.73452208926131,15.784233328885158,50000
2017-01-02,15.784233328885158,16.107738888525493,15.618525879672895,15.979053971836027,146194
2017-01-03,15.979053971836027,16.213646522645952,15.76556010974325,16.058629706389482,50000
2017-01-04,16.058629706389482,16.110659837317893,16.026105224440776,16.052072724854533,62610
2017-01-05,16.052072724854533,16.268711898246192,15.924728960472043,16.136138108524936,50000
2017-01-06,16.136138108524936,16.317064363495685,15.966227338431585,16.198025664947107,50000
2017-01-09,16.198025664947107,16.345455939303655,15.939036482208529,15.978114963586307,50000
2017-01-10,15.978114963586307,16.03222092034644,15.769597338774979,15.871879478063848,57821
2017-01-11,15.871879478063848,16.11769601723711,15.749630887134897,16.08811427001083,70475
2017-01-12,16.08811427001083,16.435145970745616,16.025507283166665,16.29301472721412,50000
2017-01-13,16.29301472721412,16.421913591586666,16.1926475347081,16.299968455295037,50000
2017-01-16,16.299968455295037,16.481213641285485,16.09264262347611,16.39164155799927,50000
2017-01-17,16.39164155799927,16.480197886228083,16.31338410345653,16.393298771805938,50000
2017-01-18,16.393298771805938,16.54493330932407,16.325119726988902,16.3838126171615,159221
2017-01-19,16.3838126171615,16.508628974574798,16.217088573342032,16.22756658186306,50000
2017-01-20,16.22756658186306,16.28413534720921,16.126197363770636,16.162852544484664,82978
2017-01-23,16.162852544484664,16.30033143010189,16.045030233199796,16.083080912882313,68206
2017-01-24,16.083080912882313,16.198797360974478,15.931211218106588,16.118434047016997,50000
2017-01-25,16.118434047016997,16.169290018138774,15.588317462179582,15.656048501752432,50000
2017-01-26,15.656048501752432,15.701137011181336,15.48899313432547,15.533643859161037,50000
2017-01-27,15.533643859161037,15.562694134430055,14.900714353872706,14.974566945942383,77273
2017-01-30,14.974566945942383,15.068566192286264,14.740514591933719,14.762956001347458,50000
2017-01-31,14.762956001347458,14.77144885069194,14.334723005358494,14.49362279418235,59959
2017-02-01,14.49362279418235,14.75168683502075,14.270076987226343,14.303076254379079,55324
2017-02-02,14.303076254379079,14.374081220504682,14.060602005011207,14.073689944842194,50000
2017-02-03,14.073689944842194,14.0825524564613,13.671562033134007,13.81081360775167,50000
2017-02-06,13.81081360775167,14.007920259949783,13.732137037788215,13.919402077779244,62573
2017-02-07,13.919402077779244,13.947686919158368,13.813617491511412,13.882642495094155,50000
2017-02-08,13.882642495094155,14.128699034033602,13.850746642129575,14.012859638136744,97193
2017-02-09,14.012859638136744,14.062542460864083,13.792257115503041,13.857481123946803,50000
2017-02-10,13.857481123946803,14.353060709351638,13.803855524011698,14.328677156527599,69580
2017-02-13,14.328677156527599,14.57318993376821,14.308058207400173,14.46846214175953,50000
2017-02-14,14.46846214175953,14.650656699431606,14.462266144334972,14.569855669809344,50000
2017-02-15,14.569855669809344,14.675661980670522,14.39817853863231,14.53275420250737,50000
2017-02-16,14.53275420250737,14.625689361483245,14.143659005802425,14.253386628623415,50000
2017-02-17,14.253386628623415,14.350557061396687,14.135220234327983,14.271897236447876,50000
2017-02-20,14.271897236447876,14.272745354068439,13.911870437948108,14.02225940160138,63275
2017-02-21,14.02225940160138,14.022419073336975,13.74673347476277,13.78671993274285,50000
2017-02-22,13.78671993274285,13.916527047176437,13.783451228558235,13.911854628830424,50000
2017-02-23,13.911854628830424,14.054537132134023,13.88522456210513,13.936350835911146,50000
2017-02-24,13.936350835911146,14.018412636676363,13.748911573095457,13.77475482715815,64657
2017-02-27,13.77475482715815,13.895602617242155,13.753307588834087,13.820401529061844,50000
2017-02-28,13.820401529061844,13.84220108738244,13.455810985638761,13.534608705635994,50000
2017-03-01,13.534608705635994,13.544624527082249,13.326276547361887,13.388069344735316,50000
2017-03-02,13.388069344735316,13.517097064319302,13.383502179398445,13.463038920364182,50000
2017-03-03,13.463038920364182,13.906469783516282,13.387331303430534,13.85543758874798,50000
2017-03-06,13.85543758874798,14.020068471669767,13.78952416934525,13.888478786077576,50000
2017-03-07,13.888478786077576,13.961224355976613,13.81366622522694,13.886578499108634,50000
2017-03-08,13.886578499108634,14.150745008720193,13.702410152748884,13.753755686958218,50000
2017-03-09,13.753755686958218,13.816280321864221,13.185907202005252,13.20270054796318,50000
2017-03-10,13.20270054796318,13.404351586020026,12.925149378002612,12.948454696144848,50000
2017-03-13,12.948454696144848,13.256093776027143,12.829690614045715,13.221993368043474,50000
2017-03-14,13.221993368043474,13.492001558881707,13.206292061835686,13.466537202406688,50000
2017-03-15,13.466537202406688,13.95716449483711,13.403127421259912,13.82908984842199,50000
2017-03-16,13.82908984842199,13.834518058202617,13.664686982844525,13.68841538507478,50000
2017-03-17,13.68841538507478,14.213287502769735,13.68418607554882,14.157044456754862,50000
2017-03-20,14.157044456754862,14.34545213990755,14.122370938916369,14.333715700107499,50000
2017-03-21,14.333715700107499,14.502309288074075,14.200993183619822,14.226772931990274,104217
2017-03-22,14.226772931990274,14.251674901837575,14.042456050632795,14.06873282142081,50000
2017-03-23,14.06873282142081,14.117332809544212,13.570057758113375,13.732219782677925,50000
2017-03-24,13.732219782677925,13.992343913222959,13.693283648945552,13.889223410437898,50000
2017-03-27,13.889223410437898,13.952296255615837,13.68640542454019,13.701256296241132,50000
2017-03-28,13.701256296241132,13.748299751930793,13.465139748693383,13.498750970605682,50000
2017-03-29,13.498750970605682,13.549004307572849,13.208535787256741,13.36132639498737,50000
2017-03-30,13.36132639498737,13.372571895199819,12.898271998446589,13.084969277078404,62592
2017-03-31,13.084969277078404,13.28255889436799,13.018553679213818,13.235152995354527,99665
2017-04-03,13.235152995354527,13.272982892945459,13.130317142031696,13.167778236934199,52460
2017-04-04,13.167778236934199,13.358470116503616,13.140054688509311,13.35154623463397,77559
2017-04-05,13.35154623463397,13.392764653863663,13.155212082119709,13.183385510427012,50000
2017-04-06,13.183385510427012,13.192865441635917,12.943385678600931,12.95501318103478,50000
2017-04-07,12.95501318103478,13.049549538959202,12.483764727786715,12.589337717603833,50000
2017-04-10,12.589337717603833,12.605341218687057,12.502183480900513,12.549011057791141,50000
2017-04-11,12.549011057791141,12.59692800965843,12.451789947669765,12.478986743036769,50000
2017-04-12,12.478986743036769,12.576511693441198,12.132470180568198,12.255999575862301,55254
2017-04-13,12.255999575862301,12.403785305264561,11.94572954997494,12.03262597918966,50000
2017-04-14,12.03262597918966,12.071432704394956,11.4948294291847,11.5097885982226,50000
2017-04-17,11.5097885982226,11.632883350147127,11.455017708388805,11.601321074352773,50000
2017-04-18,11.601321074352773,11.719552670383903,11.215800939871913,11.245620687289557,50000
2017-04-19,11.245620687289557,11.467560167000626,11.238750331395135,11.370100307364973,50000
2017-04-20,11.370100307364973,11.590276308001858,11.262036820965527,11.526355833328676,50000
2017-04-21,11.526355833328676,11.582301285517987,11.222219792167952,11.340631124404045,54306
2017-04-24,11.340631124404045,11.566962314457736,11.165081976893592,11.210398135245613,50000
2017-04-25,11.210398135245613,11.270602714631806,10.931642216518703,10.992622318909588,90301
2017-04-26,10.992622318909588,11.081741567643201,10.854844260298405,11.051962669992804,50000
2017-04-27,11.051962669992804,11.173412325491626,10.984670361881053,11.152242814787689,50000
2017-04-28,11.152242814787689,11.20562238960211,10.877948787161316,10.957367074813764,72242
2017-05-01,10.957367074813764,11.126041150633128,10.516189140702249,10.539337779679201,63441
2017-05-02,10.539337779679201,11.120408481941583,10.471858488489303,11.091282230270087,91344
2017-05-03,11.091282230270087,11.160549877914523,10.653482886101957,10.717333893573949,50000
2017-05-04,10.717333893573949,10.740568011095135,10.635456944602705,10.662074825321122,50000
2017-05-05,10.662074825321122,10.682682345621952,10.447316814740251,10.46347202105992,50000
2017-05-08,10.46347202105992,10.489080177513593,10.391613979008502,10.46568703551687,50000
2017-05-09,10.46568703551687,10.89007377669741,10.455129534153903,10.769813968515201,50000
2017-05-10,10.769813968515201,11.063046105886272,10.655825950675071,10.916714510648228,71468
2017-05-11,10.916714510648228,11.004674844083596,10.553069556653497,10.599263210742192,50000
2017-05-12,10.599263210742192,10.618017334235562,10.532165948849814,10.592560466735247,50000
2017-05-15,10.592560466735247,10.874066389163689,10.507452699053959,10.795828638743645,58475
2017-05-16,10.795828638743645,10.867493779801542,10.560000685396302,10.59823389253271,50000
2017-05-17,10.59823389253271,10.637579410781688,10.553846814443158,10.56825568848364,61147
2017-05-18,10.56825568848364,10.651705272698527,10.550549546850114,10.613947175449699,50000
2017-05-19,10.613947175449699,10.646498520262703,10.089611399308579,10.21769752293041,142267
2017-05-22,10.21769752293041,10.238305723732761,9.960996273970203,10.05776574379426,71597
2017-05-23,10.05776574379426,10.127814238660589,10.00090554159616,10.121058891946436,50000
2017-05-24,10.121058891946436,10.142008189716599,10.080655550185751,10.081977407015993,50000
2017-05-25,10.081977407015993,10.129979532027297,10.011235111976656,10.039580445638398,75444
2017-05-26,10.039580445638398,10.119035817408554,9.671044791155929,9.732623960694175,50000
2017-05-29,9.732623960694175,9.855862570420678,9.683031167284856,9.70130727384268,83854
2017-05-30,9.70130727384268,9.79314023720035,9.593608877106083,9.681423548297811,50000
2017-05-31,9.681423548297811,9.763583503973281,9.674943610514303,9.732446608012248,50000
2017-06-01,9.732446608012248,9.859305903543524,9.47876872585473,9.480431127952855,50000
2017-06-02,9.480431127952855,9.861829232493795,9.470110362541622,9.700766719523148,50000
2017-06-05,9.700766719523148,9.716375298504415,9.521928500266265,9.52845803915102,50000
2017-06-06,9.52845803915102,9.646068471651168,9.403517812579468,9.594061411532547,98941
2017-06-07,9.594061411532547,9.634116363374753,9.013207702758208,9.081228482142379,50000
2017-06-08,9.081228482142379,9.236491774410023,9.067440926558632,9.231212168348977,71668
2017-06-09,9.231212168348977,9.250788516895769,9.10503259526727,9.160574835174621,50000
2017-06-12,9.160574835174621,9.230233848919937,9.076250041556879,9.080973535028376,50000
2017-06-13,9.080973535028376,9.099085432776802,8.90473744442624,8.935091482138937,50000
2017-06-14,8.935091482138937,8.96520329758647,8.258066841713877,8.350886368803373,50000
2017-06-15,8.350886368803373,8.384959645401882,7.9282076813077085,8.004771014526709,50000
2017-06-16,8.004771014526709,8.04630639206958,7.523147311756117,7.527688092312247,50000
2017-06-19,7.527688092312247,7.562931348765079,7.440012343455002,7.50213081946548,58622
2017-06-20,7.50213081946548,7.526834123080438,7.195516190591697,7.224777746821233,50000
2017-06-21,7.224777746821233,7.527434192876753,7.1921485362450435,7.48099676150528,63849
2017-06-22,7.48099676150528,8.071452466019034,7.417103382872391,8.036534199398842,50000
2017-06-23,8.036534199398842,8.095250832515447,8.009909516683575,8.092823936399057,50000
2017-06-26,8.092823936399057,8.111134390244333,7.870180391894288,7.909179044564032,143972
2017-06-27,7.909179044564032,7.914654796622224,7.848758796309826,7.8847970741627575,62517
2017-06-28,7.8847970741627575,7.899869584847537,7.46821243890002,7.506932134165887,50000
2017-06-29,7.506932134165887,7.692672722988237,7.43992532407299,7.6834285025507105,50000
2017-06-30,7.6834285025507105,7.6918305868660894,7.49640031580032,7.499693282292994,63857
2017-07-03,7.499693282292994,7.752692344646817,7.444142697341204,7.743502311707285,50000
2017-07-04,7.743502311707285,7.821457227964542,7.2680232301755465,7.281934137167186,50000
2017-07-05,7.281934137167186,7.346824178460681,7.065639026897319,7.075516424760904,50000
2017-07-06,7.075516424760904,7.079004583349489,6.977468586085182,6.9805710439525255,50000
2017-07-07,6.9805710439525255,7.171820293883075,6.9734425982028245,7.137599627831133,50000
2017-07-10,7.137599627831133,7.159116472856961,6.640476437501427,6.723356987629411,58441
2017-07-11,6.723356987629411,6.8654278222983685,6.681443160379351,6.7965323437816885,50000
2017-07-12,6.7965323437816885,6.856517155391795,6.783120275504679,6.847516630072672,50000
2017-07-13,6.847516630072672,7.07482716751902,6.84146920212361,7.003456383177325,117001
2017-07-14,7.003456383177325,7.035979868519572,6.950935871621352,7.03242080681592,50000
2017-07-17,7.03242080681592,7.092946015631412,6.889185972064091,6.911543620096822,50000
2017-07-18,6.911543620096822,7.054426405019696,6.90577421931027,7.034521823412615,50000
2017-07-19,7.034521823412615,7.050921291356522,6.715903178775367,6.734270264696859,60136
2017-07-20,6.734270264696859,7.218474733005191,6.685441079431784,7.215638982575581,50000
2017-07-21,7.215638982575581,7.4952501304874275,7.183855987704829,7.472705323432279,50000
2017-07-24,7.472705323432279,7.550256776292869,7.469021679678791,7.519078303754566,53113
2017-07-25,7.519078303754566,7.66494048803184,7.489288807656085,7.599720690337949,50000
2017-07-26,7.599720690337949,7.972769508669001,7.57975585253716,7.943117109545978,58265
2017-07-27,7.943117109545978,7.997376668088295,7.8213311177139815,7.829647371370214,50000
2017-07-28,7.829647371370214,7.872761818596463,7.700749935479292,7.758479296324284,50000
2017-07-31,7.758479296324284,7.814151614120304,7.1276864719121455,7.1327345985804325,50000
2017-08-01,7.1327345985804325,7.772276788622004,7.050180076414118,7.734864039535474,86676
2017-08-02,7.734864039535474,8.141589450526014,7.705457196002122,8.131982852068637,50000
2017-08-03,8.131982852068637,8.13324781374347,8.002832877774674,8.058193479752816,50000
2017-08-04,8.058193479752816,8.493212902254676,8.054125414653003,8.362142907172414,50000
2017-08-07,8.362142907172414,8.402572811715036,8.187508456234745,8.240317028553477,50000
2017-08-08,8.240317028553477,8.313553641268692,7.87528605610554,7.9583016363646975,81625
2017-08-09,7.9583016363646975,7.963751422233188,7.760095998682287,7.787241550079144,50000
2017-08-10,7.787241550079144,7.809991174446869,7.755827162711636,7.79857741545153,50000
2017-08-11,7.79857741545153,7.8173859633060285,7.5446146127783305,7.647596275492468,50000
2017-08-14,7.647596275492468,7.719183763828302,7.465069918335639,7.562599585026787,50000
2017-08-15,7.562599585026787,7.630716326837292,7.42799371534862,7.471365729428898,78429
2017-08-16,7.471365729428898,7.499817449451002,7.346229292815105,7.419381694481515,50000
2017-08-17,7.419381694481515,7.457220077417302,7.30543011834688,7.310562855783058,64348
2017-08-18,7.310562855783058,7.591595202513338,7.298422638376296,7.5274668505192555,50000
2017-08-21,7.5274668505192555,7.531431232817993,7.108704551083658,7.124944099729341,50000
2017-08-22,7.124944099729341,7.371905043636499,7.0222142038285185,7.313894100484239,50000
2017-08-23,7.313894100484239,7.331166632353321,7.279821342945386,7.3010327199719285,52792
2017-08-24,7.3010327199719285,7.608866856912357,7.289711056008687,7.531085867612437,50000
2017-08-25,7.531085867612437,7.564350574952961,7.324931791665149,7.3552067281235,50000
2017-08-28,7.3552067281235,7.410298783888568,7.351828267538438,7.3758762981937585,50000
2017-08-29,7.3758762981937585,7.385848409585978,7.194937709521955,7.268725880262086,50000
2017-08-30,7.268725880262086,7.363764964886943,7.267885095401413,7.301872864966425,50000
2017-08-31,7.301872864966425,7.650864642110488,7.298599095807106,7.620468617297309,50000
2017-09-01,7.620468617297309,7.8378493253831065,7.604466700201562,7.82395337499194,51543
2017-09-04,7.82395337499194,7.849144757624172,7.614604717348982,7.684019611298972,72115
2017-09-05,7.684019611298972,7.718550704579287,7.586581719054941,7.606974115751811,59709
2017-09-06,7.606974115751811,7.652080615933102,7.493626955974977,7.550350436811919,50000
2017-09-07,7.550350436811919,7.554038177002965,7.359975675567734,7.400942527023295,102254
2017-09-08,7.400942527023295,7.8228403013219365,7.399180596887309,7.7127306469674535,69592
2017-09-11,7.7127306469674535,7.75686914873647,7.530483377746001,7.551114547350338,50000
2017-09-12,7.551114547350338,7.600736472451562,7.2275775685933255,7.26041763682175,50000
2017-09-13,7.26041763682175,7.504611166871548,7.213550617645975,7.487374158992182,50000
2017-09-14,7.487374158992182,7.636369513324847,7.425232407650488,7.601188985170336,50000
2017-09-15,7.601188985170336,7.62026686010185,6.933843094053676,6.955489361254255,78636
2017-09-18,6.955489361254255,7.5370182663762755,6.870694410017545,7.461947663998079,60295
2017-09-19,7.461947663998079,7.926873145249574,7.457395662452389,7.838117667021201,50000
2017-09-20,7.838117667021201,7.846405045558374,7.57988461037031,7.601435863871852,50000
2017-09-21,7.601435863871852,7.7785860871919414,7.528753918100943,7.742028080262516,50000
2017-09-22,7.742028080262516,7.91410375459213,7.675271931512201,7.904032248640931,53933
2017-09-25,7.904032248640931,8.063406389571156,7.792956766444495,8.015514254988002,50000
2017-09-26,8.015514254988002,8.071766078774376,7.971731560331636,8.035406248808187,50000
2017-09-27,8.035406248808187,8.410501588035316,8.030239821280638,8.34480277053406,50000
2017-09-28,8.34480277053406,8.586594689282673,8.343828369267477,8.579980017139972,50000
2017-09-29,8.579980017139972,8.642070235923669,8.396112343299755,8.472929316371074,50000
2017-10-02,8.472929316371074,8.542888654220123,8.389731750818088,8.41708861453461,109661
2017-10-03,8.41708861453461,8.448764029321348,8.326999918921066,8.348750047853015,58714
2017-10-04,8.348750047853015,8.447634470882937,8.310337765029223,8.444664163119372,50000
2017-10-05,8.444664163119372,8.501092001098556,8.251009581877652,8.255021980815984,50000
2017-10-06,8.255021980815984,8.303543785594211,8.118136368846429,8.163574169774945,77547
2017-10-09,8.163574169774945,8.240106649312763,7.83015435712041,7.867316357205996,50000
2017-10-10,7.867316357205996,7.922189847115676,7.538159759515987,7.579971045438338,50000
2017-10-11,7.579971045438338,7.708261731889173,7.551450003524474,7.68964111280054,50000
2017-10-12,7.68964111280054,7.912205713829127,7.678321461522025,7.886969318823052,50000
2017-10-13,7.886969318823052,8.03139755108103,7.87173329240402,7.991958842053232,95309
2017-10-16,7.991958842053232,8.1005399786868,7.969366012047317,8.07768775538787,261570
2017-10-17,8.07768775538787,8.111948994236503,7.826707230799368,7.863284135759846,174466
2017-10-18,7.863284135759846,8.136993236314252,7.838010314414137,8.07384394097438,174406
2017-10-19,8.07384394097438,8.63872728909471,8.055765219384174,8.608112807729468,57067
2017-10-20,8.608112807729468,8.62102794228783,8.27926901321438,8.310435695951739,50000
2017-10-23,8.310435695951739,8.341871934391865,8.191289091199348,8.200205726398762,50000
2017-10-24,8.200205726398762,8.350558502841121,8.145202935277345,8.25679896000928,52933
2017-10-25,8.25679896000928,8.297750363361834,7.811320603383676,7.8513252784295,132712
2017-10-26,7.8513252784295,7.989770427444316,7.842815010523426,7.940442167288532,108574
2017-10-27,7.940442167288532,7.995098770158444,7.8821195257909435,7.947507914647901,50000
2017-10-30,7.947507914647901,8.000431600341356,7.737379260875577,7.737635141357364,50000
2017-10-31,7.737635141357364,8.100871418269872,7.703124278357963,8.067433433427773,88227
2017-11-01,8.067433433427773,8.129758260690448,7.914555246425327,7.934129023643903,50000
2017-11-02,7.934129023643903,7.973248990860475,7.763196260256894,7.8390191955047035,50000
2017-11-03,7.8390191955047035,7.861856583960276,7.473184125751615,7.502093841811948,50000
2017-11-06,7.502093841811948,7.5388389157938915,7.435581515299288,7.511302838238609,90283
2017-11-07,7.511302838238609,7.533831281256159,7.3667674771253155,7.393958747353156,113334
2017-11-08,7.393958747353156,7.461971514179241,7.288137821073426,7.3511287998778965,50000
2017-11-09,7.3511287998778965,7.397257903595729,7.089646215779539,7.12290028076459,58381
2017-11-10,7.12290028076459,7.158074885824917,6.928462286470414,6.992694375476472,88703
2017-11-13,6.992694375476472,6.996101517495426,6.5678576188136315,6.583761982642924,50000
2017-11-14,6.583761982642924,6.839901723137998,6.564239295671702,6.802912740400191,60533
2017-11-15,6.802912740400191,7.41599623734877,6.7781757884514455,7.348960290295228,50000
2017-11-16,7.348960290295228,7.412972211014557,7.289948260714567,7.314007028070144,50000
2017-11-17,7.314007028070144,7.607172438930929,7.265188486402634,7.505125613525954,61271
2017-11-20,7.505125613525954,7.57025612482047,7.203328317579457,7.229916369780731,50000
2017-11-21,7.229916369780731,7.265451180757822,6.944299812134188,6.96538975629339,50000
2017-11-22,6.96538975629339,7.072879260390828,6.90991754237626,7.066268416853753,50000
2017-11-23,7.066268416853753,7.125487886258994,6.494899212411794,6.505262078978549,50000
2017-11-24,6.505262078978549,6.535006048649917,6.053744257847382,6.068890859982142,50000
2017-11-27,6.068890859982142,6.478073114161968,6.0583418283741635,6.422232739158478,55396
2017-11-28,6.422232739158478,6.433122015731683,6.160015496625619,6.218895426381358,50000
2017-11-29,6.218895426381358,6.370808739883273,6.207156041647813,6.367172414785305,50000
2017-11-30,6.367172414785305,6.537056192415886,6.352301247158031,6.534227068430746,50000
2017-12-01,6.534227068430746,6.713916029793654,6.474374750988785,6.671869479021443,50000
2017-12-04,6.671869479021443,6.7940735188447885,6.618559817303547,6.627927978922788,96133
2017-12-05,6.627927978922788,6.6976392596548715,6.532574219628694,6.557509222636953,50000
2017-12-06,6.557509222636953,6.574801655135131,6.520280169390354,6.570605257282091,72030
2017-12-07,6.570605257282091,6.796839880827361,6.513221368462486,6.778782710741991,50000
2017-12-08,6.778782710741991,6.8146780691471385,6.714540650273507,6.7391111626049,50000
2017-12-11,6.7391111626049,6.7702470280011475,6.52733082266183,6.580133659549338,50000
2017-12-12,6.580133659549338,6.623767735582818,6.4105360189167815,6.42259856075014,50000
2017-12-13,6.42259856075014,6.595982701116804,6.39856218223443,6.4945347923029875,50000
2017-12-14,6.4945347923029875,6.837888147919633,6.4737942272873354,6.809144053452404,50000
2017-12-15,6.809144053452404,6.971872773785055,6.752605160599888,6.9497013020328495,204484
2017-12-18,6.9497013020328495,6.96968616424138,6.8452760838292,6.881646326333881,50000
2017-12-19,6.881646326333881,6.901994575314259,6.785261427643098,6.797896011291621,65774
2017-12-20,6.797896011291621,6.840984608511047,6.4118103733981515,6.431675312545685,50000
2017-12-21,6.431675312545685,6.489577327354906,6.308217927685816,6.310516576974332,50000
2017-12-22,6.310516576974332,6.564361872589356,6.256615510501798,6.4595930345546595,50000
2017-12-25,6.4595930345546595,6.484237182457055,6.41924778141807,6.430041660508604,120401
2017-12-26,6.430041660508604,6.502953667020126,5.987013998166104,6.019947243410837,66390
2017-12-27,6.019947243410837,6.153248609253,5.9995235311746775,6.13864172748719,50000
2017-12-28,6.13864172748719,6.15817263117517,6.082399862168613,6.123537548450273,50000
2017-12-29,6.123537548450273,6.312257574878786,6.055304944859947,6.303274883486591,50000
2018-01-01,6.303274883486591,6.578622802792028,6.290744620983579,6.574334113049474,106392
2018-01-02,6.574334113049474,6.655106905973297,6.468926255756852,6.475599190509758,50000
2018-01-03,6.475599190509758,6.48096528464853,6.237454009115758,6.254369206811341,56024
2018-01-04,6.254369206811341,6.274188416631541,6.104971692863141,6.172294736318098,50000
2018-01-05,6.172294736318098,6.192033357734332,6.066470171646966,6.124483075518888,69061
2018-01-08,6.124483075518888,6.461993911366424,6.074006409090955,6.404579254067935,76807
2018-01-09,6.404579254067935,6.411387404348205,6.28252693674947,6.330887635346649,130335
2018-01-10,6.330887635346649,6.365549144117708,6.191897842081276,6.239127649038145,50000
2018-01-11,6.239127649038145,6.26251838435612,6.223922052866573,6.251403852789676,53317
2018-01-12,6.251403852789676,6.496571750749271,6.190836578865554,6.473089565138472,50000
2018-01-15,6.473089565138472,6.744381555302896,6.44988783023057,6.7305094371891405,50000
2018-01-16,6.7305094371891405,6.739346354277497,6.6632735993274235,6.669222064380721,50000
2018-01-17,6.669222064380721,6.685505342150352,6.556579131644896,6.576953737063162,72083
2018-01-18,6.576953737063162,6.999784624986594,6.5263619389978995,6.958318016955324,63349
2018-01-19,6.958318016955324,7.161728933198907,6.903485398544394,7.136950636858515,78406
2018-01-22,7.136950636858515,7.213545186056675,6.676587134086245,6.679454748929566,66861
2018-01-23,6.679454748929566,7.0052260701829825,6.634779802117692,6.9343736338210835,97220
2018-01-24,6.9343736338210835,6.9926641336084305,6.8495158341850715,6.868839346121542,50000
2018-01-25,6.868839346121542,7.160110655059024,6.857947022726067,7.132467971884422,50000
2018-01-26,7.132467971884422,7.184849876933193,6.95081182199501,6.968770459924891,50000
2018-01-29,6.968770459924891,7.202360602793393,6.943233904144245,7.196107830288439,50000
2018-01-30,7.196107830288439,7.361556851055433,7.181592393103295,7.325870476925355,50000
2018-01-31,7.325870476925355,7.337151547895153,7.1966459988468205,7.232128814720842,50000
2018-02-01,7.232128814720842,7.254101511010521,6.855754660662288,6.923271417536624,50000
2018-02-02,6.923271417536624,6.9526665475097005,6.89399464509005,6.944088773605493,50000
2018-02-05,6.944088773605493,6.978206992915757,6.745614150415722,6.8445903500120595,50000
2018-02-06,6.8445903500120595,6.8882323360074915,6.8286228953887225,6.861333734237379,50000
2018-02-07,6.861333734237379,6.9697263378759295,6.850917193361286,6.962158866675994,50000
2018-02-08,6.962158866675994,7.1233786048354295,6.896713042481328,7.111147130922959,69170
2018-02-09,7.111147130922959,7.193022202230839,7.038302664351557,7.111245729733448,89410
2018-02-12,7.111245729733448,7.176353729372062,6.950767728697029,6.98458355529878,50000
2018-02-13,6.98458355529878,7.411464881403371,6.901955388702898,7.340092814021875,50000
2018-02-14,7.340092814021875,7.3516081262191575,7.249255014414247,7.343411439764525,50000
2018-02-15,7.343411439764525,7.5625282040080535,7.318092553053418,7.553060760152463,181665
2018-02-16,7.553060760152463,7.674706765511315,7.506612832413016,7.643065534096172,148685
2018-02-19,7.643065534096172,7.974454987061973,7.6088736440594795,7.94293352182007,50000
2018-02-20,7.94293352182007,7.948514141072967,7.651982697551808,7.716429926130791,82065
2018-02-21,7.716429926130791,7.809959217891673,7.635338977255483,7.650914312757557,73518
2018-02-22,7.650914312757557,7.692496766646677,7.6017775616349486,7.626456419371114,65059
2018-02-23,7.626456419371114,7.783711753941133,7.520827195485856,7.724859123617631,56072
2018-02-26,7.724859123617631,7.954291972838014,7.683068424797982,7.922717501088644,50000
2018-02-27,7.922717501088644,7.966033997154389,7.688948399039904,7.7099666992725835,65075
2018-02-28,7.7099666992725835,7.836276898776799,7.685010385181154,7.82396750305199,58968
2018-03-01,7.82396750305199,8.16716674666745,7.8016419966597095,8.108842103976917,98677
2018-03-02,8.108842103976917,8.32994164275602,8.052100940365335,8.259023200331804,55870
2018-03-05,8.259023200331804,8.455788858200144,8.154274036097974,8.352575703756731,69676
2018-03-06,8.352575703756731,8.437755781205988,8.33502663755429,8.417176354561736,50000
2018-03-07,8.417176354561736,8.554797204040035,8.391650423803803,8.542647631872436,61018
2018-03-08,8.542647631872436,8.61231810949533,8.378305078289209,8.455536479865108,50000
2018-03-09,8.455536479865108,8.509352115840882,8.212225668048927,8.231322018402741,50000
2018-03-12,8.231322018402741,8.341140446868124,8.17904030144337,8.283630881465974,50000
2018-03-13,8.283630881465974,8.30499865773671,8.210157811902683,8.277706859032739,50000
2018-03-14,8.277706859032739,8.512468318635296,8.205278972842216,8.511667989662824,50000
2018-03-15,8.511667989662824,8.567720677614886,8.488407669533313,8.537869799469936,50000
2018-03-16,8.537869799469936,8.623720166361393,8.308988515006225,8.395320727947572,60833
2018-03-19,8.395320727947572,8.676914370489666,8.319658259438961,8.622674040067743,50000
2018-03-20,8.622674040067743,9.063047499538136,8.61140296842,9.02121724716386,50000
2018-03-21,9.02121724716386,9.100355039797568,8.977612110433704,9.026740214136773,50000
2018-03-22,9.026740214136773,9.053475338341217,8.664153173682106,8.779230164870725,108167
2018-03-23,8.779230164870725,8.828421252385258,8.493346129091211,8.553025065256715,50000
2018-03-26,8.553025065256715,8.61639287632677,8.288065948819046,8.339473225969193,50000
2018-03-27,8.339473225969193,8.501902446089739,8.318624491835646,8.479207539987199,101507
2018-03-28,8.479207539987199,8.496795205487372,8.338040275433608,8.34576008914264,50000
2018-03-29,8.34576008914264,8.455080088200486,8.341898069829535,8.389797063264382,131936
2018-03-30,8.389797063264382,8.536262561529398,8.351059446337045,8.44108635250471,50000
2018-04-02,8.44108635250471,8.651412587917656,8.401142170238007,8.59912737536478,57045
2018-04-03,8.59912737536478,8.614900871904814,8.25225129964987,8.278869258197926,50000
2018-04-04,8.278869258197926,8.322398153202638,7.805333097929687,7.816376830583586,50000
2018-04-05,7.816376830583586,7.968302587577006,7.797479198623669,7.96551231596183,112871
2018-04-06,7.96551231596183,8.150847232206475,7.948598691351505,8.0878691462194,50000
2018-04-09,8.0878691462194,8.142064064332656,7.984487729662963,8.003766388598134,50000
2018-04-10,8.003766388598134,8.048009549410907,7.868002838886535,7.922635278727256,50000
2018-04-11,7.922635278727256,8.041080150557345,7.912051457878085,8.030261818989661,50000
2018-04-12,8.030261818989661,8.10252446861034,7.959495735149576,7.980061279766241,121557
2018-04-13,7.980061279766241,8.039440801779767,7.811066199374282,7.858463022390781,100525
2018-04-16,7.858463022390781,7.890710156447873,7.423407142320858,7.4897400838714105,50000
2018-04-17,7.4897400838714105,7.542187837276188,7.476000669662028,7.511641402310538,97462
2018-04-18,7.511641402310538,7.603456511527693,7.5058688761600125,7.576379569374613,64498
2018-04-19,7.576379569374613,7.671916561408576,7.517011737064485,7.663969587755449,50000
2018-04-20,7.663969587755449,7.703342726833956,7.611108104027728,7.698025313415917,50000
2018-04-23,7.698025313415917,8.050890443673032,7.688726786112896,8.007006637942887,50000
2018-04-24,8.007006637942887,8.063045237874356,7.606217074096692,7.682786493049088,50000
2018-04-25,7.682786493049088,7.803600447423367,7.6719231378968695,7.777348497036168,50000
2018-04-26,7.777348497036168,7.824742624256765,7.46926428261006,7.491259988210413,50000
2018-04-27,7.491259988210413,7.5382147798013515,7.373077742969032,7.39547787269227,50000
2018-04-30,7.39547787269227,7.505479723121434,7.274738586218991,7.302346550484483,50000
2018-05-01,7.302346550484483,7.326642704907991,6.866020570645271,6.940548499413334,93099
2018-05-02,6.940548499413334,6.949047688650931,6.936406557040053,6.938373395470095,50000
2018-05-03,6.938373395470095,7.199449193754435,6.908104362427611,7.192257587446926,50000
2018-05-04,7.192257587446926,7.206730222314735,7.112703906409415,7.126854833345878,134267
2018-05-07,7.126854833345878,7.31355937894807,7.106688186324269,7.299537955919874,192719
2018-05-08,7.299537955919874,7.3652459742427325,7.13367083203343,7.13769763348334,50000
2018-05-09,7.13769763348334,7.283818775027399,7.131870074871147,7.262238614531358,50000
2018-05-10,7.262238614531358,7.546181640575194,7.254051982369547,7.474593121783483,65053
2018-05-11,7.474593121783483,7.6061868272983775,7.427585009264848,7.561361583100457,50000
2018-05-14,7.561361583100457,7.584050794678203,7.322374120407904,7.37280737340329,100671
2018-05-15,7.37280737340329,7.38569160194461,6.875923806480228,6.882787188440168,50000
2018-05-16,6.882787188440168,6.899853931711835,6.754277111297982,6.809896169506419,50000
2018-05-17,6.809896169506419,6.871689676746182,6.433113412170312,6.477260215552245,60716
2018-05-18,6.477260215552245,6.543857288862028,6.421575629619797,6.429456448787368,50000
2018-05-21,6.429456448787368,6.488214671319531,6.3747675148357335,6.452151312440206,50000
2018-05-22,6.452151312440206,6.484124176679439,6.333432529421064,6.36011315258062,52725
2018-05-23,6.36011315258062,6.815174732742355,6.346004330056333,6.811781218257331,50000
2018-05-24,6.811781218257331,7.048438186794869,6.793875965980292,7.0244194450189665,50000
2018-05-25,7.0244194450189665,7.442602468338809,6.983904336311558,7.407620155298573,57012
2018-05-28,7.407620155298573,7.4564862052311245,7.266965529788546,7.267293975118738,62465
2018-05-29,7.267293975118738,7.43549369790557,7.258436022788628,7.416386885001029,50000
2018-05-30,7.416386885001029,7.504293537984724,7.375756092655801,7.4742385576042745,50000
2018-05-31,7.4742385576042745,7.497014009766658,7.416818695536454,7.473185791121827,50000
2018-06-01,7.473185791121827,7.514700609670568,7.304906756208871,7.352083749112615,50000
2018-06-04,7.352083749112615,7.371158310326908,7.212151345722341,7.217832301052542,50000
2018-06-05,7.217832301052542,7.474055621496067,7.17120312262875,7.433432690730958,50000
2018-06-06,7.433432690730958,7.496147908588914,7.192586480990482,7.289307558584385,50000
2018-06-07,7.289307558584385,7.301833879065693,7.131413417311572,7.138707073126996,55974
2018-06-08,7.138707073126996,7.153964975744437,7.044594195223653,7.076326875902108,50000
2018-06-11,7.076326875902108,7.081743195301274,7.015992827305045,7.050705867737406,50000
2018-06-12,7.050705867737406,7.066983892227655,6.816380433294953,6.819639819462592,50000
2018-06-13,6.819639819462592,6.954606733092327,6.800272583198293,6.943181185100041,50000
2018-06-14,6.943181185100041,7.08874271303317,6.869391871848474,7.044297056082967,71888
2018-06-15,7.044297056082967,7.073053053603456,6.769352873156839,6.8010956856951115,50000
2018-06-18,6.8010956856951115,6.8345730579865975,6.584848920617436,6.644396994805861,50000
2018-06-19,6.644396994805861,6.80173259389274,6.636821262092666,6.772954631972819,50000
2018-06-20,6.772954631972819,6.926543732711212,6.770905387244588,6.899653165167485,50000
2018-06-21,6.899653165167485,6.917962194171794,6.6242190758669635,6.672899298518993,50000
2018-06-22,6.672899298518993,6.889025257822428,6.625030040982874,6.887738803215875,50000
2018-06-25,6.887738803215875,7.015272012721947,6.868763084560669,6.9672388851985945,50000
2018-06-26,6.9672388851985945,7.00892576913044,6.9194548478269615,6.998681376295361,50000
2018-06-27,6.998681376295361,7.209566397949294,6.951247394647614,7.169142510093478,50000
2018-06-28,7.169142510093478,7.216102523406141,6.756921143906548,6.799938067920187,139919
2018-06-29,6.799938067920187,6.813995011350691,6.629190591708291,6.654514501160307,50000
2018-07-02,6.654514501160307,6.728147188196439,6.6511282383783525,6.677937316562999,50000
2018-07-03,6.677937316562999,6.726397184097897,6.61529346274635,6.617468378924806,77672
2018-07-04,6.617468378924806,6.633877145623032,6.509843416557415,6.522280603701314,50000
2018-07-05,6.522280603701314,6.526767703457107,6.32584982304388,6.348823985604219,68440
2018-07-06,6.348823985604219,6.508704465553532,6.328381966004316,6.474493903793065,50000
2018-07-09,6.474493903793065,6.545679462576612,6.263189733759751,6.301944605399653,175163
2018-07-10,6.301944605399653,6.940077320591149,6.283999863521574,6.937352355033906,50000
2018-07-11,6.937352355033906,6.983344916509317,6.911825433570243,6.973699705485169,50000
2018-07-12,6.973699705485169,7.057606281353815,6.909556861342022,6.939338224901731,166884
2018-07-13,6.939338224901731,6.97688767817958,6.78111964169799,6.845239548239468,50000
2018-07-16,6.845239548239468,6.859972837838558,6.663110026338852,6.6745949828050275,50000
2018-07-17,6.6745949828050275,6.912288768951778,6.6585171031240975,6.897319960536755,50000
2018-07-18,6.897319960536755,7.21601602008882,6.885779242282684,7.1768818362674,50000
2018-07-19,7.1768818362674,7.198638906341344,6.909887084364354,6.949093235142751,104262
2018-07-20,6.949093235142751,6.975407197297949,6.553284890541442,6.616521527657081,50000
2018-07-23,6.616521527657081,6.627894376398767,6.1864699550185795,6.2448227031292065,116179
2018-07-24,6.2448227031292065,6.259938164922503,6.219058375508135,6.235986264493108,50000
2018-07-25,6.235986264493108,6.456940831735782,6.234274543869893,6.443342161711026,70440
2018-07-26,6.443342161711026,6.560018852751775,6.352508417632316,6.557207335651871,62374
2018-07-27,6.557207335651871,6.572048256754099,6.300507686743636,6.3081920528469615,50000
2018-07-30,6.3081920528469615,6.524766133986826,6.251058941617212,6.47075041449862,50000
2018-07-31,6.47075041449862,6.474044499547676,6.2232589458873715,6.259824504048115,50000
2018-08-01,6.259824504048115,6.2787494766695255,6.156487172847435,6.165676675764798,50000
2018-08-02,6.165676675764798,6.17143030819534,6.110515382419801,6.116653992281186,50000
2018-08-03,6.116653992281186,6.3443628422560945,6.1051327485711475,6.326738749883017,50000
2018-08-06,6.326738749883017,6.344109946897778,6.260233848220241,6.297520216181832,86705
2018-08-07,6.297520216181832,6.3394184702703615,5.876452226113013,5.910613698637309,94159
2018-08-08,5.910613698637309,5.930718902676172,5.736429768713043,5.7497494786214025,50000
2018-08-09,5.7497494786214025,6.006401538560806,5.701679422431518,5.946786503905046,50000
2018-08-10,5.946786503905046,5.970623220646754,5.828415365626809,5.836353800704432,181137
2018-08-13,5.836353800704432,5.8396139380189505,5.743992126588668,5.784069022383175,50000
2018-08-14,5.784069022383175,5.798293086722206,5.500692957628622,5.5515542386935905,50000
2018-08-15,5.5515542386935905,5.644394835192264,5.480941717802904,5.640051018461849,50000
2018-08-16,5.640051018461849,5.903508712862418,5.620786667828876,5.895153607152575,50000
2018-08-17,5.895153607152575,5.900927776971226,5.717100660567228,5.7181264673226675,54319
2018-08-20,5.7181264673226675,5.842880014829935,5.698047706732193,5.828877359685262,50000
2018-08-21,5.828877359685262,5.844543257207468,5.732333924550065,5.751649430567539,59238
2018-08-22,5.751649430567539,5.7588860373187405,5.482515607439097,5.518446111766602,50000
2018-08-23,5.518446111766602,5.967864584082193,5.509935149815299,5.948981477338789,56015
2018-08-24,5.948981477338789,5.956325843123607,5.766814334311673,5.810247594284917,52512
2018-08-27,5.810247594284917,5.88707859057803,5.715427404490152,5.750405428713016,50000
2018-08-28,5.750405428713016,6.078964167371354,5.718189668434748,5.992275633751813,68430
2018-08-29,5.992275633751813,6.027271157160295,5.918443405372434,5.948713215348588,50000
2018-08-30,5.948713215348588,5.986317041510389,5.843185549596187,5.890066109636642,50000
2018-08-31,5.890066109636642,5.9134246571420395,5.255487623143868,5.255540990554902,50000
2018-09-03,5.255540990554902,5.308493174240854,4.964436631235059,4.999808289345239,50000
2018-09-04,4.999808289345239,5.001635201988912,4.817531343472427,4.841620490591976,50000
2018-09-05,4.841620490591976,5.000835522294135,4.769950130440383,4.989729977012757,50000
2018-09-06,4.989729977012757,5.05089333992642,4.970888431593715,5.043822638747876,51168
2018-09-07,5.043822638747876,5.194119961510307,5.026234555471253,5.159858532189124,50000
2018-09-10,5.159858532189124,5.557223079071669,5.113108097893411,5.488848044160634,50000
2018-09-11,5.488848044160634,5.495667932719505,5.269149853385535,5.283555857155999,50000
2018-09-12,5.283555857155999,5.312495161017575,4.816547006193339,4.8167144577402,50000
2018-09-13,4.8167144577402,4.861774445059203,4.565934765948155,4.580914860037747,50000
2018-09-14,4.580914860037747,4.907317585085479,4.558501920428219,4.903713793043821,55230
2018-09-17,4.903713793043821,4.909655287725938,4.191657614335054,4.204521877871371,50000
2018-09-18,4.204521877871371,4.483671569277659,4.137949557130111,4.448200263618848,50000
2018-09-19,4.448200263618848,4.4630268133559365,4.3428348843723015,4.374968743150233,50000
2018-09-20,4.374968743150233,4.40631371363823,4.361825032564375,4.4033678629717885,50000
2018-09-21,4.4033678629717885,4.406445798915364,3.858380210439329,3.863280351241887,50000
2018-09-24,3.863280351241887,3.883277084297311,3.5151536989819063,3.5663395779787472,160920
2018-09-25,3.5663395779787472,4.136831204795331,3.538837727619699,4.109039129751291,93056
2018-09-26,4.109039129751291,4.116094058308989,3.598246116899247,3.632971527820702,50000
2018-09-27,3.632971527820702,3.637277823506321,2.9803410338560457,2.986649245405446,50000
2018-09-28,2.986649245405446,3.1597019389486336,2.9791904110101277,3.140029098814852,51239
2018-10-01,3.140029098814852,3.308657701096989,3.1281667095892587,3.3070347974745053,50000
2018-10-02,3.3070347974745053,3.479173128126891,3.296368558628987,3.4322648675601926,50000
2018-10-03,3.4322648675601926,3.4601514796693174,3.428047120985118,3.4576486457370645,50000
2018-10-04,3.4576486457370645,3.8213172877171075,3.438484056982188,3.808005459614768,89283
2018-10-05,3.808005459614768,4.034059398778101,3.8029110981963683,4.0211815874679795,50000
2018-10-08,4.0211815874679795,4.27472883848437,3.968161837984732,4.2498484139834085,50000
2018-10-09,4.2498484139834085,4.657284781929428,4.21974577340053,4.6364846294489235,50000
2018-10-10,4.6364846294489235,4.684389987112784,4.590123814360344,4.661062208149611,52880
2018-10-11,4.661062208149611,4.7143901482385155,4.191464982505552,4.213319015928395,50000
2018-10-12,4.213319015928395,4.4152882190833065,4.205220949677433,4.385569561783275,50000
2018-10-15,4.385569561783275,4.391681512652977,3.9819865470472537,3.9855821479077194,50000
2018-10-16,3.9855821479077194,4.2723661725368505,3.962376158842484,4.235153499873989,50000
2018-10-17,4.235153499873989,4.254315181595182,3.8841435226947927,3.9144186015602562,50000
2018-10-18,3.9144186015602562,4.521167020444616,3.9107980955611668,4.4612161837052815,50000
2018-10-19,4.4612161837052815,4.582099829823248,4.434583197167796,4.512031148098478,83687
2018-10-22,4.512031148098478,4.857295643322579,4.487868870846942,4.853831520548423,50000
2018-10-23,4.853831520548423,4.8736997020862844,4.751697432799543,4.764089308783291,50000
2018-10-24,4.764089308783291,5.019474770560384,4.756049540526785,4.964789180716028,50000
2018-10-25,4.964789180716028,5.103035779842006,4.943919444670582,5.061840744860913,50000
2018-10-26,5.061840744860913,5.137495805355037,4.736945259094653,4.7398889660250365,50000
2018-10-29,4.7398889660250365,4.752228014802517,4.251973658593539,4.269016039032931,120603
2018-10-30,4.269016039032931,4.2697030789025385,3.9436128707479403,3.964509052165021,50000
2018-10-31,3.964509052165021,4.056619001996258,3.936765068694637,4.042539404625835,60917
2018-11-01,4.042539404625835,4.046146176438924,3.888572145103316,3.9100666295503457,52009
2018-11-02,3.9100666295503457,3.910858924234729,3.4262500907829865,3.463879213852288,50000
2018-11-05,3.463879213852288,3.8102518819756104,3.446761329382129,3.8011020673593396,50000
2018-11-06,3.8011020673593396,3.8356658097155507,3.747346921311348,3.7653053631436006,50000
2018-11-07,3.7653053631436006,3.9425617052878357,3.742571288401658,3.901542559329425,50000
2018-11-08,3.901542559329425,4.091761211920529,3.8868064638105713,4.078447233984513,50000
2018-11-09,4.078447233984513,4.120782944397346,3.8743030885565672,3.8831964455589776,50000
2018-11-12,3.8831964455589776,4.087186316280444,3.852552867896748,4.022898650911206,50000
2018-11-13,4.022898650911206,4.106870949250872,3.95519202438249,4.088099798076131,50000
2018-11-14,4.088099798076131,4.129261901762545,4.0095169146778105,4.025501746848643,50000
2018-11-15,4.025501746848643,4.393617047131229,4.021723441275579,4.382040895105849,50000
2018-11-16,4.382040895105849,4.6211055275378525,4.369064026479525,4.601508839321414,76966
2018-11-19,4.601508839321414,4.632516648115536,4.433655639516155,4.44506986171165,50000
2018-11-20,4.44506986171165,4.458063195366529,4.373880532662309,4.389226624563751,50000
2018-11-21,4.389226624563751,4.596003107097693,4.382155138147801,4.593233156441949,50000
2018-11-22,4.593233156441949,4.656186141361465,4.531958055268037,4.536123527473982,50000
2018-11-23,4.536123527473982,4.627442055349544,4.516957100302516,4.585898265795275,50000
2018-11-26,4.585898265795275,4.600817973632785,4.439101801712488,4.467167638766524,53587
2018-11-27,4.467167638766524,4.623160734818708,4.466711193883256,4.612743700092066,63970
2018-11-28,4.612743700092066,4.6302273824114,4.587579982723907,4.591294148673719,50000
2018-11-29,4.591294148673719,4.629616081733399,4.4313043064585615,4.4375622057362145,50000
2018-11-30,4.4375622057362145,4.448250389042338,4.293482947352332,4.303619317473595,50000
2018-12-03,4.303619317473595,4.308398768394521,3.607123867914162,3.6510606047781344,50000
2018-12-04,3.6510606047781344,3.7729616787104137,3.6256742661196566,3.739452463220507,50000
2018-12-05,3.739452463220507,3.932794100330195,3.7203132063890494,3.9199000085888667,50000
2018-12-06,3.9199000085888667,3.93081573766029,3.841121612692145,3.86814262126273,65626
2018-12-07,3.86814262126273,3.8847205401284057,3.710817912252293,3.7169440679735386,130961
2018-12-10,3.7169440679735386,3.728564562666597,3.5448176308117523,3.5509388734923,50000
2018-12-11,3.5509388734923,3.638817364788615,3.5440000820049224,3.634213692884997,50000
2018-12-12,3.634213692884997,3.803791375528198,3.6020654605992055,3.7946605542550724,50175
2018-12-13,3.7946605542550724,3.920816522105163,3.780284298898089,3.8974336472611966,71803
2018-12-14,3.8974336472611966,3.9037019360218568,3.7554979364912513,3.755812962579212,50000
2018-12-17,3.755812962579212,4.055694616699866,3.7452636277667226,4.053485803396044,50000
2018-12-18,4.053485803396044,4.088572824602863,3.9731128228015877,3.9747352682219343,57556
2018-12-19,3.9747352682219343,4.194072971626082,3.9504973275029966,4.181054969451648,50000
2018-12-20,4.181054969451648,4.343172657679679,4.139019608304406,4.315305525079973,50000
2018-12-21,4.315305525079973,4.351828616788851,3.9670408486351456,3.991196319002972,50000
2018-12-24,3.991196319002972,4.128076681609786,3.966835553377048,4.09921376737538,50000
2018-12-25,4.09921376737538,4.099951208117628,3.8541887951363614,3.8601832377624765,50000
2018-12-26,3.8601832377624765,4.013229527543587,3.8490851430165756,3.996379218031443,58013
2018-12-27,3.996379218031443,4.1282381642074935,3.9817965073947694,4.120500600571815,98078
2018-12-28,4.120500600571815,4.120562801884434,3.7347700992023602,3.7857977885525393,50000
2018-12-31,3.7857977885525393,3.7932295550760355,3.437472373055663,3.468674097272367,50000
2019-01-01,3.468674097272367,3.4778434033388534,3.041901735681452,3.0555331349627264,96875
2019-01-02,3.0555331349627264,3.6174816287990907,3.0552592334660815,3.6069725877417453,78124
2019-01-03,3.6069725877417453,3.6088648963474017,3.5338060632570834,3.566795130226017,172836
2019-01-04,3.566795130226017,3.806795042378386,3.552403668970111,3.773396775242679,50000
2019-01-07,3.773396775242679,4.045185507005974,3.769941868535978,3.992298978244764,79275
2019-01-08,3.992298978244764,4.001732852595491,3.7145695585825576,3.7296082268150674,132887
2019-01-09,3.7296082268150674,3.820353929393473,3.7180282390549557,3.794538064445447,50000
2019-01-10,3.794538064445447,3.8547412820301,3.6343511789636196,3.661876437866246,83924
2019-01-11,3.661876437866246,3.66325791683259,3.4755673974935193,3.4799978342677838,50000
2019-01-14,3.4799978342677838,3.736876999878344,3.466894626556047,3.7355624193328945,92496
2019-01-15,3.7355624193328945,3.7588468023082418,3.182567764685358,3.1888131150078087,50000
2019-01-16,3.1888131150078087,3.397219370823277,3.167238576266243,3.370143199292399,50000
2019-01-17,3.370143199292399,3.6013802920056226,3.339180427373479,3.5520615229360604,173560
2019-01-18,3.5520615229360604,4.020071311725566,3.548880750921424,4.0053618262696915,50000
2019-01-21,4.0053618262696915,4.016463788726386,3.7597280703249742,3.7626919241530667,50000
2019-01-22,3.7626919241530667,3.7650990098630137,3.4554056981164876,3.4616999770936183,99558
2019-01-23,3.4616999770936183,3.5402291699284194,3.4287415596979187,3.53264959813426,157225
2019-01-24,3.53264959813426,4.149254841923118,3.519736066964463,4.143741433909031,77335
2019-01-25,4.143741433909031,4.728881510250763,4.097537046444646,4.691128508170388,50000
2019-01-28,4.691128508170388,4.947186988584166,4.683447408575445,4.926269513012936,50000
2019-01-29,4.926269513012936,5.054058706039011,4.883028846625314,5.009333888725307,50000
2019-01-30,5.009333888725307,5.012937149515212,4.859568124607208,4.862377730118666,50000
2019-01-31,4.862377730118666,5.085101272246193,4.820637708419304,5.044439639803877,50000
2019-02-01,5.044439639803877,5.057628246671276,5.010379382083999,5.047284685547223,51605
2019-02-04,5.047284685547223,5.089990989900158,4.496651942211431,4.521627412325664,78355
2019-02-05,4.521627412325664,4.741158356405847,4.486668694408032,4.714277626245215,50000
2019-02-06,4.714277626245215,4.877453447901843,4.682842080224492,4.862231440590978,50000
2019-02-07,4.862231440590978,5.019779835636105,4.815941310784306,4.995371838799643,50000
2019-02-08,4.995371838799643,5.024755313632073,4.495714966404634,4.513660562858305,50000
2019-02-11,4.513660562858305,4.530099692863224,4.315314740032971,4.361928999828831,50000
2019-02-12,4.361928999828831,4.379033297968304,4.210452684311752,4.242039465208939,50000
2019-02-13,4.242039465208939,4.256352318795956,4.222329890523098,4.222788629161572,65980
2019-02-14,4.222788629161572,4.251404170584178,4.176069737008466,4.240865299636363,135631
2019-02-15,4.240865299636363,4.247904399093258,4.2264502857679815,4.229214445836409,50000
2019-02-18,4.229214445836409,4.586484237635758,4.200433071101094,4.559163451980759,215742
2019-02-19,4.559163451980759,4.645487895616748,4.516403114400102,4.604534155932175,50000
2019-02-20,4.604534155932175,4.638062196157237,4.337537816961753,4.372124129206728,50884
2019-02-21,4.372124129206728,4.502490621273642,4.371771691815237,4.454791312600335,50000
2019-02-22,4.454791312600335,4.474049579913756,4.408575941737865,4.4133963275154695,62636
2019-02-25,4.4133963275154695,4.421473968259007,4.3274877957825595,4.331396974089257,50000
2019-02-26,4.331396974089257,4.508627580270821,4.304108077956535,4.470482008698099,50000
2019-02-27,4.470482008698099,4.501149491483903,4.3618315854616725,4.369242115187527,50000
2019-02-28,4.369242115187527,4.400977999126003,4.238887008504927,4.24249516262211,50000
2019-03-01,4.24249516262211,4.271777427777413,3.6921259774224597,3.7081157434135723,90344
2019-03-04,3.7081157434135723,4.027115980916338,3.687130677012196,4.025682433329076,50000
2019-03-05,4.025682433329076,4.055412469313467,4.006007229960412,4.016671472761828,50000
2019-03-06,4.016671472761828,4.2524009576919095,4.006240698570222,4.234388050854617,50000
2019-03-07,4.234388050854617,4.456255229658438,4.167378162291386,4.453529852453359,50000
2019-03-08,4.453529852453359,4.730456496135847,4.417129450658926,4.681203567537161,50000
2019-03-11,4.681203567537161,4.684394672266665,4.616424195940624,4.641271860214822,153533
2019-03-12,4.641271860214822,4.721352760047675,4.621169237931854,4.718051377484172,50000
2019-03-13,4.718051377484172,4.824941784296248,4.671200163748847,4.773870913392261,50000
2019-03-14,4.773870913392261,4.824393936796367,4.634152070587307,4.6689070754268975,50000
2019-03-15,4.6689070754268975,4.799052232892295,4.640402591684013,4.795298522237872,54379
2019-03-18,4.795298522237872,4.814560111058204,4.769466300996692,4.785896682459147,50722
2019-03-19,4.785896682459147,4.920503968688549,4.742575340402584,4.913009451162388,50000
2019-03-20,4.913009451162388,4.923745739501937,4.877980851852406,4.907362334289887,50000
2019-03-21,4.907362334289887,4.913246420079104,4.495327650461218,4.495696150107241,50000
2019-03-22,4.495696150107241,4.500080992418761,4.220713269390722,4.222896919874066,50000
2019-03-25,4.222896919874066,4.559611534157177,4.185234574594181,4.536507632346505,56539
2019-03-26,4.536507632346505,4.6138004756832975,4.53431320424591,4.578582289242727,50000
2019-03-27,4.578582289242727,4.594152126778743,3.956283514731418,4.010784278860493,50000
2019-03-28,4.010784278860493,4.0141537234003275,3.846674603782151,3.8499278970070487,50000
2019-03-29,3.8499278970070487,3.8757744194272896,3.8141380836653203,3.8203625869086726,50000
2019-04-01,3.8203625869086726,4.511778112908086,3.8070059634955777,4.473371579836942,50000
2019-04-02,4.473371579836942,4.5318209352361984,4.068091444566364,4.105237669616647,50000
2019-04-03,4.105237669616647,4.128361623696795,3.643483274313679,3.6495195557707714,50000
2019-04-04,3.6495195557707714,4.090783736424909,3.6451634769619212,4.084355163177201,63649
2019-04-05,4.084355163177201,4.533836515934741,4.0619411278162945,4.527698999752334,50000
2019-04-08,4.527698999752334,4.575977082215572,4.247098620565614,4.280622838836799,50000
2019-04-09,4.280622838836799,4.29355566605092,3.8401700499797937,3.850597109023393,57380
2019-04-10,3.850597109023393,3.8686281977455104,3.7771955852791694,3.7854540629387974,70162
2019-04-11,3.7854540629387974,3.79004569274463,3.4616251598976353,3.4657346487498844,66395
2019-04-12,3.4657346487498844,3.4734381172171296,2.8585780855056577,2.8769707270650633,50000
2019-04-15,2.8769707270650633,2.897503362670661,2.614545235993723,2.6312016555237574,174190
2019-04-16,2.6312016555237574,2.8225027699016043,2.602292962474699,2.80884847734917,69924
2019-04-17,2.80884847734917,2.873185594423382,2.794940987857138,2.867071720579327,67131
2019-04-18,2.867071720579327,2.868154073076126,2.494312266170272,2.495900777222533,50000
2019-04-19,2.495900777222533,2.7214063501420016,2.4936513554513566,2.691521570284236,50000
2019-04-22,2.691521570284236,2.9593693642415495,2.672718490624209,2.9410543252637202,50000
2019-04-23,2.9410543252637202,2.9493268974290046,2.407068094360978,2.4081891104229824,50000
2019-04-24,2.4081891104229824,2.4271693076219756,2.3902102321837364,2.3978402060156925,50000
2019-04-25,2.3978402060156925,2.536651225303492,2.380958849794564,2.5204135668328247,50000
2019-04-26,2.5204135668328247,2.522564958886615,2.0112586263470105,2.026779656857298,50000
2019-04-29,2.026779656857298,2.3375859031886463,2.020383296457636,2.3364828704199367,89660
2019-04-30,2.3364828704199367,2.3513273420776906,2.3142040242567288,2.3275950918836537,50000
2019-05-01,2.3275950918836537,2.3300662153322365,1.9111344047505054,1.9321480840141045,65382
2019-05-02,1.9321480840141045,1.9547273956280349,1.9108596511915052,1.9479969598732738,55940
2019-05-03,1.9479969598732738,1.992727816852206,1.9338490828528179,1.9828373550639198,50000
2019-05-06,1.9828373550639198,1.9894096100792267,1.799922515399626,1.8146413593318265,50000
2019-05-07,1.8146413593318265,1.9521423181715867,1.8138572628770344,1.9468211297076456,61617
2019-05-08,1.9468211297076456,2.123736538900527,1.9428650398804284,2.1222733248554504,50000
2019-05-09,2.1222733248554504,2.1300210639514625,1.9070658291087654,1.9205767575294592,50000
2019-05-10,1.9205767575294592,1.926061239086517,1.818063633386846,1.8288321368448035,50000
2019-05-13,1.8288321368448035,1.8291248505163538,1.650845743273517,1.6561500425732367,50000
2019-05-14,1.6561500425732367,1.6586549440955438,1.2551032269046454,1.2563757530640989,100945
2019-05-15,1.2563757530640989,1.2774055303809708,1.1875969605252426,1.1907995618095522,50000
2019-05-16,1.1907995618095522,1.7447428278698311,1.18466158296354,1.7344152268851893,50000
2019-05-17,1.7344152268851893,2.278747111806999,1.7300100926064532,2.2719427727969834,66215
2019-05-20,2.2719427727969834,2.278828124496527,1.9179681887434357,1.9363914223403154,50000
2019-05-21,1.9363914223403154,1.954477140436857,1.9245722634339568,1.9295710815072677,50000
2019-05-22,1.9295710815072677,1.9327829494148665,1.6772438357091424,1.6823889023299914,60192
2019-05-23,1.6823889023299914,2.1119695964083585,1.678791458724078,2.1015280192292307,72074
2019-05-24,2.1015280192292307,2.104352374937765,1.7063223907798042,1.7260071088854636,79523
2019-05-27,1.7260071088854636,1.9460746207215625,1.7100613445034596,1.9142852091922145,50000
2019-05-28,1.9142852091922145,1.9703529907714834,1.9100833359950493,1.9401788515734695,50000
2019-05-29,1.9401788515734695,1.9548466523728925,1.5290637388388137,1.5390246627796493,137621
2019-05-30,1.5390246627796493,1.7645592101438867,1.5209071310665785,1.750765652553515,66250
2019-05-31,1.750765652553515,1.7512472750577772,1.5186423757337908,1.5245656463083705,50000
2019-06-03,1.5245656463083705,1.533422478817392,1.510302214268684,1.5166693287793056,85527
2019-06-04,1.5166693287793056,1.5245460843654772,1.3730886304062395,1.3851517710938535,50000
2019-06-05,1.3851517710938535,1.3892292257874852,1.064077314528609,1.0660032918873248,53927
2019-06-06,1.0660032918873248,1.0727165055950572,1.0645863988651791,1.066446906033777,50000
2019-06-07,1.066446906033777,1.0738408026147246,1.0656689754608686,1.0668881910282613,50000
2019-06-10,1.0668881910282613,1.07596869772944,1.0653996440870759,1.067327131402492,107333
2019-06-11,1.067327131402492,1.0760022369393258,1.0647210944674026,1.0677637117703669,50000
2019-06-12,1.0677637117703669,1.0700132376833604,1.0650272221149586,1.06819791682851,50000
2019-06-13,1.06819791682851,1.081169824488862,1.0607241432644088,1.0686297313568052,74823
2019-06-14,1.0686297313568052,1.07970148698573,1.0638657235969855,1.0690591402189331,50000
2019-06-17,1.0690591402189331,1.0727973354849885,1.0689168898846384,1.0694861283628982,84533
2019-06-18,1.0694861283628982,1.07524379488727,1.0658677093159294,1.0699106808215584,50000
2019-06-19,1.0699106808215584,1.0712921039572432,1.0672132073232896,1.07033278271315,50000
2019-06-20,1.07033278271315,1.0786733787635843,1.0648319382554972,1.0707524192418076,59713
2019-06-21,1.0707524192418076,1.0712429946387882,1.069371810667543,1.071169575698084,50000
2019-06-24,1.071169575698084,1.080336092261168,1.0676384117576485,1.071584237459466,50000
2019-06-25,1.071584237459466,1.0784917806411234,1.0673782592401921,1.0719963899908862,50000
2019-06-26,1.0719963899908862,1.0727220652883722,1.0625599829223242,1.0724060188452325,65746
2019-06-27,1.0724060188452325,1.0767319244462081,1.0722802772909625,1.0728131096638556,51074
2019-06-28,1.0728131096638556,1.0744324035369968,1.0667836873164154,1.0732176481770708,50000
2019-07-01,1.0732176481770708,1.0810984615188437,1.0697016402292208,1.0736196202046586,50000
2019-07-02,1.0736196202046586,1.0777278255329348,1.0671106194101871,1.074019011656364,50000
2019-07-03,1.074019011656364,1.0849837317859985,1.0736566214018,1.0744158085323863,121844
2019-07-04,1.0744158085323863,1.081497442785157,1.0730793428547136,1.0748099969238722,50000
2019-07-05,1.0748099969238722,1.0772906895259282,1.0676196557596496,1.0752015630134055,50000
2019-07-08,1.0752015630134055,1.0792295769244205,1.0700906980575877,1.0755904930754863,50000
2019-07-09,1.0755904930754863,1.0767624152511506,1.07205886688455,1.0759767734770156,50000
2019-07-10,1.0759767734770156,1.083335674842814,1.0712069413127323,1.0763603906777743,50000
2019-07-11,1.0763603906777743,1.0770671419910585,1.074088280202512,1.0767413312308938,50000
2019-07-12,1.0767413312308938,1.0793079923054112,1.0753439787106942,1.0771195817833301,50000
2019-07-15,1.0771195817833301,1.0808170283150456,1.0692355083593394,1.0774951290763326,50000
2019-07-16,1.0774951290763326,1.0905181663522991,1.0753772239213328,1.077867959945906,50000
2019-07-17,1.077867959945906,1.0838685465838307,1.064740903292611,1.0782380613232738,50000
2019-07-18,1.0782380613232738,1.0910478829551464,1.0715086512708574,1.0786054202353368,70191
2019-07-19,1.0786054202353368,1.080283866420434,1.0655558336516366,1.0789700238051256,50000
2019-07-22,1.0789700238051256,1.0823247190304877,1.0718461719974157,1.079331859252254,50000
2019-07-23,1.079331859252254,1.0849251136752125,1.0684475142403813,1.079690913893367,159770
2019-07-24,1.079690913893367,1.4813267623534305,1.0757701321477078,1.4808920862247748,50000
2019-07-25,1.4808920862247748,1.5504125797746406,1.4681079411785836,1.5463353062616672,50000
2019-07-26,1.5463353062616672,2.276976170909707,1.538754587429586,2.2531113397708786,92069
2019-07-29,2.2531113397708786,2.611394402840999,2.238129781757041,2.5899039503264465,51949
2019-07-30,2.5899039503264465,2.6003732489186215,2.104463994226825,2.114062171330535,50000
2019-07-31,2.114062171330535,2.1421588599514445,1.728126205768795,1.7423472133160376,50000
2019-08-01,1.7423472133160376,2.6495680349786603,1.7341566748989454,2.6448481640171932,50000
2019-08-02,2.6448481640171932,2.6538816132127456,2.298865608837763,2.310166569733925,50000
2019-08-05,2.310166569733925,2.4236421109709996,2.3044742518819255,2.3970072677714747,50000
2019-08-06,2.3970072677714747,2.6188160228213326,2.3889249634623244,2.5996860411791496,50000
2019-08-07,2.5996860411791496,2.767946077000011,2.5950312765604826,2.7609383469498434,50000
2019-08-08,2.7609383469498434,2.7686648933136935,2.6977006488532926,2.6977994463248636,50000
2019-08-09,2.6977994463248636,3.18376745346696,2.6962801646382784,3.1695488041154762,50000
2019-08-12,3.1695488041154762,3.5942366581893785,3.156661638940885,3.578663884038951,50000
2019-08-13,3.578663884038951,3.7723938602370013,3.577454192024058,3.770151635104803,50000
2019-08-14,3.770151635104803,3.8689827260507306,3.7392384389941347,3.8674359338549675,52661
2019-08-15,3.8674359338549675,3.8697140887389323,3.61391507877173,3.6400471354717547,64441
2019-08-16,3.6400471354717547,3.6614940559197526,3.1115114024256356,3.126352274398889,59346
2019-08-19,3.126352274398889,3.599265669595689,3.1130481794653284,3.5961036557459027,50000
2019-08-20,3.5961036557459027,3.6853518332744235,3.554710037256341,3.6799217656548104,155055
2019-08-21,3.6799217656548104,3.9672852715326425,3.666536322684693,3.963336066191508,50000
2019-08-22,3.963336066191508,4.151619765831591,3.9051486448015167,4.120817477071426,50000
2019-08-23,4.120817477071426,4.141939118641826,3.744666814912976,3.763931153126297,62991
2019-08-26,3.763931153126297,3.783669517430332,3.493698657595905,3.5053929508006063,50000
2019-08-27,3.5053929508006063,4.05019768129933,3.5039647753823733,4.031556770938222,50000
2019-08-28,4.031556770938222,4.696351299518417,4.031342483083087,4.664069535985936,50000
2019-08-29,4.664069535985936,4.7078762136185075,4.6561674960085275,4.690427659217071,50000
2019-08-30,4.690427659217071,4.771909400791623,4.667195529960902,4.749638271593587,92392
2019-09-02,4.749638271593587,5.198587554431481,4.73292862735662,5.152638692144363,56153
2019-09-03,5.152638692144363,5.158627826782536,4.836033120069847,4.883060359790847,50000
2019-09-04,4.883060359790847,4.898468676396206,4.505746557963105,4.509580589097183,85006
2019-09-05,4.509580589097183,5.1051512921194,4.5074546001909015,5.069739227594114,50000
2019-09-06,5.069739227594114,5.107821699690397,5.027680282179471,5.049080651959138,52555
2019-09-09,5.049080651959138,5.317576635217937,5.038154203486357,5.284143265236245,50000
2019-09-10,5.284143265236245,5.542461049946785,5.258307128975713,5.522119644803193,50000
2019-09-11,5.522119644803193,5.690707159638914,5.520115928069207,5.686599671173556,95209
2019-09-12,5.686599671173556,5.717017580330369,5.125991726565904,5.142008541752549,50000
2019-09-13,5.142008541752549,5.353231977170115,5.134577440149136,5.351051410343068,96206
2019-09-16,5.351051410343068,5.3724405099860695,5.2882559681593,5.29879965133524,62588
2019-09-17,5.29879965133524,5.316424845846313,5.02012217192955,5.023377193282123,50000
2019-09-18,5.023377193282123,5.242876630658861,5.017847482616875,5.229502370524095,50000
2019-09-19,5.229502370524095,5.275882586025487,4.856237874110897,4.90611109997615,50000
2019-09-20,4.90611109997615,4.946936155130028,4.796281258178388,4.830773816830244,64591
2019-09-23,4.830773816830244,4.893009383236313,4.539300932005588,4.541410089048564,50000
2019-09-24,4.541410089048564,4.5414736257888935,4.391405466814959,4.4039403486179545,50000
2019-09-25,4.4039403486179545,4.5135684770892786,4.363167391426043,4.5099551165258855,117462
2019-09-26,4.5099551165258855,4.813064775576938,4.451777433121555,4.7954039763546055,50000
2019-09-27,4.7954039763546055,5.12170544275587,4.786518287764218,5.110371937770115,50000
2019-09-30,5.110371937770115,5.114256015532435,5.02084523529784,5.045058767138132,50000
2019-10-01,5.045058767138132,5.316574659995198,5.040565283244757,5.301353823609146,65205
2019-10-02,5.301353823609146,5.392955140468698,5.249942173431818,5.387709769057549,50000
2019-10-03,5.387709769057549,5.394050274328168,4.931258574805099,4.943286070196157,50000
2019-10-04,4.943286070196157,5.005802833265981,4.806129992405738,4.830884560193362,50000
2019-10-07,4.830884560193362,4.84029426735744,4.664228649353979,4.716534478084247,50000
2019-10-08,4.716534478084247,5.07710281453408,4.697170854077916,5.018924262653814,50000
2019-10-09,5.018924262653814,5.036735277678595,4.696027479973176,4.7376875134708225,50000
2019-10-10,4.7376875134708225,5.3078792431344,4.719085021453016,5.274982946498564,50000
2019-10-11,5.274982946498564,5.2894745809834784,5.13582261325934,5.152544125161767,50000
2019-10-14,5.152544125161767,5.264849420807375,5.127682777385371,5.2148352262083,50000
2019-10-15,5.2148352262083,5.297920040019855,4.951494351191049,4.980122501678594,50000
2019-10-16,4.980122501678594,5.010107877008163,4.248931773746244,4.249345289617005,61960
2019-10-17,4.249345289617005,4.403590485964709,4.176269429668155,4.348641487057942,50000
2019-10-18,4.348641487057942,4.396568572902294,4.054009601486729,4.0764263116279755,56925
2019-10-21,4.0764263116279755,4.082491447170986,3.390329016267194,3.4443085143107615,50000
2019-10-22,3.4443085143107615,3.45588563657093,3.438957425503605,3.4394576888345774,106810
2019-10-23,3.4394576888345774,3.7988437760475438,3.432574141982181,3.769443606102518,50000
2019-10-24,3.769443606102518,3.8060420809709927,3.759440452292244,3.7859248055489747,50000
2019-10-25,3.7859248055489747,4.222341580493052,3.7230227912570997,4.211270065755243,50000
2019-10-28,4.211270065755243,4.2287971895933545,4.192212979146732,4.195414238647099,50000
2019-10-29,4.195414238647099,4.280730990734797,4.191612248488416,4.258813371699353,76598
2019-10-30,4.258813371699353,4.337586661159028,4.224632392419942,4.325302039771465,50017
2019-10-31,4.325302039771465,4.583864683436325,4.312698447920432,4.560187398404745,50000
2019-11-01,4.560187398404745,4.772100952230711,4.5529870701966475,4.767085297641774,50000
2019-11-04,4.767085297641774,4.767251742148035,4.416186565963404,4.42766944993594,58483
2019-11-05,4.42766944993594,4.480577675503339,4.413168647996515,4.4682609907653035,50000
2019-11-06,4.4682609907653035,4.483904979174843,3.819431141442319,3.8617161956809847,50000
2019-11-07,3.8617161956809847,3.885022025329915,3.594310360865983,3.6063989120683067,52881
2019-11-08,3.6063989120683067,4.191528503734313,3.5787439215685306,4.153988988373288,50000
2019-11-11,4.153988988373288,4.216260311014102,4.141560939272111,4.208086994179713,50000
2019-11-12,4.208086994179713,4.966791605641559,4.170601266658684,4.946096599914691,204620
2019-11-13,4.946096599914691,5.000728249908537,4.806017022962176,4.81800205760844,50000
2019-11-14,4.81800205760844,4.821575826339483,4.8148950021883685,4.820432817779838,50000
2019-11-15,4.820432817779838,4.863984623782109,4.707073117651357,4.7157305982559325,50000
2019-11-18,4.7157305982559325,4.878863986409889,4.710916942173634,4.863864992696642,50000
2019-11-19,4.863864992696642,4.88410195193568,4.623882450879337,4.640146594956942,116331
2019-11-20,4.640146594956942,5.099301146358551,4.630205705832614,5.0938627425558325,50000
2019-11-21,5.0938627425558325,5.325495720634383,5.080306276212463,5.296909496672719,107536
2019-11-22,5.296909496672719,5.3210527088778745,5.159005193545394,5.176482421616884,50000
2019-11-25,5.176482421616884,5.806490269598554,5.163740381792612,5.780812328260328,50000
2019-11-26,5.780812328260328,6.095091287668816,5.771385460797286,6.081467832139806,80025
2019-11-27,6.081467832139806,6.088118513414719,5.963861772103827,6.0046205642048776,50000
2019-11-28,6.0046205642048776,6.127721705213948,5.94144156480146,6.077525264289889,156403
2019-11-29,6.077525264289889,6.397374784247514,6.066298695668275,6.340349665783463,64014
2019-12-02,6.340349665783463,6.446155280699554,6.106870120674796,6.129474220011171,50000
2019-12-03,6.129474220011171,6.369478288392876,6.105820954690514,6.351222711233421,86759
2019-12-04,6.351222711233421,6.499585196959712,6.328992106991255,6.4456948417723625,50000
2019-12-05,6.4456948417723625,6.4841614069071,6.346693332366715,6.355646506200255,50000
2019-12-06,6.355646506200255,6.367207622900221,6.087918571122669,6.122724713112677,50000
2019-12-09,6.122724713112677,6.561732426763985,6.121407924161296,6.555598505866378,50000
2019-12-10,6.555598505866378,6.798426448297305,6.473741933349012,6.782366802944978,50000
2019-12-11,6.782366802944978,7.157548533812203,6.768918992872819,7.1358013454073275,50000
2019-12-12,7.1358013454073275,7.196526692611241,6.516679005194617,6.6102090191190035,50000
2019-12-13,6.6102090191190035,6.663015269831579,6.3684556276439634,6.389453050228624,59438
2019-12-16,6.389453050228624,6.515101131178061,6.368653169391278,6.478119180254823,61466
2019-12-17,6.478119180254823,6.660243109389831,6.445094475775289,6.612290518414074,50000
2019-12-18,6.612290518414074,6.650397756722293,6.333947331216827,6.350057124364341,50000
2019-12-19,6.350057124364341,6.560815303173638,6.318023558421956,6.515577814546793,50000
2019-12-20,6.515577814546793,6.549457916680788,6.2593745231985976,6.261625773633989,107641
2019-12-23,6.261625773633989,6.7414819196098605,6.1958720425527956,6.722630361775099,68025
2019-12-24,6.722630361775099,6.767053509302132,6.580469346297467,6.594585732110182,50000
2019-12-25,6.594585732110182,6.599086138128215,6.549556710268051,6.573457911578818,50000
2019-12-26,6.573457911578818,6.885389822756763,6.5346484752423715,6.855141162013269,92227
2019-12-27,6.855141162013269,6.8613511652099595,6.5633067648882655,6.573751684488889,50038
2019-12-30,6.573751684488889,6.901515621099131,6.5338873569404115,6.854426327336047,50000
2019-12-31,6.854426327336047,6.899759775438596,6.413247659146341,6.541149531155478,71716
2020-01-01,6.541149531155478,6.788595205956189,6.492508769064994,6.769730087599302,50000
2020-01-02,6.769730087599302,6.817744825571321,6.535138389610896,6.572971377871721,107226
2020-01-03,6.572971377871721,6.598055931737765,6.463764436551736,6.47382871362681,50000
2020-01-06,6.47382871362681,6.581812418954626,6.465035914363387,6.541440082549816,50000
2020-01-07,6.541440082549816,6.548590051469071,6.217870437870221,6.2484864267984195,50000
2020-01-08,6.2484864267984195,6.267147033509801,6.165846049824552,6.1701442086644605,50000
2020-01-09,6.1701442086644605,6.184696409517551,5.928464214817876,5.944718011522131,54588
2020-01-10,5.944718011522131,5.9537015695165865,5.700261248316124,5.7206471829176735,50000
2020-01-13,5.7206471829176735,5.780713501117478,5.592050381028498,5.60547953534538,50000
2020-01-14,5.60547953534538,5.949261889516603,5.5074445040892925,5.916638853078949,50000
2020-01-15,5.916638853078949,6.205411284425556,5.907001151097693,6.132127973145308,50000
2020-01-16,6.132127973145308,6.492212916550634,6.094135326452816,6.456758479656438,50000
2020-01-17,6.456758479656438,6.480037584418909,6.433462674079273,6.468530972155501,55812
2020-01-20,6.468530972155501,6.565806786440281,6.438255634609317,6.5516195232124055,50000
2020-01-21,6.5516195232124055,7.05289473787335,6.535813465137471,7.0138028464171205,50000
2020-01-22,7.0138028464171205,7.2443934258883385,6.961665781039605,7.234624870350938,105792
2020-01-23,7.234624870350938,7.2392737621154595,7.1525567061477195,7.179927550124899,89239
2020-01-24,7.179927550124899,7.2288177343061975,6.928344680914735,6.971209860533213,50000
2020-01-27,6.971209860533213,7.489267395939092,6.945829633704299,7.457612333703968,50000
2020-01-28,7.457612333703968,7.473838998421597,7.419555188348056,7.4539411774597655,50000
2020-01-29,7.4539411774597655,7.478931614713975,7.356716713321584,7.399755289798808,50000
2020-01-30,7.399755289798808,7.619744074381301,7.3989905979781065,7.616952194478362,50000
2020-01-31,7.616952194478362,7.755611858275957,7.573777688072492,7.743094497661675,133556
2020-02-03,7.743094497661675,7.800155181324097,7.7256335599719055,7.797257540593923,50000
2020-02-04,7.797257540593923,8.052423482935767,7.702932895530675,8.037806619562506,50000
2020-02-05,8.037806619562506,8.15321083600813,8.007237020967825,8.143342476811014,50000
2020-02-06,8.143342476811014,8.809195630984016,8.058789487958443,8.731146003297033,50000
2020-02-07,8.731146003297033,8.924873044339364,8.723712405322969,8.921307829330482,50000
2020-02-10,8.921307829330482,9.204521787645069,8.824094264734189,9.172952578526049,52081
2020-02-11,9.172952578526049,9.21175890669888,8.942451228730576,8.958548222653253,50000
2020-02-12,8.958548222653253,9.196365866631188,8.906265660596349,9.143912410496132,50000
2020-02-13,9.143912410496132,9.165992873964985,8.997802326550865,9.024112822749311,50000
2020-02-14,9.024112822749311,9.085409199556505,8.934414883620317,9.021428336366984,50000
2020-02-17,9.021428336366984,9.045016127112483,8.972386205781753,9.025975782631487,50000
2020-02-18,9.025975782631487,9.201788294721588,8.987472158644666,9.157914339028897,121542
2020-02-19,9.157914339028897,9.179239122150673,8.652152049451189,8.652955628029835,50000
2020-02-20,8.652955628029835,9.272947917271672,8.57661550149023,9.239036394503923,50000
2020-02-21,9.239036394503923,9.293167882367941,9.211149111934263,9.232992997172454,50000
2020-02-24,9.232992997172454,9.652744434788616,9.17905205841675,9.613524683235887,50000
2020-02-25,9.613524683235887,9.750255576988724,9.543963665323508,9.714948280714331,50000
2020-02-26,9.714948280714331,9.979475424940933,9.669003404940987,9.975668743162148,50000
2020-02-27,9.975668743162148,10.394935630962536,9.966118637130704,10.387979687510473,66104
2020-02-28,10.387979687510473,10.480788380794976,10.2928076759305,10.306926480903908,99968
2020-03-02,10.306926480903908,10.310167961680094,9.442789761215906,9.580914896209359,70021
2020-03-03,9.580914896209359,9.974614857835123,9.552457157222683,9.89022932417163,50000
2020-03-04,9.89022932417163,9.923978955618841,9.86959786586872,9.911234382523581,86721
2020-03-05,9.911234382523581,9.945433777579185,9.842804701353058,9.870129755356537,50000
2020-03-06,9.870129755356537,9.945795482580749,9.513239344220032,9.613220970054272,50000
2020-03-09,9.613220970054272,9.837636443690176,9.575980133542664,9.818403260794241,101955
2020-03-10,9.818403260794241,9.84702381235306,9.752475040997004,9.823374895132268,50000
2020-03-11,9.823374895132268,9.902580703721384,9.578254834693464,9.59204530773983,68580
2020-03-12,9.59204530773983,9.99839451500202,9.585868504194687,9.980436383441493,50000
2020-03-13,9.980436383441493,10.112597730562923,9.512638848243775,9.526274947683373,50000
2020-03-16,9.526274947683373,9.63997669653078,9.034295431887019,9.071103277897292,56303
2020-03-17,9.071103277897292,9.193019318073507,8.567376408649956,8.616903756616102,50000
2020-03-18,8.616903756616102,8.630343967614213,8.213301616072972,8.248369492837412,100242
2020-03-19,8.248369492837412,8.305162910281837,7.956791457877847,7.957969289408073,50000
2020-03-20,7.957969289408073,8.032941691336655,7.583238488947816,7.630624082346212,50000
2020-03-23,7.630624082346212,7.695046862944481,7.177926110049435,7.196384802523693,94558
2020-03-24,7.196384802523693,7.214745788089614,7.092297718680035,7.113094218528935,50000
2020-03-25,7.113094218528935,7.208348108254742,7.07889354514895,7.193802553468808,50000
2020-03-26,7.193802553468808,7.198241919795638,7.091509584276199,7.14316707173013,53017
2020-03-27,7.14316707173013,7.169700473658341,7.0142248259106905,7.036947501985895,50000
2020-03-30,7.036947501985895,7.383952780520238,7.0327182141986775,7.298958729560597,50000
2020-03-31,7.298958729560597,7.302508595025661,7.240015578685906,7.288957242244496,83993
2020-04-01,7.288957242244496,7.34029839418793,6.9312687119422485,6.949197534137773,113758
2020-04-02,6.949197534137773,6.95441004067749,6.78317240079041,6.833250802190647,50000
2020-04-03,6.833250802190647,6.931544944302155,6.831168542897246,6.926343776599947,56987
2020-04-06,6.926343776599947,7.215883959722357,6.859135526392228,7.209332357668515,50000
2020-04-07,7.209332357668515,7.443319096766637,7.204601859565748,7.418273081998481,50000
2020-04-08,7.418273081998481,7.428591425885086,6.969378069475099,6.9817349504636175,50000
2020-04-09,6.9817349504636175,7.388562111903016,6.9656140425905475,7.376782237618209,50000
2020-04-10,7.376782237618209,7.695096313570991,7.345294850446256,7.654918002779278,50000
2020-04-13,7.654918002779278,7.67420348970901,7.483260498629589,7.50437295321772,132222
2020-04-14,7.50437295321772,7.677105088874271,7.485380532625642,7.6752435505962255,130046
2020-04-15,7.6752435505962255,8.018062105669262,7.6455975980991155,7.912869247605151,50000
2020-04-16,7.912869247605151,7.9919984592354165,7.43209003061913,7.433769787241916,50000
2020-04-17,7.433769787241916,7.588860990968294,7.424731717122216,7.562509100190763,50000
2020-04-20,7.562509100190763,7.616408297666848,7.087081446432056,7.136381359194316,50000
2020-04-21,7.136381359194316,7.350351262606169,7.1044215550838565,7.262619389564234,75043
2020-04-22,7.262619389564234,7.522779247428502,7.18685568667229,7.519285149825986,50000
2020-04-23,7.519285149825986,7.547204175442125,7.181011340919725,7.234463357461594,50000
2020-04-24,7.234463357461594,7.282470948459462,6.86427518387052,6.883427511465466,50000
2020-04-27,6.883427511465466,6.91894732132615,6.694586203748825,6.705228445839649,50000
2020-04-28,6.705228445839649,6.713061360716088,6.381003681693417,6.389383226264663,50000
2020-04-29,6.389383226264663,6.648712351213459,6.3791910031226084,6.587756038326801,50000
2020-04-30,6.587756038326801,7.144340325737591,6.563005940026762,7.12707120557916,50000
2020-05-01,7.12707120557916,7.157672000723257,6.993044763858332,7.021214677704432,96818
2020-05-04,7.021214677704432,7.040047456934995,6.746203025664919,6.748802722485259,50000
2020-05-05,6.748802722485259,6.812078543440218,6.748059244009456,6.7571779419791485,50000
2020-05-06,6.7571779419791485,6.8496068283208915,6.746806993799309,6.837345455111601,50000
2020-05-07,6.837345455111601,6.847699290342912,6.682067215928702,6.68642784764235,50000
2020-05-08,6.68642784764235,6.938227944810448,6.675390178362263,6.84296764567384,50000
2020-05-11,6.84296764567384,6.853163048730225,6.576401280979953,6.595123569044952,77471
2020-05-12,6.595123569044952,6.814180135276131,6.552929213884975,6.754661370425185,50000
2020-05-13,6.754661370425185,7.177417404696083,6.704580990538802,7.15495080312973,50000
2020-05-14,7.15495080312973,7.1865614254455785,6.940177605515312,6.971844536258882,50000
2020-05-15,6.971844536258882,7.08315173022088,6.934599486701502,7.06849777847424,50000
2020-05-18,7.06849777847424,7.075738130187477,7.045562427151818,7.0744422161904055,50000
2020-05-19,7.0744422161904055,7.111352293171494,6.512890637102359,6.562645679334048,50000
2020-05-20,6.562645679334048,6.976243142560463,6.509190729326244,6.961329808900274,50000
2020-05-21,6.961329808900274,6.998770831868429,6.553834846928464,6.6047466554531935,52742
2020-05-22,6.6047466554531935,6.8944732018650505,6.586204176346871,6.862685988410052,50000
2020-05-25,6.862685988410052,7.120546516255198,6.839571448141166,7.099054509855651,50000
2020-05-26,7.099054509855651,7.156539283288233,6.971800205003222,7.113882036476,105321
2020-05-27,7.113882036476,7.216870194983773,6.662616686028136,6.710305494519983,173892
2020-05-28,6.710305494519983,6.799744816354537,6.709349196509397,6.745832883154808,50000
2020-05-29,6.745832883154808,6.8463493777454145,6.741925841288405,6.798008255917049,50000
2020-06-01,6.798008255917049,6.956254579199472,6.763802705288407,6.930438341343649,50000
2020-06-02,6.930438341343649,6.933324763790295,6.858548784544515,6.898441170709769,50000
2020-06-03,6.898441170709769,7.712631240735596,6.898384960993779,7.611327995263386,50000
2020-06-04,7.611327995263386,7.787061325717278,7.602527152433529,7.64370599257016,50000
2020-06-05,7.64370599257016,7.69566461688008,7.436738210934178,7.454167598534149,50000
2020-06-08,7.454167598534149,7.702481791430834,7.398669585835659,7.631213678254223,50000
2020-06-09,7.631213678254223,7.670389075975599,6.92923118777711,6.966534978204199,50000
2020-06-10,6.966534978204199,7.02023914059088,6.902064561579246,6.940063006569907,101916
2020-06-11,6.940063006569907,7.091804989667137,6.741015999355209,6.762756155868218,50000
2020-06-12,6.762756155868218,6.907723110096408,6.71096586178827,6.90620176952053,50000
2020-06-15,6.90620176952053,6.932407888904532,6.679970700549147,6.814863549216887,50000
2020-06-16,6.814863549216887,6.833126790404942,6.75309028682623,6.808479191625186,57606
2020-06-17,6.808479191625186,7.4121384155000145,6.802747811605859,7.369972176105171,66547
2020-06-18,7.369972176105171,7.383262186155635,6.403924173791231,6.413317386350988,50000
2020-06-19,6.413317386350988,6.50373697368834,6.398149407957678,6.495510085329377,140908
2020-06-22,6.495510085329377,6.508135073726976,6.207519338686874,6.269058925739864,50000
2020-06-23,6.269058925739864,6.749631246764785,6.255838521920681,6.704123235173072,50000
2020-06-24,6.704123235173072,6.828972629433445,6.696294566379458,6.809223803798978,50000
2020-06-25,6.809223803798978,6.855061228278793,6.491203170066402,6.509707287610198,50000
2020-06-26,6.509707287610198,6.629806870234157,6.4992412798061165,6.603790359534873,50000
2020-06-29,6.603790359534873,6.690959345130638,6.29283157187029,6.340367219242784,138949
2020-06-30,6.340367219242784,6.38089710696593,6.184431039822022,6.195912030835967,50000
2020-07-01,6.195912030835967,6.650280175534565,6.170301082815386,6.627542772191766,50000
2020-07-02,6.627542772191766,7.040218432346946,6.534693489629279,6.986589510725521,50000
2020-07-03,6.986589510725521,7.0241444828773485,6.656167329448872,6.672844959603447,50000
2020-07-06,6.672844959603447,6.886109739364723,6.646940451932618,6.847651882394495,50000
2020-07-07,6.847651882394495,6.86318791427591,6.564001805602309,6.602437455794271,50409
2020-07-08,6.602437455794271,6.692233576186887,6.180415166006984,6.204135377270245,66622
2020-07-09,6.204135377270245,6.686304478003039,6.199465272634883,6.686034439813984,50000
2020-07-10,6.686034439813984,6.9104166434285705,6.664582146744393,6.8972297211856475,50000
2020-07-13,6.8972297211856475,7.373437667831583,6.862051439482503,7.366018934582335,54532
2020-07-14,7.366018934582335,7.618020766969515,7.303182610446691,7.563676833717792,50000
2020-07-15,7.563676833717792,7.567973325995844,7.535875146281111,7.545560515439572,100813
2020-07-16,7.545560515439572,8.043678552053699,7.510318919173988,8.024720486373397,83232
2020-07-17,8.024720486373397,8.422801758744114,7.995576558865935,8.392337606687871,50000
2020-07-20,8.392337606687871,8.405901650640569,8.11677331618208,8.219050158545844,50000
2020-07-21,8.219050158545844,8.247544090659616,7.923753528502983,7.957698897712124,50000
2020-07-22,7.957698897712124,7.980651420633645,7.616439598163453,7.656124495292481,50000
2020-07-23,7.656124495292481,7.671681419562863,7.587712941676647,7.633943261195186,65109
2020-07-24,7.633943261195186,7.6872403015450415,7.621313642970051,7.685657824992254,50000
2020-07-27,7.685657824992254,7.718622799770289,7.6581552615594894,7.696580029171139,50000
2020-07-28,7.696580029171139,7.70706121581677,7.591500291535075,7.625301104995819,57668
2020-07-29,7.625301104995819,7.641994530417449,7.575181998726527,7.606432706944972,60245
2020-07-30,7.606432706944972,7.612813899278607,7.579537837988934,7.5847575191673995,50000
2020-07-31,7.5847575191673995,7.663826378169214,6.991260018807026,6.996854354415069,50000
2020-08-03,6.996854354415069,6.999209276703891,6.417348524358481,6.426970835077507,50000
2020-08-04,6.426970835077507,6.472234046849176,6.300929514106777,6.31297450028424,50000
2020-08-05,6.31297450028424,6.760518886719731,6.312038329790417,6.695518074698003,50000
2020-08-06,6.695518074698003,6.869316553225083,6.6799489595434975,6.829026096229059,50000
2020-08-07,6.829026096229059,6.849730385816568,6.359182532791374,6.404117459695057,50000
2020-08-10,6.404117459695057,6.4291617286794285,6.3260560778030595,6.33252960568554,50000
2020-08-11,6.33252960568554,6.708051393753591,6.277681834625861,6.659075948895195,213853
2020-08-12,6.659075948895195,6.752388038693564,6.627976209400541,6.735461458027457,50000
2020-08-13,6.735461458027457,7.054293901440589,6.720896501411024,6.989293399684516,62537
2020-08-14,6.989293399684516,7.184599750258517,6.8815554363328175,7.166661473581624,50000
2020-08-17,7.166661473581624,7.5433521065952345,7.080605140198093,7.5148872271309575,50000
2020-08-18,7.5148872271309575,7.522894812175066,7.234904672258898,7.269498858374407,50000
2020-08-19,7.269498858374407,7.85100857931582,7.21719109003097,7.822297792427595,50000
2020-08-20,7.822297792427595,7.843600270615269,7.527583718696703,7.595420799813213,102368
2020-08-21,7.595420799813213,8.055661616017417,7.560592714974965,8.045063976497664,50000
2020-08-24,8.045063976497664,8.167735598828358,8.043591522636797,8.121800895429237,98245
2020-08-25,8.121800895429237,8.405768808963046,8.108897393073809,8.330172356146853,50000
2020-08-26,8.330172356146853,8.39329635300193,8.209560517195593,8.231407811190987,74507
2020-08-27,8.231407811190987,8.346708913428554,8.18345061314992,8.303339206382859,50000
2020-08-28,8.303339206382859,8.529014331209563,8.29683196124227,8.5253772947747,50000
2020-08-31,8.5253772947747,8.565979880007673,8.193131565818272,8.245887716781663,176060
2020-09-01,8.245887716781663,8.348563283067863,8.106078386570589,8.307656074130565,50000
2020-09-02,8.307656074130565,8.702314394372982,8.296392005500051,8.696484998176173,95305
2020-09-03,8.696484998176173,8.826862315031148,8.597808803474814,8.808305450429174,50000
2020-09-04,8.808305450429174,8.877610238012842,8.733500101660121,8.86375111970422,50000
2020-09-07,8.86375111970422,8.960397364530207,8.830245341763723,8.841488347526822,50000
2020-09-08,8.841488347526822,8.964391601181472,8.775998067224599,8.937692309534928,118846
2020-09-09,8.937692309534928,8.990724326501685,8.762574527592038,8.781948918629244,50000
2020-09-10,8.781948918629244,8.841476003839325,8.658573443679048,8.703548889726836,50000
2020-09-11,8.703548889726836,9.115130057160023,8.597241190840714,9.022873103225216,51376
2020-09-14,9.022873103225216,9.191864666207385,8.99384205938453,9.068528634958541,50000
2020-09-15,9.068528634958541,9.124879518999972,8.61019013447374,8.643768257539907,50000
2020-09-16,8.643768257539907,8.986207464714528,8.606105350592648,8.967868255493151,50000
2020-09-17,8.967868255493151,9.441867689111682,8.915607588683569,9.433533286465215,50000
2020-09-18,9.433533286465215,9.754225069484423,9.35658036528842,9.744792005533096,109112
2020-09-21,9.744792005533096,10.0135976157874,9.711221112482502,10.009817966860334,50000
2020-09-22,10.009817966860334,10.157086702583447,9.9540966150527,9.973999353072585,101910
2020-09-23,9.973999353072585,10.067395185241358,9.726245718755747,9.787897618672941,63955
2020-09-24,9.787897618672941,9.9453947420376,9.714187283934121,9.891826226316804,50000
2020-09-25,9.891826226316804,9.901145313400997,9.68354591458447,9.685622579237188,111510
2020-09-28,9.685622579237188,9.687535775628449,9.499497864647612,9.524835820881087,50000
2020-09-29,9.524835820881087,9.838440196455842,9.495016900611773,9.756293279661353,50000
2020-09-30,9.756293279661353,9.811160108483904,9.731115618079023,9.738450737290673,50719
2020-10-01,9.738450737290673,9.786186736944043,9.51312353403169,9.525361044595769,50000
2020-10-02,9.525361044595769,9.991446448817594,9.46863240740809,9.940418815520554,50000
2020-10-05,9.940418815520554,10.628180595663304,9.85075908937174,10.47042095976873,50000
2020-10-06,10.47042095976873,10.488933535289972,10.140225660566857,10.199600523919758,97219
2020-10-07,10.199600523919758,10.217396800101577,10.015026373276921,10.043085499367049,78184
2020-10-08,10.043085499367049,10.072323392208222,9.779012623285594,9.831467437552611,50000
2020-10-09,9.831467437552611,9.88674160385382,9.787346051245125,9.86522046182157,76165
2020-10-12,9.86522046182157,9.910760312197493,9.623234531255944,9.771544085894874,58993
2020-10-13,9.771544085894874,9.799298962447082,9.521384274091817,9.598665854768395,50000
2020-10-14,9.598665854768395,9.640912693369062,9.0511001952736,9.051327955463904,50000
2020-10-15,9.051327955463904,9.432443958690989,9.0427830964366,9.431743953946246,50000
2020-10-16,9.431743953946246,9.526617548318569,9.356840268898369,9.409873727097374,50000
2020-10-19,9.409873727097374,9.469141885843886,9.173840840251499,9.186841485362041,50000
2020-10-20,9.186841485362041,9.421768993097448,9.182916072167007,9.373487949096836,50000
2020-10-21,9.373487949096836,9.99248422187654,9.354074316014833,9.985218526150765,145021
2020-10-22,9.985218526150765,10.075539953332877,9.971716842035125,10.072122406636277,50000
2020-10-23,10.072122406636277,10.163002070109643,9.989441092841554,10.026973439124044,50000
2020-10-26,10.026973439124044,10.02835596133577,9.844895191217885,9.861468282935896,50000
2020-10-27,9.861468282935896,9.900123033366048,9.796212949281216,9.80910483192317,69203
2020-10-28,9.80910483192317,9.809941216354769,9.596841269538311,9.642640154585258,83891
2020-10-29,9.642640154585258,9.742907208243418,9.626403803462733,9.649519840690125,50000
2020-10-30,9.649519840690125,9.823237005673105,9.645245039376514,9.785172809183866,50000
2020-11-02,9.785172809183866,10.492287779138275,9.761319633523053,10.468491289554754,50000
2020-11-03,10.468491289554754,11.031010192099874,10.392608054438615,11.010502791644244,50000
2020-11-04,11.010502791644244,11.074002224663289,10.607574270284596,10.62517480900575,50000
2020-11-05,10.62517480900575,11.32099512679145,10.593519096927235,11.206121844970836,50000
2020-11-06,11.206121844970836,11.217639704143368,10.846135166745333,10.940534455201913,50000
2020-11-09,10.940534455201913,11.004622626653301,10.820406400748846,10.90311354964278,50000
2020-11-10,10.90311354964278,11.24375116438877,10.807762201514418,11.220466041518776,50000
2020-11-11,11.220466041518776,11.27466377119646,11.116025460849539,11.161749173969683,50000
2020-11-12,11.161749173969683,11.193177703167542,11.055086462770312,11.189088419538297,50000
2020-11-13,11.189088419538297,11.206000487795013,10.878579592467647,10.8856454450733,93951
2020-11-16,10.8856454450733,11.123000288784125,10.817595611659998,11.109449260895753,50000
2020-11-17,11.109449260895753,11.659476097762289,10.98536655774764,11.646900944635926,56323
2020-11-18,11.646900944635926,12.19824824952603,11.628258401255664,12.132308514223705,50000
2020-11-19,12.132308514223705,12.225073614888709,11.9741392673359,12.08708001983924,50000
2020-11-20,12.08708001983924,12.132579277744883,11.731038422532425,11.85343163349534,65020
2020-11-23,11.85343163349534,12.053366751205687,11.661692769900549,12.040371300794307,50000
2020-11-24,12.040371300794307,12.297860574701865,12.02191411018589,12.237513054262354,50000
2020-11-25,12.237513054262354,12.497975862786104,12.084961434053518,12.350932602360908,50000
2020-11-26,12.350932602360908,12.607837890144413,12.215390866275843,12.541163301396535,74816
2020-11-27,12.541163301396535,12.735745772577662,11.966967595711646,12.030075674320202,50000
2020-11-30,12.030075674320202,12.227915103200017,11.90575010143146,12.16134031563821,50000
2020-12-01,12.16134031563821,12.322819051475495,12.089845016994019,12.296367047960524,65512
2020-12-02,12.296367047960524,12.588744210055832,12.229774119776987,12.522418522251455,50000
2020-12-03,12.522418522251455,12.650345929396964,12.421853687726523,12.452127792965499,80966
2020-12-04,12.452127792965499,12.642148514539755,12.442943836012716,12.470766315170664,176353
2020-12-07,12.470766315170664,13.514493600235577,12.436324440189175,13.477293641881431,50000
2020-12-08,13.477293641881431,14.107432313547232,13.441596817491092,14.08409501477096,50157
2020-12-09,14.08409501477096,14.788433320946556,14.001664905530893,14.635790331826357,50000
2020-12-10,14.635790331826357,14.711728409406712,14.506463188015557,14.577095778648774,50000
2020-12-11,14.577095778648774,14.783793886141417,14.507182375320642,14.715871550281681,50000
2020-12-14,14.715871550281681,14.768671869838009,14.316050619590573,14.392274385926614,50000
2020-12-15,14.392274385926614,14.531835735237156,13.97239822887685,14.047442110424802,50000
2020-12-16,14.047442110424802,14.101622109845,13.782791267176243,13.939578367828734,152856
2020-12-17,13.939578367828734,14.418004836962442,13.855454256516936,14.274553399156552,50000
2020-12-18,14.274553399156552,14.44015091330562,13.966290145819013,14.028042126125458,50000
2020-12-21,14.028042126125458,14.255022589484183,14.000896785607724,14.242160473698968,50000
2020-12-22,14.242160473698968,14.394937178692846,13.84462951939047,13.875135599376591,58885
2020-12-23,13.875135599376591,14.96180569720674,13.812179478765364,14.892270309546893,57085
2020-12-24,14.892270309546893,14.923758014939258,14.513502121581478,14.517204570925548,87154
2020-12-25,14.517204570925548,14.51863539808774,14.388004322507406,14.50852793653705,50000
2020-12-28,14.50852793653705,14.526867027504254,14.304714456075425,14.333687048369779,52869
2020-12-29,14.333687048369779,14.41254232566839,14.117092549510836,14.298596017173093,50000
2020-12-30,14.298596017173093,14.526824720917524,14.178535285365834,14.227881222906639,50000
2020-12-31,14.227881222906639,14.487412236883694,14.106423505906985,14.335304886938317,50000
2021-01-01,14.335304886938317,14.338544586260689,14.09124077932282,14.103776547078457,104163
2021-01-04,14.103776547078457,14.416396745919897,13.96406251747758,14.34868135608742,76635
2021-01-05,14.34868135608742,14.467827802003235,14.182061001713976,14.220101852213288,50000
2021-01-06,14.220101852213288,14.388002962746471,13.4602370759864,13.51401271070723,50000
2021-01-07,13.51401271070723,13.705181013502393,13.316646119455745,13.63886705285166,52402
2021-01-08,13.63886705285166,13.699245779460897,13.105152696001666,13.127820304609738,50000
2021-01-11,13.127820304609738,13.244228722614329,12.62990693858469,12.64660928807855,52308
2021-01-12,12.64660928807855,13.073298858820614,12.590302964312945,13.03469693458226,50000
2021-01-13,13.03469693458226,13.126368153700904,12.834385780418163,12.863423591872264,50000
2021-01-14,12.863423591872264,13.007766374661898,12.774466725826482,12.841818537447221,53067
2021-01-15,12.841818537447221,12.989655519598022,12.83072183251135,12.893949143688658,50000
2021-01-18,12.893949143688658,13.26999580843216,12.830129899185106,13.20086334271824,50000
2021-01-19,13.20086334271824,13.56883314843893,12.986667693135265,13.522034211785908,50000
2021-01-20,13.522034211785908,13.66982859907326,13.438383559283194,13.625008146283493,50000
2021-01-21,13.625008146283493,13.773263847314388,13.561327984552367,13.712996894705487,50000
2021-01-22,13.712996894705487,14.000446848842278,13.65270850022414,13.855414060515553,50000
2021-01-25,13.855414060515553,14.09418738186082,13.849817218185994,14.00604918649045,50000
2021-01-26,14.00604918649045,14.096276787318445,14.002685751731057,14.019405830787855,50000
2021-01-27,14.019405830787855,14.060289673433365,13.741069403699006,13.807861364541314,231677
2021-01-28,13.807861364541314,13.81445330207832,13.40194526254205,13.590743335393755,50000
2021-01-29,13.590743335393755,13.601571170577214,13.36377065157894,13.413351943622335,50000
2021-02-01,13.413351943622335,13.781015901214168,13.363730597777371,13.732923578870794,58301
2021-02-02,13.732923578870794,14.015908875071773,13.722515375838146,13.994747473320935,50000
2021-02-03,13.994747473320935,14.078137830191155,13.977224080205671,13.983963250267008,50000
2021-02-04,13.983963250267008,14.164976906102122,13.943932306766474,14.125412463659243,50000
2021-02-05,14.125412463659243,14.162898658858584,14.058343582964765,14.07637520146049,50000
2021-02-08,14.07637520146049,14.32724298546978,14.047387894727562,14.258436428037994,50000
2021-02-09,14.258436428037994,14.45489510795556,14.188706552043993,14.444441384210602,50000
2021-02-10,14.444441384210602,14.528280886207794,14.393360112033594,14.486708364218174,61888
2021-02-11,14.486708364218174,14.84237748112509,14.468314413939016,14.800355358034015,50000
2021-02-12,14.800355358034015,14.867022336785572,14.694078627387105,14.761206915761605,50000
2021-02-15,14.761206915761605,14.785468345948992,14.223037436929992,14.271560711191352,50000
2021-02-16,14.271560711191352,14.31413228434922,14.232361844198111,14.240049416308057,50000
2021-02-17,14.240049416308057,14.31804487885764,13.896188697270668,13.970984909340679,50000
2021-02-18,13.970984909340679,14.029734019987567,13.722896879601992,13.763451241829957,50000
2021-02-19,13.763451241829957,14.031667952458125,13.691202994380202,13.959726595684216,50000
2021-02-22,13.959726595684216,14.43635011741479,13.879672424117356,14.427942303956693,58551
2021-02-23,14.427942303956693,14.672448844914975,14.421173094013737,14.602144163289935,99703
2021-02-24,14.602144163289935,14.632346888676167,14.248866748850702,14.314903228594124,50000
2021-02-25,14.314903228594124,14.523784122546525,14.26079635713083,14.500790760087936,50000
2021-02-26,14.500790760087936,14.699644861422096,14.24485145814523,14.42891882326896,50000
2021-03-01,14.42891882326896,14.656750911453598,14.223857142803302,14.59295133206121,50000
2021-03-02,14.59295133206121,14.86237694127281,14.58374315018274,14.790450351160223,50000
2021-03-03,14.790450351160223,14.835959255883138,14.297863441178345,14.350630572505732,50000
2021-03-04,14.350630572505732,14.673741698889517,14.320772491226245,14.586246549843626,50000
2021-03-05,14.586246549843626,14.816344449305218,14.429226012032018,14.775655985898307,54099
2021-03-08,14.775655985898307,15.086267051682645,14.752763672763942,14.982658935131246,99941
2021-03-09,14.982658935131246,15.562565594424859,14.919522627958335,15.289102450661648,50000
2021-03-10,15.289102450661648,15.39909119038718,15.261455645430575,15.262236072950044,50000
2021-03-11,15.262236072950044,15.596013932268791,15.198633537398866,15.528362973112877,69010
2021-03-12,15.528362973112877,15.834291421787025,15.403787096192083,15.623220146423266,50000
2021-03-15,15.623220146423266,15.66143904054664,15.140973166491309,15.24741460472507,83829
2021-03-16,15.24741460472507,15.254826267509708,14.969236187942487,14.969966040591018,69108
2021-03-17,14.969966040591018,15.12681924588705,14.400059451344715,14.51905723766566,50000
2021-03-18,14.51905723766566,14.566933087005685,14.443340694633003,14.48564086366437,50000
2021-03-19,14.48564086366437,14.743591104912742,14.397739697777107,14.7360628094622,76617
2021-03-22,14.7360628094622,14.794356341657833,14.530444707958639,14.596901359745862,50000
2021-03-23,14.596901359745862,14.724028204620673,14.435257960893654,14.440467225351304,50000
2021-03-24,14.440467225351304,14.485552016152448,13.94200688175657,13.959110698151328,70542
2021-03-25,13.959110698151328,14.162442395154578,13.94188201572744,14.03312797446632,51870
2021-03-26,14.03312797446632,14.337983587662373,13.891350304225643,14.168470525312477,50000
2021-03-29,14.168470525312477,14.201405895305808,14.139084694630139,14.143160843709422,50000
2021-03-30,14.143160843709422,14.633297939498155,14.126680038476733,14.56981696975344,50000
2021-03-31,14.56981696975344,15.063560386382147,14.524135204618023,14.985007503725273,50000
2021-04-01,14.985007503725273,15.17187319989091,14.529165621599358,14.614669298930531,50000
2021-04-02,14.614669298930531,14.629927377263982,14.230325188216224,14.238629293444621,64815
2021-04-05,14.238629293444621,14.387768327792266,14.168106670494595,14.193373336951176,65894
2021-04-06,14.193373336951176,14.29840901500493,14.114181032015017,14.166133443077209,155811
2021-04-07,14.166133443077209,14.26609056074545,14.051633518515201,14.077936843149441,50000
2021-04-08,14.077936843149441,14.45762748425608,13.979289223041418,14.290763522286063,50000
2021-04-09,14.290763522286063,14.391538862699536,14.243634521606433,14.376179868456685,50000
2021-04-12,14.376179868456685,14.620868434317103,14.322469384479218,14.59535832384958,71774
2021-04-13,14.59535832384958,14.727364711476056,14.586574952819918,14.713449065076487,50000
2021-04-14,14.713449065076487,14.731474383652342,14.382405799584939,14.517632758916298,82327
2021-04-15,14.517632758916298,14.73969421544247,14.508445256972774,14.63661290743141,50000
2021-04-16,14.63661290743141,14.710416774919421,14.255078504520588,14.428186854422693,50000
2021-04-19,14.428186854422693,14.861328844316255,14.319166697787443,14.719779864145556,50000
2021-04-20,14.719779864145556,14.878073324868176,14.699282393002344,14.84764058072634,271602
2021-04-21,14.84764058072634,15.368577764311244,14.757468621421145,15.33449398256733,50000
2021-04-22,15.33449398256733,15.773604302805174,15.25949523714715,15.629813780192181,50000
2021-04-23,15.629813780192181,15.723786272978817,15.558010284900247,15.665202360870762,50000
2021-04-26,15.665202360870762,15.922541828596838,15.590238850857425,15.812627919262962,86810
2021-04-27,15.812627919262962,15.892470711304343,15.526176302338346,15.671677717843123,148941
2021-04-28,15.671677717843123,15.716168472255836,15.211495546399718,15.343120001218782,59154
2021-04-29,15.343120001218782,15.64698733354572,14.649523094343058,14.769522942101487,59521
2021-04-30,14.769522942101487,14.827870701360483,14.330523807917123,14.44768137581981,50000
2021-05-03,14.44768137581981,14.702603138310707,14.246494295358652,14.659170125829013,50000
2021-05-04,14.659170125829013,14.954964678271713,14.503266682248894,14.939079475594609,55191
2021-05-05,14.939079475594609,15.234812853092222,14.869026867984218,15.160044297501766,50000
2021-05-06,15.160044297501766,15.454788198081465,15.08054310114048,15.352457058247564,50000
2021-05-07,15.352457058247564,15.508437231967005,14.859821303507973,15.025025683750979,50000
2021-05-10,15.025025683750979,15.062471736085055,14.990350954547534,15.043353172916573,50000
2021-05-11,15.043353172916573,15.198798976549908,14.92463227921579,15.076410823302787,98267
2021-05-12,15.076410823302787,15.449163275213655,15.001121108762023,15.353928175162254,59893
2021-05-13,15.353928175162254,15.538253521914479,15.326530099424733,15.457899557495915,50000
2021-05-14,15.457899557495915,15.46883039801382,14.59673355773613,14.85541496830511,50000
2021-05-17,14.85541496830511,15.517731225836952,14.725100972751518,15.411802102037843,84477
2021-05-18,15.411802102037843,15.56714819190971,15.361137556451673,15.547244115012912,184047
2021-05-19,15.547244115012912,15.787976398569882,15.337730810444866,15.782750291673812,63624
2021-05-20,15.782750291673812,15.931876913442228,15.667143571354826,15.922606885606113,50000
2021-05-21,15.922606885606113,15.943528271248388,15.720023963695892,15.79039979868015,50000
2021-05-24,15.79039979868015,15.876809938489767,15.37208148792235,15.372439172844453,51038
2021-05-25,15.372439172844453,15.563055062802295,15.365122057663944,15.523315904574684,50633
2021-05-26,15.523315904574684,15.588665092693098,15.091181328178584,15.309920484176208,72881
2021-05-27,15.309920484176208,15.40163024003879,15.004358701923364,15.156189435710564,50000
2021-05-28,15.156189435710564,15.26681673499194,14.919157484204543,15.258245353221522,50000
2021-05-31,15.258245353221522,15.46018261746065,15.008836993927043,15.12555758771584,123385
2021-06-01,15.12555758771584,15.220646157599742,15.00190600033756,15.067564651039609,57210
2021-06-02,15.067564651039609,15.071915407356624,14.773456103870808,14.977148898308432,50000
2021-06-03,14.977148898308432,15.480249843949565,14.962675690477967,15.420078988407631,50000
2021-06-04,15.420078988407631,15.618909035361414,15.186782062444275,15.616356911802644,50000
2021-06-07,15.616356911802644,15.919878468425727,15.523130896416635,15.912154357624344,135352
2021-06-08,15.912154357624344,16.05239268619557,15.72449659727084,15.738747339938685,50000
2021-06-09,15.738747339938685,15.778054287429155,15.570808604553578,15.627788598196656,50000
2021-06-10,15.627788598196656,15.714097760545648,15.288884202482546,15.363037056635656,69273
2021-06-11,15.363037056635656,15.423359935584712,15.08535985514288,15.101458687770558,50000
2021-06-14,15.101458687770558,15.284352173686939,15.019598179584646,15.222181463256995,50000
2021-06-15,15.222181463256995,15.515170105314159,15.181296112525262,15.495719383778269,50000
2021-06-16,15.495719383778269,15.698112269406797,15.451634156738491,15.490745182799827,50000
2021-06-17,15.490745182799827,15.892508644742815,15.387928648654709,15.84449647356862,50000
2021-06-18,15.84449647356862,16.001190504743644,15.81682331075662,15.835821930350022,50000
2021-06-21,15.835821930350022,16.06929919906262,15.817210048896705,15.997963286608515,50000
2021-06-22,15.997963286608515,16.033753011080798,15.761928140072923,15.831258810279266,50000
2021-06-23,15.831258810279266,16.300009687241186,15.776864462155634,16.260288783412225,50000
2021-06-24,16.260288783412225,16.636141596598264,16.25022775430758,16.352068333491214,50000
2021-06-25,16.352068333491214,16.35978429021716,15.94796827202769,15.9691382358639,50000
2021-06-28,15.9691382358639,16.118839615523296,15.944575133364772,16.03475415791839,50000
2021-06-29,16.03475415791839,16.583825124845248,16.024778872176718,16.4979728456512,112965
2021-06-30,16.4979728456512,16.64394758838942,16.43439331935133,16.52611966806149,50000
2021-07-01,16.52611966806149,16.8472279229036,16.50553132375674,16.610240670730526,50000
2021-07-02,16.610240670730526,17.24251456716997,16.459468663392006,16.974171962883098,50000
2021-07-05,16.974171962883098,16.980299837232657,16.824271271165667,16.909523248310627,50000
2021-07-06,16.909523248310627,17.240117064686057,16.80268662506767,17.166793717598253,54968
2021-07-07,17.166793717598253,17.24876529894946,17.077888722004108,17.190911957625907,50000
2021-07-08,17.190911957625907,17.267128239269795,17.131010560629196,17.212825409888882,50000
2021-07-09,17.212825409888882,17.35576659259054,16.912117951201896,16.999900221529032,50000
2021-07-12,16.999900221529032,17.267977862209484,16.517755442362244,16.66105873546822,50655
2021-07-13,16.66105873546822,16.87328507978393,16.56370513166175,16.836682485328396,50000
2021-07-14,16.836682485328396,17.076385369866394,16.79647489755559,17.003632563791054,50000
2021-07-15,17.003632563791054,17.022040713696597,16.912037487811745,16.966253100397857,50000
2021-07-16,16.966253100397857,17.57128418571923,16.877056833062028,17.54266430769259,50000
2021-07-19,17.54266430769259,17.832839046751786,17.469991250860673,17.775269229779827,50000
2021-07-20,17.775269229779827,17.78302753617066,17.652473261713027,17.71765456458202,50000
2021-07-21,17.71765456458202,17.851743868216158,17.507255678214936,17.622298687710657,50000
2021-07-22,17.622298687710657,17.754259333379608,17.605409421643092,17.75294693502685,50000
2021-07-23,17.75294693502685,18.06796117143915,17.689594778062926,17.861101316162063,50000
2021-07-26,17.861101316162063,17.900964489717506,17.447397174463184,17.541757654058834,57533
2021-07-27,17.541757654058834,17.61951697445325,17.412183518322752,17.618605793342333,50000
2021-07-28,17.618605793342333,17.741648862244435,17.396068269781598,17.684246067401467,50000
2021-07-29,17.684246067401467,17.728123271625606,17.124499543926856,17.223761487866224,63496
2021-07-30,17.223761487866224,17.24074987832118,16.784846225941862,17.021422443455684,61385
2021-08-02,17.021422443455684,17.5042470504748,17.02045342362087,17.22670195264159,50000
2021-08-03,17.22670195264159,17.734830181574075,17.15501225915015,17.674225243030442,247135
2021-08-04,17.674225243030442,17.749240001688054,17.533047855018,17.54741883837411,105064
2021-08-05,17.54741883837411,17.55396750376043,17.21829439798118,17.22107771525968,50000
2021-08-06,17.22107771525968,17.28820963135331,17.004817730618218,17.03163029450683,400157
2021-08-09,17.03163029450683,17.479321094281115,16.870073580221323,17.41818095552112,58094
2021-08-10,17.41818095552112,17.515881275463542,17.015838046786808,17.123111703086593,50000
2021-08-11,17.123111703086593,17.22584532133629,16.674930900227373,16.805190164746534,108342
2021-08-12,16.805190164746534,16.854779372120426,16.705664259113476,16.74266907267563,50000
2021-08-13,16.74266907267563,16.915133597945104,16.738191420523442,16.82880723001727,50000
2021-08-16,16.82880723001727,16.83884794426938,16.508141259171552,16.668080573790505,50000
2021-08-17,16.668080573790505,16.78985096857898,16.25875998967655,16.3624367229386,50000
2021-08-18,16.3624367229386,16.655086116541714,16.249567850272854,16.617790633727363,51143
2021-08-19,16.617790633727363,16.697334184243662,16.52119823079449,16.634348610121087,50000
2021-08-20,16.634348610121087,16.73478254340024,16.503481503778453,16.56960652133956,52092
2021-08-23,16.56960652133956,17.01880147882108,16.544569188730797,16.929001629272662,50000
2021-08-24,16.929001629272662,17.195236474597134,16.89064981190904,17.079290929650924,50000
2021-08-25,17.079290929650924,17.37131721107301,16.962044016304034,17.232325874209003,90068
2021-08-26,17.232325874209003,17.29297526342572,17.092924226840402,17.140582233560934,50000
2021-08-27,17.140582233560934,17.337740626231003,17.063492668076435,17.210286234665748,50000
2021-08-30,17.210286234665748,17.395095571322226,17.126094884801983,17.262154537299544,50000
2021-08-31,17.262154537299544,17.306029211698206,16.665415535318644,16.724412687758065,50000
2021-09-01,16.724412687758065,17.077360042196748,16.647714736654347,16.900607867949606,50000
2021-09-02,16.900607867949606,17.13056909387312,16.742255124470972,17.08112004095396,50000
2021-09-03,17.08112004095396,17.176499904234817,16.96465946153295,17.12454197565136,63377
2021-09-06,17.12454197565136,17.380092342668682,17.11765492273664,17.363490018294964,50000
2021-09-07,17.363490018294964,17.466082059056063,17.10605648049885,17.19829330286302,132216
2021-09-08,17.19829330286302,17.34074469458034,17.159690049226352,17.24644025831351,50000
2021-09-09,17.24644025831351,17.65008604200813,17.19221793765292,17.40581764438013,50000
2021-09-10,17.40581764438013,17.63373967379245,17.314707369812776,17.398377646962487,118983
2021-09-13,17.398377646962487,17.448789792287585,17.03496616247123,17.06012955714169,50000
2021-09-14,17.06012955714169,17.26815589192344,16.655994574743055,16.8191730988375,50000
2021-09-15,16.8191730988375,17.167420493370248,16.722984466892974,17.030072519267886,50000
2021-09-16,17.030072519267886,17.114392978681657,16.877578147992107,16.912738891363386,50000
2021-09-17,16.912738891363386,17.037185788495638,16.74335225081234,16.76769290032349,56616
2021-09-20,16.76769290032349,16.96526095863207,16.679575316853928,16.915312091168442,50000
2021-09-21,16.915312091168442,17.068035333883707,16.553183705086724,16.627793203293102,82407
2021-09-22,16.627793203293102,16.75967586264957,16.37429232182811,16.47546402574352,75099
2021-09-23,16.47546402574352,16.533073133030946,16.39826755719161,16.44564764383977,50000
2021-09-24,16.44564764383977,16.94496065331639,16.391237980730256,16.921166635288802,50000
2021-09-27,16.921166635288802,17.089248071390536,16.873228000303904,16.8882785187313,50000
2021-09-28,16.8882785187313,17.190117435739396,16.777565470625394,17.154416447276972,50000
2021-09-29,17.154416447276972,17.211742849813984,16.726449785838415,16.904149660500156,50000
2021-09-30,16.904149660500156,17.13959233468928,16.787817312797362,16.955082845730615,50000
2021-10-01,16.955082845730615,17.45184097694021,16.919703275790564,17.293423043778038,59283
2021-10-04,17.293423043778038,17.352396900007378,16.96559826503242,17.190784818958694,50000
2021-10-05,17.190784818958694,17.391853132072594,17.119379712307158,17.370187293576475,50000
2021-10-06,17.370187293576475,17.588768767199443,17.26210060775542,17.568315565582353,112768
2021-10-07,17.568315565582353,17.583192325616704,17.30070471876382,17.31111198290624,90729
2021-10-08,17.31111198290624,17.808071844277233,17.248883031565484,17.596128265132666,50000
2021-10-11,17.596128265132666,17.710271682779293,17.5393914939831,17.706312344650044,50000
2021-10-12,17.706312344650044,17.745346164904102,17.525454462121846,17.62238076965921,50000
2021-10-13,17.62238076965921,17.906473819515046,17.517229981563297,17.771975332681613,50000
2021-10-14,17.771975332681613,18.108454341222313,17.66616208316037,17.922898000661796,97420
2021-10-15,17.922898000661796,17.94275938225487,17.854415099634387,17.931344145953243,50000
2021-10-18,17.931344145953243,18.14711968520038,17.82470972307538,18.048549774625922,50000
2021-10-19,18.048549774625922,18.074210272288166,17.558769680499918,17.582985916613005,50000
2021-10-20,17.582985916613005,17.687227791563092,17.13814251599291,17.3566677346979,92380
2021-10-21,17.3566677346979,17.399934864552396,17.26079436713979,17.376518085748017,50000
2021-10-22,17.376518085748017,17.506131392145537,17.003697385430517,17.043783120824056,261672
2021-10-25,17.043783120824056,17.407404104944757,16.960175974026196,17.342929001189006,50000
2021-10-26,17.342929001189006,17.45569565945549,17.05201659475664,17.282137218116734,61525
2021-10-27,17.282137218116734,17.322831812714156,16.960301503895735,17.038557773367362,50000
2021-10-28,17.038557773367362,17.129722774321134,16.95945253316678,17.07540898662849,53421
2021-10-29,17.07540898662849,17.20584926363923,16.957092276317162,17.024708486743965,50000
2021-11-01,17.024708486743965,17.069736891152772,16.74714001958289,16.766340489769615,50000
2021-11-02,16.766340489769615,16.8907885776316,16.223585386670756,16.284882588206727,50000
2021-11-03,16.284882588206727,16.451000258733394,16.17026342776144,16.360077877472527,50000
2021-11-04,16.360077877472527,16.44061925767825,16.2311509397533,16.30466476110566,50000
2021-11-05,16.30466476110566,16.450392813643592,16.245510201673298,16.4280565085479,50000
2021-11-08,16.4280565085479,16.432149012461338,16.19959290054421,16.28247176276071,52443
2021-11-09,16.28247176276071,16.433090082570004,16.15216936287056,16.23350204954327,50000
2021-11-10,16.23350204954327,16.31268298924027,16.14393158674129,16.212043924597157,50000
2021-11-11,16.212043924597157,16.966933954161455,16.161836270016504,16.781592381271924,50000
2021-11-12,16.781592381271924,16.9723790680301,16.460527940844297,16.546923482642153,50000
2021-11-15,16.546923482642153,16.550824929181086,16.48217106004919,16.531408063282917,50000
2021-11-16,16.531408063282917,16.662065324969515,16.330072583381185,16.563431376470586,74912
2021-11-17,16.563431376470586,17.059037830547176,16.53268817458278,16.99685059804352,50000
2021-11-18,16.99685059804352,17.456603240860755,16.931703786880053,17.40828473057543,50000
2021-11-19,17.40828473057543,17.662200897925295,16.899671640808542,16.939473317062692,50000
2021-11-22,16.939473317062692,16.979434687809952,16.30518008223246,16.45356618738777,50000
2021-11-23,16.45356618738777,16.643719149569414,16.398834551319315,16.577638764463753,50000
2021-11-24,16.577638764463753,16.910930804926224,16.522044100116382,16.873149692552683,50000
2021-11-25,16.873149692552683,17.091485531125112,16.873076515463215,16.974098152939106,50000
2021-11-26,16.974098152939106,17.36422451180571,16.857338804407853,17.281906407512267,50000
2021-11-29,17.281906407512267,17.42228804612081,17.1967205847142,17.40946597157568,66567
2021-11-30,17.40946597157568,17.417858558756805,17.1257579603753,17.24805659989203,51209
2021-12-01,17.24805659989203,17.29020652132605,17.04666059711884,17.079306413300426,50000
2021-12-02,17.079306413300426,17.109600968290465,16.495491664500477,16.549310268317896,50000
2021-12-03,16.549310268317896,17.055604713765153,16.527470648980216,16.977717307753426,50000
2021-12-06,16.977717307753426,17.252483046247782,16.82930219044499,17.18784893633206,50000
2021-12-07,17.18784893633206,17.68130049132286,17.15270230863335,17.473786030370288,50000
2021-12-08,17.473786030370288,17.74187414899434,17.340804045999175,17.696557816364997,96686
2021-12-09,17.696557816364997,17.917178008628216,17.664272673630716,17.796333248970864,50000
2021-12-10,17.796333248970864,17.90341849629983,17.75490819746189,17.784988520712275,100939
2021-12-13,17.784988520712275,17.952287608582083,17.669132608994477,17.69618534095236,67200
2021-12-14,17.69618534095236,17.97541648800272,17.541427303928355,17.550738270206928,50000
2021-12-15,17.550738270206928,17.61171680221122,17.13820532078984,17.287204351497028,50000
2021-12-16,17.287204351497028,17.361235368231455,16.800777240170827,16.923823876177217,50000
2021-12-17,16.923823876177217,17.139322303307228,16.72376900535775,16.805383108316367,50362
2021-12-20,16.805383108316367,16.827881576019827,16.460229063393005,16.505176776459496,50000
2021-12-21,16.505176776459496,16.514417777049815,16.4312744288538,16.47708300829463,196080
2021-12-22,16.47708300829463,16.699728172191403,16.44529009576396,16.679516410773992,59359
2021-12-23,16.679516410773992,16.99584488572548,16.67917185477395,16.91889490119185,50000
2021-12-24,16.91889490119185,16.95532187857933,16.65374586445061,16.835005581202182,50000
2021-12-27,16.835005581202182,16.9952236665945,16.60516948421648,16.62138038073636,50000
2021-12-28,16.62138038073636,17.06403757818181,16.537066484221135,17.01688906765935,50000
2021-12-29,17.01688906765935,17.245347270386784,16.875718948000284,17.211172995801597,50000
2021-12-30,17.211172995801597,17.32234612583826,16.861632780503918,17.01599868841015,50000
2021-12-31,17.01599868841015,17.21951163278637,16.903957887505573,17.088826445357448,51356
2022-01-03,17.088826445357448,17.299021821145676,16.81748273144386,16.8458957388452,59268
2022-01-04,16.8458957388452,16.976156895696896,16.71694596405341,16.899428209797158,50000
2022-01-05,16.899428209797158,17.079626915684212,16.6074042995196,16.610681965257925,50000
2022-01-06,16.610681965257925,16.81772591702122,16.492838183823128,16.73897767481994,71221
2022-01-07,16.73897767481994,16.85123836814807,16.399251221851518,16.422516373873968,50000
2022-01-10,16.422516373873968,16.691436781134534,16.3605926210333,16.65858640446079,50000
2022-01-11,16.65858640446079,16.876618422175856,16.618868232325614,16.689629057592057,124122
2022-01-12,16.689629057592057,16.941920619566016,16.6864496434792,16.85591469645315,50000
2022-01-13,16.85591469645315,17.169542827121987,16.82722655617946,17.12434909159676,52787
2022-01-14,17.12434909159676,17.40345066672359,16.9845509320126,17.294540342883113,50000
2022-01-17,17.294540342883113,17.791442568352178,17.213555358128193,17.687499096333486,54167
2022-01-18,17.687499096333486,17.830988549567454,17.599802290478504,17.716920314233036,50000
2022-01-19,17.716920314233036,17.78097234041069,17.703189653850966,17.75112890141372,50000
2022-01-20,17.75112890141372,17.86242709864515,17.56863736584599,17.648292074941175,50000
2022-01-21,17.648292074941175,17.856693649356856,17.546738988373093,17.768099475082508,50000
2022-01-24,17.768099475082508,17.83783149961417,17.75254306751144,17.76913974569689,68706
2022-01-25,17.76913974569689,17.79944065815575,17.705960873110193,17.750506044183698,50000
2022-01-26,17.750506044183698,18.082302858036954,17.66547416446886,17.984410269798747,85650
2022-01-27,17.984410269798747,18.212844467119783,17.61322541625751,17.721032062631288,50000
2022-01-28,17.721032062631288,17.795505206149087,17.50638761876485,17.568042330574766,50000
2022-01-31,17.568042330574766,17.684909873886767,17.293561935270834,17.41864564264377,64501
2022-02-01,17.41864564264377,17.453565250638967,17.11908209829703,17.196971762974727,50000
2022-02-02,17.196971762974727,17.61627736035928,17.07671778759178,17.58133697535469,73048
2022-02-03,17.58133697535469,17.72192290795172,17.3622785495322,17.37334414224444,50000
2022-02-04,17.37334414224444,17.60129222897168,17.297253403219088,17.483848493492918,50000
2022-02-07,17.483848493492918,18.231199602038178,17.409159572512355,18.07686717953398,50000
2022-02-08,18.07686717953398,18.261321323982287,18.049608006804707,18.150555442288862,50000
2022-02-09,18.150555442288862,18.413989266106782,18.097405604217915,18.375419870035216,50000
2022-02-10,18.375419870035216,18.47501625888819,17.938966917604535,18.15852899054394,50000
2022-02-11,18.15852899054394,18.259814578096673,17.818771070588042,17.964302513734577,50000
2022-02-14,17.964302513734577,18.244929677861926,17.720410907056685,18.225259618247605,50000
2022-02-15,18.225259618247605,18.51888911920566,18.17273414625899,18.511638822185652,77290
2022-02-16,18.511638822185652,18.65647274978557,18.4908041151863,18.647083553961668,50594
2022-02-17,18.647083553961668,18.68071217023462,18.545695619322903,18.55160225060825,50000
2022-02-18,18.55160225060825,18.754817255136743,18.427983326980183,18.546187516948258,50000
2022-02-21,18.546187516948258,18.676240849606124,18.418239832535633,18.430213719555546,50000
2022-02-22,18.430213719555546,18.67680795657267,18.414763085533984,18.489878912092454,55790
2022-02-23,18.489878912092454,18.550844405402337,18.48090357657013,18.537814652908352,99328
2022-02-24,18.537814652908352,18.56668655509972,18.10819836595533,18.199277639590385,50000
2022-02-25,18.199277639590385,18.295575071923984,18.078711695613197,18.16028644690782,50000
2022-02-28,18.16028644690782,18.332756708930134,18.15350035124701,18.270812250699006,60001
2022-03-01,18.270812250699006,18.632874264442627,18.256986987418063,18.516952285257812,50000
2022-03-02,18.516952285257812,18.59638398279194,18.263959687457614,18.595264755534178,50991
2022-03-03,18.595264755534178,19.03323995310284,18.532677973939897,19.00248492013649,82085
2022-03-04,19.00248492013649,19.034554408781478,18.622069254450214,18.826891969975673,122441
2022-03-07,18.826891969975673,19.00401185774557,18.78581819325139,18.9979477525974,62941
2022-03-08,18.9979477525974,19.02033726917089,18.80279825661012,18.803066949185045,50000
2022-03-09,18.803066949185045,18.821498175800787,18.480125936063388,18.654631204722353,50000
2022-03-10,18.654631204722353,18.704911464596687,18.506552754586085,18.556435080565546,50000
2022-03-11,18.556435080565546,18.681152000660727,18.015391686723607,18.16639564481772,50000
2022-03-14,18.16639564481772,18.29566578366646,17.92860496715584,17.935027342286524,50000
2022-03-15,17.935027342286524,17.949278274822046,17.2136001818727,17.424701031006435,149059
2022-03-16,17.424701031006435,17.69868574712555,17.233967799147155,17.657921197111946,67867
2022-03-17,17.657921197111946,17.77295021878332,17.482503807150927,17.654568421351392,50000
2022-03-18,17.654568421351392,17.82808656803672,17.24435007565506,17.380093827079147,50000
2022-03-21,17.380093827079147,17.38081097807427,17.293085038032448,17.295759945913638,50000
2022-03-22,17.295759945913638,17.444915787477047,16.77738765347447,16.843619602991435,50000
2022-03-23,16.843619602991435,17.023335214094743,16.756343720824862,16.79978627262223,51161
2022-03-24,16.79978627262223,16.819930911346884,16.25758075198872,16.312811143760307,50000
2022-03-25,16.312811143760307,16.396794749634253,16.18953781350558,16.375411330427713,179735
2022-03-28,16.375411330427713,16.421522901510773,16.29515176865693,16.32527426580375,50000
2022-03-29,16.32527426580375,16.582040420440773,16.266604794481772,16.578100214699024,113121
2022-03-30,16.578100214699024,16.590345627375292,16.070019241908888,16.430131145941253,123494
2022-03-31,16.430131145941253,16.44218165485311,16.295530579562943,16.34161498997672,50000
2022-04-01,16.34161498997672,16.93953043534242,16.18773986603764,16.88977896005996,50000
2022-04-04,16.88977896005996,17.064912844573733,16.211320184249974,16.33301494082891,50000
2022-04-05,16.33301494082891,16.54764457516292,16.32768163507874,16.465445622710046,57006
2022-04-06,16.465445622710046,16.699002989186692,16.361366384780627,16.619485600079365,50000
2022-04-07,16.619485600079365,16.76160487676508,16.46143236543309,16.500407607902176,50000
2022-04-08,16.500407607902176,16.55489105458874,16.395363261743668,16.466992997711117,56581
2022-04-11,16.466992997711117,16.65421536081512,16.35511907527138,16.566728094131687,82293
2022-04-12,16.566728094131687,16.615331620042294,15.943567032420074,15.976110072062628,50000
2022-04-13,15.976110072062628,16.23410782620711,15.963899547058743,16.221824960362515,55191
2022-04-14,16.221824960362515,16.318740481073647,16.16238240681839,16.17351191408622,86518
2022-04-15,16.17351191408622,16.395318470250217,16.04555784183882,16.263749459698882,50000
2022-04-18,16.263749459698882,16.79026393776823,16.234501763590263,16.700140363937702,57708
2022-04-19,16.700140363937702,16.887335994125237,16.525449833028254,16.854047634086015,50000
2022-04-20,16.854047634086015,17.263822802394678,16.79565144896643,17.20371797588301,50000
2022-04-21,17.20371797588301,17.332041356885743,17.107768293134956,17.207446849792863,72840
2022-04-22,17.207446849792863,17.40389470046037,17.18821991003174,17.190991139068835,50000
2022-04-25,17.190991139068835,17.322338487463284,17.03395314988987,17.081110929459243,54868
2022-04-26,17.081110929459243,17.0893933875628,16.94555800331943,17.019113427031527,50000
2022-04-27,17.019113427031527,17.04992074176445,16.57264957749534,16.5967414024491,52519
2022-04-28,16.5967414024491,16.81155657000516,16.49677666522094,16.76898913226751,50000
2022-04-29,16.76898913226751,16.892493350015805,16.65530851005817,16.65940386666028,50000
2022-05-02,16.65940386666028,16.786199295446032,16.50064305702024,16.531936881538666,51038
2022-05-03,16.531936881538666,16.70237044550605,16.490687532353565,16.694459930143566,99593
2022-05-04,16.694459930143566,17.33088340344804,16.58780900115707,17.281222041514276,50000
2022-05-05,17.281222041514276,17.642724505445344,17.220708803727376,17.417824189642353,50000
2022-05-06,17.417824189642353,17.62499513752685,17.304797450155863,17.50327886883545,50000
2022-05-09,17.50327886883545,17.73125118511427,17.300043860807698,17.348393678200193,50000
2022-05-10,17.348393678200193,17.35396729642458,17.20767049059154,17.228575987928373,50000
2022-05-11,17.228575987928373,17.293053893679676,16.73347894861057,16.810487988697812,53698
2022-05-12,16.810487988697812,16.938785263710983,16.79910448168691,16.914331258363184,50000
2022-05-13,16.914331258363184,17.14130157081813,16.80300390238821,17.009527805730453,52801
2022-05-16,17.009527805730453,17.010734200360403,16.838399217717225,16.999032490801458,50000
2022-05-17,16.999032490801458,17.283394875196308,16.877360203117302,17.086695505889576,50000
2022-05-18,17.086695505889576,17.38590607409398,16.89043460221211,17.315467642475184,62425
2022-05-19,17.315467642475184,17.519755235319636,17.19738347713881,17.428118972794593,50000
2022-05-20,17.428118972794593,17.717939305270363,17.345727612640164,17.629518763647734,50000
2022-05-23,17.629518763647734,17.686429823459424,17.617958097715665,17.679869165040174,71294
2022-05-24,17.679869165040174,17.70403500604224,17.29796445194024,17.536545810890665,50000
2022-05-25,17.536545810890665,17.8165912708828,17.520868278802418,17.679463574551814,50000
2022-05-26,17.679463574551814,17.750324382438947,17.58466408309823,17.73965456736938,50000
2022-05-27,17.73965456736938,17.779739967480836,17.669498760414143,17.751116671937528,50000
2022-05-30,17.751116671937528,17.792107096744797,17.419302393965573,17.486843386606427,150933
2022-05-31,17.486843386606427,17.550335269804172,17.286833289601113,17.388901293475943,50000
2022-06-01,17.388901293475943,17.609602597665404,17.244009445978786,17.570216718159934,104401
2022-06-02,17.570216718159934,17.699451050316384,17.322358302669194,17.34389403341993,50000
2022-06-03,17.34389403341993,17.5219596656535,17.15318737815517,17.499102121668397,112809
2022-06-06,17.499102121668397,17.580650210211417,17.23119905364577,17.31774089400949,164921
2022-06-07,17.31774089400949,17.53987633805438,16.997370271561305,17.034816821551647,50000
2022-06-08,17.034816821551647,17.61659538025097,17.031576684075016,17.474575501543665,50000
2022-06-09,17.474575501543665,17.593642789109815,17.41750127884677,17.44704411883498,167115
2022-06-10,17.44704411883498,18.13009194917705,17.36210907891138,18.034478566843113,52910
2022-06-13,18.034478566843113,18.06428615470853,17.723138496005934,17.890119254691424,50000
2022-06-14,17.890119254691424,17.941110701926682,17.62155553993377,17.78085521146135,50000
2022-06-15,17.78085521146135,18.296838002491572,17.7699614456774,18.099608444454887,50000
2022-06-16,18.099608444454887,18.53301655250726,18.08241150931698,18.456594394669413,50000
2022-06-17,18.456594394669413,18.633384469996148,18.387676871248857,18.531547919842826,50000
2022-06-20,18.531547919842826,18.961957123738586,18.446408108673825,18.811726001445898,109495
2022-06-21,18.811726001445898,18.9360261657058,18.5669455651612,18.63601497583403,50000
2022-06-22,18.63601497583403,18.86454514345115,18.557396644147012,18.762092678005672,50000
2022-06-23,18.762092678005672,19.07110173431761,18.598247631739373,18.62424492347454,50000
2022-06-24,18.62424492347454,18.78050572395089,18.25642639022271,18.326493369748288,50000
2022-06-27,18.326493369748288,18.374210890773405,18.006346630918273,18.198821535956263,50000
2022-06-28,18.198821535956263,18.309728419407122,17.988226824268107,18.1809470781359,50000
2022-06-29,18.1809470781359,18.364528562036007,18.01395173157515,18.05256240788957,57513
2022-06-30,18.05256240788957,18.10542567809413,17.889652494643265,17.902244256916365,50000
2022-07-01,17.902244256916365,18.0681610869198,17.779174103254654,17.99957395653528,50000
2022-07-04,17.99957395653528,18.087310585716473,17.97687605664538,18.03712316278531,54836
2022-07-05,18.03712316278531,18.15137484927502,17.961191181544258,18.084740862626077,56987
2022-07-06,18.084740862626077,18.4925573084528,17.961437823264895,18.45329360555695,50000
2022-07-07,18.45329360555695,18.573552988376477,18.226088311788086,18.280607895824154,50000
2022-07-08,18.280607895824154,18.313298211402987,18.208266782849385,18.22056354151075,50000
2022-07-11,18.22056354151075,18.282032110987277,17.307071823255917,17.382667759801315,50000
2022-07-12,17.382667759801315,17.554544743439475,17.364515157630436,17.481104999632006,68697
2022-07-13,17.481104999632006,17.70179904392224,17.44810850374227,17.64770429059384,50000
2022-07-14,17.64770429059384,17.74444801506737,17.12982725286266,17.271264297200133,50000
2022-07-15,17.271264297200133,17.40054500430918,17.114829254321446,17.23582205123293,50000
2022-07-18,17.23582205123293,17.363594932177843,17.141036503008113,17.294037649390393,50000
2022-07-19,17.294037649390393,17.559172582787482,17.264439577493018,17.49689810542786,50000
2022-07-20,17.49689810542786,17.528232187826585,17.354594090061298,17.463821720006703,50000
2022-07-21,17.463821720006703,17.476941197821596,17.169121744379336,17.17750705809093,115116
2022-07-22,17.17750705809093,17.263125467839355,17.127288303403855,17.182964273085886,50000
2022-07-25,17.182964273085886,17.34436532159891,17.17750954736575,17.305937368788324,50000
2022-07-26,17.305937368788324,17.350953907827158,16.91540459997346,16.935742964033615,60570
2022-07-27,16.935742964033615,17.188424048220547,16.910175788732033,17.053015771628445,93289
2022-07-28,17.053015771628445,17.100859081149206,17.00754592740707,17.085307485729192,65380
2022-07-29,17.085307485729192,17.857824348622607,16.96410023298689,17.740793755903827,50642
2022-08-01,17.740793755903827,17.774251843481736,17.702504755128647,17.737509386005513,50000
2022-08-02,17.737509386005513,17.872640950269286,17.630675172461245,17.76439421669652,108212
2022-08-03,17.76439421669652,18.37365573646301,17.70384897164213,18.198579313488636,50000
2022-08-04,18.198579313488636,18.39102091945636,18.141974329959243,18.176060456767583,50000
2022-08-05,18.176060456767583,18.785212504339768,18.17574999995658,18.727584930159242,66417
2022-08-08,18.727584930159242,18.992967050286637,18.529263452081874,18.860781990264336,50000
2022-08-09,18.860781990264336,19.20171769092928,18.815707848710105,19.099118729298393,50000
2022-08-10,19.099118729298393,19.245877335501355,19.00960117951517,19.15726343496335,50000
2022-08-11,19.15726343496335,19.2136659479877,18.864105991662,18.993519643940015,50000
2022-08-12,18.993519643940015,19.020250676368164,18.774542368957853,19.014537989039937,50000
2022-08-15,19.014537989039937,19.1483485287916,18.872396720848275,18.95195468003523,77942
2022-08-16,18.95195468003523,18.993178188820654,18.78485471070151,18.848742347149393,50000
2022-08-17,18.848742347149393,18.86018131537777,18.715890682917948,18.77680334720761,50000
2022-08-18,18.77680334720761,18.88130970570432,18.274747528148687,18.41221902465243,50000
2022-08-19,18.41221902465243,18.780495124431773,18.35455783126311,18.64535383619545,50000
2022-08-22,18.64535383619545,18.766671321476842,18.495764569290724,18.542086895451817,77945
2022-08-23,18.542086895451817,18.876813272046334,18.341638477887773,18.822726880080324,183963
2022-08-24,18.822726880080324,19.1694202788697,18.75004376667747,18.856297314741077,50000
2022-08-25,18.856297314741077,19.13535928903755,18.681662242122425,19.110394624857836,50000
2022-08-26,19.110394624857836,19.26387243797029,18.683880720322474,18.89516824776179,50000
2022-08-29,18.89516824776179,19.586662763157676,18.818247348093674,19.57056083224691,50000
2022-08-30,19.57056083224691,19.662465375152614,19.511237769270743,19.586730480457554,50000
2022-08-31,19.586730480457554,20.2841211153588,19.45915022035333,20.254557623740357,113349
2022-09-01,20.254557623740357,21.02589192862926,20.0543566534092,20.876552371150353,50000
2022-09-02,20.876552371150353,21.574420312685813,20.67216362483291,21.379933411965148,112752
2022-09-05,21.379933411965148,21.66133429992929,21.35965595650597,21.52864042344824,50000
2022-09-06,21.52864042344824,21.659219501722067,21.436062072906044,21.605539581863102,50000
2022-09-07,21.605539581863102,21.717188435278665,20.89202208033326,21.058079146325852,71398
2022-09-08,21.058079146325852,21.25216349965632,20.765372868939195,20.84776747490536,50000
2022-09-09,20.84776747490536,21.050219168621734,20.700829226169937,21.02822834098821,68222
2022-09-12,21.02822834098821,21.1494845197047,20.81862712170396,21.106178777603137,50000
2022-09-13,21.106178777603137,21.373557009177034,21.028599395655494,21.182685997208598,50000
2022-09-14,21.182685997208598,21.227788497355096,20.85198252058777,21.09484401232771,50000
2022-09-15,21.09484401232771,21.483004445132703,21.06676222984963,21.321784763657423,50000
2022-09-16,21.321784763657423,21.990052785372047,21.220413417214296,21.917044347910576,50000
2022-09-19,21.917044347910576,21.922116327312878,21.678819211008094,21.771499100387665,50000
2022-09-20,21.771499100387665,21.816863984300102,21.617658276138524,21.65708572960219,50000
2022-09-21,21.65708572960219,22.02248590842834,21.5813100778817,21.78110795091558,52157
2022-09-22,21.78110795091558,22.142961343084654,21.74130602070972,21.911282012692265,50000
2022-09-23,21.911282012692265,22.06529472762478,21.24826189840273,21.34089401270402,50000
2022-09-26,21.34089401270402,21.600832961390655,21.279498051400854,21.46842036883005,50000
2022-09-27,21.46842036883005,21.566091360109162,21.235969594071616,21.364680530254585,50000
2022-09-28,21.364680530254585,21.930764489896983,21.34076502098847,21.91801562442192,89296
2022-09-29,21.91801562442192,22.084358399059894,21.800131070598688,22.070412373636106,50000
2022-09-30,22.070412373636106,22.55330262433641,21.957001536717733,22.47877152121729,50000
2022-10-03,22.47877152121729,22.512459324277952,22.17049660134396,22.489588010240627,50000
2022-10-04,22.489588010240627,22.7784386847318,22.330143952485717,22.34063757390407,50000
2022-10-05,22.34063757390407,22.357863142628574,22.215869677723248,22.339132530492225,50000
2022-10-06,22.339132530492225,22.403724376105053,21.88089804789008,22.126881111289222,50000
2022-10-07,22.126881111289222,22.577326804194893,22.097269275727182,22.352552097118124,50000
2022-10-10,22.352552097118124,22.364079097837518,22.262303971184735,22.307217862935325,50000
2022-10-11,22.307217862935325,22.467395027448482,21.62796666750744,21.685255122383982,50000
2022-10-12,21.685255122383982,21.8472397786186,21.423776039777938,21.60049835875745,50000
2022-10-13,21.60049835875745,21.990584817603175,21.4968080144363,21.781020608552605,50000
2022-10-14,21.781020608552605,21.823508220455015,21.4886925674779,21.6579316109769,93836
2022-10-17,21.6579316109769,22.01202290667811,21.651292000735445,21.796650583302522,50000
2022-10-18,21.796650583302522,22.029469547346707,21.70848800729753,21.938508401502673,50000
2022-10-19,21.938508401502673,21.98975105815077,21.77594806748256,21.844973322661453,69315
2022-10-20,21.844973322661453,22.08694468640883,21.46355091185956,21.563447622219357,58837
2022-10-21,21.563447622219357,21.6999465405039,21.166591021948495,21.25846324038174,50000
2022-10-24,21.25846324038174,21.89938077089321,21.1490909920109,21.764339470458467,50000
2022-10-25,21.764339470458467,22.390177106967595,21.753318138448623,22.268386258130807,113758
2022-10-26,22.268386258130807,22.470610918952897,22.19686227511304,22.39804238195234,50000
2022-10-27,22.39804238195234,22.418708170310975,22.29552933600453,22.37779461310791,50000
2022-10-28,22.37779461310791,22.66779332016636,22.136587189015124,22.251289293151604,50000
2022-10-31,22.251289293151604,22.48897295129396,22.037985300191078,22.288278827237107,50000
2022-11-01,22.288278827237107,22.47839091456096,22.173510021526337,22.37091573803002,50000
2022-11-02,22.37091573803002,22.832366072811975,22.24525618826425,22.595923367860554,50000
2022-11-03,22.595923367860554,22.705607413488156,22.44218881182728,22.499954855858693,50000
2022-11-04,22.499954855858693,22.77983994259527,22.20445095623351,22.418296400515526,50000
2022-11-07,22.418296400515526,22.555271792307128,22.185610825615786,22.22547434228835,50000
2022-11-08,22.22547434228835,22.465457549076756,22.017754009576805,22.104439343789235,50000
2022-11-09,22.104439343789235,22.146946041919104,21.935163053172005,21.942466968868672,93265
2022-11-10,21.942466968868672,22.2127067704219,21.383138511477014,21.66424022922118,50000
2022-11-11,21.66424022922118,21.74702158120957,21.25480722408829,21.35051761129496,50000
2022-11-14,21.35051761129496,21.433593495045656,21.26944290537052,21.37981698482655,50000
2022-11-15,21.37981698482655,21.49488129922811,21.153094652557574,21.188682500613062,50000
2022-11-16,21.188682500613062,21.2578532165279,21.08053174806188,21.189866379627517,50000
2022-11-17,21.189866379627517,21.392628429037366,20.83208389864991,20.87476927464145,50000
2022-11-18,20.87476927464145,21.676403980702123,20.758532259345888,21.62279668458801,53224
2022-11-21,21.62279668458801,21.802124626854358,21.28204654835445,21.371540399723184,50000
2022-11-22,21.371540399723184,21.46559174279337,20.61352841909362,20.813222819583377,50000
2022-11-23,20.813222819583377,20.844498614776676,20.575220252826636,20.756631185916746,68718
2022-11-24,20.756631185916746,21.200500133024793,20.50915107893379,21.16916627107503,70364
2022-11-25,21.16916627107503,21.23708864848654,21.036323023776266,21.16399863599915,50000
2022-11-28,21.16399863599915,21.198339995090024,20.919806835280824,21.05603162275733,50000
2022-11-29,21.05603162275733,21.177450237567143,20.907565718041784,21.001488589158825,50000
2022-11-30,21.001488589158825,21.103643488471253,20.887895641303132,21.100248659563782,50000
2022-12-01,21.100248659563782,21.343556459227713,21.0074816515218,21.3371775432518,50000
2022-12-02,21.3371775432518,21.563299275242567,21.326084227860953,21.528625778411627,50000
2022-12-05,21.528625778411627,21.663116028737953,21.31097301307033,21.425264216915615,50000
2022-12-06,21.425264216915615,21.49718791933303,21.019857129212635,21.131477588738885,66257
2022-12-07,21.131477588738885,21.220337853439975,20.802300744185334,20.942638813983006,50000
2022-12-08,20.942638813983006,21.089352780742445,20.917410376164014,21.001547796390348,50000
2022-12-09,21.001547796390348,21.191115118230172,20.741841168034995,20.764408980329367,50000
2022-12-12,20.764408980329367,20.8174994491415,20.286253718693757,20.481644863683186,67022
2022-12-13,20.481644863683186,20.71452747289341,20.46917082856616,20.646113079648554,128123
2022-12-14,20.646113079648554,20.701493851411342,20.29538955598319,20.53813899759501,50000
2022-12-15,20.53813899759501,21.01966580038798,20.491876796359037,20.859263694820026,61580
2022-12-16,20.859263694820026,21.204205734146615,20.799663664056986,21.126380758418083,78176
2022-12-19,21.126380758418083,21.37980128170388,21.04972406215217,21.177001294676952,61301
2022-12-20,21.177001294676952,21.865592445942607,20.847410646085436,21.693598864385557,50000
2022-12-21,21.693598864385557,21.698421490284666,21.252351687677564,21.306918172978634,50000
2022-12-22,21.306918172978634,21.31383212054433,20.919766175332043,20.94461114470389,50000
2022-12-23,20.94461114470389,20.98755931718673,20.5332704108413,20.749940309490565,50000
2022-12-26,20.749940309490565,20.960427636774185,20.69515453349936,20.847222315123076,60667
2022-12-27,20.847222315123076,21.006181771062078,20.81011147377246,20.887108685030196,50000
2022-12-28,20.887108685030196,20.91205040825669,20.657795066780142,20.725217065342616,50000
2022-12-29,20.725217065342616,20.805715036525424,20.33254692845678,20.39626083230951,50000
2022-12-30,20.39626083230951,20.459125559481148,19.674473833529074,19.739057066923877,50000
2023-01-02,19.739057066923877,19.789198994351853,19.626967115072823,19.628926919686965,71634
2023-01-03,19.628926919686965,19.775264381833757,19.264741193522795,19.315752586598162,50000
2023-01-04,19.315752586598162,19.35410648087205,19.050890700252186,19.06098474611356,50000
2023-01-05,19.06098474611356,19.40444320559049,18.94410588065657,19.38259781993107,73281
2023-01-06,19.38259781993107,19.78316154017194,19.21330701189539,19.701076426570616,50000
2023-01-09,19.701076426570616,20.027712465528044,19.549142032221127,19.551563043614344,50140
2023-01-10,19.551563043614344,19.819775086667455,19.395977029315226,19.808376450170115,91081
2023-01-11,19.808376450170115,19.965455974616983,19.28032576396993,19.47809790443085,50000
2023-01-12,19.47809790443085,19.686202752153537,19.41582795226738,19.51507770675092,50000
2023-01-13,19.51507770675092,19.554271627345813,19.439933552427703,19.477863694997474,75116
2023-01-16,19.477863694997474,19.711692301829338,19.419511236440794,19.626232361160454,50000
2023-01-17,19.626232361160454,19.74730349347401,19.47321546641037,19.53377616128113,281736
2023-01-18,19.53377616128113,19.76276752237971,19.33395124892763,19.723208821439645,50000
2023-01-19,19.723208821439645,19.78017771939965,18.957353372679954,18.959273677793046,50000
2023-01-20,18.959273677793046,19.104646976296966,18.89302480459153,19.019624384516487,50000
2023-01-23,19.019624384516487,19.242401925742932,18.92244595717676,19.182223211738247,50000
2023-01-24,19.182223211738247,19.913356866585573,19.11832794490036,19.832838350945458,50000
2023-01-25,19.832838350945458,19.875140495734794,19.76897129398527,19.846396137689492,201829
2023-01-26,19.846396137689492,19.91035436807884,19.422068019747936,19.474483273615355,50000
2023-01-27,19.474483273615355,19.691287860377752,18.979610211835823,19.077954256908278,165303
2023-01-30,19.077954256908278,19.258052049626308,18.710133390018235,18.85370877249349,83127
2023-01-31,18.85370877249349,18.908896611720262,18.705878686064047,18.744040488536903,113298
2023-02-01,18.744040488536903,18.81464412758521,18.341388042441057,18.37521121927309,126359
2023-02-02,18.37521121927309,18.4728051637791,18.1034512150881,18.202994813759126,58165
2023-02-03,18.202994813759126,18.41820233770045,18.110578630659166,18.33300126230739,50000
2023-02-06,18.33300126230739,18.47998189906064,17.676210529540718,17.873723025560814,66428
2023-02-07,17.873723025560814,18.071227603036736,17.78576115576249,17.99137903497335,50000
2023-02-08,17.99137903497335,18.104995213161878,17.948409761397848,18.043323094120442,50000
2023-02-09,18.043323094120442,18.37063891770832,17.917626116021108,18.267566262059812,50000
2023-02-10,18.267566262059812,18.707381720592043,18.256712365495403,18.566104385779166,50000
2023-02-13,18.566104385779166,18.6514623024067,18.472587344394878,18.639403002006755,50000
2023-02-14,18.639403002006755,18.781160207334402,18.590848884889656,18.76660231523133,50000
2023-02-15,18.76660231523133,18.815849715959168,18.750492859268483,18.762658113198718,51512
2023-02-16,18.762658113198718,19.422024210025683,18.58317481604341,19.399507165112396,72171
2023-02-17,19.399507165112396,19.65161342796393,19.18246787061002,19.61774559603525,50000
2023-02-20,19.61774559603525,19.912918438066036,19.43096419024094,19.849648007210345,88847
2023-02-21,19.849648007210345,20.053741667479056,19.583869686536325,19.95192185772257,50000
2023-02-22,19.95192185772257,20.152892201397744,19.917783563077055,20.066026486104818,50000
2023-02-23,20.066026486104818,20.316349214661628,19.966626958574796,20.2315578880797,50000
2023-02-24,20.2315578880797,20.2852063147364,20.118258238394382,20.188690156877815,50000
2023-02-27,20.188690156877815,21.01644578806838,20.0585231194198,20.835826469420237,50000
2023-02-28,20.835826469420237,20.93186012727612,20.618024321900105,20.881212014366024,99257
2023-03-01,20.881212014366024,21.122849302727786,20.837131151804773,20.95562774017509,50000
2023-03-02,20.95562774017509,21.032676527721684,20.662140009881004,20.859444864067022,50000
2023-03-03,20.859444864067022,21.025266298853975,20.69965396856193,21.013013717238984,74737
2023-03-06,21.013013717238984,21.122520863076236,20.625586594031066,20.74285228379133,65084
2023-03-07,20.74285228379133,20.88303441440639,20.732965114196258,20.736598599572417,50000
2023-03-08,20.736598599572417,20.789169887366395,20.305059029372323,20.628413078323277,50000
2023-03-09,20.628413078323277,21.154635058618343,20.465532293532345,21.034357142871997,156953
2023-03-10,21.034357142871997,21.769655731142375,20.98939122371492,21.575138565633182,59452
2023-03-13,21.575138565633182,21.732060210018034,21.44775262531326,21.454362953246367,128669
2023-03-14,21.454362953246367,21.48547368334793,21.163184283550603,21.38173128415655,50000
2023-03-15,21.38173128415655,21.530840797012083,20.98236716466938,21.12016255300492,64677
2023-03-16,21.12016255300492,21.664203564726936,21.00714080091746,21.537912154997873,64927
2023-03-17,21.537912154997873,21.60782953431092,21.083709817210124,21.098323865599824,50000
2023-03-20,21.098323865599824,21.32665895387419,20.97155595310408,21.181551592732347,50000
2023-03-21,21.181551592732347,21.21848064068391,20.95155088039625,21.182302070352893,50000
2023-03-22,21.182302070352893,21.251207060209744,21.016643965312113,21.072551376613394,50000
2023-03-23,21.072551376613394,21.152264181438447,20.949579649664276,21.061136785305617,104751
2023-03-24,21.061136785305617,21.384218588437555,20.98268021786332,21.2628315562452,50000
2023-03-27,21.2628315562452,21.752500231581216,21.09637338184286,21.690133800244215,50000
2023-03-28,21.690133800244215,22.185675137987246,21.343567474078576,22.1705259244376,50000
2023-03-29,22.1705259244376,22.50030582999048,21.944721814509894,22.469577742342377,50000
2023-03-30,22.469577742342377,23.42687400945591,22.35887195699336,23.112620753159973,81779
2023-03-31,23.112620753159973,23.131356484330446,22.424726771333418,22.495168239462686,50000
2023-04-03,22.495168239462686,22.577830043191916,22.327880123843926,22.404550565000807,50000
2023-04-04,22.404550565000807,22.427150724545342,22.313904124209188,22.31502945495938,50000
2023-04-05,22.31502945495938,22.376675662859334,21.64730574401426,21.82077364349979,50000
2023-04-06,21.82077364349979,21.896959032460185,21.520631963636326,21.563206386563436,50000
2023-04-07,21.563206386563436,21.74103152677428,21.53187198373725,21.713186971804895,50000
2023-04-10,21.713186971804895,21.738282296997266,21.061723760104837,21.23597363287903,66572
2023-04-11,21.23597363287903,21.345810900867477,20.998810121935684,21.13651809123803,50000
2023-04-12,21.13651809123803,21.272180742858204,20.8485750974288,20.857451788738107,50000
2023-04-13,20.857451788738107,21.09486916086321,20.625572099664193,21.01765579781171,69560
2023-04-14,21.01765579781171,21.250767528911762,20.870077595492123,21.237287160575086,86510
2023-04-17,21.237287160575086,21.80325207312232,21.19183433843039,21.515113856491382,50000
2023-04-18,21.515113856491382,21.570281685953912,21.30212499576903,21.31731520797592,67230
2023-04-19,21.31731520797592,21.64465872004973,21.10239581596446,21.620803919423174,50000
2023-04-20,21.620803919423174,21.678646862372535,21.459946730156176,21.591130193205633,50000
2023-04-21,21.591130193205633,21.80508421912591,21.379040367095566,21.430901899068605,113550
2023-04-24,21.430901899068605,21.47211465786463,21.360786080199297,21.422337012604032,50000
2023-04-25,21.422337012604032,21.99585439993575,21.286666058103457,21.68484944545443,50175
2023-04-26,21.68484944545443,22.132130949988046,21.597908656754313,22.0562061904506,53949
2023-04-27,22.0562061904506,22.129941997679666,21.864728043818705,21.878917906839114,50000
2023-04-28,21.878917906839114,22.132877673653997,21.783976581760793,22.111586040808366,50000
2023-05-01,22.111586040808366,22.267495783400783,21.736777114337347,21.82024005169192,78703
2023-05-02,21.82024005169192,21.867858616116163,21.709650107863347,21.724207578237166,50000
2023-05-03,21.724207578237166,21.975838627866032,21.67537472628097,21.78235394561061,105613
2023-05-04,21.78235394561061,21.811322133896446,21.57912725825591,21.75034678112468,50000
2023-05-05,21.75034678112468,21.975995669394393,21.726598012030202,21.96686796027343,50000
2023-05-08,21.96686796027343,22.176895070895192,21.865192157466733,22.08637398352696,50000
2023-05-09,22.08637398352696,22.38871011945064,22.044969311171272,22.370165268274132,50000
2023-05-10,22.370165268274132,22.5472735386506,22.228688291256606,22.45634291541049,94068
2023-05-11,22.45634291541049,22.904062336310016,22.237085080372342,22.759815495435774,92525
2023-05-12,22.759815495435774,23.350802858526865,22.742287373752152,23.06544731361719,50000
2023-05-15,23.06544731361719,23.232438002267095,22.875667033607296,22.92690815230141,50000
2023-05-16,22.92690815230141,23.260519391640653,22.830412237478917,23.153968762882137,57936
2023-05-17,23.153968762882137,23.203537840882884,22.864037215235935,22.914938404416368,50000
2023-05-18,22.914938404416368,23.00602805468661,22.771391233099834,22.78473358633796,101062
2023-05-19,22.78473358633796,22.805681620998687,22.165102359307326,22.325933338733655,51068
2023-05-22,22.325933338733655,22.326904083349763,22.095599083877254,22.11781470511782,50000
2023-05-23,22.11781470511782,22.556554519381617,22.027499623544443,22.400955577452795,82840
2023-05-24,22.400955577452795,22.587304204343496,22.38390166100059,22.58258608113565,77976
2023-05-25,22.58258608113565,23.22216552277935,22.347389455932007,23.008505004327418,50000
2023-05-26,23.008505004327418,23.286605293278544,22.789199811891056,23.10594030853964,50000
2023-05-29,23.10594030853964,23.522453261889726,23.033114741965854,23.48704929551446,50000
2023-05-30,23.48704929551446,24.135459281584268,23.30844244303307,24.04751048989579,50000
2023-05-31,24.04751048989579,24.342167719569414,23.871071823322264,24.11538574251491,50000
2023-06-01,24.11538574251491,24.189050998529027,23.992927570483953,24.02867636362346,50000
2023-06-02,24.02867636362346,24.12494953630763,23.88774648966416,23.918592941895604,64887
2023-06-05,23.918592941895604,24.664903270160682,23.78019454272504,24.321619884252318,50000
2023-06-06,24.321619884252318,24.95970116363949,24.2380172605302,24.683028656149524,50000
2023-06-07,24.683028656149524,24.771757767302372,24.500326546417885,24.763953590524835,54793
2023-06-08,24.763953590524835,25.38758670930433,24.75063298418742,25.15055389246744,50000
2023-06-09,25.15055389246744,25.5288918145833,25.09374429211336,25.506051728983664,50000
2023-06-12,25.506051728983664,25.710534885933807,25.06878497602336,25.262169475735586,50000
2023-06-13,25.262169475735586,25.419931526567296,25.214219403671393,25.243091943888015,50000
2023-06-14,25.243091943888015,25.813462255768197,25.01640383667499,25.47853029142383,50000
2023-06-15,25.47853029142383,25.524660243890406,25.118295479780784,25.16393056757651,68626
2023-06-16,25.16393056757651,25.299705150397568,24.751837317574214,25.287761785206754,50000
2023-06-19,25.287761785206754,25.38347379629137,24.863874739253394,24.963559235339517,50000
2023-06-20,24.963559235339517,25.32266639076313,24.417144430363575,24.65067987827224,50000
2023-06-21,24.65067987827224,25.08451296739794,24.50508169211791,25.03192452481051,50000
2023-06-22,25.03192452481051,25.294749660673002,24.540023057712407,24.775793480352387,50000
2023-06-23,24.775793480352387,24.908043309167006,24.587191758437648,24.62710419122176,50000
2023-06-26,24.62710419122176,25.200204336917913,24.565644318408804,24.860674322353766,50000
2023-06-27,24.860674322353766,24.862702591592875,24.219994154856327,24.501830757450126,50000
2023-06-28,24.501830757450126,24.61468558690219,24.157979177542774,24.315761679673216,58707
2023-06-29,24.315761679673216,24.89500946166587,24.12974175832091,24.871286155632017,50000
2023-06-30,24.871286155632017,24.96030232975715,24.374068055684912,24.482081390976422,50000
2023-07-03,24.482081390976422,24.528938877577172,24.28017588948316,24.434173792075786,50000
2023-07-04,24.434173792075786,24.506666894064903,24.316009049360602,24.33463131476444,50000
2023-07-05,24.33463131476444,24.469341064290674,24.019488605393793,24.162977050201373,109508
2023-07-06,24.162977050201373,24.21156480818818,23.517201256702933,23.609236087656136,50000
2023-07-07,23.609236087656136,24.219195551455677,23.466426427891232,24.207447502576642,50000
2023-07-10,24.207447502576642,24.32497800867611,24.207385974250244,24.310861078901944,50000
2023-07-11,24.310861078901944,24.342565063204358,24.16861378888559,24.294963929383904,72683
2023-07-12,24.294963929383904,24.513344447783314,23.84185079670369,23.94068649644643,50000
2023-07-13,23.94068649644643,24.210265364730045,23.87969086929545,24.113419687563358,52173
2023-07-14,24.113419687563358,24.553166592700336,24.090527392078098,24.540898156101182,50000
2023-07-17,24.540898156101182,24.64507694284202,24.114960670429998,24.332298505335206,50000
2023-07-18,24.332298505335206,24.7311608004725,24.181826350383556,24.712108451679214,89470
2023-07-19,24.712108451679214,24.880201435303036,24.59186119018569,24.85873172011081,81782
2023-07-20,24.85873172011081,25.09260614723112,24.64994793853837,25.057578557465437,50000
2023-07-21,25.057578557465437,25.286281544463712,24.758380721355934,24.794863355667047,50000
2023-07-24,24.794863355667047,25.21079501027483,24.730525013410862,25.065520472194585,50000
2023-07-25,25.065520472194585,25.204337828484682,24.741847500329435,24.808652079182096,50000
2023-07-26,24.808652079182096,24.893704348262727,24.618876131737018,24.81083353811506,50000
2023-07-27,24.81083353811506,24.97226918425847,24.561234689607637,24.883836770887775,50000
2023-07-28,24.883836770887775,25.013267473051535,24.643985934392308,24.9838825739163,74250
2023-07-31,24.9838825739163,25.193919884343494,24.77331894462321,24.88655919624495,50000
2023-08-01,24.88655919624495,25.33152985280633,24.831013282186973,25.26617719078142,60169
2023-08-02,25.26617719078142,25.633863514814998,25.26307849273765,25.521537910975663,50000
2023-08-03,25.521537910975663,25.573543186492714,25.35041961530312,25.374847613852154,50000
2023-08-04,25.374847613852154,25.585743549625683,25.373657217971683,25.506327375181947,54919
2023-08-07,25.506327375181947,25.997623405476055,25.295002204965762,25.93510762465739,82415
2023-08-08,25.93510762465739,26.072919586343836,25.72575555353047,25.814442805312392,50000
2023-08-09,25.814442805312392,26.286622178869862,25.747443710382896,26.066279118537395,50000
2023-08-10,26.066279118537395,26.081692887098495,25.695151443348408,26.002012635888175,50000
2023-08-11,26.002012635888175,26.492474235391924,25.791819778856155,26.347783264422755,50000
2023-08-14,26.347783264422755,26.647111357483837,25.89752615615158,25.959711467143887,50000
2023-08-15,25.959711467143887,26.088251016826984,25.7006224038993,26.063967387739673,50000
2023-08-16,26.063967387739673,26.21056891894453,25.91378960218612,26.203048811232712,50000
2023-08-17,26.203048811232712,26.691068998903233,25.99527178700422,26.63024363302333,50000
2023-08-18,26.63024363302333,26.682812178524358,26.382940368265132,26.538357805349392,60585
2023-08-21,26.538357805349392,26.875994504712732,26.484824014452393,26.666973039933673,50000
2023-08-22,26.666973039933673,27.23276381497196,26.4330746142535,27.06509053481085,50000
2023-08-23,27.06509053481085,27.18272606549614,26.773289533828862,26.95240683668381,50000
2023-08-24,26.95240683668381,26.99578700982111,26.889294684387643,26.954368556195043,50000
2023-08-25,26.954368556195043,27.358183516535384,26.770844081953356,27.121385074438756,50000
2023-08-28,27.121385074438756,27.38045130216089,27.00318568878816,27.242366220832043,61904
2023-08-29,27.242366220832043,27.415239997777935,26.83188202958179,26.921564133457913,50000
2023-08-30,26.921564133457913,27.155864856964165,26.685122668592182,26.7174577266974,50000
2023-08-31,26.7174577266974,27.210521430614623,26.67104660786733,27.114241966002353,50000
2023-09-01,27.114241966002353,28.001919986201212,27.003209063998202,27.819580551758893,96850
2023-09-04,27.819580551758893,28.00072212575565,27.525502735423764,27.69661173585864,50000
2023-09-05,27.69661173585864,27.863067310053598,27.375417154300905,27.575208239027177,50000
2023-09-06,27.575208239027177,27.697781056268692,27.56229336337088,27.611473912580212,115179
2023-09-07,27.611473912580212,28.1018913114612,27.42839706376447,28.00718482788023,50000
2023-09-08,28.00718482788023,28.407235330182452,27.857050341560427,28.166467033715385,136548
2023-09-11,28.166467033715385,28.55418273042405,28.121932187013577,28.416437394623266,50000
2023-09-12,28.416437394623266,28.893168914875677,28.393108261438098,28.890775248848428,112320
2023-09-13,28.890775248848428,29.076969187272397,28.857571446261343,28.979811214303925,76744
2023-09-14,28.979811214303925,28.99381984168146,28.414807028343034,28.859538364522628,60525
2023-09-15,28.859538364522628,28.945882394495495,28.52569582457983,28.695767797462835,104218
2023-09-18,28.695767797462835,29.066565388703584,28.382524662267727,28.828095302514118,121737
2023-09-19,28.828095302514118,28.984341500372835,28.193947641569206,28.620397092425353,50000
2023-09-20,28.620397092425353,28.847267405057835,28.42336392714018,28.763329900921125,50000
2023-09-21,28.763329900921125,29.032583941349486,28.37740304572793,28.59536442556489,50000
2023-09-22,28.59536442556489,28.89695479492519,28.410153544618215,28.890509107151974,50000
2023-09-25,28.890509107151974,28.909271182029887,28.640948124231677,28.89849605535285,50000
2023-09-26,28.89849605535285,28.909271480133338,28.415946119115166,28.480832616972872,100820
2023-09-27,28.480832616972872,28.646880731137436,28.163073816578063,28.306602783736942,50000
2023-09-28,28.306602783736942,28.446267055067768,28.176884191913338,28.393803865051705,55537
2023-09-29,28.393803865051705,29.131039060869057,28.353889978545123,28.808634881321137,50000
2023-10-02,28.808634881321137,28.871593886940765,27.896042847137853,27.9829111763222,50000
2023-10-03,27.9829111763222,28.06150449242093,27.925883539133125,27.96966821588884,73142
2023-10-04,27.96966821588884,28.12709752214789,27.728883511033185,27.798569552095472,50000
2023-10-05,27.798569552095472,27.996317542546286,27.724022246811025,27.726863833166107,50000
2023-10-06,27.726863833166107,28.011961204262747,27.43122943421353,27.479886264528,50000
2023-10-09,27.479886264528,27.949092728249767,27.339319865328108,27.755453493006073,55771
2023-10-10,27.755453493006073,28.229429833310462,27.714742569733374,28.192973994403403,50000
2023-10-11,28.192973994403403,28.306586346014196,27.718541096977464,28.00073062878163,59378
2023-10-12,28.00073062878163,28.083767943047825,27.885126745496883,27.90342973813442,146751
2023-10-13,27.90342973813442,28.263140909445504,27.848996031778782,28.180640756298153,165383
2023-10-16,28.180640756298153,28.18193858732831,27.86526767832037,27.903964560883406,50000
2023-10-17,27.903964560883406,27.979847918091814,27.646254856221688,27.874857821819532,50000
2023-10-18,27.874857821819532,27.934468692056324,27.269228351470563,27.581741279214615,50000
2023-10-19,27.581741279214615,28.18295005072253,27.29542822139409,28.15612712487223,50000
2023-10-20,28.15612712487223,28.41089479992889,28.075370158259986,28.30804727351262,50000
2023-10-23,28.30804727351262,28.90741070399636,28.242533545464983,28.83720745312324,50000
2023-10-24,28.83720745312324,29.038561619451112,28.707387211447855,28.789206075805804,50000
2023-10-25,28.789206075805804,29.13232480452167,28.709171627697646,29.010118344943077,50000
2023-10-26,29.010118344943077,29.10311341659795,28.8289698375637,29.054027258105123,50000
2023-10-27,29.054027258105123,29.113426521870412,28.712369596446322,28.735845312221052,50000
2023-10-30,28.735845312221052,29.10429021532048,28.191414534857547,28.538248429455873,50000
2023-10-31,28.538248429455873,28.88781092459054,28.53247128110708,28.71752492275735,95023
2023-11-01,28.71752492275735,28.996111295986626,28.613567818346,28.87847671707757,50000
2023-11-02,28.87847671707757,29.050652165428957,28.43275314562708,28.684960551364263,50000
2023-11-03,28.684960551364263,28.97722496114191,28.589259247542536,28.66547486482428,50000
2023-11-06,28.66547486482428,28.87279718963316,28.645998875514465,28.76806408429924,50000
2023-11-07,28.76806408429924,28.779244683973268,28.52684195170576,28.63467118443076,50000
2023-11-08,28.63467118443076,28.646316008205222,28.411478977435404,28.426758795988718,60524
2023-11-09,28.426758795988718,28.508818616140115,28.052988585664753,28.18568698878692,50000
2023-11-10,28.18568698878692,28.301356861285928,27.57269925218688,27.937435535562518,50000
2023-11-13,27.937435535562518,28.329213870536623,27.864774706119878,28.102809116169045,50000
2023-11-14,28.102809116169045,28.12520238070324,27.913966262357494,27.927149218263057,78800
2023-11-15,27.927149218263057,27.95906417340786,27.865522283762374,27.946756996802126,50000
2023-11-16,27.946756996802126,27.99511292054929,27.637846147068128,27.90859124498239,50000
2023-11-17,27.90859124498239,27.924943839766566,27.53220542344605,27.84751241761269,50000
2023-11-20,27.84751241761269,27.86905845416775,27.558408145662817,27.56163351666278,80574
2023-11-21,27.56163351666278,27.768882850540614,27.010326037491357,27.248668281443432,50000
2023-11-22,27.248668281443432,27.36587632832898,27.199897956511023,27.339448332451063,50000
2023-11-23,27.339448332451063,27.5368163278921,26.862704941631808,27.278479595531987,85037
2023-11-24,27.278479595531987,27.53184465857648,27.13863625626067,27.46569694230987,73291
2023-11-27,27.46569694230987,28.041742544092703,27.39544447589331,27.722737702809834,50000
2023-11-28,27.722737702809834,27.860077174206115,27.391993155250297,27.72737569211648,69111
2023-11-29,27.72737569211648,28.108321897033647,27.57947149120827,28.063497430680787,50000
2023-11-30,28.063497430680787,28.102785675053457,27.905915934946254,28.0317720256461,105836
2023-12-01,28.0317720256461,28.06361701090417,27.939118972948602,27.999771801643934,50000
2023-12-04,27.999771801643934,28.9182756364187,27.917014425260177,28.501311172692205,104801
2023-12-05,28.501311172692205,28.766947207497026,28.04794597695728,28.26387344014388,50000
2023-12-06,28.26387344014388,28.542611800391466,28.206050041979392,28.234409863202398,50000
2023-12-07,28.234409863202398,28.276074825980796,27.85771316933388,27.91487527859414,121413
2023-12-08,27.91487527859414,28.065514742775456,27.487786382099525,27.64069925453287,253121
2023-12-11,27.64069925453287,28.017121171665334,27.116777486722054,27.472486684653063,50000
2023-12-12,27.472486684653063,27.89196398818621,27.443011904605367,27.692039437403203,50000
2023-12-13,27.692039437403203,27.910735622406722,27.593755456568655,27.64539317378849,114622
2023-12-14,27.64539317378849,27.894831976583063,27.63120001300872,27.84771402557923,50000
2023-12-15,27.84771402557923,27.90724782514146,27.539824695078753,27.63074756299383,50000
2023-12-18,27.63074756299383,28.111088374018145,27.500090605770374,27.941759749354617,50000
2023-12-19,27.941759749354617,28.14337970315513,27.557909735455166,27.60037280716158,155060
2023-12-20,27.60037280716158,27.889388275096003,27.28004185069033,27.374693967678486,50000
2023-12-21,27.374693967678486,27.43872913484561,27.142040437125754,27.235941692621118,72410
2023-12-22,27.235941692621118,27.37260646026748,27.052597973064607,27.250433351598538,50000
2023-12-25,27.250433351598538,27.652021897083724,27.181970321396445,27.524820708369777,50000
2023-12-26,27.524820708369777,27.568356639531967,27.338847442434226,27.441265748876297,50000
2023-12-27,27.441265748876297,27.819957532941586,27.208456090051314,27.707803692806777,50000
2023-12-28,27.707803692806777,27.829021067788297,27.656533115309887,27.665277231256546,50000
2023-12-29,27.665277231256546,27.742740863181844,27.568987929291584,27.73511758255601,50000
2024-01-01,27.73511758255601,27.828965164176566,27.52274576162667,27.819789084636824,50000
2024-01-02,27.819789084636824,27.93267565761384,27.80918495671534,27.86667340903978,50000
2024-01-03,27.86667340903978,28.45213795990925,27.636806701887643,28.2145147232577,70383
2024-01-04,28.2145147232577,28.72175522729287,28.182629101678284,28.53871297565308,50000
2024-01-05,28.53871297565308,28.553555306361975,28.18011176504021,28.31956461678384,88884
2024-01-08,28.31956461678384,28.49335474562382,28.181020976806927,28.186765719038263,70823
2024-01-09,28.186765719038263,28.592801670760988,27.889899103726975,28.5515805503213,50000
2024-01-10,28.5515805503213,28.608786576486573,28.085364102707057,28.228361475029725,50000
2024-01-11,28.228361475029725,28.677456941049684,28.040867435147184,28.554956672426027,50000
2024-01-12,28.554956672426027,28.868573885544553,28.491121395967312,28.64583182839106,50000
2024-01-15,28.64583182839106,29.171894512979954,28.540465869731673,29.167657922895202,50000
2024-01-16,29.167657922895202,29.298107723528165,28.67823283148573,29.04539887027172,68494
2024-01-17,29.04539887027172,29.25816800519772,28.939529418325733,29.17358026576586,50000
2024-01-18,29.17358026576586,29.55500245117984,29.083787955952477,29.374352604503358,52989
2024-01-19,29.374352604503358,29.728823000745784,28.695635193839674,29.00379439821037,50000
2024-01-22,29.00379439821037,29.242780136814655,28.96902016274818,29.209214925693896,186421
2024-01-23,29.209214925693896,29.70473361406052,29.01154360473637,29.04728368206758,50000
2024-01-24,29.04728368206758,29.32171381375291,28.98625163553043,29.009694383318816,50000
2024-01-25,29.009694383318816,29.47220920807939,28.919020726499962,29.119747924896274,50000
2024-01-26,29.119747924896274,29.3728298422414,29.096683912226272,29.335544071659584,50000
2024-01-29,29.335544071659584,29.76348256012946,29.309315642756292,29.620230863888477,50000
2024-01-30,29.620230863888477,29.742250194992618,29.452823808509976,29.57146971461028,50000
2024-01-31,29.57146971461028,29.67639097744092,29.19953871588291,29.344776291834073,50000
2024-02-01,29.344776291834073,29.579198986407697,28.778229430031647,29.060381687383106,50000
2024-02-02,29.060381687383106,30.082858993341443,29.028313237112226,29.822804312047165,50000
2024-02-05,29.822804312047165,29.941755971404593,29.17833491228787,29.323743641521393,50000
2024-02-06,29.323743641521393,29.524044720594066,29.21719199112881,29.494269070139005,50000
2024-02-07,29.494269070139005,29.50429668859965,29.149744275311164,29.2096796349752,50000
2024-02-08,29.2096796349752,29.657466004740904,29.14350279349647,29.481032507594726,50000
2024-02-09,29.481032507594726,29.692848486437054,29.170086311918336,29.20093371381552,50000
2024-02-12,29.20093371381552,29.217496771773728,28.831629812987597,29.072728441548392,50000
2024-02-13,29.072728441548392,29.26122950956942,28.981073319776584,29.150071652444137,148432
2024-02-14,29.150071652444137,29.187669791984035,28.918226171589318,28.9227105340554,94308
2024-02-15,28.9227105340554,28.94630142550627,28.403957367208907,28.632032213306715,50000
2024-02-16,28.632032213306715,28.68783709447169,28.41238901380635,28.67946639308159,50000
2024-02-19,28.67946639308159,28.975520745419402,28.482335524055653,28.72991189193595,50000
2024-02-20,28.72991189193595,28.750792792553597,28.427381064114375,28.59580073295731,50000
2024-02-21,28.59580073295731,29.238797496670866,28.440516484563915,29.109770449539084,50000
2024-02-22,29.109770449539084,29.1687317910253,28.933502435409643,29.13568869092381,50000
2024-02-23,29.13568869092381,29.47382907093544,29.038745126781325,29.040331145945448,50000
2024-02-26,29.040331145945448,29.4995565499787,28.79712535335072,29.346170355633234,50000
2024-02-27,29.346170355633234,29.486292288820504,28.770314233146276,28.91157403364975,50000
2024-02-28,28.91157403364975,29.030873002548027,28.479063022880286,28.74755794078039,50000
2024-02-29,28.74755794078039,28.886866887413703,28.53632919250105,28.573401140981446,50000
2024-03-01,28.573401140981446,28.75844046970822,28.166062159973198,28.440801322430037,50000
2024-03-04,28.440801322430037,28.449800825885315,28.412890686476384,28.413114048088126,50000
2024-03-05,28.413114048088126,28.822504108494215,28.360330469542426,28.722979513880674,86045
2024-03-06,28.722979513880674,28.777604773686857,28.48340776737129,28.612719258218075,50000
2024-03-07,28.612719258218075,28.762735486640434,28.317588485008677,28.376107585001893,79292
2024-03-08,28.376107585001893,28.71267812504055,28.35111589795085,28.686432005619718,62538
2024-03-11,28.686432005619718,28.944315766418296,27.975549738104718,28.14052671149248,50000
2024-03-12,28.14052671149248,28.17733323884131,27.714843323794806,27.969541413987496,50000
2024-03-13,27.969541413987496,28.244158340398283,27.789644596990158,27.887201035178112,96677
2024-03-14,27.887201035178112,28.120752506002454,27.811770622257296,28.09940486981261,50000
2024-03-15,28.09940486981261,28.219287517509105,28.082671574515654,28.154242971146328,50000
2024-03-18,28.154242971146328,28.491016649025855,27.981770492966145,28.093061214872915,50000
2024-03-19,28.093061214872915,28.559328409712435,27.936667902269882,28.066163489569604,50000
2024-03-20,28.066163489569604,28.24434540790933,27.489754387158396,27.853636599253313,68826
2024-03-21,27.853636599253313,28.05372828635986,27.71501134175527,27.96850914789583,50000
2024-03-22,27.96850914789583,28.259009439834987,27.61123601132564,28.034601665828674,50000
2024-03-25,28.034601665828674,28.19720164792677,27.900501714604815,28.073034248781806,54060
2024-03-26,28.073034248781806,28.399155539986012,28.016029876383403,28.173342107808427,50000
2024-03-27,28.173342107808427,28.28688326504404,27.97372681814573,28.047385777293897,165440
2024-03-28,28.047385777293897,28.106390230435814,27.931339795484618,27.978999546058716,50000
2024-03-29,27.978999546058716,28.134827273432073,27.373923125801156,27.51973541391035,50000
2024-04-01,27.51973541391035,27.72771612629147,27.400005296305746,27.431483688549413,50000
2024-04-02,27.431483688549413,27.61254363877078,27.082926377025082,27.50120126708084,50000
2024-04-03,27.50120126708084,28.057775493679422,27.41799574229379,27.899785562074054,50000
2024-04-04,27.899785562074054,28.098173204230818,27.685490201779153,27.76827188702842,124324
2024-04-05,27.76827188702842,28.065443788785032,27.6300474166766,27.9151385382701,62142
2024-04-08,27.9151385382701,28.463245258596036,27.781726327187794,28.334883322511295,54003
2024-04-09,28.334883322511295,28.902402989862605,28.233324508960905,28.786858666886925,50000
2024-04-10,28.786858666886925,28.929189129201127,28.528205568953027,28.903508105031356,50000
2024-04-11,28.903508105031356,29.09248540856565,28.76658696011194,29.082648088603335,50000
2024-04-12,29.082648088603335,29.645659060353122,28.972118338884542,29.633522414727086,323364
2024-04-15,29.633522414727086,30.001837771959146,29.629421750049655,29.757458590086554,66472
2024-04-16,29.757458590086554,29.950613414080383,29.75172175016086,29.917299809195008,50000
2024-04-17,29.917299809195008,29.96248585215172,29.814282278457238,29.87825251727659,50000
2024-04-18,29.87825251727659,30.05520651737559,29.32762294535378,29.39378030903612,50000
2024-04-19,29.39378030903612,29.439986587158273,29.253361845441166,29.325803727710266,50000
2024-04-22,29.325803727710266,29.441999490769863,29.101562516034154,29.350699530975874,50000
2024-04-23,29.350699530975874,30.128683761629603,29.17728637175989,29.784138478008174,78032
2024-04-24,29.784138478008174,29.919787874619693,29.661707976288202,29.662514049421066,60362
2024-04-25,29.662514049421066,29.7086759130002,29.544338302667157,29.682492606904503,50000
2024-04-26,29.682492606904503,30.034488624070764,29.300765239322985,29.622547387563085,54125
2024-04-29,29.622547387563085,29.688052927875756,29.317798088296158,29.514742057614683,57772
2024-04-30,29.514742057614683,30.15369733879847,29.40102733610071,29.969031029582656,50000
2024-05-01,29.969031029582656,30.162377835510114,29.706571796401388,29.71523051255381,50000
2024-05-02,29.71523051255381,29.750486048707884,29.488176518242913,29.51633305661603,85397
2024-05-03,29.51633305661603,29.53711238430411,29.293280406340177,29.367629108604792,50000
2024-05-06,29.367629108604792,29.594686748585016,28.96382012975689,29.561566841394903,58086
2024-05-07,29.561566841394903,29.74104868099506,28.999518478550627,29.111361635876715,67370
2024-05-08,29.111361635876715,29.925026610449873,28.916887281296543,29.73418789041886,50000
2024-05-09,29.73418789041886,29.97079394890856,29.681847708973944,29.87196837990227,50000
2024-05-10,29.87196837990227,30.253686953943213,29.866399754471185,29.99788824266024,85143
2024-05-13,29.99788824266024,30.118902631291057,29.503962138399018,29.517215314850038,68946
2024-05-14,29.517215314850038,29.787419745449967,29.455627633489343,29.73260434429283,50000
2024-05-15,29.73260434429283,29.791118679821285,29.17191395071789,29.28645113335277,109078
2024-05-16,29.28645113335277,29.58145525295294,28.945909646316593,29.126663296989275,50000
2024-05-17,29.126663296989275,29.31576414918382,28.84522053331921,28.846278880698794,53133
2024-05-20,28.846278880698794,28.87421359835462,28.254275800673046,28.41669139505327,50000
2024-05-21,28.41669139505327,28.504979779806334,27.867195394242668,27.886388954530556,50000
2024-05-22,27.886388954530556,28.24406662311328,27.884792849601105,27.977616151398898,50000
2024-05-23,27.977616151398898,28.20933604749735,27.625045860121073,27.844982040533555,91299
2024-05-24,27.844982040533555,28.229453132004497,27.731040238512264,27.897691835899774,90520
2024-05-27,27.897691835899774,28.195429670118262,27.466054558897824,27.63977410312961,50000
2024-05-28,27.63977410312961,27.668959518803867,27.105751996512662,27.151959030883177,50000
2024-05-29,27.151959030883177,27.559050967404836,26.969276668691812,27.337766358011645,50000
2024-05-30,27.337766358011645,27.510046472426026,27.12772860596334,27.153402269071886,50810
2024-05-31,27.153402269071886,27.173753850485646,26.706832554852205,26.798295402429012,52961
2024-06-03,26.798295402429012,27.1602778861169,26.772063180267853,27.12994509624603,50000
2024-06-04,27.12994509624603,27.35179786439047,27.089318524392656,27.20998686381068,63432
2024-06-05,27.20998686381068,27.694927594423536,27.134146447449243,27.568632793483225,50000
2024-06-06,27.568632793483225,27.576917733834186,27.41731562816827,27.461884687314978,50000
2024-06-07,27.461884687314978,27.78016870372896,27.310226925921953,27.55148539343908,50000
2024-06-10,27.55148539343908,27.70935909659281,27.468270929500903,27.62315292407541,50000
2024-06-11,27.62315292407541,27.773192395456167,27.420880265835162,27.560878091383305,50000
2024-06-12,27.560878091383305,27.747647562052084,27.52133434224059,27.62945488048927,50000
2024-06-13,27.62945488048927,28.11114280945289,27.624353874054854,27.772385403153773,50000
2024-06-14,27.772385403153773,28.13635428789844,27.677010348883574,27.843642769842987,50000
2024-06-17,27.843642769842987,28.30760679476472,27.41834762111014,27.923136949593474,50000
2024-06-18,27.923136949593474,28.209055065023545,27.732695425941795,27.91203396789989,55513
2024-06-19,27.91203396789989,28.117599965596444,27.810701944738646,28.094498194813504,50000
2024-06-20,28.094498194813504,28.153879488460024,27.78212085690754,28.018722912182906,50000
2024-06-21,28.018722912182906,28.27404240180224,27.531574748975146,27.721638729211374,65609
2024-06-24,27.721638729211374,27.834994041696454,27.035884332834414,27.2405894608205,50000
2024-06-25,27.2405894608205,27.346752833130523,27.09860923336638,27.15582623444871,50000
2024-06-26,27.15582623444871,27.220507415363823,26.799178098884223,26.977994988999747,50000
2024-06-27,26.977994988999747,27.000790526883694,26.662652562923792,26.812208067735806,72900
2024-06-28,26.812208067735806,27.018710227682078,26.611115274825718,26.806938459173097,50000
2024-07-01,26.806938459173097,27.05458155176226,26.388414062678336,26.488464697813065,50000
2024-07-02,26.488464697813065,26.493346137004025,25.87523255517035,26.15210872192682,50000
2024-07-03,26.15210872192682,26.23435910822654,26.122409085222813,26.1475561566512,50000
2024-07-04,26.1475561566512,26.874128475426755,26.11023423908424,26.563723043780822,50000
2024-07-05,26.563723043780822,26.65301300936163,26.229092487991174,26.39118455025701,69474
2024-07-08,26.39118455025701,26.43686604446628,26.119182642959434,26.25028652154852,50000
2024-07-09,26.25028652154852,26.712702550534154,26.09424614693705,26.693054783770393,64562
2024-07-10,26.693054783770393,27.25048033000029,26.451697237808492,27.193762604053262,50000
2024-07-11,27.193762604053262,27.417023879129964,26.94481989845442,26.957807787614357,67721
2024-07-12,26.957807787614357,27.00365828802173,26.34388815056139,26.504864931754632,50000
2024-07-15,26.504864931754632,27.11192657401205,26.415900689011117,27.049977201448723,130737
2024-07-16,27.049977201448723,27.39826585114368,27.009723349706395,27.109311023602356,128898
2024-07-17,27.109311023602356,27.550769498651213,27.08810437001322,27.535561407513754,95226
2024-07-18,27.535561407513754,27.585164918788607,26.686699344482584,26.80182055357635,95518
2024-07-19,26.80182055357635,27.19335776777436,26.770155352500268,27.034149860950826,50000
2024-07-22,27.034149860950826,27.056737671572456,26.971791553709636,27.010061211798707,50000
2024-07-23,27.010061211798707,27.259072073163836,26.842320991906256,26.975100417098,50000
2024-07-24,26.975100417098,27.34159470309688,26.60236842321504,27.15085752867403,69049
2024-07-25,27.15085752867403,27.459444140322045,26.855784760405733,27.008331194738265,50000
2024-07-26,27.008331194738265,27.129487548193566,26.78346705868197,26.926164145653065,50000
2024-07-29,26.926164145653065,26.952812201803425,26.537037607673863,26.562184823152688,50000
2024-07-30,26.562184823152688,26.882315773125548,26.54974459208436,26.556421390649604,89788
2024-07-31,26.556421390649604,26.708397492150564,26.519002035819085,26.544920614438674,50000
2024-08-01,26.544920614438674,27.06582232004625,26.40409966993791,26.954302785141024,57151
2024-08-02,26.954302785141024,27.239375753711066,26.25961427452496,26.661591635482626,149319
2024-08-05,26.661591635482626,26.86803476000319,26.441720494385226,26.534036378309224,50000
2024-08-06,26.534036378309224,26.678220450133477,26.34550575640708,26.36503987834143,50000
2024-08-07,26.36503987834143,26.740836590443898,26.34061341644532,26.644398948037132,50000
2024-08-08,26.644398948037132,26.72475932948955,26.287071288410186,26.427583514699197,50000
2024-08-09,26.427583514699197,26.51258150557756,26.31115952785385,26.508737141148696,74646
2024-08-12,26.508737141148696,26.887690676701226,26.270099670715553,26.575776364961012,50000
2024-08-13,26.575776364961012,26.785509482545798,26.209898028882108,26.42237983394149,50000
2024-08-14,26.42237983394149,26.649640763817224,26.23867611685018,26.44080852097281,77533
2024-08-15,26.44080852097281,26.613084456204838,26.349343525370426,26.604116403681207,50000
2024-08-16,26.604116403681207,26.783655584746104,26.603532915446937,26.637497349246555,50000
2024-08-19,26.637497349246555,26.809002445417537,26.341770717008163,26.65130454335287,70259
2024-08-20,26.65130454335287,26.800704004141085,26.29565534016968,26.4341332411629,116916
2024-08-21,26.4341332411629,26.908672967952253,26.288356272448816,26.68692447663016,50000
2024-08-22,26.68692447663016,27.091529070793133,26.648293529542627,26.89096252233457,50000
2024-08-23,26.89096252233457,27.689320848230537,26.756988864938283,27.45978969093562,52676
2024-08-26,27.45978969093562,27.595980932132107,27.117349148993235,27.250454319363506,50000
2024-08-27,27.250454319363506,27.39986587003132,27.05841315769093,27.222142624606278,50000
2024-08-28,27.222142624606278,27.411616446258297,27.09714281359647,27.149571491120504,55624
2024-08-29,27.149571491120504,27.164040373837974,26.883236307792906,26.972173109385814,83525
2024-08-30,26.972173109385814,27.130588501732753,26.439400419274715,26.516394630335967,50000
2024-09-02,26.516394630335967,26.707117097679298,26.512107116578775,26.682534439016358,50000
2024-09-03,26.682534439016358,26.906401631861005,26.429276628497316,26.515271171638904,50000
2024-09-04,26.515271171638904,27.051344501117907,26.337493928001383,27.031462036319194,50000
2024-09-05,27.031462036319194,27.35996641111389,26.706421640727715,26.72865020774605,60023
2024-09-06,26.72865020774605,26.819151613243452,25.940087319743593,26.29701572570989,50000
2024-09-09,26.29701572570989,26.667049161593237,26.17261823871129,26.611855679646347,50000
2024-09-10,26.611855679646347,26.71009975873453,26.347245642700198,26.41521022542721,50000
2024-09-11,26.41521022542721,26.56613783539916,26.192481539641957,26.45185822752205,50000
2024-09-12,26.45185822752205,26.652855183280092,26.26431234785347,26.387400823575547,50000
2024-09-13,26.387400823575547,26.677087743705115,26.336878586043458,26.567692208964562,50000
2024-09-16,26.567692208964562,26.735216608053022,26.515192367328442,26.674636427446075,50000
2024-09-17,26.674636427446075,26.70610758376729,26.32976320666822,26.460736715690942,50000
2024-09-18,26.460736715690942,26.572138869506507,26.223348343324886,26.571988120156753,50000
2024-09-19,26.571988120156753,26.910531790529202,25.901670717025272,26.064395445799992,50000
2024-09-20,26.064395445799992,26.10044739579645,25.544260716564683,25.64092467280482,136522
2024-09-23,25.64092467280482,25.734040507109963,25.246491381101812,25.313129671112,50000
2024-09-24,25.313129671112,25.38665438462864,25.165221471501084,25.228359655430044,67283
2024-09-25,25.228359655430044,25.88132629073022,25.114181152874142,25.82361462535441,65339
2024-09-26,25.82361462535441,26.488993949988977,25.77986591506188,26.283551996853454,78356
2024-09-27,26.283551996853454,26.439604643800482,25.75252734236535,25.767394229884022,50000
2024-09-30,25.767394229884022,25.869445571320085,25.342516158210973,25.452092732149083,50000
2024-10-01,25.452092732149083,25.89670901095487,25.30571537102898,25.88867197497543,50000
2024-10-02,25.88867197497543,26.297224674421148,25.697862893585953,26.15271567238705,50000
2024-10-03,26.15271567238705,26.223693340818418,25.859104679167288,25.87110256592097,50000
2024-10-04,25.87110256592097,25.935052473140548,25.713164853822324,25.74558707223659,50000
2024-10-07,25.74558707223659,25.80129466721022,25.46452320643895,25.490908088664025,50000
2024-10-08,25.490908088664025,25.641925561195432,24.9828800227127,25.193383502844664,54763
2024-10-09,25.193383502844664,25.28583874379915,24.838607032008454,24.967736567324454,50000
2024-10-10,24.967736567324454,25.084243791626832,24.636257589197026,24.868521282461828,50000
2024-10-11,24.868521282461828,24.922459920287096,24.069777211866445,24.09795436760597,50000
2024-10-14,24.09795436760597,24.21668476113848,23.903990645138997,24.189813581557665,57911
2024-10-15,24.189813581557665,24.27587143761889,24.154226155975486,24.26333803395346,50000
2024-10-16,24.26333803395346,24.59396630327329,24.112480545164996,24.508938580702477,50000
2024-10-17,24.508938580702477,24.677509986735444,24.39056363495126,24.63256416542406,50000
2024-10-18,24.63256416542406,24.687731594993743,24.099964099280555,24.219181239814784,50000
2024-10-21,24.219181239814784,24.712711855370085,23.968360927531258,24.557353392976207,59530
2024-10-22,24.557353392976207,24.80007091431284,24.345309139670263,24.686279765161803,53769
2024-10-23,24.686279765161803,25.788002414166527,24.501872310918525,25.52007562983339,50000
2024-10-24,25.52007562983339,25.57832660614748,25.077626352624815,25.226621372555815,113219
2024-10-25,25.226621372555815,25.26841591105754,24.736651163797205,24.822163067829038,65654
2024-10-28,24.822163067829038,25.149384063539124,24.76465050719629,25.145912892569985,50000
2024-10-29,25.145912892569985,25.409548506514028,25.090956606109856,25.271422882261604,50000
2024-10-30,25.271422882261604,25.723646960072585,25.075752093192712,25.624580337628217,61911
2024-10-31,25.624580337628217,25.68870577658377,25.07946852135649,25.491068062139952,87173
2024-11-01,25.491068062139952,25.813218371907293,25.285616967394553,25.529311887392954,50000
2024-11-04,25.529311887392954,25.698961763409518,25.437016588147646,25.452318629680136,50000
2024-11-05,25.452318629680136,25.488402657109106,25.334530931735877,25.475456376907427,50000
2024-11-06,25.475456376907427,25.491617585688,24.752314316219543,25.01565563556385,96320
2024-11-07,25.01565563556385,25.038147876053984,24.693636744721896,24.80295286022871,50000
2024-11-08,24.80295286022871,25.214800676068425,24.68405042279116,24.84913296925225,50000
2024-11-11,24.84913296925225,24.96701140574503,24.388408571539337,24.669433490286618,109998
2024-11-12,24.669433490286618,24.69054141450135,24.347409768380118,24.55078683884776,50000
2024-11-13,24.55078683884776,24.674033608051772,24.26565249824577,24.369175953681832,50000
2024-11-14,24.369175953681832,24.73798852400985,24.249752035066,24.534199423983512,50000
2024-11-15,24.534199423983512,24.815385094403705,24.1778452388697,24.351404414459925,50000
2024-11-18,24.351404414459925,24.89133585787762,24.265571989776728,24.873271089170714,50000
2024-11-19,24.873271089170714,25.1848246109371,24.84815029823098,24.861475978696216,53065
2024-11-20,24.861475978696216,25.067697400316685,24.726035350083084,24.766762551787167,50000
2024-11-21,24.766762551787167,24.87004705425914,24.20010621166546,24.314499442490124,50000
2024-11-22,24.314499442490124,24.32445749255027,24.25737906782113,24.286566547021486,50000
2024-11-25,24.286566547021486,24.29459184858486,24.034937298457496,24.03545825974618,121719
2024-11-26,24.03545825974618,24.165954796971402,23.717959456799164,23.774123813629608,50000
2024-11-27,23.774123813629608,23.99029219501088,22.941979014181623,23.231823569091418,59108
2024-11-28,23.231823569091418,23.460252178930773,23.05295734255868,23.062798016518656,50000
2024-11-29,23.062798016518656,23.146705593379167,22.45379491523845,22.74692630605282,50000
2024-12-02,22.74692630605282,22.774493472731887,22.42820194875144,22.440366024721797,93478
2024-12-03,22.440366024721797,22.53753132469516,21.514405435992256,21.74419029517647,50000
2024-12-04,21.74419029517647,21.756421788409494,21.34347247494806,21.53283329552771,50000
2024-12-05,21.53283329552771,21.616902030107475,21.035452958855878,21.283176453254143,50000
2024-12-06,21.283176453254143,21.301872604883293,20.97721067153523,21.05923651698164,50000
2024-12-09,21.05923651698164,21.16160080871925,20.894193722066277,21.012843154216995,50000
2024-12-10,21.012843154216995,21.313418409103082,20.95479936285767,21.25808140094246,82429
2024-12-11,21.25808140094246,21.26124685165058,21.074202912285394,21.13696449679931,50000
2024-12-12,21.13696449679931,21.314595055676207,20.942492226655258,21.275467770812316,72137
2024-12-13,21.275467770812316,21.409606503945863,21.23668721906978,21.290764022214933,50000
2024-12-16,21.290764022214933,21.60135185015529,21.15314525380264,21.540893330068922,50000
2024-12-17,21.540893330068922,21.745627843633834,21.307105449877376,21.346014567958047,104555
2024-12-18,21.346014567958047,21.65323346471474,21.318381726574923,21.416211202249546,50000
2024-12-19,21.416211202249546,21.421596257169877,20.87283890659691,20.873184286455626,50000
2024-12-20,20.873184286455626,21.4042657646815,20.668296339316623,21.39177762157915,50000
2024-12-23,21.39177762157915,21.48970887028912,20.947027788139955,20.964341404643378,52724
2024-12-24,20.964341404643378,21.101489934599183,20.41761366597385,20.41849152009867,50000
2024-12-25,20.41849152009867,20.603955384749778,20.009642579632082,20.09383384556854,53195
2024-12-26,20.09383384556854,20.1916437567119,19.827721352548682,19.880114325703754,50000
2024-12-27,19.880114325703754,20.64612953349123,19.87520197966249,20.40971366655876,130129
2024-12-30,20.40971366655876,20.877589601878697,20.327816272521346,20.547478124099506,50000
2024-12-31,20.547478124099506,20.589988181701724,20.473015857404675,20.477682518419957,50446
2025-01-01,20.477682518419957,20.593224661877912,20.31484037900493,20.55493530860162,106828
2025-01-02,20.55493530860162,20.586771101451788,19.81045676957358,19.942372685926077,50000
2025-01-03,19.942372685926077,20.06549579363747,19.596073392744383,19.72963898646435,50000
2025-01-06,19.72963898646435,20.13246518834482,19.630811389172578,20.071544679432904,50000
2025-01-07,20.071544679432904,20.080733992266307,19.90128672214957,20.06556305409639,93324
2025-01-08,20.06556305409639,20.32717183475444,20.060246132632393,20.28549140713218,50000
2025-01-09,20.28549140713218,20.471077341809835,20.183260433203273,20.234431849363407,76596
2025-01-10,20.234431849363407,20.42908956817349,20.23097968137412,20.386419530414496,50000
2025-01-13,20.386419530414496,20.736718997498926,20.33228582883777,20.7289161114726,50000
2025-01-14,20.7289161114726,20.94050139362492,20.489599101499945,20.494282879313612,50000
2025-01-15,20.494282879313612,20.609929010902434,20.285259153657087,20.53848969301681,80455
2025-01-16,20.53848969301681,20.595702191692634,19.99987776663114,20.034911277635466,94954
2025-01-17,20.034911277635466,20.44779997567932,19.958521799023686,20.340598492655552,50000
2025-01-20,20.340598492655552,20.51249377711972,20.309699988207903,20.433608300962735,50000
2025-01-21,20.433608300962735,20.464190634405057,20.22614286136295,20.245612660801417,50000
2025-01-22,20.245612660801417,20.246602055242395,19.97202982619512,20.035894620402228,64317
2025-01-23,20.035894620402228,20.036711532583432,19.945087164451987,19.977267530710755,50000
2025-01-24,19.977267530710755,19.981797116436173,19.627601606251133,19.76146429686319,58782
2025-01-27,19.76146429686319,20.054730191984792,19.676583250871435,19.972615107797683,125429
2025-01-28,19.972615107797683,20.156073707317372,19.900502918365447,20.131330273835307,50000
2025-01-29,20.131330273835307,20.56744268463801,20.12856444243952,20.563139117963964,50000
2025-01-30,20.563139117963964,20.765622769610935,20.379133282438527,20.740724968566767,50000
2025-01-31,20.740724968566767,20.92418444551248,20.552787537220453,20.817256147141034,183761
2025-02-03,20.817256147141034,21.23758513719009,20.67410681745192,21.226187604326096,69844
2025-02-04,21.226187604326096,21.57562236369329,21.077245371031616,21.520229662963153,64080
2025-02-05,21.520229662963153,21.54958632221859,21.26716613967617,21.326821809546082,52874
2025-02-06,21.326821809546082,21.929580866577584,21.234325692723633,21.908415190117676,50000
2025-02-07,21.908415190117676,22.01347042016513,21.703294894117644,21.883134729474953,50000
2025-02-10,21.883134729474953,21.918819121692774,21.67411583618544,21.749742031725333,61646
2025-02-11,21.749742031725333,21.81367942556763,21.277566063711117,21.31408686040056,50000
2025-02-12,21.31408686040056,21.328040082340063,21.189958024859646,21.261241248224586,50000
2025-02-13,21.261241248224586,21.708761504054387,21.059168087792614,21.681059400620512,50000
2025-02-14,21.681059400620512,21.89911339783821,21.391467530799726,21.657570164643296,108339
2025-02-17,21.657570164643296,21.769917011852627,21.50096559455077,21.743774327872824,50000
2025-02-18,21.743774327872824,21.767488612361056,21.128487035910606,21.28923962319459,50000
2025-02-19,21.28923962319459,21.359400160531383,20.86942534067631,20.930606436169942,107052
2025-02-20,20.930606436169942,21.051574982323096,20.821570521722798,20.856898188178846,92085
2025-02-21,20.856898188178846,20.89403366503604,20.665993383052967,20.762541418938767,50000
2025-02-24,20.762541418938767,21.14404316393331,20.736944795377703,21.125092154211163,50000
2025-02-25,21.125092154211163,21.17313812378569,20.951357986510235,21.173018999541068,84829
2025-02-26,21.173018999541068,21.21328350751562,20.83165111973079,20.87476142134218,50000
2025-02-27,20.87476142134218,20.971127567377394,20.80327847121104,20.858761953418043,50000
2025-02-28,20.858761953418043,20.878682986644748,20.721780089856882,20.791156162853532,50000
2025-03-03,20.791156162853532,21.139596950033244,20.74762319388061,20.835769538520324,143580
2025-03-04,20.835769538520324,20.96818509898623,20.736001935748174,20.73675531036473,50000
2025-03-05,20.73675531036473,20.816402520999592,20.50806982908274,20.595346479924444,50000
2025-03-06,20.595346479924444,20.911824176337806,20.37830632746893,20.69367284966627,54164
2025-03-07,20.69367284966627,20.824237205784677,20.57751733045907,20.80290256656365,50000
2025-03-10,20.80290256656365,20.83444330921414,20.635010026951996,20.641243885789212,50000
2025-03-11,20.641243885789212,20.82414114441817,20.622472427631347,20.66781862575579,90351
2025-03-12,20.66781862575579,20.8609529421409,20.582502334081468,20.659254918456032,306017
2025-03-13,20.659254918456032,20.9102891370534,20.281465383882605,20.336829793998586,106233
2025-03-14,20.336829793998586,20.62755017875333,20.208777260607164,20.277287541457564,50000
2025-03-17,20.277287541457564,20.39919543841598,20.187774674100808,20.236466016833777,72809
2025-03-18,20.236466016833777,20.35595301709525,20.077173386823045,20.183845829330963,50000
2025-03-19,20.183845829330963,20.262164655105376,19.988315879306075,20.058331599864246,50000
2025-03-20,20.058331599864246,20.088200812919748,19.805213201414574,19.834775957572788,50000
2025-03-21,19.834775957572788,19.855115007612397,19.58889334250525,19.625371742063383,50000
2025-03-24,19.625371742063383,19.961717241228385,19.566428786506627,19.8629749663882,52072
2025-03-25,19.8629749663882,19.917826251595894,19.49275235749356,19.577368724857433,53788
2025-03-26,19.577368724857433,19.99834866758961,19.487968213665855,19.95193855144453,50000
2025-03-27,19.95193855144453,20.031076088485392,19.50553956123222,19.62799750092081,54730
2025-03-28,19.62799750092081,19.78731740508819,19.462666407542606,19.47127878681303,50000
2025-03-31,19.47127878681303,19.500308086067456,19.25720542294187,19.341003004534354,50000
2025-04-01,19.341003004534354,19.765377685398295,19.290330095041483,19.704925549636716,50000
2025-04-02,19.704925549636716,19.733697906927688,19.57894781818285,19.62797156098921,50000
2025-04-03,19.62797156098921,20.086471301165105,19.448219623260293,19.899339482491758,323503
2025-04-04,19.899339482491758,19.968407901141994,19.81254020318143,19.9197153130703,65399
2025-04-07,19.9197153130703,20.084257852660343,19.782997732563988,19.96916609362027,50000
2025-04-08,19.96916609362027,20.137576001329666,19.78198355681543,19.9489357245865,67397
2025-04-09,19.9489357245865,20.12944515620686,19.333508170181428,19.48731949674579,50000
2025-04-10,19.48731949674579,19.70690110886142,18.994751728284374,19.27223385934474,71828
2025-04-11,19.27223385934474,19.29682350801468,19.11097648469066,19.117631813201424,50000
2025-04-14,19.117631813201424,19.369708120289946,18.619237542076945,18.80470018513279,50000
2025-04-15,18.80470018513279,19.04670199309442,18.655328123721517,18.971467424568946,50000
2025-04-16,18.971467424568946,19.1823373791949,18.83461308295804,19.17940881384665,50000
2025-04-17,19.17940881384665,19.196125336149247,19.087564855839435,19.11011668373905,66084
2025-04-18,19.11011668373905,19.140273411688494,18.69588381942212,18.758189128176245,50000
2025-04-21,18.758189128176245,18.87835992094979,18.447429787875926,18.56584506993756,50000
2025-04-22,18.56584506993756,18.813803107281885,18.5594255423704,18.795505812684247,50000
2025-04-23,18.795505812684247,18.868035977686,18.706738260538454,18.722689546505308,50000
2025-04-24,18.722689546505308,18.936580787209,18.716019055110873,18.930522430433456,61652
2025-04-25,18.930522430433456,19.030044647735792,18.56697941964674,18.76611761463645,66539
2025-04-28,18.76611761463645,18.868778641810678,18.62555989930539,18.70974841987522,58726
2025-04-29,18.70974841987522,18.76829391876768,18.65681569573744,18.759533896402,50000
2025-04-30,18.759533896402,18.82323357135527,18.332815702308295,18.474185714122573,50000
2025-05-01,18.474185714122573,18.573488177613395,18.40355126776757,18.54226250184248,50000
2025-05-02,18.54226250184248,18.674933189186582,18.404897332116928,18.435811035898066,50000
2025-05-05,18.435811035898066,18.694746250795845,18.411041645851444,18.689556427874052,50000
2025-05-06,18.689556427874052,18.727366925084468,17.914803334371552,18.17322816577002,58069
2025-05-07,18.17322816577002,18.998153918749246,18.0933784485575,18.858860894623575,73138
2025-05-08,18.858860894623575,18.97812293667818,18.57644640702438,18.933914867159203,144914
2025-05-09,18.933914867159203,19.124744051310785,18.88434688154928,19.00478619996685,50000
2025-05-12,19.00478619996685,19.05578187522275,18.930544971549576,19.030544096083442,50000
2025-05-13,19.030544096083442,19.51599220095093,18.81425115103934,19.406754041665277,50000
2025-05-14,19.406754041665277,19.467399341880444,19.113740252889976,19.12370286997006,50000
2025-05-15,19.12370286997006,19.57150590868205,18.908970348626852,19.477273416665653,96103
2025-05-16,19.477273416665653,20.141821384789807,19.405576008568097,19.99248465935741,50000
2025-05-19,19.99248465935741,20.107377435873367,19.74124810200524,19.997166387224066,50000
2025-05-20,19.997166387224066,20.1894933823191,19.844417437813227,20.11110224637088,88779
2025-05-21,20.11110224637088,20.354602842321018,20.09209815219052,20.338640173147418,50000
2025-05-22,20.338640173147418,20.48366860335183,20.299331439212065,20.460091853449022,50000
2025-05-23,20.460091853449022,20.62145015314474,20.236282277284033,20.55436742127043,50000
2025-05-26,20.55436742127043,20.685577299111703,20.51730835019335,20.606082722947495,50000
2025-05-27,20.606082722947495,21.017952923904467,20.591471695366533,20.855369501534053,50000
2025-05-28,20.855369501534053,20.938751942350795,20.439587848357057,20.712904714896013,50000
2025-05-29,20.712904714896013,20.80952820270093,20.70512828053974,20.727271181395242,50000
2025-05-30,20.727271181395242,21.031593110897468,20.690520445320395,20.84067140209463,50000
2025-06-02,20.84067140209463,20.98013878103806,20.461198545373886,20.72823093654962,62263
2025-06-03,20.72823093654962,20.769625853613206,20.485766794857053,20.556847319177603,50000
2025-06-04,20.556847319177603,20.81791250754103,19.55746623879861,19.706352896855222,50000
2025-06-05,19.706352896855222,19.893559716856945,19.092814157738005,19.37942073538111,50000
2025-06-06,19.37942073538111,19.46276211313719,19.29006497796481,19.44269562976505,51922
2025-06-09,19.44269562976505,19.48824824594622,19.159738924757217,19.413898259633832,76353
2025-06-10,19.413898259633832,19.63269968837999,19.204355709153464,19.379118207414162,50000
2025-06-11,19.379118207414162,19.428783998315648,19.233513272763677,19.392728469110246,50000
2025-06-12,19.392728469110246,19.565410990328335,19.20384872213968,19.30264660749418,60425
2025-06-13,19.30264660749418,19.46854660147059,19.032800724082556,19.07140272468072,50000
2025-06-16,19.07140272468072,19.11216491762506,19.02365160535664,19.033089177146177,50000
2025-06-17,19.033089177146177,19.304354864710465,18.990083503112217,19.253918415538166,50000
2025-06-18,19.253918415538166,19.432542011744832,18.967075837365485,19.351798503179044,50000
2025-06-19,19.351798503179044,19.732560794591777,19.30762245139107,19.67995224026142,50000
2025-06-20,19.67995224026142,20.156637638562326,19.60283907492549,20.090647843033633,54936
2025-06-23,20.090647843033633,20.572149701872856,20.058348905878134,20.3041257085261,50000
2025-06-24,20.3041257085261,20.638629560187404,20.242381543675656,20.466521511866173,50000
2025-06-25,20.466521511866173,20.807182715089848,20.408062518904273,20.79840290137481,50000
2025-06-26,20.79840290137481,21.0688197144238,20.609743977754768,20.989969717540706,50000
2025-06-27,20.989969717540706,21.3844857720677,20.93980963599738,21.16976786328117,178886
2025-06-30,21.16976786328117,21.182870664871267,20.655381686325434,20.858503251479107,65868
2025-07-01,20.858503251479107,20.964403801191924,20.826826297388163,20.926724473433097,62739
2025-07-02,20.926724473433097,21.06272177376085,20.530614859929827,20.5578157964648,50000
2025-07-03,20.5578157964648,20.647406146900465,20.212515130903896,20.23981132898599,53930
2025-07-04,20.23981132898599,20.241793638586064,20.01921464568123,20.08534299399681,105936
2025-07-07,20.08534299399681,20.210665520173084,19.58199331772808,19.722885326290783,50000
2025-07-08,19.722885326290783,19.734678270551697,19.22838186736012,19.40016073306578,50000
2025-07-09,19.40016073306578,19.681651690025774,19.331975220635016,19.586959833738216,50000
2025-07-10,19.586959833738216,19.71521744575832,19.311148992737433,19.313351418753072,50000
2025-07-11,19.313351418753072,19.58065262885658,19.304967346366574,19.47620991910874,152759
2025-07-14,19.47620991910874,19.606896697641023,19.343884420634385,19.51659851794789,50000
2025-07-15,19.51659851794789,19.642900405286543,19.247902979666957,19.26155657828023,50000
2025-07-16,19.26155657828023,19.305054500695093,18.978460517536345,19.17033377290247,67545
2025-07-17,19.17033377290247,19.3679986065985,19.143164533898492,19.299698526613742,50000
2025-07-18,19.299698526613742,19.43890555271408,19.275214437149323,19.350135052878116,50000
2025-07-21,19.350135052878116,19.63643085808726,19.241630906756097,19.588665194080793,50000
2025-07-22,19.588665194080793,19.64652956934417,19.531625361174083,19.582941922372015,65276
2025-07-23,19.582941922372015,19.99084781238264,19.446092578850607,19.951339211310774,52430
2025-07-24,19.951339211310774,20.090626901856393,19.87370274383623,20.022292395799592,72541
2025-07-25,20.022292395799592,20.115673210030238,19.825660432422197,19.924332076507184,134208
2025-07-28,19.924332076507184,20.502101671665194,19.918714680191766,20.338021611900803,50000
2025-07-29,20.338021611900803,20.382622868219876,19.68029650273401,19.782097806161673,67026
2025-07-30,19.782097806161673,19.93225594564072,19.40682426210365,19.54888732358627,50000
2025-07-31,19.54888732358627,19.903838673450977,19.349860053756082,19.75492200350203,50000
2025-08-01,19.75492200350203,19.89918944297049,19.65017612702901,19.77669575130717,50000
2025-08-04,19.77669575130717,19.868873259941978,19.499925334001016,19.54590544497908,50000
2025-08-05,19.54590544497908,19.732797586267015,19.149464759185086,19.640461343219723,50000
2025-08-06,19.640461343219723,19.747925370564303,19.57251147256997,19.64681093317225,50000
2025-08-07,19.64681093317225,19.678913681366137,19.050932585521984,19.14668336895041,84780
2025-08-08,19.14668336895041,19.2190984560043,18.801503454741297,18.94930686012832,50000
2025-08-11,18.94930686012832,19.269074620083444,18.88341622208367,19.176182943399443,50000
2025-08-12,19.176182943399443,19.41750212964878,19.14865014559541,19.21058300997555,50000
2025-08-13,19.21058300997555,19.589998131309127,18.986918414435817,19.48510771230491,63100
2025-08-14,19.48510771230491,19.592778175919225,19.09360280787045,19.1903449515086,50000
2025-08-15,19.1903449515086,19.269990662948764,18.98945436377814,19.039950405862594,50000
2025-08-18,19.039950405862594,19.222665345174537,18.527375178089574,18.630659120961123,74949
2025-08-19,18.630659120961123,18.773106188991147,18.156786690465957,18.268015452508166,50000
2025-08-20,18.268015452508166,18.355665385233,18.09035507176835,18.101417915217088,50000
2025-08-21,18.101417915217088,18.166122704358717,17.379896027335416,17.686888807802884,53808
2025-08-22,17.686888807802884,17.980652569033733,17.629788628518256,17.87964689351885,71612
2025-08-25,17.87964689351885,18.129402504045753,17.804485581558275,18.0460985130992,101340
2025-08-26,18.0460985130992,18.182278152902832,17.965269171312812,18.03664326361328,50000
2025-08-27,18.03664326361328,18.27912684013262,17.88650837069549,18.27690483375139,135166
2025-08-28,18.27690483375139,18.338421612268082,18.198340239374797,18.27327879049387,50000
2025-08-29,18.27327879049387,18.558426975980588,18.17383707491685,18.48735310346728,121283
2025-09-01,18.48735310346728,18.671721098582584,18.152677108867355,18.157728064214833,50000
2025-09-02,18.157728064214833,18.247439643825782,17.83853496123385,17.884212065008295,50000
2025-09-03,17.884212065008295,17.957056910983628,17.862891635339594,17.873509799992405,50000
2025-09-04,17.873509799992405,18.188579453661525,17.638480221955415,18.12675099013737,50000
2025-09-05,18.12675099013737,18.571703745415707,18.075817070012583,18.480344289865577,50000
2025-09-08,18.480344289865577,18.612510892909334,18.118110949263887,18.284958244273966,50000
2025-09-09,18.284958244273966,18.533430433502037,18.011624894276412,18.01167793218411,50000
2025-09-10,18.01167793218411,18.033690905478732,17.982521405803645,18.01209631925173,50000
2025-09-11,18.01209631925173,18.105288973423615,17.829699102049318,18.103140353003088,50998
2025-09-12,18.103140353003088,18.160100748029098,17.766448211442803,18.080066239830497,50000
2025-09-15,18.080066239830497,18.100074309018435,17.78189725266197,17.868665108702114,106535
2025-09-16,17.868665108702114,18.064735417817005,17.859827838399045,18.05375308469808,50000
2025-09-17,18.05375308469808,18.142760281734652,17.978675202132383,18.051518945485277,50000
2025-09-18,18.051518945485277,18.21941585453244,17.73682628242733,17.978317544645925,50000
2025-09-19,17.978317544645925,18.01551280691995,17.792894304065825,17.930493541783246,50000
2025-09-22,17.930493541783246,18.061172814657027,17.677785002360068,17.7096697146765,50000
2025-09-23,17.7096697146765,17.724384733656592,17.383997453249965,17.469832849864392,50000
2025-09-24,17.469832849864392,17.824476377136154,17.33147000231494,17.758842463623978,93045
2025-09-25,17.758842463623978,17.861073434768425,17.610945208618965,17.703364077551324,50000
2025-09-26,17.703364077551324,17.875241581213025,17.623758790680093,17.749492121744304,50000
2025-09-29,17.749492121744304,17.85608646066145,17.09969851721018,17.264051006037864,248527
2025-09-30,17.264051006037864,17.40877909233047,17.15205307269972,17.336708282106176,50000
2025-10-01,17.336708282106176,17.69178407613425,17.243331247405024,17.657342765996383,50000
2025-10-02,17.657342765996383,17.952513698219036,17.563977154676152,17.850945820721996,55994
2025-10-03,17.850945820721996,18.0672728957462,17.818799126828356,18.05102428824604,50000
2025-10-06,18.05102428824604,18.22026873702364,17.997085296597465,18.169046040138095,50000
2025-10-07,18.169046040138095,18.33078515123198,17.920254157513316,17.938084808341742,50000
2025-10-08,17.938084808341742,18.179420014218245,17.890306015769834,18.081034816651673,50000
2025-10-09,18.081034816651673,18.18492372291523,17.678697016872775,17.729594955017536,50000
2025-10-10,17.729594955017536,17.789296966261425,17.535793225553153,17.55549120994169,100228
2025-10-13,17.55549120994169,17.80552785788306,17.43442077481188,17.662176433512002,50000
2025-10-14,17.662176433512002,17.806568336321405,17.61930599725664,17.74536007817187,50000
2025-10-15,17.74536007817187,17.881490815766412,17.616766296154047,17.72554871339235,53887
2025-10-16,17.72554871339235,17.760316305599066,17.369418424958585,17.43979507435625,89924
2025-10-17,17.43979507435625,17.533156332481333,17.32883311803045,17.525793615247977,82219
2025-10-20,17.525793615247977,18.066114061121073,17.50792985230109,17.830534877470175,50000
2025-10-21,17.830534877470175,17.924239284213503,17.529397670375428,17.564193017598036,73116
2025-10-22,17.564193017598036,17.910836763461607,17.45283522596604,17.844185406322975,71624
2025-10-23,17.844185406322975,18.036305261172316,17.8126029032581,18.009204990874967,114895
2025-10-24,18.009204990874967,18.1338245306922,17.89070233536533,17.964656596752604,50000
2025-10-27,17.964656596752604,18.063483264971747,17.923929361884518,18.001196233330987,50000
2025-10-28,18.001196233330987,18.04021648354702,17.93371537470168,17.948536863857573,68407
2025-10-29,17.948536863857573,18.13062066637742,17.70663476356328,18.057326084619778,50000
2025-10-30,18.057326084619778,18.151635987921743,17.997301227066497,18.070417800150818,57002
2025-10-31,18.070417800150818,18.376552123047748,18.05778983666711,18.10129847872097,57257
2025-11-03,18.10129847872097,18.119772917886337,17.743150713481256,17.768948587403692,104707
2025-11-04,17.768948587403692,17.861376760517523,17.60269976851148,17.736334875502056,71952
2025-11-05,17.736334875502056,17.789515879203524,17.538540558775583,17.5426678059875,50000
2025-11-06,17.5426678059875,17.559539984444836,17.131399446933976,17.154493106990188,50000
2025-11-07,17.154493106990188,17.18075477319893,16.637576283083437,16.69092502497288,84064
2025-11-10,16.69092502497288,17.078384013440775,16.679732832980516,17.02032158332067,154637
2025-11-11,17.02032158332067,17.186872739870665,16.920545073610175,17.162066210775578,97365
2025-11-12,17.162066210775578,17.209210523782563,17.015913609341546,17.047313675281924,79150
2025-11-13,17.047313675281924,17.18119896342015,16.947320988089995,17.05178290219655,50000
2025-11-14,17.05178290219655,17.05883271548592,16.86972488111181,16.973423889945593,50000
2025-11-17,16.973423889945593,17.50220849894064,16.867241151540135,17.430696131057232,50000
2025-11-18,17.430696131057232,17.707837074148625,17.366911970426578,17.535260234375585,50000
2025-11-19,17.535260234375585,17.678870850533254,17.395094838298743,17.539547962350298,50000
2025-11-20,17.539547962350298,17.66595077447461,17.48195716899297,17.55064763947367,50000
2025-11-21,17.55064763947367,17.576122439400773,17.314285272351896,17.362786583174817,50000
2025-11-24,17.362786583174817,17.527464607952705,17.33113137265089,17.46423617944989,94292
2025-11-25,17.46423617944989,18.10107768325581,17.375903973414612,17.979305947245898,50000
2025-11-26,17.979305947245898,18.303640972854705,17.89436045754878,18.186599969556887,50000
2025-11-27,18.186599969556887,18.21376359309656,17.699055522277853,17.880982437792486,50000
2025-11-28,17.880982437792486,17.99963731214746,17.769451446853907,17.81015641011772,107082
2025-12-01,17.81015641011772,18.0855746585751,17.629403094012503,17.862066018614783,50000
2025-12-02,17.862066018614783,18.009164520753245,17.6626402884794,17.803740479514328,85129
2025-12-03,17.803740479514328,17.843691141399127,17.62220454413632,17.723258351534056,232689
2025-12-04,17.723258351534056,18.038582233066094,17.570319046495314,17.644488189548543,50000
2025-12-05,17.644488189548543,17.71619440350245,17.385802626935067,17.620414424228883,55962
2025-12-08,17.620414424228883,17.983342792938252,17.46508689788036,17.81555644427343,50000
2025-12-09,17.81555644427343,17.933781735483855,17.66213170341023,17.84146097515566,78938
2025-12-10,17.84146097515566,17.949489600989605,17.79105272932632,17.932901409755512,50000
2025-12-11,17.932901409755512,17.963867072323385,17.631800344194687,17.73365940316864,164613
2025-12-12,17.73365940316864,17.81242887505125,17.46500888324318,17.498586884119334,50000
2025-12-15,17.498586884119334,17.50482326727605,17.152680738422315,17.204415674449102,50000
2025-12-16,17.204415674449102,17.537146319985766,17.177416488701187,17.50155415510761,81414
2025-12-17,17.50155415510761,17.564275715452542,17.025718617246703,17.037660505399813,50000
2025-12-18,17.037660505399813,17.121942809974836,16.80297806266735,16.91483375957495,50000
2025-12-19,16.91483375957495,17.15000121107267,16.77688567094578,17.112636932397933,56443
2025-12-22,17.112636932397933,17.12573590049119,17.024848422411885,17.030127884249325,61603
2025-12-23,17.030127884249325,17.037537036699845,16.787839225554333,16.8448821714489,50000
2025-12-24,16.8448821714489,16.95179595065248,16.317505086438675,16.443808524156562,90871
2025-12-25,16.443808524156562,16.708822933419448,16.420344530437394,16.61464815579218,50000
2025-12-26,16.61464815579218,16.834555553213075,16.535160499913676,16.792132064840736,50000
2025-12-29,16.792132064840736,16.93490019841432,16.57985569340513,16.781887052025525,50000
2025-12-30,16.781887052025525,16.848556091282276,16.542033056588796,16.585270295045046,50000
2025-12-31,16.585270295045046,16.75312268234949,16.23393067420383,16.425225915686,50000
2026-01-01,16.425225915686,16.553694865154913,16.2482824684233,16.36359354257242,56026
2026-01-02,16.36359354257242,16.39050849009873,16.129268083705046,16.184123104323625,50000
2026-01-05,16.184123104323625,16.216843531043963,16.034280572915495,16.155703704091327,229533
2026-01-06,16.155703704091327,16.27018867432546,16.151522245047623,16.2032190568638,86628
2026-01-07,16.2032190568638,16.329778368629718,15.94214339706175,15.943365198832206,50000
2026-01-08,15.943365198832206,15.999763083354287,15.765277362086458,15.856113833207075,50000
2026-01-09,15.856113833207075,16.15596857081825,15.826594348795714,16.027881752188794,50000
2026-01-12,16.027881752188794,16.27067896010318,15.403384163585791,15.527998619756584,50000
2026-01-13,15.527998619756584,15.539069802917833,15.511460013518528,15.529336754930004,78573
2026-01-14,15.529336754930004,16.07381637584775,15.52908856099896,15.89541703148904,53058
2026-01-15,15.89541703148904,15.930906741116095,15.507970905594373,15.602987930222646,50000
2026-01-16,15.602987930222646,15.9593377593732,15.56049202486091,15.942755604572731,50000
2026-01-19,15.942755604572731,16.0328633117486,15.843797830470619,16.019176019069644,50000
2026-01-20,16.019176019069644,16.477601513850487,15.998512521119807,16.350174420071315,50000
2026-01-21,16.350174420071315,16.43450697929797,16.17672966196712,16.203862922317544,58359
2026-01-22,16.203862922317544,16.80668500974372,16.19072591535196,16.75216930488359,50000
2026-01-23,16.75216930488359,16.952755056252748,16.58966406747051,16.88451569429051,58720
2026-01-26,16.88451569429051,17.295846847140766,16.811950568965365,17.126237506969566,50000
2026-01-27,17.126237506969566,17.373608855160658,17.03609588930921,17.286998151620473,50000
2026-01-28,17.286998151620473,17.31112490920231,16.966343926413263,17.008361117356507,133011
2026-01-29,17.008361117356507,17.11537431193932,16.95164805847822,17.031219532988644,228281
2026-01-30,17.031219532988644,17.03597097227205,16.71813423932784,16.821279079223384,50000
2026-02-02,16.821279079223384,16.900839623061806,16.784409498794172,16.8048473521292,50000
2026-02-03,16.8048473521292,16.86901600578743,16.27247317100799,16.312850322708073,50000
2026-02-04,16.312850322708073,16.404219805611614,16.179796963797987,16.18494184332124,50000
2026-02-05,16.18494184332124,16.372436548002675,16.057677929540702,16.34538212420736,50000
2026-02-06,16.34538212420736,16.606209441183783,16.27265910796189,16.587511192897914,50000
2026-02-09,16.587511192897914,16.641762868327685,16.390544665067637,16.400270274688477,50000
2026-02-10,16.400270274688477,16.41211130576822,15.91676739263998,15.972670865171283,50000
2026-02-11,15.972670865171283,16.55897446514376,15.94359035789322,16.539681722998335,50000
2026-02-12,16.539681722998335,16.91451453244467,16.392813665264736,16.85014494119628,101158
2026-02-13,16.85014494119628,16.88347612502636,16.65850570376699,16.75480038729712,60026
2026-02-16,16.75480038729712,16.909158364375568,16.42267601096746,16.499046978788314,53756
2026-02-17,16.499046978788314,16.852696513501005,16.43800100092418,16.84330465773612,56705
2026-02-18,16.84330465773612,17.176016534081807,16.82757616760045,17.068084200109123,50000
2026-02-19,17.068084200109123,17.214082433713386,16.737234944587698,16.86904682054857,50000
2026-02-20,16.86904682054857,16.942945625685972,16.440364942442038,16.517027957297884,50000
2026-02-23,16.517027957297884,16.96659009706785,16.389111956635674,16.947653121432783,50000
2026-02-24,16.947653121432783,16.999164352796207,16.716125986194726,16.878769713873485,50000
2026-02-25,16.878769713873485,17.12114845311641,16.842913242189372,17.100898202388397,50000
2026-02-26,17.100898202388397,17.230453786259055,16.839477661447948,16.95921087579289,50000
2026-02-27,16.95921087579289,17.191865266986373,16.79476772491248,17.17174710529306,50000
2026-03-02,17.17174710529306,17.63590343030733,17.10322535693231,17.52203236896091,74767
2026-03-03,17.52203236896091,17.80398785792094,17.482128785795133,17.7150552597554,50000
2026-03-04,17.7150552597554,18.18152420577588,17.574370458663175,18.124263792976212,50000
2026-03-05,18.124263792976212,18.179642335631417,17.7897118882101,17.96297932263289,79210
2026-03-06,17.96297932263289,18.205149899333225,17.861620785748986,18.048574990072463,67158
2026-03-09,18.048574990072463,18.219667988426252,17.960731821907494,18.002674648511537,50000
2026-03-10,18.002674648511537,18.695452328643267,17.988687822149274,18.683250411898612,50000
2026-03-11,18.683250411898612,18.765066080828024,18.484713785031133,18.52567073688469,50000
2026-03-12,18.52567073688469,18.60216124790574,18.17145869632334,18.22280964710833,50000
2026-03-13,18.22280964710833,18.373820665142176,17.9355437658963,17.995470316357203,50000
2026-03-16,17.995470316357203,18.09969789020073,17.97054449945458,18.06292424358111,50000
2026-03-17,18.06292424358111,18.670491070257377,17.983605789006287,18.613902161829085,50000
2026-03-18,18.613902161829085,18.675061929805125,18.50373525224054,18.596584485229307,50000
2026-03-19,18.596584485229307,18.86838855160062,18.529020260534264,18.65812954993473,50000
2026-03-20,18.65812954993473,18.702970739437372,18.596066982728146,18.61523502750922,95746
2026-03-23,18.61523502750922,18.636277743803166,18.50106585568277,18.54868205096584,72686
2026-03-24,18.54868205096584,18.68110393966303,18.075300207261748,18.361502277645446,50000
2026-03-25,18.361502277645446,18.67630633333181,18.19830620785679,18.672679577192376,50000
2026-03-26,18.672679577192376,19.02479390114534,18.655686861148173,19.00372449880445,140209
2026-03-27,19.00372449880445,19.0598631135609,18.962333480821396,19.046013524295773,50000
2026-03-30,19.046013524295773,19.221513468972695,18.920352929076202,19.20177271391901,50000
2026-03-31,19.20177271391901,19.636106493335564,19.064136429444325,19.51945190948873,50000
2026-04-01,19.51945190948873,19.599630913413076,19.407029874066613,19.415616422865742,50000
2026-04-02,19.415616422865742,19.59814684481324,19.243400488626914,19.31382298250215,50000
2026-04-03,19.31382298250215,19.44504549782477,19.253698482262916,19.355487856550997,84561
2026-04-06,19.355487856550997,19.503397016081045,18.94682052766792,19.05864106013652,50000
2026-04-07,19.05864106013652,19.136362686573626,18.634343988063325,18.743306979521357,70051
2026-04-08,18.743306979521357,19.009599036537093,18.666675619515935,18.80893793786484,50000
2026-04-09,18.80893793786484,19.032555578911744,18.720628025533305,18.889715083207395,50000
2026-04-10,18.889715083207395,19.282457217538397,18.746826767037213,19.120019800477326,116113
