Date,Open,High,Low,Close,Volume
2010-01-01,19.69648856071156,19.73370567439992,19.67454909639492,19.69648856071156,90663
2010-01-04,19.69648856071156,19.8673648319691,19.15030686351604,19.311979632241513,50000
2010-01-05,19.311979632241513,19.537147017104438,19.051129111920442,19.38038630837633,50000
2010-01-06,19.38038630837633,19.573430120426735,19.28673329124293,19.482881547272047,56116
2010-01-07,19.482881547272047,19.667935482892503,18.56807595992984,18.590439493388484,236826
2010-01-08,18.590439493388484,18.759373909907087,17.88854415719479,18.009214248930004,50000
2010-01-11,18.009214248930004,18.154689618125335,17.730238607252602,17.76877051223729,50000
2010-01-12,17.76877051223729,18.146297782862664,17.42163971192444,17.424397773754833,50000
2010-01-13,17.424397773754833,17.553756109744263,17.29521773522156,17.373210694088687,50000
2010-01-14,17.373210694088687,17.51260355482942,16.649197731805696,16.74405118836067,50000
2010-01-15,16.74405118836067,17.24218522209421,16.670651997647134,17.139176764327303,50000
2010-01-18,17.139176764327303,17.430343183649573,17.069352336801348,17.38817250858362,66821
2010-01-19,17.38817250858362,17.5092595949352,17.280240959743622,17.281870100382985,50000
2010-01-20,17.281870100382985,17.82917036473242,17.220912947324035,17.776337875281904,50000
2010-01-21,17.776337875281904,17.893886358785632,17.62290250784018,17.662592834282044,50000
2010-01-22,17.662592834282044,17.82091051410692,17.173594824519327,17.293613887515956,50000
2010-01-25,17.293613887515956,17.36519936320533,17.24508629151235,17.26826084572037,50000
2010-01-26,17.26826084572037,17.463667391177612,16.49931773398754,16.544984412951877,50000
2010-01-27,16.544984412951877,16.581554049951407,16.49612881683244,16.516413779989932,50000
2010-01-28,16.516413779989932,16.52384191500684,16.463378974965874,16.474295050959466,50000
2010-01-29,16.474295050959466,16.49648818869675,16.212474743026736,16.250057002489424,50000
2010-02-01,16.250057002489424,16.35624224278832,16.138701366550297,16.27434916885809,50000
2010-02-02,16.27434916885809,16.92912936381431,16.214927457714477,16.82010825004596,50000
2010-02-03,16.82010825004596,17.027830288369667,16.58401458923772,16.683610271102566,112210
2010-02-04,16.683610271102566,16.685368891787128,16.29624645809336,16.313189080889796,139460
2010-02-05,16.313189080889796,16.40794392868536,16.124896775007247,16.167234407055737,70570
2010-02-08,16.167234407055737,16.361004183829944,15.981700501780779,16.24001290150815,50000
2010-02-09,16.24001290150815,16.273000456227237,15.913678673161622,15.963557023706834,80803
2010-02-10,15.963557023706834,16.191681762819627,15.932299597173312,15.984266793619973,50000
2010-02-11,15.984266793619973,16.15192382744366,15.96352681571697,16.10807313560555,50000
2010-02-12,16.10807313560555,16.75707571978416,16.032056536531265,16.62014160405573,50000
2010-02-15,16.62014160405573,16.687781189930337,16.165965323619385,16.304094510321224,50000
2010-02-16,16.304094510321224,16.467135545379044,16.249285467579867,16.290678326465713,50000
2010-02-17,16.290678326465713,16.450802312972755,15.815252036681775,16.13273999687702,50000
2010-02-18,16.13273999687702,16.435980024097237,16.128411131073893,16.43116271613866,129613
2010-02-19,16.43116271613866,16.93900657681645,16.249422858769652,16.790098398513454,50000
2010-02-22,16.790098398513454,16.940622509261072,16.50977130173393,16.716921977013413,104794
2010-02-23,16.716921977013413,16.80406898275233,15.985488798295982,16.141549548430753,73092
2010-02-24,16.141549548430753,16.220601398250164,15.923884245785107,15.98065644737859,83927
2010-02-25,15.98065644737859,16.43514147593075,15.8444035461655,16.22823303937071,53549
2010-02-26,16.22823303937071,16.258408616301686,16.022620716302264,16.098881900846063,214836
2010-03-01,16.098881900846063,16.150259028943506,15.924573263262047,15.966103107406704,50000
2010-03-02,15.966103107406704,16.09175204053069,15.493868748179874,15.494679520201473,50000
2010-03-03,15.494679520201473,15.906095151735258,15.459274478141918,15.74636193795962,50000
2010-03-04,15.74636193795962,16.004145660888906,15.678568703537657,15.97248437146703,50000
2010-03-05,15.97248437146703,16.056469580224853,15.742212219336322,15.823615154054684,95227
2010-03-08,15.823615154054684,15.9112084047962,15.70040155196413,15.71817682549337,50000
2010-03-09,15.71817682549337,15.782030527843137,15.695314542197218,15.76862425061211,50000
2010-03-10,15.76862425061211,16.03494192854439,15.673834131787837,15.67824054822548,50000
2010-03-11,15.67824054822548,15.70501110026489,15.338551869758867,15.351600134620991,50000
2010-03-12,15.351600134620991,15.415547925916583,15.04471421505052,15.12369899267613,50000
2010-03-15,15.12369899267613,15.20186397403629,15.120954275518534,15.18555749038031,50000
2010-03-16,15.18555749038031,15.287645139855695,14.955347702446618,15.018425298435174,50000
2010-03-17,15.018425298435174,15.126299097468593,14.79490441201926,14.996030414275566,52570
2010-03-18,14.996030414275566,15.144182217624302,14.843618407012482,14.913283602595756,50000
2010-03-19,14.913283602595756,14.989891474698247,14.519119406540602,14.71132654428329,50747
2010-03-22,14.71132654428329,14.792249436108184,14.14838848886185,14.262687815117054,93297
2010-03-23,14.262687815117054,14.77167025122586,14.149946735011568,14.669678005603883,50000
2010-03-24,14.669678005603883,14.979316830083125,14.574444290728874,14.762494837057627,50000
2010-03-25,14.762494837057627,14.982079160767007,14.616095948952172,14.972217372912999,50000
2010-03-26,14.972217372912999,15.105635839325194,14.557761934530271,14.614438317217337,50000
2010-03-29,14.614438317217337,14.811802448766393,14.5536599119268,14.730644874676367,86043
2010-03-30,14.730644874676367,14.996207415136587,14.72454680376756,14.868948734411422,62757
2010-03-31,14.868948734411422,15.279597398799758,14.802178484886491,15.186407578914158,50000
2010-04-01,15.186407578914158,15.426771423078963,15.103146247065578,15.387091799338892,50000
2010-04-02,15.387091799338892,15.666123428325138,15.381144665470094,15.656850438095606,54894
2010-04-05,15.656850438095606,16.136515621442612,15.643624368590114,15.976209217588622,117995
2010-04-06,15.976209217588622,16.096336000834075,15.620587208041293,15.798351002398983,50000
2010-04-07,15.798351002398983,15.969489883535546,15.484848027624679,15.579603440471981,50000
2010-04-08,15.579603440471981,15.655193789757861,15.445911172699024,15.490460656482943,50000
2010-04-09,15.490460656482943,15.52768568319961,15.05837182533905,15.224945526300255,50000
2010-04-12,15.224945526300255,15.264685297181568,14.983338848532627,15.007804290168185,83177
2010-04-13,15.007804290168185,15.024514233905517,14.668280938361686,14.776169736081464,50000
2010-04-14,14.776169736081464,14.85470654827853,14.65030375924087,14.675504440046588,50000
2010-04-15,14.675504440046588,14.770690755225582,14.340640961076376,14.35974807033123,50000
2010-04-16,14.35974807033123,14.665043006181651,14.336570595739799,14.624317444499749,50000
2010-04-19,14.624317444499749,14.744041404395553,14.553650462747521,14.56684599488931,50000
2010-04-20,14.56684599488931,14.586558431016073,14.393664275749703,14.486388365224707,51589
2010-04-21,14.486388365224707,14.786398106301895,14.323344830178865,14.729385709040281,50000
2010-04-22,14.729385709040281,14.807455048404698,14.530314172195885,14.58113096296323,50000
2010-04-23,14.58113096296323,14.819785071907793,14.520110272329216,14.783899686541925,50000
2010-04-26,14.783899686541925,14.945407365583144,14.783298691198167,14.895633713910307,50000
2010-04-27,14.895633713910307,14.999217612573656,14.610951736645328,14.65924725517288,50000
2010-04-28,14.65924725517288,14.892309846898637,14.458065103219354,14.535242748235477,50000
2010-04-29,14.535242748235477,14.562110106678524,14.345138900203697,14.431580673231103,105888
2010-04-30,14.431580673231103,14.55584677696508,14.328888342856404,14.365475938878339,72261
2010-05-03,14.365475938878339,14.514843932939131,14.20359259530781,14.241203423572504,50000
2010-05-04,14.241203423572504,14.295578608709599,14.236598758389423,14.295218825853864,50000
2010-05-05,14.295218825853864,14.684049980181708,14.2565757297502,14.583503534225322,50000
2010-05-06,14.583503534225322,15.15803989432424,14.566557050686946,15.113064661395732,50000
2010-05-07,15.113064661395732,15.187816564690461,15.083982332343089,15.107822240868954,125590
2010-05-10,15.107822240868954,15.137681066575238,14.957759806405909,15.000587720212808,62656
2010-05-11,15.000587720212808,15.002672672832983,14.680002362004972,14.715784928860721,50000
2010-05-12,14.715784928860721,14.816666759281977,14.406641592934827,14.431124292801243,50000
2010-05-13,14.431124292801243,14.436434551536555,14.096561912936703,14.177485499534809,50000
2010-05-14,14.177485499534809,14.20312147446968,13.612584811039014,13.721156189052367,50000
2010-05-17,13.721156189052367,13.77122828134726,12.766752130997775,12.923980704130512,50000
2010-05-18,12.923980704130512,12.925552549097057,12.57553002593507,12.693817112941984,50000
2010-05-19,12.693817112941984,12.951713681248469,12.676516224839787,12.930345008962583,55460
2010-05-20,12.930345008962583,12.971124408252722,12.484904041710953,12.585176368225047,66105
2010-05-21,12.585176368225047,12.662776462100606,12.051243459196412,12.145782845990325,65093
2010-05-24,12.145782845990325,12.389923264410768,12.02919069271705,12.33616705329564,50000
2010-05-25,12.33616705329564,12.531868817721042,12.292990291419745,12.482401700148685,50000
2010-05-26,12.482401700148685,12.821087276023476,12.458231269875352,12.74934196579133,99204
2010-05-27,12.74934196579133,12.848171807748411,12.682992371643612,12.68898550905903,112363
2010-05-28,12.68898550905903,12.785462567212393,12.302061710866061,12.368785168112817,50000
2010-05-31,12.368785168112817,12.659951916324037,12.325037275372594,12.579728833251702,56006
2010-06-01,12.579728833251702,12.632948758526954,12.295426757264119,12.384453161509537,50000
2010-06-02,12.384453161509537,12.459105473192961,12.302692836183601,12.431490849756726,97040
2010-06-03,12.431490849756726,12.475130606548982,11.987369327338062,12.101288093070115,50000
2010-06-04,12.101288093070115,12.168520773403682,12.028065925806956,12.048695133200459,50000
2010-06-07,12.048695133200459,12.05126951119998,11.799902650322117,11.994544349125043,50000
2010-06-08,11.994544349125043,12.284294189276768,11.938149062754817,12.144011226403709,105321
2010-06-09,12.144011226403709,12.169008126493798,12.063839105362396,12.097496908402357,50000
2010-06-10,12.097496908402357,12.219538024280032,11.950997231216208,12.039780867460092,101148
2010-06-11,12.039780867460092,12.042444174528715,11.665994093152179,11.784291391918318,50000
2010-06-14,11.784291391918318,11.967101323875129,11.712739970686869,11.811297183536476,50000
2010-06-15,11.811297183536476,11.878955692040819,11.783287013020429,11.784802952433175,175292
2010-06-16,11.784802952433175,11.922878699741755,11.758689751137949,11.917452988499933,50000
2010-06-17,11.917452988499933,11.97202685841019,11.393187538766758,11.49947289658401,50000
2010-06-18,11.49947289658401,11.585323119607297,11.302482285534229,11.3079274586907,92409
2010-06-21,11.3079274586907,11.621957912465733,11.27766144942954,11.573540039898162,50000
2010-06-22,11.573540039898162,11.820515190928939,11.531697938276933,11.756565353607195,50000
2010-06-23,11.756565353607195,12.285268493776352,11.749063489320875,12.214958648404046,50000
2010-06-24,12.214958648404046,12.50839181998464,12.13527836807395,12.47460427414338,50000
2010-06-25,12.47460427414338,12.653599864345395,12.379742870083216,12.62150298273457,50000
2010-06-28,12.62150298273457,12.791336019327893,12.548233120301417,12.756999658554605,50000
2010-06-29,12.756999658554605,12.810821886571414,12.36450683369114,12.39233596471534,59943
2010-06-30,12.39233596471534,12.52857376414554,12.283942369650974,12.297279900810656,72013
2010-07-01,12.297279900810656,12.33974477214341,12.144738943156508,12.224657236931787,63429
2010-07-02,12.224657236931787,12.267969943479574,11.981329143604922,12.026761331713049,50000
2010-07-05,12.026761331713049,12.085605745159109,11.514976678251374,11.564090005499116,50000
2010-07-06,11.564090005499116,11.690106991951104,11.557892758867517,11.65394765859406,58670
2010-07-07,11.65394765859406,11.755659048498192,11.630155678860802,11.696612297170512,54471
2010-07-08,11.696612297170512,11.739836002967952,11.546604531906679,11.559461154122008,50000
2010-07-09,11.559461154122008,11.566029379864336,11.35077890974227,11.387659606952317,82268
2010-07-12,11.387659606952317,11.451885339405909,11.211701987730683,11.414230093471243,50000
2010-07-13,11.414230093471243,11.874211944195075,11.396222531751302,11.815928601724982,50000
2010-07-14,11.815928601724982,12.219874070625654,11.786567680148238,12.192515255105212,61753
2010-07-15,12.192515255105212,12.969576442490128,12.146288159644438,12.931559904580556,50000
2010-07-16,12.931559904580556,13.270811449352856,12.886165480342203,13.241259103208126,69082
2010-07-19,13.241259103208126,13.245967913373274,12.966424175299347,12.971808789777723,50000
2010-07-20,12.971808789777723,13.048656339818614,12.513700494523702,12.523396946665075,50000
2010-07-21,12.523396946665075,12.728816700421252,12.51477356364584,12.707560931639854,50000
2010-07-22,12.707560931639854,12.724550289018664,12.253093417297018,12.383197905505257,50000
2010-07-23,12.383197905505257,12.396877316390254,12.212972882055531,12.36026847649852,50000
2010-07-26,12.36026847649852,12.474461728167686,12.110935123817747,12.134575188533672,50000
2010-07-27,12.134575188533672,12.19975339622648,11.671154391672447,11.830472205577218,50000
2010-07-28,11.830472205577218,11.859222096167533,11.717110578787048,11.730084552479525,50000
2010-07-29,11.730084552479525,11.749967318140946,11.494057731737719,11.578153337721476,50000
2010-07-30,11.578153337721476,11.583202770915058,11.350024539230628,11.421967699652345,50000
2010-08-02,11.421967699652345,11.68885350565212,11.419449272542433,11.653347905488134,50000
2010-08-03,11.653347905488134,11.665581452783695,11.09841113072747,11.142505825321052,50000
2010-08-04,11.142505825321052,11.149148559066274,10.963196934440198,10.968649978555982,50000
2010-08-05,10.968649978555982,11.092084521741862,10.689173196192455,10.734934439856112,50000
2010-08-06,10.734934439856112,11.481058219104506,10.685048435533766,11.447801418980806,78606
2010-08-09,11.447801418980806,11.624652829316839,11.386608145148706,11.592439238990131,50000
2010-08-10,11.592439238990131,11.940532123483624,11.521127133958268,11.835507613788229,50000
2010-08-11,11.835507613788229,11.842203971696769,11.73281929126606,11.788859308639749,50000
2010-08-12,11.788859308639749,11.803607044449464,11.364541123615803,11.387845442212944,50000
2010-08-13,11.387845442212944,11.421094478203566,11.038183272649169,11.087893329025892,50000
2010-08-16,11.087893329025892,11.179886873427755,11.02059237410139,11.175526277290713,50000
2010-08-17,11.175526277290713,11.756468958481536,11.143345690267218,11.602141118901818,50000
2010-08-18,11.602141118901818,11.698363010060753,11.366757539539242,11.393545694936257,50000
2010-08-19,11.393545694936257,11.805281750473627,11.337253499249886,11.728038161669922,62259
2010-08-20,11.728038161669922,11.818459753212293,11.439243526552596,11.486142701995835,50000
2010-08-23,11.486142701995835,11.743291976235264,11.45662395498518,11.736192747715608,50000
2010-08-24,11.736192747715608,12.0040691206898,11.67928111570026,12.004036250521807,50000
2010-08-25,12.004036250521807,12.168107859090233,11.874221282802713,11.899082785045037,50000
2010-08-26,11.899082785045037,12.00200067146082,11.420415527785567,11.499527729990989,50000
2010-08-27,11.499527729990989,11.582035525671987,10.88739090028147,10.970367744598498,50000
2010-08-30,10.970367744598498,10.991112271230435,10.644629426861696,10.72552353030865,50000
2010-08-31,10.72552353030865,10.94760735005656,10.647741789804305,10.884575335645922,50000
2010-09-01,10.884575335645922,10.895179290322975,10.421017298649318,10.525042525892545,50000
2010-09-02,10.525042525892545,10.55614925427226,9.87252891378406,9.960323855565377,50000
2010-09-03,9.960323855565377,10.200323213469764,9.959602874488285,10.013750929921166,111250
2010-09-06,10.013750929921166,10.655459719913557,10.012382155400356,10.55106087360014,50000
2010-09-07,10.55106087360014,10.600179866182234,10.475484616929956,10.490582344265404,50000
2010-09-08,10.490582344265404,10.634894065565495,10.380930503788782,10.563655773242157,73690
2010-09-09,10.563655773242157,10.611393765537782,10.478493685769712,10.57583168118626,90274
2010-09-10,10.57583168118626,10.702795320124256,10.567853269177283,10.65412436209383,66495
2010-09-13,10.65412436209383,10.697721327773062,10.577208601348188,10.610962964538754,61974
2010-09-14,10.610962964538754,10.655200638245974,10.31127141177896,10.345231480874576,50000
2010-09-15,10.345231480874576,10.794206482777346,10.344815263268737,10.760273803314865,104923
2010-09-16,10.760273803314865,10.841444933911339,10.727847174945074,10.757169649090176,166936
2010-09-17,10.757169649090176,11.017092814768136,10.710769139025086,10.900231469050379,134550
2010-09-20,10.900231469050379,11.029736385502476,10.798471769709398,10.83876783903212,50000
2010-09-21,10.83876783903212,10.962966679729899,10.296459974961357,10.318651239193068,50000
2010-09-22,10.318651239193068,10.335048419869748,9.652384898396809,9.68383223532769,66964
2010-09-23,9.68383223532769,10.372327125014461,9.637415672390244,10.302403580612117,50000
2010-09-24,10.302403580612117,10.93703942897625,10.281065763089165,10.858233333963817,50000
2010-09-27,10.858233333963817,11.007821995199974,10.855464276740358,10.922446953277934,50000
2010-09-28,10.922446953277934,10.980343442701184,10.434021114188617,10.485667245922881,50000
2010-09-29,10.485667245922881,10.798104461912414,10.45560176508248,10.740328161972663,50000
2010-09-30,10.740328161972663,10.758861839744954,10.695144874114202,10.701587687571575,50000
2010-10-01,10.701587687571575,10.724319277390357,10.433146218226115,10.51799603207979,50000
2010-10-04,10.51799603207979,10.537990851327484,10.492227670456964,10.537154374730433,50000
2010-10-05,10.537154374730433,10.641279684767516,10.44607871286761,10.58728734025494,50000
2010-10-06,10.58728734025494,10.706200585713681,10.387395744342685,10.448851235344778,50000
2010-10-07,10.448851235344778,10.484791322687643,10.259355491737516,10.420059124499636,50000
2010-10-08,10.420059124499636,10.725839959411331,10.389881036037837,10.694860821460493,50000
2010-10-11,10.694860821460493,11.18610725217798,10.554349554021655,11.16291575927679,50000
2010-10-12,11.16291575927679,11.261695840986059,10.963837888215892,10.990861208133238,50000
2010-10-13,10.990861208133238,11.288268889354569,10.964286746633594,11.265545504871385,157813
2010-10-14,11.265545504871385,11.341148115909244,10.87171340182426,10.975593543474504,50000
2010-10-15,10.975593543474504,10.998864842427496,10.788815925365515,10.871981044008693,50000
2010-10-18,10.871981044008693,11.190262224829523,10.846797114893231,11.14794918505107,50000
2010-10-19,11.14794918505107,11.183827501527242,10.399714564078376,10.502997944236768,50000
2010-10-20,10.502997944236768,10.549850201286802,10.395922918016739,10.447747422267144,73317
2010-10-21,10.447747422267144,10.513400073217541,10.269313528527675,10.297451790405374,61934
2010-10-22,10.297451790405374,10.827445550883082,10.233661600042119,10.756853780387772,50000
2010-10-25,10.756853780387772,10.781100881993819,10.430988839465048,10.445897106239887,50000
2010-10-26,10.445897106239887,10.497794896781155,10.098617098739814,10.186278410028738,50000
2010-10-27,10.186278410028738,10.190054308980379,9.675976784155607,9.806739261987275,210062
2010-10-28,9.806739261987275,9.819729675228007,9.446198793872005,9.540004499431516,50000
2010-10-29,9.540004499431516,9.621812424507524,9.529402345830569,9.589014775915722,50000
2010-11-01,9.589014775915722,9.744271389092043,9.518041330821806,9.677262633363561,84526
2010-11-02,9.677262633363561,10.449279373891118,9.626459592232479,10.32183779089526,50000
2010-11-03,10.32183779089526,10.358387220113327,10.262832609100572,10.287801394382726,50000
2010-11-04,10.287801394382726,10.349420894906634,9.963971853303253,10.049756727235739,50000
2010-11-05,10.049756727235739,10.376529330799173,9.999976289228874,10.313587505012244,50000
2010-11-08,10.313587505012244,10.84067469645631,10.262277184514511,10.746033200713692,51404
2010-11-09,10.746033200713692,11.303327574645088,10.738668695836392,11.155201177575906,50000
2010-11-10,11.155201177575906,11.257606052732033,10.610947073719828,10.613812506960404,50000
2010-11-11,10.613812506960404,10.71166012328908,10.524836235600672,10.557830798133345,50000
2010-11-12,10.557830798133345,10.584656535279583,10.493289138427388,10.546140109664318,50000
2010-11-15,10.546140109664318,11.09849320451693,10.501633765102286,11.089864295166524,83379
2010-11-16,11.089864295166524,11.395294558952013,11.012264331970224,11.344620274483255,50000
2010-11-17,11.344620274483255,11.412795364006389,11.182450677710175,11.287533353076364,121632
2010-11-18,11.287533353076364,11.315833581839302,10.973029690583607,11.064624538479988,50000
2010-11-19,11.064624538479988,11.065592835331872,10.785312809174858,10.833440778788232,51377
2010-11-22,10.833440778788232,10.88257906906249,10.818208772585239,10.832543302087577,50000
2010-11-23,10.832543302087577,11.105857167849729,10.67210959252186,11.069089210779246,50000
2010-11-24,11.069089210779246,11.424943439532731,11.037432840539608,11.401645614261438,50000
2010-11-25,11.401645614261438,11.453395282478503,11.309279107261831,11.3968498539397,62125
2010-11-26,11.3968498539397,11.465593554962835,11.066223446957835,11.094919493893892,106164
2010-11-29,11.094919493893892,11.254616939208558,10.463412538970635,10.510219252845692,50000
2010-11-30,10.510219252845692,10.527879175947568,10.433425031162187,10.455069448524425,50000
2010-12-01,10.455069448524425,10.50770838994175,10.137050539146914,10.177639275304601,153120
2010-12-02,10.177639275304601,10.253344803680013,9.82357292082502,9.982634689305995,123296
2010-12-03,9.982634689305995,9.996186106176161,9.738524187971878,9.813855611964508,50000
2010-12-06,9.813855611964508,9.836370491613792,9.684544244226345,9.7109243063793,50000
2010-12-07,9.7109243063793,9.71350527986991,9.092400431024526,9.154414349067327,50000
2010-12-08,9.154414349067327,9.17715826092851,8.77635744752725,8.817687158554603,50000
2010-12-09,8.817687158554603,9.53804921931587,8.810695731869693,9.501224214617668,50000
2010-12-10,9.501224214617668,9.50663947183678,9.243063141472787,9.2543268517566,81431
2010-12-13,9.2543268517566,9.394741666878817,9.195459925709109,9.347200849643825,50000
2010-12-14,9.347200849643825,9.94902166544264,9.261796363945493,9.8536938049467,62067
2010-12-15,9.8536938049467,10.499489795762791,9.830843253166531,10.39819755917733,76166
2010-12-16,10.39819755917733,10.493669133107145,10.235852837007144,10.308058727724443,50000
2010-12-17,10.308058727724443,10.330019697569647,10.186532369388004,10.194778397602045,112096
2010-12-20,10.194778397602045,10.3603936232697,10.0531110186702,10.317970553587449,50000
2010-12-21,10.317970553587449,10.904236745897354,10.27410716754094,10.884001663191775,50000
2010-12-22,10.884001663191775,10.92610098013707,10.518709959740022,10.57305103891194,50000
2010-12-23,10.57305103891194,10.600430806159421,10.382630179604716,10.433401040929725,91146
2010-12-24,10.433401040929725,10.697701570612248,10.42768197840671,10.637510073730766,50000
2010-12-27,10.637510073730766,10.88534659972182,10.600643573352235,10.822181036753175,72529
2010-12-28,10.822181036753175,10.911004733837137,10.395950776795244,10.43393092261139,50000
2010-12-29,10.43393092261139,10.602158361253805,10.345596188361196,10.528323403430232,50000
2010-12-30,10.528323403430232,10.59480784693215,10.316016411109198,10.344376839505633,50000
2010-12-31,10.344376839505633,10.362952664272731,9.997446087348003,10.038644411350104,50000
2011-01-03,10.038644411350104,10.048881673971021,9.88498331203166,9.941554384717632,50000
2011-01-04,9.941554384717632,10.002515849437511,9.885891002290341,9.98603570283653,50000
2011-01-05,9.98603570283653,10.00265303901362,9.572259501355816,9.592957953143177,50000
2011-01-06,9.592957953143177,9.711364091402515,9.566301104506643,9.652127401282351,50000
2011-01-07,9.652127401282351,9.67793881266885,9.613449778324838,9.664871639637964,92315
2011-01-10,9.664871639637964,9.835438447227613,9.598631045817537,9.804804304519985,50000
2011-01-11,9.804804304519985,10.01652145638234,9.702660933128179,9.945944604264204,50000
2011-01-12,9.945944604264204,10.065519679444051,9.680488919316419,9.728961502367287,50000
2011-01-13,9.728961502367287,9.75048918712428,9.640045089766737,9.66362594270368,50000
2011-01-14,9.66362594270368,9.721800445103264,9.362900003822704,9.407807527381747,50000
2011-01-17,9.407807527381747,9.48899925669073,9.356943951316623,9.428213672720828,50000
2011-01-18,9.428213672720828,9.621416464155168,9.404582930433945,9.572005414334157,50000
2011-01-19,9.572005414334157,10.03147443023427,9.496393538088038,9.999290229070061,50000
2011-01-20,9.999290229070061,10.303005730847172,9.966721084881037,10.244466843187876,50000
2011-01-21,10.244466843187876,10.279030009011631,10.117818298637536,10.134206537094485,50000
2011-01-24,10.134206537094485,10.201165684341529,9.902156470995921,9.96884275429757,50000
2011-01-25,9.96884275429757,10.087317359930854,9.814187141545618,9.844305997534633,69571
2011-01-26,9.844305997534633,10.043014592474446,9.840288378578274,10.003684969132765,50000
2011-01-27,10.003684969132765,10.177864472193823,10.002049649065807,10.120005318416839,50000
2011-01-28,10.120005318416839,10.287262336484046,10.07265453657251,10.222329873581005,50000
2011-01-31,10.222329873581005,10.282137015821558,9.93654416562984,9.992333423746553,104354
2011-02-01,9.992333423746553,10.255909418079806,9.96986134202398,10.217293845826438,51122
2011-02-02,10.217293845826438,10.537141169031779,10.155737064695826,10.490246277105657,50000
2011-02-03,10.490246277105657,10.509156550854065,10.336339967350119,10.355143974234714,50000
2011-02-04,10.355143974234714,10.411800867844853,10.210379346402851,10.238029308407388,63400
2011-02-07,10.238029308407388,10.319818600509894,9.961423709202426,9.963440787998145,50000
2011-02-08,9.963440787998145,9.987752542672514,9.747741737799597,9.792720497126535,129556
2011-02-09,9.792720497126535,9.90299462519373,9.74067472540658,9.844100683509485,62242
2011-02-10,9.844100683509485,10.098496796879935,9.756552500291892,10.036984252954108,50000
2011-02-11,10.036984252954108,10.185403857161207,10.031719658197739,10.16195321491796,50000
2011-02-14,10.16195321491796,10.471895154239503,10.108986341330247,10.436508171690186,90843
2011-02-15,10.436508171690186,10.711012294659984,10.418842554904021,10.682950154178744,50000
2011-02-16,10.682950154178744,10.70888580579199,9.963304851381059,10.064691556711756,50000
2011-02-17,10.064691556711756,10.095443617745875,10.036102070777472,10.068996689039437,65687
2011-02-18,10.068996689039437,10.314126589101088,10.058755374338439,10.28390965830432,97235
2011-02-21,10.28390965830432,10.399838030536987,10.26015969063318,10.358060039829827,50000
2011-02-22,10.358060039829827,10.669914512760775,10.32272608603266,10.663967257417413,50000
2011-02-23,10.663967257417413,10.701694876959339,10.322936448232053,10.353046024186634,50000
2011-02-24,10.353046024186634,10.757729901860479,10.320287264302234,10.755105490750173,50000
2011-02-25,10.755105490750173,11.506807962930957,10.670766943987452,11.368861861994635,62927
2011-02-28,11.368861861994635,11.570056349201863,11.262972365186375,11.530253054451478,50000
2011-03-01,11.530253054451478,11.831350515291197,11.526956365285358,11.795383531054902,50000
2011-03-02,11.795383531054902,11.86423383532452,11.57296990688989,11.577408674569481,50000
2011-03-03,11.577408674569481,11.589149556158585,11.384966350738676,11.436298072945034,96144
2011-03-04,11.436298072945034,11.54068699515952,10.861277621669633,10.881309887737288,50000
2011-03-07,10.881309887737288,10.895316899961452,10.477561055938821,10.520552945916373,77828
2011-03-08,10.520552945916373,10.767317872688908,10.5085199830707,10.75877936152857,55315
2011-03-09,10.75877936152857,11.003213202650679,10.722908668411108,10.942220278865745,50000
2011-03-10,10.942220278865745,11.50350796170885,10.840521835157226,11.470723864431518,50000
2011-03-11,11.470723864431518,12.029684267663708,11.455039669866101,11.987161824327352,50000
2011-03-14,11.987161824327352,12.004908759605996,11.844024375176113,11.962204279299192,50000
2011-03-15,11.962204279299192,12.449788791518015,11.954077048802633,12.367573660304119,50000
2011-03-16,12.367573660304119,12.577062316484577,12.335932831721463,12.487211447389287,50000
2011-03-17,12.487211447389287,12.602704214745927,12.47919300039483,12.56837633043839,54621
2011-03-18,12.56837633043839,12.576159249060272,12.17869033345507,12.327147173524443,53524
2011-03-21,12.327147173524443,12.470581054740125,12.274694190246091,12.438126560858624,145744
2011-03-22,12.438126560858624,12.469771687192932,12.24381342841629,12.301229912085875,50000
2011-03-23,12.301229912085875,12.487151348207089,12.2946889406168,12.423692871898306,50000
2011-03-24,12.423692871898306,12.471154470612888,11.943841018330968,11.960016759449282,50000
2011-03-25,11.960016759449282,12.363473601194526,11.896419336347904,12.23806863807565,53112
2011-03-28,12.23806863807565,12.358336811724033,12.196884137781824,12.268069000173126,102570
2011-03-29,12.268069000173126,12.905698087225938,12.232955644433131,12.849105686045986,50000
2011-03-30,12.849105686045986,13.122612988247086,12.744207478434179,13.047120531256455,70294
2011-03-31,13.047120531256455,13.817767513433788,13.022653453798588,13.797735790635363,50000
2011-04-01,13.797735790635363,14.123032993098871,13.781325368143795,13.95443842921622,50000
2011-04-04,13.95443842921622,13.998891416624115,13.660125567154154,13.664383286101607,65696
2011-04-05,13.664383286101607,13.781704639936558,13.616091694625883,13.741847800873947,50000
2011-04-06,13.741847800873947,13.773570685648314,13.514324073260672,13.558716441470722,66006
2011-04-07,13.558716441470722,13.589585553559452,13.431971577773348,13.527874768752243,57040
2011-04-08,13.527874768752243,13.827425027936485,13.482265763834805,13.790735400062863,174336
2011-04-11,13.790735400062863,14.019108862465732,13.708192059446741,13.981933910500851,62561
2011-04-12,13.981933910500851,13.986336713446864,13.520726321393202,13.78459605245793,82539
2011-04-13,13.78459605245793,14.237554146908296,13.715077423538574,14.07358504025534,50000
2011-04-14,14.07358504025534,14.54748850750555,14.047092839971963,14.487341564543126,50000
2011-04-15,14.487341564543126,14.553130385951516,13.627186492300213,13.765555896580262,50000
2011-04-18,13.765555896580262,13.838336166209851,13.535351573893623,13.575810333719103,50000
2011-04-19,13.575810333719103,13.66381621526947,13.511820805230224,13.535244222346742,72974
2011-04-20,13.535244222346742,13.809294930896103,13.369252848396757,13.791879471288741,50000
2011-04-21,13.791879471288741,13.943259345204844,13.725549296155412,13.83959085235797,50000
2011-04-22,13.83959085235797,13.898282578502121,13.278659758405308,13.329105515748797,144950
2011-04-25,13.329105515748797,13.362194659766203,13.309384602884082,13.33757329105662,103480
2011-04-26,13.33757329105662,13.691688553986573,13.307091569348323,13.565564764401413,72643
2011-04-27,13.565564764401413,13.664846636697666,13.408833145483957,13.449165067434597,52982
2011-04-28,13.449165067434597,13.64928803176711,13.421644369942193,13.623641320410826,50000
2011-04-29,13.623641320410826,13.660075785573396,12.885742872581003,12.996666554346685,50000
2011-05-02,12.996666554346685,13.232599703571115,12.971672570971828,13.154906292058307,50000
2011-05-03,13.154906292058307,13.256666702241032,13.065635578187596,13.210727926973108,50000
2011-05-04,13.210727926973108,13.392594957288612,12.641288246722175,12.735368802923222,50000
2011-05-05,12.735368802923222,13.339252147471148,12.719946874884805,13.258879159672924,50000
2011-05-06,13.258879159672924,13.540618461464073,13.253187768747601,13.51239170337392,50000
2011-05-09,13.51239170337392,13.837660426219712,13.455556420796249,13.786532442134314,50000
2011-05-10,13.786532442134314,13.94221248768398,13.771696598641086,13.882749011800254,50000
2011-05-11,13.882749011800254,14.277861670063922,13.817091641660646,14.152756115228055,50000
2011-05-12,14.152756115228055,14.500204384244729,14.134545480921341,14.469753456788348,107288
2011-05-13,14.469753456788348,14.797578896554723,14.446136674100252,14.730956591997215,52782
2011-05-16,14.730956591997215,14.854055149446076,14.698287630570782,14.816854280120928,79224
2011-05-17,14.816854280120928,14.850287611024143,14.716452568723478,14.748703452622996,50000
2011-05-18,14.748703452622996,14.77994963262423,14.420475693183947,14.484339435845413,50000
2011-05-19,14.484339435845413,14.82296102787065,14.478000041523064,14.706525481377868,50000
2011-05-20,14.706525481377868,15.024528148610882,14.684402701372479,14.863244624182535,50000
2011-05-23,14.863244624182535,15.174363007171623,14.712674969255906,15.134206629337728,50000
2011-05-24,15.134206629337728,15.628909460442872,15.061123702742924,15.504800805945985,50000
2011-05-25,15.504800805945985,15.509485222779354,15.025036671133686,15.082128905914358,50000
2011-05-26,15.082128905914358,15.116038312745129,14.738462521824228,14.825673615983034,50000
2011-05-27,14.825673615983034,15.140355143808025,14.790953558422904,14.95143639389269,54513
2011-05-30,14.95143639389269,15.149394519426147,14.91400177978926,15.099550106704834,50000
2011-05-31,15.099550106704834,15.237564062526223,15.00223847790064,15.005734122380293,50000
2011-06-01,15.005734122380293,15.330860620220754,14.908133937676613,15.316915261919474,50000
2011-06-02,15.316915261919474,15.817924787095325,15.262832578350784,15.588996137962592,50000
2011-06-03,15.588996137962592,15.64345858137089,15.511852141633101,15.590712908081345,50000
2011-06-06,15.590712908081345,15.899025336080628,15.584216860277154,15.898688813945451,50000
2011-06-07,15.898688813945451,16.301823865849123,15.802805819944492,16.219780465163,50000
2011-06-08,16.219780465163,16.60331970018475,16.03309909384184,16.52841313513538,50000
2011-06-09,16.52841313513538,16.730843623403352,16.28479645241709,16.41813422688273,50000
2011-06-10,16.41813422688273,17.023299292490083,16.28486193846704,16.888393082216485,50000
2011-06-13,16.888393082216485,17.245602999958265,16.785989514880757,17.039497858252524,53571
2011-06-14,17.039497858252524,17.085504760175542,15.96539019757857,16.105189213593764,56410
2011-06-15,16.105189213593764,16.168330029223885,16.01504450027867,16.11471839766451,75808
2011-06-16,16.11471839766451,16.14897517024559,16.03240218685814,16.111146293615377,50000
2011-06-17,16.111146293615377,16.1343491828006,16.006423106114546,16.01319834184067,50000
2011-06-20,16.01319834184067,16.641730730328845,16.008045521123822,16.511474005434767,50000
2011-06-21,16.511474005434767,16.65650685772758,15.909714209212522,15.979163022761078,56746
2011-06-22,15.979163022761078,16.100397922047684,15.819979779180603,15.911924946807108,50556
2011-06-23,15.911924946807108,15.995477555297121,15.634632302980918,15.646347062085784,50000
2011-06-24,15.646347062085784,15.67878419985896,15.28396077495537,15.34877898246389,50000
2011-06-27,15.34877898246389,15.396452154448957,15.333362959373087,15.377052168643178,50000
2011-06-28,15.377052168643178,15.377064663568515,15.221750684107223,15.27392572238687,50000
2011-06-29,15.27392572238687,15.518511269329286,15.19579899345964,15.447392424336137,50000
2011-06-30,15.447392424336137,15.545184699981192,14.980876841662662,15.025092875325104,50000
2011-07-01,15.025092875325104,15.094546292805555,14.343519503193136,14.359319840577736,50000
2011-07-04,14.359319840577736,14.370805904552478,14.27036388072705,14.333134506745857,50000
2011-07-05,14.333134506745857,14.439358863336883,14.009548838130957,14.05627157148962,159718
2011-07-06,14.05627157148962,14.649381721067051,14.02558330361693,14.52710072060259,50000
2011-07-07,14.52710072060259,14.69649393624321,14.456505580611308,14.670133847060963,50000
2011-07-08,14.670133847060963,14.720048277729994,14.395479754119505,14.537047809917754,50000
2011-07-11,14.537047809917754,14.777830690034893,14.527207693659197,14.711264226862276,67809
2011-07-12,14.711264226862276,15.040061467060147,14.711043336728643,14.93488509217221,61130
2011-07-13,14.93488509217221,15.287730571039825,14.766526423552026,15.198128641690065,54857
2011-07-14,15.198128641690065,15.233046026369331,14.477522307352965,14.522947685962272,50000
2011-07-15,14.522947685962272,14.639416210445725,14.316004642563389,14.380818959935379,56584
2011-07-18,14.380818959935379,14.44764354313171,14.136629491534476,14.265224404828192,67909
2011-07-19,14.265224404828192,14.437080024439704,14.15116466295247,14.37909949290653,107167
2011-07-20,14.37909949290653,14.39767242663565,13.83086532582009,13.919136363659538,50000
2011-07-21,13.919136363659538,13.937202119651143,13.812506041767582,13.928701333712507,50000
2011-07-22,13.928701333712507,14.094055996902586,13.850583224735345,13.999599064705123,50000
2011-07-25,13.999599064705123,14.146558620450872,13.486333915573567,13.564377548494411,50000
2011-07-26,13.564377548494411,14.053108839919444,13.4972186677564,13.855434331956259,50000
2011-07-27,13.855434331956259,13.937856315224609,13.361598028480559,13.445750527621406,50000
2011-07-28,13.445750527621406,13.451792470125513,12.685163866265913,12.761338490800542,50000
2011-07-29,12.761338490800542,12.833584616193722,12.270501470158797,12.337657716553604,126349
2011-08-01,12.337657716553604,12.367622680934018,11.722232035182891,11.76662316857443,81206
2011-08-02,11.76662316857443,11.997932951547238,11.682682057154372,11.891723913162656,50000
2011-08-03,11.891723913162656,12.213966032834419,11.707225904538017,12.129460335052563,50000
2011-08-04,12.129460335052563,12.380753107725923,12.007172206416506,12.297468649727652,50000
2011-08-05,12.297468649727652,12.433246508323526,11.992642886420988,11.999995680047633,50000
2011-08-08,11.999995680047633,12.096301397540614,11.980268773463614,12.069509784794901,50000
2011-08-09,12.069509784794901,12.120603374768546,12.056352629460797,12.11086483295833,50000
2011-08-10,12.11086483295833,12.132896211944674,11.522849841959545,11.60888598911275,50000
2011-08-11,11.60888598911275,12.325196011578324,11.538969902483315,12.239741505137856,70321
2011-08-12,12.239741505137856,12.26895970188912,11.990678281245046,12.051821581277792,50000
2011-08-15,12.051821581277792,12.139806407809136,11.66499531167631,11.72883969367743,50000
2011-08-16,11.72883969367743,11.810956735649405,11.679071677296493,11.738843372548931,50000
2011-08-17,11.738843372548931,11.816290823679688,11.16250144204442,11.295144892487295,50000
2011-08-18,11.295144892487295,11.324151617504892,11.064857491275404,11.090194782682886,158453
2011-08-19,11.090194782682886,11.100967205803682,10.79242165713936,10.887037422215974,95741
2011-08-22,10.887037422215974,10.976216231771163,10.866474910062317,10.916077592677228,50000
2011-08-23,10.916077592677228,11.463047253876997,10.831888596731751,11.421000560308777,50000
2011-08-24,11.421000560308777,11.482230171142284,10.864772633655045,10.987505238236192,74252
2011-08-25,10.987505238236192,11.425649107640826,10.857031497268784,11.391449260346715,50000
2011-08-26,11.391449260346715,11.406333836199675,11.325357018018094,11.345656998323049,50000
2011-08-29,11.345656998323049,11.554071307964831,11.342646562173655,11.54223005268143,67067
2011-08-30,11.54223005268143,11.939604092744304,11.541369210440863,11.931233064700951,50000
2011-08-31,11.931233064700951,11.965699765316618,11.416655831956021,11.469623423396657,50000
2011-09-01,11.469623423396657,12.027027321851685,11.385097329291954,11.991967003688877,59161
2011-09-02,11.991967003688877,12.136466553757785,11.891044635635327,12.003497192027638,50000
2011-09-05,12.003497192027638,12.020221883818444,11.72034672980413,11.735299536714507,70509
2011-09-06,11.735299536714507,11.759576716434461,11.365260588112044,11.43235447647644,96183
2011-09-07,11.43235447647644,11.499070725778566,11.001232330889156,11.04309220729738,50000
2011-09-08,11.04309220729738,11.211762167924494,11.004283025408952,11.132307310354653,50000
2011-09-09,11.132307310354653,11.46123950286834,11.118389673607975,11.440900477837987,50000
2011-09-12,11.440900477837987,11.523722469120793,11.239724921256375,11.327463199548635,50000
2011-09-13,11.327463199548635,11.46553789880387,11.170331191120528,11.258254785660867,108932
2011-09-14,11.258254785660867,11.4009181428328,11.21348418959145,11.354420817646963,50000
2011-09-15,11.354420817646963,11.378187561062884,11.118322169786625,11.13282353955859,50000
2011-09-16,11.13282353955859,11.16128266215025,10.892176095003338,11.0076846335202,51597
2011-09-19,11.0076846335202,11.620369291564145,10.960682152767179,11.554306232250257,50000
2011-09-20,11.554306232250257,11.617191424426004,11.387606863848951,11.395336435363697,113174
2011-09-21,11.395336435363697,11.589767913738687,11.194495103416566,11.523768091466803,50000
2011-09-22,11.523768091466803,11.824723251201098,11.520862340268906,11.778160818240725,84987
2011-09-23,11.778160818240725,11.786261871023278,11.649882534784284,11.716090997159828,50000
2011-09-26,11.716090997159828,11.873094465225396,11.614370520479138,11.673820045234791,50000
2011-09-27,11.673820045234791,12.345729553746692,11.593341024041628,12.301030127211474,50000
2011-09-28,12.301030127211474,12.88260846062404,12.245265426629503,12.838035631647735,84772
2011-09-29,12.838035631647735,12.881391486474106,12.77967024332743,12.812028772054513,50000
2011-09-30,12.812028772054513,13.001646530944353,12.789467648251343,12.879982881678526,50000
2011-10-03,12.879982881678526,13.225818443911418,12.819877820823661,13.185539656354399,73567
2011-10-04,13.185539656354399,13.30021370688738,12.716787833811404,12.758159813771886,57183
2011-10-05,12.758159813771886,13.273359199862057,12.708669741363993,13.229897454320808,253107
2011-10-06,13.229897454320808,13.426442999685632,13.204688197709865,13.316178959014932,50000
2011-10-07,13.316178959014932,13.365657206638463,13.099089928172743,13.16931347619691,50000
2011-10-10,13.16931347619691,13.38075098852985,13.161716452207019,13.366051345711066,50000
2011-10-11,13.366051345711066,13.377511713727957,13.31777042916553,13.330513082053661,50000
2011-10-12,13.330513082053661,13.410707629878122,12.818129834756029,12.909891621867153,120194
2011-10-13,12.909891621867153,12.925907660031678,12.11303238052801,12.230129411075588,50000
2011-10-14,12.230129411075588,12.28588393332835,12.220481984049938,12.244815205786447,53770
2011-10-17,12.244815205786447,12.38994444343733,11.887070638837047,11.969777489867894,50000
2011-10-18,11.969777489867894,12.54418153152046,11.877506634525568,12.38537800647683,80612
2011-10-19,12.38537800647683,12.649084715058615,12.368847795659619,12.514207183924583,50000
2011-10-20,12.514207183924583,12.57654477030539,12.364067748865454,12.396196402043628,55250
2011-10-21,12.396196402043628,12.441943906555599,12.33649736551119,12.341587580718693,50000
2011-10-24,12.341587580718693,12.560372773194963,12.321431603106934,12.53453073882349,140678
2011-10-25,12.53453073882349,12.613657056253844,12.428928432054962,12.480419666964739,50000
2011-10-26,12.480419666964739,12.595517917609579,12.479322988337387,12.481740001025551,123082
2011-10-27,12.481740001025551,13.092461434556663,12.478145039879921,12.940052617751299,50000
2011-10-28,12.940052617751299,13.015408892653511,12.793758993364266,12.9593721259047,50000
2011-10-31,12.9593721259047,13.538567224142694,12.8235944589676,13.49315974667585,50000
2011-11-01,13.49315974667585,13.566623169096388,13.316752000181879,13.344865265382815,74370
2011-11-02,13.344865265382815,13.489094477192587,13.113207519611818,13.240779227888273,54512
2011-11-03,13.240779227888273,14.248621452884176,13.187087813198769,14.226209249344816,50000
2011-11-04,14.226209249344816,14.421831021282381,14.162692083448553,14.317314533207384,53542
2011-11-07,14.317314533207384,14.745572491880129,14.294235430195105,14.715352029696753,50000
2011-11-08,14.715352029696753,14.990869622838902,14.566445684246014,14.859092104599428,50000
2011-11-09,14.859092104599428,15.03092097083699,14.852384036134263,15.003536924591137,153811
2011-11-10,15.003536924591137,15.004859048281158,14.85472558812878,14.963868228421166,50000
2011-11-11,14.963868228421166,15.02712833462766,14.875771724229176,14.994200427516454,50000
2011-11-14,14.994200427516454,15.02147381284175,14.601225653287242,14.67614763151851,50000
2011-11-15,14.67614763151851,14.738216499504318,14.58411095350801,14.710006855800872,54292
2011-11-16,14.710006855800872,14.784921653049143,13.995717375585905,14.197218925602975,50000
2011-11-17,14.197218925602975,14.535932103968017,14.066418677875976,14.445358446506892,50000
2011-11-18,14.445358446506892,14.928321003797079,14.359898527565749,14.893555634618206,50000
2011-11-21,14.893555634618206,15.069752853867886,14.890815594056308,15.03588911857398,72454
2011-11-22,15.03588911857398,15.102502216450242,14.949651803537964,14.96724680608884,50000
2011-11-23,14.96724680608884,15.086586012113296,14.900077443547616,15.073203783034222,50000
2011-11-24,15.073203783034222,15.11283569934549,14.776006129791398,14.8904935916979,50000
2011-11-25,14.8904935916979,15.198689280323391,14.87313769568113,15.073170434187418,95672
2011-11-28,15.073170434187418,15.220757140569601,14.698195157820901,14.802443518357297,50000
2011-11-29,14.802443518357297,14.813284360187115,14.517492952966675,14.641977910884444,50000
2011-11-30,14.641977910884444,14.755050310748706,13.682026905366207,13.719906929336279,50000
2011-12-01,13.719906929336279,13.86835735213091,13.22726604370266,13.300253276965938,50000
2011-12-02,13.300253276965938,14.079108305026109,13.29160627725261,13.902540974157745,50000
2011-12-05,13.902540974157745,14.206876477086793,13.875979117313362,14.141063528439219,50000
2011-12-06,14.141063528439219,14.441474894656984,14.139324867919454,14.340539362647966,50000
2011-12-07,14.340539362647966,14.530988612606684,14.15110227856484,14.317422699386151,116772
2011-12-08,14.317422699386151,14.417262378981999,13.645318838244256,13.699487431796573,50000
2011-12-09,13.699487431796573,13.734066656879559,13.311438817242092,13.364685818999762,50000
2011-12-12,13.364685818999762,13.750562060332372,13.303413783430011,13.7208751176815,75737
2011-12-13,13.7208751176815,13.786766395784973,13.640284408657061,13.783542212911962,50000
2011-12-14,13.783542212911962,13.897459487825854,13.267176739625965,13.451562913986571,50000
2011-12-15,13.451562913986571,13.754733097059768,13.449404329866683,13.741823284098142,50000
2011-12-16,13.741823284098142,13.920706355940165,13.476106118759901,13.538018874066506,50000
2011-12-19,13.538018874066506,13.591811421777722,13.295726959095335,13.489210682394441,50000
2011-12-20,13.489210682394441,13.661773602836305,13.377448813108312,13.640252326043273,50000
2011-12-21,13.640252326043273,13.687256266428834,13.479449939133309,13.50781957428905,51715
2011-12-22,13.50781957428905,14.053298274906155,13.402576700102383,14.008625965550443,58843
2011-12-23,14.008625965550443,14.308317611483318,13.865019953386334,14.265837331773469,50000
2011-12-26,14.265837331773469,14.545734723200137,14.257034213347204,14.461080370788881,50000
2011-12-27,14.461080370788881,14.523161548737445,14.036533162176527,14.166406581021668,59480
2011-12-28,14.166406581021668,14.220879539960348,14.058402680887115,14.087319845847913,50000
2011-12-29,14.087319845847913,14.461350485379697,14.078480880458827,14.364647719438297,50000
2011-12-30,14.364647719438297,14.43862341275291,14.27817737599077,14.352370105969339,50000
2012-01-02,14.352370105969339,14.378208633588478,13.919244376968232,13.968957691208395,50000
2012-01-03,13.968957691208395,14.451003283821835,13.96511714228565,14.383314339075815,50000
2012-01-04,14.383314339075815,14.594043070952157,13.896644796546896,14.155653745772252,50000
2012-01-05,14.155653745772252,14.306568843889135,14.151822926889533,14.252233203722241,50000
2012-01-06,14.252233203722241,14.777719175913084,14.033528567449224,14.68515053325818,50000
2012-01-09,14.68515053325818,15.104745868190566,14.680777102355876,14.938676570171241,50000
2012-01-10,14.938676570171241,15.24786617828514,14.925062855968273,15.058409943474055,51611
2012-01-11,15.058409943474055,15.076247877298218,14.676724129706773,14.800318408721798,50000
2012-01-12,14.800318408721798,15.372938848977121,14.7413737402342,15.313390980049574,50000
2012-01-13,15.313390980049574,15.410258434241513,15.132715365261177,15.213889404170464,59318
2012-01-16,15.213889404170464,15.274612304343458,14.898941344590835,14.911020184487906,109909
2012-01-17,14.911020184487906,14.983242105293826,14.660322571753643,14.678776240281582,50000
2012-01-18,14.678776240281582,14.81000454044615,14.50600784864386,14.704384146839745,50000
2012-01-19,14.704384146839745,14.827933344362243,14.388545296789067,14.417576305237773,64003
2012-01-20,14.417576305237773,14.530886094461112,14.209823701004442,14.263395613386587,50000
2012-01-23,14.263395613386587,14.337589872485246,14.131447290459102,14.180516126949138,50000
2012-01-24,14.180516126949138,14.70789911298231,14.073064870113262,14.6024207126259,50000
2012-01-25,14.6024207126259,14.67819890232047,13.738194631273842,13.805996607042303,50000
2012-01-26,13.805996607042303,13.9577789730859,13.59103907924814,13.663407944839124,50000
2012-01-27,13.663407944839124,13.681350608390167,13.175778135622908,13.179161789005596,50000
2012-01-30,13.179161789005596,13.219635249909645,12.68889479056167,12.77060349794137,64570
2012-01-31,12.77060349794137,13.266617019390084,12.717120202312083,13.177448041975326,144216
2012-02-01,13.177448041975326,13.636830790240024,13.069243062041117,13.562897360908899,77353
2012-02-02,13.562897360908899,13.64157586727995,13.203865093953594,13.280635106233987,50000
2012-02-03,13.280635106233987,13.45010407654522,13.209021383092233,13.420219360755244,84237
2012-02-06,13.420219360755244,13.632466369620644,13.40563305434524,13.477165810156965,50000
2012-02-07,13.477165810156965,13.562020348296445,13.271873045244472,13.279329554363027,50000
2012-02-08,13.279329554363027,13.381755872066552,13.239171814054068,13.25381553038315,50000
2012-02-09,13.25381553038315,13.664681467833864,13.174279539425722,13.533623338728866,50000
2012-02-10,13.533623338728866,13.776549198274967,13.434509477769133,13.579215837666508,50000
2012-02-13,13.579215837666508,13.906820132692228,13.562691241109054,13.894635925732755,50000
2012-02-14,13.894635925732755,14.157226522824155,13.85701462821537,14.009862950634313,50000
2012-02-15,14.009862950634313,14.61959991537683,13.989169018684956,14.394351609119562,124323
2012-02-16,14.394351609119562,14.874324351729664,14.24321318322167,14.768000693255557,50000
2012-02-17,14.768000693255557,15.22937323026744,14.673626725273682,15.206593674197041,50000
2012-02-20,15.206593674197041,15.210052534137557,14.995714046878955,15.09323825725886,50000
2012-02-21,15.09323825725886,15.144912309961828,14.89962541010092,14.999010786954573,50000
2012-02-22,14.999010786954573,15.08456861103231,14.60494646174628,14.682335878505736,50000
2012-02-23,14.682335878505736,14.744030474989906,14.294701363643252,14.357065562189801,96618
2012-02-24,14.357065562189801,14.588829202494944,14.172107622202132,14.529808431890718,50000
2012-02-27,14.529808431890718,14.539033897215457,14.49116771904755,14.529742706974034,50000
2012-02-28,14.529742706974034,14.835345818502807,14.25981892694008,14.67954256727725,50000
2012-02-29,14.67954256727725,14.775563119871004,14.499802907117632,14.515445766862566,50000
2012-03-01,14.515445766862566,15.00658202454895,14.496516152426175,14.986725678220276,50000
2012-03-02,14.986725678220276,15.085502276770429,14.885492459661474,15.054835538178592,69638
2012-03-05,15.054835538178592,15.138987946789493,14.9952766397712,15.128289894354952,50000
2012-03-06,15.128289894354952,15.170726935297852,14.4765047485012,14.511067726675806,83655
2012-03-07,14.511067726675806,14.859671111773627,14.391556977014936,14.7190968754483,50000
2012-03-08,14.7190968754483,15.301117031524015,14.568667916351428,15.233993435379299,50000
2012-03-09,15.233993435379299,15.261613970680836,15.05372022921155,15.101445433330458,54500
2012-03-12,15.101445433330458,15.219906552485298,15.098088666728428,15.1497818151352,140790
2012-03-13,15.1497818151352,15.424842885746665,15.110808346956212,15.404331928821458,50000
2012-03-14,15.404331928821458,15.42494656497748,15.233769801666375,15.287927141732565,56849
2012-03-15,15.287927141732565,15.653997036238021,15.27997330966224,15.571038547420505,54008
2012-03-16,15.571038547420505,15.650458383236305,14.818332145457944,14.960184336710943,66553
2012-03-19,14.960184336710943,15.71604371442168,14.934087904910283,15.495321101540377,50000
2012-03-20,15.495321101540377,15.723706800270888,15.342028400561718,15.667181096748767,50000
2012-03-21,15.667181096748767,15.86815791143915,15.658184601830754,15.834048897857583,50000
2012-03-22,15.834048897857583,16.242037373935652,15.703919821569462,16.000006710645295,84178
2012-03-23,16.000006710645295,16.10723293398462,15.228075366425738,15.334653894007069,104435
2012-03-26,15.334653894007069,15.34967101766611,15.035927944151755,15.046916465786675,50000
2012-03-27,15.046916465786675,15.232860667504381,15.016513459908769,15.186098450488007,50000
2012-03-28,15.186098450488007,15.199815801729246,14.67239975447287,14.781054661738322,57285
2012-03-29,14.781054661738322,15.111265190881408,14.719181886131786,15.038285988217574,50000
2012-03-30,15.038285988217574,15.700873551495038,14.854925145140005,15.62468930326109,61932
2012-04-02,15.62468930326109,15.732866340196505,15.355043421298932,15.42971645590409,50000
2012-04-03,15.42971645590409,15.490250533902113,15.311990540254696,15.322030048430175,50000
2012-04-04,15.322030048430175,15.562989894850395,15.071612406685018,15.544506576303272,143718
2012-04-05,15.544506576303272,16.175780687065128,15.478301698944769,16.052944057570596,50000
2012-04-06,16.052944057570596,16.10062239429844,15.582202736008611,15.600599366213249,50000
2012-04-09,15.600599366213249,15.749520226077244,15.521173004200769,15.70034085795916,50000
2012-04-10,15.70034085795916,16.498275079608526,15.671009927173667,16.403124337664952,69633
2012-04-11,16.403124337664952,16.520560361372876,15.877589237202002,15.881864807483229,50000
2012-04-12,15.881864807483229,15.923630041282383,15.349707080925041,15.492749570947602,63041
2012-04-13,15.492749570947602,15.820385994917583,15.345984054118492,15.670668663796047,50000
2012-04-16,15.670668663796047,15.728924539536628,15.365988994390984,15.463005119323203,159958
2012-04-17,15.463005119323203,15.618134317491513,15.459841689784257,15.485548437326532,50000
2012-04-18,15.485548437326532,15.813946099506929,15.409403483484548,15.638181485598201,50000
2012-04-19,15.638181485598201,15.889945141260254,14.931425071193633,15.092623063590212,50000
2012-04-20,15.092623063590212,15.55915904045238,14.966455719712894,15.437349514218221,50000
2012-04-23,15.437349514218221,15.59549599136387,14.929739867996902,15.069734741324085,50000
2012-04-24,15.069734741324085,15.292356927215268,14.97145857117698,15.239148082416376,50000
2012-04-25,15.239148082416376,15.316613160458102,15.062304646746378,15.280585525910402,50000
2012-04-26,15.280585525910402,15.287943244318582,14.990006106813347,15.028190373742603,50000
2012-04-27,15.028190373742603,15.108503406542424,14.98989595821428,15.006595909059051,50000
2012-04-30,15.006595909059051,15.255995198171263,14.97296077477481,15.231001358681974,53391
2012-05-01,15.231001358681974,15.47206551419803,15.134102949628486,15.400110623987175,50000
2012-05-02,15.400110623987175,15.582094251461836,15.337528128855688,15.457663110637544,66997
2012-05-03,15.457663110637544,15.802049614295868,15.422328935791763,15.729656023298343,55642
2012-05-04,15.729656023298343,15.87587884482036,15.330557675963762,15.35407222438032,204007
2012-05-07,15.35407222438032,15.647275780711293,15.330014271677785,15.623892820077693,50000
2012-05-08,15.623892820077693,15.69254986970284,14.8639462020675,14.986418271843071,50000
2012-05-09,14.986418271843071,15.272995650370406,14.957124903861336,15.15673543000393,50000
2012-05-10,15.15673543000393,15.23842548619867,14.798347633352767,14.945233152959785,50000
2012-05-11,14.945233152959785,15.09375349457412,14.376351915512549,14.617258954464814,50000
2012-05-14,14.617258954464814,14.644722077096173,14.405558829427909,14.491366517206247,50000
2012-05-15,14.491366517206247,14.559859781057261,14.356446295137161,14.36177221259412,50000
2012-05-16,14.36177221259412,14.704470900222825,14.130060438188387,14.635377044515494,50000
2012-05-17,14.635377044515494,15.347823731268111,14.528014509979586,15.263682688058475,50000
2012-05-18,15.263682688058475,15.38706839692423,15.142304992996086,15.362797660051248,50000
2012-05-21,15.362797660051248,15.372958905094599,15.190587566193724,15.348126088969996,50000
2012-05-22,15.348126088969996,15.401025294898437,15.285445429977486,15.344582573897604,50000
2012-05-23,15.344582573897604,15.349812478020686,15.250156805333392,15.260543228329043,72194
2012-05-24,15.260543228329043,15.522547348808143,15.250298346600774,15.46332392903278,50000
2012-05-25,15.46332392903278,15.585600999500166,15.077348078111253,15.221396507088363,50000
2012-05-28,15.221396507088363,15.259400828371941,14.878124745551897,14.935686643374645,50000
2012-05-29,14.935686643374645,15.413026497731721,14.824979009770214,15.328485719123579,50000
2012-05-30,15.328485719123579,15.377203506666671,14.980485647065562,15.074623800036111,50000
2012-05-31,15.074623800036111,15.079724133062744,14.140134864711731,14.144855383557363,50000
2012-06-01,14.144855383557363,15.079722855826077,14.13355568905237,14.990590801391875,50000
2012-06-04,14.990590801391875,15.760618108550087,14.876801600865546,15.719455730941784,50000
2012-06-05,15.719455730941784,15.741149805120891,15.596167862493635,15.677861367537583,50000
2012-06-06,15.677861367537583,15.706001383168095,15.199712667698257,15.29786598197312,50000
2012-06-07,15.29786598197312,15.427387964956134,15.26801700423333,15.369063446800663,50000
2012-06-08,15.369063446800663,15.513213509143764,15.363008869623421,15.417858823828745,50000
2012-06-11,15.417858823828745,15.437457075176898,15.118315656329186,15.304614378882038,50000
2012-06-12,15.304614378882038,15.388713373048528,15.082947489358858,15.144823820611071,50000
2012-06-13,15.144823820611071,15.446344349567964,15.08328701112868,15.413120719918904,50000
2012-06-14,15.413120719918904,16.06297581733062,15.400103938263978,15.988380789709128,50000
2012-06-15,15.988380789709128,16.062735836201814,15.80701949121642,15.831053332520215,50000
2012-06-18,15.831053332520215,15.893409528455468,15.82807781640944,15.861263625403426,50000
2012-06-19,15.861263625403426,16.44938288411524,15.716285688274223,16.388998182187155,158339
2012-06-20,16.388998182187155,16.480839097350742,15.931557076080116,16.01555097238534,105831
2012-06-21,16.01555097238534,16.19486174734389,15.762782217138126,15.916399235050747,55838
2012-06-22,15.916399235050747,15.917297280368851,15.563496943842985,15.615282565440127,50000
2012-06-25,15.615282565440127,15.773906483756145,15.562270357341708,15.732607671564923,73024
2012-06-26,15.732607671564923,15.91345957344799,14.891759174639347,14.917103130933047,50000
2012-06-27,14.917103130933047,15.233203868559473,14.849268511331434,15.151292771841204,50000
2012-06-28,15.151292771841204,15.294594021180458,14.9344836034258,14.993980262919507,50000
2012-06-29,14.993980262919507,15.735216089089002,14.989638038592707,15.71245851443442,99395
2012-07-02,15.71245851443442,15.723824802216695,15.351437735927671,15.435212175518496,50000
2012-07-03,15.435212175518496,16.34313304309113,15.421592738954029,16.257095784015547,62014
2012-07-04,16.257095784015547,16.41890104197435,15.63869722119373,15.715522433765697,57904
2012-07-05,15.715522433765697,16.186462848220398,15.636779555051074,16.106729406186098,50000
2012-07-06,16.106729406186098,16.462696645846467,15.924969032620504,16.38081332545752,83945
2012-07-09,16.38081332545752,16.54762587868448,16.243933593429897,16.25667863507842,50000
2012-07-10,16.25667863507842,16.43138870652363,16.033233987797416,16.39615681037049,123217
2012-07-11,16.39615681037049,16.991284599869488,16.325951658362744,16.81663753481544,75546
2012-07-12,16.81663753481544,17.029556472570725,16.716344555454707,16.968380623844745,50000
2012-07-13,16.968380623844745,17.06812051171422,16.167122444272618,16.319142514241165,50000
2012-07-16,16.319142514241165,16.448971685540602,16.05813107355249,16.13314154096576,91827
2012-07-17,16.13314154096576,16.197889572884716,15.686292810416207,15.804956465160034,53132
2012-07-18,15.804956465160034,16.169251245384746,15.703280734947638,16.093787966222276,101028
2012-07-19,16.093787966222276,16.094580887295127,15.843118682407207,15.952500316942809,50000
2012-07-20,15.952500316942809,16.104114324060205,15.235356941403506,15.361342205012548,50000
2012-07-23,15.361342205012548,15.557511099057479,15.25104769928636,15.344219373545862,50000
2012-07-24,15.344219373545862,15.503298593906807,15.191324036081769,15.250979020645298,50000
2012-07-25,15.250979020645298,15.539519373762111,15.211643312991292,15.496068110628773,50000
2012-07-26,15.496068110628773,15.568623124885201,14.907306607501068,14.924927269552535,158567
2012-07-27,14.924927269552535,15.237340850880491,14.905170817789218,15.146618026623894,70139
2012-07-30,15.146618026623894,15.380850344870337,15.056633918077353,15.352752173009437,50000
2012-07-31,15.352752173009437,15.470007251699055,15.309774011053694,15.408256421811096,58503
2012-08-01,15.408256421811096,15.523989996929346,15.123470761893891,15.162238149226237,50000
2012-08-02,15.162238149226237,15.190255498672187,15.048718413556847,15.119282809185469,50000
2012-08-03,15.119282809185469,15.524935479374234,14.99404939554299,15.494979611256001,50000
2012-08-06,15.494979611256001,16.120871385066973,15.293704527900038,16.013472314213846,50000
2012-08-07,16.013472314213846,16.34797861530524,15.963034993860644,16.291595114616737,50000
2012-08-08,16.291595114616737,16.49082611853402,16.15157570425709,16.238421008217635,50000
2012-08-09,16.238421008217635,16.33406458078035,16.199816733849325,16.22789758578087,50000
2012-08-10,16.22789758578087,16.539604506061185,16.133162158395027,16.529294619433426,55664
2012-08-13,16.529294619433426,16.580634540122055,16.400039865209543,16.47895219974945,88668
2012-08-14,16.47895219974945,16.641800348219057,16.216038223497637,16.388519944211374,50000
2012-08-15,16.388519944211374,16.743984537890725,16.189030271179373,16.716588709229278,52106
2012-08-16,16.716588709229278,16.771670547668876,16.230767248412935,16.267240786853137,52432
2012-08-17,16.267240786853137,16.43072116645731,15.800528424872596,15.83272751408548,50000
2012-08-20,15.83272751408548,16.203549085410966,15.658434428994292,16.115805499927145,87847
2012-08-21,16.115805499927145,16.334645985387144,15.996957558966406,16.292097316429057,243030
2012-08-22,16.292097316429057,16.486294976149566,16.245625839369524,16.457603296005043,50000
2012-08-23,16.457603296005043,16.51788322203742,16.010448571481177,16.06583361328822,50000
2012-08-24,16.06583361328822,16.19469414965251,15.92007772186513,16.125052146202968,50000
2012-08-27,16.125052146202968,16.592986764717697,15.970098975417365,16.485385298376645,50000
2012-08-28,16.485385298376645,16.79958042463273,16.443123631737706,16.653778693487716,83341
2012-08-29,16.653778693487716,16.788147562464736,16.135986663607913,16.17172252989405,158240
2012-08-30,16.17172252989405,16.175336608543464,15.849120812679047,15.855254537657222,50000
2012-08-31,15.855254537657222,15.946672550901745,15.40332176913795,15.516504917188811,220304
2012-09-03,15.516504917188811,15.659011039458047,14.423456874782325,14.505805998408569,50000
2012-09-04,14.505805998408569,14.516456642877573,14.285978381991448,14.293837979778413,50000
2012-09-05,14.293837979778413,14.481565797492852,14.11564766130362,14.214280866726472,50000
2012-09-06,14.214280866726472,14.269335591469293,13.884380165378172,14.005927277001076,50000
2012-09-07,14.005927277001076,14.440087180945063,13.952544320610489,14.3372021475256,50000
2012-09-10,14.3372021475256,14.524793074177792,14.272804436117243,14.478120527427208,50000
2012-09-11,14.478120527427208,14.582749129944359,13.88699838272697,13.962192078247762,50000
2012-09-12,13.962192078247762,14.048193411897673,13.705831016635718,13.760141246499634,50000
2012-09-13,13.760141246499634,13.89479660046115,13.598338852300822,13.660898224942404,50000
2012-09-14,13.660898224942404,13.759093689771518,13.28050630651813,13.323808763258786,50000
2012-09-17,13.323808763258786,13.355249564566616,12.730801183050634,12.90482443405117,50000
2012-09-18,12.90482443405117,13.0933642941391,12.849789499816536,13.064439111957677,50000
2012-09-19,13.064439111957677,13.069694261704047,12.829810724505354,12.832658977053079,50531
2012-09-20,12.832658977053079,13.085219052945856,12.827366915244458,13.009500242906434,50000
2012-09-21,13.009500242906434,13.150248724950721,12.90759873488201,13.11342695230177,67711
2012-09-24,13.11342695230177,13.44780705462374,13.066801468407109,13.427880708902524,50000
2012-09-25,13.427880708902524,13.584490978399034,13.27905372157168,13.330744739717181,58415
2012-09-26,13.330744739717181,13.545836400862662,13.267748913811564,13.533271723845218,65907
2012-09-27,13.533271723845218,13.665374885142286,13.511629715067219,13.58787519434309,50000
2012-09-28,13.58787519434309,13.711526553822111,13.009087239724645,13.019255117104876,50000
2012-10-01,13.019255117104876,13.061394903307676,12.825667441366758,12.865371983109906,72771
2012-10-02,12.865371983109906,13.053255113738732,12.703889197309783,13.015791742859067,87058
2012-10-03,13.015791742859067,13.067178356279381,12.739872517996915,12.822016846214169,82450
2012-10-04,12.822016846214169,12.877385580221592,12.716158145012445,12.760391288145014,50000
2012-10-05,12.760391288145014,12.766162027025661,12.739635997381841,12.744345752388968,54374
2012-10-08,12.744345752388968,13.143984941946457,12.634047003243326,13.137094272323036,70871
2012-10-09,13.137094272323036,13.351744859663025,12.396729065085811,12.398062822954246,134244
2012-10-10,12.398062822954246,12.450425512749074,12.013911386272065,12.090232293497687,50000
2012-10-11,12.090232293497687,12.130582569640337,11.400781542480182,11.468842076851605,50000
2012-10-12,11.468842076851605,11.842160495898039,11.416465278222118,11.779968287445163,50000
2012-10-15,11.779968287445163,12.047954699793499,11.717834910293021,11.978037962989887,94642
2012-10-16,11.978037962989887,12.077975478787861,11.964403714152228,12.06371657453374,50000
2012-10-17,12.06371657453374,12.102381540761563,11.649094897911889,11.686927435489196,50000
2012-10-18,11.686927435489196,11.734355520317937,11.60005558205541,11.605277142277505,86003
2012-10-19,11.605277142277505,11.620437670926878,11.225498787825194,11.2922798181345,50000
2012-10-22,11.2922798181345,11.301426582067958,10.977201556114036,11.027925285748218,59340
2012-10-23,11.027925285748218,11.135421847390269,10.886331060163336,11.031857004670492,50000
2012-10-24,11.031857004670492,11.032039502963945,10.682146680319736,10.719757086133841,210125
2012-10-25,10.719757086133841,11.082090260578488,10.711333931216986,10.969579324615962,50000
2012-10-26,10.969579324615962,10.993296748982523,10.793028103269648,10.921634459415744,50000
2012-10-29,10.921634459415744,11.132042004903543,10.879943216586792,11.127014857441026,50000
2012-10-30,11.127014857441026,11.472109510929624,11.118930660479032,11.378478410810636,50000
2012-10-31,11.378478410810636,11.383071827707678,11.182981992425185,11.278624843902058,50000
2012-11-01,11.278624843902058,11.328995011497708,10.88520745716115,10.995952030593475,90515
2012-11-02,10.995952030593475,11.689908428875128,10.98296887374329,11.593591094075355,50000
2012-11-05,11.593591094075355,11.751370335542841,11.571526923378986,11.709447378875852,50000
2012-11-06,11.709447378875852,11.75242620721077,10.639531261004272,10.686863934131559,50000
2012-11-07,10.686863934131559,10.776817175533203,10.537584672454424,10.542081688789432,68607
2012-11-08,10.542081688789432,10.665007456640847,10.532728099607876,10.6540016862686,50000
2012-11-09,10.6540016862686,10.983778731465605,10.63376836205771,10.880775517102679,95112
2012-11-12,10.880775517102679,11.614433516270509,10.765868960763193,11.560834229996399,50000
2012-11-13,11.560834229996399,11.718333737136607,11.5157335619829,11.643267181707257,50000
2012-11-14,11.643267181707257,11.65106345511,11.516822416203494,11.540388826120337,51282
2012-11-15,11.540388826120337,11.547240692415762,11.329348413491712,11.347684440648178,50000
2012-11-16,11.347684440648178,11.873010457936099,11.17007163442549,11.780438954300866,50000
2012-11-19,11.780438954300866,11.796008417659065,11.5555684533451,11.612521970973017,50000
2012-11-20,11.612521970973017,11.64801118086554,11.164032573300458,11.180490244720751,50000
2012-11-21,11.180490244720751,11.619188304087952,11.136760949301506,11.540857787816217,50000
2012-11-22,11.540857787816217,11.735567345250518,11.430427800590655,11.707497380024334,50000
2012-11-23,11.707497380024334,12.203241163020943,11.617298903423318,12.190303611080736,50000
2012-11-26,12.190303611080736,12.26388682764436,11.546471719511716,11.607290568166873,50000
2012-11-27,11.607290568166873,11.90696233393375,11.561392783120407,11.834998449600107,77547
2012-11-28,11.834998449600107,12.04275354406625,11.81215091333795,12.005176286320156,62450
2012-11-29,12.005176286320156,12.335654177853193,11.968807803889469,12.230708119636379,50000
2012-11-30,12.230708119636379,12.701093714390394,12.176416675492417,12.699067189389059,50000
2012-12-03,12.699067189389059,12.730392012573505,12.622209947764972,12.66785907993154,50000
2012-12-04,12.66785907993154,13.02326952052264,12.628748010724001,12.974442224667195,79142
2012-12-05,12.974442224667195,13.054366391890502,12.813815958825092,12.848240393114285,84282
2012-12-06,12.848240393114285,13.11885823143672,12.831502316685784,12.970275387542904,63948
2012-12-07,12.970275387542904,13.018880291568669,12.173143989883378,12.311044771406058,50000
2012-12-10,12.311044771406058,12.315944938250615,12.154734517196042,12.226374184418269,50000
2012-12-11,12.226374184418269,12.368653742783074,12.111818066102542,12.146132052007154,94267
2012-12-12,12.146132052007154,12.191597695049897,11.78515886891104,11.798654944522262,50000
2012-12-13,11.798654944522262,12.268708171053424,11.76418756312083,12.205597887990539,50000
2012-12-14,12.205597887990539,12.724344088371614,12.117840462233286,12.717260691130639,61690
2012-12-17,12.717260691130639,12.947721986236235,12.65899600616539,12.842421435104889,50000
2012-12-18,12.842421435104889,12.910743076791212,12.747444419052993,12.790802150739305,50000
2012-12-19,12.790802150739305,12.80347976757652,12.707328867415997,12.77373098433643,50000
2012-12-20,12.77373098433643,13.084924675565995,12.728560208792741,12.963662002985707,91088
2012-12-21,12.963662002985707,12.975330131774408,12.810931753954574,12.881845212689939,50000
2012-12-24,12.881845212689939,12.940093545752005,12.456777005036558,12.587006374982007,50000
2012-12-25,12.587006374982007,13.075703576987951,12.451433355820557,13.040183784373145,61295
2012-12-26,13.040183784373145,13.08452211840879,12.742979407576872,12.833988015084053,51607
2012-12-27,12.833988015084053,12.946819910481643,12.401014994863443,12.604344234754556,50000
2012-12-28,12.604344234754556,12.829214689708852,12.603880270315342,12.812624887571403,50000
2012-12-31,12.812624887571403,12.887763929256042,12.71692377991676,12.809782458609103,50000
2013-01-01,12.809782458609103,13.324267088494281,12.751027537857052,13.271453981317613,93449
2013-01-02,13.271453981317613,13.28229363424237,12.999209843590172,13.134743577258847,53872
2013-01-03,13.134743577258847,13.51647571943197,13.031498369394408,13.468877790742695,50000
2013-01-04,13.468877790742695,13.497330304671218,13.147071602909316,13.33910768696516,51374
2013-01-07,13.33910768696516,13.64327438772854,13.313990742888791,13.629812570463464,55283
2013-01-08,13.629812570463464,13.682322616148804,13.222964772536848,13.281128560298892,50000
2013-01-09,13.281128560298892,13.379165550389189,13.221709879743939,13.337678627495713,50000
2013-01-10,13.337678627495713,13.551123132343037,13.321748577555462,13.460611359388329,50000
2013-01-11,13.460611359388329,13.506425790523288,13.33048510305212,13.490238092041713,50000
2013-01-14,13.490238092041713,13.660573379055329,13.155361593597663,13.188776740617495,130935
2013-01-15,13.188776740617495,13.39664863642195,13.130282840272102,13.272602244469644,82025
2013-01-16,13.272602244469644,13.531458368663753,13.230114253814124,13.444730108649267,50000
2013-01-17,13.444730108649267,13.616710441007017,13.334786294561349,13.519288539020172,50000
2013-01-18,13.519288539020172,13.538552853942882,13.268989603004432,13.358318063453794,50000
2013-01-21,13.358318063453794,13.68429709264691,13.300744898514573,13.64517914482412,50000
2013-01-22,13.64517914482412,14.347593149690848,13.522056116229402,14.282023742814681,50000
2013-01-23,14.282023742814681,14.551736442665764,14.071741315369625,14.475918144933004,50000
2013-01-24,14.475918144933004,14.822284228816342,14.45526801446968,14.731182062216673,50000
2013-01-25,14.731182062216673,14.749989262221979,14.11199871260663,14.27787767176442,50000
2013-01-28,14.27787767176442,14.335503619794578,13.70721548167636,13.74853189287858,50000
2013-01-29,13.74853189287858,13.971728608916553,13.661344461892185,13.929209673699836,50000
2013-01-30,13.929209673699836,14.315686039232036,13.688071664497304,14.215859554923679,50840
2013-01-31,14.215859554923679,14.320120501488207,14.209325402155903,14.29974698789474,50000
2013-02-01,14.29974698789474,14.318771783122367,14.261908100212128,14.296369438996864,50000
2013-02-04,14.296369438996864,14.429782954969532,14.294170510650114,14.361053043258899,50000
2013-02-05,14.361053043258899,14.454674231309355,13.963023362016518,14.19084490951053,50000
2013-02-06,14.19084490951053,14.293867534505301,14.000766780971045,14.272018363697555,50000
2013-02-07,14.272018363697555,14.355956086980148,14.102438963868574,14.170603256257877,51225
2013-02-08,14.170603256257877,14.224140481023346,13.599701813916537,13.664732822792876,50000
2013-02-11,13.664732822792876,13.788913972522225,13.64528243449887,13.740632367297067,50000
2013-02-12,13.740632367297067,13.805897710169921,13.383551478194526,13.449707871690428,62166
2013-02-13,13.449707871690428,13.506845673160878,13.418935529157544,13.50155069995319,50000
2013-02-14,13.50155069995319,13.50585941058256,13.404501678739352,13.428405158253092,50000
2013-02-15,13.428405158253092,13.477869475740082,13.260975438678955,13.380408155205801,50000
2013-02-18,13.380408155205801,13.477951999060524,13.22700643802498,13.321648586137378,50000
2013-02-19,13.321648586137378,13.604690374282907,13.159032891582946,13.569506167478913,59659
2013-02-20,13.569506167478913,14.212224268329615,13.507195311695112,14.206270413814552,50000
2013-02-21,14.206270413814552,14.281615605758585,14.144988690086626,14.223825612027797,50000
2013-02-22,14.223825612027797,14.233588628206089,13.799024886563966,13.903150919406404,200953
2013-02-25,13.903150919406404,14.202815371294276,13.900651867771913,14.106994148084407,131996
2013-02-26,14.106994148084407,14.215635865458113,13.70985582951521,13.728720735111342,50000
2013-02-27,13.728720735111342,13.875375154317581,13.29011195730253,13.292364498537678,50000
2013-02-28,13.292364498537678,13.360848592466953,12.875590284491485,12.95838522846124,50000
2013-03-01,12.95838522846124,13.214649271284445,12.910551101869824,13.210588659246685,50000
2013-03-04,13.210588659246685,13.227837146185859,12.939039326032942,13.139390009446526,50000
2013-03-05,13.139390009446526,13.182387341171854,13.048571695496099,13.092974113966255,50000
2013-03-06,13.092974113966255,13.312221084591478,12.97241097719103,13.28331983892665,55278
2013-03-07,13.28331983892665,13.29085529520273,12.612154740311816,12.615239229335263,50000
2013-03-08,12.615239229335263,12.760026479026216,12.59355835079127,12.654604186959027,50000
2013-03-11,12.654604186959027,12.877474374233266,12.617787298702448,12.840747249918241,88747
2013-03-12,12.840747249918241,12.889960350534624,12.610360705986857,12.716761747542021,50000
2013-03-13,12.716761747542021,12.772555372988856,12.538545732248531,12.586181554827137,79698
2013-03-14,12.586181554827137,12.616242451498069,12.559552223293293,12.574721680474491,51707
2013-03-15,12.574721680474491,12.598602548278498,11.99429357719936,12.042525320673487,52135
2013-03-18,12.042525320673487,12.105365924393258,12.002561846510867,12.045717521303231,50000
2013-03-19,12.045717521303231,12.636363605402515,12.006467762307354,12.549622023552576,50000
2013-03-20,12.549622023552576,13.213352132592233,12.465013745418586,13.213218771136416,50000
2013-03-21,13.213218771136416,13.253089453287185,12.954351609329262,12.974780597320084,50000
2013-03-22,12.974780597320084,13.673024753269807,12.904545702504892,13.64250114616225,98713
2013-03-25,13.64250114616225,13.84990505781131,13.553896002623167,13.787483188277248,50000
2013-03-26,13.787483188277248,14.766773630839086,13.785303261027583,14.708212246883715,68278
2013-03-27,14.708212246883715,14.817820252516432,14.609147424722906,14.810696570423397,50000
2013-03-28,14.810696570423397,14.903238253265862,14.794391407838226,14.876621608807579,50000
2013-03-29,14.876621608807579,14.89902844212438,14.733084434001075,14.811797742622536,50000
2013-04-01,14.811797742622536,15.97925637913879,14.752005047367494,15.767944559686194,54800
2013-04-02,15.767944559686194,16.704289383565353,15.600901340484583,16.52844630308817,50000
2013-04-03,16.52844630308817,16.666348352878266,16.505876942792376,16.52361055653885,50000
2013-04-04,16.52361055653885,16.604278511727184,16.371333025076108,16.464183043014767,50000
2013-04-05,16.464183043014767,16.74882452256338,16.438202763847876,16.582486167252966,50000
2013-04-08,16.582486167252966,16.694089031164054,16.424414275832014,16.488238713344042,65526
2013-04-09,16.488238713344042,16.590198673815237,16.370833515308842,16.549250281138217,63937
2013-04-10,16.549250281138217,16.85209534097123,16.43362149767424,16.80084638224194,50000
2013-04-11,16.80084638224194,16.852290127377014,16.609964710686484,16.675802865520403,93237
2013-04-12,16.675802865520403,16.72437249641508,16.215726796254422,16.387094765729564,50000
2013-04-15,16.387094765729564,16.69628045070242,16.343918472397924,16.645161466769817,50000
2013-04-16,16.645161466769817,16.93772913256031,16.622620322944343,16.87388385240991,50000
2013-04-17,16.87388385240991,16.92687630015999,16.256666109422245,16.274749230825584,50000
2013-04-18,16.274749230825584,16.420120165665722,16.171795374736586,16.367769202351816,50000
2013-04-19,16.367769202351816,16.453166942785764,16.007326943507262,16.06297943618841,50000
2013-04-22,16.06297943618841,16.144125206035245,15.551733152761663,15.632422168946073,63924
2013-04-23,15.632422168946073,15.810935826498286,14.968305408524241,15.056031899702969,50000
2013-04-24,15.056031899702969,15.151156991182836,14.978625727916528,15.08728896096572,50000
2013-04-25,15.08728896096572,15.088965911648412,14.723932289980782,14.752102042180741,50000
2013-04-26,14.752102042180741,14.853763694502295,14.622658425059496,14.852487310439763,50000
2013-04-29,14.852487310439763,14.964087430916189,14.559925452878367,14.623085127094713,82452
2013-04-30,14.623085127094713,14.699776694476652,14.60423228511749,14.686783588609453,51714
2013-05-01,14.686783588609453,14.715214976065091,14.465685806322634,14.516338890639696,89434
2013-05-02,14.516338890639696,14.554645354118732,14.15196108472714,14.197977914235837,50000
2013-05-03,14.197977914235837,14.57995641656787,14.072067377879856,14.406592119555944,153836
2013-05-06,14.406592119555944,14.489242600213176,14.141598704928409,14.248850486566326,66413
2013-05-07,14.248850486566326,14.48386680784246,14.16347027755165,14.435759300081365,50000
2013-05-08,14.435759300081365,14.521539536618347,13.850380738026203,13.947564213539755,220679
2013-05-09,13.947564213539755,14.007789810836853,13.375214412879162,13.499249307773313,50000
2013-05-10,13.499249307773313,13.544660324981374,13.036714858165917,13.06241675188539,50000
2013-05-13,13.06241675188539,13.101271052881888,12.737280141400593,12.834814626313571,76452
2013-05-14,12.834814626313571,12.89362432306117,12.466676929458693,12.545032448435531,50000
2013-05-15,12.545032448435531,12.729289903242638,12.507696029948539,12.650233955170433,71260
2013-05-16,12.650233955170433,12.658381917109802,12.64410637836693,12.64814214160869,50928
2013-05-17,12.64814214160869,12.65666994610927,12.12474362562966,12.198595025457552,50000
2013-05-20,12.198595025457552,12.72524107757671,12.179041905490998,12.692564823620058,50000
2013-05-21,12.692564823620058,12.727139113233783,12.27014404181469,12.28858133413515,50000
2013-05-22,12.28858133413515,12.298924003480739,12.249566378872036,12.285957627314259,50000
2013-05-23,12.285957627314259,12.292473014031865,12.037822935953841,12.062527589677373,50000
2013-05-24,12.062527589677373,12.134934984652697,12.02367770270773,12.099637754370706,50000
2013-05-27,12.099637754370706,12.574611550540086,12.076753933168947,12.48518198287383,50000
2013-05-28,12.48518198287383,12.557329778813562,12.318479477574552,12.497451962850635,90298
2013-05-29,12.497451962850635,12.59934592937988,11.58185138039314,11.586880784082306,84140
2013-05-30,11.586880784082306,11.63503309412261,11.357953725134603,11.375659633848326,50000
2013-05-31,11.375659633848326,11.40376364746439,11.141288014232417,11.200763482109501,50000
2013-06-03,11.200763482109501,11.245310260945697,11.016648903039552,11.022303786655291,50000
2013-06-04,11.022303786655291,11.060127925077822,10.895027811874069,11.036817931653955,50000
2013-06-05,11.036817931653955,11.284414325830785,10.92258470566784,11.2195596330988,50000
2013-06-06,11.2195596330988,11.271022410763829,11.105619986828364,11.163690760370098,50000
2013-06-07,11.163690760370098,11.71435710616229,11.051460352512448,11.71265596917789,50000
2013-06-10,11.71265596917789,11.830549847783516,11.481029180302322,11.568632088607874,100106
2013-06-11,11.568632088607874,11.573730240352166,11.015101715340434,11.112410046818537,50000
2013-06-12,11.112410046818537,11.220335765387661,11.000358565880537,11.169843793876298,50000
2013-06-13,11.169843793876298,11.182683398627226,10.808868877011282,10.86881757318089,50000
2013-06-14,10.86881757318089,11.006144758164229,10.823859314388988,10.991358876148812,52228
2013-06-17,10.991358876148812,11.086604794951146,10.777250715974949,10.940679131617097,50000
2013-06-18,10.940679131617097,10.997724460763214,10.613172873143396,10.66709815542412,50000
2013-06-19,10.66709815542412,11.029468522099835,10.648733682663,10.962379936769372,60976
2013-06-20,10.962379936769372,11.173180772458544,10.93653245382329,11.090405339041196,50000
2013-06-21,11.090405339041196,11.813315238200058,10.999746648511355,11.6586978459656,50000
2013-06-24,11.6586978459656,11.7320593023562,11.383122007601019,11.49430552522412,50000
2013-06-25,11.49430552522412,11.544178011534516,11.141771600947642,11.152490080945265,50000
2013-06-26,11.152490080945265,11.156090946974555,10.953171766718294,10.972398581658327,50000
2013-06-27,10.972398581658327,11.00788530663663,10.872794520122484,10.895384104935902,50242
2013-06-28,10.895384104935902,10.898286064434421,10.745287650056644,10.807141268885664,169101
2013-07-01,10.807141268885664,10.853141151532544,10.713844564921297,10.786188269548733,50000
2013-07-02,10.786188269548733,11.136426471904409,10.766140461902038,11.08888905968773,50000
2013-07-03,11.08888905968773,11.16966221219591,10.96542645780698,11.068929105626054,50000
2013-07-04,11.068929105626054,11.283888802662943,10.8970836409481,11.225842816040712,50000
2013-07-05,11.225842816040712,11.410229216363218,11.139036901857866,11.408541542236899,50000
2013-07-08,11.408541542236899,12.036622858877777,11.352648688264226,11.99923832353265,50000
2013-07-09,11.99923832353265,12.089255731750791,11.909651329937992,11.974296170568946,50000
2013-07-10,11.974296170568946,12.633194010606962,11.87622539758586,12.454996209152206,68231
2013-07-11,12.454996209152206,12.464482164399154,11.867523488928985,11.901550826654805,50000
2013-07-12,11.901550826654805,12.017979766287954,11.69936993415133,11.803015095107984,50000
2013-07-15,11.803015095107984,11.997895880298222,11.784828158226732,11.807922958949856,50000
2013-07-16,11.807922958949856,12.219918810739118,11.621118596537132,12.148222200208608,118296
2013-07-17,12.148222200208608,12.158757996562152,11.789614984433024,11.911062542975975,52844
2013-07-18,11.911062542975975,12.238198932223366,11.792099383969079,12.180334390577567,102220
2013-07-19,12.180334390577567,12.694632467392731,12.169084550360946,12.663083385146626,50000
2013-07-22,12.663083385146626,12.731996738391413,12.571393667814535,12.73168522235487,50000
2013-07-23,12.73168522235487,12.914547400070933,12.583986715779119,12.910324677792229,50000
2013-07-24,12.910324677792229,13.12154096373747,12.629561957912966,12.815423684365546,50000
2013-07-25,12.815423684365546,12.891541645936584,12.783131138440792,12.798436549363329,50000
2013-07-26,12.798436549363329,12.921219002925882,12.656863003993317,12.84265710096558,50000
2013-07-29,12.84265710096558,13.081060681110571,12.813446626918843,13.045592694678103,50000
2013-07-30,13.045592694678103,13.245796882111096,12.999042105998907,13.17856988913201,72332
2013-07-31,13.17856988913201,13.80215197209337,13.068636204230001,13.756500634850314,50000
2013-08-01,13.756500634850314,13.792019625322515,13.739775544468731,13.75065213364464,50000
2013-08-02,13.75065213364464,14.165539433971894,13.72317658425183,14.050086496126179,50000
2013-08-05,14.050086496126179,14.073724989571687,13.377914216251034,13.451538723104049,50000
2013-08-06,13.451538723104049,13.743745656475948,13.436452974809882,13.665947140839005,72303
2013-08-07,13.665947140839005,14.06225526057085,13.579400211256386,13.915908202342095,64586
2013-08-08,13.915908202342095,14.196429840395394,13.792728803983785,14.136989326249454,97407
2013-08-09,14.136989326249454,14.18687434539914,14.067090207144593,14.07505649542263,50000
2013-08-12,14.07505649542263,14.144786385565494,13.951143716564811,14.045525861313797,50000
2013-08-13,14.045525861313797,14.416221802588497,14.033133876502975,14.385903683413622,50000
2013-08-14,14.385903683413622,14.754004800001798,14.371204152937269,14.749155518978338,50000
2013-08-15,14.749155518978338,14.798838864102924,14.57202005473102,14.634133075130674,50000
2013-08-16,14.634133075130674,14.640307269009698,14.320023706087731,14.489894888728447,50000
2013-08-19,14.489894888728447,14.491650228942529,14.368077928314586,14.396446667339559,50000
2013-08-20,14.396446667339559,14.430111580095183,13.288195787018648,13.33989284976053,50000
2013-08-21,13.33989284976053,13.340110902695198,13.30425355744683,13.322724705992126,50000
2013-08-22,13.322724705992126,13.446003610134788,12.461524567500373,12.505937145668874,94755
2013-08-23,12.505937145668874,12.552461887194125,11.607568104587072,11.652106819657353,114862
2013-08-26,11.652106819657353,12.200664305084725,11.641988730678726,12.119337494457154,50000
2013-08-27,12.119337494457154,12.185964459654267,11.950726024077678,11.968710629166813,50000
2013-08-28,11.968710629166813,12.091422367945867,11.445096569013488,11.452519125226802,59630
2013-08-29,11.452519125226802,11.492575545172812,11.315311976178815,11.383252623832963,50000
2013-08-30,11.383252623832963,11.779980127941734,11.34261349983578,11.757905452965128,50000
2013-09-02,11.757905452965128,11.813526673333486,11.440186306941184,11.454022550517546,50000
2013-09-03,11.454022550517546,12.059884648270932,11.420349487940998,12.008584141757572,50000
2013-09-04,12.008584141757572,12.24668798288579,11.98330847179896,12.18816152819524,56876
2013-09-05,12.18816152819524,12.580500263833947,12.175695163124754,12.565472503750145,50000
2013-09-06,12.565472503750145,13.267804271620141,12.50161701269717,13.208673596435968,50000
2013-09-09,13.208673596435968,13.3176049290707,13.171819263565457,13.317070829779555,50000
2013-09-10,13.317070829779555,13.363889957686993,12.793087316096399,12.81231188815044,50000
2013-09-11,12.81231188815044,13.153983029700216,12.810273720103396,13.107953761331542,75967
2013-09-12,13.107953761331542,13.39938726702012,13.02942924060039,13.271448457936577,189250
2013-09-13,13.271448457936577,13.36947431765321,13.203397655364407,13.332878623842346,100534
2013-09-16,13.332878623842346,13.356948101186674,13.117523257328171,13.133077665890537,50000
2013-09-17,13.133077665890537,13.500938402877395,13.045676349270314,13.359266384569091,75445
2013-09-18,13.359266384569091,13.633008944457409,13.344015922613831,13.492837558814806,50000
2013-09-19,13.492837558814806,13.49854879542604,13.129718265516127,13.210421292219463,50000
2013-09-20,13.210421292219463,13.268660471883388,12.74782952733651,12.826901519414578,50000
2013-09-23,12.826901519414578,12.96682073770547,12.730537316908872,12.963821927950967,67085
2013-09-24,12.963821927950967,13.077635422804887,12.92545494264238,13.021004854301435,50000
2013-09-25,13.021004854301435,13.280575639804034,12.91461330715763,13.227711077775734,63074
2013-09-26,13.227711077775734,13.402478950738834,13.144411795785889,13.147239614499187,119619
2013-09-27,13.147239614499187,13.23237099091008,12.535446581147411,12.560344032754195,50000
2013-09-30,12.560344032754195,13.061496964921375,12.490715000476118,12.899214228049441,50000
2013-10-01,12.899214228049441,12.95629234402951,12.418321944534515,12.466813470125565,50000
2013-10-02,12.466813470125565,12.489782186896258,11.986661437943331,12.004744768391683,132157
2013-10-03,12.004744768391683,12.632982192332719,11.98393369656121,12.62489965763183,50000
2013-10-04,12.62489965763183,12.725115798036482,12.456068708711781,12.583228017002266,50000
2013-10-07,12.583228017002266,12.627396177836568,11.948762880410461,11.949238652550507,50000
2013-10-08,11.949238652550507,12.209303833329436,11.898261440113613,12.115706318425845,50000
2013-10-09,12.115706318425845,12.332978914871783,12.068828847280995,12.311371702707303,117404
2013-10-10,12.311371702707303,12.343248850056401,12.192693225939573,12.26219991047823,114592
2013-10-11,12.26219991047823,12.303423745653548,12.218982106546527,12.225947615489579,50000
2013-10-14,12.225947615489579,12.44176738014657,11.6914458322664,11.758390576402872,62112
2013-10-15,11.758390576402872,12.026413043876607,11.670634370856831,12.014924163882288,50000
2013-10-16,12.014924163882288,12.12016525989087,11.92969985183318,12.046682859476162,50000
2013-10-17,12.046682859476162,12.060629944512428,11.628283738002175,11.696335020914287,131350
2013-10-18,11.696335020914287,12.11497432268851,11.620333921645972,12.064744018448753,50000
2013-10-21,12.064744018448753,12.738137562351202,11.958690944326403,12.671178540127718,50000
2013-10-22,12.671178540127718,12.96560050409571,12.649526466737116,12.837291983654957,50000
2013-10-23,12.837291983654957,13.162802201017755,12.835531188172302,13.088375929957772,50000
2013-10-24,13.088375929957772,13.33107777564554,13.031427415709715,13.271967073983056,50000
2013-10-25,13.271967073983056,13.39170295147205,13.184948223704865,13.237345236166716,50000
2013-10-28,13.237345236166716,13.352851869208191,13.233377437357731,13.240552464161256,50000
2013-10-29,13.240552464161256,13.674935995587555,13.191417604038735,13.519303140601538,50000
2013-10-30,13.519303140601538,13.534449020117913,13.21508363772604,13.317351665736306,50000
2013-10-31,13.317351665736306,13.725385319627454,13.314755896028524,13.51033124829255,50000
2013-11-01,13.51033124829255,13.576908360844465,13.406001789182692,13.437714123215207,50000
2013-11-04,13.437714123215207,13.473557656237828,13.102914226912482,13.158879076020161,50000
2013-11-05,13.158879076020161,13.221244899213364,13.047648823321358,13.06365420806874,50000
2013-11-06,13.06365420806874,13.314970181232425,13.001276261730426,13.263579782054281,50000
2013-11-07,13.263579782054281,13.351660934117202,13.181978041489888,13.25885887947706,50000
2013-11-08,13.25885887947706,13.70719190531181,13.165498978328614,13.675973980093133,50000
2013-11-11,13.675973980093133,13.73492289042254,13.668809577768021,13.679751181338727,50000
2013-11-12,13.679751181338727,13.744380261163458,13.638901291459584,13.722355921077316,50000
2013-11-13,13.722355921077316,14.028402161074048,13.644821095922255,13.914484741334716,50000
2013-11-14,13.914484741334716,14.0696896765272,13.60463785800158,13.822445925490632,50000
2013-11-15,13.822445925490632,13.836535337512766,13.688957832870734,13.693558533859408,50000
2013-11-18,13.693558533859408,14.597098199196031,13.662646718208585,14.582332197301817,50000
2013-11-19,14.582332197301817,14.661703178688034,13.976143272264778,14.058487748327405,50000
2013-11-20,14.058487748327405,14.093354353633915,13.491255178387412,13.542050456600231,192272
2013-11-21,13.542050456600231,13.61837279132323,13.176822213138168,13.223734051485982,50313
2013-11-22,13.223734051485982,13.233555841724803,12.852680818719696,12.887813099454657,50000
2013-11-25,12.887813099454657,12.902435585371178,12.613574808660333,12.744249043762059,50000
2013-11-26,12.744249043762059,12.942764991663998,12.651539186809284,12.902254754249558,89941
2013-11-27,12.902254754249558,12.976214633679737,12.650952664111866,12.665269383741611,50000
2013-11-28,12.665269383741611,12.701943646538636,12.556701961815614,12.633229880278813,50000
2013-11-29,12.633229880278813,12.66556011675613,12.480582397586293,12.518989344130706,50000
2013-12-02,12.518989344130706,12.554919273097578,12.155170115949183,12.199371095056861,50000
2013-12-03,12.199371095056861,12.673898566718742,12.106630005653374,12.579306761974768,80759
2013-12-04,12.579306761974768,12.912349982749207,12.557529309260039,12.841589463974927,50000
2013-12-05,12.841589463974927,12.89246676413099,12.02234017928468,12.068780397708375,72252
2013-12-06,12.068780397708375,12.175536821752276,11.940046452853945,11.989297238320392,55806
2013-12-09,11.989297238320392,12.001569637621644,11.319100765673255,11.437337772274882,50000
2013-12-10,11.437337772274882,11.447319786261676,11.302669835772486,11.347642015035879,50000
2013-12-11,11.347642015035879,11.461547317587735,11.320039335224013,11.415079328031236,50000
2013-12-12,11.415079328031236,11.75962857216226,11.360322765737592,11.68875906505213,50000
2013-12-13,11.68875906505213,11.854651448089536,11.672226559951202,11.7818908069712,67514
2013-12-16,11.7818908069712,12.12125373389208,11.723893500096526,12.075927936661406,56259
2013-12-17,12.075927936661406,12.147586239591025,11.546155412705415,11.715035644118284,80105
2013-12-18,11.715035644118284,11.910936359915675,11.673400189479583,11.799427408172951,50000
2013-12-19,11.799427408172951,11.832711820842732,11.353286294096065,11.440292399735231,50000
2013-12-20,11.440292399735231,11.448243654825738,11.262104627342621,11.279606318974789,51893
2013-12-23,11.279606318974789,11.841483873814097,11.218323541209424,11.682645923456926,50000
2013-12-24,11.682645923456926,11.817124884518313,11.311936979781699,11.355279365015141,50000
2013-12-25,11.355279365015141,11.395548076890078,11.267238529622349,11.340755044783796,70938
2013-12-26,11.340755044783796,11.539359106963568,11.301546740967307,11.459373088931445,50000
2013-12-27,11.459373088931445,11.618296095559549,11.36391378959208,11.410690699718412,50000
2013-12-30,11.410690699718412,11.576467250098583,11.293848955973077,11.545108658507734,50000
2013-12-31,11.545108658507734,11.767807401633503,11.503046330236025,11.713248539489676,62946
2014-01-01,11.713248539489676,12.063421936979315,11.669779444163835,11.970120029565734,50000
2014-01-02,11.970120029565734,12.132541698393709,11.969332199614088,12.040364928197665,50000
2014-01-03,12.040364928197665,12.07622553576679,11.638130085993401,11.657489509544174,153958
2014-01-06,11.657489509544174,11.691345884438096,11.274057278350893,11.400839427325739,50000
2014-01-07,11.400839427325739,11.670097438890792,11.396864963147577,11.559773885744303,50000
2014-01-08,11.559773885744303,11.604678051593051,11.369997189108888,11.449464582250627,50000
2014-01-09,11.449464582250627,11.543827055093278,11.36661652209418,11.537998180934508,101027
2014-01-10,11.537998180934508,11.555901653813267,10.899026414715316,11.000236190099073,78225
2014-01-13,11.000236190099073,11.188880741683398,10.986051737998721,11.181181790845446,129047
2014-01-14,11.181181790845446,11.30746854200662,11.079889490006158,11.197277180727735,50000
2014-01-15,11.197277180727735,11.942064477521317,11.145256805876638,11.867702644782883,50000
2014-01-16,11.867702644782883,11.891522079914958,11.496093314969391,11.52012920811198,50000
2014-01-17,11.52012920811198,11.948233101500614,11.502265754227718,11.882732562931933,81830
2014-01-20,11.882732562931933,11.962186991605481,11.604718256780494,11.605337653196676,50000
2014-01-21,11.605337653196676,11.609366396606232,11.321846639127175,11.435146626413363,50000
2014-01-22,11.435146626413363,11.606969487049541,11.382970683463112,11.598323841604357,90099
2014-01-23,11.598323841604357,11.694640766559463,11.574589015827971,11.60629308722279,50000
2014-01-24,11.60629308722279,11.751723375615796,11.578375857781817,11.7223980394051,63352
2014-01-27,11.7223980394051,11.762607951910146,11.661099719060777,11.690718755664895,102728
2014-01-28,11.690718755664895,12.031472374901155,11.684311469114723,11.885485388032913,67162
2014-01-29,11.885485388032913,11.97153860883389,11.757803347915404,11.827340117789884,50000
2014-01-30,11.827340117789884,11.921292441327813,11.257217439414095,11.374728345369828,101206
2014-01-31,11.374728345369828,11.569480614945673,11.34942670602996,11.521237431930444,50000
2014-02-03,11.521237431930444,11.61324438109032,11.43242233043545,11.49361747667039,50000
2014-02-04,11.49361747667039,11.651015612077835,11.417922921892307,11.47119866744383,50000
2014-02-05,11.47119866744383,11.897588950741506,11.447644686142533,11.757222350450542,50000
2014-02-06,11.757222350450542,11.877072880966757,11.535147095783534,11.582085718672287,50000
2014-02-07,11.582085718672287,11.694412263587791,11.517360018123332,11.541440472241655,50000
2014-02-10,11.541440472241655,11.61245768156025,11.0748830030959,11.114379600638129,74003
2014-02-11,11.114379600638129,11.44368372908919,11.069726918136327,11.370058337710747,50000
2014-02-12,11.370058337710747,11.438395692451062,10.827584783633558,10.84149149538031,50000
2014-02-13,10.84149149538031,10.987809618992372,10.763420151098833,10.927694899152863,50000
2014-02-14,10.927694899152863,11.035782525149328,10.498828896861566,10.504720924250474,50000
2014-02-17,10.504720924250474,10.713050571657465,10.471598139218834,10.612751274072231,103920
2014-02-18,10.612751274072231,11.712377309856613,10.580534346748838,11.557222357695826,50000
2014-02-19,11.557222357695826,11.572312691293662,11.043154103784449,11.130117819525811,50000
2014-02-20,11.130117819525811,11.661571042519999,11.060061760857096,11.587640412361672,50000
2014-02-21,11.587640412361672,11.683471805953799,11.489998087776835,11.50403458812622,164684
2014-02-24,11.50403458812622,11.590487013637949,10.967901751693091,11.032860772724545,130465
2014-02-25,11.032860772724545,11.24619523458372,11.02674769370958,11.072904392912013,50000
2014-02-26,11.072904392912013,11.416305947940568,11.021915871176471,11.395872543685476,50000
2014-02-27,11.395872543685476,11.638261420940403,11.348174143887157,11.60445776576404,110497
2014-02-28,11.60445776576404,11.622155836424842,11.50170960026351,11.533041644006598,50000
2014-03-03,11.533041644006598,11.614166525018426,11.01984403200951,11.095443976699595,50000
2014-03-04,11.095443976699595,11.167878183601509,10.67764293581906,10.75055883576269,50000
2014-03-05,10.75055883576269,10.97756592738492,10.691734424715492,10.976985314939832,69363
2014-03-06,10.976985314939832,11.084478612546677,10.60988811338117,10.676663478719762,66585
2014-03-07,10.676663478719762,10.946261251211395,10.623887928218801,10.890754388060884,50000
2014-03-10,10.890754388060884,10.930668083133487,10.619617491669315,10.647007603000393,54412
2014-03-11,10.647007603000393,10.756178142492338,10.572831378209283,10.694917482530695,50000
2014-03-12,10.694917482530695,11.272454536726954,10.652909942559473,11.151750745591992,99392
2014-03-13,11.151750745591992,11.160580467556475,10.79606576719762,10.852849034707042,50000
2014-03-14,10.852849034707042,11.149643587050164,10.817333065364213,11.129450746686445,50000
2014-03-17,11.129450746686445,11.345436673423865,11.040079425222727,11.326531418325526,54046
2014-03-18,11.326531418325526,11.411514494522121,11.3110212477164,11.390146447056507,50000
2014-03-19,11.390146447056507,11.425010157704051,11.310122200720203,11.351726494994308,120031
2014-03-20,11.351726494994308,11.757706664663303,11.317771536253028,11.624703941953452,78460
2014-03-21,11.624703941953452,11.66510616120803,11.603246162675672,11.635220173780805,50000
2014-03-24,11.635220173780805,11.640944858271938,11.55850673586837,11.582346927402812,86013
2014-03-25,11.582346927402812,11.693592987591595,11.540250574078515,11.672292745240114,50000
2014-03-26,11.672292745240114,12.108304718630771,11.551037715061161,11.99840213716443,50000
2014-03-27,11.99840213716443,12.067001979499146,11.610539526647235,11.649507017531011,50000
2014-03-28,11.649507017531011,11.942985044991445,11.642510614438946,11.895764521990893,50000
2014-03-31,11.895764521990893,11.942691007913153,11.519174389673339,11.541715157455466,50000
2014-04-01,11.541715157455466,11.63227841392368,11.031100750796119,11.047673144272277,50000
2014-04-02,11.047673144272277,11.97312595148572,11.005852630015402,11.849379314105013,50000
2014-04-03,11.849379314105013,11.859794351379287,11.775417220807814,11.806923782160695,94168
2014-04-04,11.806923782160695,12.119200027400622,11.795344370512955,12.064120676819003,54787
2014-04-07,12.064120676819003,12.08654787155786,11.747393586550427,11.829117340474411,50000
2014-04-08,11.829117340474411,11.947871165844965,11.641406870656708,11.64550313890249,50000
2014-04-09,11.64550313890249,11.72165805158927,11.36123471828045,11.40133210505329,50000
2014-04-10,11.40133210505329,11.517687480465476,11.248883883253985,11.503210716992788,50000
2014-04-11,11.503210716992788,11.758312806262289,11.395061494988674,11.721955062409831,62395
2014-04-14,11.721955062409831,12.152216550784203,11.675142431459598,12.012212928134993,50000
2014-04-15,12.012212928134993,12.054897711715952,11.854367848510096,11.967961376598533,56851
2014-04-16,11.967961376598533,12.044870916942706,11.930221540167224,12.032172704735949,50000
2014-04-17,12.032172704735949,12.12170550826929,11.760015791168229,11.764656169222663,50000
2014-04-18,11.764656169222663,11.937066012379702,11.64506774745014,11.852403726974686,50000
2014-04-21,11.852403726974686,11.880444665237924,11.818897842177304,11.879436725763892,50000
2014-04-22,11.879436725763892,11.934222445425883,11.878821806272729,11.923966037561117,50000
2014-04-23,11.923966037561117,12.213685226539384,11.910281209576429,12.122992797412113,65862
2014-04-24,12.122992797412113,12.206698947748603,12.082397145854413,12.183726799949193,50000
2014-04-25,12.183726799949193,12.23673687899977,11.953539551588607,12.029262167847879,50000
2014-04-28,12.029262167847879,12.943525464111097,12.00966026304454,12.8162139368052,50000
2014-04-29,12.8162139368052,12.924725636871184,12.687652122880607,12.832837899235393,50000
2014-04-30,12.832837899235393,12.95357910132323,12.626016194702904,12.684067337853566,79608
2014-05-01,12.684067337853566,12.781087738566798,12.132182813434508,12.255100752287772,50000
2014-05-02,12.255100752287772,12.479671080281168,12.121827054681912,12.12838618447598,50000
2014-05-05,12.12838618447598,12.21431043860286,11.895397230183065,12.035899186339496,50000
2014-05-06,12.035899186339496,12.139806707284103,11.789004399812288,11.861000952975857,132961
2014-05-07,11.861000952975857,12.268945687663976,11.783974896006479,12.26054575319651,50443
2014-05-08,12.26054575319651,12.262879587546388,12.168900259451016,12.239783168578281,87164
2014-05-09,12.239783168578281,12.745915247321875,12.206086393078829,12.728511657638654,50334
2014-05-12,12.728511657638654,13.128781968266535,12.682541260916278,12.984453471209793,50000
2014-05-13,12.984453471209793,13.03396643530828,12.900768104346124,13.004955515093345,50000
2014-05-14,13.004955515093345,13.178107315813985,12.984498313671422,13.085594462272532,50000
2014-05-15,13.085594462272532,13.195272674218861,12.994054224790757,13.04634828380771,101881
2014-05-16,13.04634828380771,13.216933891740196,12.987143179858126,13.186415972792892,50000
2014-05-19,13.186415972792892,13.217549334560049,12.931361084155846,12.940555398286797,84037
2014-05-20,12.940555398286797,12.981569868609983,12.583943614577235,12.688457828789932,92870
2014-05-21,12.688457828789932,13.054885261043706,12.639330999960078,12.946486399893582,82337
2014-05-22,12.946486399893582,13.14411626274844,12.898370429211422,13.11465255990643,50000
2014-05-23,13.11465255990643,13.218893622405052,12.96033618922887,13.150071647239116,50376
2014-05-26,13.150071647239116,13.360198288452596,13.048144056369548,13.326564738344974,50000
2014-05-27,13.326564738344974,13.389483673805618,12.981644881060117,13.027083048611175,50000
2014-05-28,13.027083048611175,13.187934118507668,12.903893933039456,13.14092312159631,64281
2014-05-29,13.14092312159631,13.57957908975891,13.132503234252768,13.493087342534707,76422
2014-05-30,13.493087342534707,13.567093787962838,13.183405176639,13.24601749699069,50000
2014-06-02,13.24601749699069,13.628104604409387,13.072263589572218,13.557547764583994,53406
2014-06-03,13.557547764583994,13.696808416241279,13.46357311332674,13.502410559194521,95422
2014-06-04,13.502410559194521,13.654574866988712,13.3165987736599,13.485051669480406,50541
2014-06-05,13.485051669480406,13.569407839911548,13.44684654660875,13.477117674766172,50000
2014-06-06,13.477117674766172,13.566637991000416,13.181892819241886,13.23078215485284,71964
2014-06-09,13.23078215485284,13.488574430632724,13.126637954711367,13.317492657446989,84694
2014-06-10,13.317492657446989,13.714990974319567,13.274518796140148,13.64589795115286,59398
2014-06-11,13.64589795115286,13.64630304414599,13.047134312659352,13.170022823637797,50000
2014-06-12,13.170022823637797,13.173927897605585,12.88943000743654,12.930967348692121,50000
2014-06-13,12.930967348692121,12.955114337043193,12.7325322138789,12.745198656686838,59000
2014-06-16,12.745198656686838,12.768328874097246,12.447934919293013,12.513705283162285,50000
2014-06-17,12.513705283162285,12.721382236218986,12.503087473386712,12.60507989753679,50000
2014-06-18,12.60507989753679,12.656356344839155,12.396662343998171,12.462480906374884,87935
2014-06-19,12.462480906374884,12.555743023895182,12.071562784614155,12.103486919107473,50000
2014-06-20,12.103486919107473,12.273007137824164,11.684403234011546,11.741898861430489,50000
2014-06-23,11.741898861430489,12.48619578075976,11.740460182524975,12.467997770562937,50000
2014-06-24,12.467997770562937,12.949868367758654,12.161266104934127,12.850090277657499,50000
2014-06-25,12.850090277657499,12.94541385449665,12.612435493398126,12.80423082625672,105539
2014-06-26,12.80423082625672,12.877940112996516,12.801975156209451,12.810441505248653,50000
2014-06-27,12.810441505248653,12.84169846103239,12.37346188361151,12.526767312847285,112340
2014-06-30,12.526767312847285,12.573055108937016,12.11344315876057,12.128054593959154,98094
2014-07-01,12.128054593959154,12.206942987025027,11.925612992576612,11.962004013418436,50000
2014-07-02,11.962004013418436,12.020740244892666,11.95432465574796,12.02044885227122,53520
2014-07-03,12.02044885227122,12.047627082456032,11.836373544663045,11.866064393083388,50000
2014-07-04,11.866064393083388,11.935766680265948,11.394933010242147,11.413431203025622,209638
2014-07-07,11.413431203025622,11.55544748349206,11.301297673714576,11.530360922589013,76748
2014-07-08,11.530360922589013,11.585387099832833,11.496644638574342,11.580689639305907,97603
2014-07-09,11.580689639305907,11.694835602981614,11.395373521249972,11.419105699263659,52974
2014-07-10,11.419105699263659,11.824194256997286,11.395994907342521,11.812648904411224,50000
2014-07-11,11.812648904411224,11.933522234238833,11.38831394070735,11.429759074685599,50000
2014-07-14,11.429759074685599,11.506426255480646,11.353436010858506,11.373689573565168,50000
2014-07-15,11.373689573565168,11.444600737589036,11.23168576398736,11.246484730993203,52415
2014-07-16,11.246484730993203,11.384945986771628,11.239792584998488,11.301744869551865,50000
2014-07-17,11.301744869551865,11.432014139870136,11.294974069093103,11.395198138679133,50000
2014-07-18,11.395198138679133,11.462110086450203,11.10144740154914,11.15126526293964,50000
2014-07-21,11.15126526293964,11.203823498419263,11.075500825450849,11.094619121639985,50000
2014-07-22,11.094619121639985,11.562540624269023,10.996695690637187,11.522401137937905,50000
2014-07-23,11.522401137937905,11.840441756294334,11.456644600680631,11.81794092697783,50000
2014-07-24,11.81794092697783,11.834658173413265,11.525134097721066,11.694623433310463,50000
2014-07-25,11.694623433310463,12.118389090977072,11.525181601541691,12.095149814627684,50000
2014-07-28,12.095149814627684,12.15630508426817,11.976649933660584,12.133099576325986,50000
2014-07-29,12.133099576325986,12.17304769467097,11.732204541195609,11.808439785029545,71450
2014-07-30,11.808439785029545,12.167798435850347,11.753792111559953,12.12442826177838,50000
2014-07-31,12.12442826177838,12.640491137271505,12.123717056924344,12.5740839805439,69554
2014-08-01,12.5740839805439,12.953219486070871,12.423411586048926,12.833523987236989,50000
2014-08-04,12.833523987236989,13.06419447538901,12.360923138780807,12.419921091852693,50000
2014-08-05,12.419921091852693,12.50026067077152,11.905207681133469,11.967587795212259,50000
2014-08-06,11.967587795212259,12.261088714932745,11.84879388099847,12.165525199302952,50000
2014-08-07,12.165525199302952,12.200387321717024,11.63739948252401,11.714458123291534,76690
2014-08-08,11.714458123291534,11.726649146539536,11.467003488873146,11.576769177507817,52092
2014-08-11,11.576769177507817,11.682268270444938,11.457958939641086,11.620375454034125,50000
2014-08-12,11.620375454034125,11.791813226147973,11.50708126986463,11.748889068227173,50000
2014-08-13,11.748889068227173,11.827123181078557,11.731490238265467,11.808744970664884,50000
2014-08-14,11.808744970664884,11.819507560524288,11.713182422320221,11.773259858644963,50000
2014-08-15,11.773259858644963,11.811391075427826,11.222965829603298,11.351571908440832,50000
2014-08-18,11.351571908440832,11.367060683099963,10.879926026600632,11.001169774597958,50000
2014-08-19,11.001169774597958,11.002071019776821,10.409630813729567,10.437344200919114,50000
2014-08-20,10.437344200919114,11.32139654894487,10.43460690358206,11.308382672588495,50000
2014-08-21,11.308382672588495,11.521334295168536,11.201000784999142,11.474206006259076,50000
2014-08-22,11.474206006259076,11.475789841334855,11.460997354320744,11.472113698214772,50000
2014-08-25,11.472113698214772,11.518797018670176,11.272903416462835,11.3002231857856,50000
2014-08-26,11.3002231857856,11.327838697817969,11.030255155005852,11.146492052660204,50000
2014-08-27,11.146492052660204,11.482092853441866,11.122221564942707,11.406302509299849,50000
2014-08-28,11.406302509299849,11.447016654038304,10.831275120556612,10.86427011037633,74721
2014-08-29,10.86427011037633,10.960937353037117,10.504186558610957,10.534405214198113,52632
2014-09-01,10.534405214198113,10.606086317216935,10.223603455205224,10.285059312898131,57099
2014-09-02,10.285059312898131,10.285520655437555,10.083631478590064,10.104514426997449,50000
2014-09-03,10.104514426997449,10.141236591373213,9.780027170121892,9.801701380280115,124184
2014-09-04,9.801701380280115,10.058181343673887,9.755408171400134,9.940960622301978,62177
2014-09-05,9.940960622301978,10.010933803873042,9.88773946833967,9.996097756228806,75416
2014-09-08,9.996097756228806,10.579374197379481,9.96198474993921,10.543102423920033,50000
2014-09-09,10.543102423920033,10.834696916685589,10.476479394394547,10.814174643599644,50000
2014-09-10,10.814174643599644,11.108582082240464,10.66103654741141,11.08651165031014,50000
2014-09-11,11.08651165031014,11.144242243807028,10.993835115481009,11.020810612446661,50000
2014-09-12,11.020810612446661,11.531959644327793,10.992256049071782,11.508752353206887,50000
2014-09-15,11.508752353206887,11.958056403142127,11.447584966432494,11.939612706808509,50000
2014-09-16,11.939612706808509,12.107007462327024,11.728256508516827,11.766795200395425,50000
2014-09-17,11.766795200395425,12.187067422271497,11.734466186828472,12.104293755762937,51484
2014-09-18,12.104293755762937,12.368779063026007,12.016878797588777,12.336776079528871,89209
2014-09-19,12.336776079528871,12.45354710208664,12.145239747100629,12.172742955989795,50000
2014-09-22,12.172742955989795,12.20492361225014,12.026754437072432,12.125567283201867,50000
2014-09-23,12.125567283201867,12.19290921776725,11.985162583453889,12.03662852114814,50000
2014-09-24,12.03662852114814,12.115571395379018,11.862155162761152,11.946304847866068,50000
2014-09-25,11.946304847866068,12.071013646546206,11.897840823542046,11.961221863620192,50000
2014-09-26,11.961221863620192,11.994718008708587,11.650313704777131,11.654852692241208,50000
2014-09-29,11.654852692241208,11.672839865516055,11.57349911806004,11.588087693993131,163921
2014-09-30,11.588087693993131,11.978391272565446,11.438516445424598,11.907334314479186,52008
2014-10-01,11.907334314479186,11.929852850998644,11.711838586649232,11.758913667341318,50000
2014-10-02,11.758913667341318,12.15380331414211,11.646702512817905,12.122164376736707,108455
2014-10-03,12.122164376736707,12.592126706902532,12.106834984927188,12.45255869846423,50000
2014-10-06,12.45255869846423,12.508717359405725,12.241304839716408,12.254062350605734,108697
2014-10-07,12.254062350605734,12.79579556855489,12.233599838166219,12.754401936092325,50000
2014-10-08,12.754401936092325,12.801345470093045,12.295948487749305,12.297619687216587,50000
2014-10-09,12.297619687216587,12.669845728740706,12.289743960203674,12.6200699829446,230810
2014-10-10,12.6200699829446,12.785443429493347,12.43809685641976,12.773247824764695,50000
2014-10-13,12.773247824764695,12.907820471660843,12.172689492617506,12.288109057455083,50000
2014-10-14,12.288109057455083,12.311353303441038,11.87695917284766,11.972040583476494,50000
2014-10-15,11.972040583476494,11.977166231655183,11.31449775727321,11.360672021874748,50000
2014-10-16,11.360672021874748,11.397965574056384,11.110751891171464,11.183790717557697,50000
2014-10-17,11.183790717557697,11.519259981687762,11.18041693952465,11.452473863653399,92788
2014-10-20,11.452473863653399,11.97651405137873,11.360172158610453,11.954517527567658,50000
2014-10-21,11.954517527567658,11.984356939275916,11.483779957452573,11.560246321929744,50000
2014-10-22,11.560246321929744,11.569121201133525,11.365816442662455,11.396585941488452,50000
2014-10-23,11.396585941488452,11.40423147084467,10.923139693313194,10.951470297142368,63339
2014-10-24,10.951470297142368,10.996028824468103,10.5624679943016,10.569525829887981,50000
2014-10-27,10.569525829887981,10.609704585015754,10.455807782105161,10.552821517588582,70972
2014-10-28,10.552821517588582,10.608780695939327,9.969822675670295,10.012593502417523,50000
2014-10-29,10.012593502417523,10.489284797815253,10.01013337003965,10.443793583705888,50000
2014-10-30,10.443793583705888,10.721879368703405,10.389321451969144,10.62308959927803,50000
2014-10-31,10.62308959927803,10.684916907431868,10.549706670781381,10.602743003639093,50000
2014-11-03,10.602743003639093,10.753956749479642,10.458448893013344,10.45906602033251,52535
2014-11-04,10.45906602033251,10.653987551620247,10.34031396165039,10.613890595008929,50000
2014-11-05,10.613890595008929,10.70183104915588,10.570223829803705,10.698747300476626,51557
2014-11-06,10.698747300476626,10.77759915868053,10.560698500203753,10.775428549779868,50000
2014-11-07,10.775428549779868,10.84858848883587,10.563998613489161,10.600437903703451,50000
2014-11-10,10.600437903703451,10.830204198202244,10.521994693712793,10.802050962865128,50000
2014-11-11,10.802050962865128,11.02870802026588,10.67559862684489,11.010130629504985,145773
2014-11-12,11.010130629504985,11.111653778285886,10.981091402869412,11.105294615147294,51004
2014-11-13,11.105294615147294,11.410629089427553,11.047030699138693,11.341074907243,50000
2014-11-14,11.341074907243,11.800246342784959,11.297419139958905,11.758207730344454,50000
2014-11-17,11.758207730344454,12.268139704486483,11.734051137188397,12.21850976073326,50000
2014-11-18,12.21850976073326,12.267879724205867,12.034636158200154,12.085362672194865,96846
2014-11-19,12.085362672194865,12.104801706447397,11.828622349660915,11.884121528268983,50000
2014-11-20,11.884121528268983,11.930376305483202,11.38563892665666,11.524718129537973,50000
2014-11-21,11.524718129537973,11.573794928060005,11.345684940386889,11.383977359449787,54665
2014-11-24,11.383977359449787,11.723188276004391,11.31565808821441,11.685208379745017,50000
2014-11-25,11.685208379745017,11.832414282110843,11.635325863938316,11.772772165852912,50170
2014-11-26,11.772772165852912,11.947843258538539,11.696383042833311,11.81996577679405,92021
2014-11-27,11.81996577679405,12.030929470628529,11.772805053543292,11.905044806888196,50000
2014-11-28,11.905044806888196,12.227887775141562,11.807418036089695,12.19322518771258,50000
2014-12-01,12.19322518771258,12.269429747360437,11.53893686595551,11.61067954899069,50000
2014-12-02,11.61067954899069,11.649305981746013,11.118607871156696,11.139287353523496,50000
2014-12-03,11.139287353523496,11.460163261566118,11.10896791547059,11.418992056816993,50000
2014-12-04,11.418992056816993,11.759912042231015,11.348686924987259,11.719617809879148,93026
2014-12-05,11.719617809879148,11.906239300704089,11.655720446905306,11.800112438408778,50000
2014-12-08,11.800112438408778,11.839513285273643,11.75690713160205,11.810892197634395,106546
2014-12-09,11.810892197634395,11.87266252703397,11.722952784851318,11.86609884328043,71880
2014-12-10,11.86609884328043,12.156091948299267,11.818962577344179,12.095643628493852,50000
2014-12-11,12.095643628493852,12.147928145802235,12.022698964768777,12.132661555563956,55987
2014-12-12,12.132661555563956,12.148673546109078,12.038977516363957,12.129191885576608,50000
2014-12-15,12.129191885576608,12.18092566534068,11.707078233941084,11.743582613142065,50000
2014-12-16,11.743582613142065,11.819087920342964,11.622329966923159,11.624333088180864,50000
2014-12-17,11.624333088180864,11.738018010137777,11.287373731342129,11.340493585027625,51937
2014-12-18,11.340493585027625,11.490947784831693,11.28936724517945,11.436204565873275,51569
2014-12-19,11.436204565873275,11.723226020039183,11.398714616476747,11.702988361517274,50000
2014-12-22,11.702988361517274,11.75706940773568,11.20542171557618,11.324314893886502,58342
2014-12-23,11.324314893886502,11.379010883675008,11.05510238966026,11.157861588118376,50000
2014-12-24,11.157861588118376,11.250920062617748,10.826059587519815,10.963079689299999,50000
2014-12-25,10.963079689299999,11.105015518321046,10.279176050916135,10.356127864512867,50000
2014-12-26,10.356127864512867,10.3930469993776,10.343802147889194,10.361059124597388,50000
2014-12-29,10.361059124597388,10.3730721763598,9.937493262948342,9.986863681040308,84552
2014-12-30,9.986863681040308,10.281485136868204,9.973083979541274,10.148618667322282,50000
2014-12-31,10.148618667322282,10.579321176277848,10.143040184079407,10.550848240931298,50000
2015-01-01,10.550848240931298,10.742049006500123,10.520726859327114,10.738991684457503,50000
2015-01-02,10.738991684457503,10.831419929577407,10.003500825646135,10.110800580761893,71594
2015-01-05,10.110800580761893,10.142542408969797,9.976971139539529,9.981942118411178,50000
2015-01-06,9.981942118411178,10.384623676811382,9.823686139293839,10.33146615839086,50000
2015-01-07,10.33146615839086,10.395291793159453,9.59019326731977,9.59623384318075,50000
2015-01-08,9.59623384318075,9.670890735752469,9.56758817561833,9.637779511834136,50000
2015-01-09,9.637779511834136,9.658589879183609,9.431622479767082,9.436248798390128,50000
2015-01-12,9.436248798390128,9.703497750611506,9.374580419235375,9.689242790506546,50000
2015-01-13,9.689242790506546,9.796115877391255,9.275162633020201,9.352280033730962,50000
2015-01-14,9.352280033730962,9.59594715426165,9.349232325841532,9.518041677247277,50000
2015-01-15,9.518041677247277,10.021552557423467,9.489322441120297,9.940143937179652,66741
2015-01-16,9.940143937179652,10.427130469861254,9.871851612372955,10.288269856282772,63174
2015-01-19,10.288269856282772,10.531808974041382,10.235322235749818,10.42005442938655,50000
2015-01-20,10.42005442938655,10.494118932070203,10.386466108951046,10.475540362314815,50000
2015-01-21,10.475540362314815,10.529518085758287,9.840789547020202,9.966673557262009,136015
2015-01-22,9.966673557262009,10.227445537986517,9.954598432167234,10.22586174674314,50000
2015-01-23,10.22586174674314,10.271795301936791,9.829008663445963,9.878878937682979,50000
2015-01-26,9.878878937682979,9.955111716504684,9.534411404804487,9.592994508466862,120482
2015-01-27,9.592994508466862,9.622277331456017,9.45921362420185,9.532529561754268,50000
2015-01-28,9.532529561754268,9.662438864722853,9.081318888051918,9.120585239112081,50000
2015-01-29,9.120585239112081,9.515777153298288,9.081777965895679,9.490165176270722,85989
2015-01-30,9.490165176270722,9.751114228929959,9.472351839580218,9.74609895191983,146703
2015-02-02,9.74609895191983,9.87358375200827,9.745567672773953,9.763623821550675,158339
2015-02-03,9.763623821550675,9.792511406042863,9.298082691218307,9.328873426061358,50000
2015-02-04,9.328873426061358,9.355161072545526,9.117884000875788,9.15155894740079,50000
2015-02-05,9.15155894740079,9.478405101334792,9.130133207825216,9.466671503572128,69062
2015-02-06,9.466671503572128,9.470749016271117,8.748142984312931,8.79139491135373,85115
2015-02-09,8.79139491135373,8.823509002081366,8.688403052265594,8.796642630949103,51367
2015-02-10,8.796642630949103,8.926995783275304,8.710751003618684,8.909582129725539,114159
2015-02-11,8.909582129725539,9.009658287508646,8.840692053429693,8.84799152341033,50000
2015-02-12,8.84799152341033,8.932367468166936,8.636669703133162,8.737719735871302,190916
2015-02-13,8.737719735871302,9.116791604209089,8.679275543286062,9.033564101658248,50000
2015-02-16,9.033564101658248,9.511926465516066,9.03263414383856,9.41220918897379,100141
2015-02-17,9.41220918897379,9.492547595264242,9.368376418340175,9.4603424280061,50000
2015-02-18,9.4603424280061,10.136189485112022,9.411628004365584,10.119932163676278,50000
2015-02-19,10.119932163676278,10.15877464776683,9.906788006603941,10.036255672712109,50000
2015-02-20,10.036255672712109,10.067495758001288,9.554147672483767,9.588224625056904,50000
2015-02-23,9.588224625056904,9.919451307979605,9.554058935020489,9.911588682247826,71077
2015-02-24,9.911588682247826,10.16423116365344,9.879817176776818,10.062088236678546,50000
2015-02-25,10.062088236678546,10.12228453950239,9.964052645283012,10.031032140347588,50000
2015-02-26,10.031032140347588,10.077471703952334,9.930023912374416,9.935555283917415,50000
2015-02-27,9.935555283917415,10.574819041573935,9.879556426543454,10.533392987211776,50000
2015-03-02,10.533392987211776,10.882407352525444,10.502078320784882,10.831445053396678,50000
2015-03-03,10.831445053396678,10.873144405738467,10.371312800858362,10.449260029501895,50000
2015-03-04,10.449260029501895,10.492885452114031,10.283360408308399,10.325755073811981,50000
2015-03-05,10.325755073811981,10.356024525722658,10.188384784747802,10.196938655838059,50000
2015-03-06,10.196938655838059,10.21760323738154,10.08635445802144,10.140966522098156,137076
2015-03-09,10.140966522098156,10.378534365701908,10.104501846417326,10.336099788892296,80122
2015-03-10,10.336099788892296,10.352974757564409,10.155969286871953,10.202803542197392,50000
2015-03-11,10.202803542197392,10.348709798525109,10.099647024075914,10.345384042699266,58584
2015-03-12,10.345384042699266,10.944611153339133,10.299466886168762,10.862650071119727,70281
2015-03-13,10.862650071119727,11.284996668041723,10.762754494765908,11.18719452472291,57843
2015-03-16,11.18719452472291,11.318097751541341,11.088982073899647,11.241142381865684,50000
2015-03-17,11.241142381865684,11.421067737863497,10.827515005988657,10.92221085825683,87744
2015-03-18,10.92221085825683,11.150872495604167,10.89319898764341,10.993452374768902,155226
2015-03-19,10.993452374768902,11.144712414532846,10.990175381498707,11.098376368478963,50000
2015-03-20,11.098376368478963,11.112997287374654,10.922976320979359,10.980956448759684,50000
2015-03-23,10.980956448759684,11.37509930629475,10.96233784450626,11.323753273138593,50000
2015-03-24,11.323753273138593,11.323770592505337,10.883606899573273,10.937477995196753,110311
2015-03-25,10.937477995196753,11.268784269791512,10.915613897139641,11.235249304650619,50000
2015-03-26,11.235249304650619,11.335107277180455,11.165981536408417,11.2353298334341,50000
2015-03-27,11.2353298334341,11.508779719725496,11.16102100840196,11.35039328229988,51040
2015-03-30,11.35039328229988,11.461897154715306,11.029570050167218,11.037244565696358,115308
2015-03-31,11.037244565696358,11.20245599285451,11.034545244638688,11.08791394325733,50000
2015-04-01,11.08791394325733,11.544306159191034,11.076585411681577,11.476467526149671,50000
2015-04-02,11.476467526149671,11.56738155648048,11.354436837748539,11.379514349089563,216463
2015-04-03,11.379514349089563,11.43065333607763,10.922122124712303,10.96437480059343,50000
2015-04-06,10.96437480059343,11.210726968564504,10.856635078783915,11.208719750142595,89905
2015-04-07,11.208719750142595,11.372349238195927,11.111328273183805,11.129701072111835,50000
2015-04-08,11.129701072111835,11.214112352192261,10.75007743170474,10.751395724745368,50000
2015-04-09,10.751395724745368,10.979857726901727,10.740765143174219,10.961961194103866,57173
2015-04-10,10.961961194103866,11.357787953593885,10.918124812492746,11.326186132908097,50000
2015-04-13,11.326186132908097,11.338559885281223,11.317846520610491,11.338029274674884,50000
2015-04-14,11.338029274674884,11.538142458605176,11.24660002457528,11.500142513660059,91539
2015-04-15,11.500142513660059,11.66455859137819,11.4377599018608,11.592907122066913,50000
2015-04-16,11.592907122066913,11.749465221672896,11.51094883402045,11.640809156670086,50000
2015-04-17,11.640809156670086,11.948419712438819,11.576989707464,11.947210659914282,64732
2015-04-20,11.947210659914282,12.026539702224882,11.71218934585211,11.77839156041652,59598
2015-04-21,11.77839156041652,11.783229640588974,11.592051477606184,11.606946318809612,50000
2015-04-22,11.606946318809612,11.610960876328996,11.405005933539822,11.467859647552931,84817
2015-04-23,11.467859647552931,11.577227189120695,11.008051773671072,11.118953388386654,80648
2015-04-24,11.118953388386654,11.131906614601013,11.027681644608023,11.096966161055757,50848
2015-04-27,11.096966161055757,11.736285917635092,11.083352047178865,11.684467675907413,50000
2015-04-28,11.684467675907413,11.714227031287825,11.284327907981936,11.392384824421486,54066
2015-04-29,11.392384824421486,11.577959611087387,11.329729426959393,11.494066522505664,50000
2015-04-30,11.494066522505664,11.53400778417422,11.445532469338785,11.456511214901841,50000
2015-05-01,11.456511214901841,11.559504614155461,11.379583412251518,11.474967921458854,50000
2015-05-04,11.474967921458854,11.590913355564966,11.408308665121538,11.540108716284722,50000
2015-05-05,11.540108716284722,11.549510308620201,11.505516324647154,11.544956284693077,50000
2015-05-06,11.544956284693077,12.131392449966546,11.502074234568283,12.111035983782207,50000
2015-05-07,12.111035983782207,12.227358687566937,11.646961697156568,11.800299820466464,50000
2015-05-08,11.800299820466464,12.455610077730874,11.768234860732061,12.384004347748858,50000
2015-05-11,12.384004347748858,12.710853132874396,12.311685344218725,12.707288571385025,50000
2015-05-12,12.707288571385025,12.804522159487394,12.486847383295999,12.509123047844136,50000
2015-05-13,12.509123047844136,12.8492250108836,12.501768591504872,12.81284552725508,50000
2015-05-14,12.81284552725508,12.883758146906137,12.66923285092398,12.669682001414303,50000
2015-05-15,12.669682001414303,12.706878557979943,12.639129739562962,12.658799739768554,50000
2015-05-18,12.658799739768554,12.715718016618755,12.428080391343007,12.498972018049825,50000
2015-05-19,12.498972018049825,12.653852960919306,12.485436981971866,12.630620313718563,58525
2015-05-20,12.630620313718563,12.748910517756041,12.411994159508234,12.421059218409514,50000
2015-05-21,12.421059218409514,12.450042556521192,12.221421279332235,12.224377826144547,50000
2015-05-22,12.224377826144547,12.716449543116733,12.135474056683012,12.670802772690584,50000
2015-05-25,12.670802772690584,12.724588720961659,12.479057750896217,12.509965257152114,50000
2015-05-26,12.509965257152114,12.826789499050054,12.323070591734245,12.742941546696168,50000
2015-05-27,12.742941546696168,12.975712169270352,12.701777009441825,12.867964253387399,85817
2015-05-28,12.867964253387399,13.053618839989248,12.850081887705661,12.998268152186984,50000
2015-05-29,12.998268152186984,13.087450491355186,12.59675534230166,12.675642191707944,58668
2015-06-01,12.675642191707944,13.544532939945572,12.58824142234316,13.541687519156747,60222
2015-06-02,13.541687519156747,13.634219509598141,13.154425217351369,13.206566912312589,69736
2015-06-03,13.206566912312589,13.684707112651937,13.180468422292067,13.628448132322756,50000
2015-06-04,13.628448132322756,13.971386963873584,13.578519558667296,13.958435501039641,50000
2015-06-05,13.958435501039641,13.97953649589263,13.690125432932412,13.7666569890363,50000
2015-06-08,13.7666569890363,14.53693243847495,13.600856234974447,14.492475404288781,50000
2015-06-09,14.492475404288781,14.72414118018103,14.442113125328857,14.65961565663972,50000
2015-06-10,14.65961565663972,15.128778539497313,14.644515361726482,14.966479352258906,50000
2015-06-11,14.966479352258906,15.140348117159176,14.805689322609354,15.016386497500848,50000
2015-06-12,15.016386497500848,15.24176605700654,14.98976893870058,15.077944968779512,81800
2015-06-15,15.077944968779512,15.209150434854307,14.936126511857248,14.950934302090097,62744
2015-06-16,14.950934302090097,15.134720555092706,14.797295367306837,15.074081146500403,50000
2015-06-17,15.074081146500403,15.580838018929088,14.972689780976102,15.46472954197878,50000
2015-06-18,15.46472954197878,15.709552973277265,15.44243912149128,15.705439558820245,50000
2015-06-19,15.705439558820245,15.763968991536672,15.44170605458343,15.503331339578592,50000
2015-06-22,15.503331339578592,15.677340788651819,15.457152193980837,15.647510230281476,51193
2015-06-23,15.647510230281476,16.079531901827814,15.578552403105435,16.018182147714505,50000
2015-06-24,16.018182147714505,16.355963060864216,15.964500859353768,16.18808899239685,50000
2015-06-25,16.18808899239685,16.216370000858863,15.986016599072286,16.049468957945308,50000
2015-06-26,16.049468957945308,16.19707222988007,15.81623728385577,15.956036698475192,50000
2015-06-29,15.956036698475192,15.99562784405629,15.63543841049849,15.764882723671484,50115
2015-06-30,15.764882723671484,15.777701948741402,15.586629195768303,15.647943481375389,50000
2015-07-01,15.647943481375389,15.662697141636071,15.275700655218294,15.340828663159513,50000
2015-07-02,15.340828663159513,15.361639989895481,15.1617125792865,15.19235137811743,50000
2015-07-03,15.19235137811743,15.250165705186912,14.822357095732265,14.942300345112486,50000
2015-07-06,14.942300345112486,15.09845665505656,14.936400239031482,14.946808943340756,55419
2015-07-07,14.946808943340756,15.043657986671143,14.150831455140555,14.209104163216649,50000
2015-07-08,14.209104163216649,14.308591618244444,13.905862205179943,13.92680777682873,50000
2015-07-09,13.92680777682873,14.2902813896301,13.850703015611305,14.247037224090585,59418
2015-07-10,14.247037224090585,14.419413821716578,14.095261423179124,14.172814957727136,50000
2015-07-13,14.172814957727136,14.438428458297341,13.989937198128672,14.306488745408544,50000
2015-07-14,14.306488745408544,14.322813263146305,14.058292553259502,14.06215945172719,50000
2015-07-15,14.06215945172719,14.327461493761325,14.037461977208286,14.233579700440155,50000
2015-07-16,14.233579700440155,14.365236243743556,14.038045262183077,14.174018717416013,57696
2015-07-17,14.174018717416013,14.600712972823917,14.152223955571486,14.50992430400729,82205
2015-07-20,14.50992430400729,15.08789883734555,14.466518062906452,14.991949223797574,50000
2015-07-21,14.991949223797574,15.574005525182265,14.956219871542235,15.499248601516554,56069
2015-07-22,15.499248601516554,15.886314295795957,15.499217846314156,15.732255001094314,76007
2015-07-23,15.732255001094314,15.885821407120336,14.989716703833336,15.34306594037581,50000
2015-07-24,15.34306594037581,15.431100744067905,15.072484268326356,15.33143886927411,50000
2015-07-27,15.33143886927411,15.650954889642952,15.298691738383953,15.491665348172331,50000
2015-07-28,15.491665348172331,15.672692266588037,15.417777504721164,15.58559269795433,50000
2015-07-29,15.58559269795433,15.618831860116389,15.401334624679636,15.501782317981919,50000
2015-07-30,15.501782317981919,15.79090982130762,15.492824153039233,15.786217539860724,50000
2015-07-31,15.786217539860724,16.02214182527548,15.422894451451604,15.448100143735102,112739
2015-08-03,15.448100143735102,16.44083781045751,15.409915573277216,16.364408685455572,50000
2015-08-04,16.364408685455572,16.580435885591825,16.287380955436277,16.563061176774127,50000
2015-08-05,16.563061176774127,17.08616459839135,16.541716297975757,17.074186339701484,50958
2015-08-06,17.074186339701484,17.100197843358668,17.032731618367926,17.075960641176795,56481
2015-08-07,17.075960641176795,17.30094256549583,16.83705148265936,17.293515134950546,54500
2015-08-10,17.293515134950546,17.346968520591147,16.77814088128238,16.790541249480334,60726
2015-08-11,16.790541249480334,16.859349597047448,16.751617339111604,16.854390438332697,156088
2015-08-12,16.854390438332697,16.89352259701984,16.55003543845657,16.694422964393926,61139
2015-08-13,16.694422964393926,17.051162421249458,16.615843610547067,17.01137077786252,50000
2015-08-14,17.01137077786252,17.19270702867211,16.89250684079136,17.141770478775168,54262
2015-08-17,17.141770478775168,17.184094252108487,16.640646973522912,16.695185692852448,58741
2015-08-18,16.695185692852448,16.807041532656676,16.50106712268652,16.578470631416966,89944
2015-08-19,16.578470631416966,16.595885014416584,15.877205074511185,16.00281973665148,52785
2015-08-20,16.00281973665148,16.024621174185835,15.538097493096966,15.680537220896069,53694
2015-08-21,15.680537220896069,15.792781841645612,15.667999048642177,15.704261979929878,50000
2015-08-24,15.704261979929878,16.042039677442702,15.670123562113902,15.959385304484853,50000
2015-08-25,15.959385304484853,16.095532611703835,15.913676164089468,15.997409966949762,50000
2015-08-26,15.997409966949762,16.089352922233886,15.486832004429806,15.587302809207364,50000
2015-08-27,15.587302809207364,15.802613985678075,15.519767795306372,15.78972188236233,50000
2015-08-28,15.78972188236233,15.918309306401966,15.68494864079017,15.900146596887923,50000
2015-08-31,15.900146596887923,16.614537518358485,15.841022858908989,16.48606736025816,50000
2015-09-01,16.48606736025816,16.501678970144955,16.02420070001357,16.03683979556979,62801
2015-09-02,16.03683979556979,16.15474880385692,15.320591450477412,15.449429838074762,50000
2015-09-03,15.449429838074762,16.000196525703515,15.352850365045423,15.976518898528306,50000
2015-09-04,15.976518898528306,16.316055847569423,15.888819808648782,16.27215355495113,67627
2015-09-07,16.27215355495113,16.29882835561416,16.008879352978635,16.122999923249086,50000
2015-09-08,16.122999923249086,16.172435772401716,15.994320765759028,16.002342462047103,50000
2015-09-09,16.002342462047103,16.488149017537292,15.75580033142827,16.357153719149256,50000
2015-09-10,16.357153719149256,16.462315627403814,16.35600863302471,16.437072247667153,50000
2015-09-11,16.437072247667153,16.575256187632096,16.232020802065684,16.31348346877167,84432
2015-09-14,16.31348346877167,16.35656473696845,16.031608635513496,16.20719158652743,70092
2015-09-15,16.20719158652743,16.30065411019363,15.717249317022807,15.86380930699347,147858
2015-09-16,15.86380930699347,16.020461032509917,15.696146745171562,15.865744031844692,157018
2015-09-17,15.865744031844692,15.946277669785749,15.777584601562031,15.898779438410942,50000
2015-09-18,15.898779438410942,15.984955596371403,15.705265127445337,15.729483556805588,57742
2015-09-21,15.729483556805588,15.774829004568495,15.427555611120228,15.442719161272084,50000
2015-09-22,15.442719161272084,15.495500232303874,15.198788845525803,15.290717887379023,50000
2015-09-23,15.290717887379023,15.294173523211564,15.174260309808368,15.184186693871434,53511
2015-09-24,15.184186693871434,15.380816871102764,15.163481184753065,15.358851030384658,50000
2015-09-25,15.358851030384658,15.443663736657848,14.938229596803385,15.00883509847143,50000
2015-09-28,15.00883509847143,15.080054942672067,14.740949980814992,14.868141671802185,50000
2015-09-29,14.868141671802185,15.013662653435054,14.744017937156109,14.965507604768034,50000
2015-09-30,14.965507604768034,15.237617703067588,14.907974056966436,15.144833838356387,50000
2015-10-01,15.144833838356387,15.238667675989685,15.021413393733843,15.20993415267438,50000
2015-10-02,15.20993415267438,15.291796007126225,15.16577896271161,15.198515703710445,50000
2015-10-05,15.198515703710445,15.325391378735665,14.755131706829339,14.77223395167645,50000
2015-10-06,14.77223395167645,15.169155983385869,14.743501491105311,15.003189908069013,86530
2015-10-07,15.003189908069013,15.297572240638862,14.85124993897174,15.254652366600371,50000
2015-10-08,15.254652366600371,15.535594852094214,15.238929768891023,15.341079339743086,50000
2015-10-09,15.341079339743086,15.625442584321156,15.320875145786475,15.542604545721565,50000
2015-10-12,15.542604545721565,15.598263780397238,15.00162539878827,15.04671199096539,50000
2015-10-13,15.04671199096539,15.150834203200255,14.495618611899445,14.64033338414799,50000
2015-10-14,14.64033338414799,15.03047265468034,14.585061665488082,15.008903727350118,50000
2015-10-15,15.008903727350118,15.647763425991977,14.969551796212421,15.568651338754261,50000
2015-10-16,15.568651338754261,15.907001522133806,15.476103585745905,15.737102717271414,50000
2015-10-19,15.737102717271414,16.030313418204134,15.66798427039623,15.98040509441193,72456
2015-10-20,15.98040509441193,16.37354624727584,15.89985208244049,16.305785844508165,50000
2015-10-21,16.305785844508165,16.313621626641982,15.853189901592541,15.860176991142772,87619
2015-10-22,15.860176991142772,15.876230613077107,15.598706949220043,15.645039404806072,54998
2015-10-23,15.645039404806072,15.748009135311507,15.577537398783393,15.720074289668094,50000
2015-10-26,15.720074289668094,15.811693209031208,15.30841274194717,15.361079768429773,50000
2015-10-27,15.361079768429773,16.202367982128916,15.308007140117864,16.02705519570803,156623
2015-10-28,16.02705519570803,16.155311695476815,15.900289613476039,15.938490477359407,50000
2015-10-29,15.938490477359407,16.012492000095904,15.566966737013388,15.691033365237788,50000
2015-10-30,15.691033365237788,15.700155455973471,15.516953751167643,15.542865507568006,59140
2015-11-02,15.542865507568006,15.61187568107708,15.054143236045,15.103201127669507,50000
2015-11-03,15.103201127669507,15.214950783202818,14.753973157786968,14.850908010688045,50000
2015-11-04,14.850908010688045,14.922415226484802,14.657513735628179,14.687046596266757,50000
2015-11-05,14.687046596266757,14.828254343855908,14.62057506334714,14.737759691695846,50000
2015-11-06,14.737759691695846,14.804650278104061,14.561954728063373,14.655505939760305,80653
2015-11-09,14.655505939760305,14.852242990770822,14.566055756530277,14.828169459697227,50000
2015-11-10,14.828169459697227,14.980296305121328,14.65998611470277,14.922346125887934,50000
2015-11-11,14.922346125887934,14.93565604492051,14.32799167449652,14.508656313278395,50000
2015-11-12,14.508656313278395,14.945020927495964,14.451746715895347,14.837497349943975,50000
2015-11-13,14.837497349943975,14.922764738164545,14.759718242775522,14.84214152813512,79156
2015-11-16,14.84214152813512,14.920976905469125,14.753248341215828,14.901366352080442,50000
2015-11-17,14.901366352080442,15.474039325551667,14.889482525780272,15.446266589220052,50000
2015-11-18,15.446266589220052,15.577580491064268,15.293996072660631,15.297201372305727,58707
2015-11-19,15.297201372305727,15.84151786565301,15.275017055022502,15.825434031472586,50000
2015-11-20,15.825434031472586,16.030570890733856,15.774473387035162,15.880582356574712,50000
2015-11-23,15.880582356574712,16.078854898296136,15.714084875019095,16.007407719659174,50000
2015-11-24,16.007407719659174,16.212299627684303,15.506076221420958,15.632084815346015,50000
2015-11-25,15.632084815346015,15.727602567772518,15.18771441361524,15.236642137464301,50000
2015-11-26,15.236642137464301,15.756308196193741,15.176367140463363,15.646563732373723,81954
2015-11-27,15.646563732373723,15.74807709178975,15.420088850345655,15.488339316141232,50000
2015-11-30,15.488339316141232,15.794729306388165,15.45763153229854,15.73239497100713,78788
2015-12-01,15.73239497100713,15.898717334655906,15.653683735486194,15.754651982982741,54962
2015-12-02,15.754651982982741,15.757900546430442,15.612872776735015,15.620922881552895,50000
2015-12-03,15.620922881552895,16.069725585159183,15.532273057596676,16.006833800279978,110711
2015-12-04,16.006833800279978,16.1171039132275,15.585056561838934,15.67955299971056,50000
2015-12-07,15.67955299971056,15.699362787739641,15.135404857277234,15.13782998478095,50000
2015-12-08,15.13782998478095,15.221667110899846,15.005656138365374,15.195808497010171,50000
2015-12-09,15.195808497010171,15.527774758250516,15.173828102781423,15.488156501414744,50000
2015-12-10,15.488156501414744,15.647247236779853,15.453399942307316,15.629630449939157,50000
2015-12-11,15.629630449939157,15.778234454725979,15.314088237556568,15.397675610582015,50000
2015-12-14,15.397675610582015,15.483829158117803,15.096743088870427,15.110333002092673,266287
2015-12-15,15.110333002092673,15.138225407386308,14.729360003750513,14.777387553453094,50000
2015-12-16,14.777387553453094,14.822018099507696,14.27153026373931,14.338756585024178,50000
2015-12-17,14.338756585024178,14.465997527644866,13.870842909194476,13.90326244578338,50000
2015-12-18,13.90326244578338,13.940406131034937,13.157899937946445,13.31681870894908,50000
2015-12-21,13.31681870894908,13.339449211532756,13.104336094591668,13.10833506723128,116752
2015-12-22,13.10833506723128,13.602207601322917,13.00527248762787,13.518418494883257,50000
2015-12-23,13.518418494883257,13.616494314655801,13.48601635863763,13.583571883794695,50000
2015-12-24,13.583571883794695,13.670111457783001,13.576262785701623,13.659829031665616,50000
2015-12-25,13.659829031665616,13.662737533364266,13.297022292833168,13.364435512108017,50000
2015-12-28,13.364435512108017,13.581311365013207,13.319719516223863,13.450178842495149,50075
2015-12-29,13.450178842495149,13.646238641033827,13.331985647498412,13.587141271420633,96138
2015-12-30,13.587141271420633,13.75335944186101,13.561272457411652,13.748097807489485,112548
2015-12-31,13.748097807489485,13.92584525894388,13.650244054065512,13.885641335338764,83846
2016-01-01,13.885641335338764,13.960237325033468,13.783285732724439,13.83516406479414,50000
2016-01-04,13.83516406479414,13.908301430084702,13.347520646887409,13.38876946224029,50056
2016-01-05,13.38876946224029,13.657438700915385,13.32803153994245,13.528780185108836,80046
2016-01-06,13.528780185108836,13.77081804320315,13.439061372848869,13.703006925167031,50000
2016-01-07,13.703006925167031,13.899939553754932,13.262907705747859,13.26947629841502,50000
2016-01-08,13.26947629841502,13.733619159323812,13.225536138566197,13.574765091945016,50000
2016-01-11,13.574765091945016,13.581955309527165,13.16890666713456,13.382780939510381,63596
2016-01-12,13.382780939510381,13.678047378547536,13.313013914548957,13.609698139576178,50000
2016-01-13,13.609698139576178,13.775788051250053,13.58592737857143,13.770992363645881,50000
2016-01-14,13.770992363645881,13.829055985467033,13.241171602338918,13.359343859338416,50000
2016-01-15,13.359343859338416,13.375226731594054,12.781218452554496,12.938833429219004,50000
2016-01-18,12.938833429219004,13.015085933339206,12.871082928667668,12.97717956382888,50000
2016-01-19,12.97717956382888,13.331442321429146,12.915958976773721,13.28008515649934,50000
2016-01-20,13.28008515649934,13.443299070260384,12.690734619110376,12.705950205660136,50000
2016-01-21,12.705950205660136,13.050346975768855,12.655692089506273,12.910221911046394,53350
2016-01-22,12.910221911046394,13.34079747188105,12.867431001543764,13.254598491666513,169249
2016-01-25,13.254598491666513,13.278851578066279,13.105619882362124,13.226275577072968,86606
2016-01-26,13.226275577072968,13.607250911395493,13.177070606730151,13.41431626839792,50000
2016-01-27,13.41431626839792,13.54401797535916,13.181491594044564,13.442170393558811,50000
2016-01-28,13.442170393558811,13.684302077403157,13.364870644530615,13.584510075041402,81061
2016-01-29,13.584510075041402,13.610323216867064,13.427121644358357,13.456224048491071,79169
2016-02-01,13.456224048491071,13.53149879883548,13.177697913419259,13.313005205501401,50000
2016-02-02,13.313005205501401,13.564444648314495,13.230698112856546,13.563797092412456,50000
2016-02-03,13.563797092412456,13.703757971426418,13.381106273526562,13.384429107026012,50000
2016-02-04,13.384429107026012,13.40730649934725,13.12809392118514,13.13410305036428,50000
2016-02-05,13.13410305036428,13.22787212642426,12.75756063325449,12.819936904633218,50000
2016-02-08,12.819936904633218,12.861418147887402,12.155220243172788,12.263600847798457,50000
2016-02-09,12.263600847798457,12.498346336935612,12.23178036358507,12.475870078949574,59445
2016-02-10,12.475870078949574,12.494770857428156,11.93875511825633,11.976122349842917,50513
2016-02-11,11.976122349842917,12.060763472777587,11.789812863525484,11.815906249822913,92279
2016-02-12,11.815906249822913,11.84116752368615,11.74454808129502,11.772406754079647,50000
2016-02-15,11.772406754079647,11.787647047079128,11.655179678813113,11.659744477061848,50000
2016-02-16,11.659744477061848,11.753829116381791,11.370779559588561,11.492407500166236,50000
2016-02-17,11.492407500166236,11.831711361443938,11.486976197592297,11.821975777663871,194027
2016-02-18,11.821975777663871,11.898775599979665,11.70745558284236,11.735592550201892,50000
2016-02-19,11.735592550201892,11.867129541900772,11.428094687483098,11.468281834805365,89881
2016-02-22,11.468281834805365,11.915450287294115,11.430320583421533,11.874819106236645,50000
2016-02-23,11.874819106236645,12.198682430243657,11.844404516099043,12.149170706631402,50000
2016-02-24,12.149170706631402,12.335836737232961,11.617264384889484,11.641610094634105,50000
2016-02-25,11.641610094634105,11.669749678665145,11.466007729539172,11.476150796862782,64997
2016-02-26,11.476150796862782,12.053055230771559,11.472223767691577,12.029955021192777,50000
2016-02-29,12.029955021192777,12.780932336265812,12.018292725934922,12.762214843017878,67709
2016-03-01,12.762214843017878,12.942912230568918,12.671870712262812,12.938211491271998,50000
2016-03-02,12.938211491271998,12.954839264554884,12.860874861017008,12.88559926347528,97224
2016-03-03,12.88559926347528,13.030796111947879,12.855161672996994,12.913876504984307,50000
2016-03-04,12.913876504984307,13.098212289983929,12.859094560743474,13.079915406194672,50000
2016-03-07,13.079915406194672,13.080776183836452,12.723816654167255,12.814932324925518,50000
2016-03-08,12.814932324925518,12.966012102234998,12.764140869628763,12.883547387714076,50000
2016-03-09,12.883547387714076,12.929181872216985,12.783177575713047,12.792351374776874,50000
2016-03-10,12.792351374776874,12.865999374038488,12.719211582862114,12.85382303656838,50000
2016-03-11,12.85382303656838,13.39052622200972,12.84452832603283,13.38437827415519,50000
2016-03-14,13.38437827415519,14.26323430775407,13.377428399968458,14.179192732693332,73765
2016-03-15,14.179192732693332,14.191327835608956,13.802999218217767,13.84664047252137,50000
2016-03-16,13.84664047252137,13.89615477361053,13.78538929179884,13.832948701875017,50000
2016-03-17,13.832948701875017,14.212052589161939,13.717892890116838,14.06675437892066,60697
2016-03-18,14.06675437892066,14.469687485167801,14.017497842417855,14.40495141692162,50000
2016-03-21,14.40495141692162,15.100675948654702,14.272848041482948,15.030008305117658,50000
2016-03-22,15.030008305117658,15.395148278356057,14.975830498775004,15.327408954187382,50000
2016-03-23,15.327408954187382,15.459162838427329,15.296731518810802,15.325888139881458,96007
2016-03-24,15.325888139881458,15.850992959016692,15.312509874876485,15.761573154747625,50000
2016-03-25,15.761573154747625,15.920576402591072,15.634511949543922,15.85049616277399,51403
2016-03-28,15.85049616277399,15.909076066338539,15.4202608860103,15.513396799700736,85647
2016-03-29,15.513396799700736,16.006993265573293,15.502331541548157,15.953614203669924,84877
2016-03-30,15.953614203669924,16.119039891852125,15.875316781289307,16.01445174917066,50000
2016-03-31,16.01445174917066,16.613870390933428,15.870042391027448,16.579713516958346,50000
2016-04-01,16.579713516958346,16.6367204182126,15.794325670247988,15.799908597146688,50000
2016-04-04,15.799908597146688,15.886004734118572,15.231231962110424,15.244547161879742,126358
2016-04-05,15.244547161879742,15.254485612568793,15.055730931082701,15.175544390675332,103219
2016-04-06,15.175544390675332,15.22190912106895,14.819869537976242,14.915464746022144,60441
2016-04-07,14.915464746022144,14.929213166488633,14.633326986064674,14.74495047793751,50000
2016-04-08,14.74495047793751,15.189129678427761,14.718058239109183,15.150985110019992,51742
2016-04-11,15.150985110019992,15.216096671959468,14.532121648306108,14.66132423983796,50000
2016-04-12,14.66132423983796,14.971392296337413,14.560638988824643,14.929629158842532,50000
2016-04-13,14.929629158842532,15.013264291072295,14.46414450744311,14.59798547939477,84100
2016-04-14,14.59798547939477,14.736148792440924,14.548744674050022,14.70338583388324,50000
2016-04-15,14.70338583388324,14.739910447631704,14.588440788783194,14.595121041045383,50000
2016-04-18,14.595121041045383,14.673005476198824,14.357265175458123,14.511099070290381,76884
2016-04-19,14.511099070290381,14.590530803101569,13.572614433513563,13.653793492759235,50000
2016-04-20,13.653793492759235,13.829767839830849,13.592389388640076,13.817004010980774,88355
2016-04-21,13.817004010980774,13.866652720054551,13.661627792441731,13.676428481510717,50000
2016-04-22,13.676428481510717,13.934184719099873,13.601420145881848,13.805632242025627,50000
2016-04-25,13.805632242025627,14.002761556837804,13.713639431414387,13.918604792932523,50000
2016-04-26,13.918604792932523,14.00359913156227,13.81798527809242,13.962828586116865,50000
2016-04-27,13.962828586116865,14.022064871657447,13.786434045972312,13.8013548616334,65696
2016-04-28,13.8013548616334,13.94166886279676,13.505781593626626,13.529369317890309,50000
2016-04-29,13.529369317890309,13.989916483849703,13.478095506367977,13.955457445966953,50920
2016-05-02,13.955457445966953,14.382422359849318,13.947329310256576,14.29072031463714,222341
2016-05-03,14.29072031463714,14.6300655851375,14.186642574639034,14.557688719255628,111841
2016-05-04,14.557688719255628,14.675488266592911,14.364783559074793,14.397638024032789,50000
2016-05-05,14.397638024032789,14.671553170973285,14.373003168704203,14.54897029410258,120835
2016-05-06,14.54897029410258,14.58120036926374,13.907187622564306,13.927638698685241,50000
2016-05-09,13.927638698685241,14.143883114391345,13.856618203506782,13.90551871565841,50000
2016-05-10,13.90551871565841,13.99351966485409,13.140927436420313,13.18744185267591,57726
2016-05-11,13.18744185267591,13.256865926388008,13.068798492681895,13.175775667301716,50000
2016-05-12,13.175775667301716,13.496476119761812,13.166497255063728,13.36647550726164,50000
2016-05-13,13.36647550726164,13.423429165206063,13.224712676869304,13.382982792740249,50000
2016-05-16,13.382982792740249,13.470952807274031,12.769184576561114,12.769835743856662,50000
2016-05-17,12.769835743856662,12.799541899720273,12.754908362106582,12.796525422048065,50000
2016-05-18,12.796525422048065,13.30509669188865,12.791167708105483,13.296647943139655,50000
2016-05-19,13.296647943139655,13.826725442105639,13.182324713661531,13.7887046588424,50000
2016-05-20,13.7887046588424,13.90942594291365,13.745398059686867,13.801188648135701,50000
2016-05-23,13.801188648135701,13.920062745839289,13.517092880900652,13.52140614713073,50000
2016-05-24,13.52140614713073,13.71628015055168,13.468830047639928,13.710119623235293,50000
2016-05-25,13.710119623235293,13.944966669371505,13.701467355692564,13.871664580884708,50000
2016-05-26,13.871664580884708,13.871687102401765,13.276769493590562,13.443303217565603,68107
2016-05-27,13.443303217565603,13.519223390407706,13.404904337827654,13.492818957208387,50000
2016-05-30,13.492818957208387,13.568338449688456,12.960658210327562,13.005282459595128,50000
2016-05-31,13.005282459595128,13.232746178319097,12.96509812317814,13.167167372729743,50000
2016-06-01,13.167167372729743,13.487132394512477,13.144878215524313,13.229767944638443,50000
2016-06-02,13.229767944638443,13.271872453478743,13.113897046793678,13.129410080131095,50000
2016-06-03,13.129410080131095,13.164329539405834,12.762990026969057,12.836314751775292,50000
2016-06-06,12.836314751775292,13.183413865182366,12.827270332415118,13.11120773847254,50000
2016-06-07,13.11120773847254,13.278346271003837,13.034846103381371,13.220278210214666,51916
2016-06-08,13.220278210214666,13.27262186973135,12.903823121526676,12.908154898169432,51456
2016-06-09,12.908154898169432,12.967961735853507,12.685019661609468,12.777794484060147,50000
2016-06-10,12.777794484060147,12.778271279859977,12.195499290494096,12.216460870613066,126035
2016-06-13,12.216460870613066,12.269466134959213,12.014831763043818,12.027973731785508,50000
2016-06-14,12.027973731785508,12.20187286195773,11.96530681705002,12.152894461002717,50000
2016-06-15,12.152894461002717,12.237023513703496,12.081086501502291,12.229851512525428,50000
2016-06-16,12.229851512525428,12.414968525816896,12.189227748290048,12.29015719227786,50000
2016-06-17,12.29015719227786,12.325859145318244,12.077904233953166,12.209928597801454,50000
2016-06-20,12.209928597801454,12.275626513324953,12.0989174918763,12.222647580841668,50000
2016-06-21,12.222647580841668,12.37602820794456,12.191660035846436,12.306712632339226,124766
2016-06-22,12.306712632339226,12.525074705569837,12.210618582459313,12.46748864826573,71054
2016-06-23,12.46748864826573,12.648044429284045,12.45488415631969,12.596913918236222,50000
2016-06-24,12.596913918236222,12.7199274999688,12.464901822726812,12.500116059644293,54324
2016-06-27,12.500116059644293,12.65453179096297,11.817380110269852,11.8803899839236,50000
2016-06-28,11.8803899839236,11.888084828276334,11.538832136693019,11.622786658322616,50000
2016-06-29,11.622786658322616,11.709603555443469,11.511870740939525,11.677816503563978,50000
2016-06-30,11.677816503563978,11.710705305152617,11.642716231178602,11.667205096007363,50000
2016-07-01,11.667205096007363,11.78634885433578,11.59799215594076,11.782745541114934,60176
2016-07-04,11.782745541114934,11.850265211134513,11.655235846398334,11.68731857161727,50000
2016-07-05,11.68731857161727,12.582386519639346,11.55729285103835,12.570221678400836,50000
2016-07-06,12.570221678400836,12.62631555097049,12.403779277197085,12.447653118916447,50000
2016-07-07,12.447653118916447,12.534773826463908,12.318363749158385,12.334718973271881,50000
2016-07-08,12.334718973271881,12.33910125807425,12.143188954040713,12.16343624973407,50000
2016-07-11,12.16343624973407,12.217057263920115,12.108675651236242,12.118326596096274,50000
2016-07-12,12.118326596096274,12.38015613723062,12.050202545216742,12.352365178240168,50000
2016-07-13,12.352365178240168,12.359962627978407,11.500070142177305,11.51440304064474,50000
2016-07-14,11.51440304064474,11.599845162239834,11.480950884360318,11.516516231707625,50000
2016-07-15,11.516516231707625,12.102438192141518,11.24079101358767,12.099682040458674,50000
2016-07-18,12.099682040458674,12.129785905397013,11.768034195690461,11.790283279388913,50000
2016-07-19,11.790283279388913,11.94053058536884,11.757613020944287,11.874685500136632,50000
2016-07-20,11.874685500136632,11.917013365487392,11.766337485616184,11.90767159863707,218323
2016-07-21,11.90767159863707,11.910772409372665,11.739801332092613,11.813035153869912,50000
2016-07-22,11.813035153869912,11.905997457096822,11.636897768574721,11.654498179832503,50000
2016-07-25,11.654498179832503,11.654738780397018,11.038127878350306,11.066062466417252,50000
2016-07-26,11.066062466417252,11.176692455440461,11.063631836454368,11.150579939438956,58847
2016-07-27,11.150579939438956,11.31402311663858,11.056976599469287,11.276886271033904,65429
2016-07-28,11.276886271033904,11.307713533957351,11.040294430373962,11.055858092271588,50000
2016-07-29,11.055858092271588,11.137911539577669,10.698450973771395,10.742946098611696,50000
2016-08-01,10.742946098611696,10.83080809315171,10.67757446732638,10.736582648724772,50000
2016-08-02,10.736582648724772,10.771378295137032,10.598154434608464,10.61230311243307,50000
2016-08-03,10.61230311243307,11.00407615655078,10.507240649734342,10.998452754169659,53220
2016-08-04,10.998452754169659,11.003633123668044,10.56059045805554,10.587715704558851,50000
2016-08-05,10.587715704558851,10.644927866625732,10.57554174824557,10.64099134288417,55596
2016-08-08,10.64099134288417,10.650062886844175,10.302919771270531,10.317540515936539,50000
2016-08-09,10.317540515936539,10.383904997306876,9.903938861323425,9.934832734278242,64791
2016-08-10,9.934832734278242,10.87935524899809,9.926970140609276,10.80145635112033,50000
2016-08-11,10.80145635112033,11.350715297764545,10.765243456653527,11.317510820275388,51661
2016-08-12,11.317510820275388,11.476622123299075,11.307430000856419,11.36980411819362,50000
2016-08-15,11.36980411819362,11.417366348912124,11.081858098721248,11.153409768171583,50000
2016-08-16,11.153409768171583,11.213776342923989,11.120657874386275,11.183544979048277,52166
2016-08-17,11.183544979048277,11.506746286649378,11.144086994052147,11.381617271541431,50000
2016-08-18,11.381617271541431,11.44943843538088,11.29469658128262,11.382296000491504,50000
2016-08-19,11.382296000491504,11.752392306765831,11.315994268783095,11.660982772377277,55101
2016-08-22,11.660982772377277,11.752587320875037,11.528141706640673,11.530261290529062,50000
2016-08-23,11.530261290529062,11.583128380931203,11.149828599432395,11.212318925674367,50000
2016-08-24,11.212318925674367,11.246781914924004,10.947150807659932,10.970976645565068,64653
2016-08-25,10.970976645565068,11.060883040387674,10.752755247945204,10.789870510327766,50000
2016-08-26,10.789870510327766,11.397812725949104,10.785017797865548,11.319046696170778,50000
2016-08-29,11.319046696170778,11.378184916541375,11.05139038555139,11.07019516240077,50000
2016-08-30,11.07019516240077,11.355405227250484,10.964130725472938,11.34304438875199,50000
2016-08-31,11.34304438875199,11.427203696025456,11.054574020776274,11.122938985902689,85745
2016-09-01,11.122938985902689,11.153137754459168,11.005958643425144,11.132580762047906,50000
2016-09-02,11.132580762047906,11.146232261572646,10.991046920821935,11.081508632498554,50000
2016-09-05,11.081508632498554,11.46405072755257,10.985410370736092,11.397257672674721,103696
2016-09-06,11.397257672674721,11.411854258892133,11.23393737779128,11.35787149318768,50000
2016-09-07,11.35787149318768,11.459138683457018,11.211268689139704,11.397050241584552,50124
2016-09-08,11.397050241584552,11.579387742603444,11.315618312328837,11.569107914955088,86538
2016-09-09,11.569107914955088,11.628885527405526,11.47987393602844,11.509760277205018,56892
2016-09-12,11.509760277205018,11.519834264709734,11.273069181268252,11.351217544375222,74620
2016-09-13,11.351217544375222,11.701387663798254,11.281320620622635,11.685820929938837,63501
2016-09-14,11.685820929938837,12.248469524577771,11.657873807665261,12.152873685241632,50000
2016-09-15,12.152873685241632,12.875056791708658,12.017383685762297,12.866395505833232,54783
2016-09-16,12.866395505833232,12.88188619582899,12.6424302328191,12.657008679049316,50000
2016-09-19,12.657008679049316,12.822935905485856,12.304042485489072,12.314793909456,54249
2016-09-20,12.314793909456,12.349255001154862,12.260146593556835,12.294010398001939,66418
2016-09-21,12.294010398001939,12.35883450284797,12.283868646482187,12.351484861045325,50000
2016-09-22,12.351484861045325,12.453341048710634,12.235418760714614,12.334052958375233,50000
2016-09-23,12.334052958375233,12.44635922547565,12.304073710577164,12.428172288014618,92915
2016-09-26,12.428172288014618,12.82482141459302,12.387434106083928,12.724719766397271,50000
2016-09-27,12.724719766397271,13.738984552707405,12.69035255779203,13.606844852722624,50000
2016-09-28,13.606844852722624,13.61078678993988,12.893065251165039,13.022334774790767,50000
2016-09-29,13.022334774790767,13.132211413302256,12.880440916713125,12.932605737903243,50000
2016-09-30,12.932605737903243,12.977037978084946,12.522564992677875,12.745744820361796,50000
2016-10-03,12.745744820361796,12.773997354742335,12.426376899571153,12.525524791894272,50000
2016-10-04,12.525524791894272,12.879694691440415,12.344653273231064,12.768615443804581,56062
2016-10-05,12.768615443804581,12.774515682661026,12.35902489374871,12.360537123517094,51241
2016-10-06,12.360537123517094,12.481094360735879,11.780471806730121,11.821198280855542,56805
2016-10-07,11.821198280855542,11.902478249481625,11.565390791311875,11.681630498943566,50000
2016-10-10,11.681630498943566,11.720640987558426,11.248917407015549,11.290429664316946,50000
2016-10-11,11.290429664316946,11.917651365718125,11.20833821860324,11.897836292822538,50000
2016-10-12,11.897836292822538,12.010882807338776,11.65816866236599,11.670516365240736,50000
2016-10-13,11.670516365240736,12.750948960543052,11.667976544190218,12.714766617746022,79493
2016-10-14,12.714766617746022,12.823269998213894,12.409667382258977,12.41329838821508,50000
2016-10-17,12.41329838821508,12.701853351905466,12.370357147644622,12.522119108080942,62318
2016-10-18,12.522119108080942,12.529859645247576,12.245803072744202,12.26915751488252,134761
2016-10-19,12.26915751488252,12.995228839068812,12.122650640609308,12.976129507821083,50000
2016-10-20,12.976129507821083,13.164456991702815,12.935983285750792,13.158119554633892,50000
2016-10-21,13.158119554633892,13.579698752513371,13.119148013969566,13.562584259694743,87576
2016-10-24,13.562584259694743,13.568024486192355,13.193697203523337,13.2860817893479,50000
2016-10-25,13.2860817893479,13.308972997652507,13.094189565757324,13.220428817809374,50000
2016-10-26,13.220428817809374,13.230334489008625,12.846137273891227,12.94588329966401,50000
2016-10-27,12.94588329966401,13.647486618072909,12.930450330497292,13.545428770759774,50000
2016-10-28,13.545428770759774,13.864260114556823,13.544246453420076,13.823957806822547,50000
2016-10-31,13.823957806822547,13.983257591800252,13.701682071642812,13.91338562559739,84301
2016-11-01,13.91338562559739,13.946621123974008,13.172951700890996,13.321497909826356,50000
2016-11-02,13.321497909826356,13.325908995818802,13.091548699114156,13.181209847463023,50000
2016-11-03,13.181209847463023,13.278637725932784,13.091503668036857,13.262192221236825,50000
2016-11-04,13.262192221236825,13.559661643437751,13.15219738354357,13.534725736055655,50000
2016-11-07,13.534725736055655,14.04883113656437,13.520726919780442,13.93258079424661,50818
2016-11-08,13.93258079424661,13.998051351753192,13.491932230903695,13.492131855480045,50000
2016-11-09,13.492131855480045,13.662745469584472,13.448356679890992,13.533734630014786,50000
2016-11-10,13.533734630014786,13.765524467668362,13.530810456373214,13.750716802399866,50000
2016-11-11,13.750716802399866,13.788556234323073,13.57172470427935,13.601351411540858,93577
2016-11-14,13.601351411540858,13.708782737361103,13.31849685714614,13.343375046510177,50000
2016-11-15,13.343375046510177,13.374401869225485,13.125169639632826,13.214101878822833,50000
2016-11-16,13.214101878822833,13.230101917632092,12.886901127762359,12.916486380265551,50000
2016-11-17,12.916486380265551,12.982351406595102,12.315453890869431,12.405212213349206,50000
2016-11-18,12.405212213349206,12.827254810459937,12.342121666832332,12.78068672892347,50000
2016-11-21,12.78068672892347,12.808885669520857,12.65638514530378,12.707403282558241,50000
2016-11-22,12.707403282558241,12.725253204634773,12.636883709783136,12.65027736257925,50000
2016-11-23,12.65027736257925,12.68707310535336,12.467953445575985,12.472639848188468,50000
2016-11-24,12.472639848188468,12.486316853882471,12.18224679553989,12.358174929307905,50000
2016-11-25,12.358174929307905,12.728412635604103,12.258942840731198,12.67162682160231,50000
2016-11-28,12.67162682160231,13.188650479383433,12.632469214152268,13.167566847957188,57264
2016-11-29,13.167566847957188,13.29372737411843,13.10050616877215,13.112127891145544,50000
2016-11-30,13.112127891145544,13.193360032692965,12.783529191030912,12.851590884003752,51340
2016-12-01,12.851590884003752,13.47437320888763,12.818948469915481,13.36320593602143,51268
2016-12-02,13.36320593602143,13.371995125905835,13.010088489154878,13.066546918804063,50000
2016-12-05,13.066546918804063,13.177973995035403,13.056165891873611,13.114951961364573,101439
2016-12-06,13.114951961364573,13.233388466905092,13.065136783289699,13.133479016268566,50000
2016-12-07,13.133479016268566,13.18766247184575,12.55304126442987,12.598593015435437,50000
2016-12-08,12.598593015435437,12.82110581217795,12.526048607772884,12.780914292104224,50000
2016-12-09,12.780914292104224,12.800841119304485,12.632219122698988,12.701297687907639,66960
2016-12-12,12.701297687907639,12.701403158517612,12.160754133284092,12.216711826250172,70389
2016-12-13,12.216711826250172,12.266264350210879,12.081632307756346,12.097698323711787,50000
2016-12-14,12.097698323711787,12.099418489294182,11.673854737384488,11.720525221662166,50000
2016-12-15,11.720525221662166,11.929858825457615,11.698229400349247,11.905299309200393,50000
2016-12-16,11.905299309200393,11.953688825067779,11.736799031308628,11.873246556509907,50000
2016-12-19,11.873246556509907,12.01775988454794,11.846509938651241,11.945668458167523,50000
2016-12-20,11.945668458167523,12.222702454988482,11.86440716669915,12.134788074342334,50000
2016-12-21,12.134788074342334,12.231799895971937,12.0171054242843,12.07257612585162,50000
2016-12-22,12.07257612585162,12.081423297246916,11.645413764754078,11.70469810062122,50000
2016-12-23,11.70469810062122,11.783488519842246,11.18607984800604,11.314237409485195,65679
2016-12-26,11.314237409485195,11.593680049263163,11.272408757089085,11.499861137453205,50000
2016-12-27,11.499861137453205,12.01934544983019,11.461999251470894,11.958429565730846,50000
2016-12-28,11.958429565730846,12.525076941520984,11.924903360171507,12.486318439027018,50000
2016-12-29,12.486318439027018,12.49693320791025,12.285438343510371,12.297298252050235,50000
2016-12-30,12.297298252050235,12.808969233289877,12.181420940390838,12.745996553015653,50000
2017-01-02,12.745996553015653,13.017827446409639,12.73988672273589,12.965092760281594,105807
2017-01-03,12.965092760281594,13.527089055395836,12.946191366545285,13.414009256016822,50000
2017-01-04,13.414009256016822,13.500239804890548,13.357863770959762,13.438223001625294,50000
2017-01-05,13.438223001625294,13.670783019937359,13.32206983056207,13.629096989273236,54942
2017-01-06,13.629096989273236,13.688853748096186,13.551506456927632,13.554461108423094,75040
2017-01-09,13.554461108423094,13.58691929071878,13.21954034454532,13.252543186622717,50000
2017-01-10,13.252543186622717,13.329571202662738,12.986792202520327,13.04742904860742,50000
2017-01-11,13.04742904860742,13.074631763752327,12.980747771679304,13.050266439175656,50000
2017-01-12,13.050266439175656,13.462288899905019,12.970911579051615,13.422538715202698,50000
2017-01-13,13.422538715202698,13.715903441964485,13.412827199703353,13.665245154417892,50000
2017-01-16,13.665245154417892,13.669852480830897,13.316773291030618,13.36123854448218,52004
2017-01-17,13.36123854448218,13.375693563720514,13.060059035493511,13.173954738443223,50000
2017-01-18,13.173954738443223,13.702371269794615,13.173113368331405,13.675521569987524,50000
2017-01-19,13.675521569987524,13.684656293161117,13.415101055973214,13.423117504932668,69789
2017-01-20,13.423117504932668,13.77470722040114,13.376636067786668,13.756103889183764,50000
2017-01-23,13.756103889183764,13.770595873576566,13.662520864686732,13.715795197256153,50000
2017-01-24,13.715795197256153,14.054368001741388,13.624775949504032,13.986290091108428,50000
2017-01-25,13.986290091108428,14.138979966025772,13.903752410842094,14.108047040171959,50000
2017-01-26,14.108047040171959,14.115440207863221,14.048107262789408,14.101402552078985,50000
2017-01-27,14.101402552078985,14.145106798352954,13.486035784310472,13.620603516607591,65020
2017-01-30,13.620603516607591,13.783762017860603,13.537313802194728,13.720768568592591,50000
2017-01-31,13.720768568592591,13.74256334433374,13.170657785819467,13.2515691261484,50000
2017-02-01,13.2515691261484,13.327205385397562,13.149709158217943,13.197087279963053,50000
2017-02-02,13.197087279963053,13.803861362291892,13.066432202121227,13.649450379519857,50000
2017-02-03,13.649450379519857,13.924746191594684,13.623372532533562,13.668970411294278,50000
2017-02-06,13.668970411294278,14.25404228229089,13.591995714884556,14.106333969964494,111480
2017-02-07,14.106333969964494,14.314863097261119,14.027820783613326,14.24623835056406,50000
2017-02-08,14.24623835056406,14.259213159994754,14.169144589957893,14.249225659941649,50000
2017-02-09,14.249225659941649,14.537718274557852,14.117319465004051,14.47715146292235,50000
2017-02-10,14.47715146292235,14.49316320951651,13.87524542213999,13.914619667830127,50000
2017-02-13,13.914619667830127,13.934116597727977,13.64498740613136,13.648637871884544,50000
2017-02-14,13.648637871884544,14.5836623814138,13.52960811539139,14.464987149972726,55745
2017-02-15,14.464987149972726,14.554324144242644,14.322942157967315,14.434604648063537,50000
2017-02-16,14.434604648063537,14.451905596554914,14.244123154662223,14.315356058945744,51456
2017-02-17,14.315356058945744,14.57194945604599,14.210493439436542,14.437383304163768,53575
2017-02-20,14.437383304163768,14.540109611194177,14.084777407666106,14.089986993994833,50000
2017-02-21,14.089986993994833,15.07115416649844,14.006953217799314,14.917860199217127,50000
2017-02-22,14.917860199217127,15.450062664242708,14.844569414906756,15.274754437668118,50000
2017-02-23,15.274754437668118,15.507649291879568,15.117317732824079,15.389901452075874,63971
2017-02-24,15.389901452075874,15.649160101770974,15.377185352750963,15.530955798221317,50000
2017-02-27,15.530955798221317,15.570020621845071,15.34988251723701,15.511366994614121,100780
2017-02-28,15.511366994614121,15.641842851484824,15.41151219012584,15.632242292863518,58126
2017-03-01,15.632242292863518,15.81662937993296,15.548668041878352,15.687446120702376,59033
2017-03-02,15.687446120702376,15.809430092348558,15.672244032945795,15.747290468146424,50000
2017-03-03,15.747290468146424,16.24505594692325,15.596136876903657,16.18697081267748,64319
2017-03-06,16.18697081267748,16.196416422505223,16.13566744900527,16.175913147045637,50000
2017-03-07,16.175913147045637,16.2959853948296,15.472778428657223,15.571520226967126,60000
2017-03-08,15.571520226967126,15.595029050898878,15.287343684585696,15.3145154340841,50000
2017-03-09,15.3145154340841,15.55095646867705,15.068888482575389,15.182784388729473,50000
2017-03-10,15.182784388729473,15.230562709188213,14.53570206449833,14.687535847803403,50000
2017-03-13,14.687535847803403,14.878669943830477,14.633257656098182,14.832105891646798,50000
2017-03-14,14.832105891646798,15.534552583907168,14.786289118419939,15.47207892202625,50000
2017-03-15,15.47207892202625,15.752584854147436,15.29491026559691,15.70468065531233,50000
2017-03-16,15.70468065531233,15.709993307640353,15.1129841605395,15.224434005139878,50000
2017-03-17,15.224434005139878,15.737636421705888,15.222207193041692,15.69390569763431,50000
2017-03-20,15.69390569763431,16.240356820247058,15.625804509813216,16.17345645716002,50000
2017-03-21,16.17345645716002,16.182429325243334,15.686850607443994,15.725067352008839,50000
2017-03-22,15.725067352008839,15.739857131334514,15.550387210806175,15.669530873672715,50000
2017-03-23,15.669530873672715,15.736934166537281,15.051197646080894,15.059326982803592,55148
2017-03-24,15.059326982803592,15.650620618282943,15.017469587823381,15.56686123957767,218410
2017-03-27,15.56686123957767,15.67166698948426,15.254884717377816,15.264724465786616,50000
2017-03-28,15.264724465786616,15.288551474284018,15.103483885035372,15.128939620639516,50000
2017-03-29,15.128939620639516,15.14649335780145,14.73863033277329,14.788394912179225,50000
2017-03-30,14.788394912179225,14.898062943781525,14.782501497911847,14.854140849984116,50000
2017-03-31,14.854140849984116,15.211639370296036,14.84534483112393,15.181528309014368,50000
2017-04-03,15.181528309014368,15.198204466283595,14.995243792029587,15.04593973533418,50000
2017-04-04,15.04593973533418,15.116633686372381,14.496193018384572,14.632389365664407,50000
2017-04-05,14.632389365664407,14.658347521197147,14.27406400666399,14.290231697507044,50000
2017-04-06,14.290231697507044,14.380955639505595,14.024949819518783,14.071018648691547,50000
2017-04-07,14.071018648691547,14.0847372769018,13.866602628869812,13.951494708619451,93636
2017-04-10,13.951494708619451,13.957167882692485,13.587551449852354,13.618436271369276,50000
2017-04-11,13.618436271369276,13.868544381336635,13.602923978950011,13.800827669941345,50000
2017-04-12,13.800827669941345,13.884039041205043,13.497886963297413,13.636233467654964,88349
2017-04-13,13.636233467654964,13.76319674366138,13.306165684404945,13.390680036592922,50000
2017-04-14,13.390680036592922,13.515181966874914,13.204260902123497,13.350459380450907,50000
2017-04-17,13.350459380450907,13.86324901024499,13.325445829931114,13.841229369633885,50000
2017-04-18,13.841229369633885,14.245473744334303,13.742260506919502,14.130956305137287,50000
2017-04-19,14.130956305137287,14.395188181833,14.00453212543677,14.315207323956828,50000
2017-04-20,14.315207323956828,14.573694403597143,14.30026104320526,14.56949115604021,87244
2017-04-21,14.56949115604021,14.64590821941396,13.9852517972041,14.06262465040326,64093
2017-04-24,14.06262465040326,14.134154660130804,13.680234502854702,13.734576073827839,281456
2017-04-25,13.734576073827839,13.900934688691926,13.662540256194012,13.791756837939198,555643
2017-04-26,13.791756837939198,13.897649997309296,13.579011874049119,13.69549730379452,50000
2017-04-27,13.69549730379452,13.963224053525746,13.576090857709273,13.90559661098467,230106
2017-04-28,13.90559661098467,13.98544402877379,13.751396454109294,13.76587897772294,50000
2017-05-01,13.76587897772294,13.773443306258496,13.453847462500622,13.504759953973066,50000
2017-05-02,13.504759953973066,13.764825658761549,13.503305159558886,13.747989270883549,50000
2017-05-03,13.747989270883549,13.779311489939442,12.730854917974153,12.756240623168244,50000
2017-05-04,12.756240623168244,12.794691805740985,12.635985860372928,12.711220487803743,50000
2017-05-05,12.711220487803743,12.730977713978666,11.919806456925068,12.004198867699149,50000
2017-05-08,12.004198867699149,12.015990569809071,11.653414539471214,11.65481491090905,50000
2017-05-09,11.65481491090905,12.038883889395144,11.611716809712718,12.033759359810704,50000
2017-05-10,12.033759359810704,12.156474930935751,11.804669884692501,11.8593494911683,50000
2017-05-11,11.8593494911683,11.891803493711702,11.468961871471857,11.507671801356793,50000
2017-05-12,11.507671801356793,11.621093761563687,10.831005013239388,10.842643410853329,65846
2017-05-15,10.842643410853329,11.043560544956877,10.766251119451258,11.014202562863073,50000
2017-05-16,11.014202562863073,11.073849892052547,10.460969596030068,10.531912697102523,50000
2017-05-17,10.531912697102523,10.990799613412227,10.524491851403237,10.892399621443715,115966
2017-05-18,10.892399621443715,10.985321818770988,10.749995732791097,10.797942702048672,50000
2017-05-19,10.797942702048672,10.842605957542892,10.32267376670691,10.437859434211381,50000
2017-05-22,10.437859434211381,10.55595421921506,10.393672138127759,10.50216740191364,95484
2017-05-23,10.50216740191364,10.533783201124912,10.232821451535967,10.243056158282249,77045
2017-05-24,10.243056158282249,10.751006705119378,10.233526672428113,10.726396474199793,50000
2017-05-25,10.726396474199793,10.92420095787754,10.588159331158641,10.792583037890521,50000
2017-05-26,10.792583037890521,10.79413125093159,10.300324817484698,10.432444621697185,50000
2017-05-29,10.432444621697185,10.539273387706974,10.200100040503175,10.300510507246875,50000
2017-05-30,10.300510507246875,10.325363234813098,9.905479720402502,9.998407488090479,50000
2017-05-31,9.998407488090479,10.359234246944926,9.913297586064939,10.335430159610976,50000
2017-06-01,10.335430159610976,10.58274596011791,10.12047885392277,10.121888824140985,50000
2017-06-02,10.121888824140985,10.453953670839386,10.110556247554305,10.445767676058601,50000
2017-06-05,10.445767676058601,10.523607869826302,10.241302737513678,10.31415571422111,50000
2017-06-06,10.31415571422111,10.31724064774587,9.710673834356523,9.813612797205716,60910
2017-06-07,9.813612797205716,9.822582502946334,9.643346763455916,9.677313784334299,58339
2017-06-08,9.677313784334299,9.702988276633247,9.458166821128598,9.488859084441003,50000
2017-06-09,9.488859084441003,9.550086727215097,9.199400978928487,9.257713433733418,50000
2017-06-12,9.257713433733418,9.530497576508724,9.241230830731233,9.475523932821405,50000
2017-06-13,9.475523932821405,9.525069063267077,9.2196415270679,9.271130273642656,50000
2017-06-14,9.271130273642656,9.275426527459407,9.078991368853837,9.088715068142058,50000
2017-06-15,9.088715068142058,9.498760477694653,9.08307988576756,9.476842641425183,50000
2017-06-16,9.476842641425183,9.642557249090103,9.471573606550784,9.55723521595399,54605
2017-06-19,9.55723521595399,9.56926681287644,8.869431315970802,8.914559185520481,50000
2017-06-20,8.914559185520481,8.915229605029262,8.403468649336954,8.464185069417423,50000
2017-06-21,8.464185069417423,8.509851874842923,8.188649011279491,8.242779608161761,50000
2017-06-22,8.242779608161761,8.562594536036633,8.12933868256147,8.535322338466072,56552
2017-06-23,8.535322338466072,8.592409463253752,8.290164823564716,8.313245577919679,50000
2017-06-26,8.313245577919679,8.385921196825825,8.242553660986898,8.274042295385192,50000
2017-06-27,8.274042295385192,8.295233185239658,7.702892309510634,7.736922832751544,50000
2017-06-28,7.736922832751544,7.763831600569917,7.555355391409428,7.566237436950815,50000
2017-06-29,7.566237436950815,8.095554169375937,7.46177655086063,8.081439652335462,50000
2017-06-30,8.081439652335462,8.105273698843387,8.017077080854767,8.030915693058137,59809
2017-07-03,8.030915693058137,8.0523617161454,7.803643588362093,7.854221076996559,50000
2017-07-04,7.854221076996559,7.901677490919835,7.347304813125689,7.378902474927823,50000
2017-07-05,7.378902474927823,7.38693409676392,7.279756140894934,7.326512520454226,50000
2017-07-06,7.326512520454226,7.353650251778647,7.030975619526864,7.036283148834896,84669
2017-07-07,7.036283148834896,7.036434614512528,6.898554287096528,6.953213793721447,50000
2017-07-10,6.953213793721447,6.988046064951366,6.796154924374223,6.844358527317385,63377
2017-07-11,6.844358527317385,6.877719545563368,6.521566373544257,6.535734995077102,50000
2017-07-12,6.535734995077102,6.810216828470719,6.532944760719977,6.770448073482799,116020
2017-07-13,6.770448073482799,6.8066581539583275,6.487893939922797,6.493022806740731,50000
2017-07-14,6.493022806740731,6.715300566766418,6.490633229260724,6.6136440894186785,50000
2017-07-17,6.6136440894186785,6.8087467981015175,6.6045511155295635,6.788379736603927,100899
2017-07-18,6.788379736603927,6.819658389063846,6.704946066639853,6.719615574443327,50000
2017-07-19,6.719615574443327,6.777522856786749,6.457199755582816,6.457536596277179,50000
2017-07-20,6.457536596277179,6.753507851991665,6.455443914636147,6.735772305786304,53871
2017-07-21,6.735772305786304,6.773185480039229,6.3465030725576845,6.357803229299003,74434
2017-07-24,6.357803229299003,6.362614245430558,6.06227310889259,6.090299075994525,50000
2017-07-25,6.090299075994525,6.179318814377558,5.632850647550694,5.6445816852009765,67830
2017-07-26,5.6445816852009765,6.272574919063741,5.641837252659303,6.254428836845399,50000
2017-07-27,6.254428836845399,6.281550393930426,5.883010211244213,5.910116710307136,50000
2017-07-28,5.910116710307136,6.30573375026687,5.855264208827672,6.289460776878464,72970
2017-07-31,6.289460776878464,6.379258216707548,5.495528210527467,5.535470985691994,50000
2017-08-01,5.535470985691994,5.571780735645032,5.511890785308834,5.550445514884565,55136
2017-08-02,5.550445514884565,6.138536714140623,5.543448628536896,6.12334018854163,50000
2017-08-03,6.12334018854163,6.275750630777249,6.0702199302298725,6.249015594118502,62039
2017-08-04,6.249015594118502,6.334705133852109,6.205285225269844,6.302985688212322,50000
2017-08-07,6.302985688212322,6.306609226550679,6.040922980158166,6.060964218508194,54808
2017-08-08,6.060964218508194,6.103921913118881,5.989632079248949,6.015050553106539,81562
2017-08-09,6.015050553106539,6.056137701959012,5.771909167808701,5.84133844389099,50000
2017-08-10,5.84133844389099,5.841820748435318,5.645849517923849,5.664381332028153,50000
2017-08-11,5.664381332028153,5.678194557984245,5.0588759343513345,5.113113546776358,50000
2017-08-14,5.113113546776358,5.495248307104564,5.091173505996596,5.450149265523633,50000
2017-08-15,5.450149265523633,5.471653313898636,5.423315162491414,5.426921833394773,62333
2017-08-16,5.426921833394773,5.46066227207981,5.249248493632576,5.290530792860588,50000
2017-08-17,5.290530792860588,5.335934751369355,5.044464268813206,5.09537687579888,50893
2017-08-18,5.09537687579888,5.108813857372932,4.913324208157953,4.934584930870957,50000
2017-08-21,4.934584930870957,5.349826268501169,4.866550090501278,5.315155241206291,50000
2017-08-22,5.315155241206291,5.506702347860644,5.300693057348786,5.482422256214908,58073
2017-08-23,5.482422256214908,5.547410145660475,5.443280369326555,5.520115712835831,50000
2017-08-24,5.520115712835831,5.589525218168149,5.519233002964361,5.581505321971708,50000
2017-08-25,5.581505321971708,5.773390772687026,5.563626114722437,5.721843061001638,50000
2017-08-28,5.721843061001638,5.98405115429606,5.692172300648356,5.980350655296812,50000
2017-08-29,5.980350655296812,5.985042353621022,5.815602814677018,5.882384281748306,95494
2017-08-30,5.882384281748306,6.034836332819451,5.879399107803405,6.000258619821455,50000
2017-08-31,6.000258619821455,6.828516600798894,5.937874075680847,6.779592887605558,61343
2017-09-01,6.779592887605558,6.86751779215468,6.367293053742845,6.380082239422115,125706
2017-09-04,6.380082239422115,6.389547611398991,6.103749441677039,6.120030484701428,53789
2017-09-05,6.120030484701428,6.148513697408769,6.008812754243578,6.055491053117125,79932
2017-09-06,6.055491053117125,6.176338746045009,6.035740924819825,6.1715480874327335,50000
2017-09-07,6.1715480874327335,6.230377981757193,5.980971584221161,5.984924955468521,50000
2017-09-08,5.984924955468521,6.35113272689493,5.984230199877385,6.289092260213596,50000
2017-09-11,6.289092260213596,6.373281922225929,6.258077831875364,6.365182888342296,50000
2017-09-12,6.365182888342296,6.396986266155114,6.275712363553128,6.280187098394797,91252
2017-09-13,6.280187098394797,6.9280116582605435,6.253668515923796,6.925319344315403,75975
2017-09-14,6.925319344315403,7.218752596539703,6.880525963259511,7.174102286580241,50000
2017-09-15,7.174102286580241,7.214223098612321,7.085507947825751,7.119871962677,50000
2017-09-18,7.119871962677,7.341613841144494,7.088557874282894,7.30714391242387,50000
2017-09-19,7.30714391242387,7.382596375986457,7.261742036262245,7.348745520874632,50000
2017-09-20,7.348745520874632,7.390150991999774,7.313244203565972,7.351232805204778,50000
2017-09-21,7.351232805204778,8.17549830305853,7.24391237030961,8.102387122479776,233005
2017-09-22,8.102387122479776,8.31663640558307,8.073320823108453,8.26514210756928,50000
2017-09-25,8.26514210756928,8.27986049094704,8.224732531322342,8.235447584984401,50000
2017-09-26,8.235447584984401,8.2645476304894,8.14776503589733,8.232101521026351,210972
2017-09-27,8.232101521026351,8.314017915798798,8.186811058111235,8.300781215868133,78051
2017-09-28,8.300781215868133,8.694163905553665,8.284297740559774,8.659137344240989,50000
2017-09-29,8.659137344240989,8.748149851663245,8.422392616582218,8.491660965929231,50000
2017-10-02,8.491660965929231,8.510802657705346,7.979382856124409,8.035528256044213,50000
2017-10-03,8.035528256044213,8.102832113463963,7.834518533279781,7.847869480878198,50000
2017-10-04,7.847869480878198,8.04579519088954,7.831387322509398,8.042863896671356,50000
2017-10-05,8.042863896671356,8.07369667835808,8.022797501514201,8.04282606130361,50000
2017-10-06,8.04282606130361,8.10729249042235,8.002637986237726,8.041874801823708,69766
2017-10-09,8.041874801823708,8.099435808803076,7.85445680045369,7.944784015066238,50000
2017-10-10,7.944784015066238,8.00067067612134,7.154608225319027,7.158944161535273,50000
2017-10-11,7.158944161535273,7.472642475666437,7.1184842516934195,7.471415347149701,118744
2017-10-12,7.471415347149701,7.665007847444192,7.461238830303279,7.612819162274544,100474
2017-10-13,7.612819162274544,8.13482745121291,7.54199407675039,8.098728869555089,50000
2017-10-16,8.098728869555089,8.223120643905135,8.074492561977163,8.150449526133531,50000
2017-10-17,8.150449526133531,8.258539365881441,8.062216990123959,8.198374063347508,50000
2017-10-18,8.198374063347508,8.32856751953864,7.657301770408028,7.658465148491311,166400
2017-10-19,7.658465148491311,7.8662723663516125,7.599930206321373,7.807770500265194,50000
2017-10-20,7.807770500265194,7.863196463834137,7.721360104568023,7.815308166505423,50000
2017-10-23,7.815308166505423,7.874400632397938,7.3683396761025515,7.374471218248298,64188
2017-10-24,7.374471218248298,7.604791431267699,7.337511320316203,7.56163075740793,50000
2017-10-25,7.56163075740793,7.632333923628087,7.200332642914135,7.221699355246172,161576
2017-10-26,7.221699355246172,7.537203873832265,7.207180373022952,7.472212788309443,50000
2017-10-27,7.472212788309443,7.536983531926453,7.279573820294736,7.322427445701578,50000
2017-10-30,7.322427445701578,7.5794113546727475,7.304053543011213,7.492383132614639,113529
2017-10-31,7.492383132614639,8.178080688519717,7.436769292093144,8.14984532452607,50000
2017-11-01,8.14984532452607,8.186413983108373,7.526250617364745,7.547591176333886,50000
2017-11-02,7.547591176333886,7.562666366136503,7.175096744666467,7.195496839167845,50000
2017-11-03,7.195496839167845,7.217624223065658,6.818103764148659,6.837504710280282,50000
2017-11-06,6.837504710280282,6.8478694987145055,6.718764364634305,6.724416637112919,50000
2017-11-07,6.724416637112919,6.822688939885372,6.523445989014223,6.524794394950994,61702
2017-11-08,6.524794394950994,6.56903057985273,6.496421761552983,6.542318428572268,104371
2017-11-09,6.542318428572268,6.572645214980319,6.074294485926957,6.082276596593779,50000
2017-11-10,6.082276596593779,6.622703756740874,6.046213110157057,6.599321977137957,68493
2017-11-13,6.599321977137957,6.641075473032461,6.332332126048012,6.34852801130683,69893
2017-11-14,6.34852801130683,6.569167066623523,6.339884905186818,6.5383655238921525,50000
2017-11-15,6.5383655238921525,7.294443311788577,6.521463903593259,7.28581910023806,50000
2017-11-16,7.28581910023806,7.701490012646814,7.21907973203689,7.635145161648364,120475
2017-11-17,7.635145161648364,7.877899235277741,7.590378560581241,7.839761910308793,62167
2017-11-20,7.839761910308793,8.081950253768188,7.838935572799598,8.032909306803065,50000
2017-11-21,8.032909306803065,8.123259095145462,7.547104683681638,7.554225587183394,50000
2017-11-22,7.554225587183394,7.632332873530466,7.5308531224279545,7.600963437067809,76610
2017-11-23,7.600963437067809,7.610609872075972,6.995906347276552,7.02574741395651,50000
2017-11-24,7.02574741395651,7.031349243904408,6.800034464074569,6.824732301895301,54639
2017-11-27,6.824732301895301,7.271722924047929,6.770009478122851,7.264448461452207,55296
2017-11-28,7.264448461452207,7.489781607670186,7.23773725798471,7.440982464775,64637
2017-11-29,7.440982464775,7.623789373735768,7.417960371566494,7.545231365941901,50000
2017-11-30,7.545231365941901,7.556338373593689,7.242247048431001,7.260538341190019,50000
2017-12-01,7.260538341190019,7.306065793325594,7.245171633302891,7.256117909140877,86420
2017-12-04,7.256117909140877,7.464517141955676,7.234691888750397,7.410106484552456,276068
2017-12-05,7.410106484552456,7.491181847441748,7.369708934536443,7.478988952880679,60810
2017-12-06,7.478988952880679,7.739125688633229,7.470090606804512,7.728410211733447,50000
2017-12-07,7.728410211733447,7.755427697853318,7.487644205520567,7.498790150445592,50000
2017-12-08,7.498790150445592,7.536862426655458,7.352516120590496,7.427616064083797,50000
2017-12-11,7.427616064083797,7.5770576752401935,7.252795191409392,7.291366447004584,67283
2017-12-12,7.291366447004584,7.300371709242227,6.766942089880172,6.801165630511922,50000
2017-12-13,6.801165630511922,6.848566349858661,6.513198920138742,6.5205042081576305,50890
2017-12-14,6.5205042081576305,6.657725696864993,6.503284404263558,6.654299002584637,50000
2017-12-15,6.654299002584637,6.738359781554081,6.352641993959581,6.388848731340449,50000
2017-12-18,6.388848731340449,6.418515141495345,6.193191082710336,6.2032681977211785,56253
2017-12-19,6.2032681977211785,6.315026086886715,6.147067666696492,6.298941544219057,50000
2017-12-20,6.298941544219057,6.342990290284921,5.683309491611173,5.734625436666684,50000
2017-12-21,5.734625436666684,5.855478867668589,5.707796581099463,5.834179383107294,54383
2017-12-22,5.834179383107294,6.68412043153569,5.823051606700658,6.616589184854849,60552
2017-12-25,6.616589184854849,6.625053271924605,6.491839704638283,6.540540807723162,50000
2017-12-26,6.540540807723162,6.556051936349703,6.037680381464127,6.048360039657027,50000
2017-12-27,6.048360039657027,6.134039696267858,6.01222557908232,6.0668387626991,50000
2017-12-28,6.0668387626991,6.102588854647822,6.002847130836811,6.043078505218636,50000
2017-12-29,6.043078505218636,6.231542332749223,6.042573814570474,6.222935337983904,86279
2018-01-01,6.222935337983904,6.266972704557695,6.161153956345431,6.2415056343133415,135704
2018-01-02,6.2415056343133415,6.305983138082463,6.102382342755869,6.157407582633796,50000
2018-01-03,6.157407582633796,6.21917904558386,6.150404130721719,6.180620377338057,84776
2018-01-04,6.180620377338057,6.4424129944924715,6.176735167486282,6.441196504262228,80674
2018-01-05,6.441196504262228,6.505258349208083,6.396315079214271,6.436025809652186,50000
2018-01-08,6.436025809652186,6.749700805938329,6.416376034955993,6.726288163697504,50000
2018-01-09,6.726288163697504,6.996918970616785,6.646743404453357,6.96554540421627,50000
2018-01-10,6.96554540421627,7.084687511529483,6.8856108521573525,7.070705172483873,50000
2018-01-11,7.070705172483873,7.217051499403372,7.014223093740463,7.210966423275749,61744
2018-01-12,7.210966423275749,7.708454518694121,7.175431393123544,7.668041924265155,69074
2018-01-15,7.668041924265155,8.204303207769165,7.648546606249921,8.051736078314384,82862
2018-01-16,8.051736078314384,8.055638724089404,7.905506137503139,7.977549098852413,50000
2018-01-17,7.977549098852413,8.059960529986519,7.4510644026041,7.543318541242132,60786
2018-01-18,7.543318541242132,7.94201130223038,7.520386772699618,7.903091336910903,50000
2018-01-19,7.903091336910903,8.12883590037245,7.815949673136123,8.122773837245193,50000
2018-01-22,8.122773837245193,8.252194157069784,7.739672486147585,7.776936569691122,50000
2018-01-23,7.776936569691122,7.789279416727321,7.472610507709301,7.48922116158787,76044
2018-01-24,7.48922116158787,7.825169447795026,7.463878006365125,7.73260883938859,80748
2018-01-25,7.73260883938859,7.82236796192209,7.709776811396563,7.780447394175481,50000
2018-01-26,7.780447394175481,7.828978455915107,7.2849427167019725,7.326168379829353,76217
2018-01-29,7.326168379829353,8.077779084780355,7.252559260167895,8.02553616823102,50000
2018-01-30,8.02553616823102,8.053638461188303,7.7086780668738015,7.748940178072161,50000
2018-01-31,7.748940178072161,7.771285370232667,7.456352770448023,7.480767605867153,50000
2018-02-01,7.480767605867153,7.697019546674951,7.442526495790976,7.692443716601721,101163
2018-02-02,7.692443716601721,7.721542909847477,7.625776316641054,7.6823089107548235,92060
2018-02-05,7.6823089107548235,7.719434311255196,7.648081068189255,7.660971868345911,52109
2018-02-06,7.660971868345911,8.105424942189421,7.632410327535969,8.05327711758421,50000
2018-02-07,8.05327711758421,8.154089619454565,8.036688414586854,8.10248602034065,50000
2018-02-08,8.10248602034065,8.147907704009512,8.003946925688675,8.01705309303372,88689
2018-02-09,8.01705309303372,8.307725747125838,7.984262506718991,8.296473734997258,50000
2018-02-12,8.296473734997258,8.303085407592828,8.228468736388972,8.246274004218474,50000
2018-02-13,8.246274004218474,8.363478888100648,8.211650136544497,8.27227537066044,50000
2018-02-14,8.27227537066044,8.29954493132332,8.147812120202188,8.195486567920788,50000
2018-02-15,8.195486567920788,8.341397549900236,8.18468798778731,8.311770050235095,50000
2018-02-16,8.311770050235095,8.530784518135109,8.284591015631271,8.46811117551765,50000
2018-02-19,8.46811117551765,8.636785977489525,8.416082800967303,8.538016410952014,50000
2018-02-20,8.538016410952014,8.558692950540369,8.475581982710011,8.502299406939853,50000
2018-02-21,8.502299406939853,8.70694805133592,8.490695018297462,8.643244847135792,59292
2018-02-22,8.643244847135792,8.761724544956781,8.599915986547662,8.708083122364668,59850
2018-02-23,8.708083122364668,8.722555801011232,8.593157908480766,8.6372365262419,50000
2018-02-26,8.6372365262419,8.892177695025788,8.604110346129113,8.873745932635403,68063
2018-02-27,8.873745932635403,8.956733336793743,8.815508901315695,8.822294329368535,50000
2018-02-28,8.822294329368535,8.928743984576109,8.436476552307365,8.592719955108931,50000
2018-03-01,8.592719955108931,9.002729758319763,8.519791797996646,8.965896712817234,50000
2018-03-02,8.965896712817234,8.975545355033569,8.780813884207468,8.806087914544577,50000
2018-03-05,8.806087914544577,9.371241554381896,8.77605219363701,9.258096392128628,50000
2018-03-06,9.258096392128628,9.437057204337346,9.238039520717116,9.427456759489216,50000
2018-03-07,9.427456759489216,9.479573140375006,9.407681924814206,9.443131417770752,55883
2018-03-08,9.443131417770752,9.715352552494549,9.408237078096906,9.588102462870685,50000
2018-03-09,9.588102462870685,9.732299674825407,9.580900906575964,9.658212160961519,97832
2018-03-12,9.658212160961519,9.752804476717202,9.617149930317174,9.733549933553395,61291
2018-03-13,9.733549933553395,9.903091972101029,9.639816870175574,9.875294712812488,50000
2018-03-14,9.875294712812488,9.951637920046181,9.824588172093216,9.933709791171408,53219
2018-03-15,9.933709791171408,10.305700183442944,9.921795111040678,10.272893624388438,50000
2018-03-16,10.272893624388438,10.32071900744422,10.132545001172595,10.218449725430549,50000
2018-03-19,10.218449725430549,10.268112931127531,10.104450153334316,10.136890957891492,50000
2018-03-20,10.136890957891492,10.835508089691508,10.071432908079897,10.803395564770558,50000
2018-03-21,10.803395564770558,10.938594564899237,10.786658309844519,10.882259276045964,50000
2018-03-22,10.882259276045964,10.900765892505728,10.603435487084932,10.620248508993472,50000
2018-03-23,10.620248508993472,10.66741497230216,10.312353109788303,10.397952268879692,56167
2018-03-26,10.397952268879692,10.404619635123705,9.8077406629273,9.826481487148053,56921
2018-03-27,9.826481487148053,9.857834954737669,9.773498993482217,9.79984330675504,50000
2018-03-28,9.79984330675504,10.088908479574352,9.753912112488536,10.00832356717614,50000
2018-03-29,10.00832356717614,10.188387419794878,9.93119960647888,9.969225678374452,50000
2018-03-30,9.969225678374452,10.009490384488432,9.802861400878669,9.817193293257906,50000
2018-04-02,9.817193293257906,10.023955530482809,9.80503895293409,10.013649270150387,50000
2018-04-03,10.013649270150387,10.087173649091914,9.636507543340858,9.644535319898608,50000
2018-04-04,9.644535319898608,9.685400392160034,9.203373596440006,9.244145693184024,50000
2018-04-05,9.244145693184024,9.473424493807466,9.225045103686982,9.441059870578258,77885
2018-04-06,9.441059870578258,9.48453688356554,9.377937065514711,9.43183773138946,50000
2018-04-09,9.43183773138946,9.494137060349644,9.349079801357611,9.396814073766244,50000
2018-04-10,9.396814073766244,9.456426728762017,9.048668859295288,9.139269135264913,50000
2018-04-11,9.139269135264913,9.513269397649532,9.124602494627602,9.500063300791094,50000
2018-04-12,9.500063300791094,9.537185145693346,9.141450095811008,9.195555050820008,110121
2018-04-13,9.195555050820008,9.255892962682166,8.755287546849402,8.820939440114437,50000
2018-04-16,8.820939440114437,8.898460253712011,8.445769921802404,8.47854883076851,50000
2018-04-17,8.47854883076851,8.641144561767206,8.469413435588296,8.615696292616997,78185
2018-04-18,8.615696292616997,8.841456499129235,8.607976543039259,8.815891645313036,50000
2018-04-19,8.815891645313036,8.832943460752864,8.774182682402586,8.789474643899432,50000
2018-04-20,8.789474643899432,8.958480909736647,8.78408121668554,8.95516557619855,50000
2018-04-23,8.95516557619855,9.808260751077217,8.940154488227229,9.768785874745213,50000
2018-04-24,9.768785874745213,9.787914456420884,9.2036183484476,9.271535371496466,50000
2018-04-25,9.271535371496466,9.31025429018037,9.23058707229395,9.283077060822116,51387
2018-04-26,9.283077060822116,9.408576297976904,8.989754752342048,9.018368318292277,50000
2018-04-27,9.018368318292277,9.157659620198734,8.942887539021646,9.03570770720929,76572
2018-04-30,9.03570770720929,9.066466762933358,8.700268852840718,8.701192353076738,50000
2018-05-01,8.701192353076738,8.746274924600586,8.474673443525635,8.57386906152883,50000
2018-05-02,8.57386906152883,8.593101228542618,7.917011176704881,7.99538667185125,50000
2018-05-03,7.99538667185125,8.025080211714831,7.850515728138192,7.913369019558604,50000
2018-05-04,7.913369019558604,7.94786373643519,7.792171128829836,7.802782356436299,50000
2018-05-07,7.802782356436299,7.892131186836257,7.772075050902325,7.814432847947994,50000
2018-05-08,7.814432847947994,7.826062500225056,7.741807250260956,7.7933857721887465,50000
2018-05-09,7.7933857721887465,7.993090037932205,7.749224922987126,7.97831038145446,96115
2018-05-10,7.97831038145446,8.031816181113921,7.965319033650058,8.02619812653343,50000
2018-05-11,8.02619812653343,8.441800482918817,7.988437854655611,8.42828629338661,50000
2018-05-14,8.42828629338661,8.579062288733454,8.403179395937482,8.51899217542328,50000
2018-05-15,8.51899217542328,8.534723696411692,8.129992622575358,8.153610456950387,50000
2018-05-16,8.153610456950387,8.287234767645721,7.882055262824624,7.9188181762204515,50000
2018-05-17,7.9188181762204515,7.9711994838548,7.520740175309851,7.5471485923422295,50000
2018-05-18,7.5471485923422295,7.630173159734909,7.542201381349346,7.578047777570718,84156
2018-05-21,7.578047777570718,7.7112565396910275,7.565418207492993,7.670533094476151,84669
2018-05-22,7.670533094476151,7.736426138529637,7.142768078989667,7.22349437738531,66897
2018-05-23,7.22349437738531,7.491349076910638,7.199208884637027,7.468158053573236,135618
2018-05-24,7.468158053573236,7.524257985543391,7.440871835880434,7.514060005910794,50000
2018-05-25,7.514060005910794,7.806027603885578,7.484125864327114,7.803407455246621,50000
2018-05-28,7.803407455246621,7.859033577418901,7.493806162080962,7.516733671746801,50000
2018-05-29,7.516733671746801,7.570566046102707,6.7668991937525975,6.793935111080158,50000
2018-05-30,6.793935111080158,6.901837346094919,6.771192917532733,6.862621668477604,50000
2018-05-31,6.862621668477604,6.906897135474312,6.694554348840508,6.761466065714853,50000
2018-06-01,6.761466065714853,6.842186404392766,6.563008914339855,6.578438139442297,50000
2018-06-04,6.578438139442297,6.764646876955328,6.5439165500322405,6.7565842196501515,50000
2018-06-05,6.7565842196501515,6.855956690341003,6.518880665093953,6.542992660166607,50000
2018-06-06,6.542992660166607,6.546741521470175,6.3298897740149584,6.352498949076504,50000
2018-06-07,6.352498949076504,6.391731995383596,6.109149310031947,6.127151018228405,50000
2018-06-08,6.127151018228405,6.141467060867781,6.052624215028132,6.077699310550741,50000
2018-06-11,6.077699310550741,6.108759334411447,6.074734136900584,6.085507597761931,50000
2018-06-12,6.085507597761931,6.126450111592186,5.8824600248962575,5.917595936169779,50000
2018-06-13,5.917595936169779,5.987888630354616,5.880018998923714,5.984709032451358,50000
2018-06-14,5.984709032451358,6.000337226288002,5.851174131834247,5.864315250846282,50000
2018-06-15,5.864315250846282,5.925920410463305,5.587929659591646,5.598646278221373,50000
2018-06-18,5.598646278221373,5.61370015972966,5.328212420585419,5.351762747025544,85335
2018-06-19,5.351762747025544,5.59779864123335,5.3218304431325905,5.588353508179982,50000
2018-06-20,5.588353508179982,5.608409556825138,5.3741996527800175,5.3906497506423205,50000
2018-06-21,5.3906497506423205,5.411063601754221,5.276981849689198,5.2822594338330395,104676
2018-06-22,5.2822594338330395,5.4116257472874665,5.277966113510603,5.363668731261467,70695
2018-06-25,5.363668731261467,5.554502821361051,5.360794469996283,5.521127837926737,50000
2018-06-26,5.521127837926737,5.792667920278259,5.48224792437466,5.770406475183717,58406
2018-06-27,5.770406475183717,6.14701423793452,5.734615767421282,6.103192172583993,50000
2018-06-28,6.103192172583993,6.104104433625586,5.981958387713337,5.98712103179662,50000
2018-06-29,5.98712103179662,5.997515304100819,5.893591475618935,5.934857930444265,50000
2018-07-02,5.934857930444265,5.97453235633304,5.685896016818306,5.751570556749782,50000
2018-07-03,5.751570556749782,5.7872342500738885,5.58109223101965,5.6044494812018,67204
2018-07-04,5.6044494812018,5.644441998853124,5.257541875991096,5.2625417645489065,92962
2018-07-05,5.2625417645489065,5.280240178871304,4.889310037404389,4.909083063040208,50000
2018-07-06,4.909083063040208,4.917911017095241,4.786237837127427,4.8238435747039174,55252
2018-07-09,4.8238435747039174,4.875215568296882,4.658242270268677,4.6948717886730185,50000
2018-07-10,4.6948717886730185,4.708116775285485,4.521730146878179,4.572992881430353,50000
2018-07-11,4.572992881430353,4.5940876641981925,4.376065559765926,4.378971345749686,50000
2018-07-12,4.378971345749686,4.423390619200904,4.172059618418272,4.205458309540497,50000
2018-07-13,4.205458309540497,4.2571629144198,3.9930752893505983,4.024873471426324,50000
2018-07-16,4.024873471426324,4.034671228052238,3.796021958648362,3.8011830429253495,67020
2018-07-17,3.8011830429253495,3.8064462816286224,3.7750905853578107,3.776764640954511,50000
2018-07-18,3.776764640954511,4.314664056636145,3.7692287516722995,4.283291980758037,123069
2018-07-19,4.283291980758037,4.287064531484448,4.245743852750436,4.255803051988396,50000
2018-07-20,4.255803051988396,4.273459982043595,4.143177289724051,4.159271735690235,50000
2018-07-23,4.159271735690235,4.166278790843717,3.812332764732756,3.8265125856512596,50000
2018-07-24,3.8265125856512596,3.841035411426373,3.5564139436799627,3.573687936310534,50000
2018-07-25,3.573687936310534,3.7430256373374453,3.568261607861721,3.7104306048846722,50000
2018-07-26,3.7104306048846722,3.9025405051125315,3.706674780097296,3.8972788290279605,50000
2018-07-27,3.8972788290279605,3.9088888925023,3.4827243217524018,3.5084843325816624,285091
2018-07-30,3.5084843325816624,3.5330080820572665,3.5001490272796842,3.519721097918302,138225
2018-07-31,3.519721097918302,3.7118295592222124,3.506956295886226,3.7010641409027976,50000
2018-08-01,3.7010641409027976,3.7035506724525296,3.1006952215547665,3.111545830964863,50000
2018-08-02,3.111545830964863,3.355458318161876,3.0887021117237654,3.3531458151174376,50000
2018-08-03,3.3531458151174376,3.7825108825989715,3.3239630276823036,3.7344472711171925,80265
2018-08-06,3.7344472711171925,3.7356266429969907,3.575103297400383,3.584564658105953,50000
2018-08-07,3.584564658105953,3.585087226185088,3.1460734644630084,3.1584547728918526,50000
2018-08-08,3.1584547728918526,3.857528384795909,3.1445627012168376,3.8508522413699855,50000
2018-08-09,3.8508522413699855,4.32099000386426,3.810858678466877,4.300970164122633,50000
2018-08-10,4.300970164122633,4.314449048835918,3.950278457033928,3.972500910174369,50000
2018-08-13,3.972500910174369,4.021025884658147,3.586346817227843,3.5958077403984583,96400
2018-08-14,3.5958077403984583,3.630187959262116,3.5564998106574754,3.5780683179279182,106433
2018-08-15,3.5780683179279182,3.752189122430943,3.572459143080016,3.7519083992350697,50000
2018-08-16,3.7519083992350697,4.069771018574737,3.7319627232221424,4.037221853988386,83711
2018-08-17,4.037221853988386,4.041662121186652,3.9941938032416773,4.035234494316635,74551
2018-08-20,4.035234494316635,4.046514551263459,3.7752336684682763,3.7791093946084104,50000
2018-08-21,3.7791093946084104,4.1138311595625385,3.775593079218028,4.108662831733387,50000
2018-08-22,4.108662831733387,4.117999963436051,3.5889427290352387,3.648931340580931,50000
2018-08-23,3.648931340580931,3.898680868236474,3.6401215547362926,3.8639393372202626,50000
2018-08-24,3.8639393372202626,3.869087456897242,3.4567383781763716,3.4682766969006313,57531
2018-08-27,3.4682766969006313,3.695080567574206,3.440988326913032,3.6597273910511956,50000
2018-08-28,3.6597273910511956,3.6654761659440824,3.646122218144532,3.649078537640466,50000
2018-08-29,3.649078537640466,4.13040370657,3.6154127809006256,4.126958359693542,50000
2018-08-30,4.126958359693542,4.129938871519058,4.015774192822381,4.028363185442992,50000
2018-08-31,4.028363185442992,4.0549202269118645,3.59535594150953,3.5967786833648834,50000
2018-09-03,3.5967786833648834,3.611020236644064,3.234394970978995,3.2347707699489807,70783
2018-09-04,3.2347707699489807,3.2985553752162917,3.22177534854681,3.28241560720663,67299
2018-09-05,3.28241560720663,3.2961712726670807,3.254669426206965,3.256685278751055,63843
2018-09-06,3.256685278751055,3.5706773470179245,3.2327788819983407,3.5702872333000735,50000
2018-09-07,3.5702872333000735,3.788059808324861,3.551369457277617,3.757575053264909,50000
2018-09-10,3.757575053264909,3.892117961243947,3.723533757785003,3.86888107227038,50000
2018-09-11,3.86888107227038,3.9319986546279604,3.821056125687373,3.911884302184134,50000
2018-09-12,3.911884302184134,3.9236696173287875,3.579649856954582,3.5882767615973843,50000
2018-09-13,3.5882767615973843,3.692131837072761,3.585883180212413,3.662767302760515,50000
2018-09-14,3.662767302760515,3.742568656194483,3.6216163615486874,3.7370045611780336,50000
2018-09-17,3.7370045611780336,3.764642265425547,3.6696011426130077,3.693542842299882,50000
2018-09-18,3.693542842299882,4.001546345661769,3.688980600638567,3.974181046292542,65734
2018-09-19,3.974181046292542,4.346926125410546,3.9737812719073498,4.33124459224481,50000
2018-09-20,4.33124459224481,4.593087751269948,4.32001119283584,4.554358249253785,50000
2018-09-21,4.554358249253785,4.55967865178209,3.8437729812055843,3.8865812883119757,50000
2018-09-24,3.8865812883119757,3.9024838769579913,3.344856797340516,3.360430980383675,50000
2018-09-25,3.360430980383675,3.904788002432027,3.3441497890509986,3.9019812582191076,65139
2018-09-26,3.9019812582191076,3.9235789154933434,3.7631363648110305,3.784227251949511,50000
2018-09-27,3.784227251949511,3.8049854228691684,3.46520739895192,3.4795342813119308,50000
2018-09-28,3.4795342813119308,3.68349848517938,3.4327727150019913,3.6490970056608787,50000
2018-10-01,3.6490970056608787,3.766251333320726,3.6432401601661875,3.750806923598573,50000
2018-10-02,3.750806923598573,4.181574340566535,3.7385163587943397,4.1685157135694135,50000
2018-10-03,4.1685157135694135,4.440169613965586,4.159463817029471,4.426490885554667,50000
2018-10-04,4.426490885554667,4.698947920003941,4.420549856210483,4.665421815688106,50000
2018-10-05,4.665421815688106,4.691883878287605,4.628937883033081,4.683510216267027,50095
2018-10-08,4.683510216267027,4.7138737623473865,4.317534738515577,4.3278732006900755,50000
2018-10-09,4.3278732006900755,4.955435727750352,4.308731538174275,4.895115980465144,50000
2018-10-10,4.895115980465144,5.148049213268575,4.868813087028099,5.134545384879158,59740
2018-10-11,5.134545384879158,5.145080621256898,4.855431062986877,4.858676704740628,50000
2018-10-12,4.858676704740628,4.916896071432361,4.851608962291383,4.886099961016982,145968
2018-10-15,4.886099961016982,5.317987523611225,4.881199764105752,5.305797277484555,50000
2018-10-16,5.305797277484555,5.753908401488916,5.25524847521142,5.739147168893178,50000
2018-10-17,5.739147168893178,5.754717047590404,5.599459877998004,5.6157830777631474,50000
2018-10-18,5.6157830777631474,5.984754445888533,5.611885200567282,5.9432485117255975,50000
2018-10-19,5.9432485117255975,5.999107996665065,5.8987053613039775,5.991973859493957,139723
2018-10-22,5.991973859493957,6.752235536339181,5.959034265230891,6.713931451627863,50000
2018-10-23,6.713931451627863,6.720660797327939,6.086828245950554,6.137100568630269,50000
2018-10-24,6.137100568630269,6.182349589362854,6.104041455456873,6.1327977062630925,50000
2018-10-25,6.1327977062630925,6.219040269360749,6.12274726490336,6.2117768352741605,50000
2018-10-26,6.2117768352741605,6.249300755036397,6.144725042078654,6.175952935562672,50000
2018-10-29,6.175952935562672,6.183962044418887,5.89974751956583,5.908998622286275,218022
2018-10-30,5.908998622286275,5.950447131486135,5.344811369836848,5.358714502769011,121834
2018-10-31,5.358714502769011,5.372714494198047,5.2146417291131115,5.230453374549625,50000
2018-11-01,5.230453374549625,5.396410494699467,5.2221709466741615,5.383153207283233,85970
2018-11-02,5.383153207283233,5.397743623310709,5.231624786475378,5.247348586142554,50000
2018-11-05,5.247348586142554,5.735302377760392,5.2214270180320455,5.7126044797194595,189710
2018-11-06,5.7126044797194595,5.7849567117257665,5.6531500745481384,5.669484373859692,63158
2018-11-07,5.669484373859692,5.712844146477182,5.604320703949373,5.635969720048794,59773
2018-11-08,5.635969720048794,5.715491762987879,5.632038250829117,5.699874886920223,50000
2018-11-09,5.699874886920223,5.941910953614206,5.699087461088267,5.937289951424654,50000
2018-11-12,5.937289951424654,6.108130828374483,5.935398445922694,6.07394315236768,145387
2018-11-13,6.07394315236768,6.537425769052129,6.031430204243572,6.509289405689755,50000
2018-11-14,6.509289405689755,6.84835342238398,6.46469333898392,6.830115692442026,163732
2018-11-15,6.830115692442026,7.189914562501064,6.779854887889322,7.1399512719662726,50000
2018-11-16,7.1399512719662726,7.530142573287087,7.103239045704397,7.520594250800881,50000
2018-11-19,7.520594250800881,7.643652833254725,7.457427981528776,7.6283453552972516,50000
2018-11-20,7.6283453552972516,7.757180244416253,7.616365257627767,7.734915630831262,50000
2018-11-21,7.734915630831262,8.144363747816007,7.680034337552031,8.078049538326654,50000
2018-11-22,8.078049538326654,8.313427178654688,8.075432563991,8.294903589380406,50000
2018-11-23,8.294903589380406,8.483544179358544,8.229638942025677,8.417735304401738,156929
2018-11-26,8.417735304401738,8.94376972668576,8.38943843430461,8.877366392600793,50000
2018-11-27,8.877366392600793,9.219502919570616,8.831375727391288,9.194936523018082,50000
2018-11-28,9.194936523018082,9.245464382671383,9.058326765389218,9.135067507350552,50000
2018-11-29,9.135067507350552,9.205227531697233,8.122860874682095,8.16565709127488,50000
2018-11-30,8.16565709127488,8.419548759833598,8.138076176719183,8.363084503874735,50000
2018-12-03,8.363084503874735,8.391743377624223,7.546114610413818,7.552921215109459,50000
2018-12-04,7.552921215109459,8.213370434735571,7.526834344835469,8.19060061283539,50000
2018-12-05,8.19060061283539,8.233028216218788,7.824263315894399,7.843016176813492,50000
2018-12-06,7.843016176813492,8.13259253649289,7.786858970795778,8.086870822622892,50000
2018-12-07,8.086870822622892,8.098351798261804,7.9601599876079625,7.990300936737299,50000
2018-12-10,7.990300936737299,7.991648774352047,7.923426645394543,7.946909071074671,50000
2018-12-11,7.946909071074671,7.975469582314464,7.856367700763254,7.865212259122252,50000
2018-12-12,7.865212259122252,7.922801887420491,7.811269635263974,7.819666689847757,56761
2018-12-13,7.819666689847757,8.269085513926008,7.8156892034778345,8.221213057871001,50000
2018-12-14,8.221213057871001,8.23268682811934,8.172894332317451,8.225108145774715,50000
2018-12-17,8.225108145774715,8.95372251723836,8.222181476277392,8.92226989723103,50000
2018-12-18,8.92226989723103,9.440834797921386,8.909342751285001,9.399399568014308,50000
2018-12-19,9.399399568014308,9.565055472004824,9.342423926865973,9.529178679189943,50000
2018-12-20,9.529178679189943,9.730935232729292,9.508266104396766,9.669813389196408,50000
2018-12-21,9.669813389196408,10.145157477172056,9.63389704225608,10.120150043173929,50000
2018-12-24,10.120150043173929,10.230583673253086,10.083985493436273,10.127638120321631,50000
2018-12-25,10.127638120321631,10.137344753084742,9.666125710886124,9.779369517671283,71267
2018-12-26,9.779369517671283,9.80670591479757,9.491021283417988,9.53723579556977,108775
2018-12-27,9.53723579556977,9.55153323548007,9.355039135419718,9.387781686516444,50000
2018-12-28,9.387781686516444,9.41715530406197,9.098693457321673,9.213705702719011,50000
2018-12-31,9.213705702719011,9.29158799850466,8.973163960931922,9.022967987627327,81785
2019-01-01,9.022967987627327,9.120076656125384,9.016553717731144,9.021287322976441,50000
2019-01-02,9.021287322976441,9.837924729599404,8.991235667681519,9.811973175649443,50000
2019-01-03,9.811973175649443,10.138606583610823,9.689601037518047,10.12378450185975,74670
2019-01-04,10.12378450185975,10.321697093330588,10.117711730268534,10.318751405949314,50000
2019-01-07,10.318751405949314,10.528937846317282,10.259393991400074,10.507881216998687,50000
2019-01-08,10.507881216998687,10.66952274083678,10.491351078400742,10.546164749451039,50000
2019-01-09,10.546164749451039,10.637829616347023,10.542845567411765,10.556712796717258,50000
2019-01-10,10.556712796717258,10.598076006158223,10.219587250935394,10.298236725242466,50000
2019-01-11,10.298236725242466,10.299591718720839,9.772145989534788,9.848215687754214,50000
2019-01-14,9.848215687754214,9.908839839477613,9.712379323255004,9.891156582029915,50000
2019-01-15,9.891156582029915,9.917497433861735,9.802426881501157,9.883703981657188,58076
2019-01-16,9.883703981657188,9.91856199606238,9.767384297704687,9.917947386197884,50000
2019-01-17,9.917947386197884,10.111982337874034,9.879257762389946,10.02169512188703,50000
2019-01-18,10.02169512188703,10.546248567357571,9.999130878181838,10.535519659132897,50000
2019-01-21,10.535519659132897,10.587011866004625,10.025410881618761,10.063463702286569,50000
2019-01-22,10.063463702286569,10.123682217961493,10.017826591085315,10.022602246619478,94989
2019-01-23,10.022602246619478,10.256059605031089,9.965943728284016,10.209976660678198,50000
2019-01-24,10.209976660678198,10.759867333827094,10.206295277335137,10.720477811081738,50000
2019-01-25,10.720477811081738,10.851611887343969,10.691761809593263,10.785636562710339,50000
2019-01-28,10.785636562710339,10.807630283986546,10.745802246329053,10.75877656119129,50000
2019-01-29,10.75877656119129,10.864756639451135,10.465823352020646,10.600514078428441,50000
2019-01-30,10.600514078428441,10.710544673613988,10.349457831145445,10.413786402907755,50000
2019-01-31,10.413786402907755,10.607443844374966,10.340031702731121,10.511291646792984,50000
2019-02-01,10.511291646792984,10.545643310101541,10.199332826745724,10.213456348235304,50000
2019-02-04,10.213456348235304,10.289611836076823,9.886900750781644,9.966651048070704,50000
2019-02-05,9.966651048070704,10.050144306419735,9.810811575733688,9.83459104187556,76240
2019-02-06,9.83459104187556,10.042518832397898,9.772131001385015,10.009235499482076,76721
2019-02-07,10.009235499482076,10.139647819100631,9.778300346115909,9.787284378188618,104591
2019-02-08,9.787284378188618,9.863961534740055,9.408162432909174,9.424595266623946,50000
2019-02-11,9.424595266623946,9.557511326643233,9.345275697420488,9.48088825293101,50000
2019-02-12,9.48088825293101,9.50157199081652,9.226865410717714,9.259865287208298,56818
2019-02-13,9.259865287208298,9.289394930518775,9.1834443890998,9.22908708169776,50000
2019-02-14,9.22908708169776,9.309042569703744,9.192463438934787,9.25198985231619,66777
2019-02-15,9.25198985231619,9.314398843359607,9.199603654343566,9.291084806201864,50000
2019-02-18,9.291084806201864,9.465615421493323,9.200471529693608,9.454548930711777,50000
2019-02-19,9.454548930711777,9.527217241466872,9.070686643531037,9.186397009406623,50000
2019-02-20,9.186397009406623,9.391096550990857,9.076743453361136,9.33733439295907,50000
2019-02-21,9.33733439295907,9.3435545189673,9.126577106117592,9.207883718930333,50000
2019-02-22,9.207883718930333,9.26968897650823,8.950373384380464,9.033467243754556,71206
2019-02-25,9.033467243754556,9.06515970797045,8.821654665863337,8.871982914741638,50000
2019-02-26,8.871982914741638,9.097732991412663,8.809724256588439,9.096659115477793,50000
2019-02-27,9.096659115477793,9.113946870574939,8.988509401766416,8.993077930634911,50000
2019-02-28,8.993077930634911,9.06731400422455,8.85668653185173,8.923218665172769,50000
2019-03-01,8.923218665172769,8.955088203731293,8.371624665202674,8.388888740029348,50000
2019-03-04,8.388888740029348,8.468296132348323,8.133141495835742,8.157243352094627,50000
2019-03-05,8.157243352094627,8.213467062423751,7.875038671892261,7.879818657410492,74996
2019-03-06,7.879818657410492,8.053678369800036,7.7661337739709335,8.001683588571662,50000
2019-03-07,8.001683588571662,8.040410053354892,7.647065806546379,7.673153237764075,105739
2019-03-08,7.673153237764075,7.695615640054656,7.441230985783659,7.462551022626493,50000
2019-03-11,7.462551022626493,7.8437616950646385,7.386087725790741,7.812249690948068,50000
2019-03-12,7.812249690948068,7.862694693369047,7.723915605710305,7.747659448250581,50000
2019-03-13,7.747659448250581,7.800504697174784,7.7131477686600585,7.781069921074845,50983
2019-03-14,7.781069921074845,7.848884904488691,7.729785121582063,7.821017951076765,50000
2019-03-15,7.821017951076765,7.976119791186589,7.816742656661106,7.967086674045242,68881
2019-03-18,7.967086674045242,8.370372895660052,7.92850992785663,8.294453738093654,50000
2019-03-19,8.294453738093654,8.3975173835108,8.219260194190728,8.358180226258199,50000
2019-03-20,8.358180226258199,8.565826019801975,8.333825029684185,8.548417577064605,50000
2019-03-21,8.548417577064605,8.628719230119973,8.503439528602492,8.510441118829494,50000
2019-03-22,8.510441118829494,8.523228329493502,8.237041755673589,8.247887053397156,50000
2019-03-25,8.247887053397156,8.339830809064836,8.218815016656368,8.322771604575317,50000
2019-03-26,8.322771604575317,8.328251188833582,8.184717311096472,8.217058383993834,50000
2019-03-27,8.217058383993834,8.234137813436277,7.393580835377154,7.432985705813799,51126
2019-03-28,7.432985705813799,7.561984513096249,7.428385207805195,7.557693171332026,50000
2019-03-29,7.557693171332026,7.626577169104336,6.907205689263171,6.959496142721812,50000
2019-04-01,6.959496142721812,7.203866554346815,6.909727514956176,7.146063534782426,50000
2019-04-02,7.146063534782426,7.184770253452934,6.899465933563248,6.922064672345799,69397
2019-04-03,6.922064672345799,6.948998407381414,6.5816473095758985,6.596558465214163,89399
2019-04-04,6.596558465214163,6.813339008695399,6.5294133204537745,6.785836970476457,85358
2019-04-05,6.785836970476457,6.983065417521312,6.763669537113486,6.943254984237843,50000
2019-04-08,6.943254984237843,6.974514081552678,6.759242726741498,6.8291233992162566,55759
2019-04-09,6.8291233992162566,7.084942566866015,6.793766265326982,7.0385373474506805,69041
2019-04-10,7.0385373474506805,7.64012467963512,6.998822017460387,7.601076820929964,55154
2019-04-11,7.601076820929964,7.601160494834353,7.353168091470595,7.360385842504123,50000
2019-04-12,7.360385842504123,7.379994492113466,6.804689659944948,6.806668715245703,50000
2019-04-15,6.806668715245703,6.929896523380534,6.794361397029538,6.922268483981516,81315
2019-04-16,6.922268483981516,7.193886705494152,6.900709169378113,7.158792358175363,124009
2019-04-17,7.158792358175363,7.491885263578912,7.1079000238167,7.483470988596462,50000
2019-04-18,7.483470988596462,7.490026039945926,7.221298741221233,7.2353006040726955,50000
2019-04-19,7.2353006040726955,7.72774065845179,7.213776173821804,7.660273843427882,50000
2019-04-22,7.660273843427882,7.975193734121619,7.651185972840668,7.972243715041108,50000
2019-04-23,7.972243715041108,8.013910158815793,7.82255893421876,7.8614489553401885,50000
2019-04-24,7.8614489553401885,7.941840364613957,7.774258480269911,7.896826492154637,110687
2019-04-25,7.896826492154637,8.249761153497621,7.879179933661924,8.194126277635322,73201
2019-04-26,8.194126277635322,8.197833437283737,7.745899423709029,7.8046239182184145,50000
2019-04-29,7.8046239182184145,8.263585904986,7.714262748007487,8.199687239050036,69861
2019-04-30,8.199687239050036,8.228621273824649,7.762342446044539,7.786358230890839,147216
2019-05-01,7.786358230890839,8.133949348512223,7.755281915409451,8.050414964527622,50000
2019-05-02,8.050414964527622,8.19658521686369,8.015774981223808,8.122226640027657,50000
2019-05-03,8.122226640027657,8.137365316955945,7.9476062063298,8.076949060510422,167016
2019-05-06,8.076949060510422,8.212455446289024,7.99095098096284,8.122689411548595,50000
2019-05-07,8.122689411548595,8.223360186352455,8.105966320732875,8.203936652165586,50000
2019-05-08,8.203936652165586,8.308465668547681,8.117844207733793,8.274116430266695,50000
2019-05-09,8.274116430266695,8.349305787491424,8.245605492991801,8.317498392190874,50000
2019-05-10,8.317498392190874,8.373725906053972,8.259024539235245,8.259428676526724,50000
2019-05-13,8.259428676526724,8.558371376888946,8.215141207230827,8.527072054076214,50000
2019-05-14,8.527072054076214,8.566453467266678,8.445154350455978,8.53420413861262,50000
2019-05-15,8.53420413861262,9.013021613840177,8.516421076372172,8.985335255438152,50000
2019-05-16,8.985335255438152,9.444991061579746,8.938823020460715,9.421672568420224,50000
2019-05-17,9.421672568420224,10.185310803150053,9.385115238223868,10.160385954429364,110777
2019-05-20,10.160385954429364,10.259916337611457,10.007685227998985,10.221117775719513,51846
2019-05-21,10.221117775719513,10.386456354881892,9.74822346193486,9.80809450641407,78070
2019-05-22,9.80809450641407,9.840286502327638,9.490315403941889,9.603559556334652,52205
2019-05-23,9.603559556334652,9.78357908508045,9.58144189499687,9.76042697963299,50000
2019-05-24,9.76042697963299,9.810961715908158,9.373398674356435,9.386956684963241,62087
2019-05-27,9.386956684963241,9.477350183492806,9.22410274867168,9.265811498804116,51614
2019-05-28,9.265811498804116,9.519970324790336,9.154742523886581,9.44905958778984,50000
2019-05-29,9.44905958778984,9.55036584545299,9.043330559402426,9.08346947584547,50000
2019-05-30,9.08346947584547,9.088172263241333,9.070402593068989,9.0803436966112,50000
2019-05-31,9.0803436966112,9.281671907989782,8.933199306458318,9.274435144438932,50000
2019-06-03,9.274435144438932,9.60288143369302,9.197847755883316,9.601278128571447,50000
2019-06-04,9.601278128571447,9.684674539964876,9.306999167257086,9.33339884757689,50000
2019-06-05,9.33339884757689,9.338826637396966,8.754077084191447,8.76973586537524,50600
2019-06-06,8.76973586537524,8.829069411024143,8.52812282562755,8.565095380965532,50000
2019-06-07,8.565095380965532,8.628323639527474,7.763359342596486,7.768469947989316,50000
2019-06-10,7.768469947989316,7.793044540997245,7.068102304412606,7.129557835023186,78047
2019-06-11,7.129557835023186,7.163590453067844,7.045962587775923,7.047945063341946,50000
2019-06-12,7.047945063341946,7.080683160102704,6.865922511549588,6.923409382640484,129750
2019-06-13,6.923409382640484,6.966122680408028,6.5187968975090875,6.536115097577499,50000
2019-06-14,6.536115097577499,6.57251285609572,6.084875034996027,6.10402045602498,64361
2019-06-17,6.10402045602498,6.115625822785125,5.801831875973312,5.816358104499688,127598
2019-06-18,5.816358104499688,6.619688172187456,5.781403213136116,6.609344990268377,50000
2019-06-19,6.609344990268377,6.633889794533457,6.523566996093779,6.569217566262411,50000
2019-06-20,6.569217566262411,6.571948381306776,6.12010369642186,6.133649477432327,50000
2019-06-21,6.133649477432327,6.147504214957944,5.964091954029476,5.972043320971531,50000
2019-06-24,5.972043320971531,5.980542589750282,5.821228973042844,5.852520381421467,51623
2019-06-25,5.852520381421467,5.993764250141065,5.8201057995302685,5.95820849926639,56667
2019-06-26,5.95820849926639,5.974930629464685,5.953129718850225,5.972020915864734,50000
2019-06-27,5.972020915864734,6.074740052645897,5.910642425128644,6.007168035759639,50000
2019-06-28,6.007168035759639,6.301434263317213,5.99801414043394,6.26477461851745,78861
2019-07-01,6.26477461851745,6.313848057321569,5.989712063032191,5.999721380372214,50000
2019-07-02,5.999721380372214,6.031331924478153,5.73272672936808,5.7774685937437855,50000
2019-07-03,5.7774685937437855,5.917967916453868,5.762112897433803,5.901683339576006,50000
2019-07-04,5.901683339576006,5.909944595268953,5.733676783181575,5.78633562198065,105351
2019-07-05,5.78633562198065,6.158658413958755,5.768210894705236,6.086614023478292,50000
2019-07-08,6.086614023478292,6.123146373730796,5.552403710379672,5.599844524070763,50000
2019-07-09,5.599844524070763,5.7793072503001355,5.5303457530344104,5.7073246973523375,50000
2019-07-10,5.7073246973523375,5.725533586903121,5.5697833267431776,5.581599255447902,50000
2019-07-11,5.581599255447902,5.5863912822080115,5.485220009702478,5.50079407669195,67092
2019-07-12,5.50079407669195,5.577759399409347,5.48955037530186,5.51143213658144,50000
2019-07-15,5.51143213658144,5.6292583353500785,5.494500987548179,5.598867860915713,50000
2019-07-16,5.598867860915713,5.605637718053002,5.546776842716445,5.5647137260727035,63793
2019-07-17,5.5647137260727035,5.7831901506668055,5.486931978212755,5.767233260889862,50000
2019-07-18,5.767233260889862,5.7793945908803375,5.567612429513289,5.574127217257822,85185
2019-07-19,5.574127217257822,5.851960576629871,5.541798723258697,5.838894164799194,50000
2019-07-22,5.838894164799194,5.875666932670077,5.74990489640661,5.7722697628093655,50000
2019-07-23,5.7722697628093655,6.118923066531324,5.746397560333601,6.095576531542829,50000
2019-07-24,6.095576531542829,6.135473864515648,5.838988213001827,5.847974399525649,50000
2019-07-25,5.847974399525649,6.199203242783373,5.835219320805523,6.1813914079964905,50000
2019-07-26,6.1813914079964905,6.498096302331902,6.168422398482432,6.438866808678718,50000
2019-07-29,6.438866808678718,6.460663363098398,6.406685823327135,6.4107179090965305,50000
2019-07-30,6.4107179090965305,6.431737595040053,5.711729893645744,5.745883955510043,50000
2019-07-31,5.745883955510043,5.753496490422194,5.415349531216433,5.437407808838141,82907
2019-08-01,5.437407808838141,5.643987908282119,5.434153400097345,5.641862985399915,50000
2019-08-02,5.641862985399915,5.992181828682121,5.633177802561451,5.970729466274727,185848
2019-08-05,5.970729466274727,6.106599070232491,5.950247749751591,6.078306997046923,63937
2019-08-06,6.078306997046923,6.215428224290254,6.060326088202086,6.210959927239182,50000
2019-08-07,6.210959927239182,6.212900159810302,6.1062146353989535,6.10803063752951,50000
2019-08-08,6.10803063752951,6.539602745282486,6.088697162634511,6.479730260577229,50000
2019-08-09,6.479730260577229,6.989894738853217,6.447603644254255,6.897522039447352,50000
2019-08-12,6.897522039447352,7.507579755897024,6.8854624862245535,7.462178811265014,83519
2019-08-13,7.462178811265014,7.49343544021004,7.2464889368964585,7.323066768945456,50000
2019-08-14,7.323066768945456,7.722467018141555,7.271799566801138,7.659935935104454,117860
2019-08-15,7.659935935104454,7.666102665197105,7.368700561032457,7.444305888025864,50000
2019-08-16,7.444305888025864,7.545807595277404,7.253435458372453,7.329507197641492,50000
2019-08-19,7.329507197641492,7.799518549977527,7.206632545434799,7.743000717926996,50000
2019-08-20,7.743000717926996,7.874566543269713,7.7016455944511435,7.848150623364254,61365
2019-08-21,7.848150623364254,8.275177681194704,7.763172836608054,8.20359831342992,50000
2019-08-22,8.20359831342992,8.225024960902324,7.781219727238955,7.850805954521349,50000
2019-08-23,7.850805954521349,7.909711436547497,7.808988809653022,7.814461657660543,72140
2019-08-26,7.814461657660543,7.934725582036355,7.810439031073045,7.883285244457778,50000
2019-08-27,7.883285244457778,8.080095428064137,7.7995548864430315,8.06420035005781,50000
2019-08-28,8.06420035005781,8.07908480336239,7.819094929106506,7.830716817412507,105316
2019-08-29,7.830716817412507,7.925506687380471,7.300360612213407,7.342222134086872,50000
2019-08-30,7.342222134086872,7.346957093382604,7.079323901478587,7.083439116980477,50000
2019-09-02,7.083439116980477,7.613715267266735,7.070470688574584,7.603139994464852,73943
2019-09-03,7.603139994464852,7.805539466996174,7.529491965825672,7.785409564584975,50000
2019-09-04,7.785409564584975,7.828374441974097,7.263957836636306,7.292107697172355,50000
2019-09-05,7.292107697172355,7.950995644146823,7.260082150164364,7.943873512785809,88046
2019-09-06,7.943873512785809,7.99046720698938,7.816574098470385,7.831172749679938,50000
2019-09-09,7.831172749679938,8.19555203705203,7.8157727252244955,8.1377741785382,66945
2019-09-10,8.1377741785382,8.203415250855947,8.075304229053963,8.16443812689054,80303
2019-09-11,8.16443812689054,8.709998024538653,8.14573785772873,8.624505312707612,75597
2019-09-12,8.624505312707612,8.65115612533892,8.412486128585813,8.478671654379296,50000
2019-09-13,8.478671654379296,8.862797980996529,8.437349977784214,8.809132999943143,61875
2019-09-16,8.809132999943143,8.911298087894691,8.760946440798302,8.787972627090976,50000
2019-09-17,8.787972627090976,8.81771766822733,8.758574990904314,8.775903610598448,72330
2019-09-18,8.775903610598448,8.908303456476167,8.74771288745157,8.854423367877702,50000
2019-09-19,8.854423367877702,8.930911132414472,8.609126296608697,8.701730753115276,50000
2019-09-20,8.701730753115276,8.864633373098288,8.701282880893208,8.800703500121006,67482
2019-09-23,8.800703500121006,8.822482628569977,8.428795569355426,8.463073674079212,50000
2019-09-24,8.463073674079212,8.480526534575102,8.134387527697884,8.173962078950572,91260
2019-09-25,8.173962078950572,8.288408856184935,8.170178348978572,8.259413079273152,50000
2019-09-26,8.259413079273152,8.286460537374316,8.254200106258738,8.255435297202212,84836
2019-09-27,8.255435297202212,8.583102720744897,8.194382066177475,8.574473355505297,50000
2019-09-30,8.574473355505297,8.585197635603102,8.421090826304477,8.481127519318262,50000
2019-10-01,8.481127519318262,8.59416190580228,8.463863643858941,8.559049215870617,50000
2019-10-02,8.559049215870617,9.045344420839575,8.558562852809256,8.984079345623591,60586
2019-10-03,8.984079345623591,9.07449257816103,8.708947351000349,8.770851049314915,50000
2019-10-04,8.770851049314915,8.902396993583682,8.17063792875747,8.200554055584671,50000
2019-10-07,8.200554055584671,8.266039127432448,8.17722887915993,8.209741531195514,308914
2019-10-08,8.209741531195514,8.829755737621708,8.19222537483485,8.658367110860883,50000
2019-10-09,8.658367110860883,8.708833283597949,8.526231415708423,8.53897449978329,88012
2019-10-10,8.53897449978329,8.908085253453358,8.523535507585688,8.886164893628345,50000
2019-10-11,8.886164893628345,8.908220630969367,8.545786277604213,8.560202629986383,50025
2019-10-14,8.560202629986383,8.853299029746884,8.553533874872764,8.808872814076286,57538
2019-10-15,8.808872814076286,8.90778379691094,8.64639697697026,8.696119872536503,50000
2019-10-16,8.696119872536503,8.728260001738326,8.222538135677445,8.28623838667954,50000
2019-10-17,8.28623838667954,8.351129138065243,8.060185360950431,8.077970507941657,50000
2019-10-18,8.077970507941657,8.180959998155997,8.068941811730152,8.078090710463327,53379
2019-10-21,8.078090710463327,8.110324597387836,7.23482871222234,7.236234625526991,50000
2019-10-22,7.236234625526991,7.53503089681419,7.235902050147038,7.522624623891564,83392
2019-10-23,7.522624623891564,7.875568635555242,7.5012599524060715,7.837383970132586,50000
2019-10-24,7.837383970132586,8.119898739314399,7.786160364070288,8.110576866380093,50000
2019-10-25,8.110576866380093,8.166587125160103,7.606977733116859,7.633861336558699,50000
2019-10-28,7.633861336558699,7.803939940850492,7.597793442079214,7.798852506573592,67711
2019-10-29,7.798852506573592,7.820028771050863,7.711570877513531,7.7119772110170866,50000
2019-10-30,7.7119772110170866,8.2054102856272,7.620736696376824,8.200469672715457,50000
2019-10-31,8.200469672715457,8.46926621680001,8.156259306540864,8.463029386016775,50000
2019-11-01,8.463029386016775,8.510494986896267,8.381597105164307,8.394331961888788,50000
2019-11-04,8.394331961888788,8.77171191556963,8.391328107091654,8.751747243852675,58140
2019-11-05,8.751747243852675,9.20343011975957,8.720308611322169,9.104674440605555,50000
2019-11-06,9.104674440605555,9.13077502177628,8.879818162816669,8.909980297878674,55593
2019-11-07,8.909980297878674,8.987976825744301,8.547205096887359,8.605003435859759,50000
2019-11-08,8.605003435859759,9.479793568395388,8.558843336172126,9.467433533666373,50000
2019-11-11,9.467433533666373,9.502372939715936,9.176533737312244,9.219598611496881,50000
2019-11-12,9.219598611496881,9.373851338666684,9.120269507984434,9.369505148497732,50000
2019-11-13,9.369505148497732,9.432026038601592,9.187748558222852,9.285161830333514,159702
2019-11-14,9.285161830333514,9.397740286945224,9.278211075380337,9.360638466276662,54363
2019-11-15,9.360638466276662,9.47985119419896,9.246309030407064,9.425560647058052,50000
2019-11-18,9.425560647058052,9.4720294053887,9.354507050562752,9.424170521498288,54829
2019-11-19,9.424170521498288,9.44317341625336,9.28937318913456,9.348152221088533,50000
2019-11-20,9.348152221088533,9.516482474218883,9.282122469342449,9.464884549010517,50000
2019-11-21,9.464884549010517,9.846759384554481,9.452860741587394,9.817438408652633,72891
2019-11-22,9.817438408652633,9.907891776226775,9.385531552291178,9.530591394758913,50000
2019-11-25,9.530591394758913,9.943575091325263,9.507467331516033,9.88633753227867,75824
2019-11-26,9.88633753227867,9.918157879146904,9.58012338751543,9.629623521046035,50000
2019-11-27,9.629623521046035,9.727397889443733,9.622187421583721,9.717649704572915,50000
2019-11-28,9.717649704572915,10.221849757452688,9.717163368619891,10.086173030697687,140666
2019-11-29,10.086173030697687,10.383516912819179,10.035554716190381,10.380479477860089,50000
2019-12-02,10.380479477860089,10.45112632191711,10.263584857460929,10.324799495582539,50000
2019-12-03,10.324799495582539,10.865248600732066,10.308223698659727,10.862220018072012,60798
2019-12-04,10.862220018072012,11.046903251625597,10.769609861074247,10.88901120303856,50000
2019-12-05,10.88901120303856,11.05519313347542,10.846145984984492,10.95543455869163,50000
2019-12-06,10.95543455869163,11.12621760890319,10.812513413701096,10.875194495750769,78766
2019-12-09,10.875194495750769,11.539917785923453,10.868994359328141,11.519635817014148,50000
2019-12-10,11.519635817014148,11.808041158248924,11.515143551568784,11.758599905336263,50000
2019-12-11,11.758599905336263,11.787285616361403,11.602112091951032,11.655835217306715,50000
2019-12-12,11.655835217306715,11.71770392395629,11.100134894824405,11.155713440490272,50000
2019-12-13,11.155713440490272,11.159250040342977,11.087453139652956,11.097671923379655,50000
2019-12-16,11.097671923379655,11.659846894909219,11.017699699993393,11.636883938344367,50000
2019-12-17,11.636883938344367,11.789635416024074,11.626902656695162,11.742063752876835,50000
2019-12-18,11.742063752876835,11.750178785306748,10.73121861233313,10.785992649977905,50000
2019-12-19,10.785992649977905,10.928937330048036,10.696650083015161,10.886778196182531,90349
2019-12-20,10.886778196182531,10.930602267379394,10.604736009091962,10.653840667422967,57594
2019-12-23,10.653840667422967,10.882412383100789,10.615319897664923,10.865897023391232,50000
2019-12-24,10.865897023391232,10.99689881147498,10.779133990335811,10.841709527828181,50000
2019-12-25,10.841709527828181,10.970934076856466,10.821357261128092,10.907725713286137,52471
2019-12-26,10.907725713286137,11.443450897915403,10.89497103862854,11.391930902806852,86142
2019-12-27,11.391930902806852,11.496474590418783,11.308887246550842,11.435579032186256,50000
2019-12-30,11.435579032186256,11.436191897291067,11.00865884821507,11.10502348531982,50000
2019-12-31,11.10502348531982,11.74398057864282,11.100648875525684,11.57562043607701,50000
2020-01-01,11.57562043607701,11.987892670372146,11.477828239933032,11.8986041713263,50000
2020-01-02,11.8986041713263,11.930501763522111,11.588392551112412,11.66194325756546,150149
2020-01-03,11.66194325756546,11.703547846590313,11.10210539369917,11.13687203929147,50000
2020-01-06,11.13687203929147,11.920956655266375,11.082309638526947,11.878764626450812,50000
2020-01-07,11.878764626450812,11.900881498063214,11.69053023330061,11.748837055038862,50000
2020-01-08,11.748837055038862,11.780516854068209,11.489638108701412,11.53376100873913,50000
2020-01-09,11.53376100873913,11.559986664480236,10.901714928196604,11.010288301850732,101938
2020-01-10,11.010288301850732,11.13135905480096,10.97882209612986,11.073463878723514,63812
2020-01-13,11.073463878723514,11.139489186189744,11.028727053787398,11.108620872762263,50000
2020-01-14,11.108620872762263,11.37384645264292,11.061444888027415,11.333944369242623,73047
2020-01-15,11.333944369242623,11.37941407621296,11.169382077006597,11.185984410792004,50000
2020-01-16,11.185984410792004,11.215655111840858,10.963833665444385,11.048106466152598,50000
2020-01-17,11.048106466152598,11.14847319010531,10.895389604028665,10.91648543912288,50000
2020-01-20,10.91648543912288,10.99869016767633,10.795505737593816,10.807675253577239,50000
2020-01-21,10.807675253577239,11.302639769875487,10.742615687541566,11.176141708016324,50000
2020-01-22,11.176141708016324,11.357415956938977,11.154436009995505,11.353974230598862,50000
2020-01-23,11.353974230598862,11.464658257642595,11.24174805983492,11.45241023535421,50000
2020-01-24,11.45241023535421,11.490399427464698,11.288191065299115,11.337697614222249,98831
2020-01-27,11.337697614222249,11.869252190209068,11.312681717813478,11.828501354211502,51337
2020-01-28,11.828501354211502,12.140087432048755,11.778280662451936,12.116582466360606,50000
2020-01-29,12.116582466360606,12.181767642539793,11.542086521517419,11.60260535297621,51416
2020-01-30,11.60260535297621,11.655241479602706,11.506933573276681,11.576423069380924,53036
2020-01-31,11.576423069380924,11.631405085312124,11.361780324499488,11.411108366570508,50000
2020-02-03,11.411108366570508,11.421673678000019,11.218764319768022,11.266795390234302,50000
2020-02-04,11.266795390234302,11.849735081057782,11.23949973032305,11.713258884269932,50000
2020-02-05,11.713258884269932,11.802665373851001,11.676969969877772,11.770320645137152,50000
2020-02-06,11.770320645137152,12.112871185614154,11.712205648010457,12.046549310232287,50000
2020-02-07,12.046549310232287,12.166796039282321,11.99285725629021,12.130300477664857,50000
2020-02-10,12.130300477664857,12.137534288871036,12.000514625349533,12.025726945543953,50000
2020-02-11,12.025726945543953,12.026805292188767,11.845788834224923,11.858264185352226,50000
2020-02-12,11.858264185352226,12.328584735243021,11.848652120250568,12.264254711249547,58395
2020-02-13,12.264254711249547,12.337525433152978,11.85741020857676,11.902161836835345,50000
2020-02-14,11.902161836835345,12.294947433369929,11.897737925368297,12.252937018445373,108082
2020-02-17,12.252937018445373,12.39182379593356,12.178704051452645,12.2072139645117,50000
2020-02-18,12.2072139645117,12.235023053564726,11.622063464616007,11.768015485306996,50000
2020-02-19,11.768015485306996,11.817543630612473,11.222737596757936,11.23383563021849,50000
2020-02-20,11.23383563021849,11.907021935503478,11.17514100586635,11.829858991129289,83198
2020-02-21,11.829858991129289,11.85931006969862,11.75629837246144,11.780184753498574,68480
2020-02-24,11.780184753498574,12.353059943233914,11.765259604988099,12.295476496970796,50000
2020-02-25,12.295476496970796,12.602449191200408,12.25128893948666,12.494948946350602,50000
2020-02-26,12.494948946350602,12.768571449149775,12.407628864056706,12.676473221434124,50000
2020-02-27,12.676473221434124,13.328488554615031,12.600250141099371,13.138491161685478,50000
2020-02-28,13.138491161685478,13.21294591059072,12.473095131344381,12.489662036402237,64681
2020-03-02,12.489662036402237,12.576740293985575,12.220449906703754,12.242948633208755,50000
2020-03-03,12.242948633208755,12.244115398355301,12.227837628360918,12.237505982224535,50000
2020-03-04,12.237505982224535,12.285258610562352,11.836827825894517,11.8579808264353,50000
2020-03-05,11.8579808264353,11.940948676723838,11.359379944027335,11.387506020954458,71736
2020-03-06,11.387506020954458,11.539284467924162,11.377146769826544,11.528682115911772,75299
2020-03-09,11.528682115911772,11.60933010061488,11.458190698756443,11.573350795859634,71323
2020-03-10,11.573350795859634,11.703079991481559,11.563792910726098,11.601168924153361,99275
2020-03-11,11.601168924153361,11.876945682240107,11.513101317941679,11.822700569086106,55310
2020-03-12,11.822700569086106,11.991221954904866,11.698300751667416,11.768243864815283,50000
2020-03-13,11.768243864815283,11.854997759447462,11.528091633437523,11.55370118229666,50000
2020-03-16,11.55370118229666,11.607923179663445,11.289376275874266,11.308882068369849,50000
2020-03-17,11.308882068369849,11.398933722631783,11.288625293544044,11.355920711849365,50000
2020-03-18,11.355920711849365,11.372184154965495,11.240691380590238,11.280221434610342,50000
2020-03-19,11.280221434610342,11.355374335836935,11.038067319492574,11.049132324386251,50000
2020-03-20,11.049132324386251,11.092112091129145,10.972206011298915,10.974910965904183,74345
2020-03-23,10.974910965904183,10.983937890476279,10.889129677880316,10.94409095129005,60458
2020-03-24,10.94409095129005,11.064102221476933,10.880761168646675,11.002150614958726,50000
2020-03-25,11.002150614958726,11.046940778579215,10.801915580595963,10.87109939195178,50000
2020-03-26,10.87109939195178,10.887050700872447,10.707516532543847,10.737782223000758,50000
2020-03-27,10.737782223000758,10.74332964538109,10.507155769587978,10.609495244663172,50000
2020-03-30,10.609495244663172,11.060155726090347,10.517571431574199,11.053640386559877,50000
2020-03-31,11.053640386559877,11.059490309501724,10.670940263304889,10.673870484752635,50000
2020-04-01,10.673870484752635,10.941086520575157,10.653945913108057,10.90314808477737,50000
2020-04-02,10.90314808477737,11.116014470256017,10.892242246294622,11.022190810859517,75492
2020-04-03,11.022190810859517,11.030358300406764,10.823857177277747,10.882141863514113,50000
2020-04-06,10.882141863514113,10.959604894580968,10.831390429637562,10.919236063238626,103914
2020-04-07,10.919236063238626,11.037559601767688,10.872005718031911,10.906106808256844,85298
2020-04-08,10.906106808256844,10.915226707133586,10.327557418969462,10.406365722871184,82424
2020-04-09,10.406365722871184,10.419108599769654,10.219201905638219,10.22630530778366,50000
2020-04-10,10.22630530778366,10.59082772577154,10.223325945377063,10.52815269247809,50000
2020-04-13,10.52815269247809,10.625114927217494,10.471560893346524,10.587971653893925,50000
2020-04-14,10.587971653893925,11.209819828537617,10.51442602669729,11.081285843012065,50000
2020-04-15,11.081285843012065,11.149920761583948,10.860955538464662,10.880012582826037,116649
2020-04-16,10.880012582826037,11.030268486142912,10.539493162058509,10.570486785333156,50000
2020-04-17,10.570486785333156,10.570908573472993,10.234487378087767,10.297357228140811,50000
2020-04-20,10.297357228140811,10.329490464312645,9.951941945251653,9.996878222161744,117201
2020-04-21,9.996878222161744,10.063626323324044,9.92794192592758,9.98544419757439,50000
2020-04-22,9.98544419757439,10.944869375392486,9.934813650102086,10.943074788567221,50000
2020-04-23,10.943074788567221,10.999331718855474,10.407918042239135,10.452778080759966,50000
2020-04-24,10.452778080759966,10.549766578544066,10.333380082598874,10.33568187150039,50000
2020-04-27,10.33568187150039,10.36124307430009,10.208474059734906,10.223532192324214,50000
2020-04-28,10.223532192324214,10.232235997137316,9.97795725493161,10.02106159724822,106650
2020-04-29,10.02106159724822,10.07968242939218,9.889083850195322,9.979953421895642,160904
2020-04-30,9.979953421895642,10.592753073433878,9.945304268278534,10.585412192258762,56478
2020-05-01,10.585412192258762,10.828239912431812,10.526239393681307,10.816385940719247,179910
2020-05-04,10.816385940719247,10.94172072316355,10.71256454976548,10.889375005840298,50000
2020-05-05,10.889375005840298,11.258709330779425,10.85489682755178,11.179142633384332,131855
2020-05-06,11.179142633384332,11.253644666181936,11.109843953327717,11.247885484292548,50000
2020-05-07,11.247885484292548,11.293665983378308,10.769159372937281,10.817053048254753,50000
2020-05-08,10.817053048254753,11.323609157723062,10.797863085932166,11.292242457959926,61304
2020-05-11,11.292242457959926,11.354248893373976,10.77455245621601,10.912328074109444,50000
2020-05-12,10.912328074109444,11.39447402176356,10.909233586133833,11.366431708173371,70452
2020-05-13,11.366431708173371,11.383922632878068,11.244425079622065,11.253188446833615,50000
2020-05-14,11.253188446833615,11.259821347841884,11.12362243161224,11.127088464574221,50000
2020-05-15,11.127088464574221,11.190426114839399,10.971941851331215,11.18592720947913,50000
2020-05-18,11.18592720947913,11.459624385020328,11.124642299939183,11.422419198856353,50000
2020-05-19,11.422419198856353,11.44251359593668,10.44969127541976,10.467030181219576,50000
2020-05-20,10.467030181219576,10.498714153817,10.434140750750295,10.447842635916825,50000
2020-05-21,10.447842635916825,10.528670647694705,10.104819632281702,10.119419678432356,50000
2020-05-22,10.119419678432356,10.130873131756308,9.990278527550934,10.034215868687635,50000
2020-05-25,10.034215868687635,10.310366803116425,9.94857816828148,10.225104462794565,67126
2020-05-26,10.225104462794565,10.537057387950702,10.200543261643976,10.520885496491415,286295
2020-05-27,10.520885496491415,10.584890007669333,10.397314777815232,10.441467928180675,50000
2020-05-28,10.441467928180675,10.61956066832849,10.387836005166767,10.500105100320653,77073
2020-05-29,10.500105100320653,10.539496126429913,10.363268258825759,10.410911859807488,50000
2020-06-01,10.410911859807488,10.504387367616985,10.408926968977383,10.45581528591032,55191
2020-06-02,10.45581528591032,10.535570630983662,10.341009632226738,10.503906010298712,50000
2020-06-03,10.503906010298712,10.58163077207209,10.331731444918033,10.457843639513882,50000
2020-06-04,10.457843639513882,10.560131553031365,10.309795811787325,10.325191786744897,50000
2020-06-05,10.325191786744897,10.546902047214354,10.276537251887872,10.418725136220386,50000
2020-06-08,10.418725136220386,10.612581622869719,10.41094037005361,10.58836062946416,50000
2020-06-09,10.58836062946416,10.69744147028851,10.3147997594592,10.359058168816713,50000
2020-06-10,10.359058168816713,10.363510437364104,10.318327261470008,10.32243664697361,50000
2020-06-11,10.32243664697361,10.456017032081618,10.29521719320078,10.400884183137883,50000
2020-06-12,10.400884183137883,10.468351431090127,10.356694032545995,10.459776884725237,60586
2020-06-15,10.459776884725237,10.737910443647836,10.459320438317093,10.566601972806701,72744
2020-06-16,10.566601972806701,10.635465686940066,10.306171018654569,10.35481812282142,73933
2020-06-17,10.35481812282142,10.754882212424635,10.32726959880575,10.70866719606489,50000
2020-06-18,10.70866719606489,10.864292199850565,10.28213357959497,10.407386892892395,51061
2020-06-19,10.407386892892395,10.61264943937966,10.321639227453181,10.544880607985144,50000
2020-06-22,10.544880607985144,10.572907092072866,10.11265016269234,10.12191435565359,50000
2020-06-23,10.12191435565359,10.631026753500727,10.045538063409161,10.59105966539756,63862
2020-06-24,10.59105966539756,10.647556895660646,10.531833841501024,10.608634125725885,71863
2020-06-25,10.608634125725885,10.782735991145096,10.602331728623307,10.721434072208526,103679
2020-06-26,10.721434072208526,10.999450190651542,10.695704273521628,10.88066185115318,50000
2020-06-29,10.88066185115318,10.886700138463898,10.409528820898794,10.429770153019742,50000
2020-06-30,10.429770153019742,10.574025196474864,10.312744920892646,10.323927550259285,96280
2020-07-01,10.323927550259285,10.951164511187839,10.297101115563585,10.93844877794808,233656
2020-07-02,10.93844877794808,11.421961459588399,10.877438419917617,11.348621235416779,69582
2020-07-03,11.348621235416779,11.349411321213585,10.974122627664197,10.978383086613873,50000
2020-07-06,10.978383086613873,11.027493350938405,10.712781047332104,10.761117316477234,50000
2020-07-07,10.761117316477234,10.781067148509779,10.302871620942186,10.323889545136375,50000
2020-07-08,10.323889545136375,10.46614750055875,9.615089233582815,9.646258835292427,50000
2020-07-09,9.646258835292427,9.828908384934856,9.627053352393615,9.820862699573246,50000
2020-07-10,9.820862699573246,10.212271982137912,9.779834417850923,10.193760524471307,50000
2020-07-13,10.193760524471307,10.665177491371646,10.183673016179293,10.634756103467314,286094
2020-07-14,10.634756103467314,10.731062274230153,10.386073258866887,10.39727731456848,50000
2020-07-15,10.39727731456848,10.440341725133939,10.09892537507552,10.16374730900303,50000
2020-07-16,10.16374730900303,10.404911194827688,10.097781509997303,10.332753058511678,50000
2020-07-17,10.332753058511678,10.551244915277936,10.2818708514756,10.51492342689971,76631
2020-07-20,10.51492342689971,10.606130236311536,10.173793000524414,10.188279104497916,50000
2020-07-21,10.188279104497916,10.24361136824888,10.016332547787545,10.026853625341419,72090
2020-07-22,10.026853625341419,10.058369652462314,9.800758285769543,9.861171274795229,119772
2020-07-23,9.861171274795229,10.11121527582862,9.82829765114219,10.094589720204537,50000
2020-07-24,10.094589720204537,10.104033769066618,9.743105693017911,9.77358650269483,50000
2020-07-27,9.77358650269483,10.109639277846657,9.686690710656773,10.051484156643918,50000
2020-07-28,10.051484156643918,10.251628007349172,10.042388803430217,10.243208622583325,50000
2020-07-29,10.243208622583325,10.329150744489144,10.131557314512873,10.255368077285212,50000
2020-07-30,10.255368077285212,10.580561950401261,10.22538532096841,10.510294367904478,50000
2020-07-31,10.510294367904478,10.599800060656015,10.10775622716275,10.11852584139797,50000
2020-08-03,10.11852584139797,10.139554410446195,9.56797700741741,9.59843290447095,50000
2020-08-04,9.59843290447095,9.602188188065444,9.170040748930134,9.180306073816167,50000
2020-08-05,9.180306073816167,9.18492708099598,9.090701592687228,9.095341780797632,138009
2020-08-06,9.095341780797632,9.096676082631038,8.704517941640644,8.7719848142264,50000
2020-08-07,8.7719848142264,8.818107599116551,8.46980672824728,8.488763697150617,50000
2020-08-10,8.488763697150617,8.539834995017333,7.768906688605414,7.824584311582175,50000
2020-08-11,7.824584311582175,8.4190563515257,7.778946107858458,8.370900356465812,50000
2020-08-12,8.370900356465812,8.744758683311083,8.339589487932813,8.692268677324686,50000
2020-08-13,8.692268677324686,9.198981631457771,8.656328558972817,9.135861906567177,50000
2020-08-14,9.135861906567177,9.337829940066324,9.053896749084178,9.307866018315384,50000
2020-08-17,9.307866018315384,9.554740708370707,9.27837248366918,9.488263611981091,106442
2020-08-18,9.488263611981091,9.870107221008116,9.476320356366482,9.848287838536985,54383
2020-08-19,9.848287838536985,9.90855082231839,9.7437344169239,9.749126944236702,50000
2020-08-20,9.749126944236702,9.947177431055167,9.657256105502656,9.910900051650808,170970
2020-08-21,9.910900051650808,10.736021987669666,9.75392700483879,10.649343739455098,50000
2020-08-24,10.649343739455098,10.692586333383513,10.600151255702993,10.680132207106588,50000
2020-08-25,10.680132207106588,10.864479454751223,10.662416125033042,10.72119471464123,50000
2020-08-26,10.72119471464123,10.730573201019054,10.515033301047882,10.639155740362334,50000
2020-08-27,10.639155740362334,10.670584082585519,10.120013775228594,10.195376914363623,50000
2020-08-28,10.195376914363623,10.717906640751252,10.161972432346799,10.627743392501454,82465
2020-08-31,10.627743392501454,10.637131509309718,10.11215838684956,10.194277880633553,50000
2020-09-01,10.194277880633553,10.401528094247885,10.096973805558504,10.294110020979444,50000
2020-09-02,10.294110020979444,10.458309621653049,10.241083827449842,10.451795157482033,50000
2020-09-03,10.451795157482033,10.590984231461364,10.391570290001338,10.403245853489226,87859
2020-09-04,10.403245853489226,10.502484752005158,10.381273487101751,10.443859718639382,50000
2020-09-07,10.443859718639382,10.852147798207698,10.431745676178666,10.820822472210056,50000
2020-09-08,10.820822472210056,11.017120391898048,10.695030355022752,11.000414865830791,53753
2020-09-09,11.000414865830791,11.03605330920334,10.771070859455493,10.783590407887244,50000
2020-09-10,10.783590407887244,11.085954538166945,10.660566819955891,11.072655698683697,54530
2020-09-11,11.072655698683697,11.751327533651962,11.023003339475963,11.67924158331869,50000
2020-09-14,11.67924158331869,11.76687190883229,11.657502813573954,11.753094578915213,50000
2020-09-15,11.753094578915213,11.79789649094157,11.552169036455233,11.563041807435274,50000
2020-09-16,11.563041807435274,11.678453358771534,11.436994482704915,11.472885982223417,50000
2020-09-17,11.472885982223417,12.094464473357478,11.46032469076972,12.033181200249492,50000
2020-09-18,12.033181200249492,12.737366138369381,11.908443855009331,12.684754122488572,50000
2020-09-21,12.684754122488572,13.08436836837427,12.577721007861065,12.952058300125238,59881
2020-09-22,12.952058300125238,13.07661381317187,12.64254788253805,12.81337486590723,61013
2020-09-23,12.81337486590723,12.912905815524791,12.800934101620301,12.882506567761887,50000
2020-09-24,12.882506567761887,12.916180292294493,12.59553448843764,12.780994709730072,59871
2020-09-25,12.780994709730072,12.86560774259291,12.758423757596509,12.840105097930454,57901
2020-09-28,12.840105097930454,13.269512730872679,12.788786079681818,13.229276670684145,62167
2020-09-29,13.229276670684145,13.340762506034405,13.038183289797002,13.108413426983422,50000
2020-09-30,13.108413426983422,13.328977044775424,12.868419819786212,12.906856610429868,58484
2020-10-01,12.906856610429868,13.050444672826318,12.869716969452917,12.886976630840678,52794
2020-10-02,12.886976630840678,12.978637417908628,12.53188718317706,12.639347973439094,50000
2020-10-05,12.639347973439094,13.324589033368923,12.603877376663812,13.207493784851954,60273
2020-10-06,13.207493784851954,13.23639845411573,12.070637845246997,12.138146104996082,50000
2020-10-07,12.138146104996082,12.360986838609731,12.08968866433782,12.270816004752096,50209
2020-10-08,12.270816004752096,12.271879106166393,11.653543781646503,11.691134278107333,56128
2020-10-09,11.691134278107333,11.748221175522874,11.449038624447281,11.48385042356839,50000
2020-10-12,11.48385042356839,11.626410191717593,11.28965903766083,11.369885023933424,50000
2020-10-13,11.369885023933424,11.378978264391423,11.208582019434516,11.299457263454263,52065
2020-10-14,11.299457263454263,11.377213716733106,10.734351218412293,10.76014382168728,69090
2020-10-15,10.76014382168728,11.215647748185866,10.71764947605229,11.091817681631264,50000
2020-10-16,11.091817681631264,11.117823450020555,10.686931786557714,10.720095102859842,97366
2020-10-19,10.720095102859842,10.800992303255855,9.566713216243885,9.630581220404471,50000
2020-10-20,9.630581220404471,9.876624825821237,9.591113633536555,9.853126273154615,50000
2020-10-21,9.853126273154615,9.995041114546472,9.797438789614185,9.913460823513258,50051
2020-10-22,9.913460823513258,10.106583705693527,9.908459281008916,10.027671013346191,50000
2020-10-23,10.027671013346191,10.092874928271472,9.777145071322547,9.79253268613909,95492
2020-10-26,9.79253268613909,9.867798609032441,9.756174386443279,9.846775692202469,50000
2020-10-27,9.846775692202469,10.083074544091849,9.829502064559696,10.065939451784578,50000
2020-10-28,10.065939451784578,10.12620523770985,9.469335810693513,9.482238944669088,50000
2020-10-29,9.482238944669088,9.507407076728592,9.466621628837864,9.493579245762675,53418
2020-10-30,9.493579245762675,9.634402058930302,9.417871497897917,9.628262997489651,50000
2020-11-02,9.628262997489651,10.218165694648127,9.572196251313922,10.177841917259512,50000
2020-11-03,10.177841917259512,10.7956991805873,10.127445814140149,10.732349598076507,50000
2020-11-04,10.732349598076507,10.777925799734765,10.39067534613128,10.584875784802598,50000
2020-11-05,10.584875784802598,11.188079989091381,10.529348384158915,11.156402869226982,50000
2020-11-06,11.156402869226982,11.200787970730458,11.055340541417449,11.14471708523628,50000
2020-11-09,11.14471708523628,11.645082494828484,11.074158083269243,11.611967255522995,50000
2020-11-10,11.611967255522995,12.109203793191734,11.546549928005783,12.038598492166358,52107
2020-11-11,12.038598492166358,12.058921463451787,11.895941022371641,11.966621934830966,50000
2020-11-12,11.966621934830966,12.453117458523284,11.889911648586297,12.375006287844997,50000
2020-11-13,12.375006287844997,12.841047619478735,12.298589097636215,12.80770741183048,50000
2020-11-16,12.80770741183048,12.893859535110225,12.7559759904311,12.810345481110277,58362
2020-11-17,12.810345481110277,12.815226351013743,12.491014935075619,12.522301462780277,50000
2020-11-18,12.522301462780277,12.820796176391704,12.478803288595437,12.727121463181605,50000
2020-11-19,12.727121463181605,12.794696192432543,12.591611147204642,12.706473920708993,67008
2020-11-20,12.706473920708993,12.706996857966663,12.494334947521674,12.501654631278395,50000
2020-11-23,12.501654631278395,12.534490417694297,12.38292376090791,12.406696046031229,50000
2020-11-24,12.406696046031229,12.824530867303357,12.259558356425238,12.758296561193983,50000
2020-11-25,12.758296561193983,13.280071492992214,12.654347350432008,13.2411602229116,50000
2020-11-26,13.2411602229116,13.318135419473949,12.891651388133463,12.915946754723528,74493
2020-11-27,12.915946754723528,13.258104505032282,12.787530520442216,13.226777197769401,50000
2020-11-30,13.226777197769401,13.418242287747626,12.75307137953226,12.79607735020156,50000
2020-12-01,12.79607735020156,12.84996183799042,12.4763813708919,12.640318039940755,65574
2020-12-02,12.640318039940755,13.117733640289181,12.633413511465388,13.095081826505005,50000
2020-12-03,13.095081826505005,13.697651675630265,13.051324054497467,13.459889682319009,50000
2020-12-04,13.459889682319009,13.74440403724631,13.403056637524433,13.606528369989473,51770
2020-12-07,13.606528369989473,14.049113151679865,13.52281404860682,13.956197957819557,50000
2020-12-08,13.956197957819557,14.312255771967802,13.932764480123625,14.267405418724284,50000
2020-12-09,14.267405418724284,15.000221494045357,14.204623566074279,14.940023822501598,50000
2020-12-10,14.940023822501598,14.95223937184943,14.590510144203058,14.661317685664661,54206
2020-12-11,14.661317685664661,15.404349914269373,14.634740850512527,15.237651038984668,50000
2020-12-14,15.237651038984668,15.419602361024408,15.193165189478282,15.300586913708305,75202
2020-12-15,15.300586913708305,15.792465354430908,15.267209638248753,15.680329952863573,75078
2020-12-16,15.680329952863573,15.76434835223762,15.610730091694371,15.676763332683183,69217
2020-12-17,15.676763332683183,15.748428095146613,15.629177171328553,15.665714983517137,50000
2020-12-18,15.665714983517137,15.74357069179141,15.201819592107213,15.204860104327153,204995
2020-12-21,15.204860104327153,15.31717826554957,15.156875140982578,15.192458184186354,65120
2020-12-22,15.192458184186354,15.200775844617324,14.770483628262058,14.87495513727862,50000
2020-12-23,14.87495513727862,15.533564399351045,14.850488008554434,15.466036938212197,50000
2020-12-24,15.466036938212197,15.49545442008418,15.429279073832797,15.477478941541495,50000
2020-12-25,15.477478941541495,15.501836553465564,15.148197225120331,15.269609753692837,50000
2020-12-28,15.269609753692837,15.286129347639218,15.075444407899923,15.158812990649887,50000
2020-12-29,15.158812990649887,15.50692854981281,15.139473658940629,15.472079002987535,50000
2020-12-30,15.472079002987535,15.50023319602415,15.401797980009935,15.455319412350686,123040
2020-12-31,15.455319412350686,15.763901601226554,15.358346426769163,15.675323735226739,50000
2021-01-01,15.675323735226739,15.675361333331432,14.955229831085965,15.02470457446729,50000
2021-01-04,15.02470457446729,15.20996947651017,14.73245022609228,14.893695970230576,50000
2021-01-05,14.893695970230576,14.91471727524769,14.690347389701264,14.692117787393656,50000
2021-01-06,14.692117787393656,14.829956680677336,14.460617653336062,14.477600741932118,50000
2021-01-07,14.477600741932118,14.901868697945286,14.474587494563536,14.77781856296331,50000
2021-01-08,14.77781856296331,14.78910638838642,13.764199535417882,13.922480189432953,50000
2021-01-11,13.922480189432953,13.937344698328442,13.629714619695148,13.666635390703197,50000
2021-01-12,13.666635390703197,13.875811271657874,13.62379889773331,13.82886465190564,50000
2021-01-13,13.82886465190564,13.898553574541278,13.667248563855225,13.667252507946356,50000
2021-01-14,13.667252507946356,14.07380165029707,13.592190599028957,13.963217667137044,50000
2021-01-15,13.963217667137044,14.13401157929948,13.92405597135501,14.126243287095651,80289
2021-01-18,14.126243287095651,14.597044737958168,13.997050287354966,14.59142729046169,50000
2021-01-19,14.59142729046169,15.160790635393868,14.465111604068314,15.159255570694238,50000
2021-01-20,15.159255570694238,15.203535000743754,15.134974601145792,15.162019778061012,50000
2021-01-21,15.162019778061012,15.504065556429694,15.109521521197891,15.404469286932478,50000
2021-01-22,15.404469286932478,15.632018913737683,15.39798392523936,15.532989638615378,50000
2021-01-25,15.532989638615378,15.924870813449218,15.520607336906682,15.865520073314944,50000
2021-01-26,15.865520073314944,16.08340524899886,15.853957906319234,15.990338783320933,50000
2021-01-27,15.990338783320933,16.018165248566813,15.552627603293047,15.710862270847521,50000
2021-01-28,15.710862270847521,15.794982771495903,15.376118365579947,15.423051268152337,74711
2021-01-29,15.423051268152337,15.454138258750332,14.983704742921455,15.027173347760767,50000
2021-02-01,15.027173347760767,15.073177570735933,14.76518218816744,14.923503244657741,183176
2021-02-02,14.923503244657741,15.014862777857708,14.694822753985466,14.74184338160836,50000
2021-02-03,14.74184338160836,14.83319582933017,14.671889337370805,14.694916073015474,50000
2021-02-04,14.694916073015474,14.814050912958928,14.678884179069046,14.706601928512962,149975
2021-02-05,14.706601928512962,14.79009373433626,14.628196736421899,14.711268113525765,90830
2021-02-08,14.711268113525765,15.488115505052763,14.639951896458873,15.354269998229233,67260
2021-02-09,15.354269998229233,15.461133638454271,15.30202475431346,15.390270951514301,65762
2021-02-10,15.390270951514301,15.595040856869781,15.168627162648669,15.581621160689576,102254
2021-02-11,15.581621160689576,15.709986528554824,15.54235927487791,15.698792422257089,50000
2021-02-12,15.698792422257089,15.960547754165951,15.693776591217611,15.923639181042363,50000
2021-02-15,15.923639181042363,16.07332580366892,15.0519034537262,15.28237650222259,50000
2021-02-16,15.28237650222259,15.832789442815558,15.22429669646691,15.645042880534739,50000
2021-02-17,15.645042880534739,15.662081300976995,15.289805759837504,15.32088841869913,50000
2021-02-18,15.32088841869913,15.66497110781692,15.21166972952167,15.638411311918656,61819
2021-02-19,15.638411311918656,15.6910860797866,15.422765154635927,15.430069896586126,62853
2021-02-22,15.430069896586126,15.851848836799284,15.366214851604138,15.810483131641625,70564
2021-02-23,15.810483131641625,16.109164007121755,15.770709671973089,16.08345598258533,50000
2021-02-24,16.08345598258533,16.18659497091229,15.988641336078985,16.1253528681305,158152
2021-02-25,16.1253528681305,16.4294684013453,15.99043406767373,16.324129044485794,116653
2021-02-26,16.324129044485794,16.455681928300294,16.139497020346937,16.162463302222395,50000
2021-03-01,16.162463302222395,16.25548655886546,16.006900531849148,16.17394008878496,50000
2021-03-02,16.17394008878496,16.242959652537877,16.0032182822243,16.052422999207934,60956
2021-03-03,16.052422999207934,16.19184755462962,15.127545460788582,15.273491998870321,58197
2021-03-04,15.273491998870321,15.637988428195515,15.267232251150629,15.589116234865404,50000
2021-03-05,15.589116234865404,16.466908292770402,15.553973137061352,16.324097843618375,161706
2021-03-08,16.324097843618375,16.610313334594306,16.1629043954922,16.538956649942246,50000
2021-03-09,16.538956649942246,17.394733799451494,16.420434036568224,17.359463568232286,104385
2021-03-10,17.359463568232286,17.403306669090693,16.61651184115899,16.723932745735418,50298
2021-03-11,16.723932745735418,16.767918164184035,16.71801349259353,16.760049466390157,50000
2021-03-12,16.760049466390157,16.825196176644766,16.474835698125446,16.619086930697353,50000
2021-03-15,16.619086930697353,16.67775223562356,16.2746871141574,16.304686621230026,50000
2021-03-16,16.304686621230026,16.45214805941705,16.140515000844598,16.238010063782117,110873
2021-03-17,16.238010063782117,16.36825811137751,16.220788452654737,16.357296192422673,50000
2021-03-18,16.357296192422673,16.594817327993532,16.184361212592883,16.51824442045662,50000
2021-03-19,16.51824442045662,17.030859038828385,16.399276513622194,16.879635853139902,50000
2021-03-22,16.879635853139902,16.998659765823763,16.866076228860962,16.990554526968626,57739
2021-03-23,16.990554526968626,17.423299208021437,16.782212186439253,17.421547138480392,50000
2021-03-24,17.421547138480392,17.466866714793436,17.03634949718327,17.18268430889593,50000
2021-03-25,17.18268430889593,17.23018539534392,16.770596544585196,16.872371915292764,129656
2021-03-26,16.872371915292764,16.90042299171331,16.359134934872333,16.50980452985697,50000
2021-03-29,16.50980452985697,16.76244506990759,16.368990924227,16.674456467261468,112566
2021-03-30,16.674456467261468,17.269229297090646,16.540010534308514,17.141626478647115,50000
2021-03-31,17.141626478647115,17.411035802097995,17.117129217579972,17.390999094362627,53620
2021-04-01,17.390999094362627,17.55361007132059,16.988953142331614,17.06109694319962,50000
2021-04-02,17.06109694319962,17.11165593286291,16.475987896923414,16.496904849015305,88373
2021-04-05,16.496904849015305,16.56365266913413,15.973370246780986,15.98450748919142,52330
2021-04-06,15.98450748919142,16.732460542030847,15.930060235695002,16.625958043307236,65038
2021-04-07,16.625958043307236,17.05869137888653,16.503395849352916,16.97468842992906,110360
2021-04-08,16.97468842992906,17.075420714572207,16.911696207676034,17.031414112720928,71334
2021-04-09,17.031414112720928,17.814886901611487,16.907275519265422,17.6015332740143,50000
2021-04-12,17.6015332740143,17.693057062215665,17.53871116847278,17.65620517211272,50000
2021-04-13,17.65620517211272,17.863500607733332,17.578157843110613,17.66407283521965,50000
2021-04-14,17.66407283521965,17.672251455171903,17.394319324073837,17.421303552474928,50000
2021-04-15,17.421303552474928,17.45946901886453,16.819861992196454,16.965243359494806,50000
2021-04-16,16.965243359494806,17.151174026898445,16.880592204129886,17.05397702808112,50000
2021-04-19,17.05397702808112,17.180382476491012,17.035278577156685,17.154187562160224,50000
2021-04-20,17.154187562160224,17.2894409234902,17.05656855270273,17.26338295940783,50000
2021-04-21,17.26338295940783,17.677455749114433,17.144548040402608,17.59812296433091,50000
2021-04-22,17.59812296433091,17.95864536840081,17.565706261982616,17.882220079652335,182265
2021-04-23,17.882220079652335,17.887773154732763,17.55304397349833,17.72066624378011,50000
2021-04-26,17.72066624378011,17.73906934930822,17.698039976768644,17.709783203766925,50000
2021-04-27,17.709783203766925,18.219755872750067,17.580970412995658,18.194465698539297,50000
2021-04-28,18.194465698539297,18.234910651393978,17.859072135922563,17.870309889782128,90977
2021-04-29,17.870309889782128,17.966695431515014,16.977891767372146,17.02794046557276,50000
2021-04-30,17.02794046557276,17.422271904120006,16.935289762367777,17.2620244249533,50000
2021-05-03,17.2620244249533,17.832513226906965,17.223046640000682,17.623782588242133,50000
2021-05-04,17.623782588242133,17.75313924027738,17.51743446462589,17.732471111000983,50000
2021-05-05,17.732471111000983,17.821043076778377,17.68260757646844,17.693257736158458,73456
2021-05-06,17.693257736158458,18.056782557968447,17.65263630895343,17.970980657130546,50000
2021-05-07,17.970980657130546,18.02422157597278,17.348274733586713,17.505449758397113,163005
2021-05-10,17.505449758397113,17.786448996000544,17.46522209657763,17.601650942664598,93118
2021-05-11,17.601650942664598,17.715607869097493,17.33136342499071,17.452727401329696,50000
2021-05-12,17.452727401329696,17.54081139883315,17.13153492530175,17.262536407927847,50000
2021-05-13,17.262536407927847,17.32235419069529,17.1849050623994,17.246175518263623,50000
2021-05-14,17.246175518263623,17.255599665347408,16.07526192022391,16.22553175853182,50000
2021-05-17,16.22553175853182,16.470104323206996,16.180335443993513,16.41908536873945,62062
2021-05-18,16.41908536873945,16.798546825619542,16.119112008587365,16.238883067158568,80419
2021-05-19,16.238883067158568,16.921603749837683,16.167279059459755,16.76670695941553,50000
2021-05-20,16.76670695941553,17.381258985787692,16.725342949988914,17.337274267261957,65579
2021-05-21,17.337274267261957,17.80119029081734,17.111369126525886,17.607635990419265,50000
2021-05-24,17.607635990419265,17.67078030467999,17.368754961863345,17.414044595540958,50000
2021-05-25,17.414044595540958,17.52166580809795,17.319558190282113,17.448035972698847,55701
2021-05-26,17.448035972698847,17.692899599531355,17.05413707845832,17.0736042047928,50000
2021-05-27,17.0736042047928,17.289919076017153,16.950231909156347,17.125230127394897,56972
2021-05-28,17.125230127394897,17.128010095611977,17.086215233113645,17.086910322266625,50000
2021-05-31,17.086910322266625,17.133822748659572,16.383657759276808,16.476297935571665,50000
2021-06-01,16.476297935571665,16.975384158468856,16.468615175702528,16.854833906309814,158018
2021-06-02,16.854833906309814,16.918941482281436,16.496654275287167,16.60171312990425,57487
2021-06-03,16.60171312990425,17.00204872626394,16.544701555690764,16.986843978016967,74547
2021-06-04,16.986843978016967,17.155961327107843,16.938242323995837,17.14551795344769,50000
2021-06-07,17.14551795344769,17.47573158994483,17.106663345138266,17.447438230575823,230157
2021-06-08,17.447438230575823,18.029545223449745,17.40711816575183,17.886221117994026,50000
2021-06-09,17.886221117994026,18.085987265236906,17.565362922534867,17.668024648008643,50000
2021-06-10,17.668024648008643,17.684750165223317,17.27893621531066,17.361873363270032,50000
2021-06-11,17.361873363270032,17.398288824878133,17.319711229076272,17.32238179463688,50000
2021-06-14,17.32238179463688,17.566801043673376,17.233031661866832,17.543587915820716,50000
2021-06-15,17.543587915820716,18.2084725540792,17.327683887164095,18.079069964329218,125333
2021-06-16,18.079069964329218,18.081095163803628,17.873557926018915,18.024676199534145,50000
2021-06-17,18.024676199534145,18.74849864588717,17.92630170039231,18.692054764443355,52669
2021-06-18,18.692054764443355,19.01001958174362,18.657364033045518,18.947292183455012,50000
2021-06-21,18.947292183455012,19.477666676810532,18.78633912811463,19.420357573651764,50000
2021-06-22,19.420357573651764,19.727083007470334,19.402408955218487,19.635378716370806,50000
2021-06-23,19.635378716370806,20.449637163247466,19.56166839555724,20.337566129873153,53810
2021-06-24,20.337566129873153,20.510207282594607,20.311376086086593,20.364558587863918,50000
2021-06-25,20.364558587863918,20.47839372965578,20.12453134755898,20.176131221068378,50000
2021-06-28,20.176131221068378,20.358906246955122,19.559451975808,19.695594188075287,92526
2021-06-29,19.695594188075287,20.33775925415429,19.56532470924692,20.30097610993348,50000
2021-06-30,20.30097610993348,20.57652169290185,20.243823529874003,20.46260623874284,50000
2021-07-01,20.46260623874284,20.740915174688073,20.419151378247545,20.679237473434178,53116
2021-07-02,20.679237473434178,21.00919315412191,20.452490904555948,20.91992143229733,278347
2021-07-05,20.91992143229733,21.20553076747571,20.779513158859324,21.063954326187364,50000
2021-07-06,21.063954326187364,21.707954793155526,21.044913701021926,21.583254190762663,50000
2021-07-07,21.583254190762663,21.70397947876722,20.7723046397148,21.085982320017045,99240
2021-07-08,21.085982320017045,21.317007525301076,21.040863537436724,21.263795336785073,123183
2021-07-09,21.263795336785073,21.355980182046792,21.195058176320522,21.261560247333005,50000
2021-07-12,21.261560247333005,21.32734860681131,20.7930752926919,21.00763804962598,50000
2021-07-13,21.00763804962598,21.573703323775895,20.839992943576934,21.373165804429966,127457
2021-07-14,21.373165804429966,21.438212305800942,21.16488390400963,21.278403235200578,93711
2021-07-15,21.278403235200578,21.681908000179774,21.166679101069665,21.581012245964164,50000
2021-07-16,21.581012245964164,22.482742118545396,21.447418964153908,22.363596122096514,52739
2021-07-19,22.363596122096514,22.422786872958334,22.34451486426832,22.370080111331237,50000
2021-07-20,22.370080111331237,22.398946970732286,22.288575864462775,22.35561579489022,50000
2021-07-21,22.35561579489022,22.64805214261012,22.33345913798263,22.541128835261866,50000
2021-07-22,22.541128835261866,22.91409887576731,22.438905605773577,22.873225868728323,50000
2021-07-23,22.873225868728323,23.06728524369042,22.51385400660678,22.664640946980658,101413
2021-07-26,22.664640946980658,22.812195792831915,22.27296627274265,22.28013580127655,50000
2021-07-27,22.28013580127655,22.92600258108175,22.21660083031933,22.847079547438042,70022
2021-07-28,22.847079547438042,23.264748745713447,22.747600388396148,23.198005968460286,50000
2021-07-29,23.198005968460286,23.214168196859454,22.26751807015383,22.567574217567483,50000
2021-07-30,22.567574217567483,22.743854450037805,22.55611142693887,22.61361389992513,50000
2021-08-02,22.61361389992513,22.99727565835083,22.431282741426877,22.96142358459462,50000
2021-08-03,22.96142358459462,23.29373831852116,22.862401095690405,23.229213152998362,79699
2021-08-04,23.229213152998362,23.264234710062038,22.812600836429805,23.069778399854215,50000
2021-08-05,23.069778399854215,23.40174510458323,22.890985351449626,23.318346705809166,64991
2021-08-06,23.318346705809166,23.454666223034913,23.0544628189999,23.14610619415346,56509
2021-08-09,23.14610619415346,23.52272795295965,23.059223931079377,23.431750349187027,50000
2021-08-10,23.431750349187027,23.625348082895346,23.292546992739492,23.30163638174968,50000
2021-08-11,23.30163638174968,23.42038910946857,22.70746226023294,22.84618406106894,50000
2021-08-12,22.84618406106894,22.933662943409352,22.835973090094612,22.86104055799484,59881
2021-08-13,22.86104055799484,22.872164077467396,22.575171233988538,22.695562254944736,50000
2021-08-16,22.695562254944736,23.242862071270483,22.649226111888193,23.159367464378363,50000
2021-08-17,23.159367464378363,23.297678784481107,22.90369462420667,22.947119677903622,50000
2021-08-18,22.947119677903622,23.241965076487585,22.75321650726366,22.89750908141595,50000
2021-08-19,22.89750908141595,23.343706251248157,22.846218144236303,23.238976035690243,50000
2021-08-20,23.238976035690243,23.61489735424834,23.214505733195434,23.504048847177764,50000
2021-08-23,23.504048847177764,23.8489951536456,23.39866320458527,23.604829882841067,50000
2021-08-24,23.604829882841067,23.73986154901572,23.317637736692543,23.368106817518846,99664
2021-08-25,23.368106817518846,23.64414577492182,23.006497947813802,23.008829059193925,50000
2021-08-26,23.008829059193925,23.11945302796644,22.634708695385445,22.703965578053758,50000
2021-08-27,22.703965578053758,23.390304793465425,22.580376026144094,23.107372947150704,50000
2021-08-30,23.107372947150704,23.322310311905905,23.06463256391309,23.26218213727633,50000
2021-08-31,23.26218213727633,23.312652296914305,23.05179195308649,23.173705009419923,50000
2021-09-01,23.173705009419923,23.218385068328164,23.017796837097773,23.026400111677223,50000
2021-09-02,23.026400111677223,23.150890810463892,22.880774021495625,23.060815193304798,50000
2021-09-03,23.060815193304798,23.23035732572654,22.785204132851444,22.831470003700343,50000
2021-09-06,22.831470003700343,22.927886994412734,22.736679531782737,22.76852631824324,50000
2021-09-07,22.76852631824324,22.964839926640906,22.214243320644783,22.50779422519303,71168
2021-09-08,22.50779422519303,22.695375384465727,22.437540090070932,22.670429373258617,50000
2021-09-09,22.670429373258617,23.094650749632027,22.492542121051464,22.990566892088683,50000
2021-09-10,22.990566892088683,23.456922709374215,22.936771904191314,23.362397250194768,50000
2021-09-13,23.362397250194768,23.554071623666054,23.188998351096465,23.205147065915522,50000
2021-09-14,23.205147065915522,23.25649034948087,23.05582269622229,23.145703051513124,116742
2021-09-15,23.145703051513124,23.18772299472318,22.986113175964913,23.10165620651965,101069
2021-09-16,23.10165620651965,23.278966130040953,23.046705674445185,23.21718444195549,56598
2021-09-17,23.21718444195549,23.307834504786907,22.385218233201595,22.61203325188171,50000
2021-09-20,22.61203325188171,22.771669180206608,22.520761690425022,22.750154027397024,50000
2021-09-21,22.750154027397024,22.951701547307678,22.706716283564276,22.8339455425544,50000
2021-09-22,22.8339455425544,22.852285037778223,22.726981301076783,22.77296960839016,50000
2021-09-23,22.77296960839016,23.003733287908645,22.270546431966483,22.344972184677808,50000
2021-09-24,22.344972184677808,22.611169293088636,22.15441561167528,22.587160335491465,50000
2021-09-27,22.587160335491465,23.002683265377296,22.533208667509697,22.8445496749063,88101
2021-09-28,22.8445496749063,23.369952124064152,22.61743209110264,23.303471239879634,50000
2021-09-29,23.303471239879634,23.305168693653158,22.968428358195613,23.055070824107098,50000
2021-09-30,23.055070824107098,23.428491715237353,22.984548733185257,23.014260989458187,90903
2021-10-01,23.014260989458187,23.25003502956009,22.95804127111628,23.146547835385814,76523
2021-10-04,23.146547835385814,23.508787774319615,23.121140379804157,23.4467963882408,57136
2021-10-05,23.4467963882408,23.698861438470455,23.380609585439913,23.653486011669287,59745
2021-10-06,23.653486011669287,24.24735886623603,23.483401737283916,24.226492367947447,50000
2021-10-07,24.226492367947447,24.33898075903311,24.067793989561945,24.16271157320833,93335
2021-10-08,24.16271157320833,24.52231147527809,24.088871686790334,24.396381547223072,80913
2021-10-11,24.396381547223072,24.609375437117702,23.627786542200248,23.91722575956899,50000
2021-10-12,23.91722575956899,24.13500859960585,23.160901429285424,23.217467313296215,50000
2021-10-13,23.217467313296215,23.633746360492832,23.143547551704632,23.592101434298613,89825
2021-10-14,23.592101434298613,24.0920764126176,23.54927972692055,23.923009128591943,126775
2021-10-15,23.923009128591943,23.955971115745424,23.712597112774187,23.73874829844906,50000
2021-10-18,23.73874829844906,23.817331751109872,23.148513195487766,23.250627282127986,87492
2021-10-19,23.250627282127986,23.38704046721249,22.909567840896706,22.972287938422504,50000
2021-10-20,22.972287938422504,23.138235061166178,22.362238310004532,22.504756756069792,127706
2021-10-21,22.504756756069792,23.09610863311137,22.41263625639373,22.778207307155366,50000
2021-10-22,22.778207307155366,22.81690546350948,22.42107337595861,22.656871144599073,50000
2021-10-25,22.656871144599073,22.799903254014907,22.62228510811414,22.767256546513803,50000
2021-10-26,22.767256546513803,23.02279217805845,22.565941368501235,22.669720725867734,50000
2021-10-27,22.669720725867734,22.73449303076172,22.23115297190832,22.302407909027504,50000
2021-10-28,22.302407909027504,22.424083314044882,22.27665033082119,22.3646998411583,60857
2021-10-29,22.3646998411583,22.671762752836305,22.189470016153813,22.629802762899903,50000
2021-11-01,22.629802762899903,22.736779895292393,21.882787766227807,21.896001573010015,50000
2021-11-02,21.896001573010015,21.974931675241084,21.31544306822873,21.390987383245612,50000
2021-11-03,21.390987383245612,21.447605988832496,21.07252580045705,21.146718362887302,50000
2021-11-04,21.146718362887302,21.40171193803072,21.06760840721829,21.312502265692434,68562
2021-11-05,21.312502265692434,21.849953641644515,20.98070046953229,21.713732026868747,50000
2021-11-08,21.713732026868747,21.75387169456633,21.46180335001563,21.6225147648551,57284
2021-11-09,21.6225147648551,22.073387652732723,21.61896987789552,21.927618397652004,50000
2021-11-10,21.927618397652004,22.03383445517298,21.692037177921087,21.758263194461623,50000
2021-11-11,21.758263194461623,21.871048040955515,21.314934382378993,21.516748814486114,50000
2021-11-12,21.516748814486114,21.51846791561027,20.77747554785739,20.904200332770984,50000
2021-11-15,20.904200332770984,21.181061371311756,20.806933425683482,21.103898119656577,55171
2021-11-16,21.103898119656577,21.184556066928167,21.04512038674849,21.04937964548877,50000
2021-11-17,21.04937964548877,21.954840185691758,20.990842470923937,21.808129321244472,50000
2021-11-18,21.808129321244472,22.1279588133168,21.75392129243428,22.02447531684838,118112
2021-11-19,22.02447531684838,22.20385005285201,21.526434259719174,21.823071842669016,74927
2021-11-22,21.823071842669016,21.922723690945716,21.649999969275427,21.653050000095,50000
2021-11-23,21.653050000095,22.060001000978016,21.64459790523491,21.827292085074845,83113
2021-11-24,21.827292085074845,22.14024685026657,21.759818506401846,21.97084427979164,69686
2021-11-25,21.97084427979164,22.020219206113136,21.695551996236727,21.90874284453157,142077
2021-11-26,21.90874284453157,22.08387574002828,21.771556483177044,21.861912348936848,50000
2021-11-29,21.861912348936848,22.03955692656351,21.819697255238395,22.006738114236946,50000
2021-11-30,22.006738114236946,22.14143113634486,21.89577935330041,21.989162974429277,50000
2021-12-01,21.989162974429277,22.342418704306755,21.303041338322178,21.416763342607492,281320
2021-12-02,21.416763342607492,21.440608374793158,20.973812884327394,21.262314944158778,50000
2021-12-03,21.262314944158778,21.36838048850701,21.167906921933252,21.36558318387089,91102
2021-12-06,21.36558318387089,21.523999305019032,21.262745020069776,21.499710831353667,50000
2021-12-07,21.499710831353667,21.914481710791172,21.464850262628126,21.86166682827851,50000
2021-12-08,21.86166682827851,22.064157258650575,21.723313683919898,21.962574801616437,50000
2021-12-09,21.962574801616437,22.191941552310425,21.69419042576875,22.179975166672932,50000
2021-12-10,22.179975166672932,22.658023272739406,22.131695651754615,22.651532490275418,56705
2021-12-13,22.651532490275418,22.726916516159672,22.52271713347959,22.52773767446124,50000
2021-12-14,22.52773767446124,22.738142152749994,21.910481748580054,22.012739527982735,50000
2021-12-15,22.012739527982735,22.11824742726925,21.24055189587641,21.381558620778513,86681
2021-12-16,21.381558620778513,21.38340164755745,20.616153153871355,20.928811858348134,50000
2021-12-17,20.928811858348134,21.10950931468356,20.8230728287553,20.97833694816969,50000
2021-12-20,20.97833694816969,21.06464355199817,20.65582464582286,20.8561153704782,52319
2021-12-21,20.8561153704782,21.21283454823957,20.7280788609435,21.081794272014925,78019
2021-12-22,21.081794272014925,21.32268191165639,21.03320332019573,21.176587735213335,50000
2021-12-23,21.176587735213335,21.502360846961125,21.09598364122438,21.386310530553306,76878
2021-12-24,21.386310530553306,21.66803610927373,21.236942381468577,21.482001152162418,50000
2021-12-27,21.482001152162418,21.886018653693103,21.350261810371514,21.66384485883359,50000
2021-12-28,21.66384485883359,21.969408654694668,21.591275082745575,21.8195363860428,50000
2021-12-29,21.8195363860428,21.933244559220284,21.623974966139155,21.63937912254877,96837
2021-12-30,21.63937912254877,21.87578197556786,21.592025519511473,21.756245725844263,50000
2021-12-31,21.756245725844263,21.788965118963024,21.72724087739734,21.734078513265796,95411
2022-01-03,21.734078513265796,21.94901425087867,21.299138397855582,21.441815517179098,50000
2022-01-04,21.441815517179098,21.635098129911494,21.159502503301397,21.618219039459483,50000
2022-01-05,21.618219039459483,21.762672913426368,21.471722571156974,21.59869053257476,50000
2022-01-06,21.59869053257476,21.757469726528967,21.394236534571007,21.405983373514772,79221
2022-01-07,21.405983373514772,21.633162066506657,21.019379735930045,21.130647811805535,50000
2022-01-10,21.130647811805535,21.165154443638524,20.91657136621204,20.923728016232303,50000
2022-01-11,20.923728016232303,21.229756608776235,20.841974139364364,21.19335100797124,73651
2022-01-12,21.19335100797124,21.363563438186443,21.070692464247347,21.308888387034557,50000
2022-01-13,21.308888387034557,21.86843357917546,21.265126630241458,21.751389447009473,50000
2022-01-14,21.751389447009473,22.052365428059773,21.742405061436877,21.99907131436637,50000
2022-01-17,21.99907131436637,23.212513815032093,21.85597204455265,23.064790814006862,50000
2022-01-18,23.064790814006862,23.07933531007791,22.68726894970222,22.780126769201328,50000
2022-01-19,22.780126769201328,22.84760079068815,22.374612494064436,22.439791997872234,96215
2022-01-20,22.439791997872234,22.453007620059747,22.209129021412814,22.318803005650114,50000
2022-01-21,22.318803005650114,22.769978355499752,22.093962791402905,22.73305134987338,126972
2022-01-24,22.73305134987338,23.30441105623804,22.539900150751013,23.102019027014958,58959
2022-01-25,23.102019027014958,23.147329592226267,23.062687066938153,23.0966223894629,50000
2022-01-26,23.0966223894629,23.506714677300103,23.015059736625833,23.502191473294115,50000
2022-01-27,23.502191473294115,23.698409219884315,23.493735653425755,23.584234010699237,55951
2022-01-28,23.584234010699237,23.80596414329925,23.571034778268803,23.743698138410902,50000
2022-01-31,23.743698138410902,23.77640033530522,23.660964801656736,23.69417562351247,50000
2022-02-01,23.69417562351247,23.816009551929028,23.53186595074691,23.77630249427525,50000
2022-02-02,23.77630249427525,23.7783567001878,23.503144663333092,23.6598453953537,124645
2022-02-03,23.6598453953537,23.85091013870797,23.13935964785435,23.279299824584708,50000
2022-02-04,23.279299824584708,23.370086222987727,22.705835762086675,23.002749833028357,50000
2022-02-07,23.002749833028357,23.42003512190493,22.997233521223087,23.214626064246655,64279
2022-02-08,23.214626064246655,23.37953236673662,22.308510116881124,22.524116743051426,50000
2022-02-09,22.524116743051426,22.52816015036386,22.085823419805582,22.236301257817075,64465
2022-02-10,22.236301257817075,22.40349367018811,22.16370874460811,22.35527709769618,50000
2022-02-11,22.35527709769618,22.45855008432651,21.823203283008507,22.051851794570723,50000
2022-02-14,22.051851794570723,22.566347390299747,21.952660793195076,22.379462432652847,50000
2022-02-15,22.379462432652847,22.612382677224964,22.01215988218819,22.185074845138494,112348
2022-02-16,22.185074845138494,22.35847578068165,21.95383550763161,22.32194148469354,50000
2022-02-17,22.32194148469354,22.390098138796205,21.842960161986976,22.04816574028175,50000
2022-02-18,22.04816574028175,22.17410125378682,21.858400582408922,21.969685073033467,50000
2022-02-21,21.969685073033467,22.08304688964104,21.36093472233819,21.59014634136685,77434
2022-02-22,21.59014634136685,21.644086458973213,21.179084676501763,21.36189717541906,50000
2022-02-23,21.36189717541906,21.71919478487622,20.69680391205559,20.824642729150053,50000
2022-02-24,20.824642729150053,20.98038129239206,20.362617330505703,20.54044115104842,56065
2022-02-25,20.54044115104842,20.8821924792682,20.26592040953421,20.78576340288434,110114
2022-02-28,20.78576340288434,21.41678678304678,20.783232505529664,21.251701137095218,50000
2022-03-01,21.251701137095218,21.618834623828548,21.143132526738487,21.492661109061178,50000
2022-03-02,21.492661109061178,21.873313501754303,21.43008780611579,21.846640306519973,56464
2022-03-03,21.846640306519973,22.164878194756515,21.830039441340286,22.12356865324166,50000
2022-03-04,22.12356865324166,22.251800124135688,21.24709434315604,21.295629968787335,50000
2022-03-07,21.295629968787335,21.381730576263536,21.01840619968246,21.06768326004321,98915
2022-03-08,21.06768326004321,21.232883669643854,20.966534123746968,21.200416327251602,50000
2022-03-09,21.200416327251602,21.26651643363857,21.016153743399023,21.06624035459323,50000
2022-03-10,21.06624035459323,21.086905792296317,21.00827849389497,21.023193131160895,50000
2022-03-11,21.023193131160895,21.232445565839356,20.510658124908865,20.549111593834528,50000
2022-03-14,20.549111593834528,20.571210638149225,20.156590084700383,20.305360912306437,120552
2022-03-15,20.305360912306437,20.410828494203535,20.298958038171378,20.334719045026894,50000
2022-03-16,20.334719045026894,20.61624318585502,20.282699781917486,20.589983676997054,50000
2022-03-17,20.589983676997054,21.154309800881883,20.512735211035963,21.066028716742608,50000
2022-03-18,21.066028716742608,21.205556482917803,20.31866484880204,20.48019902201947,77686
2022-03-21,20.48019902201947,20.518819478505428,20.151582236825725,20.17160242975536,50000
2022-03-22,20.17160242975536,20.34040387927393,19.985248024605127,20.033619508588394,81789
2022-03-23,20.033619508588394,20.423986100316235,19.83831579894582,20.307254721931166,50000
2022-03-24,20.307254721931166,20.321986528633786,19.836744126057244,19.86555640528725,145926
2022-03-25,19.86555640528725,19.880868317109933,19.380906027984206,19.462666464782508,50000
2022-03-28,19.462666464782508,19.669294494938747,19.05095120080675,19.22360407942101,50000
2022-03-29,19.22360407942101,19.411898059280613,19.02804586786537,19.064882339335906,50000
2022-03-30,19.064882339335906,19.06872157978664,18.61785656466157,18.621330564872952,288661
2022-03-31,18.621330564872952,18.689791381973265,18.36470785185411,18.418224394417926,50000
2022-04-01,18.418224394417926,18.998917879355854,18.412477334019727,18.95235231629812,50000
2022-04-04,18.95235231629812,19.067459576188078,18.4263828507268,18.76270398186524,50000
2022-04-05,18.76270398186524,18.813295358083916,18.694804083280065,18.768007992098866,50000
2022-04-06,18.768007992098866,18.93652545898814,18.75604442989673,18.92932747021536,50000
2022-04-07,18.92932747021536,19.541515030412814,18.872851864598676,19.376819857263275,50000
2022-04-08,19.376819857263275,19.447096199916057,18.94641011128202,18.998613353185043,50000
2022-04-11,18.998613353185043,19.415087753824555,18.648291552869274,19.35705896720804,50000
2022-04-12,19.35705896720804,19.496560951904595,19.186580686397065,19.24575966098126,50000
2022-04-13,19.24575966098126,19.79537317199484,19.233392065889795,19.69158925585998,50000
2022-04-14,19.69158925585998,20.064054024795283,19.689118320688905,19.91283606601527,50000
2022-04-15,19.91283606601527,20.052987494626745,19.655943072867093,19.731908976771926,50000
2022-04-18,19.731908976771926,20.07699333230357,19.614026489408705,19.981260985060654,50000
2022-04-19,19.981260985060654,20.253186793930073,19.939842921973014,20.123081392098026,50000
2022-04-20,20.123081392098026,20.881265447392465,20.094407013964364,20.65534973361299,50000
2022-04-21,20.65534973361299,20.743490468802314,20.564156120722735,20.572289639547193,50000
2022-04-22,20.572289639547193,20.576715023235728,20.133671357467243,20.392488367150698,65984
2022-04-25,20.392488367150698,20.400659438323448,20.24223248710181,20.295474006357775,50000
2022-04-26,20.295474006357775,20.638896769613872,20.056657230909554,20.60600049385184,70151
2022-04-27,20.60600049385184,20.715350537193675,19.95485013470795,20.30574766866461,50000
2022-04-28,20.30574766866461,20.782346418265153,20.115597195242657,20.551200458911634,50000
2022-04-29,20.551200458911634,20.750172282034576,20.255384994874024,20.7334085354434,50000
2022-05-02,20.7334085354434,20.927101024373936,20.53392593098735,20.57566250587524,131497
2022-05-03,20.57566250587524,21.262799153071946,20.49795488345952,21.028878471680372,50000
2022-05-04,21.028878471680372,21.77418440343777,20.841492884689373,21.674210465408542,50000
2022-05-05,21.674210465408542,21.993922296998303,21.548777592349264,21.942155672510133,50000
2022-05-06,21.942155672510133,22.42801890720959,21.569353050550095,22.217477567254406,81976
2022-05-09,22.217477567254406,22.238682822148586,22.108306255642315,22.140374129983822,50000
2022-05-10,22.140374129983822,22.25681216091346,21.77380895385018,21.78058217729833,50000
2022-05-11,21.78058217729833,21.80556990953772,21.287742972324246,21.29955880205381,50000
2022-05-12,21.29955880205381,21.433547606204844,21.17716666949418,21.218087293133426,73938
2022-05-13,21.218087293133426,21.24388282458967,21.078818892593926,21.13387338517394,63189
2022-05-16,21.13387338517394,21.13812107973403,20.790032976903134,20.951120441702724,145713
2022-05-17,20.951120441702724,20.980240834590866,20.40457960203039,20.676010899870896,50000
2022-05-18,20.676010899870896,21.101632779206334,20.625585800505785,20.94608009087187,50000
2022-05-19,20.94608009087187,20.98914538858606,20.674045516769137,20.708632908378117,50000
2022-05-20,20.708632908378117,20.970375390170016,20.683187033057962,20.947530531908814,50000
2022-05-23,20.947530531908814,21.245157929978593,20.865836444086153,21.110484595605104,92905
2022-05-24,21.110484595605104,21.242209506287164,20.8733066153643,21.003846618816993,50000
2022-05-25,21.003846618816993,21.330706906812193,20.85147482882561,21.253594206342136,56150
2022-05-26,21.253594206342136,21.286447311802867,21.017771409265883,21.044527296255428,76937
2022-05-27,21.044527296255428,21.533075052055658,20.97746698236374,21.27166135874255,50000
2022-05-30,21.27166135874255,21.740783832342025,21.16949933809845,21.642036272662384,50000
2022-05-31,21.642036272662384,22.322822077158644,21.56675532033489,22.145035359167956,50000
2022-06-01,22.145035359167956,22.463563988685067,22.0199242380255,22.419654963823458,50000
2022-06-02,22.419654963823458,22.52172238192036,21.850094069733924,21.99210023443243,50000
2022-06-03,21.99210023443243,22.74065176824386,21.825934611573935,22.382240657351375,74329
2022-06-06,22.382240657351375,22.537869736192377,22.216916781773516,22.493434137851203,78810
2022-06-07,22.493434137851203,22.61549233825724,22.24442527557554,22.257212371497246,50000
2022-06-08,22.257212371497246,22.415694380549393,22.166243932697842,22.4039889281768,50000
2022-06-09,22.4039889281768,22.585483846905035,22.28643606716069,22.479603397168674,72179
2022-06-10,22.479603397168674,22.525523976366667,22.25899482628451,22.34929861276169,50000
2022-06-13,22.34929861276169,22.39420878611149,22.086241309794694,22.23061300741206,53020
2022-06-14,22.23061300741206,22.355135261913606,21.749025234205966,21.77823215006477,50000
2022-06-15,21.77823215006477,22.211754920324772,21.673128324183523,22.133177312948064,50000
2022-06-16,22.133177312948064,22.151903839345643,22.02508843684967,22.074949763239612,58958
2022-06-17,22.074949763239612,22.25026907908632,21.99326455199187,22.150588219615134,50000
2022-06-20,22.150588219615134,22.153460438455145,21.976875827583253,22.037295863834167,50000
2022-06-21,22.037295863834167,22.191644121657973,21.505600674465324,21.688076515883164,79501
2022-06-22,21.688076515883164,22.06101188743674,21.606977726351854,21.990285216397567,50000
2022-06-23,21.990285216397567,22.433258111283386,21.743897409117476,22.16167269654004,50000
2022-06-24,22.16167269654004,22.166051035793906,22.125514679820792,22.12715268990357,56808
2022-06-27,22.12715268990357,22.16122540396061,21.493076323196505,21.589922423770332,50000
2022-06-28,21.589922423770332,22.033796760784945,21.55681499155815,21.846624400607745,73588
2022-06-29,21.846624400607745,21.891871749684146,21.316967869026033,21.395874745693913,50000
2022-06-30,21.395874745693913,21.51504727819432,21.110678453142217,21.27820333820644,50000
2022-07-01,21.27820333820644,21.44664150331989,21.11264160863131,21.198895765077843,50000
2022-07-04,21.198895765077843,21.481469808157495,21.094127913987943,21.178151546242237,50000
2022-07-05,21.178151546242237,21.274732736379566,21.14445094306926,21.225961535521932,50872
2022-07-06,21.225961535521932,22.044495539376193,21.19653935691473,21.951088525532473,50000
2022-07-07,21.951088525532473,22.012510428481196,21.624362414760707,21.641344808570054,50000
2022-07-08,21.641344808570054,21.642506968764266,21.40362693920022,21.58093141779306,63252
2022-07-11,21.58093141779306,21.652196880159455,20.541440172334376,20.69459782331451,50000
2022-07-12,20.69459782331451,20.74085374312442,20.53144624297908,20.59520065680348,50000
2022-07-13,20.59520065680348,21.011177676773304,20.361379533056127,20.459561355267812,50000
2022-07-14,20.459561355267812,20.57047430643722,20.261475452787206,20.278012754797448,50000
2022-07-15,20.278012754797448,20.78087765605971,19.95016834004996,20.745094001094618,50000
2022-07-18,20.745094001094618,20.79534749167613,20.44210777270585,20.632892148327343,50000
2022-07-19,20.632892148327343,20.800807117123494,20.617709833712794,20.633959179118737,50000
2022-07-20,20.633959179118737,20.84229965468515,20.484336611847084,20.768446676518067,50000
2022-07-21,20.768446676518067,20.921894715103118,20.198158145068767,20.296423462979035,50000
2022-07-22,20.296423462979035,20.46481430113856,19.822694984401735,19.90996940375066,50000
2022-07-25,19.90996940375066,20.222502860305074,19.866821854773,20.175294248486118,50000
2022-07-26,20.175294248486118,20.251814325912775,19.57677853676302,19.74376910351645,50000
2022-07-27,19.74376910351645,19.852910108649656,19.602866537950643,19.781230222372727,50000
2022-07-28,19.781230222372727,19.87280595483395,19.639714931084185,19.75455231554551,50000
2022-07-29,19.75455231554551,20.448084427444375,19.65695995430385,20.32198856261667,50000
2022-08-01,20.32198856261667,20.50531021159517,20.228275265340177,20.480568522488124,50000
2022-08-02,20.480568522488124,20.559910045794908,20.05567460186509,20.164093695684617,50000
2022-08-03,20.164093695684617,20.582935081456508,20.10631044275544,20.536557534476785,50000
2022-08-04,20.536557534476785,20.62905143720044,20.18662120923265,20.260981016099446,50000
2022-08-05,20.260981016099446,20.73460485250188,20.152513156656575,20.731696448590377,50000
2022-08-08,20.731696448590377,20.94170959385913,20.382278534329835,20.41985050158254,50000
2022-08-09,20.41985050158254,20.627170069793916,20.3674635669895,20.621916346993387,50000
2022-08-10,20.621916346993387,20.78495409337778,20.476194180883546,20.560902574941878,101561
2022-08-11,20.560902574941878,20.65533850932446,20.407299386808983,20.461961227177554,50000
2022-08-12,20.461961227177554,20.62158619257443,19.85756687155711,20.143702505778244,50000
2022-08-15,20.143702505778244,20.40027532882154,20.009042912289612,20.26324296027547,50000
2022-08-16,20.26324296027547,20.380191268126946,19.971840637943988,19.99623018030544,55606
2022-08-17,19.99623018030544,20.190918499940853,19.886309787074143,20.170054761297177,126209
2022-08-18,20.170054761297177,20.40798592151852,20.01431665902799,20.257811070818132,50000
2022-08-19,20.257811070818132,20.49474135244938,19.93810973193637,20.39245763929911,50000
2022-08-22,20.39245763929911,20.83582200164196,20.29109229517239,20.79149182272961,72375
2022-08-23,20.79149182272961,20.821184617833396,20.465904831369734,20.542612412120874,50000
2022-08-24,20.542612412120874,20.701002711103808,20.471898776786336,20.676045506277042,50000
2022-08-25,20.676045506277042,20.723352948433796,20.35918086326793,20.399684125190447,50000
2022-08-26,20.399684125190447,20.633715069823324,20.33396381620382,20.39570800386452,50000
2022-08-29,20.39570800386452,20.79859832436126,20.24747542531351,20.794329331303942,71634
2022-08-30,20.794329331303942,21.020512083180986,20.60263336745622,20.94722460666601,50000
2022-08-31,20.94722460666601,21.14295047090785,20.92377927569074,21.027675520884983,50000
2022-09-01,21.027675520884983,21.9787352780909,20.892296732504047,21.701212495445436,65607
2022-09-02,21.701212495445436,21.720184119490213,21.240370480786382,21.353304629146265,50000
2022-09-05,21.353304629146265,21.354882260334556,21.239028415063828,21.337573024663538,50000
2022-09-06,21.337573024663538,21.585529724401844,20.95357334388329,21.450992134775174,50000
2022-09-07,21.450992134775174,21.59302830299798,20.842941089391125,21.139313722479184,72502
2022-09-08,21.139313722479184,21.382589749546,21.05634111748929,21.299050070543363,50000
2022-09-09,21.299050070543363,21.35457713538699,20.793907384843912,20.961595831561933,50000
2022-09-12,20.961595831561933,21.509353163882114,20.94346632552864,21.25768428672225,56409
2022-09-13,21.25768428672225,21.490625242014325,21.004397132134816,21.38064936738173,50000
2022-09-14,21.38064936738173,21.50327026391787,21.297806232104527,21.491399064457962,50000
2022-09-15,21.491399064457962,21.972505470415523,21.324611850623295,21.971583866596323,50000
2022-09-16,21.971583866596323,22.099229472751748,21.955788756946664,21.98965521289625,50000
2022-09-19,21.98965521289625,22.051773377793264,21.90120231213251,21.980204466501025,50000
2022-09-20,21.980204466501025,22.39100744678975,21.852559169009815,22.126194939336322,50000
2022-09-21,22.126194939336322,22.584096824076877,22.08685419350553,22.54269845639682,50000
2022-09-22,22.54269845639682,22.69394399378991,22.537945972390123,22.594746795471103,50000
2022-09-23,22.594746795471103,22.726980083617626,22.087582237452633,22.26261264211776,54465
2022-09-26,22.26261264211776,22.36698168205003,22.050720941841067,22.366584001408018,50000
2022-09-27,22.366584001408018,22.400309903189896,22.180104278608063,22.243348357358073,99956
2022-09-28,22.243348357358073,22.293944263339345,21.977498654262803,22.056353217073788,50000
2022-09-29,22.056353217073788,22.298170974442325,21.962991315476177,22.242154045360472,50000
2022-09-30,22.242154045360472,22.325302600366506,22.20757609134578,22.211575245929694,67599
2022-10-03,22.211575245929694,22.58446093094451,22.135636727341822,22.464618117262265,50000
2022-10-04,22.464618117262265,22.57776694025835,22.225140425717964,22.329001066675154,50000
2022-10-05,22.329001066675154,22.451662063194032,21.779503855205757,21.852672958253624,50000
2022-10-06,21.852672958253624,22.040666943938792,21.729889769638678,21.97415193061929,64648
2022-10-07,21.97415193061929,22.18912520700722,21.92042158706526,22.164060437088377,50000
2022-10-10,22.164060437088377,22.23660555405818,22.01861784552908,22.062447096136587,50000
2022-10-11,22.062447096136587,22.126910712495537,21.668015241587526,21.749450338586026,50000
2022-10-12,21.749450338586026,21.833715754506446,21.63711056442918,21.66218066977155,50000
2022-10-13,21.66218066977155,21.68324483753886,21.39205301053194,21.546230056821358,50000
2022-10-14,21.546230056821358,21.63133982584359,21.277878787171577,21.2985982008417,50000
2022-10-17,21.2985982008417,21.546427253257537,21.268691385470156,21.430266326146253,50000
2022-10-18,21.430266326146253,21.5168804561329,21.28631682436005,21.51168911231668,50000
2022-10-19,21.51168911231668,21.645632771076663,21.2376849988301,21.29925350220097,50000
2022-10-20,21.29925350220097,21.509438467798255,20.64288274491119,20.808100781828294,50000
2022-10-21,20.808100781828294,21.053435160687354,20.782888044882867,20.811416643534308,124782
2022-10-24,20.811416643534308,20.87595349763497,20.665808500906785,20.810303706992244,50000
2022-10-25,20.810303706992244,21.15559248042308,20.772806784175582,21.055181181390626,50000
2022-10-26,21.055181181390626,21.288094285287393,21.04748829760434,21.28275325789378,50000
2022-10-27,21.28275325789378,21.45790575931369,20.56944635186264,20.785464074984922,50000
2022-10-28,20.785464074984922,21.001092030876418,20.644913118496003,20.701042297189694,50000
2022-10-31,20.701042297189694,21.00059731749686,20.66398323611577,20.952475527953176,193637
2022-11-01,20.952475527953176,21.279127104227758,20.769097478845154,21.18673287522105,50000
2022-11-02,21.18673287522105,21.310808801120444,21.105251604069696,21.27547606492331,70577
2022-11-03,21.27547606492331,21.319552978120765,20.995009868759393,21.012772155797876,90221
2022-11-04,21.012772155797876,21.168760158132475,20.88664487508789,21.0340516014554,50000
2022-11-07,21.0340516014554,21.210707634303123,20.905845142409902,21.146869106676824,101427
2022-11-08,21.146869106676824,21.43332952609771,20.937103392204044,21.360025291547885,50000
2022-11-09,21.360025291547885,21.446384427863688,20.773757103304828,20.88750773372031,85319
2022-11-10,20.88750773372031,21.183812125601726,20.800627253365246,20.971685373393885,50000
2022-11-11,20.971685373393885,21.11647146008942,20.39248172725475,20.459120483238205,50000
2022-11-14,20.459120483238205,20.764540645358807,20.34560696681678,20.406610465491685,50000
2022-11-15,20.406610465491685,20.56972595275774,19.979774444894073,20.097279503122806,50000
2022-11-16,20.097279503122806,20.11185598024945,19.89631603022658,19.919707567711008,50000
2022-11-17,19.919707567711008,20.185464503354126,19.7049319440617,20.102760999228504,54221
2022-11-18,20.102760999228504,20.259733471644314,20.03025378309339,20.172728432095653,62975
2022-11-21,20.172728432095653,20.27206298853702,19.532365741546307,19.659747233792245,90870
2022-11-22,19.659747233792245,19.905866988759783,19.447188559273446,19.830391426138714,50000
2022-11-23,19.830391426138714,20.06599239723978,19.624362251606396,19.70948013755638,50000
2022-11-24,19.70948013755638,20.032409866767726,19.660074516507997,19.912618462594168,50000
2022-11-25,19.912618462594168,19.97700126395432,19.54658128002693,19.67603704782637,50000
2022-11-28,19.67603704782637,19.70249133432773,19.47177468229993,19.634671976634166,225213
2022-11-29,19.634671976634166,19.94245705813449,19.518761090882656,19.9174746333889,52120
2022-11-30,19.9174746333889,20.181973367468967,19.76058054732983,20.087971514912976,50000
2022-12-01,20.087971514912976,20.099860721654164,20.003779951387557,20.011910166068283,50000
2022-12-02,20.011910166068283,20.190234765220392,19.882287123089352,19.895986412563012,50000
2022-12-05,19.895986412563012,19.948099025909322,19.509949431632048,19.546940479171884,144027
2022-12-06,19.546940479171884,19.571224970066332,19.11700801213196,19.251891759375624,111086
2022-12-07,19.251891759375624,19.522112375240933,19.220353532569852,19.399729104950705,50000
2022-12-08,19.399729104950705,19.537617602642865,19.307683128300962,19.525847241685764,112186
2022-12-09,19.525847241685764,19.764969704129495,19.371347220170932,19.469156926925322,50000
2022-12-12,19.469156926925322,19.473039913776596,19.397849288498232,19.405311925622364,50000
2022-12-13,19.405311925622364,19.866615266239634,19.23178364138971,19.74576859334307,50000
2022-12-14,19.74576859334307,19.76621956050478,19.352415687686666,19.382899750204388,61415
2022-12-15,19.382899750204388,19.48666809284093,19.35754532724258,19.403978178647474,50000
2022-12-16,19.403978178647474,19.485833917889106,19.22272785325523,19.229001703371853,116366
2022-12-19,19.229001703371853,19.536267587992104,19.023381233085683,19.06332846951539,50000
2022-12-20,19.06332846951539,19.62218130696261,19.03628987159577,19.494629186902912,50000
2022-12-21,19.494629186902912,19.579410582856607,19.38938282216241,19.448146583595957,50000
2022-12-22,19.448146583595957,19.82213064515982,19.29973043325901,19.59474713162218,50000
2022-12-23,19.59474713162218,19.95033911094489,19.53270754630089,19.692220189614822,50000
2022-12-26,19.692220189614822,19.892157034051394,19.624024666312675,19.874161867005153,59115
2022-12-27,19.874161867005153,20.08699122824892,19.3481454548612,19.459495212108198,50000
2022-12-28,19.459495212108198,19.47506563290291,18.42978657024417,18.88655818796699,50000
2022-12-29,18.88655818796699,18.938648665480347,18.58268151967854,18.6292642300222,50000
2022-12-30,18.6292642300222,18.656390907802205,18.301022580586974,18.40896260117979,149981
2023-01-02,18.40896260117979,18.429998834501912,18.261815643153362,18.291887065642918,50000
2023-01-03,18.291887065642918,18.30027128649826,18.062277123698063,18.103880996435098,50000
2023-01-04,18.103880996435098,18.13490898476824,17.73154666906677,17.77747183604807,50000
2023-01-05,17.77747183604807,17.98932583295989,17.6995393530637,17.964269802257128,50000
2023-01-06,17.964269802257128,18.02777357016381,17.758990652947364,17.996935357784185,50000
2023-01-09,17.996935357784185,18.005081412529808,17.566832708878263,17.617517183276988,50000
2023-01-10,17.617517183276988,17.680049449648745,17.484119157040126,17.577030326017983,50000
2023-01-11,17.577030326017983,17.65006828002832,17.395126579160166,17.515780194324183,50000
2023-01-12,17.515780194324183,17.581860486827637,17.140249527724084,17.28046489874295,50000
2023-01-13,17.28046489874295,17.521219278121304,17.075076485061537,17.499270599048216,50000
2023-01-16,17.499270599048216,17.88181622301123,17.478791470464138,17.603606979996044,50000
2023-01-17,17.603606979996044,17.823371737281878,17.492896182511764,17.625818632115145,50000
2023-01-18,17.625818632115145,17.642280094419686,17.581589924382655,17.634347402971386,50000
2023-01-19,17.634347402971386,17.700885120682855,17.02211400313132,17.070478114140254,50000
2023-01-20,17.070478114140254,17.24039389922368,16.915087071878585,17.08655685659428,50000
2023-01-23,17.08655685659428,17.56540192392714,16.94352549617261,17.361092591365143,50000
2023-01-24,17.361092591365143,17.79663791565107,17.263788081927242,17.74882396038452,50000
2023-01-25,17.74882396038452,17.924764365336824,17.677671983577216,17.709980618034947,50000
2023-01-26,17.709980618034947,17.799078478532426,17.670062234426478,17.753402744143028,50000
2023-01-27,17.753402744143028,17.82902856166009,17.274952777272556,17.37814176441208,50000
2023-01-30,17.37814176441208,17.519080813790268,16.906371433051948,16.922230145637652,74726
2023-01-31,16.922230145637652,16.94098764750663,16.819919884790668,16.832862179129524,50000
2023-02-01,16.832862179129524,16.884053920177763,16.545784447273736,16.657973266528895,147028
2023-02-02,16.657973266528895,16.73140414566156,16.41655625542642,16.490426137239307,50000
2023-02-03,16.490426137239307,16.6171878751334,16.41940122781473,16.574619302276673,50000
2023-02-06,16.574619302276673,16.72436999165331,16.55215138963827,16.686831796297216,50000
2023-02-07,16.686831796297216,16.830559260008346,16.617051716100303,16.793705195337747,50000
2023-02-08,16.793705195337747,16.79427457316957,16.532064283091056,16.72247475089519,50000
2023-02-09,16.72247475089519,17.101005985970914,16.667852853764867,17.053137257459202,73256
2023-02-10,17.053137257459202,17.254574125556474,16.909615602356165,17.140138647853867,50000
2023-02-13,17.140138647853867,17.455197119831844,17.07180776966261,17.415954125929364,50000
2023-02-14,17.415954125929364,17.670467764892603,17.302490921620976,17.598681220371468,50000
2023-02-15,17.598681220371468,17.81516591803187,16.81674565795976,16.927813939398057,50000
2023-02-16,16.927813939398057,17.628092357790162,16.924950321262813,17.565625881949984,82385
2023-02-17,17.565625881949984,17.708335943272843,17.498991313570222,17.541501558400068,50000
2023-02-20,17.541501558400068,17.566477586782483,17.406109643650563,17.494292568454853,50000
2023-02-21,17.494292568454853,17.5275791355133,17.4544021180191,17.517583410298954,50000
2023-02-22,17.517583410298954,18.207016943449787,17.472181468872563,18.08358413495473,57873
2023-02-23,18.08358413495473,18.356852759941212,18.025021786984503,18.222587283628368,50000
2023-02-24,18.222587283628368,18.22886495204594,17.466057394737977,17.635354524750582,78194
2023-02-27,17.635354524750582,17.707791856623384,17.422994848975332,17.499518341622636,50000
2023-02-28,17.499518341622636,17.576296443697597,17.152323469039096,17.368697518580344,50000
2023-03-01,17.368697518580344,17.4721696877367,17.27978782124965,17.36443188688162,50000
2023-03-02,17.36443188688162,17.419451008767506,16.76232776558346,16.807269296562367,50000
2023-03-03,16.807269296562367,17.03708745588647,16.78953042856426,16.945646979572327,50000
2023-03-06,16.945646979572327,16.954252602925756,16.816293328907935,16.86388436419452,50000
2023-03-07,16.86388436419452,17.007060292290223,16.5062881612277,16.575201274276413,50000
2023-03-08,16.575201274276413,16.786352072305593,16.504491171146068,16.69455058664928,50312
2023-03-09,16.69455058664928,17.317917947861726,16.662979410770777,17.143375169859933,50000
2023-03-10,17.143375169859933,17.80369725614484,17.009532750025098,17.751940728963497,50000
2023-03-13,17.751940728963497,17.799946067853444,17.473726685451958,17.570632138833826,56365
2023-03-14,17.570632138833826,17.88693160907187,17.529142602529518,17.855268771792357,50000
2023-03-15,17.855268771792357,17.92562606705703,17.568932233259662,17.58159844989006,50000
2023-03-16,17.58159844989006,17.781229617469204,17.516289343071403,17.760885771515564,68056
2023-03-17,17.760885771515564,17.942942390115274,17.626146247640094,17.634472027034242,65049
2023-03-20,17.634472027034242,17.87914208011081,17.075926376839547,17.34055864110815,201118
2023-03-21,17.34055864110815,17.85379721068325,17.273940891689495,17.803968444162713,50000
2023-03-22,17.803968444162713,17.933444851800648,17.77358297888597,17.8774001179085,83297
2023-03-23,17.8774001179085,18.104220609966095,17.779958022507568,17.928524299214214,70176
2023-03-24,17.928524299214214,18.10513653073745,17.446487652862654,17.47743898389598,50000
2023-03-27,17.47743898389598,17.825252872825793,17.42780677773274,17.80959922955619,69604
2023-03-28,17.80959922955619,18.14010761466051,17.588585352376782,18.118208702990653,50000
2023-03-29,18.118208702990653,18.553656785555244,18.054328081913628,18.49093575320686,50000
2023-03-30,18.49093575320686,19.243614206390795,18.484765412465308,19.218462333793127,50000
2023-03-31,19.218462333793127,19.40176373505843,19.18343825621732,19.186023182852516,50000
2023-04-03,19.186023182852516,19.736789659224154,19.06172890492213,19.454121594246395,56043
2023-04-04,19.454121594246395,19.543081695819403,19.095693659629614,19.168365232624186,50000
2023-04-05,19.168365232624186,19.22464889154244,18.908390867038985,19.165609822234668,50000
2023-04-06,19.165609822234668,19.318445889707455,19.035048988942467,19.239390823490115,58407
2023-04-07,19.239390823490115,19.409915745000546,19.186570331252426,19.407648013496093,114168
2023-04-10,19.407648013496093,19.58409261256598,19.008613490861045,19.041831087096522,51057
2023-04-11,19.041831087096522,19.264967438851585,18.691803750165306,18.8566661492338,50000
2023-04-12,18.8566661492338,19.014692673466435,18.590822307702105,18.684535844772846,50000
2023-04-13,18.684535844772846,18.88689148837763,18.675071349066343,18.85325817298568,50000
2023-04-14,18.85325817298568,19.2510683793121,18.72077570579999,19.24942400501566,50000
2023-04-17,19.24942400501566,19.82934375614203,19.147160652428447,19.797779079972848,77952
2023-04-18,19.797779079972848,19.898888662878218,18.890397460070186,19.36798197209368,50000
2023-04-19,19.36798197209368,19.571647045691314,19.29228629460689,19.50891678941771,50000
2023-04-20,19.50891678941771,20.33140997238871,19.315468870946617,20.187902152423234,110067
2023-04-21,20.187902152423234,20.282995336113814,19.257332856441835,19.325562866529836,50000
2023-04-24,19.325562866529836,19.543223186185973,19.18128383116146,19.521977139456943,50000
2023-04-25,19.521977139456943,19.786777752188463,19.400025880331686,19.62490345657727,50000
2023-04-26,19.62490345657727,20.053412967240515,19.41630016976299,19.902502921905118,50000
2023-04-27,19.902502921905118,19.953765967394023,19.41457932630092,19.596279750204495,64968
2023-04-28,19.596279750204495,19.69089623816185,19.51927317049275,19.653848533280172,66323
2023-05-01,19.653848533280172,19.842426241018167,18.934203714076514,19.113014779982485,62420
2023-05-02,19.113014779982485,19.28495478566656,18.86385289566787,19.065307430116274,50000
2023-05-03,19.065307430116274,19.21176824695703,18.880992124678073,19.176994670325083,50000
2023-05-04,19.176994670325083,19.22169311237573,19.072060055702302,19.089013396869706,50000
2023-05-05,19.089013396869706,19.187625550036053,19.070297768163957,19.096272680247083,354990
2023-05-08,19.096272680247083,19.533794385760523,19.00488440868844,19.4971732367063,50000
2023-05-09,19.4971732367063,19.90358624272445,19.46984512763431,19.862951262064993,54598
2023-05-10,19.862951262064993,20.447048534421643,19.777673406175172,20.28057054541452,50000
2023-05-11,20.28057054541452,20.508455106513047,20.053104913061723,20.481752697782763,76555
2023-05-12,20.481752697782763,21.033933535209385,20.457040707590398,20.975177507962318,50000
2023-05-15,20.975177507962318,21.212228010506468,20.851395171533674,20.940251520154575,52635
2023-05-16,20.940251520154575,21.230453229000076,20.75472717457296,21.173593252454147,50000
2023-05-17,21.173593252454147,21.47284068049249,21.162257787618216,21.30920133160329,56731
2023-05-18,21.30920133160329,21.419837530464946,21.162320965637512,21.225787402900373,50000
2023-05-19,21.225787402900373,21.32121708448595,20.860618297940512,21.091506621656734,55579
2023-05-22,21.091506621656734,21.313561644047777,20.686592426930073,20.815189761297002,86797
2023-05-23,20.815189761297002,20.89289976047537,20.682720246479196,20.786162921744648,50000
2023-05-24,20.786162921744648,21.02167737551367,20.74256355224,20.926064316478435,66889
2023-05-25,20.926064316478435,21.24033904885862,20.74452086242109,21.1297969127683,50000
2023-05-26,21.1297969127683,21.490163038019322,21.087425044321815,21.271126789199837,50000
2023-05-29,21.271126789199837,21.426352963219678,21.194355956876755,21.252487492097305,50000
2023-05-30,21.252487492097305,21.71343679917998,21.18447938534438,21.579409190574616,50000
2023-05-31,21.579409190574616,21.744331640887488,21.324633638944924,21.33273577920943,50000
2023-06-01,21.33273577920943,21.442835706247894,21.270945200465025,21.400557628987915,50000
2023-06-02,21.400557628987915,21.560917553554432,21.348109506189065,21.45823784027941,91854
2023-06-05,21.45823784027941,21.801371467364802,21.2595178029718,21.77042993979326,116707
2023-06-06,21.77042993979326,22.003839179181366,21.669037197323963,21.934030496036918,92985
2023-06-07,21.934030496036918,21.972047020778888,21.4997876795582,21.66264568588406,104072
2023-06-08,21.66264568588406,21.89007510359426,21.438875823973873,21.508207176337702,143079
2023-06-09,21.508207176337702,22.062332552369256,21.302897668998508,21.965111513423395,50000
2023-06-12,21.965111513423395,22.329566400789165,21.89708333242504,22.113037626777047,105404
2023-06-13,22.113037626777047,22.84547158909597,22.09842857357993,22.555987684556168,50000
2023-06-14,22.555987684556168,22.645310992922127,22.330257461357586,22.41256037460663,50000
2023-06-15,22.41256037460663,22.732370997414467,22.16389797164844,22.639616619969825,50000
2023-06-16,22.639616619969825,23.148483913597925,22.423149144612346,22.85133170560784,124780
2023-06-19,22.85133170560784,22.941238350197466,22.052813766823906,22.216748155372528,50000
2023-06-20,22.216748155372528,22.443889278765845,21.8683814743168,21.901833214104858,50000
2023-06-21,21.901833214104858,22.316064772835194,21.7607365504773,22.078481603297725,50000
2023-06-22,22.078481603297725,22.122486331527853,21.901373910013255,21.916394035400412,50000
2023-06-23,21.916394035400412,22.250651375680317,21.527408094360585,21.736505932807166,50000
2023-06-26,21.736505932807166,21.790510894603322,21.484388245133765,21.618090895932127,50000
2023-06-27,21.618090895932127,21.729332922676594,21.297298012207847,21.635313822633034,50000
2023-06-28,21.635313822633034,21.88171415946759,21.6329365989386,21.77573477478349,69138
2023-06-29,21.77573477478349,21.845666939440584,21.742469799488607,21.827596720366866,73587
2023-06-30,21.827596720366866,21.902946367995884,21.704665642776423,21.83452713012808,51488
2023-07-03,21.83452713012808,22.418649378693043,21.815656179172215,22.354739178543404,50000
2023-07-04,22.354739178543404,22.436514558267795,21.986067423652514,22.164989808911326,50000
2023-07-05,22.164989808911326,22.274375754388686,21.596677344513353,21.614143946000834,156728
2023-07-06,21.614143946000834,21.895041003324934,21.5451111692135,21.6853198261314,54034
2023-07-07,21.6853198261314,22.224024968680197,21.421016928930293,22.059831728153984,71806
2023-07-10,22.059831728153984,22.162875463551266,21.972159739089516,22.092344135935384,62482
2023-07-11,22.092344135935384,22.18202512828322,21.76047554629271,21.96472669490981,55878
2023-07-12,21.96472669490981,22.09323986361934,21.461665965959657,21.61305474614725,67499
2023-07-13,21.61305474614725,21.724936950372953,21.491125274485647,21.640766464597686,50000
2023-07-14,21.640766464597686,22.137622505120586,21.581459139471328,22.046001923551106,50000
2023-07-17,22.046001923551106,22.143861757199705,21.650135090623838,21.968399760331128,82734
2023-07-18,21.968399760331128,22.12900048357617,21.838958847361297,22.120045540005453,50000
2023-07-19,22.120045540005453,22.163226606844148,21.919873466322493,22.045077005148933,68932
2023-07-20,22.045077005148933,22.3260707069799,21.938130212409522,22.2058712118213,72787
2023-07-21,22.2058712118213,22.50371797536868,22.021346230534228,22.02950141898305,50000
2023-07-24,22.02950141898305,22.242142009852053,21.86237433743646,22.17653506976558,50000
2023-07-25,22.17653506976558,22.300693842057445,21.998169196411816,22.094224484994754,73666
2023-07-26,22.094224484994754,22.439085825085872,22.046064488828236,22.18659845012788,50000
2023-07-27,22.18659845012788,22.441784631783285,22.07302638051534,22.095626396713172,50000
2023-07-28,22.095626396713172,22.542501833213024,21.826787495004236,22.314654577898395,50000
2023-07-31,22.314654577898395,22.465751258178443,22.236955715193055,22.28941408104462,50000
2023-08-01,22.28941408104462,22.594332758628166,22.16926115194179,22.43357658134897,50000
2023-08-02,22.43357658134897,22.489241327622807,21.92744556464677,22.146026304907696,50000
2023-08-03,22.146026304907696,22.385871828496292,22.00888179713068,22.251739220623165,50000
2023-08-04,22.251739220623165,22.321176335426777,21.92595856061519,22.195850220366314,146681
2023-08-07,22.195850220366314,22.395676583168218,22.02761587964025,22.391511612236634,50000
2023-08-08,22.391511612236634,22.78673016282922,22.36569555896264,22.775514247282917,50000
2023-08-09,22.775514247282917,22.998579010723702,22.6371338951789,22.7646020555684,157133
2023-08-10,22.7646020555684,23.111111477674513,22.358622701987276,23.051111349957306,50000
2023-08-11,23.051111349957306,23.20873999382173,22.989833125911144,23.085551709536354,50000
2023-08-14,23.085551709536354,23.32211772104158,22.957236330870057,22.979018053623374,50000
2023-08-15,22.979018053623374,23.24233429804056,22.886551390055534,23.05257451907532,114382
2023-08-16,23.05257451907532,23.26111202769353,22.39411389828736,22.50823285456703,50000
2023-08-17,22.50823285456703,22.699050381063124,22.43678223744373,22.526705228950952,50000
2023-08-18,22.526705228950952,22.75229173053113,22.515770027476382,22.731233933180693,50000
2023-08-21,22.731233933180693,23.182789689858687,22.562417872261122,23.026726728432195,50000
2023-08-22,23.026726728432195,23.076026972243092,22.711496440019836,22.91655275281786,50000
2023-08-23,22.91655275281786,23.106894737949688,22.811123013447496,22.983766202934152,50782
2023-08-24,22.983766202934152,23.05897141494017,22.586178544604767,22.686369589215122,50000
2023-08-25,22.686369589215122,22.882997805766113,22.67931276333135,22.879899494362878,50000
2023-08-28,22.879899494362878,23.201732635361427,22.73834621126239,22.78582414582015,63137
2023-08-29,22.78582414582015,23.033021620926913,22.150796423404397,22.167530153123348,50000
2023-08-30,22.167530153123348,22.400018303727393,21.848579642549275,21.916098242768918,50000
2023-08-31,21.916098242768918,22.195383042087354,21.89669282526577,22.143435271202048,50000
2023-09-01,22.143435271202048,22.557876498477555,21.995829394255253,22.53243740867711,50000
2023-09-04,22.53243740867711,22.975357860409325,22.33485254924572,22.83973120017369,50000
2023-09-05,22.83973120017369,22.891867863756826,22.199280918975422,22.35048785717575,68016
2023-09-06,22.35048785717575,22.990790188596073,22.327844739618353,22.700055094025863,50000
2023-09-07,22.700055094025863,22.70567481120836,22.349211699836633,22.499831560455608,50000
2023-09-08,22.499831560455608,23.183471519733615,22.36710424585316,23.030294770787485,55692
2023-09-11,23.030294770787485,23.29054957917716,22.946750052701205,23.15310690657892,50000
2023-09-12,23.15310690657892,23.502867599245263,23.07527663129631,23.303744557522705,61581
2023-09-13,23.303744557522705,23.449490272796346,23.01548756675227,23.150410130862003,50000
2023-09-14,23.150410130862003,23.239286555952507,22.735927252632855,22.8813240332392,50000
2023-09-15,22.8813240332392,22.932689416000102,22.111090019159683,22.17855450663676,50000
2023-09-18,22.17855450663676,22.373590728802384,21.9636160683711,22.34932809547099,71903
2023-09-19,22.34932809547099,22.680518363266664,22.277679815428453,22.482546971115596,81658
2023-09-20,22.482546971115596,22.669939779219334,22.47584694448874,22.494357937123514,50000
2023-09-21,22.494357937123514,22.716420687242465,21.746878370840147,21.978385255934974,50000
2023-09-22,21.978385255934974,22.388893287495993,21.87340472704924,22.109079553376933,50776
2023-09-25,22.109079553376933,22.75080821706815,22.079188586961305,22.71344905178602,50000
2023-09-26,22.71344905178602,23.053555457610116,22.549353901228475,22.976250842611684,50000
2023-09-27,22.976250842611684,23.152990906918646,22.840818361934584,22.862976895930554,50000
2023-09-28,22.862976895930554,22.95611914643918,22.58618775750265,22.70912988466389,59510
2023-09-29,22.70912988466389,23.02505866636033,22.681445986944922,22.889920171604295,50000
2023-10-02,22.889920171604295,22.956391544308286,22.66366785788569,22.699902353032588,50000
2023-10-03,22.699902353032588,23.06724050282253,22.592183167883263,22.85102819392133,50000
2023-10-04,22.85102819392133,23.011402822618184,22.27231420417618,22.518220544415502,50000
2023-10-05,22.518220544415502,22.536911438492716,22.22956833633302,22.487090999647826,54535
2023-10-06,22.487090999647826,22.490361389399077,22.42864454208757,22.463172850453624,50000
2023-10-09,22.463172850453624,22.806226548698092,22.374074200810586,22.625754076873314,109646
2023-10-10,22.625754076873314,23.025527767098804,22.574644185779768,22.909027215911866,50000
2023-10-11,22.909027215911866,23.13925509702641,22.865043900648402,23.011898616683172,50000
2023-10-12,23.011898616683172,23.173019223834636,22.9748033279058,23.011447880213137,50000
2023-10-13,23.011447880213137,23.43383593819635,22.889941300669197,23.336659269781634,50000
2023-10-16,23.336659269781634,23.690331278534487,22.99094940047824,23.15480702158143,60930
2023-10-17,23.15480702158143,23.40699334924676,22.73621779124708,22.90335298158829,50000
2023-10-18,22.90335298158829,22.926048446924028,22.558735989916574,22.598860218168312,60970
2023-10-19,22.598860218168312,22.60522662244506,22.55868807626474,22.582388759222965,50000
2023-10-20,22.582388759222965,22.81422319986328,22.559021606797426,22.68675808830119,95784
2023-10-23,22.68675808830119,23.339272726508838,22.639622221980073,23.318038697096597,50000
2023-10-24,23.318038697096597,23.49551079418249,22.7513719989906,22.95791318598146,50000
2023-10-25,22.95791318598146,23.48331887964095,22.882797054745847,23.34501768553707,53001
2023-10-26,23.34501768553707,23.408926532042113,22.816314185310706,22.965973040001636,76108
2023-10-27,22.965973040001636,23.270874919427655,22.956191653620152,23.21321973005724,50000
2023-10-30,23.21321973005724,23.242479308807294,22.707174727703457,22.765115539934914,50000
2023-10-31,22.765115539934914,23.143921028226224,22.68320000143362,23.042700684837058,76568
2023-11-01,23.042700684837058,23.636133984522026,22.99681143971271,23.482404290623247,50000
2023-11-02,23.482404290623247,23.534237582973027,23.36784279177823,23.37545088397991,50000
2023-11-03,23.37545088397991,23.47277306147513,22.91324596074935,23.00420853760051,50000
2023-11-06,23.00420853760051,23.01184818058785,22.726326374179386,22.758728753077317,50000
2023-11-07,22.758728753077317,22.83666751722736,22.395630921719647,22.49653759696254,50000
2023-11-08,22.49653759696254,22.52281228732313,22.459313355974373,22.501332138979926,50000
2023-11-09,22.501332138979926,22.544833356434427,22.00178054096363,22.113574662534056,94470
2023-11-10,22.113574662534056,22.50034139424985,22.09447509741603,22.49439966975532,50000
2023-11-13,22.49439966975532,22.56684999263685,22.430413815623023,22.511424537584112,50000
2023-11-14,22.511424537584112,22.54159847657903,22.300936650829534,22.385306235381236,50000
2023-11-15,22.385306235381236,22.469356681381978,22.023693084405657,22.242425183183414,50000
2023-11-16,22.242425183183414,22.706082371434796,22.189096165580224,22.63727161337448,50000
2023-11-17,22.63727161337448,22.673562819149733,22.151514560478972,22.42062485929536,50000
2023-11-20,22.42062485929536,22.571654991373112,21.982194871658255,22.2595540903466,50000
2023-11-21,22.2595540903466,22.528847485374612,22.12908987633307,22.44990845623921,50000
2023-11-22,22.44990845623921,22.688254118453795,22.344317583495506,22.618943178611854,50000
2023-11-23,22.618943178611854,22.83321738492681,22.578260716579507,22.80061682579034,50000
2023-11-24,22.80061682579034,23.256256063697393,22.78050374075904,23.155689029914896,50000
2023-11-27,23.155689029914896,23.348123419899657,23.085554840374222,23.32431703912749,50000
2023-11-28,23.32431703912749,23.35044598944745,22.569318520594052,22.780258252099358,75799
2023-11-29,22.780258252099358,23.129546264328773,22.49784205081162,22.972782512371992,50000
2023-11-30,22.972782512371992,23.28726033509758,22.842595374191124,23.064053145014597,50000
2023-12-01,23.064053145014597,23.719331191846894,22.830882592459922,23.4225342216385,50000
2023-12-04,23.4225342216385,23.73909829326776,23.40110549986563,23.51240071194346,50000
2023-12-05,23.51240071194346,23.70777276496883,23.452744637125015,23.695492396845644,50000
2023-12-06,23.695492396845644,23.888261363493754,23.36124557977864,23.888237053490965,50000
2023-12-07,23.888237053490965,24.415382225686486,23.868609737122203,24.23348058605389,50000
2023-12-08,24.23348058605389,24.595057638225757,23.431595518265194,23.678778157110873,50000
2023-12-11,23.678778157110873,23.699840984931146,23.438209076135053,23.63411805516025,50000
2023-12-12,23.63411805516025,23.682431001131373,23.546512860417316,23.64299450376266,56561
2023-12-13,23.64299450376266,23.90470412372396,23.249908734521696,23.473648995799405,50000
2023-12-14,23.473648995799405,23.64932942879484,23.101678153196136,23.32546405646242,50000
2023-12-15,23.32546405646242,23.477966451150024,22.890722231403252,22.92893134125572,50000
2023-12-18,22.92893134125572,23.522135828653205,22.797795561396597,23.38441406503375,50000
2023-12-19,23.38441406503375,23.513827518417,23.281406774646175,23.28704761888468,50000
2023-12-20,23.28704761888468,23.519671900380885,23.106514515547968,23.421505327461258,50000
2023-12-21,23.421505327461258,23.507385862494438,23.0923379826705,23.384475127252514,183686
2023-12-22,23.384475127252514,23.491945142827753,22.846098602842677,22.935179922331308,50000
2023-12-25,22.935179922331308,23.39518711997476,22.84458383890373,23.270070015059325,50000
2023-12-26,23.270070015059325,23.442077688973825,22.859549975579192,23.00463429671551,56111
2023-12-27,23.00463429671551,23.342049927055054,22.91281797954532,23.30720873375667,73287
2023-12-28,23.30720873375667,23.37572985941588,23.06442486548436,23.07816127381726,83959
2023-12-29,23.07816127381726,23.881363088656375,22.875131223226237,23.493923891987727,114289
2024-01-01,23.493923891987727,23.734423790133018,23.3676056531429,23.70238149839763,77206
2024-01-02,23.70238149839763,24.156029933365527,23.469917579333615,24.05846065561845,50000
2024-01-03,24.05846065561845,24.129315263292632,23.988319953863925,24.0153877272157,50000
2024-01-04,24.0153877272157,24.08846077967819,23.731777912248784,23.989989757632078,50000
2024-01-05,23.989989757632078,24.121480744295027,23.943236666723383,24.01846324077204,50000
2024-01-08,24.01846324077204,24.48984956639696,24.00749022794216,24.233314061350033,50000
2024-01-09,24.233314061350033,24.78400098578269,24.182699772705185,24.684196199656817,50000
2024-01-10,24.684196199656817,24.688494164734234,24.318182496901255,24.572055522479392,81571
2024-01-11,24.572055522479392,24.888028478359146,24.437996184146016,24.755449106829857,50000
2024-01-12,24.755449106829857,25.187508966961765,24.674943145203684,24.889422480461914,50000
2024-01-15,24.889422480461914,25.387799897539733,24.755626433971635,25.354092918887954,66304
2024-01-16,25.354092918887954,25.391489800195234,25.1951804965203,25.347740253923046,50000
2024-01-17,25.347740253923046,25.65144553156259,25.31734944403178,25.43830939076986,51482
2024-01-18,25.43830939076986,25.758548495987096,25.398256343985693,25.421138743076835,78591
2024-01-19,25.421138743076835,25.487039671745016,25.00706940353667,25.251929968704143,50000
2024-01-22,25.251929968704143,25.370783618758935,25.010460627188127,25.201206029813086,137349
2024-01-23,25.201206029813086,25.375906587373475,24.656023232227913,24.831730621821233,50000
2024-01-24,24.831730621821233,24.8889734928159,24.36369407611594,24.48744315358111,50000
2024-01-25,24.48744315358111,24.6736334380595,24.093652396086558,24.362567710978446,50000
2024-01-26,24.362567710978446,24.899771995215787,24.236386497965217,24.727104743052237,50000
2024-01-29,24.727104743052237,24.83276456213518,24.627459851172063,24.75535781596794,130588
2024-01-30,24.75535781596794,24.766602445329596,24.260158052357195,24.46163867238036,61547
2024-01-31,24.46163867238036,24.536963651229733,24.059046482275434,24.309625647944635,50000
2024-02-01,24.309625647944635,24.42031032698988,23.522947148986706,23.845207356846085,50000
2024-02-02,23.845207356846085,24.423446100399406,23.773830228699964,24.31042072098807,67076
2024-02-05,24.31042072098807,24.339541521914235,23.766166274080856,23.97355148093069,50000
2024-02-06,23.97355148093069,24.403887270881977,23.90946185490587,24.21667069752904,50000
2024-02-07,24.21667069752904,24.456146551663025,24.187023966722673,24.344187925044338,50000
2024-02-08,24.344187925044338,24.44986395644909,24.103665525866255,24.388598536885254,99565
2024-02-09,24.388598536885254,24.408595269553153,24.263482648176815,24.298030412955242,50000
2024-02-12,24.298030412955242,24.902770730781906,24.224794282761938,24.786747821452497,50000
2024-02-13,24.786747821452497,25.07858860143104,24.505338917257923,25.00136313915211,50000
2024-02-14,25.00136313915211,25.721720972483293,24.880687292086424,25.28007365183135,50000
2024-02-15,25.28007365183135,25.515924350295354,24.628800363980044,24.876095249551536,50000
2024-02-16,24.876095249551536,24.933705859175127,24.721218537583802,24.752057744526844,50000
2024-02-19,24.752057744526844,24.762933794945027,24.034920220314834,24.129367030865897,50000
2024-02-20,24.129367030865897,24.58041611573724,24.084527046708693,24.253407450571434,50000
2024-02-21,24.253407450571434,24.996948800557245,24.22532659991952,24.943860830240105,50000
2024-02-22,24.943860830240105,25.48973251452739,24.78170010309521,25.47357088203234,50000
2024-02-23,25.47357088203234,25.566104205523654,25.35532783955609,25.515133417378706,81614
2024-02-26,25.515133417378706,25.85563713665107,25.468889701521825,25.68129905438603,50000
2024-02-27,25.68129905438603,25.686768044843845,24.979476378537857,25.24721012310557,68501
2024-02-28,25.24721012310557,25.33432797519637,24.583687724405863,24.75674248999414,50000
2024-02-29,24.75674248999414,25.438895494698883,24.721059159086895,25.33586615757577,50000
2024-03-01,25.33586615757577,25.350554325280033,24.873034626436308,24.944927134255234,50000
2024-03-04,24.944927134255234,25.137457696631067,24.4200506792093,24.647794589596487,50000
2024-03-05,24.647794589596487,25.03249744848774,24.613509265277614,24.924415684545103,50000
2024-03-06,24.924415684545103,25.045772694600316,24.746387936372706,24.763603871499217,50000
2024-03-07,24.763603871499217,25.08868655166983,23.886507645617034,24.066162773793476,50000
2024-03-08,24.066162773793476,24.27476026711453,24.005209643374226,24.0364158948837,50000
2024-03-11,24.0364158948837,24.26334561510429,23.466422334682083,23.625096091326323,76950
2024-03-12,23.625096091326323,23.741386066660557,23.194187452195447,23.326977368142515,50000
2024-03-13,23.326977368142515,23.42059326943224,23.254998464976037,23.341121776520804,50000
2024-03-14,23.341121776520804,23.54759632053302,23.145601820526814,23.540955222606456,186326
2024-03-15,23.540955222606456,23.583786386975312,23.08333826785979,23.22171911902517,50000
2024-03-18,23.22171911902517,23.436325380046497,23.035028133907627,23.307140143808848,50000
2024-03-19,23.307140143808848,23.489779946829273,23.299902721707898,23.447489288948592,62592
2024-03-20,23.447489288948592,23.561705023389997,23.399616997633963,23.53024286654507,50000
2024-03-21,23.53024286654507,23.7455908032615,23.438534477902397,23.678462742033325,50000
2024-03-22,23.678462742033325,24.119975310262216,23.518504965209583,23.905698280586392,50000
2024-03-25,23.905698280586392,24.307415519500644,23.85512572871934,24.147072615530103,50000
2024-03-26,24.147072615530103,24.177624624378858,23.85587352346985,23.994494052122604,50000
2024-03-27,23.994494052122604,24.25488830955112,23.928284991105766,24.23113332840061,50000
2024-03-28,24.23113332840061,24.41740761917974,23.619146658401114,23.86097902432233,50000
2024-03-29,23.86097902432233,24.036993066270078,23.310678346170565,23.395843777612324,50000
2024-04-01,23.395843777612324,23.45305720862376,22.97498011570885,23.09707162592768,50000
2024-04-02,23.09707162592768,23.389014287575563,23.043813307793684,23.377776270340764,50000
2024-04-03,23.377776270340764,23.413592799723205,23.132190729654738,23.307230618920055,50000
2024-04-04,23.307230618920055,23.32441018338343,22.922306965182813,22.978760680334023,50000
2024-04-05,22.978760680334023,23.77147886338189,22.845197212368127,23.54293288862101,50000
2024-04-08,23.54293288862101,23.653570440185916,23.284869734126115,23.432050080992767,50000
2024-04-09,23.432050080992767,24.0056738939751,23.351829166165466,23.735930600374807,102747
2024-04-10,23.735930600374807,24.15979753380682,23.71390594489228,23.979871133802497,50000
2024-04-11,23.979871133802497,24.267327575956724,23.891144981034664,24.17134275967681,52531
2024-04-12,24.17134275967681,24.37259710407332,23.95593380865793,24.33646775323525,104503
2024-04-15,24.33646775323525,24.590480207361722,24.26939628009057,24.422057632244982,50000
2024-04-16,24.422057632244982,24.428750330462375,24.355056968279836,24.357096061537757,79281
2024-04-17,24.357096061537757,24.38972136526989,23.82066063127743,23.839134273739422,50000
2024-04-18,23.839134273739422,24.157078105442235,23.795746701997007,24.060655012426665,50000
2024-04-19,24.060655012426665,24.257970739110508,23.614437139698182,23.732909676089783,50000
2024-04-22,23.732909676089783,24.07761329460638,23.462873015974107,23.981427032545543,50000
2024-04-23,23.981427032545543,24.886657204944942,23.967584339101958,24.739235040614588,99172
2024-04-24,24.739235040614588,25.074719146852416,24.70732882344797,24.935173371226597,74636
2024-04-25,24.935173371226597,25.45893910116544,24.84264333520906,25.405931578476846,50000
2024-04-26,25.405931578476846,25.707459106694774,25.2792509088487,25.301611601760573,50000
2024-04-29,25.301611601760573,25.398712551313665,25.2890389761601,25.311127666245177,116741
2024-04-30,25.311127666245177,25.787917019116087,25.19921374228374,25.64269189747203,50000
2024-05-01,25.64269189747203,25.81296860094266,25.272981461000867,25.494360679914124,50000
2024-05-02,25.494360679914124,25.82417861203809,25.313077833463105,25.566140624162,50000
2024-05-03,25.566140624162,25.595550306552724,24.605552157938508,24.898487431418012,50000
2024-05-06,24.898487431418012,25.086170139846065,24.871314923806356,24.998195889504107,50000
2024-05-07,24.998195889504107,25.12346179951021,24.551198947525602,24.574860307769015,50000
2024-05-08,24.574860307769015,25.182024113434085,24.419803766218475,25.122579162999624,56770
2024-05-09,25.122579162999624,26.048247702214237,25.114511901980798,26.015595842423444,50000
2024-05-10,26.015595842423444,26.284251098121707,25.935092190189035,26.13895983134092,51536
2024-05-13,26.13895983134092,26.506868229351298,25.534349545774226,25.664364015098293,50000
2024-05-14,25.664364015098293,25.80916479607455,25.62961488981558,25.72204378318834,50000
2024-05-15,25.72204378318834,25.73080546070808,25.33863597527617,25.41884244382772,50000
2024-05-16,25.41884244382772,25.85397036748334,25.326465190008985,25.588514590511974,50000
2024-05-17,25.588514590511974,25.61332452895313,25.299590040698416,25.30621838958982,50000
2024-05-20,25.30621838958982,25.49424652321266,25.03656665677964,25.068186988616382,97582
2024-05-21,25.068186988616382,25.46193799353703,24.76550505562316,25.248655510728465,50000
2024-05-22,25.248655510728465,25.35987199080675,25.179771332226426,25.24496002039711,50000
2024-05-23,25.24496002039711,25.580721723759716,24.94725116137979,25.450423957826263,50000
2024-05-24,25.450423957826263,25.47293005398329,25.2229560923334,25.34448146547244,50000
2024-05-27,25.34448146547244,25.537860946052902,25.044614336544257,25.208842633624904,50000
2024-05-28,25.208842633624904,25.46528455954902,24.69289220896607,24.933442734584652,53494
2024-05-29,24.933442734584652,25.100057667355664,24.895922026866952,24.982813205958863,50000
2024-05-30,24.982813205958863,25.106406640072688,24.47198220535609,24.542915881937738,87986
2024-05-31,24.542915881937738,24.80906454812431,24.46836434305531,24.750321139960754,50000
2024-06-03,24.750321139960754,25.26053919578411,24.732128743509257,25.250983779227155,117994
2024-06-04,25.250983779227155,25.816715789165066,24.95112930967149,25.585304067713576,50000
2024-06-05,25.585304067713576,25.837514810802553,25.476974330456027,25.66136101639241,50000
2024-06-06,25.66136101639241,25.95612449195425,25.41261634040485,25.818749273608162,50000
2024-06-07,25.818749273608162,26.179436710376837,25.81310292841187,26.117210950026564,50000
2024-06-10,26.117210950026564,26.729783492295834,26.056356302259076,26.576975146882216,89820
2024-06-11,26.576975146882216,27.02068523655731,26.5439087434872,26.850257273651415,56129
2024-06-12,26.850257273651415,27.0103114275436,26.83674660395767,26.968848919411677,50000
2024-06-13,26.968848919411677,27.48639599258644,26.900711547873687,27.316675212219867,66788
2024-06-14,27.316675212219867,27.33813004677752,26.685181465719385,26.796876406037224,172892
2024-06-17,26.796876406037224,26.888483994123945,26.47318336966214,26.66149306940029,50000
2024-06-18,26.66149306940029,27.127028019954395,26.42294600474229,26.983226379208652,56190
2024-06-19,26.983226379208652,27.77624587421456,26.91232316222111,27.60160253275329,71702
2024-06-20,27.60160253275329,28.053650697153035,27.57975184769836,27.903478834484584,50000
2024-06-21,27.903478834484584,28.198801525147537,27.731849427420965,28.138786223745512,50000
2024-06-24,28.138786223745512,28.231743234394454,27.74986469091819,27.845156020717482,68913
2024-06-25,27.845156020717482,28.09126676011649,27.35159422326444,27.500023365584834,50000
2024-06-26,27.500023365584834,27.815181802364236,27.4551849669751,27.60344794420749,50000
2024-06-27,27.60344794420749,27.7462133234387,26.8338020297407,26.979261274920656,50000
2024-06-28,26.979261274920656,27.48007810900287,26.7180139118262,27.393879123584078,179970
2024-07-01,27.393879123584078,27.51850813760179,26.733587298055642,26.83224094968888,50000
2024-07-02,26.83224094968888,26.877290959644352,26.223747423036418,26.553307270909816,50000
2024-07-03,26.553307270909816,27.149718860720185,26.462574904781345,27.055393089471117,67680
2024-07-04,27.055393089471117,27.66330164990259,26.974438773897795,27.606393991417686,50234
2024-07-05,27.606393991417686,27.612846823308107,26.937499065638434,27.185377737524362,159336
2024-07-08,27.185377737524362,27.655098357520675,26.911120729616908,27.30631755143343,184161
2024-07-09,27.30631755143343,27.821011053952002,27.290920641310553,27.597830048813755,85824
2024-07-10,27.597830048813755,28.28134475490782,27.531980785755916,28.20795263713368,50000
2024-07-11,28.20795263713368,28.227840618651147,27.87920821097763,27.944887537639723,50000
2024-07-12,27.944887537639723,28.27405297735183,27.890634433422807,27.92628494618992,162248
2024-07-15,27.92628494618992,28.556677547577436,27.865215324863986,28.518888029933482,70155
2024-07-16,28.518888029933482,28.864088999000334,28.230571323339074,28.780241361304732,50000
2024-07-17,28.780241361304732,28.94349768713475,28.747912297869732,28.942431235513236,129170
2024-07-18,28.942431235513236,28.989020606342727,28.274812994736767,28.638746623757427,50000
2024-07-19,28.638746623757427,28.9961507654465,28.50633238290279,28.732671582437497,50000
2024-07-22,28.732671582437497,29.0421698834522,27.784769537015155,28.007883620994615,72790
2024-07-23,28.007883620994615,28.04969129698125,27.531405620893356,27.792862489366765,51543
2024-07-24,27.792862489366765,28.190231530791095,27.77881053553015,28.148874907198806,50000
2024-07-25,28.148874907198806,28.254347468399278,27.98399728369842,28.18961666673421,95566
2024-07-26,28.18961666673421,28.285872547351527,27.967858939715356,28.030782093980065,50000
2024-07-29,28.030782093980065,28.15746961161293,27.751747222067916,27.912822275031992,50000
2024-07-30,27.912822275031992,27.99177401989324,27.835164830086352,27.984061931267735,50000
2024-07-31,27.984061931267735,28.153824915285565,27.97783419050814,28.013292267026877,50000
2024-08-01,28.013292267026877,28.51252471223781,28.003555776744204,28.3473733121932,50000
2024-08-02,28.3473733121932,28.363873803688836,27.732842867440077,27.821796519562685,50000
2024-08-05,27.821796519562685,28.28531046913502,27.697103275304855,28.076866797658898,82534
2024-08-06,28.076866797658898,28.234339055664694,27.972265929125985,28.202285708520865,62492
2024-08-07,28.202285708520865,28.525773749133062,28.085095658464983,28.259789810171846,50000
2024-08-08,28.259789810171846,28.312182448195063,28.02860644645636,28.09873742841734,50000
2024-08-09,28.09873742841734,28.273559370599763,27.898603655220718,28.076632994490698,50000
2024-08-12,28.076632994490698,28.246624707822757,28.05266326155918,28.05563576498338,50000
2024-08-13,28.05563576498338,28.36040295393169,27.860464898979032,28.01239209945496,50000
2024-08-14,28.01239209945496,28.02021287451669,27.416448337756723,27.53609792172115,50000
2024-08-15,27.53609792172115,28.08047023198624,27.399997398551005,27.872992035112375,50000
2024-08-16,27.872992035112375,27.950778418943916,27.65459057698019,27.70579231601187,100431
2024-08-19,27.70579231601187,27.97252580867558,27.569924771493696,27.761922425844983,50000
2024-08-20,27.761922425844983,28.041406225492782,27.53729060441009,27.9906061906863,50000
2024-08-21,27.9906061906863,28.594771411719663,27.941167327917253,28.449586852468368,50000
2024-08-22,28.449586852468368,28.50214653757637,28.297634726027404,28.302851332499866,50000
2024-08-23,28.302851332499866,28.6644878148078,28.13828741932848,28.408858264239665,50000
2024-08-26,28.408858264239665,28.877704192704282,28.3064511786287,28.863734257103474,73987
2024-08-27,28.863734257103474,28.885229137438422,28.594577739011736,28.638093029969703,106921
2024-08-28,28.638093029969703,28.98612927577062,28.52670237382869,28.961069430249818,50000
2024-08-29,28.961069430249818,29.160071376482136,28.825393089957732,28.92840958786027,107246
2024-08-30,28.92840958786027,28.9749891709142,28.30694633852454,28.622019136945582,93934
2024-09-02,28.622019136945582,29.321925402620323,28.247058719938227,29.06532572934046,50000
2024-09-03,29.06532572934046,29.52730763140355,29.017915802860518,29.323483711815133,50000
2024-09-04,29.323483711815133,29.414454862693173,29.28148202727243,29.293114946286785,50000
2024-09-05,29.293114946286785,29.512713513576596,29.161581722464874,29.44123647238368,50000
2024-09-06,29.44123647238368,29.538004215123326,28.850860227731204,28.92678464297972,81232
2024-09-09,28.92678464297972,29.12569790282058,28.7879376469153,28.900456261571705,60237
2024-09-10,28.900456261571705,29.000108464159926,28.749563765035766,28.985570105295142,50000
2024-09-11,28.985570105295142,29.180633326124003,28.901724757273495,29.109354943536882,111593
2024-09-12,29.109354943536882,29.22309892236125,28.994649578250858,28.99992494505213,50000
2024-09-13,28.99992494505213,29.1990439604744,28.799882587348883,29.002169538802235,50000
2024-09-16,29.002169538802235,29.81762260733468,28.854685861865118,29.57239371298065,50000
2024-09-17,29.57239371298065,29.63315811886793,29.43308282829997,29.536096618285395,50000
2024-09-18,29.536096618285395,29.647312279764062,29.20326203475706,29.573296638851975,200175
2024-09-19,29.573296638851975,29.67302127671482,29.24756659824601,29.664901835143446,89690
2024-09-20,29.664901835143446,29.786341532313642,29.25839606858586,29.47164483817312,56902
2024-09-23,29.47164483817312,29.55872953603676,29.295094612603084,29.41775085967327,50000
2024-09-24,29.41775085967327,29.54241155226436,28.956674663450393,29.188860864872137,50000
2024-09-25,29.188860864872137,29.599858208035485,29.035172407980895,29.371805369458116,50000
2024-09-26,29.371805369458116,29.46881223462043,29.01997260482235,29.186086201696302,50000
2024-09-27,29.186086201696302,29.356386912856582,28.3879820337663,28.589725703205243,103437
2024-09-30,28.589725703205243,28.649671535729027,28.411204683105467,28.44975115223548,63577
2024-10-01,28.44975115223548,29.513974583978733,28.281997177622753,29.243552779540288,50000
2024-10-02,29.243552779540288,29.359048423101967,28.846425715015933,29.3080317686017,50000
2024-10-03,29.3080317686017,29.453880604955984,29.301404318431057,29.378836408043703,50000
2024-10-04,29.378836408043703,30.246791986159835,29.35124769716206,30.161126380884497,65877
2024-10-07,30.161126380884497,30.441217532215834,29.833133585428055,30.135000231861966,50000
2024-10-08,30.135000231861966,30.42548251268683,29.645303228931557,29.721492599181566,50000
2024-10-09,29.721492599181566,29.99998909628489,29.368125080679867,29.38296437723099,50000
2024-10-10,29.38296437723099,30.160696506417615,29.224989208770076,30.005452289577942,50000
2024-10-11,30.005452289577942,30.101426159119242,29.416363740605068,29.476328864430116,50000
2024-10-14,29.476328864430116,29.8585219177912,29.22987191805566,29.230533606862753,50000
2024-10-15,29.230533606862753,29.69596725529903,29.020496073590618,29.167741150990416,50000
2024-10-16,29.167741150990416,29.478815535554045,29.126981548169177,29.460963768114183,70194
2024-10-17,29.460963768114183,29.711821332081772,29.417023759216903,29.70074542431911,103604
2024-10-18,29.70074542431911,29.782839410494987,29.260680774118654,29.28142592966796,50000
2024-10-21,29.28142592966796,29.98134317565767,29.24097289097396,29.68250232670493,50000
2024-10-22,29.68250232670493,29.82425989855017,28.87770244825874,28.989276194884805,50000
2024-10-23,28.989276194884805,29.934430831367166,28.748801314379474,29.810965806928973,50000
2024-10-24,29.810965806928973,29.96640739880375,28.916580169127176,29.147925330452686,50000
2024-10-25,29.147925330452686,29.17299216100913,28.869147762681308,28.908810067264078,50000
2024-10-28,28.908810067264078,29.469007659069778,28.754770586271633,29.285096783711612,50000
2024-10-29,29.285096783711612,30.091617399979288,29.009415941572264,29.9198037764274,50000
2024-10-30,29.9198037764274,30.05269372273699,29.798703325283668,29.809633160519223,50000
2024-10-31,29.809633160519223,30.040254997878005,29.714080179739405,29.861576358626728,50000
2024-11-01,29.861576358626728,29.977446946168477,29.253360015922997,29.550411356746075,50000
2024-11-04,29.550411356746075,29.756886846842377,29.51639697936148,29.640195500674366,50000
2024-11-05,29.640195500674366,29.827735793714027,29.445013011960388,29.76231457698344,117429
2024-11-06,29.76231457698344,30.03821995314935,29.00409644316572,29.20775173359787,50000
2024-11-07,29.20775173359787,29.23131241533642,28.608880914040146,28.631333828353075,50000
2024-11-08,28.631333828353075,28.878123999985196,28.471376316543445,28.58616833837924,50000
2024-11-11,28.58616833837924,28.698736707955813,28.425070528136505,28.497644443697077,50000
2024-11-12,28.497644443697077,28.87853080410991,28.433635350950258,28.666695095589194,50000
2024-11-13,28.666695095589194,28.720808135952247,28.125769881967244,28.23372336942763,50000
2024-11-14,28.23372336942763,28.351836778689435,27.982284987044608,28.09357201320217,50000
2024-11-15,28.09357201320217,28.663031178646513,28.04580966314778,28.271623367096275,50000
2024-11-18,28.271623367096275,28.857130536802792,28.172805378607027,28.63409428976522,50000
2024-11-19,28.63409428976522,28.860454640352827,28.617221865974745,28.798041090036545,73733
2024-11-20,28.798041090036545,29.125323077000026,28.711574337054977,29.116752396377137,50000
2024-11-21,29.116752396377137,29.15106479826916,28.41971420499767,28.586874748536875,50000
2024-11-22,28.586874748536875,29.24660758779631,28.54859374503621,29.129069064597804,51719
2024-11-25,29.129069064597804,29.199546911767385,28.381344861152552,28.626426812060675,83756
2024-11-26,28.626426812060675,28.66998630229395,28.377209290595328,28.430902657054283,50000
2024-11-27,28.430902657054283,28.47026449656622,28.021801167056317,28.144950798916327,50000
2024-11-28,28.144950798916327,28.35658780632147,27.83330436366195,28.00385862173191,50000
2024-11-29,28.00385862173191,28.16708179335118,27.77515786444042,27.809258038169368,50000
2024-12-02,27.809258038169368,27.929359315914354,27.173006754020978,27.360484607993442,79231
2024-12-03,27.360484607993442,27.43290667188372,26.276063893136882,26.54386154389944,50000
2024-12-04,26.54386154389944,26.76485745966206,26.13031453490117,26.139182397587486,50000
2024-12-05,26.139182397587486,26.176286060285392,25.674501433027352,25.96359114107044,63593
2024-12-06,25.96359114107044,26.009699834726156,25.423360847880364,25.46441629261743,61824
2024-12-09,25.46441629261743,25.58500944181701,24.752072318941856,24.959455111418336,50000
2024-12-10,24.959455111418336,25.50747380391719,24.8205515879703,25.48966387880265,50000
2024-12-11,25.48966387880265,25.675256574262452,25.01644890536616,25.101272304325093,50000
2024-12-12,25.101272304325093,25.595501462412635,25.0094701074708,25.366699817018773,54679
2024-12-13,25.366699817018773,25.86893990639921,25.170309647904716,25.731180081360947,50000
2024-12-16,25.731180081360947,26.011379911560482,25.411669664908846,25.52372302541941,50000
2024-12-17,25.52372302541941,25.798012036578424,24.962559942378768,25.313139571633762,50000
2024-12-18,25.313139571633762,25.420990331406813,25.287307824626968,25.347694855758053,152370
2024-12-19,25.347694855758053,25.486572058830784,24.742687392185896,24.978683570654404,50000
2024-12-20,24.978683570654404,25.489041858112362,24.78353746559544,25.40065818796598,50000
2024-12-23,25.40065818796598,25.52770213540297,24.826956315523393,24.871310251640093,50000
2024-12-24,24.871310251640093,24.88717294342179,24.305345597419855,24.441477900856878,50000
2024-12-25,24.441477900856878,24.570578139773584,24.037362880959005,24.241363458344043,50000
2024-12-26,24.241363458344043,24.37640346426659,24.17873507752799,24.269389323130177,50000
2024-12-27,24.269389323130177,24.601952997242737,24.117299150134144,24.43407761962945,50000
2024-12-30,24.43407761962945,25.118001222083024,24.301098545372252,24.838292783001496,50000
2024-12-31,24.838292783001496,25.463929474499018,24.56917963608996,25.0648673929546,50000
2025-01-01,25.0648673929546,25.206000279301975,24.756984288994317,24.893164563309426,50000
2025-01-02,24.893164563309426,25.00844183658337,24.49853595950431,24.57831661351275,84894
2025-01-03,24.57831661351275,25.4450743845995,24.376386837708935,25.143268723402635,50000
2025-01-06,25.143268723402635,25.358426193594433,24.90074964278724,24.9541119797215,50000
2025-01-07,24.9541119797215,25.06085309101667,24.548190875349455,24.567483687904232,50000
2025-01-08,24.567483687904232,24.939421548423297,24.379952225178176,24.881681784422305,50000
2025-01-09,24.881681784422305,25.091493343623704,24.714329374662086,25.02343972867483,56046
2025-01-10,25.02343972867483,25.22244879311262,24.79220361695814,25.101188143334504,50000
2025-01-13,25.101188143334504,25.36461127003095,24.80647707988149,25.18535319235248,71241
2025-01-14,25.18535319235248,25.266451502160614,24.69155948863467,24.715782412670684,86246
2025-01-15,24.715782412670684,24.989738383644198,24.634497934640816,24.767241270814207,50000
2025-01-16,24.767241270814207,24.867164368935395,24.37738663060962,24.593353352485316,50000
2025-01-17,24.593353352485316,25.193239152474064,24.332086667559004,25.10602737507405,50000
2025-01-20,25.10602737507405,25.72765770660542,25.013376079341008,25.63969600786923,50000
2025-01-21,25.63969600786923,25.663663516370125,25.043277198067692,25.107953715406754,50000
2025-01-22,25.107953715406754,25.114780259498048,24.04138383940299,24.362381388656914,214972
2025-01-23,24.362381388656914,24.569348120608584,23.733513931620998,23.909035310724892,50000
2025-01-24,23.909035310724892,24.317607583951553,23.84272043120464,24.092180645194503,87856
2025-01-27,24.092180645194503,24.145469424995714,23.99276363916351,24.10213021956207,50000
2025-01-28,24.10213021956207,24.596487045473413,24.075594129094284,24.482882222140958,50000
2025-01-29,24.482882222140958,24.94411113218038,24.29680392731493,24.82926766423651,50000
2025-01-30,24.82926766423651,25.250840977262737,24.82820071232699,25.0424772595486,70277
2025-01-31,25.0424772595486,25.597705892786845,24.99048514315807,25.52690732095793,50000
2025-02-03,25.52690732095793,25.880407784108247,25.504440530021977,25.853104457122676,50000
2025-02-04,25.853104457122676,26.38617455863112,25.7226395310799,26.241196141673004,50000
2025-02-05,26.241196141673004,26.647267922062692,25.84891220815973,26.5656083867549,50000
2025-02-06,26.5656083867549,26.90336888389689,26.527120215655433,26.843360998577275,50000
2025-02-07,26.843360998577275,27.109286049549677,26.59484559880537,26.66413914264108,50000
2025-02-10,26.66413914264108,26.72672535851348,26.53022616018362,26.66300499541362,50000
2025-02-11,26.66300499541362,26.9384895403867,26.63332970473134,26.82801060117675,50000
2025-02-12,26.82801060117675,27.051080011488875,26.46622541531602,26.68172141776903,50000
2025-02-13,26.68172141776903,27.14283572660396,26.532334116737708,27.04311777627177,75965
2025-02-14,27.04311777627177,27.307598028317415,26.77583223841166,27.17182228127964,62051
2025-02-17,27.17182228127964,27.832333949334267,27.08402524090513,27.70313322072361,50000
2025-02-18,27.70313322072361,28.16467214815943,26.81719515150895,26.95687786945877,52355
2025-02-19,26.95687786945877,27.03941598296538,26.448906143277465,26.57068345621042,50000
2025-02-20,26.57068345621042,26.949235456115503,26.432292074873857,26.65833605999576,50000
2025-02-21,26.65833605999576,26.70827772279501,25.719102930363192,25.930370898975948,50000
2025-02-24,25.930370898975948,26.76560145595932,25.91519711183876,26.603921005904976,118412
2025-02-25,26.603921005904976,26.822347475111094,26.577575259717893,26.8067397481955,50000
2025-02-26,26.8067397481955,26.90712121644831,26.44770813268594,26.751427216055674,50000
2025-02-27,26.751427216055674,26.971941908286787,26.57616973879433,26.91607595260451,50000
2025-02-28,26.91607595260451,26.980700423403487,25.694720947508973,25.928816575879843,71803
2025-03-03,25.928816575879843,25.931376889798344,25.483839069805562,25.531494175667394,50000
2025-03-04,25.531494175667394,25.560675531390174,25.1788019156037,25.398787179248004,50000
2025-03-05,25.398787179248004,25.414755341090196,24.972372334175002,25.1245080350908,57994
2025-03-06,25.1245080350908,25.273522828958317,24.893263753285588,24.992072827188586,50000
2025-03-07,24.992072827188586,25.52013413510766,24.75715979606357,25.519931075955924,50000
2025-03-10,25.519931075955924,26.188468362909344,25.42911281899141,25.92505461091098,50000
2025-03-11,25.92505461091098,26.24820773027402,25.8382413672266,26.051314781717082,50000
2025-03-12,26.051314781717082,26.08858760625506,25.834721442343536,25.948237443437765,50000
2025-03-13,25.948237443437765,26.21588676849191,25.544124841246163,25.710175812393654,50000
2025-03-14,25.710175812393654,25.7394731347523,25.480145919201057,25.628190743074917,50000
2025-03-17,25.628190743074917,25.852085833436064,25.053024500580513,25.241993460929873,50000
2025-03-18,25.241993460929873,25.33897740552963,24.89713840872945,25.021411315157952,50000
2025-03-19,25.021411315157952,25.144879872626806,24.547437705762018,24.56783305042959,132631
2025-03-20,24.56783305042959,24.60022558666496,24.043542143151825,24.31291517442828,64622
2025-03-21,24.31291517442828,24.5338284670231,23.744238174805666,23.85943011847862,50000
2025-03-24,23.85943011847862,23.95273753188328,23.667281638844738,23.84221511941661,50000
2025-03-25,23.84221511941661,24.379217922755895,23.563525001249445,24.07424453474621,50000
2025-03-26,24.07424453474621,24.67196998278113,23.892511826777863,24.629245017772032,50000
2025-03-27,24.629245017772032,24.834546623612756,24.619075334161334,24.6377581212161,50000
2025-03-28,24.6377581212161,25.04548613299573,24.614918796939453,24.980739029456732,53482
2025-03-31,24.980739029456732,25.588712168683674,24.68937845860626,25.299489166873755,50000
2025-04-01,25.299489166873755,25.352329062733936,24.942683270123567,24.950510938937363,50000
2025-04-02,24.950510938937363,25.48899826393756,24.91639676150843,25.201353546755545,54337
2025-04-03,25.201353546755545,25.23096278249922,25.1011991938253,25.180158851374973,50000
2025-04-04,25.180158851374973,25.37009798145522,25.02443699645246,25.213728088522,50000
2025-04-07,25.213728088522,25.287344679913925,24.79087477330809,25.019676197793014,59407
2025-04-08,25.019676197793014,25.06716320564008,24.79972179704667,25.004679785207514,64180
2025-04-09,25.004679785207514,25.103098956346205,24.58090333208124,24.593800046698824,50000
2025-04-10,24.593800046698824,24.721036777087114,24.238902329575183,24.4944877321764,72401
2025-04-11,24.4944877321764,24.666044100585772,24.153267854534402,24.1581957760606,50000
2025-04-14,24.1581957760606,24.564718289302956,23.426534473086424,23.56374133356399,50000
2025-04-15,23.56374133356399,23.689767045790113,23.363373496096926,23.670568818604266,50000
2025-04-16,23.670568818604266,24.30204708103047,23.652270458268728,24.154540507101263,50000
2025-04-17,24.154540507101263,24.322992589049143,23.384684128311104,23.621628847038192,50000
2025-04-18,23.621628847038192,23.6972591521912,23.61593102298431,23.654440123301633,50000
2025-04-21,23.654440123301633,23.793864651487254,23.392425222010377,23.65214619756079,52509
2025-04-22,23.65214619756079,23.71243718658535,23.386096107780837,23.709497339183983,50000
2025-04-23,23.709497339183983,23.94612847642231,23.137236129928144,23.219324842130593,70694
2025-04-24,23.219324842130593,23.45621656139288,23.202745593500723,23.414988000000506,50000
2025-04-25,23.414988000000506,23.732836036203953,23.310794268044727,23.52430878071398,50000
2025-04-28,23.52430878071398,23.567513740687325,23.51491842508283,23.54087928877822,60542
2025-04-29,23.54087928877822,23.632730369851412,23.342802231974527,23.60584965347015,99270
2025-04-30,23.60584965347015,23.910827648285252,23.55572732146011,23.786066355864044,50000
2025-05-01,23.786066355864044,23.897098905161037,23.184055104820878,23.333969876137587,112061
2025-05-02,23.333969876137587,23.417967578722312,23.21044138063973,23.365630790928062,67623
2025-05-05,23.365630790928062,23.382588094777926,22.97891040873605,23.28358822921581,56851
2025-05-06,23.28358822921581,23.348901814555916,23.19879634410827,23.2805462567691,50000
2025-05-07,23.2805462567691,24.01047290223933,23.221019874706307,23.802138530570527,50000
2025-05-08,23.802138530570527,23.833627896054463,23.470162638866544,23.72564412365818,50000
2025-05-09,23.72564412365818,24.057925987945445,23.571690668994915,23.60437175650087,50000
2025-05-12,23.60437175650087,23.677035068642052,23.20891287139209,23.389735139565538,50000
2025-05-13,23.389735139565538,23.829541385842035,23.188140114470762,23.708493786452483,50000
2025-05-14,23.708493786452483,23.803380802974885,23.31484066451173,23.472815066329535,50000
2025-05-15,23.472815066329535,24.026547660879974,23.360978323296376,24.01747949520923,50000
2025-05-16,24.01747949520923,24.13758645875052,23.783707820036597,24.06432021933959,50000
2025-05-19,24.06432021933959,24.251440515297173,23.66894087929224,23.82187272654988,50000
2025-05-20,23.82187272654988,24.048002636715793,23.797836509221305,24.00394678451141,50000
2025-05-21,24.00394678451141,24.18178972940708,23.959696613119974,24.135570594619995,60254
2025-05-22,24.135570594619995,24.144517777004754,24.090784468341795,24.13389081138253,50000
2025-05-23,24.13389081138253,24.31415043745726,23.675455790889455,23.88910753784556,50000
2025-05-26,23.88910753784556,24.399608151904157,23.7211155392904,24.3797961587259,76432
2025-05-27,24.3797961587259,24.71864680208217,24.02117917288963,24.516539038062362,65326
2025-05-28,24.516539038062362,24.659508758077912,24.243996121904054,24.485373472039623,50000
2025-05-29,24.485373472039623,24.661820709101953,24.41094600432922,24.493514472573285,117385
2025-05-30,24.493514472573285,24.858537973614368,24.26805887716111,24.828442121744207,50000
2025-06-02,24.828442121744207,25.190499286486062,24.764285293014538,24.969537638670783,64140
2025-06-03,24.969537638670783,25.151081505331266,24.233130202340377,24.355346164407365,70812
2025-06-04,24.355346164407365,24.434827876252914,23.79136625639359,23.899824992038408,50000
2025-06-05,23.899824992038408,24.04267293802298,23.610504075346036,23.641926043674367,53845
2025-06-06,23.641926043674367,23.782973246574663,23.374087692975326,23.701391490799416,50000
2025-06-09,23.701391490799416,23.72618410367427,23.377161216765696,23.518635741117457,140115
2025-06-10,23.518635741117457,24.009325808031594,23.51108146260827,23.909059141966686,92668
2025-06-11,23.909059141966686,23.96662053175773,23.64975595409035,23.7448594393261,64841
2025-06-12,23.7448594393261,24.247649405776148,23.681052772889085,24.039144386120906,50000
2025-06-13,24.039144386120906,24.193038842306027,23.900045203765686,24.029089536851643,50000
2025-06-16,24.029089536851643,24.1860201893175,23.737705025573142,23.970214722250013,50000
2025-06-17,23.970214722250013,24.0629072478162,23.736357009576043,23.84239791943146,50000
2025-06-18,23.84239791943146,24.047650245816353,23.833357432202853,24.042854707774417,50000
2025-06-19,24.042854707774417,24.282109793206832,23.268158273138077,23.50917565530687,50000
2025-06-20,23.50917565530687,23.54540698427698,23.08551852253481,23.310440776407674,50000
2025-06-23,23.310440776407674,23.909172377341765,23.1135251764299,23.89221628852391,50000
2025-06-24,23.89221628852391,24.13210839703779,23.500610445061902,23.985253353581154,50000
2025-06-25,23.985253353581154,24.253667291719303,23.649499684996073,24.147434751596546,50000
2025-06-26,24.147434751596546,24.38892167954331,24.057004603573397,24.319835920322422,50000
2025-06-27,24.319835920322422,24.762022910848742,24.009746373779087,24.393716522664704,50000
2025-06-30,24.393716522664704,24.76132455723551,23.77773090479121,24.009655806198015,50000
2025-07-01,24.009655806198015,24.169413646011726,23.953655634348678,24.015485470497286,79222
2025-07-02,24.015485470497286,24.293905540532293,23.55493741418688,23.559059691570123,50000
2025-07-03,23.559059691570123,23.71120410311841,23.17739785440462,23.2260943308092,50000
2025-07-04,23.2260943308092,23.358614197361522,23.190284708412946,23.301148204736204,64109
2025-07-07,23.301148204736204,23.538788995762246,23.03474222511528,23.18586937294122,50000
2025-07-08,23.18586937294122,23.189293168969435,23.057405409482808,23.085160643179105,50000
2025-07-09,23.085160643179105,23.11569545570532,22.573698461133215,22.631504595064094,50000
2025-07-10,22.631504595064094,22.67152450990396,22.133807219458,22.546705839666632,50000
2025-07-11,22.546705839666632,22.755571591801857,22.38227725829967,22.616050789024026,50000
2025-07-14,22.616050789024026,22.80146999621332,22.504085661758737,22.73796458293531,50000
2025-07-15,22.73796458293531,23.019224207189403,22.437306155274474,22.797899862229155,50000
2025-07-16,22.797899862229155,23.220147825198936,22.743879657974492,23.026215829103357,50000
2025-07-17,23.026215829103357,23.05650446822523,22.828684900791423,23.013690184413953,50000
2025-07-18,23.013690184413953,23.095248527681026,22.729904667796006,22.766986176810562,50000
2025-07-21,22.766986176810562,23.050425999980842,22.6398489620179,23.007857455637794,50000
2025-07-22,23.007857455637794,23.011707120773945,22.75657736582153,23.009323298287566,80200
2025-07-23,23.009323298287566,23.096524475106463,22.85241315637238,22.905447855516922,66313
2025-07-24,22.905447855516922,23.10743074811621,22.879470454157985,22.882799973270878,78234
2025-07-25,22.882799973270878,23.260721930545664,22.849637658318898,23.196407617556964,50000
2025-07-28,23.196407617556964,23.416738140106247,23.193321105847495,23.37594906492935,50000
2025-07-29,23.37594906492935,23.41925528060196,23.25900202885715,23.390298516417182,154011
2025-07-30,23.390298516417182,23.43954105433745,23.233549053293224,23.321288418765207,50000
2025-07-31,23.321288418765207,23.72437322317217,23.289924725068666,23.564480629211957,50000
2025-08-01,23.564480629211957,24.030254213646682,23.47351205391154,23.85387611118222,112325
2025-08-04,23.85387611118222,23.90726125702695,23.83333417627704,23.842509773532463,50000
2025-08-05,23.842509773532463,24.093424318770992,23.71168405576832,23.725123970797668,50000
2025-08-06,23.725123970797668,23.827643381500184,23.689851925691016,23.82712259018777,50000
2025-08-07,23.82712259018777,24.01459061730663,23.09007334158588,23.18900829016258,54495
2025-08-08,23.18900829016258,23.239940818712878,23.12463671999042,23.12613093393981,50000
2025-08-11,23.12613093393981,23.412806339096857,23.025790084782038,23.4034614939018,65191
2025-08-12,23.4034614939018,23.445613605522425,22.977844971836312,23.186173246656978,50000
2025-08-13,23.186173246656978,23.77181118841114,23.165031764627834,23.453597887053565,50585
2025-08-14,23.453597887053565,23.552339010401937,23.371528997498363,23.549975633125626,50000
2025-08-15,23.549975633125626,23.752229208967243,22.980331593883214,23.133383699671022,50000
2025-08-18,23.133383699671022,23.168712804415858,22.349224545138394,22.63571785664944,50000
2025-08-19,22.63571785664944,22.65145559615151,22.417699430015322,22.50032201472408,74475
2025-08-20,22.50032201472408,22.50551994892485,22.34224958368206,22.34446792949365,50000
2025-08-21,22.34446792949365,22.716190309528244,22.23146991798304,22.48558554618984,50000
2025-08-22,22.48558554618984,23.13529598281818,22.44700671912551,22.73702862514661,51621
2025-08-25,22.73702862514661,23.049874169989252,22.659025348737263,23.011947485745537,50000
2025-08-26,23.011947485745537,23.266528515669805,23.010113571900458,23.108721949543565,94052
2025-08-27,23.108721949543565,23.260301665086452,22.991883429928592,23.153127416672643,50000
2025-08-28,23.153127416672643,23.758647170183462,23.060425708678228,23.691270981390254,50000
2025-08-29,23.691270981390254,23.967045881193762,23.508478477454194,23.889756439974047,50000
2025-09-01,23.889756439974047,23.904975348528616,23.593101991749148,23.640921820957917,50000
2025-09-02,23.640921820957917,23.88619342966975,23.071299803100047,23.139806356074693,50000
2025-09-03,23.139806356074693,23.329557123236196,22.836302393905044,22.856803119397266,50000
2025-09-04,22.856803119397266,23.55884065305633,22.74183175091641,23.329386019796214,50000
2025-09-05,23.329386019796214,23.855434601020463,23.051894988547183,23.780000336214073,50000
2025-09-08,23.780000336214073,23.8382001115475,23.425879345275867,23.614654973220095,50000
2025-09-09,23.614654973220095,23.703489438913728,23.57764546374602,23.630572441297485,50000
2025-09-10,23.630572441297485,23.76106456275393,23.149422193138147,23.381204733820017,50000
2025-09-11,23.381204733820017,24.04235265186132,23.252325175475338,23.96593049906889,50000
2025-09-12,23.96593049906889,24.18504470739818,23.089272627240554,23.107182893763767,106472
2025-09-15,23.107182893763767,23.118788981417197,22.795612959432198,23.027047816317793,50000
2025-09-16,23.027047816317793,23.132373100084493,22.8821680286135,22.996550864033154,50000
2025-09-17,22.996550864033154,23.117119888147297,22.760156864767474,22.761981236692844,50000
2025-09-18,22.761981236692844,23.081800588359187,22.75556865815455,23.001032700293266,50000
2025-09-19,23.001032700293266,23.58934363364222,22.92025138932039,23.5322444875749,50000
2025-09-22,23.5322444875749,24.04137414043992,23.50189097989542,23.88257069300866,50000
2025-09-23,23.88257069300866,24.047592352238606,23.71368510441253,23.94458678544522,50000
2025-09-24,23.94458678544522,24.432721913584004,23.742416171872982,24.336047732095754,50000
2025-09-25,24.336047732095754,24.3969208867236,24.106251039691532,24.24906980531325,50000
2025-09-26,24.24906980531325,24.737984347219534,24.174706383818272,24.578661138563742,65629
2025-09-29,24.578661138563742,24.666940068180633,23.704947503956376,23.846852032766513,50000
2025-09-30,23.846852032766513,24.463706679417385,23.744807091450145,24.460361439494246,82345
2025-10-01,24.460361439494246,24.975918723573724,24.356833361771926,24.77759688852744,62600
2025-10-02,24.77759688852744,24.91550041418049,24.212287147996328,24.481341619321288,50000
2025-10-03,24.481341619321288,24.62794708057487,24.45126787760216,24.555877987046326,69236
2025-10-06,24.555877987046326,24.85582888961003,24.43084948749305,24.804408387194613,50000
2025-10-07,24.804408387194613,25.084897742943568,24.33531367034262,24.358117758910204,55925
2025-10-08,24.358117758910204,24.50526287878902,24.062473301678125,24.10568604656072,50000
2025-10-09,24.10568604656072,24.17818592479276,23.57402129293339,23.784769901340987,50000
2025-10-10,23.784769901340987,23.995734025959305,23.671014798144967,23.973235077071877,89851
2025-10-13,23.973235077071877,24.37554059372409,23.925426776923665,24.22864245500771,50000
2025-10-14,24.22864245500771,24.82261527123444,24.16067583672062,24.621019423268194,50000
2025-10-15,24.621019423268194,24.63486496752541,24.22223190649107,24.298891012546925,50000
2025-10-16,24.298891012546925,24.378532082461913,23.778302872940955,23.88101077297041,50000
2025-10-17,23.88101077297041,23.99225258587727,23.455099337108432,23.668670781291567,50000
2025-10-20,23.668670781291567,23.686227958601872,23.46677611630076,23.564655317663647,50000
2025-10-21,23.564655317663647,23.85211370626984,23.26848224157102,23.318333198175367,50000
2025-10-22,23.318333198175367,23.57984193455309,23.177916208092395,23.569584098427626,50000
2025-10-23,23.569584098427626,23.679166470988953,23.22985893178078,23.555830143013033,50000
2025-10-24,23.555830143013033,23.878213192982138,23.50891873355684,23.701764982172065,54941
2025-10-27,23.701764982172065,24.19685919838955,23.599403325349385,24.14302046122504,50000
2025-10-28,24.14302046122504,24.282387278929324,23.888897094068934,23.912670218454455,70334
2025-10-29,23.912670218454455,24.092146308728523,23.893188715050474,23.91645396448141,50000
2025-10-30,23.91645396448141,24.0531210163252,23.405364863960624,23.550529648393464,50000
2025-10-31,23.550529648393464,23.819990783071535,23.41205630866411,23.770601108009828,50000
2025-11-03,23.770601108009828,23.858590477471804,23.57604084930129,23.668555766849178,50000
2025-11-04,23.668555766849178,23.86692075734731,23.60835952541545,23.679660169159707,63689
2025-11-05,23.679660169159707,24.152801902434486,23.66696994979146,24.02612398448728,50000
2025-11-06,24.02612398448728,24.270601543177133,23.944974958396614,24.068190128300316,50000
2025-11-07,24.068190128300316,24.08278658900649,23.832871320958006,23.900888003181883,50000
2025-11-10,23.900888003181883,24.36146752715321,23.758539419193987,24.33758032807325,58241
2025-11-11,24.33758032807325,24.46151803906492,23.858992421844203,24.016623701989435,127786
2025-11-12,24.016623701989435,24.13055935616247,23.55015216316184,23.605900629940344,57343
2025-11-13,23.605900629940344,23.821302947523403,23.55651730212979,23.672930562715003,50000
2025-11-14,23.672930562715003,23.796236467128637,23.579409122762172,23.611804814271416,53603
2025-11-17,23.611804814271416,24.203148008171436,23.496743424399764,24.19576090119501,114076
2025-11-18,24.19576090119501,24.534730571120246,23.96588274014328,24.35990098442729,50000
2025-11-19,24.35990098442729,24.40949547797231,24.019995956937642,24.11939789719896,50000
2025-11-20,24.11939789719896,24.622985984836,23.8603839968643,24.57980528434399,50000
2025-11-21,24.57980528434399,24.65311686788094,23.766036546088568,23.955564258298356,51762
2025-11-24,23.955564258298356,24.02404142463313,23.874868472759623,23.958241871288834,50000
2025-11-25,23.958241871288834,24.764299982521358,23.73986982732679,24.50632087703167,50000
2025-11-26,24.50632087703167,24.813415818276944,24.246684598465176,24.66083700776783,50000
2025-11-27,24.66083700776783,24.90891683185424,24.208787551699505,24.277251029151543,50000
2025-11-28,24.277251029151543,24.297083872231926,23.74540647980458,23.9369251761509,231461
2025-12-01,23.9369251761509,24.274191627005397,23.901762192974747,24.207511918917852,50000
2025-12-02,24.207511918917852,24.641413685744805,24.089472430971284,24.621102356626952,50000
2025-12-03,24.621102356626952,24.66879866991895,24.146731668698887,24.262031154815407,65001
2025-12-04,24.262031154815407,24.456317830878373,24.07788760219633,24.310886656363987,103013
2025-12-05,24.310886656363987,24.482280738479982,24.22374337212296,24.31622027413777,72799
2025-12-08,24.31622027413777,24.76378646796255,24.22871237453614,24.506601985956447,74168
2025-12-09,24.506601985956447,25.274952869426507,24.49860182061915,25.148175749919655,75285
2025-12-10,25.148175749919655,25.332425522595535,25.02085801160203,25.3248191609584,50000
2025-12-11,25.3248191609584,25.575817248926963,24.866326111941795,25.398379555927875,50000
2025-12-12,25.398379555927875,25.52893431035869,24.968292764971583,25.19596394239423,50000
2025-12-15,25.19596394239423,25.322906059097644,24.380424493469555,24.407828371207845,50000
2025-12-16,24.407828371207845,24.60582513778869,24.314524582309684,24.475490399383563,50000
2025-12-17,24.475490399383563,24.672458279583978,24.34838719157553,24.38082018731665,63570
2025-12-18,24.38082018731665,24.77259689927103,24.290456747614776,24.74834231903015,108357
2025-12-19,24.74834231903015,24.769082347831546,24.372555000848486,24.60552532140009,65307
2025-12-22,24.60552532140009,24.757056935692635,24.13195309152265,24.168138328125668,65871
2025-12-23,24.168138328125668,24.191552292498752,23.415071107236837,23.45794855956853,50000
2025-12-24,23.45794855956853,23.48650635528124,23.11128952904202,23.127625306268943,50328
2025-12-25,23.127625306268943,23.396998249832603,23.090690256549898,23.304996842204694,50000
2025-12-26,23.304996842204694,23.350944757394615,23.19304055908658,23.33839622959179,62565
2025-12-29,23.33839622959179,23.76702431804834,23.08136544412592,23.652699002730966,50000
2025-12-30,23.652699002730966,23.77364793670695,23.598816121238496,23.71781504385309,50000
2025-12-31,23.71781504385309,23.768442427583164,23.260488508831564,23.409020699637537,75722
2026-01-01,23.409020699637537,23.55838924611314,23.30920880769749,23.35148045938469,50000
2026-01-02,23.35148045938469,23.361834730763327,23.060676997381343,23.287039641439772,50000
2026-01-05,23.287039641439772,23.510737686902303,23.149181101798803,23.214317392733324,50000
2026-01-06,23.214317392733324,23.362460186465068,22.98388333977525,23.103562902738744,91257
2026-01-07,23.103562902738744,23.271613525959918,22.05778128672013,22.156817420274823,50000
2026-01-08,22.156817420274823,22.31783928540824,22.119083257221114,22.29903613493487,50000
2026-01-09,22.29903613493487,22.42911528243131,22.034271436478303,22.411087256529907,58202
2026-01-12,22.411087256529907,22.63839480732173,22.329247892937534,22.63262994233242,50000
2026-01-13,22.63262994233242,22.856675626704895,22.398440349789002,22.44942883656799,50000
2026-01-14,22.44942883656799,23.273343327008387,22.428885414680806,23.176826493469044,50000
2026-01-15,23.176826493469044,23.608965509376798,23.176504671297383,23.410815590852884,50000
2026-01-16,23.410815590852884,23.64046377409564,23.350974132252638,23.639987408237545,104188
2026-01-19,23.639987408237545,24.484433005257912,23.431991406943823,24.294878463266553,57142
2026-01-20,24.294878463266553,24.585007501880167,24.09112854438994,24.430294664013633,73026
2026-01-21,24.430294664013633,24.56457895021544,24.393097293692147,24.414521388620557,50000
2026-01-22,24.414521388620557,24.61080371297456,24.37219007899026,24.38194362780398,59091
2026-01-23,24.38194362780398,24.630844988170296,24.27678909418678,24.437953661346675,50000
2026-01-26,24.437953661346675,24.74682930458872,24.3720315055019,24.667876952282274,145029
2026-01-27,24.667876952282274,24.741832943321324,24.527137317022202,24.729854851468343,60923
2026-01-28,24.729854851468343,24.778443011157332,24.324495023031137,24.584694190260773,66481
2026-01-29,24.584694190260773,25.127347767964014,24.490886501407093,25.09157833147814,50000
2026-01-30,25.09157833147814,25.329181874144137,24.456443154793632,24.73087654397782,50000
2026-02-02,24.73087654397782,24.852818375274524,24.698953418084713,24.74642173834075,73235
2026-02-03,24.74642173834075,25.082733589035684,24.283846409166863,24.2958542054021,51622
2026-02-04,24.2958542054021,24.569209732944163,23.479256083294885,23.607887524910634,57349
2026-02-05,23.607887524910634,23.958193653311575,23.443558144741385,23.772825359131936,50000
2026-02-06,23.772825359131936,23.96010959071715,23.76925647470253,23.846753684040564,54956
2026-02-09,23.846753684040564,23.984423495431354,23.025245306835732,23.209293572259032,195479
2026-02-10,23.209293572259032,23.39224159884521,23.073337774779205,23.108874408102345,50000
2026-02-11,23.108874408102345,23.921576715677787,23.101232734738687,23.61650453219907,50000
2026-02-12,23.61650453219907,23.81940748375694,23.496432389950577,23.80623503614295,50000
2026-02-13,23.80623503614295,23.863844829793283,23.5934720864772,23.636690430038104,50000
2026-02-16,23.636690430038104,23.80108931213469,23.208576532594602,23.348448988744586,50000
2026-02-17,23.348448988744586,23.59487174531834,23.163605328344477,23.52245021051475,55550
2026-02-18,23.52245021051475,24.01922201783621,23.356890154903887,24.010211265608355,50000
2026-02-19,24.010211265608355,24.12564486733433,23.871295980870084,24.096728757935317,50000
2026-02-20,24.096728757935317,24.444054962948357,24.056022590432,24.282233097772146,50000
2026-02-23,24.282233097772146,24.461905321862442,24.232884150846846,24.33269766714161,86165
2026-02-24,24.33269766714161,24.535353235529968,24.11895087238297,24.475705597374606,112118
2026-02-25,24.475705597374606,24.48121313302411,24.185133276753692,24.30618560020021,50000
2026-02-26,24.30618560020021,24.69137451842515,24.29667437782429,24.575225957295025,65334
2026-02-27,24.575225957295025,24.97434198215018,24.387824797035936,24.80005889397687,50000
2026-03-02,24.80005889397687,25.399354307253063,24.46575311676581,25.220668730776634,78333
2026-03-03,25.220668730776634,25.407593489161304,25.101594833126637,25.318051639710273,50000
2026-03-04,25.318051639710273,26.263320362797145,25.295430968454948,26.157557051000467,73449
2026-03-05,26.157557051000467,26.19194771597676,25.800267568275626,26.10390361549603,50841
2026-03-06,26.10390361549603,26.56966294439758,26.047301952715806,26.398071365447915,50000
2026-03-09,26.398071365447915,26.647105239247654,26.303160465045373,26.64099853898689,50000
2026-03-10,26.64099853898689,27.630426884072836,26.560419916828,27.268487459087176,50000
2026-03-11,27.268487459087176,27.329896991296277,26.82487213028295,27.08835703980724,50000
2026-03-12,27.08835703980724,27.31515360035584,26.980464935336304,26.990129683793246,50000
2026-03-13,26.990129683793246,27.17712248876032,26.817128793360176,26.91250832654162,50000
2026-03-16,26.91250832654162,26.914514548211795,26.8425116247971,26.85819263514075,111953
2026-03-17,26.85819263514075,27.623129231607248,26.832948445571496,27.1803138257912,50000
2026-03-18,27.1803138257912,27.552709535930124,27.121550138278725,27.156257064975588,50000
2026-03-19,27.156257064975588,27.214936119576397,26.970684224233324,27.032504188501978,50000
2026-03-20,27.032504188501978,27.51574806669043,26.702461557850697,27.36293675941014,102305
2026-03-23,27.36293675941014,27.58366161968384,27.267714120963127,27.534683506236917,132289
2026-03-24,27.534683506236917,27.615976465028055,27.378392566198286,27.414575300489975,102169
2026-03-25,27.414575300489975,27.876722439603093,27.35668535097699,27.735141361222222,119132
2026-03-26,27.735141361222222,28.10029368811986,27.573520595754353,27.63649036146325,93956
2026-03-27,27.63649036146325,27.972282121468318,27.488696212306905,27.657709310910032,50000
2026-03-30,27.657709310910032,27.847350199527295,27.250196102784212,27.568320864825832,76886
2026-03-31,27.568320864825832,27.591743001842367,27.278075667555385,27.29527281258598,50000
2026-04-01,27.29527281258598,27.601168293043663,27.01411139563471,27.583646245027516,50000
2026-04-02,27.583646245027516,27.836132678814568,27.35283205399237,27.706493115404434,50732
2026-04-03,27.706493115404434,27.753706391891363,27.433867969172613,27.5317807885393,80541
2026-04-06,27.5317807885393,27.593971606925837,27.452665285381205,27.46718504233835,50000
2026-04-07,27.46718504233835,27.55910633833816,27.30149412487434,27.33993170367257,50000
2026-04-08,27.33993170367257,27.345087798014955,26.85407063703682,27.09341562952774,50000
2026-04-09,27.09341562952774,27.479532565485545,27.084050958429316,27.39501784238178,50000
2026-04-10,27.39501784238178,27.659280400660382,26.832281664627164,27.182828348077994,59405
