Date,Open,High,Low,Close,Volume
2010-01-01,20.593220016788578,20.60057027281525,20.3693889859261,20.593220016788578,50000
2010-01-04,20.593220016788578,20.741541663071537,20.222319518961584,20.275919135812483,50000
2010-01-05,20.275919135812483,20.300036654099582,19.963736012791607,20.20764846207709,60206
2010-01-06,20.20764846207709,20.623525883014537,20.117937618610267,20.537521816823922,87696
2010-01-07,20.537521816823922,20.595152966480452,19.9690875315576,19.988861625564763,50000
2010-01-08,19.988861625564763,20.155968094184935,19.756618959574887,19.87637984147489,50000
2010-01-11,19.87637984147489,20.257356839756927,19.807503325049876,20.202769432894378,120326
2010-01-12,20.202769432894378,20.30280153588456,19.638616495829204,19.893273376679023,75819
2010-01-13,19.893273376679023,20.161521258512813,19.79138679086878,20.026992789749663,50000
2010-01-14,20.026992789749663,20.170644261042924,19.232270700178876,19.43209330993877,50000
2010-01-15,19.43209330993877,19.447453104606645,19.308085487682053,19.319542530623494,50000
2010-01-18,19.319542530623494,19.917863766330942,19.28013508677698,19.74775771847433,50000
2010-01-19,19.74775771847433,19.75344336735409,19.637259226344522,19.655040936995043,50000
2010-01-20,19.655040936995043,19.898271689015843,19.632896987412508,19.715469683419787,50000
2010-01-21,19.715469683419787,19.986701056954004,19.695318708533506,19.965928523046774,125759
2010-01-22,19.965928523046774,20.048385472245535,19.946767211423015,19.95984838582834,50000
2010-01-25,19.95984838582834,20.17588677745702,19.792104708142638,20.023993128207547,50000
2010-01-26,20.023993128207547,20.33154547971232,19.83932743961078,19.922955464964897,50000
2010-01-27,19.922955464964897,20.384449821630295,19.76000910788417,20.345914284037306,68991
2010-01-28,20.345914284037306,20.777255949529085,20.274672568814523,20.744464750969072,57471
2010-01-29,20.744464750969072,20.83603440554726,20.652767912855552,20.73274501898333,183728
2010-02-01,20.73274501898333,20.83151256350578,20.32417626282199,20.513550092893674,50000
2010-02-02,20.513550092893674,20.525397283678306,20.184415021044217,20.44507608271615,84957
2010-02-03,20.44507608271615,20.537359230774445,20.36224697460804,20.52052018419827,98550
2010-02-04,20.52052018419827,20.881327579391797,20.464490702840354,20.748852431602952,50000
2010-02-05,20.748852431602952,21.078203243169774,20.477838319715232,20.650344921728134,50000
2010-02-08,20.650344921728134,20.828819862294562,20.569123992427954,20.7726963119144,50000
2010-02-09,20.7726963119144,20.79193160036004,20.301184026170233,20.455891993324027,50877
2010-02-10,20.455891993324027,20.852385107920394,20.216333574128143,20.785520768312818,50000
2010-02-11,20.785520768312818,20.884770656471044,20.719368148010414,20.831655452387228,73560
2010-02-12,20.831655452387228,21.42661160149269,20.579968335216055,21.34797606228838,53832
2010-02-15,21.34797606228838,21.3872347676522,21.13135477976209,21.34354289605704,53410
2010-02-16,21.34354289605704,21.375247303718545,21.197474442998132,21.341843136895623,59137
2010-02-17,21.341843136895623,21.482054134750147,21.14399994751391,21.191605925330958,50000
2010-02-18,21.191605925330958,21.770770552426857,21.13510557034013,21.613073958373047,50000
2010-02-19,21.613073958373047,21.973385167951328,21.503051628898536,21.75434291187388,50000
2010-02-22,21.75434291187388,22.065137514461348,21.683440422811884,22.058368038245515,50000
2010-02-23,22.058368038245515,22.178033149120722,21.725909036336425,21.938265735237064,50000
2010-02-24,21.938265735237064,22.166106703618496,21.627141100734868,21.689151419513006,55274
2010-02-25,21.689151419513006,21.695421890805857,21.276261950084685,21.46284272656798,50000
2010-02-26,21.46284272656798,21.46528753078419,21.139955424957307,21.187066705230073,50000
2010-03-01,21.187066705230073,21.42043774989065,21.126773093377402,21.3249121137194,50000
2010-03-02,21.3249121137194,21.391585058425328,21.079802186318922,21.277492845670885,64942
2010-03-03,21.277492845670885,21.349552557901287,21.109057774757538,21.284953606934604,54716
2010-03-04,21.284953606934604,21.444007776688313,21.21520604226295,21.220915345064565,50000
2010-03-05,21.220915345064565,21.31965960743091,21.13788476043861,21.224087851486154,50000
2010-03-08,21.224087851486154,21.53651910085692,21.144567073245632,21.49740132009419,50000
2010-03-09,21.49740132009419,21.599273323954435,21.40863848534969,21.45007936035145,79804
2010-03-10,21.45007936035145,21.696330687362824,21.34137928783045,21.515499586689035,50000
2010-03-11,21.515499586689035,22.291386960460695,21.414583595703608,22.06706034756791,50000
2010-03-12,22.06706034756791,22.276176880310985,21.819467041240202,21.959278270242113,105779
2010-03-15,21.959278270242113,22.420927646732807,21.884016137686135,22.222463998585994,50000
2010-03-16,22.222463998585994,22.267897537109363,21.968924081458724,22.075332942004646,50000
2010-03-17,22.075332942004646,22.14286241455618,22.021621965454656,22.039725726059093,60662
2010-03-18,22.039725726059093,22.17385765654123,21.923447488608062,22.09728272753482,82154
2010-03-19,22.09728272753482,22.180762859820128,21.82697119198501,21.90963913566,116379
2010-03-22,21.90963913566,22.15357791229918,21.71382859708173,21.993765776123706,129868
2010-03-23,21.993765776123706,22.616391957208023,21.974602459753136,22.35975233574402,50000
2010-03-24,22.35975233574402,22.394197567416025,22.13259455539477,22.266181236660508,50000
2010-03-25,22.266181236660508,22.657268796728612,22.135737144487845,22.641616552947,50000
2010-03-26,22.641616552947,22.7475691731741,22.30783195340417,22.457153039058383,66729
2010-03-29,22.457153039058383,22.48001811166002,22.00889257969573,22.26339688857924,50000
2010-03-30,22.26339688857924,22.694384451225538,22.251998040831996,22.50723959414675,50000
2010-03-31,22.50723959414675,22.815337386154805,22.286447583194217,22.579661365131816,51689
2010-04-01,22.579661365131816,22.685477962454836,22.23136740768313,22.590752685980057,90529
2010-04-02,22.590752685980057,22.64258626664075,22.506111144547358,22.53324012255236,66555
2010-04-05,22.53324012255236,22.888884805852715,21.96268743297397,22.097214164564754,53193
2010-04-06,22.097214164564754,22.107571084296968,21.888780168151474,21.914828252104005,50000
2010-04-07,21.914828252104005,22.054879274768126,21.884426563753742,21.97755201628874,100764
2010-04-08,21.97755201628874,22.055779743606138,21.526013938313053,21.53815843713049,55701
2010-04-09,21.53815843713049,21.661019161194133,21.32724864518422,21.358727892762367,53362
2010-04-12,21.358727892762367,21.41841232154955,20.820634188611873,20.87625271511294,55678
2010-04-13,20.87625271511294,20.88658139123347,20.62752597460363,20.7550621123292,64154
2010-04-14,20.7550621123292,20.77596225243193,20.52733654657199,20.766107160843088,50000
2010-04-15,20.766107160843088,21.012081173167946,20.73117149523707,20.89231166697627,67754
2010-04-16,20.89231166697627,20.90410891677437,20.711687901898497,20.755615248070015,50000
2010-04-19,20.755615248070015,21.0339242379718,20.614160059937067,20.909792374878542,50000
2010-04-20,20.909792374878542,21.021244723852508,20.76024972863156,20.91912791263739,50000
2010-04-21,20.91912791263739,21.2272252544058,20.90118990429046,21.157481778969462,73562
2010-04-22,21.157481778969462,21.20939001748858,20.852187705202137,21.0514609894094,81371
2010-04-23,21.0514609894094,21.49713256640446,21.023809821030436,21.48785868073032,50000
2010-04-26,21.48785868073032,21.516473767077954,21.143857425453838,21.2570077901846,50000
2010-04-27,21.2570077901846,21.32233991545368,21.13506314726987,21.26421611296495,50000
2010-04-28,21.26421611296495,21.37391574386909,21.16351213689517,21.29055914528159,50000
2010-04-29,21.29055914528159,21.44022559937962,21.00443014066413,21.188771403456816,144511
2010-04-30,21.188771403456816,21.560869414055958,21.015973961389104,21.393199104689245,50000
2010-05-03,21.393199104689245,21.468188106704947,21.058935682039415,21.12320711099648,50000
2010-05-04,21.12320711099648,21.347694449464758,20.840821684186597,21.0155371515335,50000
2010-05-05,21.0155371515335,21.24486389647815,20.65539276450205,20.843792593371887,50000
2010-05-06,20.843792593371887,21.10311865259833,20.658689411940593,20.78568128406204,50000
2010-05-07,20.78568128406204,20.99702724772699,20.779496585217988,20.831617550186944,50000
2010-05-10,20.831617550186944,21.134332085883866,20.752262116225758,21.088217141576763,50000
2010-05-11,21.088217141576763,21.15450703604318,20.659381072617247,20.72131379870975,50000
2010-05-12,20.72131379870975,20.812021533303252,20.65674207520703,20.762141807098597,50000
2010-05-13,20.762141807098597,20.810083316424446,19.827554274177796,20.029142163948713,159279
2010-05-14,20.029142163948713,20.06927246193535,19.332862821621678,19.597235981497814,94165
2010-05-17,19.597235981497814,19.638295038167918,19.31385522675695,19.42920520527488,64522
2010-05-18,19.42920520527488,19.494630879038926,19.140021466218,19.20728562813454,50000
2010-05-19,19.20728562813454,19.272942043861722,19.063901054362308,19.230579527968388,50000
2010-05-20,19.230579527968388,19.246983050642292,18.92954143958392,19.009199143056794,113798
2010-05-21,19.009199143056794,19.32180203520769,18.9820885020895,19.06529315820855,50000
2010-05-24,19.06529315820855,19.42804173718611,19.01589711381007,19.32830188858074,65094
2010-05-25,19.32830188858074,19.36719725758031,19.078983226446095,19.174816081016708,58251
2010-05-26,19.174816081016708,19.43092059941244,19.165780938343257,19.359326121457713,77198
2010-05-27,19.359326121457713,19.43068368889837,19.227417405271623,19.248938434097795,50000
2010-05-28,19.248938434097795,19.274258026520435,19.062937733374554,19.070554591331888,50000
2010-05-31,19.070554591331888,19.083523928693687,18.883474704336393,18.941766635188888,128353
2010-06-01,18.941766635188888,19.056539473153165,18.740215076321814,18.974694440704077,50000
2010-06-02,18.974694440704077,19.041287211531877,18.893401075299106,18.950581970781947,55979
2010-06-03,18.950581970781947,19.03241617580161,18.90000739658967,19.011149145092173,50000
2010-06-04,19.011149145092173,19.080300726539097,18.887606899293164,18.94358497578176,87304
2010-06-07,18.94358497578176,18.96633181130273,18.888142759994917,18.88944735090434,58904
2010-06-08,18.88944735090434,18.937339874357267,18.818506297349828,18.8847642362059,50000
2010-06-09,18.8847642362059,18.983370965149106,18.757698458446757,18.873396361062383,50000
2010-06-10,18.873396361062383,19.390280267316818,18.870144846409307,19.28822637208692,50000
2010-06-11,19.28822637208692,19.466238595015167,19.207292035450987,19.31645229236687,50000
2010-06-14,19.31645229236687,19.462554211830465,19.184411704820732,19.43660583356441,143513
2010-06-15,19.43660583356441,19.65602430595675,19.358624762982668,19.575493006379165,50000
2010-06-16,19.575493006379165,19.895452511100665,19.567692436900764,19.647572803928092,50000
2010-06-17,19.647572803928092,19.82073170190309,19.05331573657884,19.181187493196717,50000
2010-06-18,19.181187493196717,19.295531926553277,19.177607015744382,19.256908715301886,116974
2010-06-21,19.256908715301886,19.28038982081904,19.194343986750997,19.22816721103514,50000
2010-06-22,19.22816721103514,19.602609615107276,19.2273200589422,19.540579898269556,50000
2010-06-23,19.540579898269556,19.791271886725664,19.29425429986366,19.730394132806115,50000
2010-06-24,19.730394132806115,20.11547086513669,19.692355053236398,19.9119957999766,50000
2010-06-25,19.9119957999766,20.224195883252108,19.901805733542584,20.034579938349687,50000
2010-06-28,20.034579938349687,20.39240420526196,19.89032511431039,20.19757067027223,50000
2010-06-29,20.19757067027223,20.280097659921836,20.093809274717625,20.12826723486575,50000
2010-06-30,20.12826723486575,20.376175972897293,19.655691151295855,19.77681388776643,50000
2010-07-01,19.77681388776643,19.95389988417229,19.204240177768064,19.326468965682388,198701
2010-07-02,19.326468965682388,19.493072185621987,19.121453153081795,19.386113962794777,50000
2010-07-05,19.386113962794777,19.476423421605343,18.684466353231155,18.72802070793671,50000
2010-07-06,18.72802070793671,18.755374387798163,18.502808575627498,18.65119312649741,50000
2010-07-07,18.65119312649741,18.806282571609447,18.567965878375222,18.63433873754351,50000
2010-07-08,18.63433873754351,18.700117160281774,17.956959586994028,18.13472633986014,138003
2010-07-09,18.13472633986014,18.161219181998327,17.977722900424062,18.071057563358426,50000
2010-07-12,18.071057563358426,18.343234948665067,17.78774420514252,18.202145550273936,53014
2010-07-13,18.202145550273936,18.542447843557277,17.996328796997066,18.457681422523333,50000
2010-07-14,18.457681422523333,18.953520753210114,18.430498064729264,18.914783519900425,89559
2010-07-15,18.914783519900425,19.5463569612169,18.81222943537004,19.461240776788213,85049
2010-07-16,19.461240776788213,20.153086699350848,19.39496365088049,19.961233924761004,117950
2010-07-19,19.961233924761004,19.964488828880715,19.586345940031368,19.748953083575763,50000
2010-07-20,19.748953083575763,19.827533005911715,19.553652360764,19.59705375509112,50000
2010-07-21,19.59705375509112,19.741563652667896,19.49883071216731,19.722035129650614,59202
2010-07-22,19.722035129650614,19.886428495612844,19.550856147588746,19.835073475817833,50000
2010-07-23,19.835073475817833,20.00070476388091,19.5469275684394,19.653658620048372,50000
2010-07-26,19.653658620048372,19.853971077904347,19.50067169986251,19.517408450329484,50000
2010-07-27,19.517408450329484,19.582911642297148,19.251965911213563,19.264140493858147,80760
2010-07-28,19.264140493858147,19.42627139298849,19.203900915027805,19.3547568723461,50000
2010-07-29,19.3547568723461,19.458958702960402,19.18495481172185,19.29518769812565,50000
2010-07-30,19.29518769812565,19.469280830246998,19.211871214681132,19.34606912270912,50000
2010-08-02,19.34606912270912,19.374746226477466,18.989404428422244,18.993432583461644,50000
2010-08-03,18.993432583461644,19.02907018892746,18.343480210381664,18.351714931635847,50000
2010-08-04,18.351714931635847,18.40411540792686,18.257654053204263,18.274345177734897,50000
2010-08-05,18.274345177734897,18.657333063320003,18.055424175493503,18.57822594599883,50000
2010-08-06,18.57822594599883,19.49067786561675,18.500760002195296,19.411622917864904,52122
2010-08-09,19.411622917864904,19.546265174730195,19.39549157181967,19.474374108518095,50000
2010-08-10,19.474374108518095,19.558766152307776,19.442254257809026,19.49698042718533,82510
2010-08-11,19.49698042718533,19.591563898118764,19.091047412827567,19.203788223590326,50000
2010-08-12,19.203788223590326,19.203957277939125,18.803998022086933,18.852581941368598,50000
2010-08-13,18.852581941368598,19.02603259982153,18.721133141283723,18.971745735284863,198687
2010-08-16,18.971745735284863,19.092851803556393,18.254063720129228,18.36779162348725,66984
2010-08-17,18.36779162348725,19.170172117993722,18.225893893686532,18.93162792950508,86470
2010-08-18,18.93162792950508,19.056804281973715,18.914789029848333,18.931465764540597,50000
2010-08-19,18.931465764540597,19.109599483330985,18.80924518142499,19.054925258191556,50000
2010-08-20,19.054925258191556,19.195376169955725,18.771317895855447,18.83468822101378,50000
2010-08-23,18.83468822101378,19.043753908631135,18.739177231616416,18.93946805085271,55792
2010-08-24,18.93946805085271,19.03645210727677,18.796214099613373,18.95464153931912,50000
2010-08-25,18.95464153931912,19.431911079641793,18.932829149818375,19.191474324388974,83813
2010-08-26,19.191474324388974,19.580946746704115,19.15238928000019,19.542560037960914,50000
2010-08-27,19.542560037960914,19.885445545876397,19.513915681065267,19.743238123807817,50000
2010-08-30,19.743238123807817,19.76360486270133,19.515881635831974,19.67811816254847,50000
2010-08-31,19.67811816254847,19.715213151006925,19.152302786485695,19.42134427592725,50000
2010-09-01,19.42134427592725,19.435569594459306,19.11629486777244,19.140536399654525,56103
2010-09-02,19.140536399654525,19.174797992280215,18.874519533416986,18.89923949878443,50000
2010-09-03,18.89923949878443,19.033515978396924,18.610372145759438,18.767874678702206,50000
2010-09-06,18.767874678702206,19.2536979702893,18.620003124830447,19.164392477601076,50000
2010-09-07,19.164392477601076,19.68164112222988,19.155224948771234,19.399843223768727,50000
2010-09-08,19.399843223768727,19.453919614775277,19.29127387250951,19.309622800913264,50000
2010-09-09,19.309622800913264,19.838702690066395,19.286998361634648,19.82409398524077,63910
2010-09-10,19.82409398524077,20.56309783935785,19.73231091818242,20.537939058384374,50000
2010-09-13,20.537939058384374,20.592742843189058,20.414827397870358,20.48384654271417,50000
2010-09-14,20.48384654271417,20.579363829124233,20.401477202514204,20.486698277796258,50000
2010-09-15,20.486698277796258,20.529031974648902,20.146662335887065,20.17145075312094,50000
2010-09-16,20.17145075312094,20.54337274654323,20.15204740795221,20.286616967697004,50000
2010-09-17,20.286616967697004,20.703441297849878,20.225075782673407,20.58761480578648,50000
2010-09-20,20.58761480578648,20.80179746850588,20.418926596849193,20.650352918076702,50000
2010-09-21,20.650352918076702,20.796122993161465,20.334593201455846,20.53677245639868,84269
2010-09-22,20.53677245639868,20.57128359274524,19.965513452658392,20.032266147366784,50000
2010-09-23,20.032266147366784,20.353825948313528,19.99794138464912,20.224759202557944,50000
2010-09-24,20.224759202557944,20.539772440719965,20.168460505975155,20.46111785209096,50000
2010-09-27,20.46111785209096,21.059262859689326,20.42305671509635,20.978296081811983,78169
2010-09-28,20.978296081811983,21.018386199734255,20.94532931368686,20.98565212460967,50000
2010-09-29,20.98565212460967,21.053576123561804,20.817717605997352,20.934202427050316,50000
2010-09-30,20.934202427050316,21.003610942561195,20.708514450828098,20.810345947119252,50000
2010-10-01,20.810345947119252,20.951919242058572,20.16046189768224,20.40601307187814,84495
2010-10-04,20.40601307187814,20.545481121314122,20.270402331263213,20.395958826133857,50000
2010-10-05,20.395958826133857,20.46995016354705,19.978395533582365,20.100686594541116,50000
2010-10-06,20.100686594541116,20.455992779815727,20.02340821573053,20.399232173312228,86131
2010-10-07,20.399232173312228,20.76965259026671,20.32664587224485,20.646120160978658,50000
2010-10-08,20.646120160978658,20.922670040053234,20.616349766779027,20.704115358540136,56969
2010-10-11,20.704115358540136,21.47871998808188,20.57242029928035,21.33029052230743,50000
2010-10-12,21.33029052230743,21.481004932033787,21.130519856878337,21.29319512559265,50000
2010-10-13,21.29319512559265,21.72187785798173,21.271109562610047,21.483008491648278,53046
2010-10-14,21.483008491648278,21.604987825570383,21.102404654652016,21.28609578843978,50000
2010-10-15,21.28609578843978,21.450088212845202,21.084774627877945,21.140296056447298,113892
2010-10-18,21.140296056447298,21.16525272657359,20.688198277508235,20.710470019360052,50000
2010-10-19,20.710470019360052,20.716943507357023,20.340348606760195,20.441423672375485,50000
2010-10-20,20.441423672375485,20.554864944049275,19.88679725191121,19.9932087346204,50000
2010-10-21,19.9932087346204,20.03654585259405,19.88985380271819,20.010342906119845,55827
2010-10-22,20.010342906119845,20.034231071186053,19.79502982970859,19.851812122062352,50000
2010-10-25,19.851812122062352,19.863409060286994,19.215079598940463,19.289625218074118,87235
2010-10-26,19.289625218074118,19.7753888173092,19.27247191645711,19.682748776275304,50000
2010-10-27,19.682748776275304,19.887160142456292,19.48889881447342,19.518830361910208,99690
2010-10-28,19.518830361910208,19.717297243878384,19.385206584658828,19.70984600198324,50000
2010-10-29,19.70984600198324,20.76389979755643,19.61565395879186,20.674915602740942,114647
2010-11-01,20.674915602740942,20.740956983130854,20.22852155644014,20.523594545271582,50000
2010-11-02,20.523594545271582,20.907877981926028,20.4197325607099,20.738029178134976,50000
2010-11-03,20.738029178134976,20.969734335256714,20.384910345621492,20.4487709951045,50000
2010-11-04,20.4487709951045,20.72540358656495,20.335510187278974,20.492430332916786,55007
2010-11-05,20.492430332916786,20.50557771906049,20.408923976109364,20.49599549892813,125707
2010-11-08,20.49599549892813,20.56351347763958,20.434990340927637,20.534164689294883,50000
2010-11-09,20.534164689294883,20.55418660293675,20.363792166975585,20.40951480570438,50000
2010-11-10,20.40951480570438,20.44201723568781,20.211555536373137,20.346434075543304,50000
2010-11-11,20.346434075543304,20.70208596893017,20.329266404863677,20.586319283948587,50000
2010-11-12,20.586319283948587,20.62408241857757,20.399710318276558,20.606471362408286,50000
2010-11-15,20.606471362408286,20.947854153304636,20.385605189624382,20.909711591616286,77445
2010-11-16,20.909711591616286,21.27445661372325,20.89629259410255,21.210542076280916,67403
2010-11-17,21.210542076280916,21.496105005427665,20.59490721133434,20.816348061514596,50000
2010-11-18,20.816348061514596,21.031842317702118,20.653194569039428,20.937332767691696,50000
2010-11-19,20.937332767691696,20.995030137923003,20.83294028835413,20.95993764756369,50000
2010-11-22,20.95993764756369,21.076704173014384,20.489841403196316,20.496280511249083,50000
2010-11-23,20.496280511249083,20.672730339194278,20.432386567720933,20.646154384790595,50000
2010-11-24,20.646154384790595,20.914257292009722,20.640306526827803,20.747452476679236,50000
2010-11-25,20.747452476679236,20.778492462211684,20.306061979240617,20.431960524519628,56630
2010-11-26,20.431960524519628,20.649370093445587,20.430512660499414,20.513036352273893,50000
2010-11-29,20.513036352273893,20.571128842188816,19.69876140044847,19.83288266414573,50000
2010-11-30,19.83288266414573,20.036621675498605,19.798029977966504,19.925759671878232,50000
2010-12-01,19.925759671878232,20.00055074285798,19.767006934267847,19.867948339072232,50000
2010-12-02,19.867948339072232,19.903255158415977,19.69023268946869,19.88888739214002,50000
2010-12-03,19.88888739214002,19.98139655698098,19.725815402821205,19.74044373799921,61381
2010-12-06,19.74044373799921,19.942150258445857,19.532473833638363,19.72331006617684,50000
2010-12-07,19.72331006617684,19.873604224065456,19.039278234719358,19.068129823534967,50000
2010-12-08,19.068129823534967,19.242399186972193,18.589307745103614,18.76111715937471,50000
2010-12-09,18.76111715937471,18.949368088537696,18.53022364908375,18.891682382510602,50000
2010-12-10,18.891682382510602,19.072661311806513,18.471665426849416,18.632517033641935,50000
2010-12-13,18.632517033641935,18.930164971170196,18.60902001279522,18.791397967387326,50000
2010-12-14,18.791397967387326,19.289877101933037,18.722726163402477,19.289060501449793,55447
2010-12-15,19.289060501449793,20.034952682176463,19.277259769377068,19.974886557520414,50000
2010-12-16,19.974886557520414,20.003519078633552,19.55542857763554,19.64845000397178,50000
2010-12-17,19.64845000397178,19.699224349776937,19.344364067141196,19.349879665408533,50000
2010-12-20,19.349879665408533,19.464085846687748,19.1095176772854,19.20373542560877,50000
2010-12-21,19.20373542560877,20.00425532612506,19.140489730310094,19.90419865928141,240196
2010-12-22,19.90419865928141,19.968517491931436,19.471723542612537,19.629292146966286,50000
2010-12-23,19.629292146966286,19.68338010028589,19.461829039683842,19.521509010774697,50000
2010-12-24,19.521509010774697,19.833722453725613,19.451729292019305,19.773632063477947,87934
2010-12-27,19.773632063477947,19.9245173447661,19.659361209204175,19.86046975867359,50000
2010-12-28,19.86046975867359,20.045856951691487,19.7135581141916,19.77623740366403,50000
2010-12-29,19.77623740366403,20.009731557857712,19.77372628133851,19.827367233723326,50000
2010-12-30,19.827367233723326,19.836305755101645,19.385261141315347,19.490912429130336,50000
2010-12-31,19.490912429130336,19.659865676223067,18.993439815187774,19.147065826160894,50000
2011-01-03,19.147065826160894,19.226548442509603,18.939794367796086,18.950543935509426,50000
2011-01-04,18.950543935509426,18.978517159874386,18.812527703899335,18.89336457176229,50000
2011-01-05,18.89336457176229,18.916881999259303,18.748227082255763,18.828741615245125,51011
2011-01-06,18.828741615245125,19.26459657291559,18.78391815979558,19.05237056217544,50000
2011-01-07,19.05237056217544,19.366403842667882,18.90959455800717,19.075873294253007,86977
2011-01-10,19.075873294253007,19.32756028634441,19.027576106483295,19.323151118188065,50000
2011-01-11,19.323151118188065,19.700249915126665,19.15133333928767,19.628211710469706,50000
2011-01-12,19.628211710469706,19.652922536459368,19.41591995053545,19.418801716742074,50000
2011-01-13,19.418801716742074,19.559837683690578,19.308012119488467,19.436242290564294,58946
2011-01-14,19.436242290564294,19.589170696075257,19.29943145904578,19.338620884769536,50000
2011-01-17,19.338620884769536,19.376795287929472,19.14893721111631,19.186997416688516,65407
2011-01-18,19.186997416688516,19.324224196654047,18.79003507102374,19.00712108862508,50000
2011-01-19,19.00712108862508,19.719252330363798,18.719909602771835,19.55264040724712,66492
2011-01-20,19.55264040724712,20.424925976406037,19.49033619358162,20.141326044169126,74624
2011-01-21,20.141326044169126,20.503640694192452,20.032684969004418,20.490164625850934,50000
2011-01-24,20.490164625850934,20.785834596538145,20.39538726968602,20.638824585697453,62120
2011-01-25,20.638824585697453,20.794430969166775,20.332579747549005,20.407393703223292,67350
2011-01-26,20.407393703223292,20.85948710440607,20.283330692565126,20.80367791669749,50000
2011-01-27,20.80367791669749,20.83763649547465,20.59298409684199,20.603218039057257,50000
2011-01-28,20.603218039057257,20.609566615122876,20.31503639219226,20.42707088983282,50000
2011-01-31,20.42707088983282,20.539565338330277,19.946410572278108,20.049060586183337,50000
2011-02-01,20.049060586183337,20.271799685805995,19.686669993358077,19.77956932611943,53452
2011-02-02,19.77956932611943,19.936584343565272,19.71091116199263,19.857407329839273,88080
2011-02-03,19.857407329839273,19.889603562541076,19.165260623359497,19.236617567541813,50000
2011-02-04,19.236617567541813,19.319120293536244,18.674855343955155,18.773156618959273,50000
2011-02-07,18.773156618959273,18.815740330683912,18.46524114129234,18.534150923736288,50000
2011-02-08,18.534150923736288,18.57102503094469,18.18145180096018,18.321898650330848,50000
2011-02-09,18.321898650330848,18.396761716613508,18.19887576627477,18.222625558287273,50000
2011-02-10,18.222625558287273,18.45590702854246,18.207680722221884,18.37295501710966,50000
2011-02-11,18.37295501710966,18.49635349389958,18.02185568609413,18.023584421190264,50000
2011-02-14,18.023584421190264,18.075659168606464,17.741984521531677,17.776219875976505,50000
2011-02-15,17.776219875976505,17.893766425429835,17.628455056624237,17.715910764495224,60647
2011-02-16,17.715910764495224,17.813633588663492,17.278465853486637,17.30148565913327,57523
2011-02-17,17.30148565913327,17.413618368482382,17.065991745510512,17.117435859014687,104687
2011-02-18,17.117435859014687,17.332302857962876,16.90597751072448,17.206798737723787,50000
2011-02-21,17.206798737723787,17.248484883610335,16.97096641171936,16.978700068767164,50000
2011-02-22,16.978700068767164,17.052797568861397,16.716058085797577,16.763567928851042,50000
2011-02-23,16.763567928851042,16.82486453822852,16.326760591596678,16.441328714350647,50000
2011-02-24,16.441328714350647,16.53225239376615,16.214533062534297,16.25273031441598,51807
2011-02-25,16.25273031441598,16.46788539542527,16.20788353953216,16.42361626595881,50000
2011-02-28,16.42361626595881,16.47756029306342,16.050070411591555,16.097876621508536,50000
2011-03-01,16.097876621508536,16.448472885137008,15.892326227209775,16.437281875210513,50000
2011-03-02,16.437281875210513,16.54099823460384,16.26775364590398,16.33649574902899,50638
2011-03-03,16.33649574902899,16.41551073540389,15.881214582071223,16.114101927726296,50000
2011-03-04,16.114101927726296,16.26426793980552,15.88389648330363,16.220379002343186,50000
2011-03-07,16.220379002343186,16.28443502719146,16.020077078703906,16.02771971048114,50000
2011-03-08,16.02771971048114,16.15778130335494,15.986923113317404,16.074289757840774,50000
2011-03-09,16.074289757840774,16.408665331350377,16.027493163325396,16.352254272477754,50000
2011-03-10,16.352254272477754,16.79195636187025,16.090092909707426,16.656990549868414,108016
2011-03-11,16.656990549868414,16.885418864690557,16.614837219584718,16.8204197783263,77068
2011-03-14,16.8204197783263,16.932582439264344,16.642990615117515,16.82565872291694,50000
2011-03-15,16.82565872291694,17.47273978141687,16.674955904235862,17.308272497524037,50000
2011-03-16,17.308272497524037,17.73768806406559,17.146220603530274,17.64861750647187,143817
2011-03-17,17.64861750647187,18.04092557417124,17.637870116046177,17.894797996881884,50000
2011-03-18,17.894797996881884,17.910111814421263,17.608407261128512,17.76487453194194,50000
2011-03-21,17.76487453194194,17.8354620328023,17.4009007441071,17.452468430487503,54168
2011-03-22,17.452468430487503,17.567593868522426,17.27751382658316,17.304295240092433,50000
2011-03-23,17.304295240092433,17.53955704048326,17.16841723123072,17.515490045712856,50000
2011-03-24,17.515490045712856,17.521345969068438,16.848308269093216,16.9373389645969,61633
2011-03-25,16.9373389645969,17.24941539873123,16.868818111479552,16.98785220878209,66152
2011-03-28,16.98785220878209,17.1662823004039,16.954938736902854,16.987300300569867,50000
2011-03-29,16.987300300569867,17.375418978990282,16.94384148904983,17.34072814063829,50000
2011-03-30,17.34072814063829,17.381262103890652,17.20875292938073,17.348289144106747,50000
2011-03-31,17.348289144106747,17.473128086639797,17.304643184878426,17.45004808439064,50886
2011-04-01,17.45004808439064,17.800729125915797,17.434358964428696,17.73358963166184,50000
2011-04-04,17.73358963166184,17.785314125706552,16.86896995451694,17.031465367902214,102534
2011-04-05,17.031465367902214,17.11208256152309,16.999065012707923,17.08125582287358,71857
2011-04-06,17.08125582287358,17.12369699407725,16.60156384813956,16.673779607435943,50000
2011-04-07,16.673779607435943,16.70907255880419,16.332698845558408,16.46143658001517,50000
2011-04-08,16.46143658001517,16.57067665411937,16.452357082186825,16.534347730083983,50000
2011-04-11,16.534347730083983,16.66513861092242,16.485288580882493,16.649952410166232,50000
2011-04-12,16.649952410166232,16.728182355443973,15.868538139692431,16.02532694459795,50000
2011-04-13,16.02532694459795,16.04719786759594,15.585978074816138,15.776299161875237,50000
2011-04-14,15.776299161875237,15.926106086289103,15.60938861537796,15.8528516682524,50000
2011-04-15,15.8528516682524,15.867595018758747,15.579256839855496,15.603723437414848,50000
2011-04-18,15.603723437414848,15.692564956161567,15.067538136692603,15.095368736005247,50000
2011-04-19,15.095368736005247,15.213894615279239,15.012393399809442,15.209499010346748,50000
2011-04-20,15.209499010346748,15.475342933944718,15.176039840804876,15.449459442167788,72358
2011-04-21,15.449459442167788,15.465687566944716,15.051823708591927,15.12173373684048,50000
2011-04-22,15.12173373684048,15.363623936909885,14.557245410283228,14.641009768095488,57815
2011-04-25,14.641009768095488,14.825508508681576,14.360312952061681,14.470829412016917,50000
2011-04-26,14.470829412016917,14.548042275389877,14.096809640073477,14.295675365609977,50000
2011-04-27,14.295675365609977,14.40049257402139,14.199534772623677,14.213382806995423,50000
2011-04-28,14.213382806995423,14.534087551622408,14.101765575009075,14.520132492305844,50000
2011-04-29,14.520132492305844,14.581792605066536,14.418003359701775,14.429393032901993,50000
2011-05-02,14.429393032901993,14.47293084723982,14.119877853149157,14.258623906640395,50000
2011-05-03,14.258623906640395,14.353584027902448,14.245736254223724,14.330278782806309,50000
2011-05-04,14.330278782806309,14.385255359116154,14.190066507193015,14.272341525588484,64607
2011-05-05,14.272341525588484,14.818847744105497,14.268597886678895,14.694183091487325,50000
2011-05-06,14.694183091487325,14.974587098453998,14.573800365011042,14.910052024851169,50000
2011-05-09,14.910052024851169,15.096391321420095,14.822291546016507,14.973374477775398,117995
2011-05-10,14.973374477775398,15.056683928747146,14.61417864328864,14.685825403809305,50000
2011-05-11,14.685825403809305,14.720068562980988,14.618800350242761,14.623318971462226,50000
2011-05-12,14.623318971462226,15.194162233692946,14.509071428920599,15.106359818734541,71560
2011-05-13,15.106359818734541,15.251117489348294,15.075991614049293,15.207068813351999,50000
2011-05-16,15.207068813351999,15.297184749465227,15.074512943216442,15.131910744432417,58757
2011-05-17,15.131910744432417,15.672537452068447,15.048634033744722,15.518440155943766,50000
2011-05-18,15.518440155943766,15.638513112138797,15.271961254867511,15.357447501958394,50000
2011-05-19,15.357447501958394,15.432135216503722,15.24300856486263,15.320790594907663,50000
2011-05-20,15.320790594907663,15.371220526628571,15.052110227601734,15.11549713481704,51552
2011-05-23,15.11549713481704,15.146016053497661,14.979701188143101,15.072921809916647,55238
2011-05-24,15.072921809916647,15.18371849244783,15.04132003642097,15.090839200302106,50000
2011-05-25,15.090839200302106,15.16675343495433,14.59589532436269,14.642429664378762,105430
2011-05-26,14.642429664378762,14.741307597279533,14.423612766367558,14.425773931707287,50000
2011-05-27,14.425773931707287,14.59586186514192,14.372129004133932,14.553802165292751,50000
2011-05-30,14.553802165292751,14.64560632288762,14.238341840411017,14.298165710788314,50000
2011-05-31,14.298165710788314,14.436546078699608,14.257755513727377,14.3619832540519,57052
2011-06-01,14.3619832540519,14.422548977094516,14.240308010926247,14.352333922285737,212750
2011-06-02,14.352333922285737,14.49095321345577,14.312021028582599,14.474459204331165,50000
2011-06-03,14.474459204331165,14.756751462651541,14.416091562051076,14.724468955425122,50000
2011-06-06,14.724468955425122,14.777130820047782,14.475902104840557,14.558006904893908,50000
2011-06-07,14.558006904893908,14.780250261847456,14.494503013016448,14.6247554033535,52370
2011-06-08,14.6247554033535,14.683276057887786,14.37780246883339,14.557142892648123,83342
2011-06-09,14.557142892648123,14.705521310632381,14.327792005294755,14.342209993829858,50000
2011-06-10,14.342209993829858,14.770759007195608,14.236565241705286,14.764256054003441,50000
2011-06-13,14.764256054003441,14.77257181840089,14.661719258951111,14.67901776995343,50000
2011-06-14,14.67901776995343,14.75231674255649,14.254043903227078,14.320809281060198,50000
2011-06-15,14.320809281060198,14.523331476919124,14.265159575077485,14.511340903279693,50000
2011-06-16,14.511340903279693,14.677723120677934,13.99524155424675,14.121873063845205,58362
2011-06-17,14.121873063845205,14.521327989003778,13.949249044014616,14.430320931475297,50000
2011-06-20,14.430320931475297,14.878896617840404,14.356541213029457,14.826856551185205,50000
2011-06-21,14.826856551185205,14.86215994241043,14.125962309193927,14.202444992014245,129410
2011-06-22,14.202444992014245,14.257065898972142,13.863338950716543,13.919571047102277,50000
2011-06-23,13.919571047102277,14.046193396237806,13.562572955008696,13.568816482810623,50000
2011-06-24,13.568816482810623,13.59203214822817,13.246734566282974,13.269782528706981,50000
2011-06-27,13.269782528706981,13.517012491142442,13.195532083661108,13.492102190969431,117568
2011-06-28,13.492102190969431,13.839122730856136,13.490004028458587,13.71038210938283,50000
2011-06-29,13.71038210938283,14.177684938946479,13.563725193162087,14.174777403111133,50000
2011-06-30,14.174777403111133,14.264156496037959,13.934907181345887,13.989646417636331,77033
2011-07-01,13.989646417636331,14.006038251979142,13.553019568526771,13.588364637110722,50000
2011-07-04,13.588364637110722,13.65416106912348,13.3207260849923,13.365164803614768,50000
2011-07-05,13.365164803614768,13.403863670202123,12.953395592895841,13.003161717171878,50000
2011-07-06,13.003161717171878,13.0960774463733,12.904346244731984,12.975184156238836,50000
2011-07-07,12.975184156238836,13.097457850744288,12.947820945086455,13.08873717613345,50000
2011-07-08,13.08873717613345,13.094839169404043,12.78916625496467,12.79131761490029,50000
2011-07-11,12.79131761490029,12.915885977562093,12.505788291419174,12.578347453487668,50000
2011-07-12,12.578347453487668,12.882170371160848,12.570305653655689,12.86906265616539,50000
2011-07-13,12.86906265616539,13.207337490004033,12.863758382323518,12.998932034397626,76595
2011-07-14,12.998932034397626,13.252330179809721,12.972317256519245,13.115769798172222,50000
2011-07-15,13.115769798172222,13.409268627277001,13.024651861407223,13.349614456081795,50000
2011-07-18,13.349614456081795,13.371799106758404,13.325905635299446,13.37044350351098,57823
2011-07-19,13.37044350351098,13.830785553213088,13.361955081468679,13.670330751687613,80422
2011-07-20,13.670330751687613,13.710499402120247,13.309009097469776,13.409716560369866,52233
2011-07-21,13.409716560369866,13.63828483984898,13.400192891126883,13.503857631952991,123278
2011-07-22,13.503857631952991,13.520738080270295,13.235916140263846,13.28488647168138,107787
2011-07-25,13.28488647168138,13.40593835299186,12.881202591323124,13.019985775199078,50000
2011-07-26,13.019985775199078,13.466779205500648,12.905760265931647,13.449256336121818,62834
2011-07-27,13.449256336121818,13.505504793664207,13.23808866495867,13.358714745260585,172939
2011-07-28,13.358714745260585,13.382519649534448,12.957089015548785,12.96523067879073,50000
2011-07-29,12.96523067879073,13.05792997319345,12.691164957997204,12.865844735196434,50000
2011-08-01,12.865844735196434,13.031595634931623,12.393070865359396,12.434733168312968,50000
2011-08-02,12.434733168312968,12.67186266295113,12.25385423831599,12.326723307862826,106058
2011-08-03,12.326723307862826,12.845519306960101,12.255837409866851,12.75593296389316,69526
2011-08-04,12.75593296389316,12.870339839106064,12.616974857127168,12.656755598033682,89726
2011-08-05,12.656755598033682,12.677249329053426,12.58676757725541,12.614055085516295,50000
2011-08-08,12.614055085516295,13.11412755601295,12.549316660094895,13.007904969134161,162557
2011-08-09,13.007904969134161,13.188357283387564,12.968282586515855,13.152363698607079,50000
2011-08-10,13.152363698607079,13.5381938111079,13.093734782154831,13.508114091219337,53798
2011-08-11,13.508114091219337,13.925747488392194,13.454003310300838,13.849459284107205,50000
2011-08-12,13.849459284107205,13.970507545875902,13.355803082377651,13.502114913315626,50000
2011-08-15,13.502114913315626,13.589222434021845,13.263761031838301,13.311893640559008,50000
2011-08-16,13.311893640559008,13.330921300066226,12.95930186155141,13.040523774700924,50000
2011-08-17,13.040523774700924,13.122192257223078,12.269248136935092,12.286993205786,174837
2011-08-18,12.286993205786,12.37055040521869,12.14160986364182,12.156122126491814,68431
2011-08-19,12.156122126491814,12.183371428046396,11.89653035917322,11.91350941768961,50000
2011-08-22,11.91350941768961,11.934112560114032,11.877597380379777,11.89866732822461,50000
2011-08-23,11.89866732822461,12.240668159533254,11.841194037142548,12.193783112650932,56784
2011-08-24,12.193783112650932,12.217589953395539,11.913600079277746,11.97603304877449,50000
2011-08-25,11.97603304877449,12.007874352428216,11.633821309979513,11.651302961407403,58144
2011-08-26,11.651302961407403,11.6517079157965,11.376638547986468,11.378028923853842,50000
2011-08-29,11.378028923853842,11.485964615237124,11.314729900737463,11.47773779259431,158115
2011-08-30,11.47773779259431,11.484254587129051,11.302974437673825,11.369020837257745,50000
2011-08-31,11.369020837257745,11.36958190252509,10.973602954425616,10.984500118243943,50000
2011-09-01,10.984500118243943,11.006066512251673,10.686748868484125,10.712891712369789,86434
2011-09-02,10.712891712369789,10.815817301797129,10.305543777278896,10.337405601866548,364879
2011-09-05,10.337405601866548,10.421091836217213,10.24838567972785,10.332478206994427,50000
2011-09-06,10.332478206994427,10.40014349392818,10.045374576583702,10.069640902097472,50000
2011-09-07,10.069640902097472,10.095207252913175,9.869061846523213,9.897022091168237,51120
2011-09-08,9.897022091168237,9.99659040965435,9.835968836245184,9.957308413419481,50000
2011-09-09,9.957308413419481,9.98894559096427,9.643069722254602,9.683256427660368,50000
2011-09-12,9.683256427660368,9.763965236480486,9.408488559882533,9.422248066526233,50000
2011-09-13,9.422248066526233,9.639794334899875,9.295691361119184,9.58561233181081,50000
2011-09-14,9.58561233181081,9.882625776870812,9.481165600417388,9.827471055226018,67995
2011-09-15,9.827471055226018,9.838508320902475,9.583213347094505,9.6370059427094,61257
2011-09-16,9.6370059427094,9.650796122842841,9.432141324225572,9.479609050745012,50000
2011-09-19,9.479609050745012,9.821198881972911,9.46899757077822,9.753347704671206,50000
2011-09-20,9.753347704671206,9.819389442218435,9.531789920192375,9.542802628651025,50000
2011-09-21,9.542802628651025,9.788829627832992,9.417344127035516,9.774505305615019,50000
2011-09-22,9.774505305615019,10.185354608757475,9.740623674383377,10.15373692791024,81168
2011-09-23,10.15373692791024,10.236442995797994,9.58150177385639,9.695613316976392,50000
2011-09-26,9.695613316976392,10.2074690016132,9.636894486063749,10.09950699430957,50000
2011-09-27,10.09950699430957,10.533683995419828,9.935178967429797,10.480731083802757,245213
2011-09-28,10.480731083802757,10.681662358763115,10.411712033684779,10.647318148860675,132566
2011-09-29,10.647318148860675,10.648179021919995,10.493825664832542,10.569714194977015,85312
2011-09-30,10.569714194977015,10.897346864199857,10.544583630468123,10.832415057988412,50000
2011-10-03,10.832415057988412,11.113100150360003,10.814094900525145,11.09348783633249,50000
2011-10-04,11.09348783633249,11.107854259254333,10.82826904142533,10.837961558078883,50000
2011-10-05,10.837961558078883,10.855569767801398,10.643751910140056,10.651032776536557,50000
2011-10-06,10.651032776536557,10.751312755776853,10.412946308556204,10.461262909501754,50000
2011-10-07,10.461262909501754,10.507518233909419,10.360678449283544,10.451074051142962,90096
2011-10-10,10.451074051142962,10.518954125902763,10.181153060200506,10.188321957818658,61958
2011-10-11,10.188321957818658,10.243600847878199,9.683433272134588,9.773652697660824,50000
2011-10-12,9.773652697660824,9.785364240058101,9.484847503146687,9.500832290794227,50000
2011-10-13,9.500832290794227,9.520358968014603,9.049265030969991,9.087388620208266,50000
2011-10-14,9.087388620208266,9.104939496680819,8.797108208423396,8.888856024534245,57393
2011-10-17,8.888856024534245,8.889704712724466,8.743337994031734,8.755798825549633,50000
2011-10-18,8.755798825549633,8.895394529883827,8.7510517972793,8.893800383704228,84883
2011-10-19,8.893800383704228,9.552353306357155,8.788268745347906,9.512875262919238,50000
2011-10-20,9.512875262919238,9.596337465391976,9.094657298311287,9.144881868792321,50000
2011-10-21,9.144881868792321,9.505220199204835,9.072299815538743,9.443210795738132,50000
2011-10-24,9.443210795738132,9.46697028175148,9.11499325292331,9.171394508768,159328
2011-10-25,9.171394508768,9.250375335986451,8.9950572941098,9.005320658864983,50000
2011-10-26,9.005320658864983,9.249467452509515,8.949356425261524,9.16971350196979,65885
2011-10-27,9.16971350196979,9.461993705953036,9.097772928346584,9.459812057281106,50000
2011-10-28,9.459812057281106,9.475232113157164,9.14588435579799,9.210242749822092,50000
2011-10-31,9.210242749822092,9.215004992715674,8.866335693083284,8.998642907548158,50000
2011-11-01,8.998642907548158,9.068189628671375,8.685892810115261,8.71136909007812,50000
2011-11-02,8.71136909007812,8.730376033179148,8.464922993801725,8.538093243565271,50000
2011-11-03,8.538093243565271,9.033067845931718,8.456127896533587,9.007044808794278,50000
2011-11-04,9.007044808794278,9.496034421420179,8.931580554733053,9.410711521398673,97467
2011-11-07,9.410711521398673,10.112805511043653,9.36934539603363,10.038077361632658,50000
2011-11-08,10.038077361632658,10.108524833217958,9.631417660341716,9.728829177614035,238215
2011-11-09,9.728829177614035,9.804278114654753,9.688096096192606,9.693425752212873,80219
2011-11-10,9.693425752212873,9.719313695570257,9.29349296133675,9.318951015345885,50000
2011-11-11,9.318951015345885,9.825880690617893,9.263611432339523,9.803637554650491,50000
2011-11-14,9.803637554650491,9.861863462247097,9.748671265322471,9.766420972517356,50000
2011-11-15,9.766420972517356,9.849519907694724,9.631911328646742,9.67508695846147,50000
2011-11-16,9.67508695846147,9.682870045352656,9.387289770525282,9.387461122766057,50000
2011-11-17,9.387461122766057,9.662054227836178,9.324374430496636,9.587845905772756,50000
2011-11-18,9.587845905772756,9.710045455295685,9.53467825144873,9.63067832201755,50000
2011-11-21,9.63067832201755,9.937041061032355,9.622425523435783,9.93588976820141,108571
2011-11-22,9.93588976820141,10.023651163346791,9.86755328648238,9.957560515572728,94326
2011-11-23,9.957560515572728,10.132968359303387,9.94738740624496,10.131890439354093,50096
2011-11-24,10.131890439354093,10.360359944680921,10.09380287096654,10.322321955607231,158500
2011-11-25,10.322321955607231,10.439891677055975,10.213883507809271,10.398192929117672,50000
2011-11-28,10.398192929117672,10.507314205310555,9.946625116658375,9.977346499904218,50000
2011-11-29,9.977346499904218,10.230090018993028,9.97322130895693,10.18173461655674,50000
2011-11-30,10.18173461655674,10.239940125394567,9.735699378210343,9.751687719872503,50000
2011-12-01,9.751687719872503,9.773439025932761,9.404137940687779,9.434104412228248,50000
2011-12-02,9.434104412228248,9.711064691504262,9.412868942746258,9.679278689171634,50000
2011-12-05,9.679278689171634,10.281081826133656,9.64644859141255,10.164615462677654,50000
2011-12-06,10.164615462677654,10.429590732654033,10.098869018409992,10.427279044206282,65704
2011-12-07,10.427279044206282,10.451235301713748,10.021266354078715,10.079132136710566,50000
2011-12-08,10.079132136710566,10.107321779319559,9.719248832780822,9.783941198029462,50000
2011-12-09,9.783941198029462,9.86289246306644,9.641052767366324,9.66514693036284,58789
2011-12-12,9.66514693036284,10.166288073800908,9.643986199874343,10.053423624947413,50000
2011-12-13,10.053423624947413,10.264772011634605,10.014813697897527,10.204021720876154,50000
2011-12-14,10.204021720876154,10.292545283745664,10.199268012160067,10.240348798891432,68923
2011-12-15,10.240348798891432,10.316217486501925,10.222195264734696,10.315524873503634,52266
2011-12-16,10.315524873503634,10.334203029782794,10.104762546359849,10.116153484757444,50000
2011-12-19,10.116153484757444,10.27851804838587,10.03426371211247,10.275917513685153,53052
2011-12-20,10.275917513685153,10.324584781459082,10.1023567457012,10.163862984357156,50000
2011-12-21,10.163862984357156,10.27132608555371,10.017117982442066,10.02987496646567,50000
2011-12-22,10.02987496646567,10.105050000443473,10.020226596950716,10.069983913230937,50000
2011-12-23,10.069983913230937,10.177997477383542,10.06440954293133,10.166744154550187,50000
2011-12-26,10.166744154550187,10.423751663003932,10.037570913436658,10.34060450920333,50000
2011-12-27,10.34060450920333,10.380300424318259,9.835436805006132,9.908021219938995,50000
2011-12-28,9.908021219938995,10.208042291750509,9.896470167594318,10.207297127354321,50000
2011-12-29,10.207297127354321,10.554103900439104,10.145085088269752,10.54131464911275,50000
2011-12-30,10.54131464911275,10.622148913829838,10.015239760522313,10.044398966911414,50000
2012-01-02,10.044398966911414,10.097968953580002,9.7674960899438,9.819178124156954,83944
2012-01-03,9.819178124156954,10.154251008980447,9.750873380585142,10.15032537720107,56583
2012-01-04,10.15032537720107,10.191291705804055,10.119538699587185,10.1443964053707,50000
2012-01-05,10.1443964053707,10.601469617465659,10.080230026670328,10.595830117984471,50000
2012-01-06,10.595830117984471,10.691387564696987,10.499415910026272,10.579267516162231,50000
2012-01-09,10.579267516162231,10.985778477384855,10.485882514591287,10.873044777664504,50000
2012-01-10,10.873044777664504,10.979695793233569,10.859781189922495,10.954392494731772,50000
2012-01-11,10.954392494731772,10.975942869111536,10.719605858669242,10.79569342590715,50000
2012-01-12,10.79569342590715,10.922822849916235,10.769288999308165,10.87979096826146,50000
2012-01-13,10.87979096826146,10.945039920591103,10.823773506977794,10.939843322646489,138430
2012-01-16,10.939843322646489,10.979257420922682,10.690725214182066,10.80776490610085,50000
2012-01-17,10.80776490610085,10.906889325877929,10.607565421932065,10.613276470783628,50000
2012-01-18,10.613276470783628,10.742814006080255,10.494035425428963,10.684864179946619,50000
2012-01-19,10.684864179946619,10.716928437443782,10.314071113145191,10.38971152277071,50000
2012-01-20,10.38971152277071,10.942974078912643,10.34276296789712,10.82984520103506,50000
2012-01-23,10.82984520103506,10.92037717884124,10.775560941195172,10.795520916655729,50000
2012-01-24,10.795520916655729,11.041356051977406,10.725214457544743,11.028846122545275,74497
2012-01-25,11.028846122545275,11.077882105685545,10.948965675809383,11.051360664465005,57454
2012-01-26,11.051360664465005,11.079688848500053,10.752848999307002,10.799885120193155,50000
2012-01-27,10.799885120193155,10.85182431686383,10.563121952770008,10.641667457619796,50000
2012-01-30,10.641667457619796,10.65727709918776,10.350648900387382,10.463031305680945,50000
2012-01-31,10.463031305680945,10.503296765773385,10.174996335495267,10.205874312543216,122329
2012-02-01,10.205874312543216,10.305047680761607,10.173112389155142,10.267983055459027,52816
2012-02-02,10.267983055459027,10.33475046270697,10.082763516464441,10.131872872152554,54091
2012-02-03,10.131872872152554,10.360130185112862,9.980519495044694,10.315549687932153,133822
2012-02-06,10.315549687932153,10.459413296409425,10.258766205761843,10.405444760317863,65893
2012-02-07,10.405444760317863,10.42761747031809,10.076728717751905,10.078855756678811,50000
2012-02-08,10.078855756678811,10.093112069476387,9.998559718246252,10.024073158414888,129392
2012-02-09,10.024073158414888,10.118380594680708,9.96038724213648,10.0599860948542,52724
2012-02-10,10.0599860948542,10.18621627213296,10.051656964977935,10.150124214412353,74456
2012-02-13,10.150124214412353,10.373637682131577,10.063268272325741,10.344731999259665,51773
2012-02-14,10.344731999259665,10.43526827317489,10.305072363854459,10.407487036426003,50000
2012-02-15,10.407487036426003,10.811431602789446,10.316742777224063,10.787976060529925,50000
2012-02-16,10.787976060529925,10.893983939486528,10.680911802860416,10.699521262009018,50000
2012-02-17,10.699521262009018,10.887833904785266,10.585306742545116,10.860857253994444,50000
2012-02-20,10.860857253994444,10.864260157797347,10.708371686179072,10.711650946054945,50000
2012-02-21,10.711650946054945,10.887184396516732,10.629646574031797,10.82002830015951,50000
2012-02-22,10.82002830015951,10.968037965407115,10.646700411059118,10.651264706806465,50000
2012-02-23,10.651264706806465,10.762711735642604,10.140943035372532,10.276641486762461,64424
2012-02-24,10.276641486762461,10.384498537016698,9.919705013149935,10.065115265798383,52127
2012-02-27,10.065115265798383,10.379760675025642,9.925622965804063,10.35141122695067,59394
2012-02-28,10.35141122695067,10.448296419595495,10.149473856396822,10.151490523248187,63945
2012-02-29,10.151490523248187,10.182776921445447,9.755435095286588,9.755815296577843,51108
2012-03-01,9.755815296577843,10.083907809899461,9.716144135271087,10.057010248000676,80167
2012-03-02,10.057010248000676,10.117622295955565,9.984162190338889,10.01772476594843,56157
2012-03-05,10.01772476594843,10.216464289844906,9.910279588166627,10.170959599089217,100335
2012-03-06,10.170959599089217,10.406448234203687,10.161327012937015,10.360277729732536,100859
2012-03-07,10.360277729732536,10.705997009440962,10.332482937920092,10.692485813130835,50000
2012-03-08,10.692485813130835,10.791184706337166,10.628086018096779,10.77849513395533,50000
2012-03-09,10.77849513395533,10.838401244004642,10.347384761806556,10.383038452752448,58383
2012-03-12,10.383038452752448,10.494592487249184,10.278021220667888,10.321548451996412,50000
2012-03-13,10.321548451996412,10.34625934446994,10.050866763765239,10.177280102291666,50000
2012-03-14,10.177280102291666,10.187826626940813,9.909000608576621,9.914313714399057,74975
2012-03-15,9.914313714399057,10.242018128702625,9.900144994284025,10.237822981055656,86811
2012-03-16,10.237822981055656,10.370915972487131,10.16692187589671,10.168324022917458,50000
2012-03-19,10.168324022917458,10.525058397825921,10.14976303466393,10.508697586696965,50000
2012-03-20,10.508697586696965,11.115956234247268,10.480168563503904,11.077660982617962,50000
2012-03-21,11.077660982617962,11.1274607536778,10.936982734689819,11.048131941556152,50000
2012-03-22,11.048131941556152,11.074937953769801,10.850462308721628,10.91237675280004,50000
2012-03-23,10.91237675280004,11.053726082605445,10.301264234180117,10.367638799622444,50000
2012-03-26,10.367638799622444,10.373288413484289,9.931065767857447,9.973597541420007,50000
2012-03-27,9.973597541420007,10.362505936378353,9.934758038693449,10.288040687407662,50000
2012-03-28,10.288040687407662,10.547661431438296,10.248191226019024,10.380145832877815,50000
2012-03-29,10.380145832877815,10.411608803346475,10.227416645132925,10.23794677158235,50000
2012-03-30,10.23794677158235,10.684001271686496,10.110975149867198,10.595538803631104,90660
2012-04-02,10.595538803631104,10.660071824990546,10.540928604720541,10.559539999915547,50000
2012-04-03,10.559539999915547,10.56233277340769,10.51508595087131,10.538253942564724,50000
2012-04-04,10.538253942564724,10.616489735868976,10.481728532421181,10.584043865340217,50000
2012-04-05,10.584043865340217,10.942946323885645,10.580934486992547,10.916472923154895,50000
2012-04-06,10.916472923154895,10.999813740235503,10.69859425147949,10.714314497175975,50000
2012-04-09,10.714314497175975,10.764733396218293,10.555564277437993,10.565884866169803,50000
2012-04-10,10.565884866169803,11.219410215676659,10.54437108328302,11.163425493034675,50000
2012-04-11,11.163425493034675,11.25486372273931,10.745616317098337,10.798412828086272,50000
2012-04-12,10.798412828086272,10.804206691535605,10.28452967484453,10.319884813724356,52236
2012-04-13,10.319884813724356,10.50485921364625,10.24578702695658,10.442835301278455,120776
2012-04-16,10.442835301278455,10.451691259346104,10.221698285060041,10.249154672705597,50000
2012-04-17,10.249154672705597,10.516540748821155,10.240687404203,10.467244025250835,50000
2012-04-18,10.467244025250835,10.653075288099275,10.432280412324662,10.540996951976519,97043
2012-04-19,10.540996951976519,10.619725472149412,10.235748494615557,10.312068411665042,50000
2012-04-20,10.312068411665042,10.43798425051894,10.11339408297697,10.19148145297024,50000
2012-04-23,10.19148145297024,10.199362057920688,10.140796057653523,10.182776584597512,109123
2012-04-24,10.182776584597512,10.42126728584633,10.150744876623744,10.364296677488323,53423
2012-04-25,10.364296677488323,10.49360174927851,10.359904559889365,10.366510270337207,54677
2012-04-26,10.366510270337207,10.506318149616192,10.307611417350723,10.464699992935774,50000
2012-04-27,10.464699992935774,10.643666902705737,10.442013033248156,10.62278527500455,50000
2012-04-30,10.62278527500455,10.869470306686472,10.600405966088696,10.796049847074277,53564
2012-05-01,10.796049847074277,10.958172618340729,10.757736438885152,10.848373770497453,118106
2012-05-02,10.848373770497453,10.915659121954741,10.616725790662741,10.654280082020753,60678
2012-05-03,10.654280082020753,10.705002052215372,10.546519024662906,10.624115800231953,50000
2012-05-04,10.624115800231953,10.64985412256114,10.16664134158453,10.241468876893222,50000
2012-05-07,10.241468876893222,10.310065525701171,10.22963451727772,10.231967559974752,50000
2012-05-08,10.231967559974752,10.298219627780348,9.954783901435718,10.038450989952787,50000
2012-05-09,10.038450989952787,10.051080692186208,9.829803667005603,9.850398905508822,57654
2012-05-10,9.850398905508822,9.854789213909982,9.469757555008,9.529960237487074,50000
2012-05-11,9.529960237487074,9.638405669235283,9.445855301244018,9.500377847929883,95514
2012-05-14,9.500377847929883,9.983501798952494,9.42589879726806,9.973030329499739,50000
2012-05-15,9.973030329499739,9.977170305335186,9.935129663746213,9.955821395153894,50000
2012-05-16,9.955821395153894,9.985825574003231,9.819096763458132,9.896623065431154,50000
2012-05-17,9.896623065431154,10.444172995920928,9.871808052408735,10.441369719213824,50000
2012-05-18,10.441369719213824,10.481227476845099,10.193429149185343,10.307833431786534,77348
2012-05-21,10.307833431786534,10.308262669857799,10.26837981498318,10.303107576235197,50000
2012-05-22,10.303107576235197,10.371513379763842,10.296627108543426,10.322873602171258,50000
2012-05-23,10.322873602171258,10.389182041451834,10.089292130113328,10.137109830408328,85825
2012-05-24,10.137109830408328,10.247170533934039,10.106332818747058,10.150850538576304,50000
2012-05-25,10.150850538576304,10.355941306249127,10.145306045808718,10.325732029727911,50000
2012-05-28,10.325732029727911,10.356166056756248,10.039585573074609,10.045052355132363,50000
2012-05-29,10.045052355132363,10.76936177456406,10.043171309323604,10.715176562708827,50000
2012-05-30,10.715176562708827,10.796208799781937,10.62929797489273,10.72831231511574,57017
2012-05-31,10.72831231511574,10.796254202612669,10.230735871533808,10.33746297948522,50000
2012-06-01,10.33746297948522,10.808695819343301,10.294413674436932,10.723974714171389,59842
2012-06-04,10.723974714171389,11.012650731438429,10.720659985192434,10.957224013073917,50000
2012-06-05,10.957224013073917,11.05978972841436,10.940274239697793,11.021863188959891,50000
2012-06-06,11.021863188959891,11.050593244009335,10.699046562723245,10.772608497405853,50000
2012-06-07,10.772608497405853,10.9373433893503,10.724918390935747,10.8835214005273,58139
2012-06-08,10.8835214005273,10.916129480537474,10.748021808502232,10.77144377919053,50000
2012-06-11,10.77144377919053,10.881865938856212,10.764986082468653,10.81837306002701,50000
2012-06-12,10.81837306002701,10.867196932116814,10.77364039123993,10.811534295545078,50000
2012-06-13,10.811534295545078,10.826221597617883,10.485325842030155,10.59248816875746,61198
2012-06-14,10.59248816875746,10.623856938154814,10.195207398961706,10.27954249009745,50000
2012-06-15,10.27954249009745,10.339386750640545,10.006413079065128,10.05205066574464,62407
2012-06-18,10.05205066574464,10.365839127465353,10.000022580587867,10.268326397495796,50000
2012-06-19,10.268326397495796,10.587279760814067,10.246924442184323,10.534610136096964,50000
2012-06-20,10.534610136096964,10.540077344777016,10.434724913927548,10.535007415920445,50000
2012-06-21,10.535007415920445,10.559000762328152,10.443992286057071,10.455059122955277,50000
2012-06-22,10.455059122955277,10.501841640616433,10.3838781302521,10.477594516787342,50000
2012-06-25,10.477594516787342,10.486761344453958,10.409081564164257,10.424948841743307,50000
2012-06-26,10.424948841743307,10.45137378193246,10.322079388058015,10.332669534931863,50000
2012-06-27,10.332669534931863,10.43222391988575,10.269939098960158,10.38233308278632,53708
2012-06-28,10.38233308278632,10.454244508509587,10.339709516801323,10.399016414655646,98800
2012-06-29,10.399016414655646,10.674362595425826,10.367314989536293,10.640706448145552,52368
2012-07-02,10.640706448145552,10.675147684319356,10.269464201625539,10.299196567999036,120345
2012-07-03,10.299196567999036,10.635923985404508,10.291631679427931,10.47404019787456,50000
2012-07-04,10.47404019787456,10.554923029896305,10.118407284172104,10.176182274990968,74363
2012-07-05,10.176182274990968,10.48661904434979,10.004862804095168,10.430006266608245,50000
2012-07-06,10.430006266608245,10.856074224777199,10.338617814964504,10.80379270091091,50000
2012-07-09,10.80379270091091,10.880350299709097,10.516597892859085,10.654110539691843,50000
2012-07-10,10.654110539691843,11.06868475925169,10.601721270231685,11.025414245737327,50000
2012-07-11,11.025414245737327,11.1545741300225,10.948309215237426,11.07708399342895,52437
2012-07-12,11.07708399342895,11.097858747404878,10.961753730538671,10.973098185096791,63068
2012-07-13,10.973098185096791,10.993706574224266,10.723740344100829,10.759656211142968,50000
2012-07-16,10.759656211142968,10.854087707064387,10.583838483936956,10.593407719732909,50000
2012-07-17,10.593407719732909,10.681567874348028,10.131585335990387,10.158550235349718,56186
2012-07-18,10.158550235349718,10.247804356681284,10.061294820981844,10.180503771951058,50000
2012-07-19,10.180503771951058,10.447095287124647,10.080554889837776,10.332668714659096,50000
2012-07-20,10.332668714659096,10.40812167839345,10.094150156063392,10.09722819709085,50000
2012-07-23,10.09722819709085,10.143093435063657,9.652833097475195,9.665601584289604,62194
2012-07-24,9.665601584289604,9.667635237654427,9.598125472496843,9.631658967540874,52261
2012-07-25,9.631658967540874,9.732021914755311,9.433546515419005,9.584055007676184,50000
2012-07-26,9.584055007676184,9.594203349102422,9.143343976548989,9.161198441128457,107172
2012-07-27,9.161198441128457,9.454976369222836,9.079811397076512,9.452987227897118,50000
2012-07-30,9.452987227897118,9.519772879708935,9.318226529362663,9.340526145952168,50000
2012-07-31,9.340526145952168,9.371442064100195,9.017557710955323,9.143649570627256,129532
2012-08-01,9.143649570627256,9.182005327214195,8.666480564364932,8.684763475764917,50000
2012-08-02,8.684763475764917,8.883835255108554,8.623375467008414,8.871287885964685,50000
2012-08-03,8.871287885964685,9.130847615102967,8.805018929198638,9.08238276874685,50000
2012-08-06,9.08238276874685,9.682610601905587,8.986868265901322,9.586666830790739,56684
2012-08-07,9.586666830790739,9.80076800402023,9.54464550902444,9.782700580383745,51630
2012-08-08,9.782700580383745,9.829264766464277,9.526119721131286,9.568347171520083,86050
2012-08-09,9.568347171520083,9.595263742987198,9.26359393377806,9.338045306349587,50000
2012-08-10,9.338045306349587,9.50059740954317,9.290585084890955,9.497778917869693,50000
2012-08-13,9.497778917869693,9.972926205972259,9.470535124440701,9.95930495835201,54719
2012-08-14,9.95930495835201,10.593656862359317,9.952731252861538,10.444460818895063,51818
2012-08-15,10.444460818895063,10.571467725133958,10.428948944607233,10.52340738786741,50000
2012-08-16,10.52340738786741,10.644731799620041,10.467359996845145,10.55306794617539,50000
2012-08-17,10.55306794617539,10.55941041416545,10.32428982577948,10.363351905215568,50000
2012-08-20,10.363351905215568,10.551215508055533,10.302143499123748,10.544162715298596,50000
2012-08-21,10.544162715298596,10.588302835172078,10.426587946456838,10.451105828833143,114967
2012-08-22,10.451105828833143,10.536606789258737,10.391011022092913,10.408524207461843,50000
2012-08-23,10.408524207461843,10.432956309450805,10.21434631115423,10.22393293379472,50000
2012-08-24,10.22393293379472,10.408106097447043,10.115994734687611,10.395800168679637,50000
2012-08-27,10.395800168679637,10.431727464952226,10.146138867671386,10.173003711922235,50000
2012-08-28,10.173003711922235,10.423096122715885,10.146607034919024,10.349321441613315,132757
2012-08-29,10.349321441613315,10.376599546916427,9.494531448289987,9.545307641505461,50000
2012-08-30,9.545307641505461,9.645771206474507,9.29320385489138,9.296831058352229,50000
2012-08-31,9.296831058352229,9.462627434566322,9.092376043972585,9.095991658080901,50000
2012-09-03,9.095991658080901,9.133692519900032,9.052257154464122,9.082796550285833,50000
2012-09-04,9.082796550285833,9.14777392470358,9.009634419000921,9.014731212005161,50000
2012-09-05,9.014731212005161,9.114234557571757,8.699554420488694,8.722834543302593,50000
2012-09-06,8.722834543302593,8.75494756025644,8.442545734356493,8.445692617245388,50000
2012-09-07,8.445692617245388,8.540177585857801,8.334365234205288,8.490649674056018,50000
2012-09-10,8.490649674056018,8.583092377264443,8.416388905994618,8.452335932308351,92347
2012-09-11,8.452335932308351,8.461401858223361,8.254319444148981,8.290313148450702,50000
2012-09-12,8.290313148450702,8.292348288670835,8.138837054360366,8.175715983179161,50000
2012-09-13,8.175715983179161,8.404820591392806,8.135773903684461,8.357467801205045,50000
2012-09-14,8.357467801205045,8.434129451026559,8.017026128004675,8.031023402778127,50000
2012-09-17,8.031023402778127,8.075062897849428,7.804243959603644,7.863154383801476,50000
2012-09-18,7.863154383801476,7.890842594072693,7.835077056681107,7.852001389980929,90446
2012-09-19,7.852001389980929,7.863866344051756,7.844974667536311,7.86311344310203,50000
2012-09-20,7.86311344310203,7.8690106295354445,7.768033356055082,7.782415460125879,50000
2012-09-21,7.782415460125879,7.840881757282972,7.436385956523799,7.448455161184213,50000
2012-09-24,7.448455161184213,7.475709675491145,7.279910295039083,7.286923674702794,50000
2012-09-25,7.286923674702794,7.288519671253549,6.796339051159401,6.802354697280189,74460
2012-09-26,6.802354697280189,6.948161554656905,6.761836541697571,6.915417846700022,50000
2012-09-27,6.915417846700022,6.982169896186241,6.7945730032507035,6.797088183053027,54538
2012-09-28,6.797088183053027,6.807389580989095,6.670434680104241,6.675204591457555,50000
2012-10-01,6.675204591457555,6.7928295588118,6.664666928937846,6.779867988726153,82368
2012-10-02,6.779867988726153,7.141408580175385,6.7221565709589655,7.11164941018676,50000
2012-10-03,7.11164941018676,7.112919231694674,6.970561535382812,7.0198203576750275,50000
2012-10-04,7.0198203576750275,7.075730375156994,6.896288178266121,6.942004731618363,50000
2012-10-05,6.942004731618363,7.004939795918913,6.914445172635686,6.919284320001884,50000
2012-10-08,6.919284320001884,6.929979096351846,6.65923937140038,6.7099997814159,50000
2012-10-09,6.7099997814159,6.710310527307616,6.511791445131146,6.515631732276292,69354
2012-10-10,6.515631732276292,6.549466879039462,6.252660601521883,6.278759328419457,50000
2012-10-11,6.278759328419457,6.282924245301463,6.124557250384781,6.143711901429198,55523
2012-10-12,6.143711901429198,6.330290094986379,6.124218090079029,6.288984598996995,50000
2012-10-15,6.288984598996995,6.376117661937879,5.929722701862801,5.942572786651591,50000
2012-10-16,5.942572786651591,5.976957935403278,5.59911362138048,5.631476915528113,50000
2012-10-17,5.631476915528113,5.636550369460909,5.408330176188424,5.424714317462818,75238
2012-10-18,5.424714317462818,5.448570933150792,5.234566499206548,5.279757826371434,50000
2012-10-19,5.279757826371434,5.314720689335389,5.025191676221569,5.0363939000653035,134792
2012-10-22,5.0363939000653035,5.050179417040563,4.937992766414883,4.945707581485247,50000
2012-10-23,4.945707581485247,5.004596486980876,4.73702476828904,4.749116308747558,90629
2012-10-24,4.749116308747558,5.072129037938962,4.7416290137903925,5.059501835631062,156317
2012-10-25,5.059501835631062,5.114541550559423,5.017818127459745,5.081092740627076,50000
2012-10-26,5.081092740627076,5.1257267776743225,4.716001919748856,4.7640429269811655,50000
2012-10-29,4.7640429269811655,5.08388500410194,4.74590648760419,5.077282715047931,50000
2012-10-30,5.077282715047931,5.2963780194863075,5.0681831426264505,5.288199588008651,50000
2012-10-31,5.288199588008651,5.300406093337408,4.6650748292388515,4.700320135544057,50000
2012-11-01,4.700320135544057,4.726448586264953,4.1791186579211095,4.184506506651079,93249
2012-11-02,4.184506506651079,4.20742097504676,4.015583933607471,4.046664222976621,74822
2012-11-05,4.046664222976621,4.366046354457617,4.015214192568537,4.354142280193811,130772
2012-11-06,4.354142280193811,4.375416128557584,4.346930616335685,4.348845484598929,50000
2012-11-07,4.348845484598929,4.355024574851621,4.004622411346546,4.007225674419906,140799
2012-11-08,4.007225674419906,4.105893639868975,3.9785463841965334,4.07647054392919,54251
2012-11-09,4.07647054392919,4.193864562090923,4.049630864264502,4.185089236131364,50000
2012-11-12,4.185089236131364,4.294296360866391,4.156241803925469,4.27579554588164,50000
2012-11-13,4.27579554588164,4.283663869171763,3.932311104640615,3.944031427821355,111392
2012-11-14,3.944031427821355,3.967405052382189,3.8117454294249655,3.84078183550443,50000
2012-11-15,3.84078183550443,3.87246083860475,3.7553251087066415,3.763572809591215,50000
2012-11-16,3.763572809591215,3.8067970386939582,3.5226853890441343,3.5526319993000306,51085
2012-11-19,3.5526319993000306,3.7012449783333454,3.5489322118888205,3.6631491608925235,50000
2012-11-20,3.6631491608925235,3.722493213222207,3.2680624879644955,3.306216362503772,50000
2012-11-21,3.306216362503772,3.563775686169131,3.2986930519309015,3.5326418487549387,50000
2012-11-22,3.5326418487549387,3.7862882905874176,3.52072026144999,3.768352017666743,50000
2012-11-23,3.768352017666743,4.273152214713432,3.728691966162935,4.25642537774679,89482
2012-11-26,4.25642537774679,4.287193490276305,4.232779572437206,4.267557771228087,50000
2012-11-27,4.267557771228087,4.280126090969615,4.139171459837051,4.17038767512409,50000
2012-11-28,4.17038767512409,4.320760984790883,4.161349759955357,4.306532782794787,50000
2012-11-29,4.306532782794787,4.525849374344694,4.293721970703069,4.485946337537594,50000
2012-11-30,4.485946337537594,4.53386390478936,4.461604231296488,4.486872479047093,82205
2012-12-03,4.486872479047093,4.694506703099434,4.454205820284553,4.6831373813386525,53344
2012-12-04,4.6831373813386525,4.698720778727693,4.566425234324755,4.610737906938631,50000
2012-12-05,4.610737906938631,4.682190813492711,4.5924026156051445,4.674049478719862,50000
2012-12-06,4.674049478719862,4.706818236543868,4.655288556356474,4.689128722548073,50000
2012-12-07,4.689128722548073,4.69727472037867,4.595369304982896,4.6127244556789835,50000
2012-12-10,4.6127244556789835,4.629424194304658,4.349661521309036,4.383802395024355,50000
2012-12-11,4.383802395024355,4.3935296267816835,4.04262062270146,4.068102251295254,50000
2012-12-12,4.068102251295254,4.0960039647852895,3.7921840508502114,3.815003186294665,50000
2012-12-13,3.815003186294665,4.196964697845008,3.7719940849042395,4.173458598180566,122758
2012-12-14,4.173458598180566,4.3029994199123625,4.129185089709168,4.282332310356272,50000
2012-12-17,4.282332310356272,4.583355924196914,4.276022855713809,4.575916958942671,50000
2012-12-18,4.575916958942671,4.684470392994629,4.556697607937807,4.6727947728183485,50000
2012-12-19,4.6727947728183485,4.708023358461572,4.502251936500856,4.508454552361749,108500
2012-12-20,4.508454552361749,4.972194886073165,4.47231681921442,4.919555697905262,50000
2012-12-21,4.919555697905262,4.932612494631595,4.828921852896834,4.843832183855453,73334
2012-12-24,4.843832183855453,4.844539695882134,4.80303634851775,4.806840477163493,50000
2012-12-25,4.806840477163493,4.854554304088906,4.799307282935886,4.851723525122632,50000
2012-12-26,4.851723525122632,4.885332490061405,4.796808729645609,4.826060046122708,50000
2012-12-27,4.826060046122708,4.851600540550922,4.716082616998562,4.7486238788610455,50000
2012-12-28,4.7486238788610455,4.77574368451206,4.737757981878704,4.774127261095019,99225
2012-12-31,4.774127261095019,4.778580191448268,4.672970304713406,4.690332724685949,50000
2013-01-01,4.690332724685949,5.06073594065169,4.669602512125998,5.044354397625342,50000
2013-01-02,5.044354397625342,5.109798605765684,4.982724150033271,5.001298657799438,53474
2013-01-03,5.001298657799438,5.230754123666108,4.996960620885196,5.218237695118891,50000
2013-01-04,5.218237695118891,5.295103328377463,5.1975381136566465,5.2824348341156195,50000
2013-01-07,5.2824348341156195,5.687813657271199,5.267208915260935,5.639059919551457,50000
2013-01-08,5.639059919551457,5.655787759941905,5.563521282251804,5.565283695511561,54696
2013-01-09,5.565283695511561,5.590275622259563,5.32446460538137,5.342124963644789,50000
2013-01-10,5.342124963644789,5.364233160157176,5.120135736001821,5.134793226932845,50000
2013-01-11,5.134793226932845,5.163490268801042,4.927976148120294,4.990462957546722,50000
2013-01-14,4.990462957546722,5.2364862317898195,4.986170484486236,5.182419419499901,50000
2013-01-15,5.182419419499901,5.206862022510623,5.171526031522666,5.185331650378459,122293
2013-01-16,5.185331650378459,5.2819806179891176,5.178641426959266,5.273762967411917,50126
2013-01-17,5.273762967411917,5.334584092573753,4.8817581556570575,4.9002427458029345,50000
2013-01-18,4.9002427458029345,5.068070221088667,4.879837192157843,5.057187051333488,69950
2013-01-21,5.057187051333488,5.282680539492978,5.053158844884796,5.2815290888946365,50000
2013-01-22,5.2815290888946365,5.311143664778005,5.21043885418846,5.285542756591052,50000
2013-01-23,5.285542756591052,5.606982804386729,5.271921022838314,5.603343027222523,50000
2013-01-24,5.603343027222523,5.7170202273141175,5.602741314230924,5.691611772809691,50000
2013-01-25,5.691611772809691,5.7232199400411785,5.666011896880917,5.682665859668779,128248
2013-01-28,5.682665859668779,5.694019581955727,5.61358986701024,5.626376533421921,50000
2013-01-29,5.626376533421921,5.639511768013183,5.47343150605536,5.4979526488742705,50000
2013-01-30,5.4979526488742705,5.537071066618081,5.336996363793798,5.3388742969624845,50000
2013-01-31,5.3388742969624845,5.532017253758471,5.286165555380699,5.51810026913504,50000
2013-02-01,5.51810026913504,5.958482746085172,5.399394485037921,5.919547313822787,50000
2013-02-04,5.919547313822787,5.941305486255844,5.876584046228879,5.888810322905275,50000
2013-02-05,5.888810322905275,5.890941768137073,5.547189788632566,5.579897757538039,65887
2013-02-06,5.579897757538039,5.675924498240371,5.566279996533292,5.671438521191148,50000
2013-02-07,5.671438521191148,5.87331223825223,5.657738011355471,5.862887048212536,50000
2013-02-08,5.862887048212536,5.908503812916931,5.781534377118313,5.8525669008853445,62081
2013-02-11,5.8525669008853445,5.905011325807053,5.768876634991151,5.77785589418088,50000
2013-02-12,5.77785589418088,5.799570494871556,5.708226731834657,5.734339992881242,50000
2013-02-13,5.734339992881242,5.744061225330337,5.466272308849053,5.484982254650403,50000
2013-02-14,5.484982254650403,5.497139508414227,5.352626619997066,5.388052968979659,70466
2013-02-15,5.388052968979659,5.495778761501939,5.3566768900070025,5.4827962130550345,50000
2013-02-18,5.4827962130550345,5.506247895984364,5.480837370125998,5.48607024970917,50520
2013-02-19,5.48607024970917,5.490515362159054,5.452986101750423,5.457806388831791,50000
2013-02-20,5.457806388831791,5.487029652423442,5.252289025703332,5.285305454357066,50000
2013-02-21,5.285305454357066,5.335038000298979,4.962550370805797,4.970128060141795,50000
2013-02-22,4.970128060141795,5.017907965552428,4.903177473058339,4.907246334013254,81934
2013-02-25,4.907246334013254,5.216138696319767,4.899549220117896,5.198778699885066,50000
2013-02-26,5.198778699885066,5.220216537706438,4.932497719638288,4.9803246743796254,50000
2013-02-27,4.9803246743796254,4.984574600149862,4.486175039492503,4.503036650856881,50000
2013-02-28,4.503036650856881,4.520057020707199,4.377538150099221,4.391840363900303,50000
2013-03-01,4.391840363900303,4.538544538594404,4.364032999274971,4.490692951523406,50000
2013-03-04,4.490692951523406,4.505616770800766,4.395204471525535,4.40405790012616,50000
2013-03-05,4.40405790012616,4.462465059473939,4.02034282570859,4.035076628620509,50000
2013-03-06,4.035076628620509,4.114736087176666,3.9209266848174096,3.9531154691143957,50000
2013-03-07,3.9531154691143957,3.9791447452740907,3.4417430363134756,3.474615899058188,50000
2013-03-08,3.474615899058188,3.4812032257338177,3.250560743926474,3.2639079856674744,56179
2013-03-11,3.2639079856674744,3.4301979668838065,3.252240535749501,3.427617543432779,92718
2013-03-12,3.427617543432779,3.4284475319443874,3.2652334045915605,3.2813070509493105,50000
2013-03-13,3.2813070509493105,3.491663122893919,3.2773284874697417,3.4852321441434504,50000
2013-03-14,3.4852321441434504,3.5209131232040076,3.3635133455095128,3.372133576896828,71784
2013-03-15,3.372133576896828,3.4353488832964714,3.363475114959433,3.401234346052928,107899
2013-03-18,3.401234346052928,3.404788672337591,3.3209528587731643,3.325688000095439,50000
2013-03-19,3.325688000095439,3.7858810036768054,3.3145285854867446,3.7808351789666688,50000
2013-03-20,3.7808351789666688,4.000084203839877,3.724944651115481,3.9982307701040116,50000
2013-03-21,3.9982307701040116,4.02650904568585,3.9604739749334508,4.014398949399188,50000
2013-03-22,4.014398949399188,4.558249745477778,3.9941776191615963,4.548032716146638,50000
2013-03-25,4.548032716146638,4.7097813885816775,4.533942437621299,4.689261217039103,113236
2013-03-26,4.689261217039103,5.146512039661912,4.677172702087438,5.128690511932135,65193
2013-03-27,5.128690511932135,5.129516446180634,4.98800313853726,4.988832019202685,50000
2013-03-28,4.988832019202685,5.175383213085802,4.969363751765052,5.171604326963787,50000
2013-03-29,5.171604326963787,5.445183195327909,5.167440916233061,5.441319959913679,50000
2013-04-01,5.441319959913679,5.771976671355901,5.40173948390394,5.73030583769159,50000
2013-04-02,5.73030583769159,5.750031675588379,5.60234089682198,5.662984732749474,50000
2013-04-03,5.662984732749474,5.713454371214075,5.271599085492454,5.303655392279266,50000
2013-04-04,5.303655392279266,5.341446718590431,5.294062180128525,5.299989803891107,82323
2013-04-05,5.299989803891107,5.330487895748868,4.989004462935491,5.02314724064143,50000
2013-04-08,5.02314724064143,5.2399247677715435,4.966454764222601,5.238451654636436,75547
2013-04-09,5.238451654636436,5.60600652071752,5.224714664919809,5.5117051508472725,50000
2013-04-10,5.5117051508472725,5.525875603370347,5.349196906128981,5.376897146454973,50000
2013-04-11,5.376897146454973,5.670872526014684,5.372828307376631,5.567820971899689,50000
2013-04-12,5.567820971899689,5.589614913849284,5.246543125001266,5.265287424012532,50000
2013-04-15,5.265287424012532,5.286017653623192,5.061492681666535,5.083138523850169,50000
2013-04-16,5.083138523850169,5.099643613267932,4.9679413643748,5.008936793655782,50000
2013-04-17,5.008936793655782,5.012115436089106,4.594590096157961,4.671225390161207,50000
2013-04-18,4.671225390161207,4.704277599954527,4.605141857926207,4.633400824675753,73232
2013-04-19,4.633400824675753,4.6529711037646475,4.573121541007212,4.6196092350850355,50000
2013-04-22,4.6196092350850355,4.627279098550018,4.434336909937205,4.455718333810401,50000
2013-04-23,4.455718333810401,4.494388693916537,4.368437764642977,4.386613610425379,50000
2013-04-24,4.386613610425379,4.509176897773183,4.327362434240511,4.49053841245166,50751
2013-04-25,4.49053841245166,4.562194791666283,4.4838003645744875,4.561999827252639,77458
2013-04-26,4.561999827252639,4.563395222999487,4.42621235330913,4.430389200991431,50000
2013-04-29,4.430389200991431,4.492193685151175,4.2194429323051095,4.2576882783884376,50000
2013-04-30,4.2576882783884376,4.396217522541282,4.247317624415452,4.388311603299729,50000
2013-05-01,4.388311603299729,4.445550693764549,4.198668496821216,4.209952383825891,50000
2013-05-02,4.209952383825891,4.2588934172919135,4.062220190109826,4.085513571409354,57055
2013-05-03,4.085513571409354,4.264644322230999,4.036428682189375,4.26281639151595,50000
2013-05-06,4.26281639151595,4.27228507884941,4.199658629526869,4.204364491785822,50000
2013-05-07,4.204364491785822,4.6744952711442025,4.130433884200774,4.669669888549243,50000
2013-05-08,4.669669888549243,4.68203856203611,4.588927604750653,4.5939589522369255,50000
2013-05-09,4.5939589522369255,4.607551201525562,4.157606726799491,4.226357957784891,73337
2013-05-10,4.226357957784891,4.232822462797658,3.9333090337626158,3.94023935248421,50000
2013-05-13,3.94023935248421,3.969316783353318,3.8337383909686955,3.8553963004328455,60621
2013-05-14,3.8553963004328455,3.9652218607739877,3.851822970572011,3.9164219972496204,50000
2013-05-15,3.9164219972496204,3.9181205551468383,3.8580331398795824,3.8802036116585192,50000
2013-05-16,3.8802036116585192,3.893375861302939,3.8591946664532126,3.8622498623282837,64253
2013-05-17,3.8622498623282837,3.9030051571807123,3.802366432831236,3.8320271021413674,50000
2013-05-20,3.8320271021413674,3.8787825304691004,3.8101677257168856,3.8443928797024878,50000
2013-05-21,3.8443928797024878,3.8806894509757877,3.684415543357027,3.7343689641747084,50000
2013-05-22,3.7343689641747084,3.7738717999021216,3.280027702267772,3.312292168315119,51990
2013-05-23,3.312292168315119,3.3247045518733342,3.1339472464545266,3.1443830849688754,50000
2013-05-24,3.1443830849688754,3.2452909879816834,3.1088483699714935,3.1851393364769818,59221
2013-05-27,3.1851393364769818,3.2900460297674483,3.1587144025624734,3.2487100519084904,50000
2013-05-28,3.2487100519084904,3.3549264348332346,3.2352745740139213,3.324964755880791,104638
2013-05-29,3.324964755880791,3.364279239274785,2.8770957068132392,2.8784645647711544,50000
2013-05-30,2.8784645647711544,2.8927107530845553,2.5935846995583054,2.635956607382408,50000
2013-05-31,2.635956607382408,2.6629278603318145,2.4725851375607455,2.485275642909921,85767
2013-06-03,2.485275642909921,2.737884434812525,2.4800787880629906,2.7345474068707243,50000
2013-06-04,2.7345474068707243,2.773030952978022,2.458355806258973,2.4783176237520244,50000
2013-06-05,2.4783176237520244,2.4871136962209164,2.2014442400073277,2.212025672640568,50000
2013-06-06,2.212025672640568,2.22150800795447,2.1307081015758578,2.1530036149184455,53903
2013-06-07,2.1530036149184455,2.4286945191562133,2.1464622185534137,2.4243774906650635,50000
2013-06-10,2.4243774906650635,2.431414987815594,2.005088080510909,2.0196272457971842,67903
2013-06-11,2.0196272457971842,2.037062277388687,1.9462696836045843,1.954232833449726,148822
2013-06-12,1.954232833449726,2.1621432365701536,1.9491841725234715,2.158122809751281,50000
2013-06-13,2.158122809751281,2.1885986254389866,2.113807034111959,2.1139678543340685,50000
2013-06-14,2.1139678543340685,2.370831497627558,2.094361695046379,2.335325616069686,50000
2013-06-17,2.335325616069686,2.459235898941331,2.3289062360185127,2.442551590374627,50000
2013-06-18,2.442551590374627,2.5988435724461105,2.436731103230499,2.5943107786291817,50000
2013-06-19,2.5943107786291817,3.2120725370085967,2.5851164682569006,3.209594166272777,50000
2013-06-20,3.209594166272777,3.211543436446766,2.9760213713015804,2.9934753682415716,116315
2013-06-21,2.9934753682415716,3.2667397250383567,2.9594368098976416,3.257181791713104,50000
2013-06-24,3.257181791713104,3.2842043494949964,3.1761181835594683,3.1761545780267824,245296
2013-06-25,3.1761545780267824,3.3122791476354543,3.1625236480470686,3.290309835852341,50000
2013-06-26,3.290309835852341,3.332640553767843,3.2684770616226677,3.268825273256048,50000
2013-06-27,3.268825273256048,3.3065249541592294,3.171789317729272,3.17567779668799,50000
2013-06-28,3.17567779668799,3.231485167966273,3.1531865428023185,3.207856983419749,50000
2013-07-01,3.207856983419749,3.219176239297428,3.1218040878643727,3.1390357912168225,63282
2013-07-02,3.1390357912168225,3.179238124986919,3.0018486786306426,3.0072567497440907,50000
2013-07-03,3.0072567497440907,3.0241693722937795,2.97984680222416,2.991115915433895,55143
2013-07-04,2.991115915433895,3.0315411113396813,2.9724655801723094,3.0291458226323735,65458
2013-07-05,3.0291458226323735,3.5531638761681967,3.02457390283327,3.5244021217151245,61488
2013-07-08,3.5244021217151245,3.8942856472624197,3.5097179311131823,3.8925268682268555,50000
2013-07-09,3.8925268682268555,3.992545811697195,3.8509386626520294,3.9674567069604243,147852
2013-07-10,3.9674567069604243,4.189010510159196,3.945533328774634,4.163912621688147,50000
2013-07-11,4.163912621688147,4.169480608308431,3.7170459390569066,3.72047225574054,50000
2013-07-12,3.72047225574054,3.7594700582064258,3.644613502324911,3.656238591319422,60510
2013-07-15,3.656238591319422,3.689500472708585,3.6464897183673792,3.689430281761408,50000
2013-07-16,3.689430281761408,3.7378022270560223,3.6572048525879133,3.711406075487241,50000
2013-07-17,3.711406075487241,3.7192798797719773,3.4332939332890917,3.45171407125261,223457
2013-07-18,3.45171407125261,3.4722972914353454,3.3275523767489927,3.3327137924433226,50000
2013-07-19,3.3327137924433226,3.6928671787648675,3.311386741488738,3.667219748950396,50000
2013-07-22,3.667219748950396,3.784038729122691,3.6431241752073835,3.7785304471355996,57114
2013-07-23,3.7785304471355996,3.973809278978652,3.753127874938801,3.9730795445814713,85027
2013-07-24,3.9730795445814713,3.988054498080302,3.6298465557617345,3.641911164434243,64296
2013-07-25,3.641911164434243,3.8086664207554914,3.6233547185648147,3.7788450501354034,62312
2013-07-26,3.7788450501354034,3.7998986286859675,3.634741334531411,3.6562239128440575,65621
2013-07-29,3.6562239128440575,3.6575951741400994,3.645197940453985,3.6562805391849644,50000
2013-07-30,3.6562805391849644,3.9731723675529245,3.6476638462485154,3.933690494910768,50000
2013-07-31,3.933690494910768,4.185490007276302,3.9263242223990438,4.157674273121472,50000
2013-08-01,4.157674273121472,4.166044661380825,4.000844569822833,4.004528341327622,50000
2013-08-02,4.004528341327622,4.049541740026685,3.98245807119085,4.0342567196084165,71431
2013-08-05,4.0342567196084165,4.086710522028533,3.870536571236697,3.919026189325179,50000
2013-08-06,3.919026189325179,3.9792730550230417,3.9176960355916113,3.9473441782084198,83473
2013-08-07,3.9473441782084198,4.3269889280577765,3.944802474222649,4.269212771163972,50000
2013-08-08,4.269212771163972,4.556061368330941,4.260267442517047,4.490565414987947,50000
2013-08-09,4.490565414987947,4.687059300513244,4.443651871954881,4.667356466322005,50000
2013-08-12,4.667356466322005,4.887572014546028,4.620966818781044,4.856494971755501,58418
2013-08-13,4.856494971755501,5.001752793198869,4.790233935187174,4.985995371429377,50000
2013-08-14,4.985995371429377,5.4498189713611955,4.972698341040064,5.426095263122332,50000
2013-08-15,5.426095263122332,5.666566306990661,5.395781127415141,5.6332282273340075,50000
2013-08-16,5.6332282273340075,5.752401057476754,5.61735355452474,5.742855239095529,116102
2013-08-19,5.742855239095529,6.280089626310666,5.6968688884169545,6.245099876866188,50000
2013-08-20,6.245099876866188,6.252322719828893,5.808399669806936,5.823258235706475,50000
2013-08-21,5.823258235706475,5.957553304415843,5.769851574066574,5.919662420340693,50000
2013-08-22,5.919662420340693,5.945485541421958,5.34035242296053,5.365469628868295,50000
2013-08-23,5.365469628868295,5.374203548496801,4.972427199691184,5.018647559804508,77977
2013-08-26,5.018647559804508,5.143669423085488,5.00381519622228,5.130802045696405,50000
2013-08-27,5.130802045696405,5.632191268635044,5.124631896413472,5.585387798283135,50000
2013-08-28,5.585387798283135,5.599412641441035,5.500071166092185,5.521932630576307,50000
2013-08-29,5.521932630576307,5.586586085296124,5.140955757602352,5.187973318586085,50000
2013-08-30,5.187973318586085,5.270259586516773,5.140117153235104,5.260484951524366,50000
2013-09-02,5.260484951524366,5.409924238160279,5.252061595052433,5.39812294006555,50000
2013-09-03,5.39812294006555,5.914920331983425,5.387509104302405,5.902658521764694,50000
2013-09-04,5.902658521764694,5.942115343847795,5.8553152411641936,5.878782177319858,50000
2013-09-05,5.878782177319858,6.003091240181559,5.831109513860767,5.945190476710727,50000
2013-09-06,5.945190476710727,6.182455290328484,5.901296151556143,6.1603609691124275,50000
2013-09-09,6.1603609691124275,6.198644073946453,5.931699662992829,6.01565716139616,50000
2013-09-10,6.01565716139616,6.019735085026433,5.756938959923873,5.829867337556899,50000
2013-09-11,5.829867337556899,5.853823417600147,5.4177963029791405,5.429166029981124,50000
2013-09-12,5.429166029981124,5.444784386331674,5.363763582447463,5.377651294573147,129316
2013-09-13,5.377651294573147,5.385786149573055,5.08272409344778,5.118858598818383,59342
2013-09-16,5.118858598818383,5.2223595938261775,5.0677370665261385,5.204198017230602,50000
2013-09-17,5.204198017230602,5.207142873266535,4.944864320971674,4.977339054344515,50000
2013-09-18,4.977339054344515,5.369975099019568,4.95028046657931,5.3429435788227835,50000
2013-09-19,5.3429435788227835,5.345905563318281,5.062814383553128,5.124146396422259,50000
2013-09-20,5.124146396422259,5.392484572522249,5.101171967489514,5.377012368382304,50000
2013-09-23,5.377012368382304,5.414098022699981,5.132521303806113,5.132946370320013,50000
2013-09-24,5.132946370320013,5.1689512429564095,5.131039897596106,5.148965140958143,50000
2013-09-25,5.148965140958143,5.446909786133306,5.124504694563748,5.413342786644789,50000
2013-09-26,5.413342786644789,5.443230987892395,5.332099850618668,5.390521083678863,50000
2013-09-27,5.390521083678863,5.413689059557901,4.997909776513964,5.0191364843262924,50000
2013-09-30,5.0191364843262924,5.259086526302417,5.015129207771325,5.236629847962572,68279
2013-10-01,5.236629847962572,5.4008076595387315,5.23636282813541,5.372008122106394,50000
2013-10-02,5.372008122106394,5.4137206720313635,5.142705643937663,5.153419841271874,50000
2013-10-03,5.153419841271874,5.234425024707682,5.14498874800615,5.216743267915126,72110
2013-10-04,5.216743267915126,5.24996737888018,4.973119434359193,5.038124954503996,62863
2013-10-07,5.038124954503996,5.092492587172117,4.78659521937066,4.820134676050657,50000
2013-10-08,4.820134676050657,5.062225521156135,4.8010526318118485,5.042825059172023,106435
2013-10-09,5.042825059172023,5.049969596768632,4.78925330474597,4.806166334174698,50000
2013-10-10,4.806166334174698,4.90822659710078,4.7384020376704035,4.878695855715799,50000
2013-10-11,4.878695855715799,4.887259269269355,4.701734493393071,4.748270453258278,50000
2013-10-14,4.748270453258278,4.750743686386618,4.289668398636218,4.291030511771533,50000
2013-10-15,4.291030511771533,4.377752432477897,4.2854685253356255,4.370315563540539,50000
2013-10-16,4.370315563540539,4.674937460207116,4.3191161206795465,4.6653994387611055,50000
2013-10-17,4.6653994387611055,4.666839025925405,4.27063884441746,4.334144901785448,97084
2013-10-18,4.334144901785448,4.486820644454042,4.326056764824934,4.480359012054231,50000
2013-10-21,4.480359012054231,4.5436203338779935,4.4553906682552284,4.4982362326108385,121022
2013-10-22,4.4982362326108385,5.000381247359042,4.477448727463686,4.964474554407893,50000
2013-10-23,4.964474554407893,5.599843976950794,4.957091010021137,5.598063041442546,50000
2013-10-24,5.598063041442546,5.7934302205131765,5.595208650032855,5.781616571084176,60122
2013-10-25,5.781616571084176,5.913651075335258,5.7339128398008175,5.902606892020249,72970
2013-10-28,5.902606892020249,5.9636355119335,5.843223886337484,5.9561834098616915,50000
2013-10-29,5.9561834098616915,6.036870339487475,5.742925991976995,5.785832818102265,59257
2013-10-30,5.785832818102265,5.8258292419377105,5.750715968930148,5.761247649362947,50000
2013-10-31,5.761247649362947,5.955185628767492,5.729952959333492,5.941869011058451,66116
2013-11-01,5.941869011058451,6.160562352315335,5.9388064965747365,6.098973342844274,50000
2013-11-04,6.098973342844274,6.2784181555171035,6.063512908613009,6.19354793955917,59852
2013-11-05,6.19354793955917,6.199623124085976,5.843198423987861,5.870154081622639,104122
2013-11-06,5.870154081622639,5.972177843603782,5.857414126704347,5.939085023464889,50000
2013-11-07,5.939085023464889,5.9401170244367565,5.805466308816191,5.823535535347707,50000
2013-11-08,5.823535535347707,5.862307301241939,5.771015219230122,5.844243157984345,50000
2013-11-11,5.844243157984345,5.850294840678728,5.77525838770185,5.797383737122154,50000
2013-11-12,5.797383737122154,5.847105722345126,5.366506824011118,5.39267947217405,50000
2013-11-13,5.39267947217405,5.6203070057572715,5.363428544297166,5.59293370145625,50000
2013-11-14,5.59293370145625,5.682558882639863,5.584707760795293,5.62851218750395,121952
2013-11-15,5.62851218750395,5.6997294159367025,5.3224768173244765,5.3951486915913875,50000
2013-11-18,5.3951486915913875,5.39802117124857,5.367204100482013,5.3689595433812665,50000
2013-11-19,5.3689595433812665,5.60399872003332,5.34580044376676,5.562592818046898,50000
2013-11-20,5.562592818046898,5.593257485291596,5.420123621009848,5.461359831415737,70294
2013-11-21,5.461359831415737,5.66624087951672,5.433115790566431,5.647519700133895,50000
2013-11-22,5.647519700133895,5.7355713935247525,5.612671818525757,5.72356952613368,50000
2013-11-25,5.72356952613368,6.006623898669891,5.7078263219861,5.9969821441462035,50000
2013-11-26,5.9969821441462035,6.016902539204384,5.571064921668398,5.619387346555403,50000
2013-11-27,5.619387346555403,5.653467763097241,5.303011346770441,5.330225175050223,50000
2013-11-28,5.330225175050223,5.364472533827469,5.302512476468257,5.309733660487058,50000
2013-11-29,5.309733660487058,5.321714683168934,5.141113975405617,5.170582352131819,50000
2013-12-02,5.170582352131819,5.255295288871538,5.166823935992036,5.225593676999571,50000
2013-12-03,5.225593676999571,5.3522825790684205,5.18921506787427,5.3349161248494115,86283
2013-12-04,5.3349161248494115,5.827016351766401,5.3037051650624205,5.743271717303996,50000
2013-12-05,5.743271717303996,5.801836073585459,5.520329545802318,5.576268253564459,50000
2013-12-06,5.576268253564459,5.599918341886465,5.245469100048395,5.274333806069503,50000
2013-12-09,5.274333806069503,5.301070744334249,4.742952259100163,4.754738113618936,50000
2013-12-10,4.754738113618936,4.756822356302286,4.671026253220436,4.7433314785209495,50000
2013-12-11,4.7433314785209495,4.801961311677536,4.6524880947410185,4.687644441040796,81564
2013-12-12,4.687644441040796,5.029585909375866,4.68074239500186,4.960409849743011,50000
2013-12-13,4.960409849743011,5.106287140538585,4.919738355872942,5.082447663346789,112847
2013-12-16,5.082447663346789,5.128019098553593,5.036816903257677,5.048185193166306,50000
2013-12-17,5.048185193166306,5.065842039237929,4.859688172479703,4.862829691469483,71732
2013-12-18,4.862829691469483,4.89685675122068,4.818588907603613,4.884447228092468,50000
2013-12-19,4.884447228092468,4.908414373922289,4.552887868970322,4.5997340652169685,50000
2013-12-20,4.5997340652169685,4.611352277255129,4.417935607460068,4.421620386427579,50000
2013-12-23,4.421620386427579,4.667616799952,4.413738151312107,4.637969497583333,219514
2013-12-24,4.637969497583333,4.663692352956448,4.352813402239737,4.367786363479895,50000
2013-12-25,4.367786363479895,4.548880655745174,4.338256241234408,4.52276227094148,50000
2013-12-26,4.52276227094148,4.763614612778657,4.497969140490266,4.738854503368104,50000
2013-12-27,4.738854503368104,4.76125447036347,4.498989771719937,4.530496798303768,50000
2013-12-30,4.530496798303768,5.054633878097291,4.519863659681039,5.013674694253028,127447
2013-12-31,5.013674694253028,5.016307638253249,4.876114933742706,4.888682424062186,54184
2014-01-01,4.888682424062186,5.014738719913503,4.840573882765348,4.974248852008309,50000
2014-01-02,4.974248852008309,4.988836575256782,4.596285378303513,4.608259395167806,50000
2014-01-03,4.608259395167806,4.625060411642063,4.485985503212576,4.504879956882352,50000
2014-01-06,4.504879956882352,4.526232786031607,4.332836562389326,4.377083350886665,112942
2014-01-07,4.377083350886665,4.485571577104735,4.351685136027068,4.483270745403197,50000
2014-01-08,4.483270745403197,4.509868853387796,3.8884241556006676,3.9125059229730312,50000
2014-01-09,3.9125059229730312,3.9173515534546786,3.8068244421613415,3.8099739303780034,50085
2014-01-10,3.8099739303780034,3.8460424966005453,3.7443013335294864,3.7822743417373776,52481
2014-01-13,3.7822743417373776,3.8740686448052988,3.7813088011238216,3.8738609261362935,102268
2014-01-14,3.8738609261362935,3.9107686213316386,3.8085321204172318,3.8392378486304395,68707
2014-01-15,3.8392378486304395,3.962369498506147,3.83041525774085,3.9546567055488935,50000
2014-01-16,3.9546567055488935,3.9597557856034036,3.7645744660626757,3.771308670250916,50000
2014-01-17,3.771308670250916,4.038158646626123,3.741709769215202,4.025977119508836,50000
2014-01-20,4.025977119508836,4.064327938357512,3.824946800516694,3.8337438637560757,50000
2014-01-21,3.8337438637560757,4.368352732025313,3.8295356624113612,4.353894115648846,50000
2014-01-22,4.353894115648846,4.358418523389758,4.244779429046222,4.2479567315979025,50000
2014-01-23,4.2479567315979025,4.263058301568834,4.03112139441438,4.056906842381682,50000
2014-01-24,4.056906842381682,4.21309724254834,4.041968307408762,4.212696527058172,50000
2014-01-27,4.212696527058172,4.242438991156767,4.177185096406238,4.179852158494998,50000
2014-01-28,4.179852158494998,4.189489820389678,3.9179816491431283,3.933330835093347,50000
2014-01-29,3.933330835093347,4.473531976322528,3.9028281772104694,4.467047036752436,50000
2014-01-30,4.467047036752436,4.473531978812044,3.9001726679214657,3.9027858541238967,50000
2014-01-31,3.9027858541238967,3.9079864324825637,3.892252206338336,3.9024770553831325,71995
2014-02-03,3.9024770553831325,3.9350375354587817,3.8895865464253125,3.899413283640927,50000
2014-02-04,3.899413283640927,3.9191519037291114,3.702252080475361,3.7243719130139232,77410
2014-02-05,3.7243719130139232,4.165757518828768,3.723482167057796,4.161238206909527,50000
2014-02-06,4.161238206909527,4.191168138177624,4.069227061578451,4.095647962356064,50000
2014-02-07,4.095647962356064,4.204309536487458,4.072736646993018,4.165927450252995,50000
2014-02-10,4.165927450252995,4.183971219550701,3.9655937616194787,3.9824625736399732,50000
2014-02-11,3.9824625736399732,3.9840425387383793,3.7794351685475527,3.8003027086111785,87341
2014-02-12,3.8003027086111785,3.82048358281946,3.3799490802067655,3.3904388597189037,50000
2014-02-13,3.3904388597189037,3.5067157039979975,3.382386946396501,3.5005869732385126,50000
2014-02-14,3.5005869732385126,3.5378535035449516,3.326776730248671,3.334266709936555,50000
2014-02-17,3.334266709936555,3.689722219198178,3.32971781819281,3.6460967532885835,76705
2014-02-18,3.6460967532885835,4.294591980179354,3.618329584283025,4.2177316221766,50000
2014-02-19,4.2177316221766,4.25160150523834,4.209538672901695,4.236058853187271,105476
2014-02-20,4.236058853187271,4.799209441519197,4.212186703878535,4.77851883820164,50000
2014-02-21,4.77851883820164,4.7811558029257695,4.402536483421364,4.4191226305640745,50000
2014-02-24,4.4191226305640745,4.487132379254977,4.392568123901376,4.469667730905021,50000
2014-02-25,4.469667730905021,4.476147042843738,4.302945785870883,4.323613918748749,60592
2014-02-26,4.323613918748749,4.356946860975185,4.1592549361339,4.162117624024562,50759
2014-02-27,4.162117624024562,4.509953696123819,4.144405340289709,4.482210510238444,53571
2014-02-28,4.482210510238444,4.533164530442491,4.465986587087151,4.527657780399918,50000
2014-03-03,4.527657780399918,4.538577126019234,4.4877128872131005,4.520653094966402,63027
2014-03-04,4.520653094966402,4.527009791048978,4.141878539387033,4.142384736883659,74658
2014-03-05,4.142384736883659,4.507186035677299,4.075766982621196,4.501694381509578,50000
2014-03-06,4.501694381509578,4.5574339071024825,4.465619508131379,4.543816889718326,50000
2014-03-07,4.543816889718326,4.596614371179018,4.3195421677216626,4.334040346387763,70434
2014-03-10,4.334040346387763,4.365804122710503,4.330027745838025,4.35520650936437,50000
2014-03-11,4.35520650936437,4.7422880649076475,4.346173334613729,4.707022529539648,50000
2014-03-12,4.707022529539648,4.886848219393125,4.66355115906921,4.88295826016457,50000
2014-03-13,4.88295826016457,5.102626551553825,4.870430162006341,5.091403673664942,77303
2014-03-14,5.091403673664942,5.105205721150504,5.0584530475660605,5.080362097858578,50000
2014-03-17,5.080362097858578,5.902209697504105,5.066446314681405,5.890438275581922,50000
2014-03-18,5.890438275581922,5.923808090886347,5.622399747032365,5.650911002124954,55450
2014-03-19,5.650911002124954,5.6801097553518884,5.512302043014247,5.6456441464014,54448
2014-03-20,5.6456441464014,5.716850223665224,5.638414954822229,5.6773506262883835,50000
2014-03-21,5.6773506262883835,5.720711336995211,5.6631722905104205,5.710216295296641,58497
2014-03-24,5.710216295296641,6.009677520929601,5.693393352397291,5.98097295031327,50000
2014-03-25,5.98097295031327,6.310620503562796,5.948697470891892,6.2462550821765,54749
2014-03-26,6.2462550821765,6.276024603740243,6.020965249858793,6.080862079260505,50000
2014-03-27,6.080862079260505,6.086414196443396,5.576130946844097,5.602514838326541,50000
2014-03-28,5.602514838326541,5.940335772967367,5.542097356215595,5.896487065158222,50000
2014-03-31,5.896487065158222,5.92479245709778,5.552165673640745,5.608231595774759,131130
2014-04-01,5.608231595774759,5.874805607469721,5.567823992699739,5.824017655138334,50000
2014-04-02,5.824017655138334,6.5799906686601455,5.731948289418123,6.560529935398416,90949
2014-04-03,6.560529935398416,6.975587810876239,6.521665096493588,6.916052178703097,193231
2014-04-04,6.916052178703097,7.140273392089812,6.821884539490443,7.102707604849893,50000
2014-04-07,7.102707604849893,7.109174520057023,6.740651711750026,6.751910570768408,50000
2014-04-08,6.751910570768408,6.769989494888401,6.337626162423529,6.346385472063837,50000
2014-04-09,6.346385472063837,6.3613511128562275,6.265916066910308,6.301282259440882,193642
2014-04-10,6.301282259440882,6.5252218098530514,6.287981803059351,6.519809396461441,50000
2014-04-11,6.519809396461441,6.529840981737664,6.307779875029521,6.352795557715838,50000
2014-04-14,6.352795557715838,6.594545001835641,6.347219807157924,6.577978966920744,99420
2014-04-15,6.577978966920744,6.628374446295888,6.572136534677487,6.60410518450539,50000
2014-04-16,6.60410518450539,6.758224311321208,6.581922607231164,6.732150864172448,96350
2014-04-17,6.732150864172448,6.981554987161095,6.68019847638116,6.947471966507813,50000
2014-04-18,6.947471966507813,6.995177306512344,6.944931616138395,6.987880297020449,81963
2014-04-21,6.987880297020449,6.997558858944291,6.887676377225467,6.891781349143707,72153
2014-04-22,6.891781349143707,7.00656837439114,6.846682431262701,6.96462710958559,50000
2014-04-23,6.96462710958559,7.00734721897242,6.883462586539206,6.905725939438885,50000
2014-04-24,6.905725939438885,7.110762950602595,6.894411285346653,7.107743066495716,50000
2014-04-25,7.107743066495716,7.111248844628951,6.988221376430727,7.073557128174568,50000
2014-04-28,7.073557128174568,7.657355720545519,7.0713710498268725,7.592129411655051,50000
2014-04-29,7.592129411655051,7.7625905765524585,7.586401098062393,7.748755794616827,50000
2014-04-30,7.748755794616827,7.806362230909037,7.601091251026419,7.6136560872490655,50000
2014-05-01,7.6136560872490655,7.632336947780506,7.310339947990776,7.331910195337479,50000
2014-05-02,7.331910195337479,7.342647603415513,7.029991911223018,7.0864366912600545,50000
2014-05-05,7.0864366912600545,7.110740635645554,6.924525387563168,7.011868962016515,138436
2014-05-06,7.011868962016515,7.039696745404814,6.628742294096025,6.668205065178088,50000
2014-05-07,6.668205065178088,6.987781543448085,6.664552451672812,6.9517654814493275,50000
2014-05-08,6.9517654814493275,7.050300082284101,6.910393611058518,7.030397331361514,99394
2014-05-09,7.030397331361514,7.316436862984577,7.02083040117716,7.287425100009505,50000
2014-05-12,7.287425100009505,7.287461754128864,7.137606119359902,7.245781113879018,56346
2014-05-13,7.245781113879018,7.312354478921541,7.244635865689342,7.274126404850151,126193
2014-05-14,7.274126404850151,7.336389418371391,6.913694034224203,6.946138735004309,81663
2014-05-15,6.946138735004309,7.016688517246095,6.932485427015676,6.98654308494765,50000
2014-05-16,6.98654308494765,7.168456864112281,6.9437974639661135,7.146363395918575,96606
2014-05-19,7.146363395918575,7.209854618096615,6.6249279628496724,6.665862800789507,73191
2014-05-20,6.665862800789507,6.699645844091801,5.957947417034957,5.967035069397559,50000
2014-05-21,5.967035069397559,6.239036312085182,5.9200737029469614,6.22403924925673,50000
2014-05-22,6.22403924925673,6.260789653912022,5.90009007210938,5.917827881350734,50000
2014-05-23,5.917827881350734,6.271529348994733,5.881069528480907,6.224913735913584,64010
2014-05-26,6.224913735913584,6.547831408851525,6.183082172822363,6.54032934938271,50000
2014-05-27,6.54032934938271,6.544786270473293,6.248390353017045,6.259962078647783,50000
2014-05-28,6.259962078647783,6.33604318640319,6.160484807816561,6.269571467400206,146607
2014-05-29,6.269571467400206,6.475634965521464,6.242061554621911,6.443794014731941,70747
2014-05-30,6.443794014731941,6.500075034799028,6.415990682446483,6.4886099757012685,50000
2014-06-02,6.4886099757012685,6.730257185046111,6.463571419190677,6.682816960408088,50000
2014-06-03,6.682816960408088,6.702057433109562,6.5118594283917846,6.5163804596962684,50564
2014-06-04,6.5163804596962684,6.532091946785197,6.30492588457433,6.306608536222851,50000
2014-06-05,6.306608536222851,6.359551600426068,6.228041145948049,6.231531573857,50000
2014-06-06,6.231531573857,6.310407718923179,6.177517774847697,6.253975742594895,50000
2014-06-09,6.253975742594895,6.287493938843634,6.163564077712409,6.202237377636103,209907
2014-06-10,6.202237377636103,6.913421952146682,6.181156179970493,6.857662480359783,50000
2014-06-11,6.857662480359783,6.8662960727469695,6.279460641192276,6.2954081590888915,50000
2014-06-12,6.2954081590888915,6.718514741014363,6.2741414969108895,6.65474646482181,54038
2014-06-13,6.65474646482181,6.932643159116564,6.636785935655192,6.912008637513745,60334
2014-06-16,6.912008637513745,6.9261153496057695,6.749989882765246,6.807372300742989,50000
2014-06-17,6.807372300742989,6.8545126684406785,6.43719212389742,6.469972824697324,50000
2014-06-18,6.469972824697324,6.497534016926324,6.056251708664219,6.093581791350784,57554
2014-06-19,6.093581791350784,6.173129108436544,6.088814880607459,6.138264003007885,50000
2014-06-20,6.138264003007885,6.163773219546785,5.71812066296681,5.764099849330001,59164
2014-06-23,5.764099849330001,6.763490617219209,5.758199195683546,6.73569790083674,50000
2014-06-24,6.73569790083674,7.177941582884597,6.706849599735324,7.131255353040691,50000
2014-06-25,7.131255353040691,7.166327839929869,6.794338320829353,6.818417550265055,50000
2014-06-26,6.818417550265055,6.844173857661524,6.626416462273696,6.64580441653635,50000
2014-06-27,6.64580441653635,6.7075390400150425,6.557692360938905,6.695040377115989,50000
2014-06-30,6.695040377115989,6.6967504689239785,6.2549002214169835,6.276159150484731,50000
2014-07-01,6.276159150484731,6.324955971111976,6.034280277445533,6.051558488858479,50000
2014-07-02,6.051558488858479,6.080699548936722,5.58488878501832,5.603510560047474,50000
2014-07-03,5.603510560047474,5.640188908576425,5.405581792947111,5.494489035726254,91421
2014-07-04,5.494489035726254,5.546266637634207,5.083836010456543,5.117221132307527,50000
2014-07-07,5.117221132307527,5.1418933607503305,4.787474319386189,4.834823050781281,50000
2014-07-08,4.834823050781281,5.026509588386433,4.833743094903057,5.019641852821597,72150
2014-07-09,5.019641852821597,5.037080211656593,4.971164354019804,5.026258301353555,50000
2014-07-10,5.026258301353555,5.322593090878739,5.016689021401168,5.303017097420138,92164
2014-07-11,5.303017097420138,5.328999886004676,4.646863514813314,4.65796211247665,50000
2014-07-14,4.65796211247665,4.881521047677975,4.624173690399308,4.8697829915074,50000
2014-07-15,4.8697829915074,4.8836674683417485,4.748245716684194,4.759370603267918,65292
2014-07-16,4.759370603267918,5.034964963901945,4.731730232150657,4.964682174376977,50000
2014-07-17,4.964682174376977,5.515712719555972,4.922949010938096,5.491808893865552,120899
2014-07-18,5.491808893865552,5.588303304873612,5.4788077346193855,5.560062620947274,50000
2014-07-21,5.560062620947274,5.618671365322701,5.543322857952927,5.611713919197771,91001
2014-07-22,5.611713919197771,5.727688595531737,5.569935273628742,5.700622987440501,94057
2014-07-23,5.700622987440501,6.02770942023426,5.634200601201691,6.001940793589238,50000
2014-07-24,6.001940793589238,6.074242509486235,5.963301504083652,6.07086310869892,50000
2014-07-25,6.07086310869892,6.614557811957134,6.026301635277219,6.555040609932827,50000
2014-07-28,6.555040609932827,7.170926988326022,6.514800905882614,7.1446431799357155,50000
2014-07-29,7.1446431799357155,7.197820170728584,7.122969899943584,7.165503580825797,50000
2014-07-30,7.165503580825797,7.168002604779215,6.997260820734898,7.071976364020241,208250
2014-07-31,7.071976364020241,7.741918013188835,7.066902102031209,7.712596829158392,82094
2014-08-01,7.712596829158392,8.15376005199472,7.68437706248682,8.121389336597508,60443
2014-08-04,8.121389336597508,8.129242375983223,7.679432077272358,7.758953441784728,50000
2014-08-05,7.758953441784728,7.795224878079573,7.380286350856392,7.4299944233514585,50000
2014-08-06,7.4299944233514585,7.802050628658239,7.394394834031435,7.787536440496599,51172
2014-08-07,7.787536440496599,7.84644090650181,7.486361881811763,7.524860929346781,50000
2014-08-08,7.524860929346781,7.608992061895834,6.862614570098661,6.912577960375816,50000
2014-08-11,6.912577960375816,7.168251349806707,6.902379456374067,7.126788576352755,108912
2014-08-12,7.126788576352755,7.158110978019419,6.714874698001034,6.790791176483472,50000
2014-08-13,6.790791176483472,6.8311184943414185,6.777925807977634,6.783987369321686,50000
2014-08-14,6.783987369321686,6.8351261811018444,6.542369226619561,6.606910343929225,66870
2014-08-15,6.606910343929225,6.691499751446988,6.407095872745558,6.434395374630553,50000
2014-08-18,6.434395374630553,6.442129698888999,6.187636504460282,6.188903680885289,50000
2014-08-19,6.188903680885289,6.193738660735444,6.014119056613302,6.02051996307019,74762
2014-08-20,6.02051996307019,6.896787699087191,6.004834019418978,6.845051737203288,68097
2014-08-21,6.845051737203288,6.952394802917681,6.827252103045126,6.918747785953836,70767
2014-08-22,6.918747785953836,7.281616429373209,6.892175776140338,7.267177480409741,111303
2014-08-25,7.267177480409741,7.551454560755754,7.237072162655119,7.504057335001892,50000
2014-08-26,7.504057335001892,7.548585293681831,7.421419313793624,7.431320437713981,50000
2014-08-27,7.431320437713981,7.960036233409285,7.365393238806203,7.92319049976958,50000
2014-08-28,7.92319049976958,7.975254495058184,7.4838613877987905,7.514234578729642,61510
2014-08-29,7.514234578729642,7.5269111317211825,7.448720003072883,7.48336699879217,53929
2014-09-01,7.48336699879217,7.50112489626396,6.980237703826218,6.986554194632069,50000
2014-09-02,6.986554194632069,7.0603445326911185,6.82721126072079,6.844851444182814,50000
2014-09-03,6.844851444182814,6.873929723699939,6.595486170593912,6.659367891476989,50000
2014-09-04,6.659367891476989,6.776185004101746,6.644409995364952,6.7275490726455525,239824
2014-09-05,6.7275490726455525,6.906079601450867,6.724202250869186,6.873882778850535,50000
2014-09-08,6.873882778850535,7.1361970413331415,6.83842337274771,7.100503102425338,50000
2014-09-09,7.100503102425338,7.446537783858594,7.0774849119445165,7.380462403660057,74805
2014-09-10,7.380462403660057,7.6662861895382735,7.3492594994060125,7.645301032454112,50000
2014-09-11,7.645301032454112,7.731145543228004,7.308585867305157,7.351573191452142,50000
2014-09-12,7.351573191452142,7.672916257143791,7.350111552767904,7.663189695337269,57301
2014-09-15,7.663189695337269,7.82938860252452,7.651930207980523,7.804052011551922,50000
2014-09-16,7.804052011551922,7.9719142812371055,7.7544100834020915,7.971023993539767,73395
2014-09-17,7.971023993539767,8.05363255740331,7.95121072198401,8.048488203300199,118267
2014-09-18,8.048488203300199,8.057961385719132,7.83421722821813,7.863908817836889,50000
2014-09-19,7.863908817836889,7.9277790797912795,7.856481395895292,7.87610140526639,96783
2014-09-22,7.87610140526639,7.88967569755228,7.421449844054947,7.429111818148347,50000
2014-09-23,7.429111818148347,7.429157968696918,7.255536224433639,7.2836753845293964,98702
2014-09-24,7.2836753845293964,7.642057766255218,7.196845554307284,7.576956612577576,50000
2014-09-25,7.576956612577576,7.637108119201488,7.557751118534236,7.609525522658016,50000
2014-09-26,7.609525522658016,7.6706314782934255,7.375118554893242,7.413976360401053,50000
2014-09-29,7.413976360401053,7.480435519296866,6.693885157964059,6.757821311019844,50000
2014-09-30,6.757821311019844,6.785224247763678,6.5544860088078,6.580771671413818,50000
2014-10-01,6.580771671413818,6.956031404822443,6.561891762963308,6.945368148012282,50000
2014-10-02,6.945368148012282,7.345373340109136,6.914517973378457,7.329560588811528,84592
2014-10-03,7.329560588811528,7.7401492297119905,7.3007100715303395,7.7030300617651575,50000
2014-10-06,7.7030300617651575,7.716929464769829,7.51742392104343,7.545364471705743,50000
2014-10-07,7.545364471705743,8.203386161481959,7.516209798517648,8.128284037871678,80370
2014-10-08,8.128284037871678,8.135565957824276,7.97138137993759,8.03295366991159,50000
2014-10-09,8.03295366991159,8.228105183544555,7.9913652379391396,8.110286839446246,50000
2014-10-10,8.110286839446246,8.129304521587422,8.019980324574696,8.063148304196215,50000
2014-10-13,8.063148304196215,8.15665333813763,7.8000057893466765,7.881781499496256,52209
2014-10-14,7.881781499496256,7.904107127269266,7.587532613821097,7.614866132891843,154969
2014-10-15,7.614866132891843,7.626028372554947,7.287418960170442,7.309605510156796,50000
2014-10-16,7.309605510156796,7.381334075726847,6.796619030116986,6.852882020616946,51679
2014-10-17,6.852882020616946,7.108809461682289,6.812899311611059,7.064467916677778,138470
2014-10-20,7.064467916677778,7.851469993549223,7.048086243785937,7.837153742373633,50000
2014-10-21,7.837153742373633,7.981104538986621,7.286385534941181,7.3073855484123555,50000
2014-10-22,7.3073855484123555,7.5748831739362465,7.275277112725538,7.538231639538771,50000
2014-10-23,7.538231639538771,7.558203347836501,7.352578797784175,7.361987350834948,70462
2014-10-24,7.361987350834948,7.438198900330067,7.109130488043282,7.128146716616714,124593
2014-10-27,7.128146716616714,7.56974734239138,7.068148443522917,7.475604885771255,50000
2014-10-28,7.475604885771255,7.537095636755392,7.094228182653066,7.108516691859542,50000
2014-10-29,7.108516691859542,7.700755628464187,7.0998887846946594,7.651804715171171,50000
2014-10-30,7.651804715171171,7.714445363638526,7.336816005929806,7.377041872394865,52516
2014-10-31,7.377041872394865,7.694439439709031,7.340649259597576,7.630534427790834,59685
2014-11-03,7.630534427790834,7.928665765388139,7.619427469643441,7.888037489730596,50000
2014-11-04,7.888037489730596,8.124480547702856,7.846787115134469,8.093376858488968,50000
2014-11-05,8.093376858488968,8.115761418988999,8.042296726385596,8.085037489177024,50000
2014-11-06,8.085037489177024,8.364850172721608,8.059965199486154,8.313023266838256,50000
2014-11-07,8.313023266838256,8.700703833458606,8.285009017088532,8.632653963996896,50000
2014-11-10,8.632653963996896,8.742568049902536,8.627995765097008,8.690985423777402,50000
2014-11-11,8.690985423777402,9.095135966369936,8.661934199387668,9.05902181060104,84349
2014-11-12,9.05902181060104,9.274170828631517,9.029473393503242,9.225731787528403,50000
2014-11-13,9.225731787528403,9.29030186341467,9.175602594414016,9.19380504555165,50000
2014-11-14,9.19380504555165,9.637038327988698,9.169497090037659,9.603323447569302,50000
2014-11-17,9.603323447569302,10.027836836459604,9.566719969361422,10.013100046967383,50000
2014-11-18,10.013100046967383,10.059983218103058,9.90280872628405,9.994306060532308,131846
2014-11-19,9.994306060532308,10.143198317394548,9.957304955103892,10.07065139828069,50000
2014-11-20,10.07065139828069,10.11314572043003,10.034058974127104,10.056926434596638,50000
2014-11-21,10.056926434596638,10.190097775314808,9.96768517430413,10.016140481639315,50000
2014-11-24,10.016140481639315,10.052085750374959,9.77706052631774,9.798785268026354,50000
2014-11-25,9.798785268026354,10.136070242238727,9.77762621446491,10.086356695490934,50000
2014-11-26,10.086356695490934,10.399771067205355,10.055555503492604,10.344001498327424,71633
2014-11-27,10.344001498327424,10.704829443475832,10.228776347717655,10.672615079383812,50000
2014-11-28,10.672615079383812,10.673784302233031,10.618226581260073,10.666863563740128,87999
2014-12-01,10.666863563740128,10.701939607558488,10.124522582513203,10.138165656197978,50000
2014-12-02,10.138165656197978,10.168344783604995,9.567583497952105,9.610017938736467,50000
2014-12-03,9.610017938736467,10.012470738632882,9.529188089854987,9.93024112228165,50000
2014-12-04,9.93024112228165,10.15433325081409,9.926587687724897,10.099978016425252,82527
2014-12-05,10.099978016425252,10.173397483514991,9.953930667331582,10.12479904724637,64887
2014-12-08,10.12479904724637,10.208345872130272,10.089361934981172,10.154919628037161,50000
2014-12-09,10.154919628037161,10.2551571023929,10.077516393970644,10.096638672290807,50000
2014-12-10,10.096638672290807,10.392733282028399,10.02211609358134,10.357538997181472,50000
2014-12-11,10.357538997181472,10.860321575469431,10.250599566334317,10.854284014618276,86598
2014-12-12,10.854284014618276,10.893365385029794,10.647770971023142,10.699185970327294,63027
2014-12-15,10.699185970327294,10.723306647909181,10.488127065507259,10.500120010531823,50000
2014-12-16,10.500120010531823,10.537170662051842,10.421962304177793,10.443294260748559,59696
2014-12-17,10.443294260748559,10.556911552105158,9.964723728301097,10.038378259825924,68317
2014-12-18,10.038378259825924,10.106946319926967,9.96718389414231,9.996866089889869,50000
2014-12-19,9.996866089889869,10.485542907529084,9.979418499572782,10.402053162770823,83603
2014-12-22,10.402053162770823,10.41665519360401,10.126509931068316,10.227243190100845,50000
2014-12-23,10.227243190100845,10.326313036803333,9.908450332658525,9.949541343790278,50000
2014-12-24,9.949541343790278,10.038288941488526,9.478310287010634,9.545221410626521,193692
2014-12-25,9.545221410626521,9.650486057577117,9.54506648198655,9.639509148203462,50000
2014-12-26,9.639509148203462,9.750610722639713,9.60536155977017,9.747048526908666,50000
2014-12-29,9.747048526908666,9.839561604035259,9.378025663986472,9.406552210705339,63289
2014-12-30,9.406552210705339,9.587336109777247,9.344160308073853,9.520987585613728,71162
2014-12-31,9.520987585613728,10.255701329856963,9.493735045890054,10.185540453320481,52544
2015-01-01,10.185540453320481,10.429048503522852,10.110255565250782,10.378061358816513,50000
2015-01-02,10.378061358816513,10.437063150839549,10.014283500339676,10.017251821413655,84063
2015-01-05,10.017251821413655,10.052186187871396,9.777542599367385,9.910199745643276,118572
2015-01-06,9.910199745643276,10.179558322876192,9.845936481458327,10.10203149388741,50000
2015-01-07,10.10203149388741,10.148678310218912,9.342660643651426,9.356051225716813,50000
2015-01-08,9.356051225716813,9.399009039111435,9.147734996107275,9.15210087513004,50000
2015-01-09,9.15210087513004,9.187101082624892,8.962623943245633,8.985799666388145,50000
2015-01-12,8.985799666388145,9.532735817278978,8.982480401061498,9.488688729638172,50000
2015-01-13,9.488688729638172,9.552881055194971,9.25733658003039,9.276176166444248,50000
2015-01-14,9.276176166444248,9.417624542371987,9.187363489073574,9.386170572340692,53546
2015-01-15,9.386170572340692,9.734090284623953,9.37997669541038,9.658820486601597,114246
2015-01-16,9.658820486601597,10.063122947011504,9.598178117059131,10.056212255811781,50000
2015-01-19,10.056212255811781,10.244333750919804,9.926719891321163,10.100047885839658,50000
2015-01-20,10.100047885839658,10.145724232760477,9.963086827134834,9.964649043268132,82774
2015-01-21,9.964649043268132,10.018120215898302,9.560674139213,9.599425899107818,97701
2015-01-22,9.599425899107818,9.784894457743837,9.59499495435199,9.766956002126749,89036
2015-01-23,9.766956002126749,9.810760072738088,9.61053141543723,9.629325388143233,50000
2015-01-26,9.629325388143233,9.719086197458926,9.359893850910625,9.375274683009547,50000
2015-01-27,9.375274683009547,9.391657428830081,9.166853155641606,9.194608238468268,50000
2015-01-28,9.194608238468268,9.210057956126773,8.908229934818841,8.986509065679266,53231
2015-01-29,8.986509065679266,9.346739513390341,8.917128233020067,9.239470298489785,50000
2015-01-30,9.239470298489785,9.303555368057772,9.072992209754702,9.158993220171338,50000
2015-02-02,9.158993220171338,9.20600788632465,9.125730049220833,9.177004837317524,50000
2015-02-03,9.177004837317524,9.197207259014416,8.796809394926608,8.80469678029071,61171
2015-02-04,8.80469678029071,8.826084682775502,8.713573788334095,8.741905549218362,50000
2015-02-05,8.741905549218362,9.198247205037047,8.642929614349718,9.078530276094774,54114
2015-02-06,9.078530276094774,9.180194811851191,8.713240869602231,8.741909035351258,50000
2015-02-09,8.741909035351258,8.867282879128323,8.679311078139806,8.791694921580532,50000
2015-02-10,8.791694921580532,9.107943314395735,8.759188331516405,9.051604506347926,50796
2015-02-11,9.051604506347926,9.07401210844333,8.966561247369924,9.027132250694049,50000
2015-02-12,9.027132250694049,9.311701969965437,9.026495081108049,9.307858836996836,50000
2015-02-13,9.307858836996836,9.455488029439673,9.294336085934061,9.454641478096313,50000
2015-02-16,9.454641478096313,9.480886313046243,9.316066558583705,9.345873435190692,50000
2015-02-17,9.345873435190692,9.586516334162928,9.291622625666012,9.500294470324986,71934
2015-02-18,9.500294470324986,10.089591241250252,9.49509202010503,10.029574878251069,51892
2015-02-19,10.029574878251069,10.047044432295566,9.67381051381553,9.76143012663996,82429
2015-02-20,9.76143012663996,9.957714635282702,9.759947715946382,9.867340176313867,50000
2015-02-23,9.867340176313867,10.34139230018602,9.841214989113304,10.331351665784313,50000
2015-02-24,10.331351665784313,10.348273994369345,10.119663074251038,10.140642340997184,50000
2015-02-25,10.140642340997184,10.25227126035428,9.894057580357218,10.045516844461176,50000
2015-02-26,10.045516844461176,10.121225884421508,9.874231209579538,9.938065133405061,50000
2015-02-27,9.938065133405061,10.24807687700557,9.934650633556233,10.209422520615004,50000
2015-03-02,10.209422520615004,10.929205727701241,10.10937337030912,10.825410473565999,50000
2015-03-03,10.825410473565999,10.892352043533124,10.778973485618673,10.865023788122505,50000
2015-03-04,10.865023788122505,11.368558924980777,10.775060449800101,11.36801332214168,50000
2015-03-05,11.36801332214168,11.890320388733207,11.275420871354196,11.802782565778257,50000
2015-03-06,11.802782565778257,11.979299203140002,11.757524861341594,11.944365819947452,98161
2015-03-09,11.944365819947452,12.10890219581076,11.828483268700852,12.086890127353655,94757
2015-03-10,12.086890127353655,12.211977119751548,11.744369974993209,11.911328924391947,59679
2015-03-11,11.911328924391947,12.18751528791922,11.862830528086613,12.165121911870703,50000
2015-03-12,12.165121911870703,12.654205171306561,12.115560850174987,12.62131436644561,50000
2015-03-13,12.62131436644561,12.943529786579013,12.488826508379578,12.821028792236959,50000
2015-03-16,12.821028792236959,13.1416365195942,12.734712337242255,12.99536014731144,50000
2015-03-17,12.99536014731144,13.040184049706927,12.555492850301572,12.663973997265138,50000
2015-03-18,12.663973997265138,12.713355500459654,12.63276479329326,12.633785035853291,50000
2015-03-19,12.633785035853291,13.047366366100759,12.589125237181387,13.030651502164458,50000
2015-03-20,13.030651502164458,13.06745182367454,12.667165915718064,12.70282897812339,110244
2015-03-23,12.70282897812339,12.879925799047282,12.60457608098037,12.819171535204816,50000
2015-03-24,12.819171535204816,12.956289816604196,11.934639570278746,12.1014609261243,50000
2015-03-25,12.1014609261243,12.29160863565636,12.05021934271384,12.185652000867039,66872
2015-03-26,12.185652000867039,12.191614837765064,12.150918275848413,12.184961191929427,50000
2015-03-27,12.184961191929427,12.405419370896459,12.13899701462446,12.378667742032434,50000
2015-03-30,12.378667742032434,12.456407283936766,11.745570968391911,11.786301303196948,50000
2015-03-31,11.786301303196948,12.191894634242383,11.750815801938113,12.180585558027204,50000
2015-04-01,12.180585558027204,12.845992722065679,12.040817634909423,12.685616044970983,50000
2015-04-02,12.685616044970983,13.093525320220449,12.635569326789184,13.092186055462278,50000
2015-04-03,13.092186055462278,13.130030073101814,12.445995240746951,12.51004830851523,50000
2015-04-06,12.51004830851523,12.524445653272432,12.388113647891148,12.510287846880026,75891
2015-04-07,12.510287846880026,12.775531915545614,12.417578755872992,12.77030984393632,50000
2015-04-08,12.77030984393632,12.85036497499738,12.546363563664022,12.592176934986384,50000
2015-04-09,12.592176934986384,12.734954797418366,12.588028289682034,12.694150554103325,50000
2015-04-10,12.694150554103325,13.066360028222178,12.599185737988757,12.960240511265539,50000
2015-04-13,12.960240511265539,13.202330185097495,12.943134835929621,13.1896285040757,50000
2015-04-14,13.1896285040757,13.452305178052267,13.138873730827823,13.415566282397378,50000
2015-04-15,13.415566282397378,13.604190298643235,13.133035436618236,13.218829511459147,50000
2015-04-16,13.218829511459147,13.263243430482433,13.076451366775927,13.171647427448056,50000
2015-04-17,13.171647427448056,13.631559560821383,13.085552862656394,13.471695089350508,106284
2015-04-20,13.471695089350508,13.484171556846494,12.828380384011096,12.83245102240266,50000
2015-04-21,12.83245102240266,12.862340468453603,12.700914267025507,12.759122958806659,50000
2015-04-22,12.759122958806659,12.771751086102588,12.63615784982461,12.688049398184186,50000
2015-04-23,12.688049398184186,12.786435942227042,12.286751337402732,12.307854896185527,50000
2015-04-24,12.307854896185527,12.378567050723158,12.236735974536181,12.356361398450902,54082
2015-04-27,12.356361398450902,12.926878155760921,12.230787187467653,12.891748547088529,50000
2015-04-28,12.891748547088529,12.9347890795529,12.499248561413307,12.525247265408906,54479
2015-04-29,12.525247265408906,12.855835051224018,12.450694875590157,12.695534624181432,50000
2015-04-30,12.695534624181432,12.808918162325124,12.343487063212901,12.3715095195401,50000
2015-05-01,12.3715095195401,12.48631172449586,12.219511941495032,12.265105269420225,50000
2015-05-04,12.265105269420225,13.007802921591944,12.148877870629885,12.765721989305106,113712
2015-05-05,12.765721989305106,12.77576513442826,12.642278577715711,12.718569057697685,50419
2015-05-06,12.718569057697685,12.914368915059,12.695401210505734,12.89363567845031,50000
2015-05-07,12.89363567845031,12.911460271301024,12.317597306228274,12.413026123918598,50000
2015-05-08,12.413026123918598,13.122874216562419,12.291832071440254,13.105428645892877,72107
2015-05-11,13.105428645892877,13.195671435992578,13.001746744986653,13.182131595611104,50000
2015-05-12,13.182131595611104,13.271654164972595,12.954564578955567,12.98370166380975,95484
2015-05-13,12.98370166380975,13.404340270925287,12.958660263464713,13.356339059496673,50000
2015-05-14,13.356339059496673,13.531586866572226,13.04608170959763,13.050701138324222,50000
2015-05-15,13.050701138324222,13.661828273891341,12.99258031975448,13.5787910610245,50000
2015-05-18,13.5787910610245,13.605421203335204,13.449554742517957,13.464886787008917,145119
2015-05-19,13.464886787008917,13.56165901217605,13.348264458737969,13.363249291262866,71466
2015-05-20,13.363249291262866,13.49163733990754,13.287738590222249,13.405314650470267,56890
2015-05-21,13.405314650470267,13.451776689054807,12.976570470333247,13.029334891273027,50000
2015-05-22,13.029334891273027,13.061513949478273,12.768079981719234,12.82103171110492,50000
2015-05-25,12.82103171110492,13.045010154670507,12.733185413304929,13.034470490587353,121553
2015-05-26,13.034470490587353,13.245709226080963,13.022650280409058,13.20000426776141,50000
2015-05-27,13.20000426776141,13.247462960439567,13.027095233713572,13.122285729916493,50000
2015-05-28,13.122285729916493,13.445692484302784,13.095647331810325,13.393654479509816,74734
2015-05-29,13.393654479509816,13.482062621561983,13.364089366587244,13.376297606716063,50000
2015-06-01,13.376297606716063,13.735029990012617,13.308609671064525,13.626355067337025,106393
2015-06-02,13.626355067337025,13.68943232639833,12.857624664296024,12.881228346197283,50000
2015-06-03,12.881228346197283,13.23938869994152,12.868619808840839,13.080748444801655,50000
2015-06-04,13.080748444801655,13.24822779383365,13.076240280307484,13.169337314389034,50000
2015-06-05,13.169337314389034,13.305089123623972,13.078620728711579,13.252220949619485,50000
2015-06-08,13.252220949619485,13.944837140400946,13.24112294796415,13.825634540747277,50000
2015-06-09,13.825634540747277,13.963117636330756,13.754519026473186,13.838973618558777,50000
2015-06-10,13.838973618558777,14.016892154388803,13.813914454218716,13.89966996470341,50000
2015-06-11,13.89966996470341,14.067516949749395,13.89957216481207,14.042784398858387,56192
2015-06-12,14.042784398858387,14.123789614518884,13.627474530955906,13.714326414814586,72144
2015-06-15,13.714326414814586,13.727468759454386,13.30063034439676,13.361531766523788,50000
2015-06-16,13.361531766523788,13.621950591340822,13.278859251237769,13.569744963984512,50000
2015-06-17,13.569744963984512,14.06342807434879,13.430101204885187,13.999046464869588,61833
2015-06-18,13.999046464869588,14.086323489664636,13.766829965311409,13.870741978892768,74230
2015-06-19,13.870741978892768,13.997759131138691,13.433496849559527,13.497006290740945,50000
2015-06-22,13.497006290740945,13.805596577858015,13.412779441279813,13.752260535979907,50000
2015-06-23,13.752260535979907,14.283764172150542,13.719616251731889,14.17754216555804,50000
2015-06-24,14.17754216555804,14.85455537142595,14.073374832322452,14.82937469038619,81804
2015-06-25,14.82937469038619,15.445159269934498,14.762389795508282,15.425495051362912,53842
2015-06-26,15.425495051362912,15.604873649002013,15.375527733350735,15.560104812712817,59462
2015-06-29,15.560104812712817,15.591321216836194,15.13135702566123,15.243647904379385,50000
2015-06-30,15.243647904379385,15.310022664654344,14.86294467285394,14.918019530507575,50000
2015-07-01,14.918019530507575,15.066911012163068,14.578454230212188,14.59749199080604,50000
2015-07-02,14.59749199080604,14.803247943555387,14.559928582255687,14.683781465274185,50000
2015-07-03,14.683781465274185,14.846345974445656,14.508082520474353,14.511392702633353,50000
2015-07-06,14.511392702633353,14.540667619093199,14.330814668705774,14.443239969581706,50000
2015-07-07,14.443239969581706,14.572424607018247,13.373768572447661,13.478659878588994,75943
2015-07-08,13.478659878588994,13.52278354212128,13.040040996159584,13.04423915114215,181910
2015-07-09,13.04423915114215,13.075965190012075,12.957922048236362,13.022229234871928,50000
2015-07-10,13.022229234871928,13.163191570114884,12.815177503847497,12.818418864810209,50000
2015-07-13,12.818418864810209,13.365377022468206,12.727662440502602,13.201974718473094,50000
2015-07-14,13.201974718473094,13.264610260293798,12.871189386506956,12.879656759321183,53459
2015-07-15,12.879656759321183,13.27414913898908,12.875218546582106,13.209140693727127,50000
2015-07-16,13.209140693727127,13.502981259414458,13.119410288368575,13.431347679087516,116488
2015-07-17,13.431347679087516,13.432853145782618,13.073537339649459,13.100210903626047,50000
2015-07-20,13.100210903626047,13.461079024268315,13.028384838535644,13.3974830827687,50000
2015-07-21,13.3974830827687,13.867929325080661,13.390355550440729,13.71414089544477,50000
2015-07-22,13.71414089544477,13.724316127189812,13.510580715321712,13.515079227573331,50000
2015-07-23,13.515079227573331,13.590000663237461,12.961148661494363,13.037340259966307,50000
2015-07-24,13.037340259966307,13.315008319813957,13.009294587752763,13.275633243869198,50000
2015-07-27,13.275633243869198,13.784967574284066,13.267465439041588,13.578728524418596,94330
2015-07-28,13.578728524418596,13.749580483167835,13.532677201126075,13.64310881158542,50000
2015-07-29,13.64310881158542,13.991051092241843,13.499274744073515,13.810974604704596,50000
2015-07-30,13.810974604704596,14.536885961813834,13.73714366270089,14.502340551824267,50000
2015-07-31,14.502340551824267,14.7489973373308,14.300488983124595,14.629766803045353,50000
2015-08-03,14.629766803045353,14.966191625181365,14.606494699559613,14.95029768875043,53138
2015-08-04,14.95029768875043,14.96496265837393,14.907323199433833,14.91435987415189,50000
2015-08-05,14.91435987415189,15.16298202501239,14.696802940434546,15.149548001175157,50000
2015-08-06,15.149548001175157,15.210403290372769,15.077274019963754,15.180360153978393,54490
2015-08-07,15.180360153978393,15.752463639290172,15.142586319814262,15.66454578632526,50000
2015-08-10,15.66454578632526,15.678496949883634,15.387548322995723,15.419376037124078,50000
2015-08-11,15.419376037124078,15.453478982403988,15.374828451072188,15.380675038225533,50000
2015-08-12,15.380675038225533,15.530312019477421,15.248503029968733,15.467337007174658,50000
2015-08-13,15.467337007174658,15.57162126932499,15.047431924171672,15.14564632659391,50000
2015-08-14,15.14564632659391,15.294515739781973,15.108648020836261,15.2389500247474,50000
2015-08-17,15.2389500247474,15.282420079864082,15.0853686559958,15.216940628021613,50000
2015-08-18,15.216940628021613,15.23832558469745,14.714829313468126,14.828437072959506,50000
2015-08-19,14.828437072959506,15.016817371070918,14.78413595333742,15.01672729290405,50000
2015-08-20,15.01672729290405,15.036895960758617,14.78622350916519,14.89155029350124,50000
2015-08-21,14.89155029350124,14.970822346537537,14.794830291632003,14.928539527263341,89183
2015-08-24,14.928539527263341,15.41211519638088,14.762240899259972,15.323833070954253,50000
2015-08-25,15.323833070954253,15.782873945184301,15.28440153343686,15.706565269309314,50000
2015-08-26,15.706565269309314,15.75960767077603,15.310540887971849,15.407994010110592,50000
2015-08-27,15.407994010110592,15.44394352757005,15.059317018426942,15.069850390527487,50000
2015-08-28,15.069850390527487,15.19961762905996,15.060526681027238,15.09667100887157,52338
2015-08-31,15.09667100887157,15.436554724313515,15.038314976572883,15.402486514961305,58308
2015-09-01,15.402486514961305,15.50016848871699,15.369238465757252,15.406926990940141,50000
2015-09-02,15.406926990940141,15.528245038170839,15.207346084768613,15.363695177830989,50000
2015-09-03,15.363695177830989,15.901968985632008,15.220628735277005,15.829594192296371,50000
2015-09-04,15.829594192296371,15.928018363501074,15.741450463257411,15.921801215713328,50000
2015-09-07,15.921801215713328,16.204875039630924,15.528670106475662,15.557893985059202,50000
2015-09-08,15.557893985059202,15.635012193299,15.07186042087914,15.120734430455041,50000
2015-09-09,15.120734430455041,15.124744775704203,14.912231485692159,14.928201454193248,50000
2015-09-10,14.928201454193248,15.245893424307972,14.923755644273804,15.219944929255304,50000
2015-09-11,15.219944929255304,15.236209051003785,14.963011383491656,15.011326391724902,128176
2015-09-14,15.011326391724902,15.080822717920688,14.995771452280705,15.074190987367434,50000
2015-09-15,15.074190987367434,15.192153620359582,14.558234931762982,14.754900646796564,50000
2015-09-16,14.754900646796564,15.029470873571803,14.66063462732787,14.918356886972939,50000
2015-09-17,14.918356886972939,14.919344197993375,14.674254844434042,14.727040359185775,50000
2015-09-18,14.727040359185775,14.822766643497934,14.096542997211735,14.16504178859582,50000
2015-09-21,14.16504178859582,14.315395649939024,13.768657202976241,13.911417994623081,60097
2015-09-22,13.911417994623081,13.927941722215037,13.493363370147778,13.500272347603376,50000
2015-09-23,13.500272347603376,13.550202237349266,12.92173385891308,12.943644023151881,50000
2015-09-24,12.943644023151881,13.064440139353865,12.846276369852196,13.016027453702753,50000
2015-09-25,13.016027453702753,13.04046541011255,12.779584297904819,12.911459676889702,50000
2015-09-28,12.911459676889702,13.31414409160683,12.889784740093015,13.241573427059123,50000
2015-09-29,13.241573427059123,13.35307056427873,13.241345183122872,13.26841224717733,50000
2015-09-30,13.26841224717733,13.701483641902158,13.259158816555907,13.627877496832701,50000
2015-10-01,13.627877496832701,13.647357765698422,13.044421409150912,13.156697299595784,50000
2015-10-02,13.156697299595784,13.212458083459348,13.126848493378633,13.16063360020532,50000
2015-10-05,13.16063360020532,13.316099171107258,12.960072714434611,12.98517928053603,50000
2015-10-06,12.98517928053603,13.532968665118226,12.932909397680543,13.430345819975273,93630
2015-10-07,13.430345819975273,13.451512745878867,13.178946765665803,13.2322178622316,61638
2015-10-08,13.2322178622316,13.353359828314426,12.913629280797625,13.069512976426624,52242
2015-10-09,13.069512976426624,13.109395087628027,12.700762130372096,12.779525021502641,80212
2015-10-12,12.779525021502641,12.80477462201346,12.2033283802709,12.25470854898215,93308
2015-10-13,12.25470854898215,12.305377108707955,12.015912264751885,12.093414197316049,102493
2015-10-14,12.093414197316049,12.39786036017814,12.038793429512198,12.386138684374707,50000
2015-10-15,12.386138684374707,12.405061501849517,12.34490284289183,12.354593853242086,50000
2015-10-16,12.354593853242086,12.561988373363317,12.318083105121627,12.522893950567896,52015
2015-10-19,12.522893950567896,12.866191164462059,12.432586959784963,12.834721057068803,107318
2015-10-20,12.834721057068803,12.952454432696868,12.783557308517493,12.892450576283519,50000
2015-10-21,12.892450576283519,12.894892032388332,12.407910026924176,12.504291741901415,67499
2015-10-22,12.504291741901415,12.575265310209396,12.292921881918843,12.316656271155608,50000
2015-10-23,12.316656271155608,12.64412967994946,12.255060332071412,12.604129270521536,50000
2015-10-26,12.604129270521536,12.650071728659023,12.443421909731967,12.518242071175077,50000
2015-10-27,12.518242071175077,12.713866576397777,12.473785275809636,12.650280682332891,50000
2015-10-28,12.650280682332891,12.846823596301506,12.553913560830496,12.832229241497668,125674
2015-10-29,12.832229241497668,12.88688816589769,12.339125940055265,12.426954866885994,50000
2015-10-30,12.426954866885994,12.49854190910152,12.258164016576044,12.261489219634162,218497
2015-11-02,12.261489219634162,12.331604488130298,11.591883187987913,11.6858887657066,50000
2015-11-03,11.6858887657066,11.959313711612452,11.617591146071925,11.906236248528671,50000
2015-11-04,11.906236248528671,11.986972605318398,11.697098911618431,11.718494899609764,55685
2015-11-05,11.718494899609764,11.766322657285269,11.3434206840728,11.496988519632335,68940
2015-11-06,11.496988519632335,11.992346614729056,11.478336276621725,11.967576631741476,50000
2015-11-09,11.967576631741476,12.380412120986604,11.899990418635314,12.366721133476892,50000
2015-11-10,12.366721133476892,12.706493780055066,12.315484415622628,12.692323150903478,53316
2015-11-11,12.692323150903478,12.771269038898728,12.227291334554108,12.230240096432066,50000
2015-11-12,12.230240096432066,12.242551413823186,11.910353001324475,11.933996232223802,50000
2015-11-13,11.933996232223802,12.109714904594293,11.867983574532216,12.08931388728931,50000
2015-11-16,12.08931388728931,12.4108847379102,12.041647633461967,12.270616322355181,50000
2015-11-17,12.270616322355181,12.451601569831036,12.213823904491166,12.311130288495562,50000
2015-11-18,12.311130288495562,12.648887761710983,12.252427582827497,12.61230004102065,83148
2015-11-19,12.61230004102065,13.194807331335518,12.537104799615777,13.10780648168742,86769
2015-11-20,13.10780648168742,13.181684835611161,12.650275792136009,12.688447921943117,50000
2015-11-23,12.688447921943117,12.934534497800596,12.642933045696322,12.925860224642598,53804
2015-11-24,12.925860224642598,13.074926374637812,12.43881278582183,12.544138519510968,50000
2015-11-25,12.544138519510968,12.563194179621254,12.31875111277645,12.388721497249534,50000
2015-11-26,12.388721497249534,12.490471457624569,12.273687926925476,12.463434630736987,313587
2015-11-27,12.463434630736987,12.474675502592158,12.1915982078827,12.218570438728284,50000
2015-11-30,12.218570438728284,12.869773680522632,12.130230871820846,12.837894961291497,50000
2015-12-01,12.837894961291497,12.907852740428655,12.57078007420343,12.68385493871687,61973
2015-12-02,12.68385493871687,12.836272498367956,12.635032560125254,12.731251757611012,50000
2015-12-03,12.731251757611012,13.242977318715354,12.61224866066858,13.17112693093218,92877
2015-12-04,13.17112693093218,13.193153113144074,13.090226615914272,13.095744207269176,52267
2015-12-07,13.095744207269176,13.112637378225882,12.587975696229151,12.628060815783133,50000
2015-12-08,12.628060815783133,12.67213438976472,12.238072217847138,12.275722451530884,50000
2015-12-09,12.275722451530884,12.410243513850437,12.265972882419439,12.337460871456448,72847
2015-12-10,12.337460871456448,12.362443461003327,11.92726945318217,12.01508462536423,50000
2015-12-11,12.01508462536423,12.052052494621194,11.72169039335885,11.762492225542841,122338
2015-12-14,11.762492225542841,11.828476622706827,11.390897825867961,11.479246257639463,61525
2015-12-15,11.479246257639463,11.517069712974608,11.207245961613854,11.306525281130979,58705
2015-12-16,11.306525281130979,11.481151516617517,11.096205914672993,11.390604921516713,50000
2015-12-17,11.390604921516713,11.4234388476698,11.159340866051101,11.17104402238795,213861
2015-12-18,11.17104402238795,11.36950003774656,11.123880112019684,11.2873528108131,50000
2015-12-21,11.2873528108131,11.341215352374155,11.121464685815415,11.158079832220901,207360
2015-12-22,11.158079832220901,11.512540007644205,11.14620683805593,11.442074234093175,50000
2015-12-23,11.442074234093175,11.524309961925331,11.407853731022726,11.444729616553385,50000
2015-12-24,11.444729616553385,11.502098382959343,11.403619345251371,11.470471975887856,50000
2015-12-25,11.470471975887856,11.522497450375758,11.29722701973194,11.450146360059204,66218
2015-12-28,11.450146360059204,11.47810611654424,11.44797088012314,11.453957881678216,50000
2015-12-29,11.453957881678216,11.460062384770534,11.275525451564544,11.320985848646723,74743
2015-12-30,11.320985848646723,11.337320892453675,10.851521234460272,10.895991388981251,134614
2015-12-31,10.895991388981251,10.89950346466023,10.641253442162483,10.717732738503583,59314
2016-01-01,10.717732738503583,10.833777701592789,10.517745883587699,10.548139298425768,127041
2016-01-04,10.548139298425768,10.584146922251515,10.169476025314747,10.204752530057394,50000
2016-01-05,10.204752530057394,10.214247037896447,10.062529081033707,10.104471857079806,50000
2016-01-06,10.104471857079806,10.11518161319962,9.790728060231292,9.881773437799119,71569
2016-01-07,9.881773437799119,9.902619053842288,9.589600364532771,9.621871652881559,52832
2016-01-08,9.621871652881559,9.686700818305596,9.487881464856683,9.512129590031142,50000
2016-01-11,9.512129590031142,9.552144983594012,9.34038664618374,9.391639139554307,50000
2016-01-12,9.391639139554307,9.52250730179473,9.37152672633235,9.489851859965873,52620
2016-01-13,9.489851859965873,9.56963763379884,9.332919790750237,9.405472568354712,50000
2016-01-14,9.405472568354712,9.469659316091803,9.254562815223986,9.275850836847585,63841
2016-01-15,9.275850836847585,9.432661382265628,8.981686397780978,9.037477329138632,57543
2016-01-18,9.037477329138632,9.105065269228211,8.778982862666979,8.795290438334792,50000
2016-01-19,8.795290438334792,8.887901037656855,8.755361618357407,8.883680553530125,76697
2016-01-20,8.883680553530125,8.928437249839332,8.519930750035481,8.523303995121879,50000
2016-01-21,8.523303995121879,9.156408565235735,8.487665848970654,9.078387315877112,50000
2016-01-22,9.078387315877112,9.432792730601491,9.063762878949602,9.416532888494983,50000
2016-01-25,9.416532888494983,9.620086300774378,9.39396476798559,9.578685126661801,59280
2016-01-26,9.578685126661801,10.162647727487553,9.54572509668934,10.075613918716693,123796
2016-01-27,10.075613918716693,10.158436676830345,9.836869471160549,9.904535211657414,220516
2016-01-28,9.904535211657414,9.928621154566969,9.709584747420543,9.801957155209653,50000
2016-01-29,9.801957155209653,9.832312049170717,9.361627632896086,9.403701143867794,50000
2016-02-01,9.403701143867794,9.426682161257917,9.053890277209602,9.095870656864536,50000
2016-02-02,9.095870656864536,9.608377136069945,9.005519621814974,9.595330065905225,87294
2016-02-03,9.595330065905225,9.668201534749704,9.2675480825086,9.314825961320146,64684
2016-02-04,9.314825961320146,9.407694800756431,8.69187931715858,8.714530767929267,50000
2016-02-05,8.714530767929267,8.73765830631724,8.383580145473672,8.462372844151583,50000
2016-02-08,8.462372844151583,8.490875319042804,8.077735281288087,8.144034065061152,50000
2016-02-09,8.144034065061152,8.19723421159662,8.118499231224558,8.16329201480288,50000
2016-02-10,8.16329201480288,8.307616154169693,8.146789681598694,8.269832571020423,69127
2016-02-11,8.269832571020423,8.495114756983186,8.212863758031789,8.482780927518487,78214
2016-02-12,8.482780927518487,8.51337789553051,8.468547255254503,8.49020386060855,50000
2016-02-15,8.49020386060855,8.59883440734543,8.471509421663882,8.524238727641126,50000
2016-02-16,8.524238727641126,8.553875281070887,8.329980467106813,8.36838480074265,50000
2016-02-17,8.36838480074265,8.416873882216176,8.317639191414965,8.349703890817235,66183
2016-02-18,8.349703890817235,8.372764028615672,8.180335048514536,8.187306063290738,50000
2016-02-19,8.187306063290738,8.24045171875756,8.149642054352405,8.197221877577586,50000
2016-02-22,8.197221877577586,8.380225936522178,8.196395143331559,8.351160243777914,66055
2016-02-23,8.351160243777914,8.790824425952234,8.250959153639775,8.790662168995294,62347
2016-02-24,8.790662168995294,8.817591425397604,8.470846266355382,8.530133806468376,50000
2016-02-25,8.530133806468376,8.723691324932165,8.497194943375034,8.719825461422078,53505
2016-02-26,8.719825461422078,8.848748274326676,8.659535899940005,8.815799474193913,50000
2016-02-29,8.815799474193913,8.931156583090543,8.803416363446987,8.890661815371471,50000
2016-03-01,8.890661815371471,8.901263606371822,8.704642887242663,8.771329920251675,99533
2016-03-02,8.771329920251675,8.82235368025658,8.477704065279283,8.494770430588114,50000
2016-03-03,8.494770430588114,8.507585300614899,8.335823937647614,8.352784141116693,58119
2016-03-04,8.352784141116693,9.038990130568335,8.310248349817273,9.002903467335276,50000
2016-03-07,9.002903467335276,9.067885542063825,8.52467697616438,8.55429315996413,52169
2016-03-08,8.55429315996413,8.637284382054512,8.214335883573177,8.237296127230042,50000
2016-03-09,8.237296127230042,8.300980390192747,8.221969608062768,8.244344503809643,56098
2016-03-10,8.244344503809643,8.301449646174369,7.940435824856504,8.027496023436552,50000
2016-03-11,8.027496023436552,8.029087073569105,7.961613558933153,7.99017790990215,57920
2016-03-14,7.99017790990215,8.68828373716955,7.887626800455102,8.627954787627244,50000
2016-03-15,8.627954787627244,8.665736148358263,8.055439709020243,8.145578904534426,50000
2016-03-16,8.145578904534426,8.2285831498643,8.139465858846815,8.177854876454271,108306
2016-03-17,8.177854876454271,8.240959016337932,8.091912131686867,8.093314381209607,50000
2016-03-18,8.093314381209607,8.110834617798227,8.081426707399242,8.101513750216736,50000
2016-03-21,8.101513750216736,8.245244253092318,8.09509684711571,8.14071391896668,85451
2016-03-22,8.14071391896668,8.423182707288145,8.114609282204112,8.396145119578636,50000
2016-03-23,8.396145119578636,8.946122034364944,8.371670440146794,8.922246404203563,62315
2016-03-24,8.922246404203563,8.955299175449161,8.695378353035162,8.71835863484076,50000
2016-03-25,8.71835863484076,8.75051717179187,8.581691927774312,8.649732744822552,71001
2016-03-28,8.649732744822552,8.67378345380336,8.416067690647054,8.449343040785827,101539
2016-03-29,8.449343040785827,8.602897429862844,8.405725004971218,8.548319744206324,50000
2016-03-30,8.548319744206324,8.589205251373896,8.394452205662972,8.45334535288857,50000
2016-03-31,8.45334535288857,8.69814231672852,8.407153460720986,8.670190464668886,50000
2016-04-01,8.670190464668886,8.69867852013449,8.326324137287173,8.343299746872296,50000
2016-04-04,8.343299746872296,8.428786828340591,8.186366770520776,8.210254124861283,60990
2016-04-05,8.210254124861283,8.25587450869551,8.202940758546909,8.2529901601643,123008
2016-04-06,8.2529901601643,8.265641836920814,8.125177250777831,8.177857198595838,50000
2016-04-07,8.177857198595838,8.436365359545107,8.09994312379716,8.432106190371089,50000
2016-04-08,8.432106190371089,8.838321951972837,8.37719923304602,8.779430487952597,68919
2016-04-11,8.779430487952597,8.794627387334847,8.25420520098946,8.301288381231942,50000
2016-04-12,8.301288381231942,8.368225807048658,8.107747573404035,8.136738291932028,50000
2016-04-13,8.136738291932028,8.603118255687527,8.061044790606335,8.499634976807002,50000
2016-04-14,8.499634976807002,8.54050270946309,8.339074324796345,8.377741353821275,50000
2016-04-15,8.377741353821275,8.40441299467062,7.736392486003059,7.802590901086698,50000
2016-04-18,7.802590901086698,8.032477827126838,7.785983761579049,8.02604880037501,50000
2016-04-19,8.02604880037501,8.099930528500865,7.996650137415683,8.056435179959523,50000
2016-04-20,8.056435179959523,8.104890820109697,7.879059250717842,7.920916999053558,64781
2016-04-21,7.920916999053558,7.989796283942313,7.560371658068669,7.642766464205403,50000
2016-04-22,7.642766464205403,7.6754370447608755,7.315871323175562,7.387649783002504,50904
2016-04-25,7.387649783002504,7.485632512817768,7.329051365870889,7.458515607062908,50000
2016-04-26,7.458515607062908,7.647487440836503,7.450141331085121,7.606136274597434,50000
2016-04-27,7.606136274597434,7.653310532219048,7.437078473433006,7.4484550369986815,60237
2016-04-28,7.4484550369986815,7.585470527339663,7.426246742968543,7.5632168019813495,50000
2016-04-29,7.5632168019813495,7.649616033549582,7.547364500560238,7.619460900963269,50000
2016-05-02,7.619460900963269,7.924955046633095,7.59927394208699,7.921648917443205,50000
2016-05-03,7.921648917443205,8.197687681793507,7.9116289255169425,8.177404720375408,72270
2016-05-04,8.177404720375408,8.208323455902592,7.954741636159307,7.991779898582479,50000
2016-05-05,7.991779898582479,8.04642441504855,7.91033206414129,8.021644974270046,50000
2016-05-06,8.021644974270046,8.05496672199582,7.5746517974633845,7.653071068380362,50000
2016-05-09,7.653071068380362,7.669885464542431,7.486519260455771,7.519640758671782,50000
2016-05-10,7.519640758671782,7.529823748929873,7.308490538616398,7.324355126140252,50000
2016-05-11,7.324355126140252,7.410961905811605,7.2985086099311784,7.3572621497422075,50000
2016-05-12,7.3572621497422075,7.414243421983719,7.313063788568755,7.36994434120123,50000
2016-05-13,7.36994434120123,7.980137039187232,7.3246903142046955,7.974770568864078,50000
2016-05-16,7.974770568864078,8.05823561572635,7.665927474354893,7.666678488848523,50000
2016-05-17,7.666678488848523,7.714686341463669,7.5846947765590915,7.642401581095351,50000
2016-05-18,7.642401581095351,7.954674211155321,7.569693241932981,7.900999518866196,50000
2016-05-19,7.900999518866196,8.201293832569684,7.846091778008805,8.187823765512364,104933
2016-05-20,8.187823765512364,8.225311973586898,8.080925797023125,8.093987796992497,177264
2016-05-23,8.093987796992497,8.145743515655587,8.07013960770324,8.0751234023424,50000
2016-05-24,8.0751234023424,8.238226275841317,8.067243573868309,8.166479067424163,68226
2016-05-25,8.166479067424163,8.514726719482397,8.154587100635709,8.507136226816819,50000
2016-05-26,8.507136226816819,8.556693687278747,8.071422002234756,8.141926282362922,50000
2016-05-27,8.141926282362922,8.204537064944821,8.105205721446858,8.147871923434495,63641
2016-05-30,8.147871923434495,8.222683024351616,7.959655503384521,8.004054810112233,50000
2016-05-31,8.004054810112233,8.030762368718921,7.843511931244475,7.865812469939115,50000
2016-06-01,7.865812469939115,8.110751444496431,7.84539218147955,8.059620866627144,50000
2016-06-02,8.059620866627144,8.14167578277756,7.9790346003114205,8.116729298320049,65435
2016-06-03,8.116729298320049,8.182355566909292,7.80207683867696,7.893386454269009,98345
2016-06-06,7.893386454269009,8.155269176269808,7.885852046802506,8.123950766626912,50000
2016-06-07,8.123950766626912,8.164013600712044,7.976437823649945,7.9907589485258015,50000
2016-06-08,7.9907589485258015,7.998875001919372,7.806153876499752,7.8602261068472234,50000
2016-06-09,7.8602261068472234,7.863306350099239,7.733246097939623,7.781381058228143,51454
2016-06-10,7.781381058228143,7.803842589866767,7.498970944850972,7.513557605632494,50000
2016-06-13,7.513557605632494,7.51926710259827,7.338105603132412,7.348641231837095,74592
2016-06-14,7.348641231837095,7.446017000492611,7.323926681543133,7.389609846076177,91671
2016-06-15,7.389609846076177,7.4284548735234885,7.37305362137693,7.403282423329569,50000
2016-06-16,7.403282423329569,7.6146010083429365,7.355282698990645,7.570272778479323,50000
2016-06-17,7.570272778479323,7.735742783614315,7.562839120519483,7.5997303387976665,50000
2016-06-20,7.5997303387976665,7.697621303364776,7.591622668290536,7.659772927386061,74397
2016-06-21,7.659772927386061,7.705711244638857,7.462190069654526,7.487604243768641,53046
2016-06-22,7.487604243768641,8.034854492977578,7.4827430005660664,8.010437195116808,54810
2016-06-23,8.010437195116808,8.39587670906039,7.998757042706175,8.372343829332104,223769
2016-06-24,8.372343829332104,8.376492204209102,8.198746938906552,8.233298867771154,65778
2016-06-27,8.233298867771154,8.289944950995514,7.929792450264457,8.002015790979538,50000
2016-06-28,8.002015790979538,8.04375644907203,7.7142166300624515,7.736203823590304,50000
2016-06-29,7.736203823590304,7.760094511166567,7.722050625391148,7.739309046028355,50000
2016-06-30,7.739309046028355,7.745429299596453,7.2830878564278425,7.351173071043887,50000
2016-07-01,7.351173071043887,7.574818066720936,7.348808334883446,7.552483712841453,50000
2016-07-04,7.552483712841453,7.574174690872153,7.385612395106878,7.427309646341,50000
2016-07-05,7.427309646341,7.719989441675073,7.358393148818817,7.705357233799875,100794
2016-07-06,7.705357233799875,7.742197414193894,7.455859557973094,7.4635865174218585,64303
2016-07-07,7.4635865174218585,7.497325299906176,7.44380058416984,7.4819816225642874,55806
2016-07-08,7.4819816225642874,7.503321916786721,7.379540188332726,7.392829475002039,50000
2016-07-11,7.392829475002039,7.487640127465239,7.368071824105122,7.45447796113842,114107
2016-07-12,7.45447796113842,7.473973621133049,7.116285023495617,7.136641111832684,65702
2016-07-13,7.136641111832684,7.196134934316826,6.580721353097832,6.608079792211628,50000
2016-07-14,6.608079792211628,7.009672795969622,6.599306112255905,6.903511828302244,168978
2016-07-15,6.903511828302244,7.067104592306214,6.898309670799116,7.009681761697,50000
2016-07-18,7.009681761697,7.037212306995421,6.687231902638658,6.725060014489592,50000
2016-07-19,6.725060014489592,6.871469557891845,6.6555930336934415,6.821832039633967,108258
2016-07-20,6.821832039633967,7.140839582735101,6.802288162293345,7.05628691440731,50000
2016-07-21,7.05628691440731,7.078566016730226,6.753204450360953,6.759383414193528,50000
2016-07-22,6.759383414193528,6.844376852871202,6.758991934181162,6.831459115505279,50000
2016-07-25,6.831459115505279,6.874961284138326,6.395565945591813,6.414281118367787,50000
2016-07-26,6.414281118367787,6.433052600855863,6.019937319392008,6.079969959282464,50000
2016-07-27,6.079969959282464,6.492470820958454,6.063725263950952,6.461884655259299,94994
2016-07-28,6.461884655259299,6.570867099670806,6.393715631891768,6.564020649449096,50000
2016-07-29,6.564020649449096,6.691457302788995,6.539401803762488,6.670185049297485,64866
2016-08-01,6.670185049297485,6.672068319382788,6.422418669160675,6.429047101723997,50000
2016-08-02,6.429047101723997,6.469541655151898,6.153591541619298,6.161730621794858,79335
2016-08-03,6.161730621794858,6.265090981405981,6.129596906200767,6.238906948060342,52589
2016-08-04,6.238906948060342,6.241150214869308,5.961090411339085,6.004054599132968,50000
2016-08-05,6.004054599132968,6.2872416465379235,5.959434155986715,6.265466753005964,79084
2016-08-08,6.265466753005964,6.282280105083003,5.9855051412500675,6.010796913125556,50000
2016-08-09,6.010796913125556,6.030338552654308,5.959844403996382,5.9815638053526134,50000
2016-08-10,5.9815638053526134,6.204821955569866,5.958544513625297,6.1966498776446155,50000
2016-08-11,6.1966498776446155,6.442678959644109,6.1656967612779665,6.4094445475259425,50000
2016-08-12,6.4094445475259425,6.60857771074767,6.38222175065403,6.556016256190189,50000
2016-08-15,6.556016256190189,6.57181620665466,6.391843096811084,6.407833720213077,79852
2016-08-16,6.407833720213077,6.470579928948805,6.250823204880003,6.339071638270225,71563
2016-08-17,6.339071638270225,6.478135911571007,6.327428122393291,6.470475484769315,101960
2016-08-18,6.470475484769315,6.519295991057339,6.349527466639346,6.416781859487903,50000
2016-08-19,6.416781859487903,6.451081131438161,6.26517000943295,6.2872879356173685,50000
2016-08-22,6.2872879356173685,6.523023752894643,6.283507189210543,6.414600313777775,50000
2016-08-23,6.414600313777775,6.446498902880471,6.223138743800631,6.282227281124716,50000
2016-08-24,6.282227281124716,6.539666263705732,6.26997149331731,6.481387812366315,50000
2016-08-25,6.481387812366315,6.490877931046347,6.243931087966893,6.271617918582187,50000
2016-08-26,6.271617918582187,6.514779553427907,6.200851332222803,6.4761506312163375,50000
2016-08-29,6.4761506312163375,6.498226117874528,6.129342187565141,6.171054286043494,50000
2016-08-30,6.171054286043494,6.306743604925685,6.140137809544869,6.282689582242572,391585
2016-08-31,6.282689582242572,6.284687987089218,6.0249502700711535,6.069492968813713,137925
2016-09-01,6.069492968813713,6.091924603593734,5.829114637533838,5.874955564210601,50000
2016-09-02,5.874955564210601,5.895956166801919,5.851202797932679,5.861175225109058,50000
2016-09-05,5.861175225109058,6.072959969986807,5.848337409443796,6.055607504433218,71573
2016-09-06,6.055607504433218,6.120564214178544,6.006335382304917,6.117344609006501,79059
2016-09-07,6.117344609006501,6.1268944504981295,5.980218735503839,6.0005762887478244,50000
2016-09-08,6.0005762887478244,6.218004151956036,5.902752331577174,6.203240313683711,50000
2016-09-09,6.203240313683711,6.211345108677505,5.9286836088179165,5.9444007106947545,50000
2016-09-12,5.9444007106947545,6.159001839830415,5.911928945906915,6.107355305549662,65836
2016-09-13,6.107355305549662,6.413741991430391,6.1015693923801955,6.392565489899105,50000
2016-09-14,6.392565489899105,6.4721518409590315,6.208807536949964,6.226339241700465,50000
2016-09-15,6.226339241700465,6.43422377673384,6.214762065462043,6.43343346657901,50000
2016-09-16,6.43343346657901,6.467979396482249,6.143288964643929,6.187669066523539,50000
2016-09-19,6.187669066523539,6.196433128260353,5.909190157578542,5.909228892400425,60322
2016-09-20,5.909228892400425,6.201534094936193,5.829306596745327,6.144347299343791,50000
2016-09-21,6.144347299343791,6.156582482377251,6.0234685572038735,6.057734970274417,119895
2016-09-22,6.057734970274417,6.17895451407612,6.032557812257101,6.176510987948545,50000
2016-09-23,6.176510987948545,6.177413683400685,6.129178701347201,6.135817915788507,50000
2016-09-26,6.135817915788507,6.568118876964182,6.117580931875625,6.506867127570059,50000
2016-09-27,6.506867127570059,7.022825977878349,6.497795950624297,7.017435119665276,93190
2016-09-28,7.017435119665276,7.026203964457968,6.832278774369913,6.886273399628083,89206
2016-09-29,6.886273399628083,7.04243260029308,6.846952312863597,7.018030386225339,50000
2016-09-30,7.018030386225339,7.024283502096513,6.929257082717016,6.94157180739677,50000
2016-10-03,6.94157180739677,6.9874144085906655,6.7354750061656565,6.748242276912113,50000
2016-10-04,6.748242276912113,6.765511257825515,6.586812357389174,6.592955409031341,50000
2016-10-05,6.592955409031341,6.623129588188857,6.347292893898631,6.347554142151987,50000
2016-10-06,6.347554142151987,6.374904358493975,6.005231849612605,6.047349800672808,50000
2016-10-07,6.047349800672808,6.0914485703013375,5.839923742353325,5.860963925755519,58352
2016-10-10,5.860963925755519,5.923360644268466,5.473517084845592,5.489620165781722,50000
2016-10-11,5.489620165781722,5.497562525700828,5.216800656734482,5.2289931944661765,50000
2016-10-12,5.2289931944661765,5.250035950489615,5.178785154239358,5.218536011738391,50000
2016-10-13,5.218536011738391,5.6734971820165025,5.141275378131708,5.663084855456869,50000
2016-10-14,5.663084855456869,5.879699724315838,5.627403853911984,5.86175745819379,50000
2016-10-17,5.86175745819379,5.880449063771775,5.80832585508409,5.817538646625249,59077
2016-10-18,5.817538646625249,5.84821693954035,5.759486044980711,5.775904557336688,106673
2016-10-19,5.775904557336688,6.122359012973768,5.775391940748281,6.12043500537497,50000
2016-10-20,6.12043500537497,6.365165018669352,6.072033004347305,6.348620512155079,50000
2016-10-21,6.348620512155079,6.627776455782561,6.335075692814484,6.595853273784501,50000
2016-10-24,6.595853273784501,6.659734843745891,6.513395251267338,6.583510817778064,55213
2016-10-25,6.583510817778064,6.754056903429036,6.561704105854535,6.74309986506396,50000
2016-10-26,6.74309986506396,6.7944785770518745,6.512515904007044,6.525659485849368,65775
2016-10-27,6.525659485849368,6.822417679141821,6.5185266066006395,6.801005949623111,79819
2016-10-28,6.801005949623111,6.822405609830694,6.761627696652997,6.772149468533832,50000
2016-10-31,6.772149468533832,6.812662068025527,6.713362067394431,6.770186834874944,70827
2016-11-01,6.770186834874944,6.776557911899813,6.25409288218212,6.268578570540597,63995
2016-11-02,6.268578570540597,6.318792962114822,5.94643749151422,6.005661316948836,60129
2016-11-03,6.005661316948836,6.143571537600547,5.902457124644482,6.128329623036148,63668
2016-11-04,6.128329623036148,6.351717988309391,6.116609508299373,6.349230003852702,50000
2016-11-07,6.349230003852702,7.021070032002548,6.300282085859694,7.001983392436499,54359
2016-11-08,7.001983392436499,7.042389473153073,6.371422603159541,6.454896611852259,50000
2016-11-09,6.454896611852259,6.600400866791407,6.399033407730179,6.583367396210656,68680
2016-11-10,6.583367396210656,6.7344250066563065,6.573257656375193,6.677232329503714,50000
2016-11-11,6.677232329503714,6.6817357405318045,6.399671718574166,6.400630231623452,67943
2016-11-14,6.400630231623452,6.544058768194964,6.348675076609802,6.542456219352732,50000
2016-11-15,6.542456219352732,6.842071886923016,6.493169947990709,6.841511905482683,69544
2016-11-16,6.841511905482683,6.863663423830578,6.411987523199789,6.414285351492311,50000
2016-11-17,6.414285351492311,6.481248057746349,6.3058009081302036,6.337135958302531,50000
2016-11-18,6.337135958302531,6.383933158308453,6.308944635524131,6.311385982250797,50000
2016-11-21,6.311385982250797,6.313721555516685,6.2689061677904165,6.296190678721275,50000
2016-11-22,6.296190678721275,6.330197725839987,6.138845064914639,6.143889404072832,50000
2016-11-23,6.143889404072832,6.146823142271929,5.8255854112200725,5.836112072188267,50000
2016-11-24,5.836112072188267,5.91382097006384,5.833393771212191,5.9112355457312855,197728
2016-11-25,5.9112355457312855,5.93870505943149,5.6632241860043875,5.676776797556317,164795
2016-11-28,5.676776797556317,6.13472194654768,5.652932027103386,6.050565206779266,71822
2016-11-29,6.050565206779266,6.367432125241671,6.012177827674992,6.321312450576349,50000
2016-11-30,6.321312450576349,6.357762082919991,6.090198192867272,6.097173557248662,50000
2016-12-01,6.097173557248662,6.415101217251368,6.052220778874289,6.357305521195605,50000
2016-12-02,6.357305521195605,6.429416596026478,6.094185161184313,6.112509996218954,70169
2016-12-05,6.112509996218954,6.289108612893285,6.068452468658857,6.177857207817075,50000
2016-12-06,6.177857207817075,6.222265846021351,5.96037315846232,5.998871386994927,50000
2016-12-07,5.998871386994927,6.022406800486555,5.883209195364091,5.916190647748745,50000
2016-12-08,5.916190647748745,6.1733679856787305,5.8943037213745555,6.148982775558461,137811
2016-12-09,6.148982775558461,6.180320968815963,5.838589463392926,5.922408483877789,114255
2016-12-12,5.922408483877789,5.932947920459393,5.499605078877509,5.512157007372694,112909
2016-12-13,5.512157007372694,5.799418440622683,5.466079380041463,5.799028180317486,50000
2016-12-14,5.799028180317486,5.975041778929099,5.755350361060193,5.937130816476592,75151
2016-12-15,5.937130816476592,5.982417537329591,5.898107509920453,5.975323013965961,50000
2016-12-16,5.975323013965961,6.123083960538804,5.94966026815345,6.1092703337969585,50000
2016-12-19,6.1092703337969585,6.268179258108384,6.107340049740361,6.263430476782144,50000
2016-12-20,6.263430476782144,6.6874893643227304,6.253387688925633,6.683418705865392,63445
2016-12-21,6.683418705865392,6.902088902844513,6.66661598090864,6.901595806647457,57868
2016-12-22,6.901595806647457,6.928973715041295,6.516404783912536,6.60264498016645,50000
2016-12-23,6.60264498016645,6.640010051751503,6.0117118321756156,6.055036398384341,50000
2016-12-26,6.055036398384341,6.234061800073005,6.018389100627964,6.198564323152248,50000
2016-12-27,6.198564323152248,6.683747717582875,6.14077792251605,6.624378977684363,50000
2016-12-28,6.624378977684363,6.625979078865979,6.501452352532359,6.503072702809511,50000
2016-12-29,6.503072702809511,6.523971623361677,6.418639489565718,6.442750235264963,51424
2016-12-30,6.442750235264963,6.493311693648893,6.172831542186773,6.269014631124623,50000
2017-01-02,6.269014631124623,6.66072105464692,6.240856386219133,6.658428958773337,50000
2017-01-03,6.658428958773337,7.151038375947477,6.591404928208658,7.103134682254204,50000
2017-01-04,7.103134682254204,7.2654849794592415,7.045965172421115,7.221581629121618,529219
2017-01-05,7.221581629121618,7.325153048265505,7.181719918356337,7.322916833900685,72642
2017-01-06,7.322916833900685,7.5839934154221105,7.277624723619861,7.536014818032591,50000
2017-01-09,7.536014818032591,7.540864393045947,7.501677686898749,7.521580948988579,50000
2017-01-10,7.521580948988579,7.522978694857226,7.0803422138885965,7.1203708426476675,50000
2017-01-11,7.1203708426476675,7.163181078443324,7.099246335708867,7.160492756777719,96418
2017-01-12,7.160492756777719,7.217509614271479,6.986571396248526,7.079056087795357,50000
2017-01-13,7.079056087795357,7.179020763405428,7.070952484334654,7.168723344642963,62015
2017-01-16,7.168723344642963,7.246626583335405,6.994126521420487,6.9942967930374635,50000
2017-01-17,6.9942967930374635,7.006488336393087,6.861828916823017,6.869694509708899,50000
2017-01-18,6.869694509708899,7.131726005039001,6.846042869360774,7.0771574392540515,50000
2017-01-19,7.0771574392540515,7.121273816473767,6.634438416825085,6.660209111703358,50000
2017-01-20,6.660209111703358,6.704393666206822,6.32653072368962,6.3492112236462495,50000
2017-01-23,6.3492112236462495,6.359005630637683,6.224532001275814,6.2355108135999995,50000
2017-01-24,6.2355108135999995,6.510093874402308,6.158067831997232,6.488106489492746,50000
2017-01-25,6.488106489492746,6.530032057113616,6.082269456412776,6.128247390085291,50000
2017-01-26,6.128247390085291,6.1612309835264005,5.871280568153577,5.892904672100283,68356
2017-01-27,5.892904672100283,5.963634477331057,5.510861636361358,5.548253538673389,50000
2017-01-30,5.548253538673389,5.549481710228841,5.438897189127461,5.47924867126077,67501
2017-01-31,5.47924867126077,5.497557249299374,5.07493016991624,5.090707907567229,52324
2017-02-01,5.090707907567229,5.094086146677629,5.039672543174441,5.04137854455683,50000
2017-02-02,5.04137854455683,5.44929086905214,5.000046725302807,5.380055121436165,50000
2017-02-03,5.380055121436165,5.481316532036508,5.318554574107128,5.4536636492778285,50000
2017-02-06,5.4536636492778285,5.486810483816983,5.434654675201965,5.464991300603208,50000
2017-02-07,5.464991300603208,5.575028194312994,5.415277824011155,5.559631883395797,50000
2017-02-08,5.559631883395797,5.6707386326485425,5.528356964708018,5.615737769216368,50000
2017-02-09,5.615737769216368,5.640102324123882,5.560424940481031,5.576306154298464,134555
2017-02-10,5.576306154298464,5.8106919515649675,5.56157342205786,5.782466689374158,50000
2017-02-13,5.782466689374158,5.801818597283012,5.661762119623241,5.738888772417096,50000
2017-02-14,5.738888772417096,5.888867306595761,5.724835426311345,5.861388097545665,50000
2017-02-15,5.861388097545665,5.896388954395189,5.848343355473742,5.877160588477952,50000
2017-02-16,5.877160588477952,5.905842090989075,5.640749046845288,5.662886764659214,54281
2017-02-17,5.662886764659214,5.71884452908609,5.638914019530269,5.644761630987792,50000
2017-02-20,5.644761630987792,5.648603899897286,5.4542886632495495,5.459516998524445,50000
2017-02-21,5.459516998524445,5.884267197267827,5.457887801807094,5.839740594562127,50000
2017-02-22,5.839740594562127,6.0383202972090455,5.7844073915944785,6.021676700219913,64189
2017-02-23,6.021676700219913,6.579495717781962,5.993880822970085,6.570610067075931,66021
2017-02-24,6.570610067075931,6.754986861903043,6.513924326947665,6.751963981389911,50000
2017-02-27,6.751963981389911,6.933702481501344,6.709317101673322,6.90744172125797,50000
2017-02-28,6.90744172125797,6.933475961670436,6.8381016659669545,6.867679296545453,50000
2017-03-01,6.867679296545453,6.8917777450988,6.855439445817127,6.8615801190311405,50000
2017-03-02,6.8615801190311405,7.097324118858946,6.793206149299922,7.06540972384657,54387
2017-03-03,7.06540972384657,7.472708130089435,7.050624973481073,7.422540093887421,50000
2017-03-06,7.422540093887421,7.4738054631328135,7.290317745380726,7.297610598412858,62328
2017-03-07,7.297610598412858,7.315005113825691,7.236835047286965,7.2511799660963785,50000
2017-03-08,7.2511799660963785,7.326368263187953,6.687037735157884,6.695970415074906,50000
2017-03-09,6.695970415074906,6.7256774750041926,6.596146317150435,6.630948966084262,50000
2017-03-10,6.630948966084262,6.687088293155016,6.366991575861621,6.414353109669744,56188
2017-03-13,6.414353109669744,6.6851991323246684,6.409481325828475,6.615421496606092,201698
2017-03-14,6.615421496606092,6.708598821488039,6.612239236075463,6.673981773153924,56428
2017-03-15,6.673981773153924,6.748074679781296,6.650152251803162,6.669685350722713,50000
2017-03-16,6.669685350722713,6.685386659959071,6.482099571170252,6.49929991907267,50000
2017-03-17,6.49929991907267,6.873748030907953,6.457916799604258,6.85644894624379,98236
2017-03-20,6.85644894624379,7.278425804676099,6.817447824437998,7.2394557492328895,50000
2017-03-21,7.2394557492328895,7.291883391108795,7.216398884128165,7.257063184302275,50000
2017-03-22,7.257063184302275,7.350665636845664,7.068147088347474,7.100598872475158,50000
2017-03-23,7.100598872475158,7.110664394846881,6.6577894284871455,6.688370745119542,113711
2017-03-24,6.688370745119542,6.8137493535535425,6.612770871044433,6.670544150687515,50000
2017-03-27,6.670544150687515,6.685889260578482,6.361193338442229,6.408058851624881,50000
2017-03-28,6.408058851624881,6.53192603167941,6.373497090817805,6.516440148316229,50000
2017-03-29,6.516440148316229,6.549077795605602,6.212127062218068,6.226074568103844,50000
2017-03-30,6.226074568103844,6.331768737445174,6.185454948172627,6.314586916403967,50000
2017-03-31,6.314586916403967,6.49775935897999,6.287403087063654,6.415188498878178,50000
2017-04-03,6.415188498878178,6.462543306049591,6.306738916186405,6.307785107330225,52795
2017-04-04,6.307785107330225,6.345625729290482,6.045409509053304,6.079213149376826,50000
2017-04-05,6.079213149376826,6.128921090653845,5.707466756602187,5.7272935559014035,105145
2017-04-06,5.7272935559014035,5.9215562231128,5.698044632766844,5.911048557468353,58198
2017-04-07,5.911048557468353,5.923184092498476,5.64439443947543,5.683680252102326,75280
2017-04-10,5.683680252102326,5.74062400553395,5.545354067894014,5.572992962959545,87036
2017-04-11,5.572992962959545,5.5897234208907784,5.4963000208240045,5.529331294809296,50000
2017-04-12,5.529331294809296,5.655341408124916,5.518168649836306,5.641369767970472,50000
2017-04-13,5.641369767970472,5.704332136597825,5.411498870094478,5.431442626534705,50000
2017-04-14,5.431442626534705,5.56746352956035,5.381142513134189,5.528631306255642,50000
2017-04-17,5.528631306255642,5.676513560881921,5.464179012674671,5.655232241318443,65555
2017-04-18,5.655232241318443,5.672302653372845,5.630258248591142,5.646889368088393,50000
2017-04-19,5.646889368088393,5.651475551436604,5.616505014148717,5.635981967255706,50000
2017-04-20,5.635981967255706,5.967274633031474,5.597661454919545,5.951459619379277,107124
2017-04-21,5.951459619379277,5.965974361921712,5.053319872430252,5.08961998294696,50000
2017-04-24,5.08961998294696,5.11558581026952,4.933117932054459,4.958689957940052,50000
2017-04-25,4.958689957940052,5.176939589026918,4.958392907496654,5.136928385053737,68381
2017-04-26,5.136928385053737,5.177098463336472,5.027905315129975,5.0304555213477835,50000
2017-04-27,5.0304555213477835,5.174575746641966,5.0276251375078775,5.147498660573997,50000
2017-04-28,5.147498660573997,5.193244581209244,5.061965179105521,5.0826603933571155,236042
2017-05-01,5.0826603933571155,5.42236795218612,5.0634614038256895,5.402971494074679,96158
2017-05-02,5.402971494074679,5.684381990425105,5.350587493826703,5.6697709945148675,57194
2017-05-03,5.6697709945148675,5.711106852245776,5.107440147578968,5.1345999770433295,54923
2017-05-04,5.1345999770433295,5.3818499240982725,5.107215357131855,5.343266912211411,53660
2017-05-05,5.343266912211411,5.382737655832587,4.822435319357112,4.827727944191153,110956
2017-05-08,4.827727944191153,4.888505025793537,4.435544063946392,4.468325278969648,50000
2017-05-09,4.468325278969648,4.850412854109856,4.4513155022852064,4.811016782959709,50000
2017-05-10,4.811016782959709,4.8275029649575245,4.51045632705068,4.519575271115909,50000
2017-05-11,4.519575271115909,4.644138829591898,4.4896034905178555,4.630359564009823,50000
2017-05-12,4.630359564009823,4.651624448697766,4.46915494765423,4.494406358783018,50000
2017-05-15,4.494406358783018,4.665044267040216,4.404390456539757,4.664067770426212,117471
2017-05-16,4.664067770426212,4.6699602709740775,4.430251955745566,4.435639135354321,50000
2017-05-17,4.435639135354321,4.553695954075179,4.433047963560323,4.542256266506166,50000
2017-05-18,4.542256266506166,4.568266724530705,4.35275492030795,4.390463852800357,50000
2017-05-19,4.390463852800357,4.418469893107735,4.304593050379315,4.311768296506178,50000
2017-05-22,4.311768296506178,4.3552724479144915,4.151195585043035,4.161155617002628,50642
2017-05-23,4.161155617002628,4.179634200779299,3.884724623938316,3.9055962232542405,50000
2017-05-24,3.9055962232542405,4.0336642946771795,3.8864707430134264,4.033625388806889,97147
2017-05-25,4.033625388806889,4.067471707884189,3.9901920309300953,4.043052851839524,50000
2017-05-26,4.043052851839524,4.068354180240733,3.640996987333401,3.6453331559222084,50000
2017-05-29,3.6453331559222084,3.672671541195579,3.3337858219356766,3.3434455702486297,50000
2017-05-30,3.3434455702486297,3.385458991193643,3.1755927733407425,3.2212776265611835,66601
2017-05-31,3.2212776265611835,3.5216797517566105,3.181270732113056,3.493301743387935,61994
2017-06-01,3.493301743387935,3.499374192620766,3.135545651441071,3.146136004982413,52748
2017-06-02,3.146136004982413,3.2896751469186043,3.1410959038341804,3.2864622177753513,50000
2017-06-05,3.2864622177753513,3.537772847020336,3.281394155150955,3.50142653291539,50000
2017-06-06,3.50142653291539,3.503099796749009,3.260321962906307,3.279088207363675,66474
2017-06-07,3.279088207363675,3.3034820102115576,3.1158434548302303,3.1350960877872778,50000
2017-06-08,3.1350960877872778,3.1360525960954653,3.0127545580318547,3.037127168560991,50000
2017-06-09,3.037127168560991,3.0395441493468214,2.821851792957279,2.825169563878748,50000
2017-06-12,2.825169563878748,2.836459557539454,2.7715601327692765,2.7715817156506226,78944
2017-06-13,2.7715817156506226,2.7840250436768934,2.7417993788858706,2.7811739751956623,50000
2017-06-14,2.7811739751956623,2.8004600405411013,2.2767961660072134,2.278422820230541,81989
2017-06-15,2.278422820230541,2.281054745309974,2.210303245152727,2.2171913003703794,50000
2017-06-16,2.2171913003703794,2.2182240503151682,1.8419688471725986,1.8426576055205428,58342
2017-06-19,1.8426576055205428,1.9109587066167995,1.840926000725444,1.9102545054554692,107907
2017-06-20,1.9102545054554692,1.9249604292700508,1.7612745772951348,1.763656998163536,50000
2017-06-21,1.763656998163536,1.957126769486398,1.7511997240662907,1.956700635853089,50000
2017-06-22,1.956700635853089,1.960962772353497,1.9473938358355465,1.955336375512201,50000
2017-06-23,1.955336375512201,2.2188684801826577,1.9462988741435199,2.20956378708384,50000
2017-06-26,2.20956378708384,2.5829820969680495,2.197663213741631,2.56005889307869,50000
2017-06-27,2.56005889307869,2.5637351486278286,2.3382445887501784,2.3476182707158277,74459
2017-06-28,2.3476182707158277,2.3490302794238214,2.20939378743134,2.210981259410788,50000
2017-06-29,2.210981259410788,2.228538835907448,2.0603849592971435,2.064669987125809,50000
2017-06-30,2.064669987125809,2.1738478203074005,2.0596084983358667,2.1713142542404262,72512
2017-07-03,2.1713142542404262,2.6161609429796093,2.1620280282961923,2.601674961407589,67153
2017-07-04,2.601674961407589,2.6140976588496647,2.3632036756081383,2.377604909345095,50638
2017-07-05,2.377604909345095,2.6463060376855885,2.370547074281581,2.6387664846089303,90970
2017-07-06,2.6387664846089303,2.8508950988004376,2.626500751995511,2.815378716608032,50000
2017-07-07,2.815378716608032,3.055444175354136,2.7841491641302625,3.048159231824643,50000
2017-07-10,3.048159231824643,3.137337789427072,3.040662803868893,3.12640972598073,76652
2017-07-11,3.12640972598073,3.1274177838535735,2.63771583161702,2.637891404912189,50000
2017-07-12,2.637891404912189,2.6614926401753034,2.5031860170474984,2.5308095837632867,50000
2017-07-13,2.5308095837632867,2.6072966273138705,2.527793882495039,2.5849099983770087,50000
2017-07-14,2.5849099983770087,2.986314271850361,2.5831477371439466,2.984755397712012,50000
2017-07-17,2.984755397712012,2.991789687374377,2.75372081525634,2.7557134622463426,67629
2017-07-18,2.7557134622463426,2.7613119790126714,2.536923796246616,2.5526535698311394,50000
2017-07-19,2.5526535698311394,2.607133025970126,2.54825264291341,2.6027997060675525,50000
2017-07-20,2.6027997060675525,2.9827362571798504,2.596450419658765,2.9549708366028287,50000
2017-07-21,2.9549708366028287,2.993236657048444,2.9542244710977053,2.974713293306525,50000
2017-07-24,2.974713293306525,3.0033308150556186,2.9510732135215276,2.997163880103856,51090
2017-07-25,2.997163880103856,3.07105578558046,2.99627489805287,3.066636428564245,65685
2017-07-26,3.066636428564245,3.728784721767459,3.0628345640712173,3.7153464072771447,50000
2017-07-27,3.7153464072771447,3.7266216800683423,3.6626734574412705,3.671749758361285,50000
2017-07-28,3.671749758361285,4.031723941626208,3.6234624810546676,4.0155663675416315,76838
2017-07-31,4.0155663675416315,4.023163891906445,3.4607519262811812,3.466073511978612,62513
2017-08-01,3.466073511978612,3.6036437086858717,3.448542362394075,3.5928298999338684,50000
2017-08-02,3.5928298999338684,3.779523782525638,3.5386100576193154,3.7602471181377934,50000
2017-08-03,3.7602471181377934,4.147269913697135,3.725946569937533,4.117917260231892,100657
2017-08-04,4.117917260231892,4.127565496887888,4.01407675047107,4.095472082323163,86764
2017-08-07,4.095472082323163,4.206953472669419,4.082704666860507,4.188317445115592,50000
2017-08-08,4.188317445115592,4.438225058803612,4.151003078281354,4.4140566352038775,50000
2017-08-09,4.4140566352038775,4.578515290451841,4.381973315291829,4.510570103075817,50000
2017-08-10,4.510570103075817,4.753507926506644,4.510155282444416,4.687842815799582,50000
2017-08-11,4.687842815799582,4.734629090614821,4.476902092918918,4.504090184028257,93606
2017-08-14,4.504090184028257,4.848838925111634,4.482760705173995,4.80991307799449,50000
2017-08-15,4.80991307799449,4.842956962950369,4.700554079859296,4.717701184004987,52432
2017-08-16,4.717701184004987,4.754872790002779,4.564028909849283,4.593830111708044,52588
2017-08-17,4.593830111708044,4.6091255280487635,4.039906880112099,4.056978595566096,68802
2017-08-18,4.056978595566096,4.335460703640366,4.021891875435874,4.3001958560194895,50000
2017-08-21,4.3001958560194895,4.305867546153236,4.089131282266315,4.137588596290978,50000
2017-08-22,4.137588596290978,4.370166477007017,4.121914723900375,4.365666507855894,50000
2017-08-23,4.365666507855894,4.387539956597901,4.342643247452191,4.362975367497134,75630
2017-08-24,4.362975367497134,4.375792358698787,4.08162444901394,4.106401901527413,50000
2017-08-25,4.106401901527413,4.2903733869860305,4.092117045259294,4.255558980320906,50000
2017-08-28,4.255558980320906,4.561045517217275,4.250018991608481,4.553704275258339,50000
2017-08-29,4.553704275258339,4.556388510469037,4.381170167091307,4.409586696194196,158986
2017-08-30,4.409586696194196,4.570506573709379,4.3592643950780205,4.547193163518148,50000
2017-08-31,4.547193163518148,4.797043947455431,4.520558009884303,4.779786602059702,50000
2017-09-01,4.779786602059702,4.806173323377556,4.633526072469903,4.6385934117740675,50000
2017-09-04,4.6385934117740675,4.6620621407876515,4.384622576427441,4.40551533709383,50000
2017-09-05,4.40551533709383,4.556793718095067,4.394297780378752,4.490421391882077,70357
2017-09-06,4.490421391882077,4.502250250900034,4.380563791574369,4.403043048794588,50000
2017-09-07,4.403043048794588,4.463377402569696,4.1269839344094255,4.141430942809114,57478
2017-09-08,4.141430942809114,4.240719253440372,4.12029698688129,4.227470153128907,50000
2017-09-11,4.227470153128907,4.296989546318507,4.225972935717523,4.289522139785413,50000
2017-09-12,4.289522139785413,4.40818171836686,4.287265376789607,4.381507327135705,60447
2017-09-13,4.381507327135705,4.865858355934099,4.371248706265302,4.829173776584957,97350
2017-09-14,4.829173776584957,5.01958936468381,4.7954468861556,5.0044740821009706,50000
2017-09-15,5.0044740821009706,5.018127548904783,4.6534868324863154,4.659805497484081,50000
2017-09-18,4.659805497484081,4.725347640111317,4.6211973615047715,4.687975559838808,59955
2017-09-19,4.687975559838808,4.955912316416039,4.6627380238790215,4.936974306091561,50000
2017-09-20,4.936974306091561,4.939520048502479,4.811437659206362,4.814755730594148,50000
2017-09-21,4.814755730594148,4.8778199261453095,4.780372845184398,4.870586435358305,135242
2017-09-22,4.870586435358305,4.901351557345732,4.82989443202287,4.864150815965877,50000
2017-09-25,4.864150815965877,4.871678874552939,4.739161534812084,4.742305378011604,50000
2017-09-26,4.742305378011604,4.767268073237435,4.554369364378749,4.566583745677849,50000
2017-09-27,4.566583745677849,4.566973090445208,4.502320939004601,4.541528115751968,57097
2017-09-28,4.541528115751968,4.567640201188379,4.410071609952777,4.428589416706175,50000
2017-09-29,4.428589416706175,4.440489385306908,4.2278128447833625,4.274576747653596,50000
2017-10-02,4.274576747653596,4.528146840129633,4.237620036597459,4.508412349136543,50000
2017-10-03,4.508412349136543,4.513603600620522,4.481489492740887,4.49459988731805,50000
2017-10-04,4.49459988731805,4.527160458849163,4.292698281147038,4.293002717494084,79133
2017-10-05,4.293002717494084,4.2944297379882395,3.8678144158723096,3.8860550704799937,50000
2017-10-06,3.8860550704799937,3.887877449175963,3.4676865431725394,3.4848940285099577,50000
2017-10-09,3.4848940285099577,3.575280019692176,3.482738825439403,3.5730209468553333,50000
2017-10-10,3.5730209468553333,3.5809215280421083,2.967573457659594,2.9723880753325935,50000
2017-10-11,2.9723880753325935,3.5371296294495544,2.9569346020747287,3.5167587939914475,50000
2017-10-12,3.5167587939914475,3.5550965841345756,3.5089015419314094,3.5501123145922002,90924
2017-10-13,3.5501123145922002,3.8215003471445725,3.541951604454162,3.7952916237367957,50000
2017-10-16,3.7952916237367957,3.8069770908294127,3.7910642609420817,3.7957196109125966,50000
2017-10-17,3.7957196109125966,3.9436112432580757,3.7934955960152132,3.94273818966351,50000
2017-10-18,3.94273818966351,3.944897375276268,3.544931022185213,3.5617832448159588,50000
2017-10-19,3.5617832448159588,3.5981477957875208,3.531577173228215,3.587962798582948,50000
2017-10-20,3.587962798582948,3.7737309747647916,3.545394722544889,3.7467027374274586,50000
2017-10-23,3.7467027374274586,3.8711881456721007,3.7375222280048757,3.866473670154691,50000
2017-10-24,3.866473670154691,4.279225776189469,3.8251328801963664,4.275554624356093,60597
2017-10-25,4.275554624356093,4.282183105660965,4.218217915413011,4.22247088782409,50000
2017-10-26,4.22247088782409,4.227307293432149,3.8794761733258083,3.8821937706640144,127674
2017-10-27,3.8821937706640144,4.260323625918243,3.8709846713814957,4.252911827675803,50000
2017-10-30,4.252911827675803,4.402678076200741,4.2371254038695545,4.384589767124926,50000
2017-10-31,4.384589767124926,4.817038508854212,4.361743543271894,4.793439168192466,50000
2017-11-01,4.793439168192466,4.836059781451215,4.660617533744747,4.674124747714791,81092
2017-11-02,4.674124747714791,4.68366449575543,4.469528906729166,4.489980391220399,50000
2017-11-03,4.489980391220399,4.5302326156528485,4.25508290708672,4.276600786210233,50000
2017-11-06,4.276600786210233,4.2824803148144115,4.197487441117135,4.2075117274453575,50000
2017-11-07,4.2075117274453575,4.225611131468745,4.108297948056613,4.1120224702915955,83663
2017-11-08,4.1120224702915955,4.127438453562517,4.006401220162294,4.0253890626238675,57950
2017-11-09,4.0253890626238675,4.0287917748146596,3.8540328470640497,3.85865665716629,50000
2017-11-10,3.85865665716629,4.225062353895516,3.8473970256137267,4.224701294174083,50000
2017-11-13,4.224701294174083,4.250179425932212,3.75475888871635,3.768017995925969,50000
2017-11-14,3.768017995925969,3.825028213665681,3.739465286877636,3.7657532489736356,59015
2017-11-15,3.7657532489736356,3.981465533521047,3.759188202011443,3.9684207342573803,119634
2017-11-16,3.9684207342573803,3.9826415977067104,3.6621991832745553,3.6668655991430006,50000
2017-11-17,3.6668655991430006,3.6727689555582637,3.591272429271351,3.5932078737023314,50000
2017-11-20,3.5932078737023314,3.6181207342502093,3.48956207085956,3.49570555094121,50000
2017-11-21,3.49570555094121,3.512910232337055,3.172971541843377,3.2014913141558754,50000
2017-11-22,3.2014913141558754,3.22182159265858,3.0716479771628804,3.107027996867528,50000
2017-11-23,3.107027996867528,3.121152695971008,2.7433049145945,2.746555204616513,107087
2017-11-24,2.746555204616513,2.760697505669195,2.5624172435244006,2.5680880493720624,50000
2017-11-27,2.5680880493720624,3.0185630642854355,2.5559183162657475,3.000115680604689,71936
2017-11-28,3.000115680604689,3.0348821511475372,2.9717858080041677,3.0112558368258178,165859
2017-11-29,3.0112558368258178,3.142168468980891,3.004166270002089,3.12335907451238,54564
2017-11-30,3.12335907451238,3.1317602516183367,3.0738768159133576,3.083996351791,50000
2017-12-01,3.083996351791,3.096622699804984,2.8619855691921545,2.881615641980048,99678
2017-12-04,2.881615641980048,2.9975506138359203,2.872455855981536,2.9887834902742885,50000
2017-12-05,2.9887834902742885,3.3494073600415177,2.9611897528424485,3.3469380977213996,50000
2017-12-06,3.3469380977213996,3.712673569868697,3.3346744183680013,3.7085751352494625,50000
2017-12-07,3.7085751352494625,3.723148061005976,3.5550348245306465,3.567687109242579,65650
2017-12-08,3.567687109242579,3.5756043873318166,3.4689936252715863,3.487600414965086,69531
2017-12-11,3.487600414965086,3.502155624773789,3.1783233882633404,3.1968730261681144,134890
2017-12-12,3.1968730261681144,3.234777937450773,2.6866238714763697,2.6915359098498577,97355
2017-12-13,2.6915359098498577,2.6993856561166245,2.610441835145965,2.6409641788458007,50000
2017-12-14,2.6409641788458007,2.6556073365747617,2.495966903251001,2.515485215368506,50000
2017-12-15,2.515485215368506,2.5273502339503637,2.3652969096248126,2.366085682462817,50000
2017-12-18,2.366085682462817,2.368337008451297,2.1563077748691653,2.1789132952940244,50000
2017-12-19,2.1789132952940244,2.2010384536042014,1.728481772626831,1.7326210452137085,53776
2017-12-20,1.7326210452137085,1.7366800726130693,1.1498191403108857,1.1543593909270642,56900
2017-12-21,1.1543593909270642,1.3204507082128767,1.149733079853053,1.311159857757947,50000
2017-12-22,1.311159857757947,1.312348148793341,1.04515477661081,1.0520995282346675,50000
2017-12-25,1.0520995282346675,1.1501809938087393,1.0474533969078146,1.1408392360219919,50000
2017-12-26,1.1408392360219919,1.1476749898084118,1.0742120069931798,1.0755179701485926,50000
2017-12-27,1.0755179701485926,1.0798425603019293,0.9860782659854752,0.9934332430345649,50000
2017-12-28,0.9934332430345649,1.1773966179116797,0.9901584627029132,1.1740126500506487,50000
2017-12-29,1.1740126500506487,1.437686622057201,1.1679904014342797,1.4359900593480532,50000
2018-01-01,1.4359900593480532,1.4386519115578278,1.344498363795232,1.3516163868344695,50000
2018-01-02,1.3516163868344695,1.4143775068056001,1.3499422423176213,1.4135077599028545,50000
2018-01-03,1.4135077599028545,1.421548048258873,1.2306455975115362,1.246990988719948,57807
2018-01-04,1.246990988719948,1.2686021752204026,1.2418072676451979,1.2669445859930446,50000
2018-01-05,1.2669445859930446,1.573189378845577,1.2644203783156653,1.5677390031226857,50000
2018-01-08,1.5677390031226857,1.831894063531594,1.5601981949721246,1.8305541401562282,50000
2018-01-09,1.8305541401562282,2.13460922785207,1.8254753862801019,2.1207344130511205,50000
2018-01-10,2.1207344130511205,2.414751021470407,2.1068371062005147,2.40080245982294,50000
2018-01-11,2.40080245982294,2.7010388598888078,2.3925274974570803,2.6917067143291113,50000
2018-01-12,2.6917067143291113,3.0224729261645633,2.6854607211164634,3.010198479956364,50000
2018-01-15,3.010198479956364,3.2598990207598453,3.002990064668967,3.2504923153557206,50000
2018-01-16,3.2504923153557206,3.2589093807903793,2.772828156588105,2.7817654316757787,58930
2018-01-17,2.7817654316757787,2.801364279634463,2.7337474638733785,2.7419581388585668,50000
2018-01-18,2.7419581388585668,3.0903307886656917,2.726358953457975,3.0702136803299727,50000
2018-01-19,3.0702136803299727,3.6406547393958455,3.061874989131155,3.5910431944017387,65350
2018-01-22,3.5910431944017387,3.610295031285354,2.688884593285985,2.7097606512566093,51569
2018-01-23,2.7097606512566093,2.734896550472099,2.6427610041620055,2.6577520889806343,50000
2018-01-24,2.6577520889806343,2.893954884900811,2.6412206797744893,2.8785523163826365,50000
2018-01-25,2.8785523163826365,2.8963216713198845,2.7405566166114324,2.743853683437892,71235
2018-01-26,2.743853683437892,2.7498632547042896,2.6244649090661767,2.6465663496528107,50000
2018-01-29,2.6465663496528107,2.800676610581325,2.642140539523832,2.7698165925846046,50000
2018-01-30,2.7698165925846046,2.7820601436747956,2.2921725220553806,2.3026494289202346,92787
2018-01-31,2.3026494289202346,2.3214881004462553,1.9860948024117915,1.9981910830967935,54079
2018-02-01,1.9981910830967935,2.1988836316458586,1.9920282283088473,2.1883442520134366,50000
2018-02-02,2.1883442520134366,2.432435544789965,2.165584654926613,2.4035525832888514,66602
2018-02-05,2.4035525832888514,2.720602192120039,2.402198383639027,2.718566969003824,50000
2018-02-06,2.718566969003824,2.8801321751375704,2.707313919399967,2.8449013022738487,50000
2018-02-07,2.8449013022738487,2.9790599844804087,2.8397164403903066,2.9671604177101036,50000
2018-02-08,2.9671604177101036,3.185260107984361,2.9635158045623324,3.179961677476559,93382
2018-02-09,3.179961677476559,3.1947987582189157,2.9713892887202737,2.9744604729646094,50000
2018-02-12,2.9744604729646094,2.9826921882095094,2.9018891479478066,2.9021357651125435,50000
2018-02-13,2.9021357651125435,3.07231790144986,2.870199293623373,3.0640943442953494,50000
2018-02-14,3.0640943442953494,3.0703702791964065,2.8527099093079813,2.8742034569380546,73779
2018-02-15,2.8742034569380546,3.0567237187387764,2.8472312443579115,3.0449895751555163,50000
2018-02-16,3.0449895751555163,3.6305374499298333,3.02363892439293,3.5953807915885787,50000
2018-02-19,3.5953807915885787,3.6275351539995153,3.5404457178519895,3.564136577420333,50000
2018-02-20,3.564136577420333,3.595573037916208,3.1346262271706284,3.159253883377109,90693
2018-02-21,3.159253883377109,3.294209778002161,3.151513017735563,3.281415535221576,50000
2018-02-22,3.281415535221576,3.3230563154564345,3.1890082247631315,3.197299306049558,50000
2018-02-23,3.197299306049558,3.2885948537045766,3.187718681224939,3.2873858871048216,50000
2018-02-26,3.2873858871048216,3.6114029042992954,3.261214074374563,3.601524866761722,50000
2018-02-27,3.601524866761722,3.641872288008269,3.1104439434873568,3.1195951269042346,61442
2018-02-28,3.1195951269042346,3.251175587464547,3.070389391871086,3.243643078745698,55479
2018-03-01,3.243643078745698,3.3490021281395923,3.232405384397945,3.329407145050978,50000
2018-03-02,3.329407145050978,3.5517201929184754,3.322586754552426,3.5359647646773245,50000
2018-03-05,3.5359647646773245,4.139101104656816,3.5160787407375076,4.129785705206977,50000
2018-03-06,4.129785705206977,4.13175283650909,3.84863885334594,3.8585123400844816,56260
2018-03-07,3.8585123400844816,4.142563887851426,3.8190253694771337,4.140756575894923,64440
2018-03-08,4.140756575894923,4.1524653310801165,3.8876503081976073,3.892460796741102,50000
2018-03-09,3.892460796741102,3.8966801642954656,3.582680077850733,3.5897426439410203,50000
2018-03-12,3.5897426439410203,3.5997927332914568,3.4741791555446624,3.4995515912355066,59581
2018-03-13,3.4995515912355066,4.190722998164503,3.4931874203668696,4.180766455611011,50000
2018-03-14,4.180766455611011,4.2325482939764,3.9910230095839005,4.008012860169348,50000
2018-03-15,4.008012860169348,4.26999104493662,4.006829909609037,4.261985240919062,50000
2018-03-16,4.261985240919062,4.2824381275532115,4.200420382586404,4.219818664236174,50000
2018-03-19,4.219818664236174,4.488110108219307,4.199108635548615,4.472059847776167,80984
2018-03-20,4.472059847776167,4.921340876379248,4.452012863063093,4.920088610401483,50000
2018-03-21,4.920088610401483,4.942665553058404,4.694995713462469,4.709135503656508,50000
2018-03-22,4.709135503656508,4.71364914591995,4.494080930990273,4.506429152896187,293014
2018-03-23,4.506429152896187,4.663004330810266,4.485940357585673,4.644802512786304,95590
2018-03-26,4.644802512786304,4.922885118810014,4.632467306968315,4.9174628181113045,85236
2018-03-27,4.9174628181113045,5.6317749386599365,4.9083018926855875,5.565697569091315,50000
2018-03-28,5.565697569091315,5.6028545205809905,5.433869438723151,5.4351813572301415,50000
2018-03-29,5.4351813572301415,5.6676352584300576,5.4083802119800755,5.633114059806181,50000
2018-03-30,5.633114059806181,5.659195675871597,5.303778562660759,5.316781899966955,62465
2018-04-02,5.316781899966955,5.397751050837517,5.29637289317628,5.382576588675407,50000
2018-04-03,5.382576588675407,5.396216761862513,5.231274338714544,5.232675218772244,50000
2018-04-04,5.232675218772244,5.250162683631063,4.943010449782853,4.956022743877197,50000
2018-04-05,4.956022743877197,4.982452981668179,4.785332777185404,4.80647073399464,125435
2018-04-06,4.80647073399464,4.826449578776945,4.659394658043123,4.688397867175323,50856
2018-04-09,4.688397867175323,5.046668386678618,4.680033705180596,5.019159150781313,50000
2018-04-10,5.019159150781313,5.024999808171275,4.817306559638854,4.832852919436619,97455
2018-04-11,4.832852919436619,4.852762124725395,4.732151769226464,4.77293254607995,50000
2018-04-12,4.77293254607995,4.882138235803645,4.732317892276251,4.8734539149681035,50000
2018-04-13,4.8734539149681035,4.895828357320126,4.6261762025674065,4.665618400704647,65567
2018-04-16,4.665618400704647,4.681898228905713,4.341480563617125,4.361088350606688,50000
2018-04-17,4.361088350606688,4.5333805972844505,4.3502143102171615,4.471316815230038,50000
2018-04-18,4.471316815230038,4.55642995697276,4.45153635699338,4.550656537047386,50000
2018-04-19,4.550656537047386,4.638973675405288,4.542128957648877,4.581228391616099,50000
2018-04-20,4.581228391616099,4.948237016612132,4.51790676471512,4.9216930453365135,50000
2018-04-23,4.9216930453365135,5.530569065650183,4.88108255166712,5.522328543296784,50000
2018-04-24,5.522328543296784,5.5709274041131005,5.320020370021304,5.342353746881101,50000
2018-04-25,5.342353746881101,5.405418166392157,5.156092929573651,5.1986624457310615,62344
2018-04-26,5.1986624457310615,5.271876052815908,5.143612844657038,5.16579811666294,50000
2018-04-27,5.16579811666294,5.170324129237256,4.668472784195469,4.732467717758928,50000
2018-04-30,4.732467717758928,4.778118805415178,4.7025581761045245,4.739367041256842,55752
2018-05-01,4.739367041256842,4.7630001615099316,4.4613516604042776,4.467533816582104,50000
2018-05-02,4.467533816582104,4.6681094467906545,4.441310793931978,4.630658984392543,50000
2018-05-03,4.630658984392543,4.760785874432242,4.61703629967995,4.749405918156521,50000
2018-05-04,4.749405918156521,5.275572385976489,4.696340563953763,5.263537431435956,50000
2018-05-07,5.263537431435956,5.318843543663467,5.261172942841219,5.31498677281065,50000
2018-05-08,5.31498677281065,5.333677449652928,5.310335194284706,5.310608836878053,50000
2018-05-09,5.310608836878053,5.558966309308931,5.2340682941310215,5.5559085047401275,50000
2018-05-10,5.5559085047401275,5.600186558173709,5.477683134167771,5.483107415901307,50000
2018-05-11,5.483107415901307,6.122513406033332,5.458704217193134,6.091915921171682,50000
2018-05-14,6.091915921171682,6.310356314854477,6.050809222416574,6.251827341491808,71087
2018-05-15,6.251827341491808,6.272380616020588,6.1933533198260715,6.2054311250564345,50000
2018-05-16,6.2054311250564345,6.242002279248437,6.081036008152465,6.107119479960728,225284
2018-05-17,6.107119479960728,6.142423692778797,5.615889122137872,5.644340501065115,133553
2018-05-18,5.644340501065115,5.7577082295530335,5.627140562316512,5.74927002937656,50000
2018-05-21,5.74927002937656,5.790878751763797,5.694923316075604,5.701668565314358,50000
2018-05-22,5.701668565314358,5.716378041023201,5.1890213968642325,5.2083162648002475,50000
2018-05-23,5.2083162648002475,5.648926833621784,5.200039000709615,5.6189535321891855,50000
2018-05-24,5.6189535321891855,5.928709268748369,5.60759125799852,5.88309833324186,69620
2018-05-25,5.88309833324186,5.929957973726176,5.766251161233234,5.7882393540118295,50000
2018-05-28,5.7882393540118295,5.8063416644193815,5.716063068874343,5.716067143126449,73241
2018-05-29,5.716067143126449,5.720440029331372,5.472505953504984,5.510460572325481,51037
2018-05-30,5.510460572325481,5.758037674656656,5.505937172743906,5.744639150604349,50000
2018-05-31,5.744639150604349,5.8178259101287635,5.547705070802896,5.556931940153523,50000
2018-06-01,5.556931940153523,5.56331299403945,4.954090397588695,4.955978479864436,56777
2018-06-04,4.955978479864436,5.393566591320204,4.951749049762035,5.38110868864794,210515
2018-06-05,5.38110868864794,5.414730666212119,5.171118582731085,5.232410155277596,71464
2018-06-06,5.232410155277596,5.609888725442022,5.221822176462924,5.562272193963607,200387
2018-06-07,5.562272193963607,5.5817165744073405,5.331115629616048,5.390237224480158,50000
2018-06-08,5.390237224480158,5.430332677856555,5.221894150813794,5.226292420403942,50000
2018-06-11,5.226292420403942,5.417883247121427,5.189242339425804,5.401183997636621,50000
2018-06-12,5.401183997636621,5.527711185553771,5.3629478085418745,5.520658217078329,57218
2018-06-13,5.520658217078329,5.525409566302927,5.422396468650918,5.422904168962819,50000
2018-06-14,5.422904168962819,5.959801707165979,5.422626939483913,5.930977055190967,57206
2018-06-15,5.930977055190967,5.9348221617249965,5.704713284919831,5.72646740413813,50000
2018-06-18,5.72646740413813,5.791630233471527,5.69698346888216,5.778147828125181,50000
2018-06-19,5.778147828125181,5.793450045765346,5.592131734900168,5.6444225809811615,50000
2018-06-20,5.6444225809811615,5.653538213126229,5.46803281475522,5.5101606136361925,50000
2018-06-21,5.5101606136361925,5.682925593643147,5.456441845311722,5.677536955383075,50000
2018-06-22,5.677536955383075,6.121666060889077,5.665487078596535,6.080059134623259,50000
2018-06-25,6.080059134623259,6.339738095697535,6.039685537753067,6.3337674870430165,50000
2018-06-26,6.3337674870430165,6.620780852352577,6.3224904439905645,6.610475721536139,65308
2018-06-27,6.610475721536139,7.009775754223564,6.5751521446326695,6.995406083661526,50000
2018-06-28,6.995406083661526,7.2127288828227,6.962364619651149,7.192111530903936,50000
2018-06-29,7.192111530903936,7.275799825262971,7.168004902613486,7.274614963567766,57032
2018-07-02,7.274614963567766,7.2900267356264,6.903286579492317,6.91589246618357,52152
2018-07-03,6.91589246618357,6.939529568124617,6.570693761536951,6.583812846318283,50000
2018-07-04,6.583812846318283,6.60947834206356,6.486623318925478,6.513103002709744,64504
2018-07-05,6.513103002709744,6.586888631262212,6.0597512985842465,6.081204812391623,50000
2018-07-06,6.081204812391623,6.083613589149872,5.89345809293478,5.910249573448728,50000
2018-07-09,5.910249573448728,5.910734566080905,5.181850501393993,5.223950477468529,103927
2018-07-10,5.223950477468529,5.229852344460798,4.812044198012214,4.855793526203675,50000
2018-07-11,4.855793526203675,4.936337430234934,4.83358702834647,4.923185501077811,50000
2018-07-12,4.923185501077811,4.932867008744115,4.881010224153943,4.9019557076350555,50000
2018-07-13,4.9019557076350555,5.074209482662528,4.89028786936716,5.024068693513067,50000
2018-07-16,5.024068693513067,5.135938792793994,5.000464079309929,5.12330742989142,59378
2018-07-17,5.12330742989142,5.191817003501553,5.113538705373035,5.1857923552440415,68515
2018-07-18,5.1857923552440415,5.680403185650025,5.162426843455326,5.661843956493667,77769
2018-07-19,5.661843956493667,5.882776245543609,5.623127945466311,5.873993881268174,85269
2018-07-20,5.873993881268174,5.9660733646232895,5.849983149502008,5.93695618798769,54524
2018-07-23,5.93695618798769,6.0286366701958745,5.889523398654934,5.891187550453657,112295
2018-07-24,5.891187550453657,5.941305889023456,5.650018053424729,5.70079833388725,50000
2018-07-25,5.70079833388725,6.07716312772056,5.693681823952259,6.074517242261499,57271
2018-07-26,6.074517242261499,6.085753503835046,5.972500310975475,5.99531562295327,50000
2018-07-27,5.99531562295327,5.999555856136749,5.7942276427139365,5.8355567867880005,50000
2018-07-30,5.8355567867880005,5.979109753881256,5.768362770981339,5.976340096123937,149608
2018-07-31,5.976340096123937,6.016053132726256,5.604274415168679,5.610861560260379,50000
2018-08-01,5.610861560260379,5.6129671828705066,5.444623162292026,5.450944860632145,50000
2018-08-02,5.450944860632145,5.4585293095569165,5.412379242255087,5.441501700659576,50000
2018-08-03,5.441501700659576,5.463820409410702,5.379629250284244,5.407225172904876,50000
2018-08-06,5.407225172904876,5.425082870422107,4.782432034509403,4.826692618181699,102296
2018-08-07,4.826692618181699,4.832005869714964,4.747897541958061,4.757770773883715,50000
2018-08-08,4.757770773883715,4.878775444660438,4.7282529748925635,4.8485848943414815,73237
2018-08-09,4.8485848943414815,4.85402757324152,4.69212948191853,4.696029597610374,50000
2018-08-10,4.696029597610374,4.808868496319465,4.692976429109892,4.771140424827697,72835
2018-08-13,4.771140424827697,4.782188359688099,4.5577187178643035,4.568866160090824,50000
2018-08-14,4.568866160090824,4.612352619562455,4.360543566924106,4.362198818749659,50000
2018-08-15,4.362198818749659,4.364654468496929,4.1903766335172685,4.2101461983110715,50000
2018-08-16,4.2101461983110715,4.216865364495996,4.018737774155875,4.021620312622055,50000
2018-08-17,4.021620312622055,4.033547173024238,3.8728950285907953,3.9068394045803827,50000
2018-08-20,3.9068394045803827,4.041415116261743,3.8818521884300026,4.029948669674519,50000
2018-08-21,4.029948669674519,4.044977166427966,3.8719650186348833,3.8868858016811414,50000
2018-08-22,3.8868858016811414,3.8877670270093954,3.229652843953835,3.249209172001252,51465
2018-08-23,3.249209172001252,3.5452948700181675,3.2101472049378392,3.5132970212973853,50000
2018-08-24,3.5132970212973853,3.5365296390790038,2.886212270689502,2.890188727915748,50000
2018-08-27,2.890188727915748,2.8913315528384578,2.6905848100112273,2.7169420677528215,50000
2018-08-28,2.7169420677528215,2.7210853941804682,2.6050666941026064,2.635729362885164,50000
2018-08-29,2.635729362885164,2.9197461418032407,2.634983708381118,2.908576195688151,50000
2018-08-30,2.908576195688151,2.9149297787762496,2.894309174230967,2.902547027471809,50000
2018-08-31,2.902547027471809,2.985050140146669,2.899049055485311,2.9642311257996665,50000
2018-09-03,2.9642311257996665,2.9879302569779793,2.5077847450910205,2.5126320806871214,50000
2018-09-04,2.5126320806871214,2.6971952000963078,2.4950488211592816,2.680025970369585,50000
2018-09-05,2.680025970369585,2.7339840487910694,2.6641492409165815,2.733565069553493,50000
2018-09-06,2.733565069553493,2.805802123131221,2.7172667696623334,2.7909410517257305,50000
2018-09-07,2.7909410517257305,2.8297558299851993,2.780977650468024,2.824229891652895,50000
2018-09-10,2.824229891652895,3.264451957285369,2.822136860991943,3.214986970129256,320187
2018-09-11,3.214986970129256,3.549018768307705,3.211624998253666,3.532650721971137,50000
2018-09-12,3.532650721971137,3.538896983730533,3.411211776001667,3.4697468059003747,50000
2018-09-13,3.4697468059003747,3.503564844136563,3.26465515680108,3.266173767298531,61687
2018-09-14,3.266173767298531,3.6317993835510305,3.2646803210846516,3.606634813597341,50000
2018-09-17,3.606634813597341,3.652415164548564,3.582322461139753,3.6520622231212614,50000
2018-09-18,3.6520622231212614,3.6572016130641343,3.60034783549679,3.6087895716482525,50000
2018-09-19,3.6087895716482525,3.662172040342932,3.5931913910177227,3.6320888309736494,50000
2018-09-20,3.6320888309736494,3.7178690694603556,3.6146942012095393,3.71312265791627,61385
2018-09-21,3.71312265791627,3.751717713925536,2.9385728546468592,2.9525769042064094,50000
2018-09-24,2.9525769042064094,2.9646191638106125,2.5979392923946216,2.605021960965903,50000
2018-09-25,2.605021960965903,2.949376824819795,2.5944187315139624,2.9146730966667893,50000
2018-09-26,2.9146730966667893,2.9186556137048525,2.8892128888625157,2.900253841899118,99504
2018-09-27,2.900253841899118,2.911147873632091,2.649795113693947,2.6636880371530487,126339
2018-09-28,2.6636880371530487,2.921156182562686,2.658298136739716,2.9071539590956856,58426
2018-10-01,2.9071539590956856,3.2649573938848846,2.905468835804526,3.263541093060148,109736
2018-10-02,3.263541093060148,3.3472069743576283,3.2555868012628855,3.3470583378148415,50000
2018-10-03,3.3470583378148415,3.6548095827762643,3.3380745469907454,3.618853943205405,60422
2018-10-04,3.618853943205405,3.912084033588169,3.6155340454296025,3.885593763476007,50000
2018-10-05,3.885593763476007,4.230777735539864,3.879627084886961,4.203645600809346,51861
2018-10-08,4.203645600809346,4.3606789680637,4.194739690189136,4.332792406437264,158521
2018-10-09,4.332792406437264,4.619245676194419,4.326654215026515,4.608236545133633,50000
2018-10-10,4.608236545133633,4.922547629654352,4.592135626332784,4.882523587130464,50000
2018-10-11,4.882523587130464,4.918204155920373,4.747998156500287,4.780454067378219,50000
2018-10-12,4.780454067378219,4.925645000950471,4.726693395712082,4.853137513599898,50000
2018-10-15,4.853137513599898,4.870364046628625,4.715547260054471,4.742081443515743,50000
2018-10-16,4.742081443515743,4.993674599814413,4.722138605374678,4.985996920888261,50000
2018-10-17,4.985996920888261,4.987944850265042,4.756871372946876,4.820011824510548,50000
2018-10-18,4.820011824510548,5.114632096194384,4.768665496303837,5.085667588491818,79119
2018-10-19,5.085667588491818,5.099949706011767,4.911712758311243,4.928611498228943,50000
2018-10-22,4.928611498228943,5.389952578858309,4.894626780102824,5.382364289114418,67769
2018-10-23,5.382364289114418,5.392283385920208,4.712661755176526,4.737363715267918,50000
2018-10-24,4.737363715267918,4.741316178472673,4.602600569071389,4.641999477160514,50000
2018-10-25,4.641999477160514,4.694564148547759,4.605056709982038,4.664093804195164,52497
2018-10-26,4.664093804195164,4.689622509622322,4.659530464859173,4.68096947348234,50000
2018-10-29,4.68096947348234,4.723239808026065,4.1561474144797526,4.159997572280222,50000
2018-10-30,4.159997572280222,4.177333672275403,3.3872852404063156,3.3987183724979984,50000
2018-10-31,3.3987183724979984,3.5440957471780083,3.3772682707495,3.5086906986991244,76315
2018-11-01,3.5086906986991244,3.7419094314135286,3.500074112682085,3.7246523750676483,70383
2018-11-02,3.7246523750676483,3.7436694155756727,3.5686799738034556,3.5912137652480838,50000
2018-11-05,3.5912137652480838,3.819035420472298,3.5739980673336396,3.8032939918101323,50231
2018-11-06,3.8032939918101323,4.01330056864562,3.7968527026663956,3.9843283605341795,58402
2018-11-07,3.9843283605341795,4.317419366290079,3.977040638576686,4.294661808271651,129289
2018-11-08,4.294661808271651,4.296679624748323,3.7566531923773363,3.796956041360134,50000
2018-11-09,3.796956041360134,4.038849588433998,3.7926434546278616,3.9796857810157493,57035
2018-11-12,3.9796857810157493,4.428551201414112,3.9603177452622136,4.408479229779243,50000
2018-11-13,4.408479229779243,5.216076210406862,4.400106597381474,5.186212330631713,50000
2018-11-14,5.186212330631713,5.452739646338382,5.184175225224423,5.443872499147508,66336
2018-11-15,5.443872499147508,5.709291676369309,5.429990884754989,5.6768705469432446,100285
2018-11-16,5.6768705469432446,5.7325639615630175,5.6161629843338,5.691218268202183,64660
2018-11-19,5.691218268202183,5.698381711426057,5.658882466416958,5.682250599171841,50000
2018-11-20,5.682250599171841,5.7171079500073,5.674724763425709,5.702344367661498,50000
2018-11-21,5.702344367661498,6.1372870412979035,5.634105257046045,6.085187660878062,50000
2018-11-22,6.085187660878062,6.307064722484644,6.048932061167745,6.301549048292355,50000
2018-11-23,6.301549048292355,6.451389301971933,6.2495048711043735,6.383801782208312,50000
2018-11-26,6.383801782208312,6.542033558636228,6.362908253056465,6.50159381285644,50000
2018-11-27,6.50159381285644,6.965847732050698,6.430491856119132,6.941710123309346,50000
2018-11-28,6.941710123309346,7.10714322961083,6.878613829571772,7.097239491687921,50000
2018-11-29,7.097239491687921,7.144012220804172,6.996294336066533,7.102443868526145,50000
2018-11-30,7.102443868526145,7.505657245292695,7.097802484267276,7.387706199259146,50000
2018-12-03,7.387706199259146,7.403744062662181,6.6437102192827675,6.707292808473325,106840
2018-12-04,6.707292808473325,6.915743183697809,6.655615710053201,6.895692548109592,50000
2018-12-05,6.895692548109592,7.030287773558777,6.818060045237741,6.999463658904535,50000
2018-12-06,6.999463658904535,7.229069408172467,6.923620763257131,7.158345072092376,50000
2018-12-07,7.158345072092376,7.162344377190915,6.661975242953383,6.67487640365764,50000
2018-12-10,6.67487640365764,6.699988415684637,6.09248801753685,6.10156543577958,69664
2018-12-11,6.10156543577958,6.355027927235963,6.073520941372597,6.3544097195355755,86818
2018-12-12,6.3544097195355755,6.8071903644144935,6.340547117251151,6.711263224553669,55639
2018-12-13,6.711263224553669,6.96882589707072,6.644476986131615,6.913368117458696,50000
2018-12-14,6.913368117458696,7.36739376154741,6.88890222637196,7.221161213828276,127028
2018-12-17,7.221161213828276,7.894701639749986,7.144260656301254,7.866670552587522,50000
2018-12-18,7.866670552587522,7.961674958997311,7.591710197208567,7.6592819030650805,116398
2018-12-19,7.6592819030650805,7.876076271878294,7.64363721827274,7.825986781561878,105446
2018-12-20,7.825986781561878,7.850375772445638,7.683091540766897,7.7277947050613,50000
2018-12-21,7.7277947050613,8.005506168427603,7.6413065749263,7.969313242217876,50593
2018-12-24,7.969313242217876,8.309952217058331,7.958760369388552,8.275413577460085,50000
2018-12-25,8.275413577460085,8.325681968714195,7.668941162506717,7.70357359343945,63545
2018-12-26,7.70357359343945,7.799830878238569,7.6412953855053525,7.746239022862779,50000
2018-12-27,7.746239022862779,7.927686773824668,7.720248853436272,7.910645029118811,50000
2018-12-28,7.910645029118811,7.920372682567994,7.562939772295362,7.604938739673267,50000
2018-12-31,7.604938739673267,7.616573876024993,7.398903519927287,7.422496286611469,50000
2019-01-01,7.422496286611469,7.446656066166746,7.3417914314820765,7.39253683203709,50000
2019-01-02,7.39253683203709,7.947883774182318,7.379241456121381,7.912611443054172,50000
2019-01-03,7.912611443054172,8.018565435750274,7.8535990695835824,7.872874506059597,50000
2019-01-04,7.872874506059597,7.934657887450797,7.781390931300317,7.824633578129395,50000
2019-01-07,7.824633578129395,7.892685770074224,7.658440866518849,7.673150974201011,50000
2019-01-08,7.673150974201011,7.689118744499428,7.615602922247652,7.674672175214127,61203
2019-01-09,7.674672175214127,7.868096563791072,7.626383176085352,7.851308214246272,50000
2019-01-10,7.851308214246272,7.871243897607884,7.5445547496294365,7.5830329706441075,50000
2019-01-11,7.5830329706441075,7.611875609693023,7.243127589813266,7.276576682862038,155482
2019-01-14,7.276576682862038,7.309938829153727,7.196081862593135,7.2275635647076655,50000
2019-01-15,7.2275635647076655,7.28648246115947,7.139664008399499,7.153823033656025,50000
2019-01-16,7.153823033656025,7.409327115269422,7.126869557428987,7.3618085406478055,50000
2019-01-17,7.3618085406478055,8.135433323522498,7.326145643559978,8.054613905327976,71904
2019-01-18,8.054613905327976,8.442557904615025,8.030581667944675,8.394555111083108,63190
2019-01-21,8.394555111083108,8.420044335212811,8.0166585959567,8.028755526824495,50000
2019-01-22,8.028755526824495,8.07183481472169,7.897577016100875,7.901599483654107,50000
2019-01-23,7.901599483654107,7.931577497439514,7.75191822025278,7.791529507501927,50000
2019-01-24,7.791529507501927,8.380343858074934,7.7594299386917776,8.326107235200531,141540
2019-01-25,8.326107235200531,8.474007727240025,8.322124698574722,8.446576860290696,50000
2019-01-28,8.446576860290696,8.554292264374729,8.41654521389269,8.505363237473889,50000
2019-01-29,8.505363237473889,8.535035209198602,8.195252156135028,8.206794473079478,50000
2019-01-30,8.206794473079478,8.325914186193195,8.1943658474531,8.304978252624991,50000
2019-01-31,8.304978252624991,8.416641353266476,8.24752486960654,8.400956933613632,55752
2019-02-01,8.400956933613632,8.45002913326729,7.828973711693767,7.88435470919243,50000
2019-02-04,7.88435470919243,7.9718605905265205,7.875588584214827,7.890380331555931,156620
2019-02-05,7.890380331555931,8.201536500080403,7.820914115289233,8.133438845211803,50000
2019-02-06,8.133438845211803,8.616973381708915,8.01740168299494,8.550589962107813,78802
2019-02-07,8.550589962107813,8.76764475009879,8.510065044500521,8.711910654575911,65776
2019-02-08,8.711910654575911,8.762161392034837,8.678563913068905,8.710295155039505,206924
2019-02-11,8.710295155039505,8.726153585283472,8.637307042519476,8.666679546014485,70766
2019-02-12,8.666679546014485,8.764236922545388,8.609712130637678,8.719732101874813,50000
2019-02-13,8.719732101874813,8.72943982762029,8.491246372117743,8.527452432150694,50000
2019-02-14,8.527452432150694,8.787284048866546,8.491739622099315,8.773493244167767,62283
2019-02-15,8.773493244167767,8.807062166122048,8.748797938017226,8.80157673506454,64955
2019-02-18,8.80157673506454,8.855407009371353,8.426884872517741,8.431792955593917,50000
2019-02-19,8.431792955593917,8.44558183951734,8.187852988675223,8.257060426592357,82279
2019-02-20,8.257060426592357,8.337260834886914,8.25361689382929,8.336113201453456,87702
2019-02-21,8.336113201453456,8.355121976753347,8.18940139364483,8.28174560084534,50000
2019-02-22,8.28174560084534,8.30652912926463,8.179016096007274,8.180607379724869,50000
2019-02-25,8.180607379724869,8.34262308864953,8.137429262962767,8.268980863236747,50000
2019-02-26,8.268980863236747,8.443096601845818,8.24534310366801,8.386914648716115,50000
2019-02-27,8.386914648716115,8.845786598823281,8.38513468936985,8.824266625645086,50000
2019-02-28,8.824266625645086,8.876341231124842,8.421022900385735,8.43370709115087,64795
2019-03-01,8.43370709115087,8.458253273969524,7.550260479788636,7.629106826427397,283076
2019-03-04,7.629106826427397,7.643165659321922,7.397376010598346,7.514076334775844,50000
2019-03-05,7.514076334775844,7.536290522648908,6.947768693299182,7.0450548347848905,50000
2019-03-06,7.0450548347848905,7.307846090232367,7.044263399474485,7.305684790775271,56927
2019-03-07,7.305684790775271,7.312479536256027,6.995423744910109,7.005957696854347,112739
2019-03-08,7.005957696854347,7.013073079555648,6.569287190468265,6.60084485811027,57282
2019-03-11,6.60084485811027,6.7852046396066,6.566787852722557,6.763790587247139,50000
2019-03-12,6.763790587247139,6.898985673094651,6.759654057345775,6.82224104188106,50000
2019-03-13,6.82224104188106,6.828314532214461,6.682303684350049,6.726376163397368,50000
2019-03-14,6.726376163397368,6.946573710325201,6.688702056813898,6.890374237487106,50000
2019-03-15,6.890374237487106,6.903607683201771,6.8543033474154464,6.901422351749215,50000
2019-03-18,6.901422351749215,7.326220539388622,6.877309420942333,7.29445441629108,50000
2019-03-19,7.29445441629108,7.340906599179074,7.256529969670543,7.3013165348077935,67234
2019-03-20,7.3013165348077935,7.462346997475267,7.23288193137219,7.416156009417992,74187
2019-03-21,7.416156009417992,7.4340614103625855,7.0684650201384,7.090140912743906,66695
2019-03-22,7.090140912743906,7.176194974962761,6.737660617224891,6.769519811921079,62297
2019-03-25,6.769519811921079,6.903907169059809,6.762383283807727,6.878906774523211,50000
2019-03-26,6.878906774523211,6.925559412217812,6.864013356723167,6.876411023784859,50000
2019-03-27,6.876411023784859,6.945483441881744,6.341508643255558,6.348288046446517,50000
2019-03-28,6.348288046446517,6.37165645316692,6.309357863279086,6.3506881355040425,50000
2019-03-29,6.3506881355040425,6.383048556519485,5.924652233737589,5.927512118424952,109849
2019-04-01,5.927512118424952,6.165434260135221,5.816704394907651,6.135324751778193,50000
2019-04-02,6.135324751778193,6.138666381922879,5.111404768872756,5.134445635842432,50000
2019-04-03,5.134445635842432,5.146771815150957,4.991987252584113,5.026009231753304,50000
2019-04-04,5.026009231753304,5.943256372173221,5.014915360446493,5.865732232409712,72524
2019-04-05,5.865732232409712,5.995784754845899,5.85301477749525,5.98393785422685,117856
2019-04-08,5.98393785422685,5.986884619530428,5.653440259794094,5.725904395371939,52223
2019-04-09,5.725904395371939,5.889462993148698,5.670014347852283,5.874685740322344,65214
2019-04-10,5.874685740322344,5.947795246223036,5.784654398903822,5.814798466315849,50000
2019-04-11,5.814798466315849,5.820586305788815,5.515554590205332,5.532604697183972,50000
2019-04-12,5.532604697183972,5.543996912103795,5.199082910171515,5.259696846209312,50000
2019-04-15,5.259696846209312,5.5131727441511025,5.25163730554511,5.467940249470089,253319
2019-04-16,5.467940249470089,5.9089502263170495,5.421166772249372,5.829952586526045,102982
2019-04-17,5.829952586526045,5.834482944743431,5.658408821141442,5.703482265949914,50000
2019-04-18,5.703482265949914,5.870722319485258,5.670877350367734,5.862271757995519,50000
2019-04-19,5.862271757995519,6.0889240953577985,5.851061031497232,6.078746468231647,50000
2019-04-22,6.078746468231647,6.234702806581796,6.011883053941483,6.213475159043979,50000
2019-04-23,6.213475159043979,6.223570669649818,6.1253731080872855,6.152596634697323,50000
2019-04-24,6.152596634697323,6.263025350322211,6.14892875719633,6.250393157073188,50000
2019-04-25,6.250393157073188,7.0498649094045405,6.200465633794768,6.9649182921195125,96897
2019-04-26,6.9649182921195125,6.985740804821792,6.752589503321132,6.757764529893594,50000
2019-04-29,6.757764529893594,6.947624441009037,6.683786602703464,6.8948455053455415,50000
2019-04-30,6.8948455053455415,7.1523641687297905,6.842970240750495,7.055718478578042,50000
2019-05-01,7.055718478578042,7.0779366137618505,7.023911477219309,7.052842813853488,50000
2019-05-02,7.052842813853488,7.060981214049825,6.982598720615618,6.985633389789521,50000
2019-05-03,6.985633389789521,6.9993692752400705,6.359299560148536,6.386547044277568,50000
2019-05-06,6.386547044277568,6.411417336033625,5.893221110588972,5.929427804746497,50000
2019-05-07,5.929427804746497,5.932987741683463,5.881393510027993,5.888294325321863,50000
2019-05-08,5.888294325321863,5.894118170109145,5.769535198827216,5.8506499262046665,50000
2019-05-09,5.8506499262046665,5.893685720209155,5.663355890389482,5.737400312021047,50000
2019-05-10,5.737400312021047,5.751417975306018,5.700697736341121,5.703380457744423,107459
2019-05-13,5.703380457744423,5.705146625161283,5.4869378864015035,5.539339319651908,50000
2019-05-14,5.539339319651908,5.555287671816566,5.299375627091289,5.320659821913718,50000
2019-05-15,5.320659821913718,5.350223467343366,5.286998570126837,5.304526507801175,56474
2019-05-16,5.304526507801175,5.306218837934037,5.053515470810856,5.097512396399457,50000
2019-05-17,5.097512396399457,6.043158955288188,5.078370112652785,5.999320005493127,50000
2019-05-20,5.999320005493127,6.149699209188846,5.9117597272642985,6.127877810803852,50000
2019-05-21,6.127877810803852,6.243788777708777,6.0447007172785066,6.228825341441533,50000
2019-05-22,6.228825341441533,6.269476741666717,6.202164804524671,6.227186205813962,50000
2019-05-23,6.227186205813962,6.504321595154684,6.190960245238736,6.504314500789149,50000
2019-05-24,6.504314500789149,6.532532319250648,6.295872614515596,6.326239903704901,50000
2019-05-27,6.326239903704901,6.364038790895524,6.281593817487577,6.3301944412392075,50000
2019-05-28,6.3301944412392075,6.365981699619098,6.258271654041561,6.3548740954590315,50000
2019-05-29,6.3548740954590315,6.371691516423036,6.024782341592402,6.04487900134572,50000
2019-05-30,6.04487900134572,6.0527527911609935,5.694632340586384,5.765381425428846,50000
2019-05-31,5.765381425428846,5.7823746472681785,5.619227792007198,5.671512994420985,50000
2019-06-03,5.671512994420985,5.683707659845849,5.415858437150084,5.474784930253395,50000
2019-06-04,5.474784930253395,5.6878168468693655,5.4442089739624775,5.659427438782545,50000
2019-06-05,5.659427438782545,5.718379217248691,5.344293680244988,5.363115820971541,63150
2019-06-06,5.363115820971541,5.513895171800813,5.318050889526303,5.512213158014056,50000
2019-06-07,5.512213158014056,5.518223511010032,5.281123732846021,5.2956418270473335,50000
2019-06-10,5.2956418270473335,5.343087060432028,5.243207078778941,5.305607120181019,50000
2019-06-11,5.305607120181019,5.334029224462616,5.2543726407365074,5.323465522928291,50000
2019-06-12,5.323465522928291,5.359083747856094,4.750262598800207,4.802970666891902,50000
2019-06-13,4.802970666891902,4.806253550172536,4.623732156044426,4.629608190185545,57386
2019-06-14,4.629608190185545,4.68309411148799,4.609670823277373,4.627507523201507,50000
2019-06-17,4.627507523201507,4.6587953511045646,4.341416141034203,4.349323973094583,50000
2019-06-18,4.349323973094583,4.751611689125106,4.2955853942060305,4.747677478227745,50000
2019-06-19,4.747677478227745,4.808963634075015,4.463633214722779,4.480183683628304,50000
2019-06-20,4.480183683628304,4.506182284438375,4.071516592600387,4.097151469701561,50000
2019-06-21,4.097151469701561,4.138598339902085,4.023033099015533,4.045766510980046,51157
2019-06-24,4.045766510980046,4.187801772140769,4.026054354551573,4.174357647811691,89475
2019-06-25,4.174357647811691,4.1746676453543765,3.86192072357641,3.8946524040809254,50000
2019-06-26,3.8946524040809254,4.182258576430376,3.894326194557253,4.1747347834907975,50000
2019-06-27,4.1747347834907975,4.35100973695603,4.169173841996195,4.302896192756286,50000
2019-06-28,4.302896192756286,4.31541307968008,4.06046976202262,4.099675405750834,50000
2019-07-01,4.099675405750834,4.126719951962273,3.3114029468824406,3.333937818206963,78928
2019-07-02,3.333937818206963,3.4290656244251623,3.3259636108972472,3.3836722187192816,50000
2019-07-03,3.3836722187192816,3.7782861919519544,3.3692978797478967,3.756213639718043,50000
2019-07-04,3.756213639718043,3.766581348227929,3.2542696386869543,3.2853613717613994,97051
2019-07-05,3.2853613717613994,3.803781773389738,3.277247196808963,3.7959513296190486,50000
2019-07-08,3.7959513296190486,3.799504399173122,3.3185059749579917,3.323439004596278,50000
2019-07-09,3.323439004596278,3.5757188746903457,3.2839975686945087,3.513593233029848,50000
2019-07-10,3.513593233029848,3.5236828403760496,3.1777856740187556,3.1909915371962128,50000
2019-07-11,3.1909915371962128,3.299105242831609,3.1907641293818583,3.2987531576066855,50000
2019-07-12,3.2987531576066855,3.3029635933971218,3.2330225919737248,3.2696948789996774,50000
2019-07-15,3.2696948789996774,3.291189487725424,3.2651523753663505,3.2909820115334525,50000
2019-07-16,3.2909820115334525,3.3111807878365624,3.2669890674723976,3.297385181798294,57402
2019-07-17,3.297385181798294,3.5624561082342967,3.274136548778753,3.5576233047536263,50000
2019-07-18,3.5576233047536263,3.6580726519602047,3.5403316800839915,3.6200057641924466,62071
2019-07-19,3.6200057641924466,3.8410590548028076,3.613518994498204,3.837186262542409,53765
2019-07-22,3.837186262542409,3.908970589121836,3.5583906691351626,3.5808009713776374,64176
2019-07-23,3.5808009713776374,4.124108522850754,3.547373759627614,4.088290476417167,50000
2019-07-24,4.088290476417167,4.101150128386501,4.04193724175844,4.08647579506012,50000
2019-07-25,4.08647579506012,4.3698601254319325,4.065302267914308,4.369381893677738,50000
2019-07-26,4.369381893677738,4.976924978758342,4.360329754593307,4.969574308216062,85115
2019-07-29,4.969574308216062,5.004075283492044,4.863928781945386,4.877403191680162,50000
2019-07-30,4.877403191680162,4.914170621046955,4.461260645200137,4.477872428791175,50000
2019-07-31,4.477872428791175,4.809688982712031,4.457784957952638,4.792959009935159,50000
2019-08-01,4.792959009935159,4.820185402250162,4.746439529823566,4.794639123474851,50000
2019-08-02,4.794639123474851,4.820575534931171,4.662508481474392,4.662899717760215,50000
2019-08-05,4.662899717760215,4.691979288646925,4.47135811977269,4.473862373553019,50000
2019-08-06,4.473862373553019,4.52689301481025,4.443991194190581,4.502603707587613,50000
2019-08-07,4.502603707587613,4.511447960674502,4.329080864537516,4.330930094081252,50000
2019-08-08,4.330930094081252,4.493326697454593,4.319715944748636,4.477682668838741,50000
2019-08-09,4.477682668838741,4.783005027490302,4.404855389602265,4.739492630941829,74153
2019-08-12,4.739492630941829,5.346879384609236,4.728810897451327,5.313382025405372,80938
2019-08-13,5.313382025405372,5.360560279732368,5.257810914787392,5.3502941674588005,50000
2019-08-14,5.3502941674588005,5.373929446300561,5.274797371250867,5.300771081393679,50000
2019-08-15,5.300771081393679,5.319184059215074,5.121841943092187,5.141168258284537,50000
2019-08-16,5.141168258284537,5.168423853762625,4.977072806279854,5.015474536987863,102701
2019-08-19,5.015474536987863,5.182797962157305,4.93590767037258,5.170665606345644,122291
2019-08-20,5.170665606345644,5.490901058905367,5.166914784915462,5.489338661254831,50000
2019-08-21,5.489338661254831,5.770370302782368,5.432683385528835,5.742656837016772,50000
2019-08-22,5.742656837016772,5.768144305723203,5.547143413238746,5.560196019600672,56244
2019-08-23,5.560196019600672,5.617251852942144,5.527099326227568,5.594233845897259,50000
2019-08-26,5.594233845897259,5.6061123904280645,5.305209077948467,5.322871907255814,124095
2019-08-27,5.322871907255814,5.476035107548102,5.311923703242766,5.434190671113295,53211
2019-08-28,5.434190671113295,5.556287461600557,5.378852915444237,5.546736171394768,53510
2019-08-29,5.546736171394768,5.558852761116522,5.011710651159178,5.020825728951761,50000
2019-08-30,5.020825728951761,5.42145389027097,5.006988188557178,5.416010427613322,68617
2019-09-02,5.416010427613322,6.079409121877227,5.3846006438225915,6.007733381574771,50000
2019-09-03,6.007733381574771,6.147618690756065,5.998035619780901,6.106281989365859,68587
2019-09-04,6.106281989365859,6.153568442267716,5.359338417947603,5.3784691118662336,50000
2019-09-05,5.3784691118662336,5.602495510090624,5.32102540907006,5.564113332642491,50000
2019-09-06,5.564113332642491,5.895205495672927,5.551391227867203,5.886325587745373,55422
2019-09-09,5.886325587745373,6.03197000726674,5.803292490502594,6.021776443073973,50000
2019-09-10,6.021776443073973,6.052515286169878,5.822008019362905,5.838717597859961,109805
2019-09-11,5.838717597859961,5.964060816354092,5.808674982617207,5.94329267956251,50000
2019-09-12,5.94329267956251,6.000113668578213,5.585343156268562,5.598111081713448,58711
2019-09-13,5.598111081713448,5.632760477726318,5.579881225092055,5.58842903222226,50000
2019-09-16,5.58842903222226,5.827080375133416,5.535308158522608,5.784683465298137,50000
2019-09-17,5.784683465298137,5.951329888304306,5.772004396657748,5.924995738910864,50000
2019-09-18,5.924995738910864,6.356072155496387,5.875466112011632,6.322343582235554,104365
2019-09-19,6.322343582235554,6.342824606675378,5.889077504557111,5.926048328449025,50000
2019-09-20,5.926048328449025,6.192197670109756,5.9176992742528425,6.172194066328443,60344
2019-09-23,6.172194066328443,6.235424052635832,5.686118166111176,5.733959210576869,50000
2019-09-24,5.733959210576869,5.8040809570489555,5.384454995668558,5.436869486587664,52963
2019-09-25,5.436869486587664,5.4963028153278515,5.405009847253322,5.483103213338854,50000
2019-09-26,5.483103213338854,5.5218479649299,5.1227552576635755,5.147277077297164,50000
2019-09-27,5.147277077297164,5.207859398597331,5.13319377676268,5.206975801369477,51276
2019-09-30,5.206975801369477,5.356513360245125,5.155766687118547,5.326084293756154,69915
2019-10-01,5.326084293756154,5.359182431973999,5.320456004681249,5.340619935069992,50000
2019-10-02,5.340619935069992,5.587553463487344,5.292227277578895,5.578199016914955,50000
2019-10-03,5.578199016914955,5.658230815214057,5.57785569802246,5.6412649953058205,50000
2019-10-04,5.6412649953058205,5.650886510671916,5.5345215709716715,5.546182705551785,50000
2019-10-07,5.546182705551785,5.650002165977078,5.528910504664005,5.627018782785567,80529
2019-10-08,5.627018782785567,6.254379091571424,5.592701397572478,6.252010011185729,50000
2019-10-09,6.252010011185729,6.262978763532228,5.917901301316364,5.925955620464809,50000
2019-10-10,5.925955620464809,5.966444429314674,5.9097019104190425,5.932741712177781,50000
2019-10-11,5.932741712177781,5.988615638375145,5.810488705508195,5.840634741699651,50000
2019-10-14,5.840634741699651,5.84873517070684,5.526022487209236,5.538417823784707,50000
2019-10-15,5.538417823784707,5.592181649669459,5.536302024184161,5.584125343796603,50000
2019-10-16,5.584125343796603,5.593952207733619,5.273097372253079,5.286236725540022,185098
2019-10-17,5.286236725540022,5.293749427148892,5.132236547620652,5.150946369181076,103282
2019-10-18,5.150946369181076,5.153535377359636,5.050284461472843,5.072305980124116,89312
2019-10-21,5.072305980124116,5.089817654962627,4.817599033379223,4.834021237942239,50000
2019-10-22,4.834021237942239,4.849422637477741,4.769646141492094,4.80305388947649,50000
2019-10-23,4.80305388947649,4.837453969916177,4.734034359113713,4.77966752530388,94510
2019-10-24,4.77966752530388,5.436283218502709,4.766305922785606,5.391533172468352,50000
2019-10-25,5.391533172468352,5.548678129098381,5.37524422914797,5.50199113922848,50000
2019-10-28,5.50199113922848,5.765244698985095,5.444004073450862,5.724068609855685,50000
2019-10-29,5.724068609855685,5.72459282100205,5.678730318699473,5.686799888314481,50000
2019-10-30,5.686799888314481,6.4206152010724535,5.647299539988129,6.343428564848827,50000
2019-10-31,6.343428564848827,6.787373587720082,6.329273354349787,6.744181499258842,52050
2019-11-01,6.744181499258842,6.838025622770551,6.715723287760096,6.817313940616271,50000
2019-11-04,6.817313940616271,6.831105073009707,6.441206317844258,6.471997507149567,50000
2019-11-05,6.471997507149567,6.54990364424863,6.190771839894879,6.198835186787881,50000
2019-11-06,6.198835186787881,6.224413528392557,6.1376780479113116,6.142821870307398,50000
2019-11-07,6.142821870307398,6.169816375111635,5.608178354721953,5.672724586463045,50000
2019-11-08,5.672724586463045,6.166077990952758,5.657128821805002,6.15469024430155,50000
2019-11-11,6.15469024430155,6.165991942046212,6.033829667809409,6.086277023583234,50000
2019-11-12,6.086277023583234,6.4256076795961325,6.06142332775344,6.422238817270685,50000
2019-11-13,6.422238817270685,6.464082942671748,6.4188581187205624,6.4619340736749376,78474
2019-11-14,6.4619340736749376,6.495568863128756,6.344991623188523,6.361886240516176,50000
2019-11-15,6.361886240516176,6.5272810867336295,6.3247834315963525,6.445391822077883,50000
2019-11-18,6.445391822077883,6.4583830240294215,6.215788433076604,6.245610492554783,50000
2019-11-19,6.245610492554783,6.265402078821242,5.934441728708313,5.969253155422829,90124
2019-11-20,5.969253155422829,6.565944547585718,5.954882671557183,6.518734141583104,50000
2019-11-21,6.518734141583104,6.607745124718613,6.428730001648914,6.590109612125102,52006
2019-11-22,6.590109612125102,6.609603203968312,6.30107526811408,6.311405421649557,50000
2019-11-25,6.311405421649557,6.500466245377925,6.2991550378368135,6.46852541583548,50000
2019-11-26,6.46852541583548,6.498879024037776,6.017815642609532,6.079425167366367,50000
2019-11-27,6.079425167366367,6.208679053947952,6.058437535381883,6.19736093884914,50000
2019-11-28,6.19736093884914,6.39587932827749,6.116677871304398,6.380330695854855,104963
2019-11-29,6.380330695854855,6.58323612095723,6.357149251921883,6.575963759214546,134664
2019-12-02,6.575963759214546,6.631295648607331,6.524094239934273,6.5917180842051035,50000
2019-12-03,6.5917180842051035,6.832100166692288,6.511688984349097,6.775747555142833,50000
2019-12-04,6.775747555142833,6.97319127890485,6.733258115339918,6.959073770674098,50000
2019-12-05,6.959073770674098,7.503392035500502,6.9396159875812895,7.489900226460453,50000
2019-12-06,7.489900226460453,7.491499222680126,7.174393421246868,7.2464385384550685,51585
2019-12-09,7.2464385384550685,7.455378212741484,7.210625426839211,7.413080937959351,50000
2019-12-10,7.413080937959351,7.4534631016736475,7.412951049236727,7.426494263617416,51831
2019-12-11,7.426494263617416,7.440485921403457,7.306602152694557,7.3379554034838375,50000
2019-12-12,7.3379554034838375,7.407695209497877,6.87064330060615,6.903618782523444,82047
2019-12-13,6.903618782523444,6.955616868938258,6.8152202697937065,6.8261988995599525,84362
2019-12-16,6.8261988995599525,7.203521608273209,6.784203480711834,7.1572822656507515,62145
2019-12-17,7.1572822656507515,7.174068629212474,7.087374667655845,7.1052089896551385,50000
2019-12-18,7.1052089896551385,7.180377978409763,7.0527184452247464,7.066758067482763,50000
2019-12-19,7.066758067482763,7.272797419894375,7.051881687820923,7.253274563296077,50000
2019-12-20,7.253274563296077,7.349658581589833,7.22992464553231,7.324059624311736,50000
2019-12-23,7.324059624311736,7.738393062190768,7.294616170075331,7.660204957692857,50000
2019-12-24,7.660204957692857,7.676035455321395,7.3641914591487465,7.3959486152004965,50000
2019-12-25,7.3959486152004965,7.436418133450879,7.341172363612992,7.404417459314082,50000
2019-12-26,7.404417459314082,7.723820822957281,7.291485242477182,7.643819372055028,50000
2019-12-27,7.643819372055028,7.716724237018899,7.470425087400597,7.505824365479232,50000
2019-12-30,7.505824365479232,7.52937716976875,7.28922788493664,7.321916065065105,50000
2019-12-31,7.321916065065105,7.401614570404239,7.289892011067643,7.316513596597862,50000
2020-01-01,7.316513596597862,7.683746895571229,7.294594206925059,7.671769126560186,50000
2020-01-02,7.671769126560186,7.733216490853623,7.2558564633035525,7.285569422307641,50000
2020-01-03,7.285569422307641,7.309842287661455,6.874242746470723,6.950269564057209,50000
2020-01-06,6.950269564057209,7.0025919699560495,6.906911752353604,7.002074399220742,50000
2020-01-07,7.002074399220742,7.029490531422084,6.80407338049204,6.82491313452618,50000
2020-01-08,6.82491313452618,6.82788514817473,6.627862875720223,6.7276875327029435,67187
2020-01-09,6.7276875327029435,6.732120476086005,6.537244500180701,6.542396140523754,50000
2020-01-10,6.542396140523754,6.621681856576302,6.511728879094806,6.568771838730198,50000
2020-01-13,6.568771838730198,6.821014862770919,6.4908744497732105,6.73583024753936,50000
2020-01-14,6.73583024753936,6.83997563871922,6.729124748092362,6.791342223491276,50000
2020-01-15,6.791342223491276,6.793143272548052,6.654326513821773,6.769349143525136,50000
2020-01-16,6.769349143525136,7.37669455412777,6.76778466790309,7.373570981187742,50000
2020-01-17,7.373570981187742,7.380830643615171,7.137733248367198,7.2231289545893524,50000
2020-01-20,7.2231289545893524,7.297249879547399,7.132607027099098,7.1807001775325014,50000
2020-01-21,7.1807001775325014,7.455973145966772,7.132230142239031,7.39529241483426,50000
2020-01-22,7.39529241483426,7.755532069348761,7.320500900329992,7.659581450054726,50000
2020-01-23,7.659581450054726,7.698343755301405,7.455680034536571,7.4830644203090335,139591
2020-01-24,7.4830644203090335,7.59853152617861,7.42599049711442,7.595780942554556,50000
2020-01-27,7.595780942554556,8.169294617960922,7.5434100115228695,8.14500653574036,50000
2020-01-28,8.14500653574036,8.285695346578143,8.122194527693997,8.282641087717737,50000
2020-01-29,8.282641087717737,8.337966017512114,7.7704928810043254,7.788445147699905,158133
2020-01-30,7.788445147699905,7.854199757705027,7.679055007957767,7.694600046572669,50000
2020-01-31,7.694600046572669,7.73341613001838,7.546732328782009,7.556406152769982,50000
2020-02-03,7.556406152769982,7.61398724327302,7.54106740944576,7.606659370595245,50000
2020-02-04,7.606659370595245,7.783892370774203,7.604843894523643,7.7386921730456715,50000
2020-02-05,7.7386921730456715,7.854820760028271,7.734655789233655,7.767467832013837,50000
2020-02-06,7.767467832013837,7.806130075022876,7.543257448883239,7.5589246546767725,115792
2020-02-07,7.5589246546767725,7.744388713540404,7.550051578291643,7.662080139294141,173951
2020-02-10,7.662080139294141,7.780131304466886,7.618009049536132,7.7222775530712005,50000
2020-02-11,7.7222775530712005,7.7546743614369795,7.561105005316797,7.666388346586037,50000
2020-02-12,7.666388346586037,8.038210134512015,7.595031478252143,7.958342428554287,50000
2020-02-13,7.958342428554287,8.092388790940177,7.51969407672849,7.573337481593999,50000
2020-02-14,7.573337481593999,7.74541326418152,7.558318999004394,7.714157364417677,50000
2020-02-17,7.714157364417677,7.848993270868085,7.649943923942705,7.734195529756606,50000
2020-02-18,7.734195529756606,7.785171186735992,7.456480224718156,7.498498240900833,50000
2020-02-19,7.498498240900833,7.5193450789650145,7.222180492782518,7.270800699261743,61309
2020-02-20,7.270800699261743,7.286455410383149,7.249814249886022,7.282092174861144,50000
2020-02-21,7.282092174861144,7.393174267384139,7.272472337965437,7.336299827330705,58400
2020-02-24,7.336299827330705,7.660006917540859,7.320325608668441,7.574574039520849,130083
2020-02-25,7.574574039520849,7.7186612477906715,7.5480101081442035,7.663136649178147,50000
2020-02-26,7.663136649178147,8.058788648162203,7.581206641250315,8.044443468181896,73161
2020-02-27,8.044443468181896,8.528787787347104,8.014616553792777,8.481231075335048,50000
2020-02-28,8.481231075335048,8.495404713123865,8.374413140140692,8.431408374156913,50000
2020-03-02,8.431408374156913,8.471605334600179,8.233178052729508,8.253165372288679,50000
2020-03-03,8.253165372288679,8.690169320223024,8.217825021712489,8.66970421766957,50000
2020-03-04,8.66970421766957,8.671266070108553,8.426118277581947,8.426893758923057,50000
2020-03-05,8.426893758923057,8.459928749802605,8.300948359358234,8.305489209201259,50000
2020-03-06,8.305489209201259,8.336175522264837,8.212788391055874,8.323820867032524,92567
2020-03-09,8.323820867032524,8.35565754531969,8.130124880957474,8.216721699663253,50000
2020-03-10,8.216721699663253,8.243720152104162,8.15036964873122,8.159469067651436,50000
2020-03-11,8.159469067651436,8.1875414938983,8.111467775161074,8.17184532370054,50000
2020-03-12,8.17184532370054,8.368251890345881,8.163467651827657,8.350575364839882,62529
2020-03-13,8.350575364839882,8.368590972702204,8.148508086401131,8.283681351358931,112511
2020-03-16,8.283681351358931,8.324372482300971,7.9854760931551905,8.018698065544351,97311
2020-03-17,8.018698065544351,8.195256042505957,7.985863208445025,8.151043914110005,50000
2020-03-18,8.151043914110005,8.19481441632506,7.581240821765017,7.612392701742046,50000
2020-03-19,7.612392701742046,7.678667152457285,7.387261870233266,7.494895965683027,196811
2020-03-20,7.494895965683027,7.527325128870618,7.3654194378391855,7.380077992667518,80535
2020-03-23,7.380077992667518,7.425245605701118,7.2572087524282045,7.281625844785115,50000
2020-03-24,7.281625844785115,7.518144206200552,7.268308898343019,7.499968110762289,50000
2020-03-25,7.499968110762289,7.633852001866658,7.482891629478396,7.618864812655015,50000
2020-03-26,7.618864812655015,7.673640576737445,7.1301502537546755,7.155713851349425,80006
2020-03-27,7.155713851349425,7.465646372835278,7.138027125791004,7.419095024933165,50000
2020-03-30,7.419095024933165,7.8604835078644015,7.404552675237931,7.84599635213401,50000
2020-03-31,7.84599635213401,8.001966942038079,7.811388205742151,7.950497039099085,50000
2020-04-01,7.950497039099085,8.02027423008296,7.6598564562689635,7.685256638484062,50000
2020-04-02,7.685256638484062,7.688333638374597,7.291443294453138,7.348344609693823,50000
2020-04-03,7.348344609693823,7.53713719947814,7.259466382007922,7.4870260004469875,50000
2020-04-06,7.4870260004469875,7.870250300437596,7.450535980075773,7.804997412641535,50000
2020-04-07,7.804997412641535,7.832078910478283,7.646470837284175,7.73100465077298,89194
2020-04-08,7.73100465077298,7.7824686939740575,7.279369468397292,7.311683121889057,50000
2020-04-09,7.311683121889057,7.315174421048496,7.254646821107027,7.259180177036891,50000
2020-04-10,7.259180177036891,7.287713448809758,7.042513584492073,7.07397789758101,105117
2020-04-13,7.07397789758101,7.334393512234843,7.027273189980188,7.292328915472702,50000
2020-04-14,7.292328915472702,7.5321700546009644,7.243090540038176,7.44636268163927,50000
2020-04-15,7.44636268163927,7.5373668643841105,7.420524963149244,7.429236537073988,50000
2020-04-16,7.429236537073988,7.4597916964606625,7.34038050164887,7.354532546595035,50000
2020-04-17,7.354532546595035,7.511156943863972,7.353651091768717,7.437961730300564,50000
2020-04-20,7.437961730300564,7.4899301237662685,6.791030896433976,6.820322680956998,73395
2020-04-21,6.820322680956998,6.852885395840981,6.771058353751804,6.805379776749326,50000
2020-04-22,6.805379776749326,6.957003921300535,6.773511018231111,6.883528321844426,50000
2020-04-23,6.883528321844426,6.91001609093678,6.3909846065275095,6.393331147360687,55247
2020-04-24,6.393331147360687,6.441558244931449,6.19208258678381,6.203916950891493,102477
2020-04-27,6.203916950891493,6.234659768970419,6.046730216731826,6.071036163543438,50000
2020-04-28,6.071036163543438,6.121369583436656,5.999782506143211,6.039798662353359,50000
2020-04-29,6.039798662353359,6.099269844281532,5.705031938572749,5.7595692171704815,50000
2020-04-30,5.7595692171704815,6.007068981497923,5.755495911326081,5.989891140799957,50000
2020-05-01,5.989891140799957,6.12568052912796,5.989580214609509,6.089026245719743,110270
2020-05-04,6.089026245719743,6.1328290722405505,5.9012238578773095,5.93242295488699,50000
2020-05-05,5.93242295488699,5.954918096081344,5.885834356630631,5.946703405917506,50482
2020-05-06,5.946703405917506,6.010795452528049,5.9103433695601755,5.993696991680466,75315
2020-05-07,5.993696991680466,6.032239526219815,5.866131410799851,5.937088700782929,50000
2020-05-08,5.937088700782929,6.019344565767617,5.920572300253884,5.9888933348971305,50000
2020-05-11,5.9888933348971305,6.042469974920865,5.609253052516044,5.621703180432359,50000
2020-05-12,5.621703180432359,5.6618562279188085,5.607387799893636,5.654392696316913,98754
2020-05-13,5.654392696316913,5.732407831683424,5.627938371641522,5.718311520565839,50000
2020-05-14,5.718311520565839,5.871908260005682,5.665036354861751,5.804108306264658,51535
2020-05-15,5.804108306264658,5.882908394250223,5.791943935796348,5.832500278924624,118059
2020-05-18,5.832500278924624,5.865551120134183,5.727579212022486,5.772299972286395,50000
2020-05-19,5.772299972286395,5.841466328584033,5.263426375359286,5.277151814414756,138620
2020-05-20,5.277151814414756,5.346409708904674,4.930888762759792,4.960063061860797,50000
2020-05-21,4.960063061860797,4.999899522273552,4.681747031620093,4.694204554943623,86753
2020-05-22,4.694204554943623,4.836617635433159,4.668827398655496,4.818145140873261,50000
2020-05-25,4.818145140873261,4.995745618620999,4.799067631755008,4.952901509125635,112771
2020-05-26,4.952901509125635,4.999903512162624,4.9391623368976,4.993789995058798,50000
2020-05-27,4.993789995058798,5.203676788156426,4.951485736483272,5.154023245216903,50000
2020-05-28,5.154023245216903,5.505343040588909,5.1300485337178445,5.4759007735600225,50000
2020-05-29,5.4759007735600225,5.6333616448258805,5.4610636726948,5.571869645546439,60386
2020-06-01,5.571869645546439,5.692443605305183,5.55361494613934,5.679236707888462,86743
2020-06-02,5.679236707888462,5.881659729596425,5.638311096799145,5.861392278115111,50000
2020-06-03,5.861392278115111,6.318546372234393,5.827694361974635,6.2981480728862245,50000
2020-06-04,6.2981480728862245,6.298313473230697,5.961169216594955,5.991064237863279,50000
2020-06-05,5.991064237863279,6.056286098999972,5.9434877364274765,6.044073174408997,50000
2020-06-08,6.044073174408997,6.55256845730199,6.020023859177617,6.521028335759721,50000
2020-06-09,6.521028335759721,6.607672962625786,6.039157813873967,6.104805761471285,50000
2020-06-10,6.104805761471285,6.111523646238636,5.957429767544663,6.000415058961642,52420
2020-06-11,6.000415058961642,6.00507650405631,5.648734943612596,5.697841059848363,54102
2020-06-12,5.697841059848363,5.704084029338681,5.548657416113901,5.568290513733448,64094
2020-06-15,5.568290513733448,5.680102524692475,5.559369720533446,5.649065926107441,67211
2020-06-16,5.649065926107441,5.929493849057297,5.594735412441905,5.877695731383616,50000
2020-06-17,5.877695731383616,5.970291767779983,5.867505151431722,5.946915222448292,50000
2020-06-18,5.946915222448292,5.95038607554032,5.9135969879952714,5.921982795255916,50000
2020-06-19,5.921982795255916,5.957464194554633,5.655968919997849,5.689910405371367,50000
2020-06-22,5.689910405371367,5.767395054432019,5.372953796022657,5.4026367900370165,50000
2020-06-23,5.4026367900370165,5.713043404269684,5.381286371036352,5.692745217600121,50000
2020-06-24,5.692745217600121,5.719008997081498,5.523096261189544,5.558736745706946,50000
2020-06-25,5.558736745706946,5.685236121642191,5.516288933424264,5.651736983087647,51077
2020-06-26,5.651736983087647,5.851628025449829,5.648232246865304,5.83847361014116,50000
2020-06-29,5.83847361014116,5.875561846399318,5.514449368324491,5.515764794941009,50000
2020-06-30,5.515764794941009,5.536469557288304,5.1592305497202275,5.172533243234669,53686
2020-07-01,5.172533243234669,5.995823534870314,5.14973878867967,5.97011476586496,50000
2020-07-02,5.97011476586496,6.248813039838953,5.957834658556332,6.2298031842497545,50000
2020-07-03,6.2298031842497545,6.23177118874352,6.08535039046185,6.129098574723907,50000
2020-07-06,6.129098574723907,6.195133093938758,5.779262173912357,5.918971026672603,111742
2020-07-07,5.918971026672603,5.964370817882265,5.807424384813411,5.840662915551567,50000
2020-07-08,5.840662915551567,5.8721256519812774,5.327052245599584,5.327559925257961,50000
2020-07-09,5.327559925257961,5.355400364552377,5.232329342670317,5.242130079602469,109004
2020-07-10,5.242130079602469,5.601822678452608,5.1984696607393275,5.594556848198652,89359
2020-07-13,5.594556848198652,5.714477945472369,5.5908538629778555,5.71255825878514,57528
2020-07-14,5.71255825878514,5.730058091887981,5.3811030725840805,5.4084573760802,50000
2020-07-15,5.4084573760802,5.43571027314783,5.372779631334784,5.40242782859743,76235
2020-07-16,5.40242782859743,5.490546514005751,5.394896000340544,5.490248639205528,50000
2020-07-17,5.490248639205528,5.526864546720346,5.354729238904877,5.431684925618511,53485
2020-07-20,5.431684925618511,5.565776652981163,5.34922716903638,5.523215051042317,50000
2020-07-21,5.523215051042317,5.5531277245409,5.37497541639795,5.375320855176636,70824
2020-07-22,5.375320855176636,5.970544280307869,5.338071972594464,5.914199765375237,50000
2020-07-23,5.914199765375237,6.297107177458065,5.889262411141238,6.224870934208304,88366
2020-07-24,6.224870934208304,6.228339610241718,5.67915777060853,5.700355762067371,50000
2020-07-27,5.700355762067371,5.873370903464635,5.660481174247416,5.859233475919805,50000
2020-07-28,5.859233475919805,6.1804620009438995,5.805581115714667,6.137943365162671,50000
2020-07-29,6.137943365162671,6.366515736929724,6.107497767470149,6.353329026821995,50000
2020-07-30,6.353329026821995,6.436246197931097,6.351344612295036,6.429543538230252,50000
2020-07-31,6.429543538230252,6.4706850849687525,6.116679183725195,6.171064456492296,50000
2020-08-03,6.171064456492296,6.185730447440716,5.700211038099341,5.727612500303401,50000
2020-08-04,5.727612500303401,5.8310335734929595,5.67121453641063,5.709323553403478,50000
2020-08-05,5.709323553403478,6.042919656322753,5.705050248507397,6.006661365868742,50000
2020-08-06,6.006661365868742,6.427982542996282,5.999059532811334,6.371436416230073,70739
2020-08-07,6.371436416230073,6.391993578421451,6.233920295408952,6.249938688385932,89562
2020-08-10,6.249938688385932,6.278778035786311,5.981720632990248,5.986022183273749,54813
2020-08-11,5.986022183273749,6.262320991957604,5.961843273431977,6.233535223249959,50000
2020-08-12,6.233535223249959,6.24018130451852,6.116020089134217,6.159823351599279,50083
2020-08-13,6.159823351599279,6.5294620070460105,6.151439992738666,6.495755402648066,50000
2020-08-14,6.495755402648066,6.503202526028845,6.397742948452879,6.470373734115007,50000
2020-08-17,6.470373734115007,6.6661507933047,6.458576209230538,6.594978259391705,50000
2020-08-18,6.594978259391705,6.941117960262438,6.583443949019037,6.913803812770312,72762
2020-08-19,6.913803812770312,7.016073490152398,6.893317655460409,6.968628063561664,50000
2020-08-20,6.968628063561664,7.032016195253007,6.8191514065035035,6.832817992403394,78465
2020-08-21,6.832817992403394,7.5102255000286,6.822012484472496,7.467514638073248,50000
2020-08-24,7.467514638073248,7.617715353549894,7.445792017172863,7.568073555379612,94520
2020-08-25,7.568073555379612,7.7503740305076345,7.493635142447969,7.710656037088014,50000
2020-08-26,7.710656037088014,7.745962886708837,7.626703543216108,7.733683439838556,50000
2020-08-27,7.733683439838556,7.739367358775362,7.432137324660789,7.432202213804451,50000
2020-08-28,7.432202213804451,7.678759239444322,7.391837203834892,7.637280448345996,50000
2020-08-31,7.637280448345996,7.637354474458399,7.440274867839693,7.463307018899043,50000
2020-09-01,7.463307018899043,7.554634369693809,7.439761705154409,7.542397642370192,71385
2020-09-02,7.542397642370192,7.624933312698497,7.511093117737969,7.607590601960345,50000
2020-09-03,7.607590601960345,7.648944298718281,7.5298527328615545,7.580350988171258,50000
2020-09-04,7.580350988171258,7.607299439804151,7.460847400029553,7.480429987976924,50000
2020-09-07,7.480429987976924,7.540180822834707,7.403674582420277,7.405029457634904,91296
2020-09-08,7.405029457634904,7.425081260582948,7.196364505714496,7.210619528711955,50000
2020-09-09,7.210619528711955,7.263160503437687,7.187412082589037,7.236162729034233,50000
2020-09-10,7.236162729034233,7.353407116175757,7.171215798212224,7.315873516226212,77812
2020-09-11,7.315873516226212,7.778623431006864,7.281647663886719,7.700765989735646,50000
2020-09-14,7.700765989735646,7.823542808362464,7.653268239537427,7.772565269115433,50000
2020-09-15,7.772565269115433,7.787137869629697,7.601302479703682,7.60929684512317,50000
2020-09-16,7.60929684512317,7.754871488275022,7.574802394284993,7.679315455067158,87662
2020-09-17,7.679315455067158,7.885106839566776,7.648192025635317,7.855135518012794,50000
2020-09-18,7.855135518012794,8.11912579867974,7.79137917644528,8.08845153322182,63460
2020-09-21,8.08845153322182,8.477282403067072,8.077971335394993,8.412803421298104,50000
2020-09-22,8.412803421298104,8.569936360675058,8.401729035091659,8.539899793748852,52948
2020-09-23,8.539899793748852,8.612950340234052,8.340513085450262,8.366880859332705,103131
2020-09-24,8.366880859332705,8.3758811911243,8.286357754832663,8.32508932569623,50000
2020-09-25,8.32508932569623,8.444726706828007,8.189096338918137,8.333410834228651,166751
2020-09-28,8.333410834228651,8.578906232572068,8.241879548755122,8.444371605978185,50000
2020-09-29,8.444371605978185,8.872778352163968,8.437095417786118,8.81220421672245,50000
2020-09-30,8.81220421672245,8.832791364265518,8.462220809749118,8.496242674336028,50000
2020-10-01,8.496242674336028,8.503594967264922,8.086320768659025,8.244052014441817,60820
2020-10-02,8.244052014441817,8.313025580026242,8.115349478840603,8.136356131565782,50000
2020-10-05,8.136356131565782,8.191069485057993,8.087454053947384,8.088183074685436,50000
2020-10-06,8.088183074685436,8.128462718231363,7.681983654602508,7.78694905919194,56514
2020-10-07,7.78694905919194,7.795977149910757,7.511183958477057,7.527997676170518,84123
2020-10-08,7.527997676170518,7.579789133000917,6.979254678658554,7.0127049763510785,50000
2020-10-09,7.0127049763510785,7.052517632930031,6.866690860953266,6.873138827606954,50000
2020-10-12,6.873138827606954,7.057600394285749,6.812192381696973,7.023898891079707,146544
2020-10-13,7.023898891079707,7.156034437944601,6.981256047389743,7.138869138996625,50000
2020-10-14,7.138869138996625,7.4243528003593635,7.073368566133955,7.363136104802054,50000
2020-10-15,7.363136104802054,7.39840763607067,7.188986001717645,7.199914043562789,50000
2020-10-16,7.199914043562789,7.220673908323338,6.900745323870051,6.970406772120091,50000
2020-10-19,6.970406772120091,6.98368486581744,6.3009120111751304,6.310609425516019,55370
2020-10-20,6.310609425516019,6.687595360568674,6.304855571101778,6.641420440828823,175096
2020-10-21,6.641420440828823,6.998275994293518,6.623225782088826,6.959938219988268,50000
2020-10-22,6.959938219988268,7.04929245201027,6.890807900407321,7.044493627646306,50000
2020-10-23,7.044493627646306,7.087556729072794,6.866743624081573,6.930668699004878,80412
2020-10-26,6.930668699004878,6.9867424623515975,6.8438726353252815,6.866975578122116,153351
2020-10-27,6.866975578122116,7.050545065521607,6.813949636084778,7.012046285712933,50000
2020-10-28,7.012046285712933,7.022498069545665,6.948307429337582,6.999935069552797,50000
2020-10-29,6.999935069552797,7.178928514098326,6.960544105826202,7.087226788810802,50000
2020-10-30,7.087226788810802,7.116742841900917,6.874069400650383,6.888626834730465,50000
2020-11-02,6.888626834730465,7.492704410739453,6.819313350289336,7.473003550073517,67453
2020-11-03,7.473003550073517,7.91293512863848,7.44141930573878,7.906758891387848,59799
2020-11-04,7.906758891387848,7.938815270360052,7.813671043646399,7.834630005819936,96937
2020-11-05,7.834630005819936,8.185003648600745,7.824763531508813,8.130387772987849,58939
2020-11-06,8.130387772987849,8.179441614851132,7.903853952107536,7.919055587643463,50000
2020-11-09,7.919055587643463,8.362147550368766,7.907965766834109,8.341739682252326,50000
2020-11-10,8.341739682252326,8.684850413049773,8.308096616818471,8.659216534552247,50000
2020-11-11,8.659216534552247,8.750010362495816,8.591402907859253,8.60996999118477,50000
2020-11-12,8.60996999118477,8.610748925285751,8.54473862658671,8.558468761097897,50000
2020-11-13,8.558468761097897,8.717383652139764,8.527048741412028,8.680770576582184,50000
2020-11-16,8.680770576582184,8.964970470106868,8.610826507703983,8.85339946216423,51997
2020-11-17,8.85339946216423,9.273992669353834,8.850667151484107,9.273673648311714,50000
2020-11-18,9.273673648311714,9.573828630706895,9.17675174913967,9.551454292673567,50000
2020-11-19,9.551454292673567,9.819791859738277,9.508577766619185,9.763599280077779,50000
2020-11-20,9.763599280077779,9.892781582581058,9.428198643999316,9.476527568040996,50000
2020-11-23,9.476527568040996,9.88195510726043,9.466323021073416,9.85879210407482,50000
2020-11-24,9.85879210407482,10.177542148299645,9.843869652301152,10.088470654499586,64758
2020-11-25,10.088470654499586,10.325413166253611,10.000243924724161,10.267449210440558,100550
2020-11-26,10.267449210440558,10.327558442848128,10.169042469625593,10.280395197889563,50000
2020-11-27,10.280395197889563,10.31912161439884,9.925892222645459,10.034883531374708,59372
2020-11-30,10.034883531374708,10.087060415190845,9.553300038602965,9.64084025134367,50000
2020-12-01,9.64084025134367,9.74630789775339,9.269302724092025,9.280068942918467,50000
2020-12-02,9.280068942918467,9.570051661120713,9.242529048547517,9.549850581562872,50000
2020-12-03,9.549850581562872,9.623645711132479,9.285780993113349,9.388607431594158,50000
2020-12-04,9.388607431594158,9.474353039746253,9.218679102826306,9.2527900606739,50000
2020-12-07,9.2527900606739,9.32028680455568,9.239687060016207,9.273893321765438,99966
2020-12-08,9.273893321765438,9.720352782607074,9.236494340034138,9.652771278208302,50000
2020-12-09,9.652771278208302,9.700564824614336,9.257345577355089,9.32198571927763,50000
2020-12-10,9.32198571927763,9.325029859144992,8.98913488398554,9.042153498421403,50000
2020-12-11,9.042153498421403,9.37687451696878,9.009795601460826,9.355662805629299,50000
2020-12-14,9.355662805629299,9.409117870747052,9.268208125890927,9.38009381857591,56610
2020-12-15,9.38009381857591,9.40167754366681,9.254462728684775,9.367282063288764,50000
2020-12-16,9.367282063288764,9.397765729098948,9.075033369411894,9.11255011160854,56541
2020-12-17,9.11255011160854,9.12557158389572,8.78946596228427,8.815354438134575,50000
2020-12-18,8.815354438134575,8.853425039215125,8.795253287388567,8.836224516008775,50000
2020-12-21,8.836224516008775,8.848212454525502,8.72512151854071,8.758578619143645,50000
2020-12-22,8.758578619143645,9.01910209828911,8.691065925714964,8.992664014420177,50000
2020-12-23,8.992664014420177,9.603767168453846,8.973342280999805,9.5254632925622,239300
2020-12-24,9.5254632925622,9.525720512449961,9.248556484027931,9.303498830778375,95951
2020-12-25,9.303498830778375,9.305028080344274,9.156591063690096,9.226894618936523,60302
2020-12-28,9.226894618936523,9.517605554694029,9.177920047102132,9.372384332544753,68887
2020-12-29,9.372384332544753,9.91289836992141,9.33066868565743,9.846793367143711,50000
2020-12-30,9.846793367143711,9.857187501472694,9.638498454226799,9.769913833234456,50000
2020-12-31,9.769913833234456,10.12756869480552,9.699018919988948,10.082761888871518,50000
2021-01-01,10.082761888871518,10.08904116636169,9.824346299874135,9.882392359319413,50000
2021-01-04,9.882392359319413,9.973868247906765,9.620811904029704,9.670232394713446,90739
2021-01-05,9.670232394713446,9.950629177830116,9.627855677376225,9.919320413709237,50000
2021-01-06,9.919320413709237,9.960146488919344,9.831891418200078,9.865692001427371,53254
2021-01-07,9.865692001427371,10.202355914286056,9.851184677758472,10.177044226291011,50000
2021-01-08,10.177044226291011,10.225861325426187,9.570288391391315,9.66930228303078,50000
2021-01-11,9.66930228303078,9.690410578034163,9.383950352550736,9.412102955802629,64148
2021-01-12,9.412102955802629,9.49919085432433,9.394858644729839,9.484001685779504,60674
2021-01-13,9.484001685779504,9.484465439471753,9.411449659325442,9.446560530324046,97278
2021-01-14,9.446560530324046,9.455147532449635,9.329628970978472,9.333520564148275,50000
2021-01-15,9.333520564148275,9.369323812783225,9.27698556082427,9.322250566844472,56939
2021-01-18,9.322250566844472,9.357863679157903,9.309930239745036,9.326374596620056,50000
2021-01-19,9.326374596620056,9.627312753160627,9.260038108070987,9.569189198449875,89941
2021-01-20,9.569189198449875,9.967076981424581,9.507593226490615,9.953253085651665,50000
2021-01-21,9.953253085651665,10.030834649973105,9.830404457659805,9.84219896473721,58045
2021-01-22,9.84219896473721,9.930478697174172,9.414634927878241,9.544307710731966,56547
2021-01-25,9.544307710731966,9.773414015160334,9.48071362194422,9.763891397413948,50000
2021-01-26,9.763891397413948,9.922147995088364,9.742915052269424,9.859253661792637,50000
2021-01-27,9.859253661792637,10.02862677715983,9.85702189381308,10.015249009192345,50000
2021-01-28,10.015249009192345,10.056600432130455,9.818131876493451,9.891848749947428,50000
2021-01-29,9.891848749947428,10.00072180091463,9.793780454109182,9.857790336923886,50000
2021-02-01,9.857790336923886,9.911538700591306,9.673510871436505,9.76246275743493,90325
2021-02-02,9.76246275743493,9.78427286767131,9.544216040435492,9.57416839581001,50000
2021-02-03,9.57416839581001,9.58886878593559,9.0726563088055,9.109828683530857,50000
2021-02-04,9.109828683530857,9.25364968159009,9.090188632713986,9.179391971957953,50000
2021-02-05,9.179391971957953,9.208497570028191,8.969005601138687,9.084111768441435,50000
2021-02-08,9.084111768441435,9.199363890991572,9.056498786919041,9.172659726043285,50000
2021-02-09,9.172659726043285,9.200236388729275,9.041952580143807,9.06562125166707,72367
2021-02-10,9.06562125166707,9.152113909138786,8.81629893726527,8.88229393923778,50000
2021-02-11,8.88229393923778,9.238407827111134,8.853525367708242,9.160473337872352,50000
2021-02-12,9.160473337872352,9.196301373060594,8.91826409466594,8.996066826853625,64749
2021-02-15,8.996066826853625,9.057038359396545,8.509445458080345,8.57326559327438,50000
2021-02-16,8.57326559327438,9.102534262091522,8.548608799651854,9.04957033912908,89813
2021-02-17,9.04957033912908,9.075400426975108,8.877865825794128,8.93407941904517,51247
2021-02-18,8.93407941904517,8.93643128657158,8.584994922896863,8.737372469153556,50000
2021-02-19,8.737372469153556,9.125008611735126,8.714612631389778,9.059990146893021,50000
2021-02-22,9.059990146893021,9.271264369928168,9.051347271984454,9.165640033117091,126008
2021-02-23,9.165640033117091,9.33299422942205,9.095751023726743,9.201208024858655,50000
2021-02-24,9.201208024858655,9.205629753872554,9.029512530881457,9.067363873470653,72468
2021-02-25,9.067363873470653,9.323481420936963,8.979945872906207,9.273712153495627,50000
2021-02-26,9.273712153495627,9.329103287965934,9.233912559465214,9.295221062980456,50000
2021-03-01,9.295221062980456,9.996006230640077,9.19972620388767,9.925855412617878,50000
2021-03-02,9.925855412617878,9.96005786438696,9.795371511440976,9.796738768434615,126394
2021-03-03,9.796738768434615,9.856793053413785,9.149990238925188,9.18436763020093,50000
2021-03-04,9.18436763020093,9.335874679110402,9.140785849303729,9.325887255718174,50000
2021-03-05,9.325887255718174,9.445850311331267,9.249960439819437,9.41379718201691,50000
2021-03-08,9.41379718201691,9.896116609849129,9.339453434256077,9.884495629763892,65891
2021-03-09,9.884495629763892,10.236578428883101,9.8683509303194,10.159121812266738,50000
2021-03-10,10.159121812266738,10.167469168594453,9.654079159920883,9.75025653261981,50000
2021-03-11,9.75025653261981,9.775925924291906,9.635695366545244,9.635757344302405,67819
2021-03-12,9.635757344302405,9.653142332459609,9.441591948219838,9.466121692862691,50000
2021-03-15,9.466121692862691,9.471399100825888,9.402897707332153,9.456409800958944,58409
2021-03-16,9.456409800958944,9.531126360809306,9.27822581389852,9.317524057759838,50000
2021-03-17,9.317524057759838,9.354615155085316,9.184473787086766,9.237557950393528,87547
2021-03-18,9.237557950393528,9.282194933515024,8.939851901700491,8.95763233484656,50000
2021-03-19,8.95763233484656,9.05998806797023,8.763470244957832,8.825440970110133,91869
2021-03-22,8.825440970110133,8.875549656387024,8.4128632468841,8.611134215121455,50000
2021-03-23,8.611134215121455,8.719135376029971,8.606370348536835,8.612743526421307,50000
2021-03-24,8.612743526421307,8.62231532665744,8.474937409183081,8.53257596255797,67339
2021-03-25,8.53257596255797,8.57502775640363,8.374034842384903,8.437653196509576,50000
2021-03-26,8.437653196509576,8.502239552882425,8.097645799324246,8.099925683869271,50000
2021-03-29,8.099925683869271,8.223771698282755,8.078184279210351,8.207508976909349,50000
2021-03-30,8.207508976909349,8.26452604412199,8.032601046759753,8.081307298991751,61225
2021-03-31,8.081307298991751,8.556270690840664,8.055298516033435,8.415219516624889,69167
2021-04-01,8.415219516624889,8.678311966399017,8.355299594986304,8.60645068113942,50000
2021-04-02,8.60645068113942,8.64374594122884,8.070892914660297,8.09886078147797,50000
2021-04-05,8.09886078147797,8.175550725055055,7.880243294991686,7.881836509182768,50000
2021-04-06,7.881836509182768,8.173903165216522,7.806985247417898,8.06083984527509,50000
2021-04-07,8.06083984527509,8.208735532536796,8.016694449275574,8.165534089890247,50000
2021-04-08,8.165534089890247,8.216181856915616,7.754200865425647,7.817918725586491,93018
2021-04-09,7.817918725586491,8.041580097298198,7.780139108763071,7.967451225380721,99416
2021-04-12,7.967451225380721,8.25152077606788,7.8542421521430015,8.22895101583189,50000
2021-04-13,8.22895101583189,8.250565140522562,8.163525371505358,8.217955855690786,50000
2021-04-14,8.217955855690786,8.240293933427221,8.175751156094769,8.216263299152777,52726
2021-04-15,8.216263299152777,8.244536152103663,7.8896961399665075,7.977650684046326,50000
2021-04-16,7.977650684046326,8.122487976373987,7.95387189211241,8.10932061342586,50000
2021-04-19,8.10932061342586,8.25158253480942,8.07384296155057,8.218187722074411,50000
2021-04-20,8.218187722074411,8.236402511072392,8.024028846940823,8.042771848798825,103033
2021-04-21,8.042771848798825,8.14840322455754,7.9247866019458115,7.972221461830989,54413
2021-04-22,7.972221461830989,8.473575246022607,7.949856995191951,8.454399854698986,50000
2021-04-23,8.454399854698986,8.542426486459423,7.981209691197357,8.03875123012737,50000
2021-04-26,8.03875123012737,8.083169630079103,8.000766011247539,8.035940479886301,50000
2021-04-27,8.035940479886301,8.157420293619353,7.768744785604682,7.801895009939954,50000
2021-04-28,7.801895009939954,7.8537289559630645,7.591343729377839,7.618559140781073,50000
2021-04-29,7.618559140781073,7.625432241563153,7.416104712507982,7.424328350022762,50000
2021-04-30,7.424328350022762,7.512286137590808,7.0703450482363746,7.073469911907944,50000
2021-05-03,7.073469911907944,7.136853723451494,6.9681191786335095,7.1061715190060255,50000
2021-05-04,7.1061715190060255,7.148910472021493,7.090305182893394,7.1469328324838965,60054
2021-05-05,7.1469328324838965,7.442356668872231,7.056476117409351,7.434030984684265,56459
2021-05-06,7.434030984684265,7.6614262089909975,7.356194306189577,7.648315507953193,50000
2021-05-07,7.648315507953193,7.734435143292296,7.552197525066847,7.729434460839564,50000
2021-05-10,7.729434460839564,7.896247252035582,7.645915099113553,7.8935761240766595,50000
2021-05-11,7.8935761240766595,7.9038382312165085,7.624524424511613,7.694114366297327,90460
2021-05-12,7.694114366297327,7.71672705265312,7.502325607856271,7.586879296574259,76900
2021-05-13,7.586879296574259,7.840681574596317,7.572282967423419,7.808813737781785,50000
2021-05-14,7.808813737781785,7.854347485822075,7.558098771007455,7.5971782477629946,50000
2021-05-17,7.5971782477629946,7.890726607653746,7.594874787453234,7.849203153638083,53515
2021-05-18,7.849203153638083,7.893570565129963,7.667136595985216,7.783441503594485,50000
2021-05-19,7.783441503594485,8.469616490014928,7.7741417247353795,8.434018145824947,50000
2021-05-20,8.434018145824947,8.463656072338303,8.206499200314278,8.228310116728307,64554
2021-05-21,8.228310116728307,8.337766118633521,8.227814490625791,8.290786504867027,50000
2021-05-24,8.290786504867027,8.333749245218101,8.28757493865709,8.321684901939062,50000
2021-05-25,8.321684901939062,8.374277772084326,8.05796547165362,8.139075435576517,50000
2021-05-26,8.139075435576517,8.141705262851978,7.610827941674174,7.720208736869688,50000
2021-05-27,7.720208736869688,7.9028216796541475,7.627956769078146,7.898742826618969,50000
2021-05-28,7.898742826618969,8.004725889709055,7.852311041907314,7.980648275383361,50711
2021-05-31,7.980648275383361,8.053926150745504,7.844499840671019,7.847575569159984,64270
2021-06-01,7.847575569159984,7.857848493108124,7.736063429040865,7.752232300324588,50000
2021-06-02,7.752232300324588,7.779642353001411,7.2890781880521125,7.300821004513295,50000
2021-06-03,7.300821004513295,7.551783944676006,7.227438244456375,7.518288039542889,71176
2021-06-04,7.518288039542889,7.702416531282678,7.516237578171697,7.653077327975508,89550
2021-06-07,7.653077327975508,8.189582614393377,7.624806593803063,8.135987755748124,54761
2021-06-08,8.135987755748124,8.185687339034518,7.872779743893226,7.933904938221367,141211
2021-06-09,7.933904938221367,7.966877059282321,7.845446466734599,7.846164569556468,50000
2021-06-10,7.846164569556468,7.877239292183705,7.793456795399157,7.806686701078991,50000
2021-06-11,7.806686701078991,7.986734399390332,7.783087049953895,7.974283681462651,263413
2021-06-14,7.974283681462651,8.010172913270829,7.819034747734376,7.824330253267616,62267
2021-06-15,7.824330253267616,8.08347081690784,7.8002457107799055,8.042489182617885,88578
2021-06-16,8.042489182617885,8.11986040669119,8.001882724704735,8.052753843283968,76131
2021-06-17,8.052753843283968,8.185123187132263,8.052484818012005,8.172385467011859,50000
2021-06-18,8.172385467011859,8.63804128278991,8.08236837378463,8.583229574777933,50000
2021-06-21,8.583229574777933,8.976017574004823,8.558354996610463,8.92556164452523,100300
2021-06-22,8.92556164452523,8.940513697725846,8.68398292601079,8.690155718117566,50000
2021-06-23,8.690155718117566,9.268983805430208,8.687638365306515,9.227411529418147,50000
2021-06-24,9.227411529418147,9.505008006268223,9.20346074280133,9.43613577145554,79115
2021-06-25,9.43613577145554,9.44419813843517,9.342467216167366,9.421113355858822,50000
2021-06-28,9.421113355858822,9.452976133678556,9.04705214266995,9.083730560324193,50000
2021-06-29,9.083730560324193,9.52676576693874,9.027831633483759,9.46228811393157,50000
2021-06-30,9.46228811393157,9.713585633295997,9.403126814545509,9.661204553581875,71828
2021-07-01,9.661204553581875,9.7473660635388,9.432167215146467,9.45423705290175,50000
2021-07-02,9.45423705290175,9.582398348351312,9.395084769342917,9.570367770137402,59887
2021-07-05,9.570367770137402,9.725725169394675,9.486291620060825,9.716104235033296,50000
2021-07-06,9.716104235033296,10.144324773702273,9.641297832234455,10.069135488140065,50000
2021-07-07,10.069135488140065,10.079488023211514,9.847824744546859,9.957629364865337,50000
2021-07-08,9.957629364865337,10.30404954993392,9.944827563479036,10.206724024968674,60341
2021-07-09,10.206724024968674,10.257163519795943,9.841459387334707,9.859174491289835,65559
2021-07-12,9.859174491289835,9.876928380626222,9.496256298426031,9.585272000672637,53148
2021-07-13,9.585272000672637,9.920452062213418,9.547423138656484,9.844394116210315,50000
2021-07-14,9.844394116210315,9.87686865184738,9.75091867511198,9.78886660443595,50000
2021-07-15,9.78886660443595,10.313234442821155,9.691487277518092,10.171187203015787,50000
2021-07-16,10.171187203015787,10.506876319510498,10.168183759032424,10.487203368959683,50000
2021-07-19,10.487203368959683,10.57831503394204,10.300750363824715,10.309822569800899,50000
2021-07-20,10.309822569800899,10.3450426604906,10.046125495054168,10.144275366619818,50000
2021-07-21,10.144275366619818,10.304723770285712,10.088585901265217,10.234373749147421,90319
2021-07-22,10.234373749147421,10.255156469060697,10.187639980890179,10.225372742083014,106351
2021-07-23,10.225372742083014,10.260741728961346,9.659938857839926,9.72360765109791,66482
2021-07-26,9.72360765109791,9.7333031354682,9.390874304142951,9.454624196131439,50000
2021-07-27,9.454624196131439,9.829650242108485,9.42389406688812,9.821286189226155,50000
2021-07-28,9.821286189226155,9.87508645761788,9.659658064698515,9.719245406319049,102833
2021-07-29,9.719245406319049,9.76738587933303,9.293056239031806,9.301443491393965,50000
2021-07-30,9.301443491393965,9.360912095108377,8.827839489183841,8.851178683670417,50000
2021-08-02,8.851178683670417,9.365595711415574,8.776098912607953,9.33807823725309,50000
2021-08-03,9.33807823725309,9.338969489049726,9.289486113626518,9.332059195734347,50000
2021-08-04,9.332059195734347,9.38434220675867,9.290816687245728,9.349351545882383,182119
2021-08-05,9.349351545882383,9.396925132234122,8.969310920185347,9.065234722951102,50000
2021-08-06,9.065234722951102,9.237267715163695,9.02552450623841,9.154855682644508,50000
2021-08-09,9.154855682644508,9.514796370212258,9.104708114840177,9.454982745776608,50000
2021-08-10,9.454982745776608,9.878449631191666,9.34494958503057,9.86087268381691,50000
2021-08-11,9.86087268381691,9.876008524656918,9.745803436446913,9.767782219480466,70789
2021-08-12,9.767782219480466,10.190056982339303,9.740689281734044,10.085562145370895,50000
2021-08-13,10.085562145370895,10.178225620009353,9.94354880922492,10.076934084889716,50000
2021-08-16,10.076934084889716,10.423420115748852,10.051526501248883,10.355256018624804,50000
2021-08-17,10.355256018624804,10.383076027713058,9.884423639013441,9.922451915505311,50000
2021-08-18,9.922451915505311,10.014527195574779,9.84674705709294,9.867495555188246,112000
2021-08-19,9.867495555188246,10.148509709682493,9.825355263490984,10.117726313788012,50000
2021-08-20,10.117726313788012,10.50172617846876,10.107351404771638,10.40725441259083,50000
2021-08-23,10.40725441259083,10.42914225963227,10.26203003328787,10.2673915074382,50000
2021-08-24,10.2673915074382,10.662133200498992,10.17189683653911,10.648078535681162,62448
2021-08-25,10.648078535681162,10.669337337948347,10.275071952699408,10.289989684345908,50000
2021-08-26,10.289989684345908,10.630339377611708,10.208538709323909,10.624021898921248,87047
2021-08-27,10.624021898921248,10.84896044489899,10.623435855052657,10.737654242485833,50000
2021-08-30,10.737654242485833,10.907567854733145,10.671878150133569,10.893362744418587,50000
2021-08-31,10.893362744418587,10.937530072937358,10.690573872508011,10.701671266552902,50000
2021-09-01,10.701671266552902,10.710352975518344,10.32484107011252,10.373884012915315,50000
2021-09-02,10.373884012915315,10.513982810254584,10.322601714523264,10.476157434694652,63191
2021-09-03,10.476157434694652,10.523199775658142,10.473739574032816,10.510355526203595,50000
2021-09-06,10.510355526203595,10.558365062574525,10.444359472014211,10.531080030250614,50000
2021-09-07,10.531080030250614,10.555900613720251,10.425490156039633,10.4934457167568,103886
2021-09-08,10.4934457167568,10.52697441316505,10.40328947742591,10.472928558204817,50000
2021-09-09,10.472928558204817,10.92983591854595,10.470835381772547,10.92355093260871,110692
2021-09-10,10.92355093260871,11.378125071992413,10.899748441948203,11.315209701299764,50000
2021-09-13,11.315209701299764,11.341942273483395,10.94395331300832,11.009289607047494,50000
2021-09-14,11.009289607047494,11.043119221444334,10.533493347269417,10.550211768563406,114625
2021-09-15,10.550211768563406,10.84069209115014,10.549643661046149,10.829472199165503,50000
2021-09-16,10.829472199165503,10.876454069864812,10.781374787693576,10.85123448766245,50000
2021-09-17,10.85123448766245,10.865635290798252,10.675354023508639,10.69321392962478,50000
2021-09-20,10.69321392962478,11.097657066840753,10.664122714380417,11.032649017681806,77661
2021-09-21,11.032649017681806,11.128343605154912,11.02930602561004,11.096319190760685,50000
2021-09-22,11.096319190760685,11.137189679970213,10.703327443013759,10.739238404075698,50000
2021-09-23,10.739238404075698,10.815295714303122,10.739015918246537,10.776182265995686,50000
2021-09-24,10.776182265995686,11.12448910171551,10.721556830865493,11.083807253767244,50000
2021-09-27,11.083807253767244,11.115451520409787,10.880948068092591,11.017650435780457,50000
2021-09-28,11.017650435780457,11.494173530782431,10.941851412851486,11.41098943396822,50000
2021-09-29,11.41098943396822,11.64124599462837,11.39088723772604,11.610915667020896,50000
2021-09-30,11.610915667020896,11.844286110075688,11.58326137181668,11.731767847069568,50000
2021-10-01,11.731767847069568,11.924111380293088,11.709386437453634,11.910853495195193,50000
2021-10-04,11.910853495195193,12.08839524342791,11.836594526543701,12.025013185296102,50000
2021-10-05,12.025013185296102,12.272253760749837,11.990867443447307,12.190864872457118,50000
2021-10-06,12.190864872457118,12.70416633326118,12.123561089044454,12.545939317241427,50000
2021-10-07,12.545939317241427,12.598372741856256,12.528762822379852,12.547329618782241,50000
2021-10-08,12.547329618782241,12.77773386587587,12.525001878765895,12.737756426780672,50000
2021-10-11,12.737756426780672,12.810725911858768,12.591375886839929,12.62920641399161,50000
2021-10-12,12.62920641399161,12.669882639163243,12.56681063185071,12.615160936892622,112702
2021-10-13,12.615160936892622,12.739257551953816,12.514120729618476,12.689831936759392,50000
2021-10-14,12.689831936759392,12.765926862917567,12.606760545183175,12.610389783073565,207446
2021-10-15,12.610389783073565,12.742489364904706,12.54593348803901,12.683589109816047,50000
2021-10-18,12.683589109816047,12.864913282621313,12.64951025464761,12.844492161040623,106182
2021-10-19,12.844492161040623,12.883358030412447,12.68141229681947,12.704301405909117,50000
2021-10-20,12.704301405909117,12.707124914908473,12.488429138080685,12.585220457534643,50000
2021-10-21,12.585220457534643,12.934115683826679,12.56352587463316,12.914198477784236,92087
2021-10-22,12.914198477784236,13.056626757371374,12.838199495894377,13.025468224668321,53958
2021-10-25,13.025468224668321,13.072124853611617,12.557469412414461,12.589121991812885,50000
2021-10-26,12.589121991812885,12.658995270053037,12.48072150716128,12.493780699332413,50000
2021-10-27,12.493780699332413,12.59599290983597,12.31928166415972,12.453818912071355,50000
2021-10-28,12.453818912071355,12.462588998928426,12.278660012220088,12.358285943507274,50000
2021-10-29,12.358285943507274,13.084203868139832,12.303966474689913,12.918702942034914,50000
2021-11-01,12.918702942034914,13.053368190047237,12.810057686727694,12.817483488377812,53635
2021-11-02,12.817483488377812,13.008712280030602,12.559330981398691,12.644327199135684,50000
2021-11-03,12.644327199135684,12.746025637993284,12.304578285628644,12.411175245588739,50000
2021-11-04,12.411175245588739,12.6183774550029,12.343937419852857,12.594449407145689,50000
2021-11-05,12.594449407145689,13.036045406529805,12.574008843166563,12.928365331025756,51036
2021-11-08,12.928365331025756,12.99086731890176,12.706903331970219,12.749721629546872,50000
2021-11-09,12.749721629546872,12.848266972158426,12.68079468572823,12.701644259726576,63955
2021-11-10,12.701644259726576,12.770120143193777,12.558379257995501,12.704629782823323,50000
2021-11-11,12.704629782823323,13.186643061033582,12.659612719778416,13.147814606972013,139075
2021-11-12,13.147814606972013,13.367027074365826,13.099673162741219,13.207078321808117,73859
2021-11-15,13.207078321808117,13.868526702948225,13.181488784984431,13.747527914091904,50000
2021-11-16,13.747527914091904,14.018742751336701,13.734754104582013,13.973465075193076,50000
2021-11-17,13.973465075193076,14.433368827831917,13.909734244233716,14.362813482227502,50000
2021-11-18,14.362813482227502,14.626576968976615,14.215654812943,14.554395871486212,50000
2021-11-19,14.554395871486212,14.63840542431975,14.28640205944408,14.32138575462342,56299
2021-11-22,14.32138575462342,14.376351623235958,14.049093406381939,14.101874549652614,146598
2021-11-23,14.101874549652614,14.243101870311522,13.972199542686722,14.029617628683598,50000
2021-11-24,14.029617628683598,14.429560162559529,14.01252806398766,14.40986023210056,50000
2021-11-25,14.40986023210056,14.428378759892247,14.220480581198501,14.261223222704347,50000
2021-11-26,14.261223222704347,14.277348968534124,14.073078081788072,14.127675203402012,52397
2021-11-29,14.127675203402012,14.64019305299377,14.066547093305989,14.59877049038239,50000
2021-11-30,14.59877049038239,14.964344155187609,14.556035801713657,14.934391919501671,50000
2021-12-01,14.934391919501671,15.047788525718035,14.411792545399916,14.522228754035371,50000
2021-12-02,14.522228754035371,14.54552558660427,14.462663782996751,14.526595302125134,50000
2021-12-03,14.526595302125134,14.650494651906678,14.271098621171847,14.379973095350339,94598
2021-12-06,14.379973095350339,14.974196746293305,14.306171492701415,14.911695997442585,50000
2021-12-07,14.911695997442585,15.022471477094527,14.815487877769023,14.91701832902499,50000
2021-12-08,14.91701832902499,15.015795885507048,14.90346633765188,14.990188942436694,93456
2021-12-09,14.990188942436694,15.138528616811021,14.765893147844169,14.80689663628952,63667
2021-12-10,14.80689663628952,15.184888349221723,14.698359827409224,15.110983177087533,50000
2021-12-13,15.110983177087533,15.138863390033125,14.744958865284618,14.852279684261987,50000
2021-12-14,14.852279684261987,14.994581691481322,14.73119843475832,14.917407291136707,50000
2021-12-15,14.917407291136707,14.975250529949442,14.574402036524303,14.751644383384251,50000
2021-12-16,14.751644383384251,14.902324720658752,14.555829302591812,14.704546591635783,50000
2021-12-17,14.704546591635783,15.298757084677403,14.681656298130926,15.15876062545384,50000
2021-12-20,15.15876062545384,15.330974884613038,15.104448655868469,15.314342252085083,50000
2021-12-21,15.314342252085083,15.472163910227366,15.151839947128613,15.31701714450104,53726
2021-12-22,15.31701714450104,15.46334078573889,15.315714432495286,15.440602487431835,172237
2021-12-23,15.440602487431835,15.557689146769022,15.157662870035873,15.333800460482236,52498
2021-12-24,15.333800460482236,15.477546763809205,15.274065646559544,15.356024524282391,50000
2021-12-27,15.356024524282391,15.3869775119038,14.972276776558907,15.047779157657397,50000
2021-12-28,15.047779157657397,15.143396247583784,14.713036706604989,14.885789257851053,50000
2021-12-29,14.885789257851053,14.927981671018271,14.705216527220667,14.763289514833128,50000
2021-12-30,14.763289514833128,14.77130451337458,14.405252266176129,14.660996742623647,50000
2021-12-31,14.660996742623647,14.682381936026172,14.527531540237979,14.664889492068093,50000
2022-01-03,14.664889492068093,14.677607966993778,14.37210462569166,14.401307564447604,50000
2022-01-04,14.401307564447604,14.498056565194164,14.238956446323135,14.25490183279413,50000
2022-01-05,14.25490183279413,14.371123331358397,14.134419194060683,14.369089126217325,136651
2022-01-06,14.369089126217325,14.44846602126861,13.860171112334907,13.881934764955664,50000
2022-01-07,13.881934764955664,14.01893057749004,13.295190063579374,13.324601541721522,56775
2022-01-10,13.324601541721522,13.743938491857634,13.285780613084315,13.662698955464856,50000
2022-01-11,13.662698955464856,14.149215331122647,13.591378357002032,14.114868891968946,71654
2022-01-12,14.114868891968946,14.216372383235717,13.903954462337262,13.958719836202826,77597
2022-01-13,13.958719836202826,14.099382495022775,13.950356877922594,14.08733298152686,74509
2022-01-14,14.08733298152686,14.117741010429935,13.762636752285722,13.859236236503303,294573
2022-01-17,13.859236236503303,14.55165740390626,13.604944679985365,14.364718678774855,158037
2022-01-18,14.364718678774855,14.4777174643521,14.223996561424658,14.453101405616206,50000
2022-01-19,14.453101405616206,14.59396707085627,14.110106898986547,14.18205854373557,50000
2022-01-20,14.18205854373557,14.204573405495704,13.693442402690277,13.708582656832155,50000
2022-01-21,13.708582656832155,13.901512291388237,13.58988868438581,13.89774453611059,61106
2022-01-24,13.89774453611059,14.067017940217335,13.860239939969047,14.059528044274112,67085
2022-01-25,14.059528044274112,14.065006817490422,13.611768731294836,13.644840662244693,70036
2022-01-26,13.644840662244693,14.25716748513985,13.578444944016839,14.044700786145336,50876
2022-01-27,14.044700786145336,14.083966661867464,13.73797712609786,13.770583283984688,50000
2022-01-28,13.770583283984688,13.987369658585823,13.694569910567287,13.93049110188421,50000
2022-01-31,13.93049110188421,14.04447727097049,13.62726757443523,13.630218479479895,50000
2022-02-01,13.630218479479895,13.790670012995832,13.59146879918149,13.693144579711328,50000
2022-02-02,13.693144579711328,13.7775741127598,13.522300738235382,13.54661828488394,50000
2022-02-03,13.54661828488394,13.586714116992,12.726829535241086,12.81062319764968,57274
2022-02-04,12.81062319764968,12.826014786324567,12.465476837827705,12.477477731546747,50000
2022-02-07,12.477477731546747,12.872971011107277,12.413733172503504,12.758335424557021,50000
2022-02-08,12.758335424557021,12.882236539347865,12.743021644187786,12.852923145309985,50000
2022-02-09,12.852923145309985,12.858161307005528,12.67589470311515,12.770038596187355,50000
2022-02-10,12.770038596187355,12.884877182398458,12.673373497401661,12.854075305684704,50000
2022-02-11,12.854075305684704,13.084971786830181,12.805817050708853,13.032583175412883,50000
2022-02-14,13.032583175412883,13.12049334767493,12.9083759036703,13.063045512536196,50000
2022-02-15,13.063045512536196,13.253709760421922,12.995516200449211,13.182205024316218,52692
2022-02-16,13.182205024316218,13.90160979447632,13.081468076565995,13.765978249001709,50000
2022-02-17,13.765978249001709,13.902853552792795,13.274790207030978,13.389539316437821,50000
2022-02-18,13.389539316437821,13.654280284328175,13.332147195417726,13.559039857661345,140602
2022-02-21,13.559039857661345,13.713669397491747,13.548573431524709,13.70008835170278,50000
2022-02-22,13.70008835170278,13.745894746196546,13.28492425878209,13.370930299660664,50000
2022-02-23,13.370930299660664,13.404161155113977,13.25147818532956,13.25682212837796,50000
2022-02-24,13.25682212837796,13.53445506483974,13.170191616503867,13.517194058582533,50000
2022-02-25,13.517194058582533,13.631071237914853,13.393581588857565,13.422383639274244,50000
2022-02-28,13.422383639274244,13.459760011159531,13.420590957545366,13.42136780129557,50000
2022-03-01,13.42136780129557,13.485833441735773,13.292329756915452,13.310208455130407,52771
2022-03-02,13.310208455130407,13.313868148229284,13.147599934631241,13.252299022425959,50000
2022-03-03,13.252299022425959,13.946778846861873,13.17001456540251,13.93396384973541,66504
2022-03-04,13.93396384973541,13.942961309559449,13.771574108236965,13.817046669721995,92475
2022-03-07,13.817046669721995,14.063019653589684,13.808524967365857,13.992465086128139,50000
2022-03-08,13.992465086128139,14.132035332370997,13.985176222588937,14.082131865917491,50000
2022-03-09,14.082131865917491,14.24189892834165,14.050640432544945,14.218391658286656,53424
2022-03-10,14.218391658286656,14.350002005580484,14.171406612429278,14.322646233140341,50000
2022-03-11,14.322646233140341,14.33851037470996,14.223269803988915,14.30023793729461,153404
2022-03-14,14.30023793729461,14.326986783201788,13.785210697874676,13.795528570888207,50000
2022-03-15,13.795528570888207,13.812048315273465,13.653764560892157,13.772207719328469,50000
2022-03-16,13.772207719328469,13.906976932264154,13.771653309258012,13.827411981770501,50000
2022-03-17,13.827411981770501,13.918072203449025,13.686253509883564,13.858286097596965,51890
2022-03-18,13.858286097596965,13.892477888950495,13.056237992223018,13.129501168710762,50000
2022-03-21,13.129501168710762,13.174301132302693,13.127278219226708,13.15742969884351,61215
2022-03-22,13.15742969884351,13.174945301955775,12.580602669660905,12.684459383205198,50000
2022-03-23,12.684459383205198,12.704052982956364,12.509347190866437,12.632646526697133,59607
2022-03-24,12.632646526697133,12.716444056471355,12.22895162115218,12.279764093060185,50000
2022-03-25,12.279764093060185,12.371757043907834,12.151842050358383,12.181230766202681,50000
2022-03-28,12.181230766202681,12.1966069174988,11.81221516965129,11.816739616948174,50000
2022-03-29,11.816739616948174,11.891519152789021,11.720543506445706,11.799633702395742,50000
2022-03-30,11.799633702395742,11.800176194297952,11.565440611888338,11.611340896200014,50000
2022-03-31,11.611340896200014,11.70990384325353,11.544729229197303,11.704558131654696,50000
2022-04-01,11.704558131654696,12.03282341348853,11.575118112865482,11.976117351602056,67130
2022-04-04,11.976117351602056,12.005481232587933,11.971969345193198,11.986114025565687,50000
2022-04-05,11.986114025565687,12.053396498151928,11.537667641588726,11.58983908247268,50000
2022-04-06,11.58983908247268,11.927758804086848,11.548723269579675,11.91348598276995,50000
2022-04-07,11.91348598276995,11.947935239442195,11.687470038344683,11.800673585428543,100963
2022-04-08,11.800673585428543,12.052090704264575,11.78124835600481,11.876899566261274,58872
2022-04-11,11.876899566261274,12.292066498031753,11.848576539342766,12.253143537087842,238607
2022-04-12,12.253143537087842,12.29137484230382,12.074089170567216,12.182641760725268,103735
2022-04-13,12.182641760725268,12.519608118346,12.14483669313494,12.416646878487166,50000
2022-04-14,12.416646878487166,13.02961057629452,12.361389342468865,13.001916530857251,50000
2022-04-15,13.001916530857251,13.05568744215975,12.726310514810054,12.828917860761841,100256
2022-04-18,12.828917860761841,13.14963303975647,12.750188695107978,13.109890073947454,50000
2022-04-19,13.109890073947454,13.316221455365586,13.034245437189439,13.287605649651207,60511
2022-04-20,13.287605649651207,13.61909371752937,13.098736675310457,13.532993243678508,50000
2022-04-21,13.532993243678508,13.53808169129678,13.198416506082703,13.327603564044532,50000
2022-04-22,13.327603564044532,13.498195168227458,13.201381865858178,13.404426618155949,50000
2022-04-25,13.404426618155949,13.47965287022311,13.152740035099262,13.313002483768031,82660
2022-04-26,13.313002483768031,13.314317581043513,13.125569687662226,13.149396346121454,50000
2022-04-27,13.149396346121454,13.152546764146427,12.652583773744768,12.684573586633688,50000
2022-04-28,12.684573586633688,13.171187162389572,12.671551180437904,12.976773600042952,50272
2022-04-29,12.976773600042952,13.329755090027799,12.936187785263744,13.297746898557461,50000
2022-05-02,13.297746898557461,13.34186438814302,13.008661415061441,13.018228795972286,50000
2022-05-03,13.018228795972286,13.307581663759741,13.003658345810273,13.222219183169507,50000
2022-05-04,13.222219183169507,14.334823112441939,13.202654707689788,14.195413927910415,223760
2022-05-05,14.195413927910415,14.342566394132248,14.11129512835959,14.311141565107944,50000
2022-05-06,14.311141565107944,14.856181674800327,14.302558168232027,14.797308925055967,50000
2022-05-09,14.797308925055967,15.191320507456727,14.680127042863353,15.15139095257518,50000
2022-05-10,15.15139095257518,15.17433688565622,14.79204764017823,14.842219382806725,50000
2022-05-11,14.842219382806725,14.94716449472759,14.381199697164119,14.426515373687213,76067
2022-05-12,14.426515373687213,14.648007949209163,14.368270742892575,14.640586111265051,50000
2022-05-13,14.640586111265051,14.709044975577566,14.381335489066913,14.403164835845915,54275
2022-05-16,14.403164835845915,14.523565143479182,14.36373935734376,14.4516620834598,50000
2022-05-17,14.4516620834598,15.034867937531041,14.347852702715345,14.94927808363232,156842
2022-05-18,14.94927808363232,15.328546405988616,14.876066465789908,15.223048949529018,67368
2022-05-19,15.223048949529018,15.22856574149501,14.835025591819234,15.121765628971369,76537
2022-05-20,15.121765628971369,15.131061877677176,14.5898782076098,14.656342455395661,50000
2022-05-23,14.656342455395661,15.115672616129755,14.530950556894716,15.110507897708702,50000
2022-05-24,15.110507897708702,15.204928944959578,14.60015847354134,14.68156323839979,50000
2022-05-25,14.68156323839979,14.68869126092626,14.139624192185261,14.29259665567735,50000
2022-05-26,14.29259665567735,14.333993122684753,14.115953543891363,14.209973976711938,50000
2022-05-27,14.209973976711938,14.264597247217928,14.114447607903234,14.11867845177829,50000
2022-05-30,14.11867845177829,14.161768459346902,14.087255019699574,14.119585710327359,50000
2022-05-31,14.119585710327359,14.494174662575388,14.095290669848396,14.370878756601156,50000
2022-06-01,14.370878756601156,14.857224674575427,14.362620885065565,14.742938935671875,50000
2022-06-02,14.742938935671875,14.757799207833935,14.49797671416555,14.63447928880861,50000
2022-06-03,14.63447928880861,15.034342943543583,14.60503553680449,15.015139366794186,50000
2022-06-06,15.015139366794186,15.110305797253679,14.634160369481998,14.701490469383915,80251
2022-06-07,14.701490469383915,14.825972730386704,14.70036651524094,14.706769966470558,50000
2022-06-08,14.706769966470558,14.768970213784817,14.690232786326956,14.706448763778367,50000
2022-06-09,14.706448763778367,14.862359613676043,14.624749660513361,14.678115018952898,50000
2022-06-10,14.678115018952898,14.790226833312488,14.665208923688708,14.760446989523544,50000
2022-06-13,14.760446989523544,14.868875742035653,14.749923113521987,14.824732455270423,50000
2022-06-14,14.824732455270423,14.93950850135378,14.081443374710506,14.1284418434956,50000
2022-06-15,14.1284418434956,14.219318846106,14.115378365982185,14.196059717761825,50000
2022-06-16,14.196059717761825,14.416921675139589,14.164747156481797,14.344157383321855,50000
2022-06-17,14.344157383321855,14.434236276924489,14.226895082888484,14.433821514088997,50000
2022-06-20,14.433821514088997,14.542054282086344,14.338226541173226,14.445902291696113,50000
2022-06-21,14.445902291696113,14.466099980761925,14.047726610193259,14.095556125348779,50000
2022-06-22,14.095556125348779,14.213983819563653,14.06528816950855,14.13314572088773,50000
2022-06-23,14.13314572088773,14.16137162093653,13.975663087537288,14.0694503786165,50000
2022-06-24,14.0694503786165,14.768718777513753,14.016876503060455,14.681783254141017,50000
2022-06-27,14.681783254141017,14.971635752287815,14.658530135614997,14.952626261258644,50000
2022-06-28,14.952626261258644,15.113655424876315,14.935958671012845,15.107456646145623,50000
2022-06-29,15.107456646145623,15.160514173530057,14.895755947253072,14.930028886831101,69203
2022-06-30,14.930028886831101,15.053384325540394,14.764751420459183,14.801713352864951,50000
2022-07-01,14.801713352864951,14.937489812339743,14.75605363190649,14.905199069355168,69781
2022-07-04,14.905199069355168,14.971553357130476,14.901606162439837,14.927252033410822,50000
2022-07-05,14.927252033410822,15.273220501565397,14.90506021227975,15.242947410999356,50000
2022-07-06,15.242947410999356,15.75908914117482,15.227398308916307,15.698601258265107,82687
2022-07-07,15.698601258265107,15.809028059553036,15.599927343225366,15.75028774660907,50000
2022-07-08,15.75028774660907,15.834783521767003,15.684617449585577,15.795542521403783,224853
2022-07-11,15.795542521403783,15.873219192833032,15.233302771083704,15.323213182795065,60653
2022-07-12,15.323213182795065,15.448527167341389,15.183119596021735,15.223657765499171,50000
2022-07-13,15.223657765499171,15.276721538743704,14.61565223680855,14.699346258646415,50000
2022-07-14,14.699346258646415,14.81504170685614,14.284116468429126,14.449637771400704,50000
2022-07-15,14.449637771400704,14.724101300893743,14.359806550152081,14.530974597062604,50000
2022-07-18,14.530974597062604,14.61348801544072,14.255882561936016,14.384165757070908,50000
2022-07-19,14.384165757070908,14.443307920761372,14.207752724979963,14.39115059038508,50000
2022-07-20,14.39115059038508,14.549293279006484,14.1189713205336,14.133040511230616,50000
2022-07-21,14.133040511230616,14.186986149578518,13.716221039104013,13.793919183043482,50000
2022-07-22,13.793919183043482,13.807904367596525,13.658901953623536,13.6889217839473,100443
2022-07-25,13.6889217839473,13.894393689762023,13.66763193568577,13.739732250358161,50000
2022-07-26,13.739732250358161,13.741053495239237,13.347267978190967,13.433329734727035,50000
2022-07-27,13.433329734727035,13.46738356693204,12.97271657930094,13.001160649099672,141525
2022-07-28,13.001160649099672,13.147440954936654,12.949563492569252,13.103684123873661,50000
2022-07-29,13.103684123873661,13.62046397596055,13.094274817545465,13.469218079281292,96019
2022-08-01,13.469218079281292,13.767482077530723,13.424436169804823,13.728265146598185,50000
2022-08-02,13.728265146598185,14.024166827053257,13.72251583148192,13.931900359504194,50000
2022-08-03,13.931900359504194,13.955734186655409,13.596440913349856,13.69149518568823,70133
2022-08-04,13.69149518568823,14.032348797598306,13.645243400273896,14.005739594951844,65416
2022-08-05,14.005739594951844,14.684699076937427,13.982258798660734,14.546145751078651,50000
2022-08-08,14.546145751078651,14.7027148636178,13.93336792649885,14.0105640639249,50000
2022-08-09,14.0105640639249,14.231258045857045,13.90024158293981,14.115644265555467,50000
2022-08-10,14.115644265555467,14.246460144164745,14.069082342325279,14.227501156291694,50000
2022-08-11,14.227501156291694,14.280040338837741,13.960377785528538,14.021855714681982,269708
2022-08-12,14.021855714681982,14.081324615331948,13.631059701299964,13.684931402126756,66448
2022-08-15,13.684931402126756,13.773969660619386,13.573170963654352,13.584879629115054,50000
2022-08-16,13.584879629115054,13.69177030318659,13.374734009959939,13.499446775015938,50000
2022-08-17,13.499446775015938,13.865956052205023,13.417797015392283,13.700903680008777,69986
2022-08-18,13.700903680008777,13.990919333247328,13.685368100472237,13.876583807294036,79303
2022-08-19,13.876583807294036,14.410817297571157,13.841713141748762,14.386887146260364,58559
2022-08-22,14.386887146260364,14.437315986434575,14.127126956793225,14.195591729180947,50000
2022-08-23,14.195591729180947,14.21653287685777,14.097752985417808,14.13782312939146,134887
2022-08-24,14.13782312939146,14.35907995129534,13.870319548611684,14.29644862476446,50000
2022-08-25,14.29644862476446,14.87472251042924,14.23591295351405,14.70770639699791,50000
2022-08-26,14.70770639699791,14.963103029524632,14.678973585124435,14.833032213260099,50000
2022-08-29,14.833032213260099,15.629100451020287,14.800884113022978,15.564926046650536,50000
2022-08-30,15.564926046650536,16.008888085350137,15.484430055948025,15.963551105388571,74336
2022-08-31,15.963551105388571,16.041894403695068,15.957281299491099,15.999200566473077,105349
2022-09-01,15.999200566473077,16.609195979070197,15.914263236186237,16.53774609384833,50000
2022-09-02,16.53774609384833,16.67412042802706,16.39676967612952,16.473644374133293,50000
2022-09-05,16.473644374133293,16.59594138192058,16.456996287043445,16.487633068659008,50000
2022-09-06,16.487633068659008,16.530583976944573,16.44096228374704,16.525526370274083,50000
2022-09-07,16.525526370274083,16.614240299237437,16.29153523495948,16.307426642900644,50000
2022-09-08,16.307426642900644,16.439570019158985,15.959549803487473,16.354779978600927,50000
2022-09-09,16.354779978600927,16.457285101515165,16.177584319307936,16.2120330984374,50000
2022-09-12,16.2120330984374,16.290494997559172,16.03488349236996,16.092609923979143,50000
2022-09-13,16.092609923979143,16.3177976534335,15.880585593410187,16.13461052100557,63142
2022-09-14,16.13461052100557,16.36917928372032,16.13078704969542,16.32414742914207,50000
2022-09-15,16.32414742914207,16.33039738979967,15.883839194886665,15.961541184244437,50000
2022-09-16,15.961541184244437,16.99088637661603,15.932208710914798,16.700197736719524,50000
2022-09-19,16.700197736719524,16.851427445654434,16.464998369519705,16.555412843212263,50000
2022-09-20,16.555412843212263,16.565773114575602,15.99071371805962,16.16760613296134,50000
2022-09-21,16.16760613296134,16.311686801302738,16.098921802338058,16.226071862216084,94419
2022-09-22,16.226071862216084,16.325627783276484,16.212027501929,16.299504961183235,119833
2022-09-23,16.299504961183235,16.33192873928236,16.15245153071587,16.293729875126214,50000
2022-09-26,16.293729875126214,16.36620086245933,15.991309323371597,16.27580256547544,68705
2022-09-27,16.27580256547544,16.391482870388025,15.833906554967639,15.864986080936351,50000
2022-09-28,15.864986080936351,16.081285768719273,15.827894759037882,16.010975128815662,50000
2022-09-29,16.010975128815662,16.292622326964374,15.823536203655413,16.222720297593977,50000
2022-09-30,16.222720297593977,16.590091764098055,16.175950975325858,16.534058760014307,50000
2022-10-03,16.534058760014307,16.675775454511392,16.436491777104063,16.54720464610989,50000
2022-10-04,16.54720464610989,16.717227329993275,16.409164789084357,16.652021803990003,50000
2022-10-05,16.652021803990003,16.72645804388996,16.037548657251445,16.136667509129044,50000
2022-10-06,16.136667509129044,16.300523298975317,15.819543606580035,15.899156126550603,61813
2022-10-07,15.899156126550603,16.219484947001757,15.885351929080928,16.167207746797356,110144
2022-10-10,16.167207746797356,16.25070954344137,16.097734313974676,16.177380196784256,84629
2022-10-11,16.177380196784256,16.240446145411997,15.58937947108635,15.74315658816744,50000
2022-10-12,15.74315658816744,15.756883353792142,15.615679632689892,15.72582707042393,50000
2022-10-13,15.72582707042393,15.821756788031689,15.502708916731759,15.57550012556392,50000
2022-10-14,15.57550012556392,15.87615165432433,15.410419885135694,15.810797655983093,50000
2022-10-17,15.810797655983093,16.054578386653684,15.719525084777185,15.821633990123338,50000
2022-10-18,15.821633990123338,16.145367012350505,15.781891985353221,16.054221432224622,79535
2022-10-19,16.054221432224622,16.182458487522155,15.642531248187248,15.69204575337123,50000
2022-10-20,15.69204575337123,15.773078777625283,15.392476042749866,15.514895067703097,50000
2022-10-21,15.514895067703097,15.644043643818858,15.112218889556429,15.175617791864731,72983
2022-10-24,15.175617791864731,15.409749769931976,15.164698497517529,15.325195943307397,50000
2022-10-25,15.325195943307397,15.578896113167053,15.244488810178709,15.549882806836656,50000
2022-10-26,15.549882806836656,16.090195246534073,15.532855649458332,15.951277486981482,50000
2022-10-27,15.951277486981482,15.973538001157298,15.294635912105486,15.441577803780318,50000
2022-10-28,15.441577803780318,15.476745663675832,15.403959511524132,15.434807074095634,50000
2022-10-31,15.434807074095634,15.79096029783161,15.363594799574344,15.68420767378927,50000
2022-11-01,15.68420767378927,16.356249872808178,15.621966086983203,16.29006938408338,50295
2022-11-02,16.29006938408338,16.371165922935013,16.275536298360993,16.31737484474591,50000
2022-11-03,16.31737484474591,16.51953379359213,15.954383498527378,16.153603577819805,74242
2022-11-04,16.153603577819805,16.376130510309316,16.092764531596412,16.367809728370766,73619
2022-11-07,16.367809728370766,16.73703145358334,16.236563773521933,16.690897094647482,50000
2022-11-08,16.690897094647482,16.729656301751724,16.516088272966066,16.62354052954242,50000
2022-11-09,16.62354052954242,16.758566961171912,16.516410103394584,16.755604243117233,98061
2022-11-10,16.755604243117233,17.022217679722434,16.633625557139357,16.90957904196876,53121
2022-11-11,16.90957904196876,16.995937081331356,16.409064849607788,16.441371896327016,50000
2022-11-14,16.441371896327016,16.58527519317911,16.19836249832015,16.283914864329027,73749
2022-11-15,16.283914864329027,16.393361276217462,15.834355048236752,15.89056375377278,50000
2022-11-16,15.89056375377278,15.898061353595859,15.641290103271112,15.78964512388539,50000
2022-11-17,15.78964512388539,15.867945835148925,15.716004969613914,15.73166183540509,53544
2022-11-18,15.73166183540509,15.947853794916693,15.67086626930678,15.870496050294518,50000
2022-11-21,15.870496050294518,15.93120295852694,15.34560631001443,15.36865074824745,50000
2022-11-22,15.36865074824745,15.452174187069673,15.299495802182737,15.418478369134068,50000
2022-11-23,15.418478369134068,15.425405397979848,15.331773196772744,15.36338768766245,50000
2022-11-24,15.36338768766245,15.95762276200684,15.360973498107079,15.765461710561922,110220
2022-11-25,15.765461710561922,15.766758851740434,15.397122545292374,15.530433523133752,50000
2022-11-28,15.530433523133752,15.734328802193527,15.466200410588998,15.670851134296056,50000
2022-11-29,15.670851134296056,16.212928473394662,15.624672715878221,16.063606536404787,50000
2022-11-30,16.063606536404787,16.25146950337083,16.05213850739244,16.11668298201764,50000
2022-12-01,16.11668298201764,16.326283255726416,16.04211052565371,16.23662819288032,80580
2022-12-02,16.23662819288032,16.363218420647215,16.132056873816477,16.32154339816961,50000
2022-12-05,16.32154339816961,16.441622591455957,15.799930000758012,15.839143854557491,50000
2022-12-06,15.839143854557491,16.021276141826124,15.523081122261429,15.543438765561751,50000
2022-12-07,15.543438765561751,15.555490798641406,15.333908189124516,15.458881432109319,77213
2022-12-08,15.458881432109319,15.506908858403992,15.137967376942017,15.145282234861444,65466
2022-12-09,15.145282234861444,15.206631414411742,14.955871087887823,15.00901199338632,50000
2022-12-12,15.00901199338632,15.504537153278896,14.94031441496149,15.404817097838405,50000
2022-12-13,15.404817097838405,15.628438104526893,15.387074401560394,15.480190424705736,50000
2022-12-14,15.480190424705736,15.503907625664402,15.02753559326172,15.052896173119999,50000
2022-12-15,15.052896173119999,15.062582506859771,15.04783519301736,15.058395375736186,50000
2022-12-16,15.058395375736186,15.260134449244433,14.913319617924978,15.222610286437073,50000
2022-12-19,15.222610286437073,15.392772414601774,14.913299730884926,14.938722238457576,66521
2022-12-20,14.938722238457576,14.968751622825819,14.891854168934938,14.922799469517058,50000
2022-12-21,14.922799469517058,14.974873399512429,14.827951041732513,14.970414435792467,50000
2022-12-22,14.970414435792467,15.03641799754501,14.73522720983935,14.811902311602372,50000
2022-12-23,14.811902311602372,15.274027284597043,14.767328128116711,15.255676145166474,50000
2022-12-26,15.255676145166474,15.3158216083722,15.23697294247639,15.285430556983103,50000
2022-12-27,15.285430556983103,15.287378126650058,14.895271176775134,15.036835280914794,50000
2022-12-28,15.036835280914794,15.056680617164941,14.430042349603202,14.471695589409812,50000
2022-12-29,14.471695589409812,14.567581965254425,14.43347954354407,14.473349855272161,201857
2022-12-30,14.473349855272161,14.64951530016991,14.365626375978996,14.619927279783672,50000
2023-01-02,14.619927279783672,14.777759385130766,14.051760569434554,14.124466300830118,65003
2023-01-03,14.124466300830118,14.196549272295668,13.994359185714393,14.082599077946837,50000
2023-01-04,14.082599077946837,14.083842607428902,13.967865746939527,14.019516179574948,97250
2023-01-05,14.019516179574948,14.043359352599134,14.017642529084053,14.019193402078946,50000
2023-01-06,14.019193402078946,14.18214990287332,13.996951285444172,14.098350545475164,50000
2023-01-09,14.098350545475164,14.157868274943915,13.40641529372741,13.478771644346725,50000
2023-01-10,13.478771644346725,13.591176741171562,13.409243634139225,13.570351718061785,50000
2023-01-11,13.570351718061785,13.619539464967078,12.970687301593012,13.070277664089927,92034
2023-01-12,13.070277664089927,13.355742437080917,13.009114648399706,13.211086482726227,50000
2023-01-13,13.211086482726227,13.610889132213932,13.170675045950482,13.586661161296433,50000
2023-01-16,13.586661161296433,14.112449192782632,13.583009370882342,14.023893768964477,50000
2023-01-17,14.023893768964477,14.17592948701592,13.898229357417025,13.978026292622678,55338
2023-01-18,13.978026292622678,14.182565242159177,13.961599859251573,14.172826173325804,50000
2023-01-19,14.172826173325804,14.340529194971005,14.100090184538333,14.103772502352626,50000
2023-01-20,14.103772502352626,14.189646483918374,13.847365665378584,13.926289229090088,50000
2023-01-23,13.926289229090088,14.134032608142304,13.921454226348015,13.931139708797415,50000
2023-01-24,13.931139708797415,14.448770202953668,13.882884017553463,14.418002209839212,50000
2023-01-25,14.418002209839212,14.480023761546313,14.205013015522509,14.416268508781233,50000
2023-01-26,14.416268508781233,14.473233162325746,14.033062242582021,14.1209505809013,50000
2023-01-27,14.1209505809013,14.136798544840104,13.739603520057106,13.808204337851356,112447
2023-01-30,13.808204337851356,13.878542294175956,13.44222391296335,13.590004273264306,55489
2023-01-31,13.590004273264306,13.713096553820636,13.4996441475293,13.584751515476821,50000
2023-02-01,13.584751515476821,13.71479879714164,13.52375150524807,13.536921015128911,58655
2023-02-02,13.536921015128911,13.570846686229261,13.168442201679916,13.289761752979995,51981
2023-02-03,13.289761752979995,13.537311775726709,13.225766304261668,13.475445359943912,50000
2023-02-06,13.475445359943912,13.600615046291592,13.426017585714613,13.452393967370806,50000
2023-02-07,13.452393967370806,13.632309772057082,13.349975014822267,13.618956498067279,50000
2023-02-08,13.618956498067279,13.64229869393506,13.537292118896266,13.595853829948531,50000
2023-02-09,13.595853829948531,13.611086283787365,13.322000561963488,13.455041485981978,64242
2023-02-10,13.455041485981978,13.534876450922138,13.40972094809013,13.446273822622587,50000
2023-02-13,13.446273822622587,13.460660027551427,13.129130369896723,13.136554005022134,50000
2023-02-14,13.136554005022134,13.376132674981362,12.954869352361584,13.263507814630248,50000
2023-02-15,13.263507814630248,13.384404016941858,13.230490607998671,13.252893503353585,50000
2023-02-16,13.252893503353585,13.94461751826068,13.18067009556448,13.789374755188147,93558
2023-02-17,13.789374755188147,13.999166901486385,13.768117796286445,13.865937902222015,50000
2023-02-20,13.865937902222015,14.0226675616596,13.692437006108321,13.72688622642358,50000
2023-02-21,13.72688622642358,14.200234534890065,13.675818377481992,14.196709050478901,50000
2023-02-22,14.196709050478901,14.56796793656868,14.142443076832325,14.5325698903619,51852
2023-02-23,14.5325698903619,14.867058473724233,14.463862252493731,14.81815932092774,50000
2023-02-24,14.81815932092774,14.867591582421667,14.504970942821828,14.5782504638831,50000
2023-02-27,14.5782504638831,15.435111145714462,14.569714044804991,15.286690818804656,73192
2023-02-28,15.286690818804656,15.71426066728375,15.267291080966194,15.615282785115507,97266
2023-03-01,15.615282785115507,15.850307170644777,15.539202048443876,15.840073286737837,50000
2023-03-02,15.840073286737837,15.86186297586571,15.407485146757937,15.461265053236675,73611
2023-03-03,15.461265053236675,15.564370294231768,15.370567565870152,15.487351873250368,50000
2023-03-06,15.487351873250368,15.511717254643703,15.193146016712628,15.273779473597015,71063
2023-03-07,15.273779473597015,15.533573053026,15.220789590206978,15.511013041357295,51619
2023-03-08,15.511013041357295,15.53457668537897,15.428671200942533,15.431456614418538,60484
2023-03-09,15.431456614418538,15.869565256097417,15.415080707861772,15.839792738848917,85556
2023-03-10,15.839792738848917,16.226617383747943,15.783624605211966,16.17430504865746,50000
2023-03-13,16.17430504865746,16.390497599763595,16.12496946805927,16.336707185239995,313635
2023-03-14,16.336707185239995,16.460850956797564,16.327432610138516,16.44239156222158,86866
2023-03-15,16.44239156222158,16.535047688934423,16.121756966886846,16.24003496798836,50000
2023-03-16,16.24003496798836,16.257905723949893,15.988970752610657,16.035415067432798,50000
2023-03-17,16.035415067432798,16.093193948919232,15.77738413835772,15.911565110741616,58728
2023-03-20,15.911565110741616,16.020188681700834,15.774124447043366,15.849240118042408,50000
2023-03-21,15.849240118042408,16.23152258954432,15.836010004008441,16.177305405739773,54217
2023-03-22,16.177305405739773,16.21832508026025,15.682125583269292,15.744210850095268,50000
2023-03-23,15.744210850095268,15.77720506356262,15.568063783919861,15.638827211886767,50000
2023-03-24,15.638827211886767,15.841744025840992,15.56241994712079,15.59342852821185,70178
2023-03-27,15.59342852821185,15.94833381193833,15.567003804247008,15.722169720822954,50000
2023-03-28,15.722169720822954,15.947658879771573,15.608511654828373,15.803347381797689,50000
2023-03-29,15.803347381797689,15.816461859338144,15.282651964102477,15.411513839713702,50000
2023-03-30,15.411513839713702,15.869898162068713,15.317370384737883,15.821314010088894,50000
2023-03-31,15.821314010088894,15.822459330544088,15.46571133925686,15.513037096954408,93775
2023-04-03,15.513037096954408,15.611192798853626,15.463390345503099,15.534492623314167,50000
2023-04-04,15.534492623314167,15.647705396573853,15.129766118372302,15.181972842953915,93076
2023-04-05,15.181972842953915,15.256042475520138,14.762441890133656,14.785491243070863,50000
2023-04-06,14.785491243070863,15.329405897589501,14.68714654790054,15.238251061983943,50000
2023-04-07,15.238251061983943,15.334023526282735,15.172260688267302,15.187528844566952,79324
2023-04-10,15.187528844566952,15.252228691330581,14.76413744429107,14.885305210397567,50000
2023-04-11,14.885305210397567,14.902346853155386,14.36162528855484,14.393694515672882,102118
2023-04-12,14.393694515672882,14.480223849177298,14.138564936715285,14.22436902107648,89756
2023-04-13,14.22436902107648,14.389523184301849,14.171319938379227,14.318323419295805,62062
2023-04-14,14.318323419295805,15.081173259915296,14.162364396317317,14.884097663884724,167170
2023-04-17,14.884097663884724,15.081217981853854,14.781397081807873,14.843429747591305,50000
2023-04-18,14.843429747591305,14.926613176163603,14.429113430867162,14.566751784101678,50000
2023-04-19,14.566751784101678,14.930034828165718,14.55414395290137,14.915595686366041,50000
2023-04-20,14.915595686366041,15.050317492072171,14.908382954671431,14.944887909900931,85530
2023-04-21,14.944887909900931,14.951328861220363,14.419466719083502,14.467843703211516,50000
2023-04-24,14.467843703211516,14.51278022177009,14.065160170266788,14.183877939083024,59410
2023-04-25,14.183877939083024,14.700882817918778,14.043273820491278,14.610399632846391,50000
2023-04-26,14.610399632846391,14.677218882897504,14.59509068325674,14.637582683206277,82230
2023-04-27,14.637582683206277,14.666174130684466,14.393251868659284,14.438121342166903,50000
2023-04-28,14.438121342166903,14.648396841989083,14.407456711743988,14.598811835133965,50000
2023-05-01,14.598811835133965,14.757773631011124,13.876714630832682,13.909077677925236,59113
2023-05-02,13.909077677925236,14.058822905730787,13.812855548819579,14.04456740388574,50000
2023-05-03,14.04456740388574,14.335256078211179,13.967892818228854,14.25939295422855,50000
2023-05-04,14.25939295422855,14.734587960715086,14.089809832408433,14.637340354624229,50000
2023-05-05,14.637340354624229,14.721974413876277,14.486525231136325,14.66854854930658,168995
2023-05-08,14.66854854930658,15.12985886062258,14.626859046204642,15.015829107884452,90868
2023-05-09,15.015829107884452,15.41519435555774,14.867418667450968,15.242105369658864,50000
2023-05-10,15.242105369658864,16.123078013561933,15.211830207945688,16.017806496242564,50000
2023-05-11,16.017806496242564,16.390959860186772,15.897190280894288,16.30702776560858,50000
2023-05-12,16.30702776560858,16.316335565596045,16.269599145494336,16.280147297412707,60448
2023-05-15,16.280147297412707,16.516459762865615,16.130666915477782,16.50294971495581,50000
2023-05-16,16.50294971495581,16.516464302370096,16.115872374611182,16.193095842503467,66493
2023-05-17,16.193095842503467,16.198909953263545,15.839428224380823,15.893734969130087,122818
2023-05-18,15.893734969130087,16.018798851548887,15.697857476038116,15.749980216778276,50000
2023-05-19,15.749980216778276,15.950091327568733,15.686636164870698,15.842472717658188,65711
2023-05-22,15.842472717658188,15.88412245879409,15.778758074544779,15.82935918193147,51056
2023-05-23,15.82935918193147,15.871329531416782,15.519209212603782,15.67126315479876,132176
2023-05-24,15.67126315479876,16.25505339476146,15.66238473973068,16.245928882066252,51723
2023-05-25,16.245928882066252,16.363910762899728,16.152546889647354,16.349638775086117,50000
2023-05-26,16.349638775086117,16.54760658191392,16.207347041096543,16.271377510791204,50000
2023-05-29,16.271377510791204,16.39947228838105,16.14925128192454,16.374062550539144,50000
2023-05-30,16.374062550539144,16.974818742343246,16.359931729034592,16.823293994995,50000
2023-05-31,16.823293994995,16.926341417307135,16.71308401262324,16.89489653295025,50000
2023-06-01,16.89489653295025,16.961550084778068,16.785114945858886,16.889335156376443,75969
2023-06-02,16.889335156376443,17.32093192295122,16.887839193189908,17.181335586693073,50000
2023-06-05,17.181335586693073,17.60452166145027,17.03817129292365,17.530640983227826,50000
2023-06-06,17.530640983227826,17.914990133275715,17.508361998389272,17.831153395710647,50000
2023-06-07,17.831153395710647,17.865206119564498,17.01284046544707,17.14733212556665,50000
2023-06-08,17.14733212556665,17.291712664758553,16.809867397035678,17.14304214695766,50000
2023-06-09,17.14304214695766,17.746113625613823,17.077398674645607,17.714401236759798,50000
2023-06-12,17.714401236759798,17.897093711431697,17.485593911700573,17.600357393728505,50000
2023-06-13,17.600357393728505,17.779540657897336,17.519546822317796,17.76411217464347,78547
2023-06-14,17.76411217464347,18.109024538385697,17.70186360100115,18.054840915734182,50000
2023-06-15,18.054840915734182,18.093246545642785,17.670824354562207,17.693886425091232,50000
2023-06-16,17.693886425091232,18.073937980104418,17.6525785585389,17.953610087364172,50000
2023-06-19,17.953610087364172,18.23420481423907,17.831503728948768,18.06156837538283,72554
2023-06-20,18.06156837538283,18.134718570265303,18.04255688108773,18.075603425328374,50000
2023-06-21,18.075603425328374,18.472293324661823,18.071906815666363,18.447802558607815,50000
2023-06-22,18.447802558607815,18.49398682140415,18.165764652280085,18.187598577157882,132465
2023-06-23,18.187598577157882,18.357444932584237,18.035861203813685,18.08438279928526,116005
2023-06-26,18.08438279928526,18.47841508553379,17.984405087542786,18.379865652418697,50000
2023-06-27,18.379865652418697,18.390545783275687,17.895566706655913,17.924282045966553,54558
2023-06-28,17.924282045966553,18.053276821925596,17.779083026128877,17.811007163279736,62104
2023-06-29,17.811007163279736,17.950041724872094,17.759299636379353,17.767020651067067,50000
2023-06-30,17.767020651067067,17.78746759698854,17.72094600710058,17.72716102218257,53419
2023-07-03,17.72716102218257,17.848604073714878,17.492632256825548,17.553024486663713,50000
2023-07-04,17.553024486663713,17.869952841228052,17.33886467763769,17.69650442885156,50000
2023-07-05,17.69650442885156,17.75049989622862,17.044579689244816,17.21610876951167,50000
2023-07-06,17.21610876951167,17.240333213455912,16.74860911610888,16.807829300848283,50000
2023-07-07,16.807829300848283,17.55586753555176,16.71531196593177,17.46965425280654,50000
2023-07-10,17.46965425280654,17.57062891818493,17.439903405462747,17.49400990548723,50000
2023-07-11,17.49400990548723,17.57779128143214,17.260606624158758,17.260834480902716,50000
2023-07-12,17.260834480902716,17.460157300649975,16.881643255021512,16.892871556356983,50933
2023-07-13,16.892871556356983,17.059433038831536,16.753852723411175,17.05400641823293,70631
2023-07-14,17.05400641823293,17.077547665501786,16.88402305528115,16.973469310863347,50000
2023-07-17,16.973469310863347,17.231209878927416,16.86770287002464,17.13808519541559,50000
2023-07-18,17.13808519541559,17.442442554213873,17.01437038574142,17.370934114659324,100649
2023-07-19,17.370934114659324,17.443411057199686,17.218418706273066,17.29076797372305,50000
2023-07-20,17.29076797372305,17.558491655040942,17.174555387071035,17.35463621132895,50000
2023-07-21,17.35463621132895,17.438780243193463,17.1457942883817,17.328896015480275,50000
2023-07-24,17.328896015480275,17.74117705013326,17.2916291037107,17.691144989062217,69097
2023-07-25,17.691144989062217,17.988016558523164,17.633050272487804,17.786175810625195,50000
2023-07-26,17.786175810625195,18.462922994654583,17.650491252326393,18.35869980928737,66753
2023-07-27,18.35869980928737,18.653818224655023,17.50134082712621,17.552317933207956,50000
2023-07-28,17.552317933207956,17.67908472940044,17.52733073360151,17.606277468305063,50000
2023-07-31,17.606277468305063,17.678786904250398,17.534034602880276,17.585644385659617,50000
2023-08-01,17.585644385659617,17.82224861076574,17.489288827960063,17.782818510028143,61317
2023-08-02,17.782818510028143,17.819624959077075,17.15507442942249,17.486975098845605,56562
2023-08-03,17.486975098845605,17.55970574117338,17.18374786778108,17.298765639223006,50000
2023-08-04,17.298765639223006,17.439783838138272,17.271379588428317,17.33301036071699,55980
2023-08-07,17.33301036071699,17.78690635692288,17.13886998531718,17.703556747887454,50000
2023-08-08,17.703556747887454,18.047563690753403,17.52699551402364,17.957903493533287,75406
2023-08-09,17.957903493533287,18.28516417016442,17.929045117211256,18.209891331452635,87725
2023-08-10,18.209891331452635,18.233619651180856,17.99007429180906,18.0812377954919,101680
2023-08-11,18.0812377954919,18.165291867045337,17.793392682330715,17.858885545410224,50000
2023-08-14,17.858885545410224,17.960856142330226,17.746058156405198,17.90314666069133,50000
2023-08-15,17.90314666069133,18.817502427905954,17.86355567170304,18.62808805296328,50000
2023-08-16,18.62808805296328,18.699652536603605,18.095910828880875,18.181128904203227,52126
2023-08-17,18.181128904203227,18.554004979240297,18.0475870736714,18.52162959588174,50000
2023-08-18,18.52162959588174,18.632948050144336,18.348408783903214,18.402808829923398,56741
2023-08-21,18.402808829923398,18.65105898500681,18.384388722370204,18.565295334101346,50000
2023-08-22,18.565295334101346,18.703015953905687,18.5332257152095,18.644252775281057,50000
2023-08-23,18.644252775281057,18.86980078821425,18.499495123545575,18.645510034683692,67341
2023-08-24,18.645510034683692,18.656362264873607,18.454519091016365,18.531361369884102,50000
2023-08-25,18.531361369884102,18.621306019264786,18.429349594752477,18.554029848338107,50000
2023-08-28,18.554029848338107,18.721190561731838,18.473960906781453,18.63592346307546,65751
2023-08-29,18.63592346307546,18.70590473424868,17.977387429996142,18.166865780794936,50000
2023-08-30,18.166865780794936,18.484408311082735,18.139279207205302,18.447610939364473,50000
2023-08-31,18.447610939364473,18.85345301220173,18.24906275859567,18.76633258953365,64697
2023-09-01,18.76633258953365,18.98019882720153,18.58572464339106,18.97222713409044,50000
2023-09-04,18.97222713409044,19.129116804453442,18.936802265537047,19.12277152513463,133822
2023-09-05,19.12277152513463,19.20233353171715,18.671966257844606,18.767783168794846,138564
2023-09-06,18.767783168794846,19.204930686959713,18.681547506461527,19.134862468866693,311500
2023-09-07,19.134862468866693,19.28356407618621,19.05654558223587,19.237636445771802,50000
2023-09-08,19.237636445771802,19.490791782800475,19.097380066743103,19.448731001762898,50000
2023-09-11,19.448731001762898,19.65148895913146,19.300378835738492,19.642937937202102,50000
2023-09-12,19.642937937202102,19.691190328007494,19.26726761847456,19.38234004469937,208749
2023-09-13,19.38234004469937,19.61353341068156,19.051344932442962,19.364310987322508,68279
2023-09-14,19.364310987322508,19.38255472369719,18.819027717373146,19.006739488019527,50000
2023-09-15,19.006739488019527,19.258495144790707,18.547406411690748,18.6705551463516,50000
2023-09-18,18.6705551463516,18.97283366942261,18.05028636639816,18.352795635801478,50000
2023-09-19,18.352795635801478,18.551223307244893,18.21871558462613,18.543760847493193,84165
2023-09-20,18.543760847493193,19.08990550982104,18.542474858245676,19.0184972702456,50000
2023-09-21,19.0184972702456,19.028378359128737,18.715997557177293,18.800533209730215,50000
2023-09-22,18.800533209730215,19.04338274002885,18.724171325907246,18.96695631179856,50000
2023-09-25,18.96695631179856,20.07833349874175,18.802380273511424,19.817861508196607,50000
2023-09-26,19.817861508196607,20.007232832363496,19.593835607640273,19.83865839496289,50000
2023-09-27,19.83865839496289,19.88057348210535,19.385190577937923,19.563381168169798,51825
2023-09-28,19.563381168169798,19.56391722272516,19.40802616015018,19.44858693749213,50000
2023-09-29,19.44858693749213,20.36089996885753,19.402450187377116,20.090829425715103,50000
2023-10-02,20.090829425715103,20.26284963683591,19.97349355138066,20.13063594271387,50000
2023-10-03,20.13063594271387,20.44083823235361,20.000199100347444,20.336650112499616,50000
2023-10-04,20.336650112499616,20.576693380246795,20.193488966252353,20.30726082043565,50000
2023-10-05,20.30726082043565,20.446378294787312,20.26696388554198,20.316943577155612,64105
2023-10-06,20.316943577155612,20.893618372253776,20.244335396549214,20.79426818595675,76497
2023-10-09,20.79426818595675,21.093931907848646,20.777614799523278,21.021214350119426,82111
2023-10-10,21.021214350119426,21.281109190844763,21.016054032266936,21.209158717270824,50000
2023-10-11,21.209158717270824,21.263177533754956,21.080868128749266,21.0905069056809,50000
2023-10-12,21.0905069056809,21.122921829209357,20.95178622380207,21.103432710323634,50000
2023-10-13,21.103432710323634,21.53001021467915,20.858468252239543,21.51781681753097,50000
2023-10-16,21.51781681753097,21.642655878486703,21.087644130825627,21.10513592942733,50000
2023-10-17,21.10513592942733,21.193987330135233,20.813305268524037,20.853806509131694,50000
2023-10-18,20.853806509131694,21.014936969442438,20.663071948401495,20.81416988450575,50000
2023-10-19,20.81416988450575,20.936669253882243,20.75647074068455,20.91042868058532,55154
2023-10-20,20.91042868058532,21.10909581123068,20.898562677760385,21.008651024709323,50000
2023-10-23,21.008651024709323,21.45077163535189,20.838024620369183,21.359563891563344,50000
2023-10-24,21.359563891563344,21.680960740303977,21.075287911545455,21.12429272343029,50000
2023-10-25,21.12429272343029,21.538365205860046,21.068391577835875,21.465715431162995,71263
2023-10-26,21.465715431162995,21.78436516078933,21.147680487749646,21.639161820500533,95571
2023-10-27,21.639161820500533,21.84983927586555,21.60588920810134,21.790424807665566,50000
2023-10-30,21.790424807665566,21.827763777393937,21.363374021852092,21.40673619265656,57407
2023-10-31,21.40673619265656,21.70159525842812,21.21410865462289,21.665591525535635,79498
2023-11-01,21.665591525535635,21.68751431988901,21.48956475542888,21.589509673697606,50000
2023-11-02,21.589509673697606,21.656475609614084,21.46943284598148,21.494372327913567,50000
2023-11-03,21.494372327913567,21.564766398248295,21.38884478043911,21.492365203180878,50000
2023-11-06,21.492365203180878,21.51130773751381,21.41135768661199,21.44147240078138,50000
2023-11-07,21.44147240078138,21.49683738130988,21.244803686576102,21.29598578279084,50000
2023-11-08,21.29598578279084,21.31454083205307,21.00965556700025,21.055228071831007,50000
2023-11-09,21.055228071831007,21.084962376668884,20.584519218426127,20.66205796706475,70015
2023-11-10,20.66205796706475,20.968517048164713,20.6514636627708,20.89144411108913,154497
2023-11-13,20.89144411108913,21.053895791935847,20.891024401809343,20.960286570509655,172046
2023-11-14,20.960286570509655,21.056656396211224,20.869159091538712,21.015210909573028,50000
2023-11-15,21.015210909573028,21.116482944038896,20.746307788602895,20.911057163006273,50000
2023-11-16,20.911057163006273,21.24055385121933,20.81167485193777,21.07777392032238,69824
2023-11-17,21.07777392032238,21.135039499838392,20.735293495438217,20.868048138573734,50000
2023-11-20,20.868048138573734,20.917151247415077,20.58044623275856,20.624980940394323,50000
2023-11-21,20.624980940394323,20.874004994618673,20.417764087712776,20.50468241408986,59956
2023-11-22,20.50468241408986,20.781027517709266,20.327143397563372,20.67943582775338,50000
2023-11-23,20.67943582775338,20.896956215264286,20.64823756928882,20.827839049354647,50000
2023-11-24,20.827839049354647,21.264842752492342,20.733375499185897,21.2282144700219,50000
2023-11-27,21.2282144700219,21.391831417990915,20.774276738950924,21.044968900998565,50000
2023-11-28,21.044968900998565,21.046917714592308,21.001650847506028,21.028575408955202,50000
2023-11-29,21.028575408955202,21.323475024787612,20.81235747712388,21.260356990266086,50000
2023-11-30,21.260356990266086,21.58353676988224,21.204051584685747,21.576711259050143,52599
2023-12-01,21.576711259050143,21.96298879809237,21.53263483090552,21.936469670619744,50000
2023-12-04,21.936469670619744,21.992523962634436,21.73446846066012,21.790801605544612,90215
2023-12-05,21.790801605544612,21.969863632925122,21.787732937024817,21.94750869417798,50000
2023-12-06,21.94750869417798,21.99848130805374,21.74497309559996,21.928092089812097,50000
2023-12-07,21.928092089812097,22.081967790573923,21.47053059477342,21.71241733731482,50000
2023-12-08,21.71241733731482,21.781287276116355,21.269033771461412,21.33163637949629,50000
2023-12-11,21.33163637949629,21.48002415171423,21.252624234455865,21.45558104367033,50000
2023-12-12,21.45558104367033,21.797328252150937,21.370182156765868,21.76830690349994,50000
2023-12-13,21.76830690349994,21.799182618460584,21.462488451997082,21.67973127451762,50000
2023-12-14,21.67973127451762,21.827310632760966,21.431080497660755,21.4638905128406,55013
2023-12-15,21.4638905128406,21.734821242006362,20.84732676511156,20.89209269938421,50000
2023-12-18,20.89209269938421,21.56385154051659,20.83369321967456,21.507520539864856,56862
2023-12-19,21.507520539864856,21.51814594164478,21.30762609171724,21.427887083501034,112969
2023-12-20,21.427887083501034,21.465759633159323,21.032190079381838,21.05780275856445,50000
2023-12-21,21.05780275856445,21.14085139298187,20.991021969625894,21.082850495695627,50000
2023-12-22,21.082850495695627,21.258096424092663,20.61114777917025,20.786311771787993,50000
2023-12-25,20.786311771787993,21.56024831506408,20.76621588294801,21.307623749790654,79320
2023-12-26,21.307623749790654,21.39252879612189,21.11244359488202,21.25979175897966,50000
2023-12-27,21.25979175897966,21.63949493685802,21.11651151782141,21.629433316190703,50000
2023-12-28,21.629433316190703,21.93114712882152,21.620708405390474,21.89791452792915,50000
2023-12-29,21.89791452792915,22.775879185546454,21.774498616703223,22.592153200119053,50000
2024-01-01,22.592153200119053,23.32816706265418,22.402005929868245,23.045115591456337,50000
2024-01-02,23.045115591456337,23.272153048206082,22.94999272498494,23.06675086597937,56423
2024-01-03,23.06675086597937,23.448554790144396,23.05242112809499,23.274784438705307,50000
2024-01-04,23.274784438705307,23.4797046352708,23.055621288527078,23.395953107875524,50000
2024-01-05,23.395953107875524,23.40226873840122,23.108149839478198,23.17018550860158,50677
2024-01-08,23.17018550860158,23.2237669457558,23.073790989033363,23.137103671558364,50810
2024-01-09,23.137103671558364,23.166139854597144,22.983795487552527,22.99510300546594,50000
2024-01-10,22.99510300546594,23.16997310857926,22.88969037802044,22.931770803453276,50000
2024-01-11,22.931770803453276,23.069109842405208,22.922940655844943,22.968891895062267,50000
2024-01-12,22.968891895062267,23.014691867228827,22.502910385915225,22.697455266317988,50000
2024-01-15,22.697455266317988,22.723023184733275,22.600378799866586,22.60790437316493,50000
2024-01-16,22.60790437316493,22.69499059962212,22.365763652481416,22.486793447251323,50000
2024-01-17,22.486793447251323,22.708373049773204,22.433931514970354,22.496703458184765,50000
2024-01-18,22.496703458184765,22.49991415978065,22.44753186830772,22.464174615625552,58854
2024-01-19,22.464174615625552,22.542820538262745,21.915571382252267,22.09197883483074,50000
2024-01-22,22.09197883483074,22.231513525385203,21.669885922590822,21.762015735217386,50000
2024-01-23,21.762015735217386,22.079310503699073,21.56919336405442,21.747827930124398,50000
2024-01-24,21.747827930124398,21.931611682098072,21.511907098820764,21.532664206631566,55868
2024-01-25,21.532664206631566,21.57561958093016,21.28047602385351,21.401751644382387,50000
2024-01-26,21.401751644382387,21.574415309069025,21.194661591025234,21.486885446549515,50000
2024-01-29,21.486885446549515,21.901086662857622,21.363092722532844,21.827829847967852,50000
2024-01-30,21.827829847967852,22.05879904634987,21.821641926849995,21.92226512535339,72736
2024-01-31,21.92226512535339,22.038590145863257,21.494701549302366,21.513910287427368,55122
2024-02-01,21.513910287427368,21.64919689276962,21.336960031699256,21.584753417846446,121310
2024-02-02,21.584753417846446,21.759337996222982,21.55603010963453,21.75270156920009,50000
2024-02-05,21.75270156920009,21.822504373611835,21.522369572127737,21.55850829028261,50000
2024-02-06,21.55850829028261,21.66888409257686,21.489921354830503,21.61038893376981,50000
2024-02-07,21.61038893376981,21.64019121539079,21.488300317056567,21.567379979281696,142725
2024-02-08,21.567379979281696,21.767778958580458,21.43324699950991,21.441464680441495,50000
2024-02-09,21.441464680441495,21.58954479910832,21.167986530738524,21.22658377610018,50000
2024-02-12,21.22658377610018,21.56422890944267,21.110108837891993,21.55707001043811,50000
2024-02-13,21.55707001043811,21.722419747679027,21.381100619755017,21.503524937473035,50000
2024-02-14,21.503524937473035,21.52388131193093,20.934268699389825,21.018484199558443,50000
2024-02-15,21.018484199558443,21.148411454346164,20.884512227885015,21.0197442708676,76525
2024-02-16,21.0197442708676,21.20606073824014,20.852851801609546,21.18230164182038,53515
2024-02-19,21.18230164182038,21.34205879136827,20.808063989344422,20.872580291335055,51096
2024-02-20,20.872580291335055,20.904636141259868,20.66250953976057,20.778968568948127,60398
2024-02-21,20.778968568948127,21.462626344778982,20.660663295444408,21.34786596407449,50000
2024-02-22,21.34786596407449,21.646602570974252,21.267534204441944,21.609847300428275,50000
2024-02-23,21.609847300428275,21.652092249421152,21.249615152917944,21.262256998709702,50000
2024-02-26,21.262256998709702,21.298257782445585,21.102818281902927,21.217374291313583,50000
2024-02-27,21.217374291313583,21.243087044954038,20.40062581861024,20.67506943477641,56604
2024-02-28,20.67506943477641,20.694267875813118,20.376475389515033,20.387029799495643,50000
2024-02-29,20.387029799495643,20.874404220705223,20.352365655692573,20.81120238896349,50000
2024-03-01,20.81120238896349,20.95899119987087,20.75002904878244,20.802550226860117,50000
2024-03-04,20.802550226860117,20.89249951673179,20.645532883276406,20.729254202796735,50000
2024-03-05,20.729254202796735,20.837938489086007,20.701252910022774,20.745454634666476,50000
2024-03-06,20.745454634666476,20.82159397431584,20.52740904713262,20.75906298944995,98994
2024-03-07,20.75906298944995,20.841411501617916,20.225799980895196,20.284330044777036,50000
2024-03-08,20.284330044777036,20.586063241573665,20.031809267294516,20.13342996728299,75800
2024-03-11,20.13342996728299,20.313422089044437,20.058905179909843,20.27972794331174,122037
2024-03-12,20.27972794331174,20.302812005167606,19.719727111069652,19.774724560892302,72278
2024-03-13,19.774724560892302,20.111293615339914,19.719195923637763,19.882486484291416,50000
2024-03-14,19.882486484291416,19.92745825663314,19.766310697557394,19.9167736510381,62049
2024-03-15,19.9167736510381,19.977385332294265,19.50888510024239,19.737158811574645,50000
2024-03-18,19.737158811574645,19.972730671468998,19.681137225411195,19.971017651495636,50000
2024-03-19,19.971017651495636,20.12331134730332,19.880303803369173,20.105322350020963,50000
2024-03-20,20.105322350020963,20.167050215316657,19.84370179627439,19.96156908471842,50000
2024-03-21,19.96156908471842,20.036720006153896,19.64508968331256,19.720838904126094,385760
2024-03-22,19.720838904126094,19.880231003429653,19.662762486648838,19.831970935214724,60673
2024-03-25,19.831970935214724,20.165389606020817,19.691261105100438,20.156577167741453,50000
2024-03-26,20.156577167741453,20.31259389451296,20.057633575672316,20.24227916923039,50000
2024-03-27,20.24227916923039,20.7705923084154,20.097944443519957,20.554589503918315,50000
2024-03-28,20.554589503918315,20.866137336318566,20.493250866065978,20.68518035738226,183007
2024-03-29,20.68518035738226,20.753435005106372,20.6204481857914,20.706002644789546,50000
2024-04-01,20.706002644789546,20.901290749457274,20.70257225629359,20.830568539271937,76324
2024-04-02,20.830568539271937,20.877627266486385,20.639081401664548,20.72937398036806,50000
2024-04-03,20.72937398036806,21.014293800824067,20.700019406988417,20.905732687391072,77144
2024-04-04,20.905732687391072,21.02215663698714,20.65190704995313,20.960667446205843,50000
2024-04-05,20.960667446205843,21.023597254013975,20.66972530886365,20.805371113038074,50000
2024-04-08,20.805371113038074,20.928612853752842,20.739706775167186,20.870208735392534,50000
2024-04-09,20.870208735392534,20.9980341438111,20.855748295437476,20.981070070254052,50000
2024-04-10,20.981070070254052,21.24588025637552,20.750546290660473,20.769339618710337,50000
2024-04-11,20.769339618710337,20.79580703948553,20.564377057575488,20.58788361769322,50000
2024-04-12,20.58788361769322,21.00639490317044,20.55046986101422,20.98859145299861,50000
2024-04-15,20.98859145299861,21.286907375101784,20.789021264048085,21.26314295545771,50000
2024-04-16,21.26314295545771,21.37272806127236,20.996131189909615,21.009829994526672,50000
2024-04-17,21.009829994526672,21.25676765374434,20.931850153573258,21.043604516734007,50000
2024-04-18,21.043604516734007,21.086683343249458,21.037169717515493,21.06744709830509,52029
2024-04-19,21.06744709830509,21.26499706357198,20.99587460023077,21.017523330315424,52387
2024-04-22,21.017523330315424,21.437769941441427,20.88043060872937,21.18747830296714,50000
2024-04-23,21.18747830296714,21.902026761019297,21.101322714936234,21.855255359254222,74695
2024-04-24,21.855255359254222,22.196545863027662,21.83887336372334,22.05427842966154,50000
2024-04-25,22.05427842966154,22.602340588578638,21.888112977481452,22.510546319641243,59104
2024-04-26,22.510546319641243,22.528978014325926,22.356362643851323,22.368053368495026,50000
2024-04-29,22.368053368495026,22.76724114154656,22.259659995253333,22.57075841209253,50000
2024-04-30,22.57075841209253,22.966671212607945,22.3785433227081,22.793339708676,50000
2024-05-01,22.793339708676,22.84573478080425,22.525852502904204,22.530848864667043,50000
2024-05-02,22.530848864667043,22.628084234028563,22.314733162922376,22.489530665074778,50000
2024-05-03,22.489530665074778,22.532808338716105,22.03470145407428,22.23369263551244,93301
2024-05-06,22.23369263551244,22.45131256431771,22.196005245866022,22.39359689106396,67916
2024-05-07,22.39359689106396,22.417448073482046,21.716825526805703,21.88569382867691,50000
2024-05-08,21.88569382867691,22.122069575999525,21.741996540339613,22.112440600288846,59214
2024-05-09,22.112440600288846,22.840941769109385,22.08326396347325,22.72571844051088,50000
2024-05-10,22.72571844051088,22.899654073350295,22.42945499359646,22.790810617798382,50000
2024-05-13,22.790810617798382,22.938149326737648,22.253409613050568,22.31774039262697,86164
2024-05-14,22.31774039262697,22.706689498769617,22.18525733937654,22.582384704912243,50000
2024-05-15,22.582384704912243,22.6521630735372,22.31667469181009,22.335889315457344,88658
2024-05-16,22.335889315457344,22.95034560601094,22.225752549901816,22.91601054018917,99335
2024-05-17,22.91601054018917,23.02422244688241,22.85010168755367,22.946442235470226,50000
2024-05-20,22.946442235470226,22.98069269779139,22.698400834966872,22.902006288018203,64780
2024-05-21,22.902006288018203,22.971258537276626,22.809909276594016,22.855413592332294,50000
2024-05-22,22.855413592332294,22.98314022099636,22.658990441451376,22.92465919132488,84734
2024-05-23,22.92465919132488,22.97653407860715,22.832457292684474,22.899768466044037,53768
2024-05-24,22.899768466044037,23.105105127011033,22.719500304662535,22.881853963384945,50000
2024-05-27,22.881853963384945,22.926333083297,22.439458963894005,22.53921013790261,208021
2024-05-28,22.53921013790261,22.62481188114654,22.458387087687807,22.600235962975265,120780
2024-05-29,22.600235962975265,22.777329244759944,22.597036570464326,22.747648198997588,50000
2024-05-30,22.747648198997588,22.756049933908745,22.48174622998197,22.57347347002014,50000
2024-05-31,22.57347347002014,22.745599557364933,22.464426457391934,22.682019322060576,50000
2024-06-03,22.682019322060576,22.888623368090006,22.64561389003799,22.771956327463712,50000
2024-06-04,22.771956327463712,22.904975760614484,22.485678116833938,22.644722825461493,50000
2024-06-05,22.644722825461493,22.690262889136786,22.41161040053333,22.540338465653672,50000
2024-06-06,22.540338465653672,22.609762466348375,22.293031553644273,22.39217763901881,50000
2024-06-07,22.39217763901881,22.867315226021486,22.3776053245273,22.81956151105255,50000
2024-06-10,22.81956151105255,23.085433721119678,22.60400144461429,22.777207721804334,68040
2024-06-11,22.777207721804334,22.943714815811926,22.760773376969492,22.81654758063174,50000
2024-06-12,22.81654758063174,22.830668359139903,22.728356237831935,22.783115365241056,50000
2024-06-13,22.783115365241056,23.12893619732301,22.70708639943642,22.75940752732228,368865
2024-06-14,22.75940752732228,22.981895143198788,22.593263168188457,22.68194699505986,50000
2024-06-17,22.68194699505986,22.872695317261925,22.101908785280482,22.350812556614365,50000
2024-06-18,22.350812556614365,22.524290998462007,22.291640652627073,22.471982171223182,50000
2024-06-19,22.471982171223182,22.721543322610177,22.363579877344065,22.679320036291486,50000
2024-06-20,22.679320036291486,22.937591515780827,22.623883833372467,22.735882301493277,50000
2024-06-21,22.735882301493277,22.996969375095073,22.481985701149974,22.673464631238275,50000
2024-06-24,22.673464631238275,22.79645733180091,22.423748287217773,22.52227575765191,50000
2024-06-25,22.52227575765191,22.96266990808606,22.445291645191084,22.757047525971053,50000
2024-06-26,22.757047525971053,23.074422553952054,22.586325167952126,22.924070833143606,50000
2024-06-27,22.924070833143606,23.251161540116364,22.439529722994678,22.587965209504944,50000
2024-06-28,22.587965209504944,22.619821793479687,22.495474872283264,22.573560028773276,50000
2024-07-01,22.573560028773276,22.610236366339787,21.951480941337902,22.00202883138206,70854
2024-07-02,22.00202883138206,22.01991344883907,21.634920495160397,21.777286187043494,56345
2024-07-03,21.777286187043494,22.03288113271186,21.718687996974253,21.90137394364689,50000
2024-07-04,21.90137394364689,22.277967608680633,21.777018995479416,22.247255386955736,50000
2024-07-05,22.247255386955736,22.470627297074426,21.831843478614534,22.09008425404909,50000
2024-07-08,22.09008425404909,22.361766119833018,22.06800414801079,22.082232291646566,50000
2024-07-09,22.082232291646566,22.23805455473255,21.90962259659327,22.076865578565087,50000
2024-07-10,22.076865578565087,22.229113546624614,22.046311674362137,22.21565672434857,56033
2024-07-11,22.21565672434857,22.22994877179162,22.041911363300194,22.163607691065994,119075
2024-07-12,22.163607691065994,22.2947885267062,22.02408417361341,22.152049448214672,63715
2024-07-15,22.152049448214672,22.52506045197252,22.031385213393577,22.370890645751256,54905
2024-07-16,22.370890645751256,22.467102560891288,21.93824686428586,22.31723257845827,50000
2024-07-17,22.31723257845827,22.386665630140623,21.92019753623636,22.025913844455673,50000
2024-07-18,22.025913844455673,22.04718092729342,21.69481271878768,21.707222544971764,115799
2024-07-19,21.707222544971764,21.90524816402032,21.644925474045156,21.660337127541098,50000
2024-07-22,21.660337127541098,21.771760985841286,21.104404808968745,21.293385534752026,50000
2024-07-23,21.293385534752026,21.4587063679832,20.63519616403759,20.99638506332549,50000
2024-07-24,20.99638506332549,21.306138317610074,20.964032239286887,21.246067325523267,50000
2024-07-25,21.246067325523267,21.310832811733487,20.944959506830354,21.02992262369598,52601
2024-07-26,21.02992262369598,21.218322715336868,20.774731732122206,20.92333671812688,203583
2024-07-29,20.92333671812688,20.994931274061457,20.53125022886813,20.746337915313152,50000
2024-07-30,20.746337915313152,20.78655104060797,20.575024023435656,20.666881395160264,50000
2024-07-31,20.666881395160264,21.014437013520123,20.598790607541748,20.886778547175922,92834
2024-08-01,20.886778547175922,21.523439428944325,20.75296240525024,21.489363153662396,50000
2024-08-02,21.489363153662396,21.716123286995195,21.042655066707283,21.11249369418655,200242
2024-08-05,21.11249369418655,21.283933046076584,21.05729865940308,21.080046068490603,80528
2024-08-06,21.080046068490603,21.34838431873953,21.04667994287069,21.26247498458931,50000
2024-08-07,21.26247498458931,21.41115037113151,21.17116730011513,21.35249666791338,50000
2024-08-08,21.35249666791338,21.579296103964495,21.208117191356305,21.35960645959795,197115
2024-08-09,21.35960645959795,21.374939903359387,21.02967946068009,21.132549727914594,50000
2024-08-12,21.132549727914594,21.410020005864467,20.624762516691085,20.78821714896505,50000
2024-08-13,20.78821714896505,20.8103096829444,20.31332755745354,20.52704033405926,50000
2024-08-14,20.52704033405926,20.703358661264673,20.441467316609224,20.527500489334837,50000
2024-08-15,20.527500489334837,20.849596022472557,20.462234323114888,20.74974993904571,53637
2024-08-16,20.74974993904571,20.86592775376758,20.12114687396724,20.37154508479748,50000
2024-08-19,20.37154508479748,20.414366585321265,19.846059010804645,20.073198371400863,50000
2024-08-20,20.073198371400863,20.467928920156677,19.916444546839738,20.22251592776453,70259
2024-08-21,20.22251592776453,20.596585360876453,20.017419772871747,20.47786276290186,50000
2024-08-22,20.47786276290186,20.52044001933974,20.014338867146932,20.26103834747377,50000
2024-08-23,20.26103834747377,20.346787342334146,20.1490262592497,20.27277534053373,50000
2024-08-26,20.27277534053373,20.850333221907714,20.1997454922382,20.654589645838747,57627
2024-08-27,20.654589645838747,20.725526810124613,20.50166219557794,20.5250277929566,50000
2024-08-28,20.5250277929566,20.542660308256963,20.123805934152003,20.290022427509385,61342
2024-08-29,20.290022427509385,20.541171925729778,19.95443105788554,20.16202983732505,50000
2024-08-30,20.16202983732505,20.211413275383965,19.99617708014315,20.028750702628177,50000
2024-09-02,20.028750702628177,20.569428429122826,19.95667310646317,20.50351865992683,50000
2024-09-03,20.50351865992683,20.787622700826464,20.17890410403146,20.26402574110218,50000
2024-09-04,20.26402574110218,20.352127758261243,20.118214812908477,20.224935135616416,50000
2024-09-05,20.224935135616416,20.287386644183698,19.764442512721804,19.922964246427366,50000
2024-09-06,19.922964246427366,20.026380729164234,19.8154551256255,19.863475040079646,77918
2024-09-09,19.863475040079646,20.634059380797115,19.77320561988723,20.463811830938482,50000
2024-09-10,20.463811830938482,20.59674797384739,20.378073636999765,20.48226341002585,50000
2024-09-11,20.48226341002585,20.495045682408506,20.201963038102395,20.29298540287949,72778
2024-09-12,20.29298540287949,20.68019576365607,20.2657563555708,20.574331833535012,65005
2024-09-13,20.574331833535012,20.613935058609975,20.518330248336255,20.58259707205378,88475
2024-09-16,20.58259707205378,20.91225519001949,20.42695614527424,20.879274468978863,53325
2024-09-17,20.879274468978863,20.882422590595823,20.372010526528886,20.576419606919824,50000
2024-09-18,20.576419606919824,20.851902582296777,20.503023004276844,20.79030426905164,50000
2024-09-19,20.79030426905164,20.855409005973833,20.58046716898886,20.629480660317938,50000
2024-09-20,20.629480660317938,20.648708824624695,20.106419010528313,20.51514600106172,50000
2024-09-23,20.51514600106172,20.560111482102336,20.47048095018965,20.48222619955091,50000
2024-09-24,20.48222619955091,20.539268549854917,20.27606685901679,20.30646949782588,50000
2024-09-25,20.30646949782588,20.614929666434428,20.209760845473024,20.444725680228995,50000
2024-09-26,20.444725680228995,20.899408663754844,20.288038617308015,20.678143189399226,50000
2024-09-27,20.678143189399226,20.751884074683367,20.119883463703882,20.283510126654296,200249
2024-09-30,20.283510126654296,20.390334070673745,20.27844690722832,20.341580118897124,97315
2024-10-01,20.341580118897124,20.83855115280931,20.29106221204226,20.778459681229428,50000
2024-10-02,20.778459681229428,21.03360411805136,20.55556964177507,20.917625392416884,86533
2024-10-03,20.917625392416884,21.02892445264312,20.534490300001863,20.569301926180906,50000
2024-10-04,20.569301926180906,20.58100078733619,20.56914394024262,20.576247918527045,61880
2024-10-07,20.576247918527045,20.738541667965748,20.547574794714343,20.707648587029425,50000
2024-10-08,20.707648587029425,20.962581541519537,20.398775810015692,20.535792660408802,50000
2024-10-09,20.535792660408802,20.578527430802275,20.24355254874335,20.248604195814313,50000
2024-10-10,20.248604195814313,20.27262349496928,19.87574363649899,20.037047269563704,50000
2024-10-11,20.037047269563704,20.183870745090243,19.567755783171744,19.80629435150199,50000
2024-10-14,19.80629435150199,19.965467463596724,19.44957518283543,19.503872901228927,50000
2024-10-15,19.503872901228927,19.529087281930003,19.41697330786747,19.434476255521012,50000
2024-10-16,19.434476255521012,19.604738195214424,19.31506128273374,19.582558153012908,50000
2024-10-17,19.582558153012908,19.693511887480167,19.302050347242492,19.440300980160682,50000
2024-10-18,19.440300980160682,19.46565629184415,18.94706016361696,19.0552946985254,50000
2024-10-21,19.0552946985254,19.254309490262372,18.87993240384034,19.13697305444369,50000
2024-10-22,19.13697305444369,19.22042514252999,19.0817252741321,19.089683820362218,84080
2024-10-23,19.089683820362218,19.449074398497743,18.967578262848193,19.239688145081168,61939
2024-10-24,19.239688145081168,19.40277189347793,19.12572865109017,19.289362009179985,50000
2024-10-25,19.289362009179985,19.537543389066425,19.252613103325803,19.305483338601476,124881
2024-10-28,19.305483338601476,19.589527906271716,19.217995465393628,19.419619215384074,50000
2024-10-29,19.419619215384074,19.700607343316808,19.322762960934682,19.594530363048705,50000
2024-10-30,19.594530363048705,19.66859151727008,19.041160851682257,19.29979254734677,50000
2024-10-31,19.29979254734677,19.34242593684519,19.010819515522993,19.282206061070006,50000
2024-11-01,19.282206061070006,19.72230235191976,18.938186683376422,19.667270760081742,97731
2024-11-04,19.667270760081742,19.777315548812897,19.610043799143693,19.665859221170848,50000
2024-11-05,19.665859221170848,19.908117871913007,19.449815054328383,19.667289039306777,50000
2024-11-06,19.667289039306777,19.983603008964998,19.320443299548145,19.4143008455246,64084
2024-11-07,19.4143008455246,19.494664917540586,18.877970337167486,19.052049871847817,67991
2024-11-08,19.052049871847817,19.16899434555138,18.952360226611955,18.99550740420159,50000
2024-11-11,18.99550740420159,19.169635951450857,18.913392315293535,19.109140786561564,50000
2024-11-12,19.109140786561564,19.259503607737056,18.909255270759612,18.94297761545267,50000
2024-11-13,18.94297761545267,19.14892029130878,18.904291709177215,19.00796984244883,50000
2024-11-14,19.00796984244883,19.23747193923344,18.93538513134582,19.189435081476223,50000
2024-11-15,19.189435081476223,19.550034782332304,19.118099959975023,19.46923456515698,50000
2024-11-18,19.46923456515698,19.477520467877586,19.21175508359191,19.232936592288343,61762
2024-11-19,19.232936592288343,19.4102317973292,19.04266449648617,19.295894264586906,50000
2024-11-20,19.295894264586906,19.555187493226235,19.205613088601808,19.514623853287357,50000
2024-11-21,19.514623853287357,19.515242242677623,19.119945607814294,19.211583319667564,65836
2024-11-22,19.211583319667564,19.389735808474818,19.1489884467408,19.255629103393638,86904
2024-11-25,19.255629103393638,19.41978632510228,18.940619809402488,19.072399511760054,50000
2024-11-26,19.072399511760054,19.19503711948596,18.87196283905308,19.03349794140796,50000
2024-11-27,19.03349794140796,19.2975367229974,18.623853088589577,18.817560819506095,50000
2024-11-28,18.817560819506095,18.884918654517346,18.555481141935427,18.57385247299635,65547
2024-11-29,18.57385247299635,18.62893610990647,18.145258622801503,18.307952872087654,50000
2024-12-02,18.307952872087654,18.459716653867098,17.85586716686709,17.889160638051877,52620
2024-12-03,17.889160638051877,17.965683084687694,17.148480843741453,17.438747751664337,50000
2024-12-04,17.438747751664337,17.567108972057984,17.249472081255487,17.269069978845316,50000
2024-12-05,17.269069978845316,17.376353545075155,17.119258491476412,17.13587202369271,54502
2024-12-06,17.13587202369271,17.162652254235223,16.35168497222548,16.48031543741591,50000
2024-12-09,16.48031543741591,16.483484187484024,16.19498384320002,16.19910611745654,50000
2024-12-10,16.19910611745654,16.53377349990344,16.190448878598154,16.414408805980514,50000
2024-12-11,16.414408805980514,16.64172310347191,16.31442734440235,16.48653780628235,108180
2024-12-12,16.48653780628235,16.556929597614552,16.286321138538153,16.364501689462486,75121
2024-12-13,16.364501689462486,16.428656022287736,16.168083067976653,16.27146897962731,50000
2024-12-16,16.27146897962731,16.31851926124678,16.232184096699708,16.309619625979227,50000
2024-12-17,16.309619625979227,16.426481535570048,15.989499433670016,16.06469086138843,50000
2024-12-18,16.06469086138843,16.127814699947127,16.038565538490055,16.053755128191774,50000
2024-12-19,16.053755128191774,16.177437470386124,15.497501805205676,15.575516532786368,50000
2024-12-20,15.575516532786368,15.989316659692781,15.51109304624135,15.886479867788447,53179
2024-12-23,15.886479867788447,15.896173534732965,15.434324671234082,15.448899589358398,91714
2024-12-24,15.448899589358398,15.478869207518986,15.075971449071169,15.144907850106831,50000
2024-12-25,15.144907850106831,15.199155633984072,14.917157459712874,15.05138512162696,50000
2024-12-26,15.05138512162696,15.1586007525504,14.844789721161147,14.854145181691663,50000
2024-12-27,14.854145181691663,15.187302656537582,14.836765021278008,15.063402007557054,50000
2024-12-30,15.063402007557054,15.432928673944438,14.887759054633978,15.315103867626267,50000
2024-12-31,15.315103867626267,15.318510066938517,15.152497631164378,15.22653038496676,50000
2025-01-01,15.22653038496676,15.228222993775683,14.959398809680296,15.076122305675561,78945
2025-01-02,15.076122305675561,15.085696014354003,14.393816579105676,14.478003871024688,50000
2025-01-03,14.478003871024688,14.703862837347453,14.199977707755929,14.228276361256468,69967
2025-01-06,14.228276361256468,14.297512844260709,14.021083800103918,14.079801532008926,50000
2025-01-07,14.079801532008926,14.258402733670101,14.036050653142674,14.128154399356086,50000
2025-01-08,14.128154399356086,14.130703619388758,13.64164194073524,13.785893045266125,50000
2025-01-09,13.785893045266125,13.8436216921515,13.644811163356565,13.75298419860499,50000
2025-01-10,13.75298419860499,13.768955810537074,13.560726441893722,13.591492347847566,50000
2025-01-13,13.591492347847566,13.644501550122449,13.410217815852022,13.430205959866528,50000
2025-01-14,13.430205959866528,13.46303654200617,13.041027204481273,13.084488151523505,75099
2025-01-15,13.084488151523505,13.44378852338469,13.01222276565731,13.378421826130946,61030
2025-01-16,13.378421826130946,13.397058583082426,13.148594216317766,13.175426398115807,50000
2025-01-17,13.175426398115807,13.176273219572423,12.912473494968076,12.94789287586369,50000
2025-01-20,12.94789287586369,13.068844696556326,12.936158261315926,12.978762652287216,62527
2025-01-21,12.978762652287216,13.022799729390103,12.570120905357413,12.607231861425584,50000
2025-01-22,12.607231861425584,12.625412484205722,12.389934929281289,12.489118211745145,55100
2025-01-23,12.489118211745145,12.510846573639457,12.2087835699361,12.24719564448225,50000
2025-01-24,12.24719564448225,12.25549694878299,12.206884291834609,12.229645898777559,77284
2025-01-27,12.229645898777559,12.570015872151467,12.177274596071564,12.557165448156422,50000
2025-01-28,12.557165448156422,12.638688259958936,12.389725728141727,12.568557784420657,50000
2025-01-29,12.568557784420657,12.94931518552861,12.504007720509403,12.830870756604746,50000
2025-01-30,12.830870756604746,12.939230557077716,12.672106389453438,12.759264225718683,50000
2025-01-31,12.759264225718683,13.023851229836156,12.7288004966548,12.951323107097718,77792
2025-02-03,12.951323107097718,13.039444308558677,12.945953321184309,13.031215824309694,50000
2025-02-04,13.031215824309694,13.198985323135563,12.997053656554781,13.159438106038907,50000
2025-02-05,13.159438106038907,13.246463802844008,13.121741153048708,13.123519038281318,50000
2025-02-06,13.123519038281318,13.618512771946243,13.042290855744255,13.56279995590924,50000
2025-02-07,13.56279995590924,13.923183846143495,13.397863160634948,13.753796188368026,50000
2025-02-10,13.753796188368026,13.810170582445034,13.481590532106866,13.528309998883115,50000
2025-02-11,13.528309998883115,13.607860764344654,13.323871589635717,13.454329770462053,50000
2025-02-12,13.454329770462053,13.749840436440657,13.421338567964042,13.73076187304087,50000
2025-02-13,13.73076187304087,13.902690915591759,13.544060937017742,13.824891353257437,50000
2025-02-14,13.824891353257437,13.968177313420084,13.719950951268423,13.967605024656773,50000
2025-02-17,13.967605024656773,14.123807586820883,13.937029836935299,14.116751884375935,50000
2025-02-18,14.116751884375935,14.243082146319203,14.115065654083212,14.158549465964049,50000
2025-02-19,14.158549465964049,14.313146547471396,13.998366262474429,14.183041166470387,50000
2025-02-20,14.183041166470387,14.257180374871972,14.024757077424336,14.030062334504393,50000
2025-02-21,14.030062334504393,14.270647743614278,13.984150821147463,14.148791166980928,50000
2025-02-24,14.148791166980928,14.602693450046553,14.096982278484246,14.601833078899592,50000
2025-02-25,14.601833078899592,14.7496334765446,14.598501760294543,14.715460381228109,50000
2025-02-26,14.715460381228109,14.718299762402618,14.535017876767146,14.710045468079274,123282
2025-02-27,14.710045468079274,14.822586534772078,14.624654175792884,14.70675375987086,50000
2025-02-28,14.70675375987086,14.759439518460896,14.39792974152765,14.448763734630276,50000
2025-03-03,14.448763734630276,14.617180798124211,14.308206792913065,14.432715747730525,61044
2025-03-04,14.432715747730525,14.811226863512696,14.401966806961132,14.699479351842323,83083
2025-03-05,14.699479351842323,14.824476407166303,14.573499094519434,14.577643008911034,50000
2025-03-06,14.577643008911034,14.59966253921565,14.343450267419925,14.417577993547615,50000
2025-03-07,14.417577993547615,14.78679703962787,14.350430098053518,14.73654320861499,50000
2025-03-10,14.73654320861499,14.92948750774222,14.588258274183309,14.916519944813864,50000
2025-03-11,14.916519944813864,14.932676152220514,14.831185990715257,14.873682475800175,50000
2025-03-12,14.873682475800175,14.897117724571785,14.516602808642292,14.750021425048644,50000
2025-03-13,14.750021425048644,14.755251022915274,14.626074795020456,14.634489962019368,50000
2025-03-14,14.634489962019368,14.816070701197265,14.519208358512758,14.765288324839721,77291
2025-03-17,14.765288324839721,14.776049879794625,14.323065678035666,14.40431847012649,50000
2025-03-18,14.40431847012649,14.457219153279778,14.180134751156187,14.193376254275737,68874
2025-03-19,14.193376254275737,14.226147605739444,14.128228665609448,14.177844507447306,50000
2025-03-20,14.177844507447306,14.258388144603295,13.818771408701885,13.861935990128499,50000
2025-03-21,13.861935990128499,13.895353677498745,13.480222304115214,13.600111390130117,50000
2025-03-24,13.600111390130117,13.607295590115683,13.319055001342464,13.466024736763796,178299
2025-03-25,13.466024736763796,13.74718355558504,13.390752878429755,13.619293021832789,50000
2025-03-26,13.619293021832789,14.138086051055812,13.595214734792648,14.098180860948188,51446
2025-03-27,14.098180860948188,14.162379152684073,13.632082132642617,13.742746159797147,50000
2025-03-28,13.742746159797147,14.077134157871408,13.668522052379283,13.910395942338711,50000
2025-03-31,13.910395942338711,14.236012643039373,13.708129155353541,14.067701104854578,50000
2025-04-01,14.067701104854578,14.078948086452982,13.775353002951515,13.839545036092153,81874
2025-04-02,13.839545036092153,13.888021708315224,13.67293536720986,13.759384120629493,50000
2025-04-03,13.759384120629493,14.195897884433888,13.7440274376389,14.143457721253204,50000
2025-04-04,14.143457721253204,14.188722162177621,13.904749282538257,13.934234822456661,50000
2025-04-07,13.934234822456661,13.980045428271366,13.928231007429936,13.943075940065105,50000
2025-04-08,13.943075940065105,14.039694068259223,13.670319991700165,13.750487182147523,74050
2025-04-09,13.750487182147523,13.878156520696177,13.377507507355284,13.406854594613677,50000
2025-04-10,13.406854594613677,13.488437369033075,12.966097601247744,13.038476441560881,50000
2025-04-11,13.038476441560881,13.065695032030085,12.56625937735211,12.63152412594665,50000
2025-04-14,12.63152412594665,12.636363419447761,12.320196108197948,12.45992024580877,50000
2025-04-15,12.45992024580877,12.638239987626838,12.294348952265196,12.631214018322693,56280
2025-04-16,12.631214018322693,12.952319425799407,12.56291048770859,12.843048664833807,50000
2025-04-17,12.843048664833807,12.886112526547981,12.630562510914721,12.703725085071548,50000
2025-04-18,12.703725085071548,12.705353479624476,12.482008145283334,12.584178014889726,50000
2025-04-21,12.584178014889726,12.628053061057376,12.308888166882616,12.320241649285517,50000
2025-04-22,12.320241649285517,12.372172333101744,12.232953167741014,12.307170610461007,50000
2025-04-23,12.307170610461007,12.66493486583233,12.29969719814272,12.615210536690565,50000
2025-04-24,12.615210536690565,12.790237218722067,12.584594443165164,12.760359142613565,55052
2025-04-25,12.760359142613565,12.768555791398452,12.713069885374832,12.76369827268242,50000
2025-04-28,12.76369827268242,12.836143549077576,12.697157773670531,12.827409866412715,81297
2025-04-29,12.827409866412715,13.106990479594252,12.730691408823867,13.07316060770033,50000
2025-04-30,13.07316060770033,13.113497451889401,12.70016460644995,12.73919308802979,58379
2025-05-01,12.73919308802979,12.7663586396703,12.613150395218936,12.63348629673976,50000
2025-05-02,12.63348629673976,12.720424007351781,12.43594827895018,12.487592195883858,50000
2025-05-05,12.487592195883858,13.003705538900133,12.467301691241337,12.940284447973605,50000
2025-05-06,12.940284447973605,13.017807476929173,12.93038753242637,12.964831033259932,50000
2025-05-07,12.964831033259932,13.460158905994893,12.905719323696559,13.388157571792632,57842
2025-05-08,13.388157571792632,13.770006844555297,13.374101409822476,13.768344545136177,50000
2025-05-09,13.768344545136177,14.164397032857172,13.662505435695095,14.07011083110094,50000
2025-05-12,14.07011083110094,14.352714384391732,14.020959443663122,14.193376069554308,68111
2025-05-13,14.193376069554308,14.312269804553514,14.139864613207253,14.287921866694251,55641
2025-05-14,14.287921866694251,14.321649473896606,13.877827309463656,13.978485263590631,62928
2025-05-15,13.978485263590631,14.399648584828924,13.917835000644732,14.225028065750609,50000
2025-05-16,14.225028065750609,14.245961383902758,14.126133736518085,14.149743387514592,50000
2025-05-19,14.149743387514592,14.20541043559979,14.057472557317006,14.068279416582213,50000
2025-05-20,14.068279416582213,14.175921368614487,13.901689313335908,14.155683801385912,50000
2025-05-21,14.155683801385912,14.659396704275117,13.992057623098956,14.576535326973387,50000
2025-05-22,14.576535326973387,14.587087359410381,14.46730993670457,14.525856884651962,50000
2025-05-23,14.525856884651962,14.852087173223184,14.449123720639218,14.724958791585715,50000
2025-05-26,14.724958791585715,15.256272859775782,14.634435593824643,15.143053976064655,50000
2025-05-27,15.143053976064655,15.614801975220455,15.047416868529135,15.535160873027484,50000
2025-05-28,15.535160873027484,15.72137161380451,15.3709251625128,15.719025602553533,50000
2025-05-29,15.719025602553533,15.818016922641714,15.640479829107635,15.812434128926752,50000
2025-05-30,15.812434128926752,16.094190340081735,15.7425620788598,16.0652836638185,50000
2025-06-02,16.0652836638185,16.244041826486907,15.94495928686189,16.05478547341707,50000
2025-06-03,16.05478547341707,16.16910931931094,15.828831644337276,15.955356063055518,50000
2025-06-04,15.955356063055518,16.049348466879284,15.917363607181834,16.048267985877544,60722
2025-06-05,16.048267985877544,16.13635796462775,15.837643285027694,15.89328085014425,50000
2025-06-06,15.89328085014425,15.935081314534116,15.551902102573939,15.56754004602299,50000
2025-06-09,15.56754004602299,15.736051028639032,15.415287785231026,15.717187349813177,104836
2025-06-10,15.717187349813177,15.775254182317369,15.53188605965262,15.58057786117787,50000
2025-06-11,15.58057786117787,15.711263576492183,15.507741232536771,15.530378615582489,72402
2025-06-12,15.530378615582489,15.873477817338388,15.436006629743066,15.781962099682838,50000
2025-06-13,15.781962099682838,16.02932981533581,15.714563655333421,15.902135229757048,63403
2025-06-16,15.902135229757048,16.0313904153478,15.72386271838226,15.949134372524792,105883
2025-06-17,15.949134372524792,16.285869576016914,15.872096975180996,16.131302306924468,50000
2025-06-18,16.131302306924468,16.345533433382183,16.040927365485103,16.299743239618415,81083
2025-06-19,16.299743239618415,16.617847815548522,16.175854976665196,16.587419851613063,50000
2025-06-20,16.587419851613063,16.70630654412554,16.4151188415574,16.5084812956464,106735
2025-06-23,16.5084812956464,17.162400104880394,16.481838515708105,16.953971750083205,50000
2025-06-24,16.953971750083205,17.141911616735783,16.81225610196237,17.13052562600925,50000
2025-06-25,17.13052562600925,17.31766068006521,17.072004984077044,17.209322358147297,50000
2025-06-26,17.209322358147297,17.36809322316486,17.14706987204603,17.26178102509796,50000
2025-06-27,17.26178102509796,17.586037812210314,17.22822026637948,17.554107825906325,50000
2025-06-30,17.554107825906325,17.73045045430637,17.448460527103432,17.57225220177057,50000
2025-07-01,17.57225220177057,17.899417457264857,17.38660861608276,17.893748772230044,72039
2025-07-02,17.893748772230044,17.898212657407626,17.830360188544322,17.87746122494178,50000
2025-07-03,17.87746122494178,18.106155812121358,17.545115711354782,17.827230968552822,50000
2025-07-04,17.827230968552822,18.153101747887153,17.42182180663336,17.477896528797288,79688
2025-07-07,17.477896528797288,17.687502553360577,16.99470523886924,17.1468536610117,52945
2025-07-08,17.1468536610117,17.171861107668366,17.079122430516822,17.132803562850615,50000
2025-07-09,17.132803562850615,17.134288743345692,16.83595103555199,16.91340668588961,50000
2025-07-10,16.91340668588961,16.967223339984333,16.73973427628086,16.808123757672924,50000
2025-07-11,16.808123757672924,17.34666975939951,16.77370104763392,17.230286771155306,50000
2025-07-14,17.230286771155306,17.567774929730156,17.02998557489326,17.114493208507298,64332
2025-07-15,17.114493208507298,17.213976720017737,16.990730689802557,17.138428453778893,113340
2025-07-16,17.138428453778893,17.176165449179837,16.86720765104052,17.095599876735427,50000
2025-07-17,17.095599876735427,17.30345181533882,17.052828855392416,17.244719380903458,50000
2025-07-18,17.244719380903458,17.6336848430584,17.149215098747188,17.565387595814673,50000
2025-07-21,17.565387595814673,17.781247304817178,17.51648772500426,17.643129169815822,75455
2025-07-22,17.643129169815822,17.71209630122431,17.44145410270109,17.581476244347932,74761
2025-07-23,17.581476244347932,17.919806351330244,17.55699386722473,17.887118590798963,80136
2025-07-24,17.887118590798963,18.014174186282254,17.680695148863858,17.69235422884685,50000
2025-07-25,17.69235422884685,17.7104268437256,17.593650239286365,17.626349444697812,50000
2025-07-28,17.626349444697812,18.055110394714777,17.613263955602257,17.888504074254598,50000
2025-07-29,17.888504074254598,18.48736026525044,17.81719698099838,18.269889771971915,50000
2025-07-30,18.269889771971915,18.486412340117326,18.056885866803615,18.066429519873786,50000
2025-07-31,18.066429519873786,18.165842563258344,18.0273844387501,18.113022330987334,50000
2025-08-01,18.113022330987334,18.21244985610099,17.806115358945245,17.824266869264044,77153
2025-08-04,17.824266869264044,17.90887881318198,17.634736405127402,17.653002668337834,50000
2025-08-05,17.653002668337834,18.22227628008181,17.516338514159507,18.018416401257838,50000
2025-08-06,18.018416401257838,18.100434591228737,17.76162034765126,18.091895674462936,50000
2025-08-07,18.091895674462936,18.102527694127023,17.536979168336753,17.628209285889824,50000
2025-08-08,17.628209285889824,17.707800374602403,17.247177124602757,17.312353973800196,50000
2025-08-11,17.312353973800196,17.742627462846222,17.085141321753806,17.607284757825678,149598
2025-08-12,17.607284757825678,17.742714249433263,17.539494401802795,17.629460007949227,58268
2025-08-13,17.629460007949227,17.64309315095914,17.571486013327515,17.60797824077802,50000
2025-08-14,17.60797824077802,17.670460630434143,17.302109800518853,17.42249064526464,50000
2025-08-15,17.42249064526464,17.53065411600642,17.285414663026128,17.474014028132487,50000
2025-08-18,17.474014028132487,17.59541708199072,17.1029968353693,17.252557736760323,50000
2025-08-19,17.252557736760323,17.39143847739778,17.140289584428952,17.226001289506645,50000
2025-08-20,17.226001289506645,17.254782739198994,17.05847422384471,17.149195206415794,70510
2025-08-21,17.149195206415794,17.36778306712412,17.058653470434198,17.246971352759058,50000
2025-08-22,17.246971352759058,17.27210454492957,17.208427594567027,17.238444073313236,68706
2025-08-25,17.238444073313236,17.516299814380137,17.234061524232683,17.45696003442989,50000
2025-08-26,17.45696003442989,17.610682119025256,17.326654663874304,17.390753488345563,64175
2025-08-27,17.390753488345563,17.70343753769845,17.315013877459073,17.702331379209326,50000
2025-08-28,17.702331379209326,17.83762018243675,17.59735497600926,17.837223272186517,50000
2025-08-29,17.837223272186517,18.20813812691097,17.67120109931997,18.12242826592952,73442
2025-09-01,18.12242826592952,18.141492682343873,17.785977995213315,17.987865486904035,50000
2025-09-02,17.987865486904035,18.11090907895791,17.76078974969358,17.761339551063752,50000
2025-09-03,17.761339551063752,17.81597925978057,17.70160039392723,17.804173586877056,67176
2025-09-04,17.804173586877056,18.140316210948512,17.604995185381863,18.024024916526386,105107
2025-09-05,18.024024916526386,18.28192561777314,17.965362898943923,18.257377356982726,50000
2025-09-08,18.257377356982726,18.457903289415174,17.933646314895256,18.173951179872663,50000
2025-09-09,18.173951179872663,18.331598601843293,17.95316500104822,18.29528583549455,50000
2025-09-10,18.29528583549455,18.300503039406557,17.862851438022712,17.949200939725003,50000
2025-09-11,17.949200939725003,18.075194572005415,17.763720648595918,17.848399949552096,50000
2025-09-12,17.848399949552096,17.850643442125133,17.510624326921146,17.625697370086474,50000
2025-09-15,17.625697370086474,17.80136505631621,17.443389285645427,17.48984228595673,50000
2025-09-16,17.48984228595673,17.50967085253762,17.36412841181857,17.46095899240864,50000
2025-09-17,17.46095899240864,17.83563376627848,17.273345115180017,17.824334103237653,50000
2025-09-18,17.824334103237653,17.93756861140052,17.402380508923248,17.502795644121,50000
2025-09-19,17.502795644121,18.018070158303537,17.347357705660414,17.894640563341138,65713
2025-09-22,17.894640563341138,18.228625327276134,17.81356986809214,18.21447816264589,50000
2025-09-23,18.21447816264589,18.293593671500417,17.961892986659265,18.017936240267083,50000
2025-09-24,18.017936240267083,18.539656465011348,17.96669261287954,18.40737891407975,58415
2025-09-25,18.40737891407975,18.48620485788946,18.365707666018622,18.400463965156167,62196
2025-09-26,18.400463965156167,18.67311920223077,18.29234810321876,18.64394229540602,50000
2025-09-29,18.64394229540602,18.780984341716152,18.33852049643653,18.390536295415192,50000
2025-09-30,18.390536295415192,18.46248739766909,18.35394246140954,18.443868335687924,50000
2025-10-01,18.443868335687924,18.777147896013958,18.432099309932838,18.7248785756968,62275
2025-10-02,18.7248785756968,18.778844576739942,18.455393927419223,18.505747222801464,130450
2025-10-03,18.505747222801464,18.72108853639717,18.44730036839702,18.622689282850175,50000
2025-10-06,18.622689282850175,18.941524440660157,18.57060330270528,18.936992110891087,50000
2025-10-07,18.936992110891087,19.100886610390038,18.79290570992416,19.001345704551138,50000
2025-10-08,19.001345704551138,19.262464037544753,18.752076732468332,19.059044794411154,50000
2025-10-09,19.059044794411154,19.130023563387173,18.6137670119262,18.64500193443586,76841
2025-10-10,18.64500193443586,18.96621084664491,18.60956760330452,18.93216632384015,50000
2025-10-13,18.93216632384015,19.211049187156085,18.836768415985663,19.140811125559168,67807
2025-10-14,19.140811125559168,19.178022071841855,18.993080835469932,19.093176842762187,50000
2025-10-15,19.093176842762187,19.24724704531544,18.82486679013159,18.85582408775314,50000
2025-10-16,18.85582408775314,18.88944830062077,18.434064591137307,18.483942524370633,50000
2025-10-17,18.483942524370633,18.493989957076767,18.121314513478907,18.252118313423825,50000
2025-10-20,18.252118313423825,18.40583338031627,18.162717145100682,18.16529897791014,54441
2025-10-21,18.16529897791014,18.19261275029719,17.542976128289713,17.75424344062694,79128
2025-10-22,17.75424344062694,17.89435607717531,17.67239728246402,17.87914709540422,50000
2025-10-23,17.87914709540422,18.3266343002899,17.84542500650985,18.274155421309096,52977
2025-10-24,18.274155421309096,18.414642318439796,18.039247456965125,18.177927924040237,86266
2025-10-27,18.177927924040237,18.298515340127924,17.831724130847675,18.225290961322212,50000
2025-10-28,18.225290961322212,18.366121358048932,18.106083284297977,18.240149120533804,50000
2025-10-29,18.240149120533804,18.33047680970134,18.016737969545748,18.2761534736402,50000
2025-10-30,18.2761534736402,18.44306563332475,18.03606643272269,18.164038023772175,50000
2025-10-31,18.164038023772175,18.4474571953165,18.15299231518507,18.414498678926563,50000
2025-11-03,18.414498678926563,18.53157847774888,18.211883400887256,18.30028098479203,50000
2025-11-04,18.30028098479203,18.586178413126014,18.28399690203827,18.46725999797424,50000
2025-11-05,18.46725999797424,18.55012790075382,18.224290126570207,18.413898416143994,50000
2025-11-06,18.413898416143994,18.555106553529995,18.108834188785035,18.109041100219986,50000
2025-11-07,18.109041100219986,18.293388895559243,17.669136319731727,17.698988013455516,50000
2025-11-10,17.698988013455516,17.922244075187685,17.656374437060446,17.84833227224708,50000
2025-11-11,17.84833227224708,17.90285801085152,17.694155198338084,17.82174559381837,50000
2025-11-12,17.82174559381837,17.850157139023352,17.594057733989747,17.6476695173524,50000
2025-11-13,17.6476695173524,17.700779588572757,17.379714221720626,17.56186189087909,50000
2025-11-14,17.56186189087909,17.856587970246636,17.53695283134714,17.676912336879838,50000
2025-11-17,17.676912336879838,18.379794980996692,17.542250104483706,18.36075722217959,50000
2025-11-18,18.36075722217959,18.418915604972792,18.332834981608602,18.37461156701485,94117
2025-11-19,18.37461156701485,18.957554642585816,18.199671343525,18.860185667562487,50000
2025-11-20,18.860185667562487,19.106640186077072,18.795293850527,18.98048552159059,109035
2025-11-21,18.98048552159059,19.034351688126307,18.574743894567007,18.677767773452487,50000
2025-11-24,18.677767773452487,18.793365602579907,18.40873479722405,18.786106154918233,58845
2025-11-25,18.786106154918233,19.38354577515117,18.724858823770173,19.31318858357638,50000
2025-11-26,19.31318858357638,19.37124576000988,19.180550983793754,19.1880042267548,50000
2025-11-27,19.1880042267548,19.193188959958057,18.740349425673852,18.832474686728048,58954
2025-11-28,18.832474686728048,19.01566722757488,18.77548931795356,18.985005932524388,127008
2025-12-01,18.985005932524388,19.27532651360273,18.68835566216739,19.220465448386204,50000
2025-12-02,19.220465448386204,19.31550905331701,18.650118238564406,18.691867567833622,50000
2025-12-03,18.691867567833622,18.7093237937156,18.35056457334989,18.60540762125494,50000
2025-12-04,18.60540762125494,18.71906176870223,18.580041600380383,18.717650199944725,130501
2025-12-05,18.717650199944725,18.933061702562867,18.512108348750537,18.745782991268943,50000
2025-12-08,18.745782991268943,18.813285244794272,18.53246678878481,18.601467586606287,109806
2025-12-09,18.601467586606287,19.038227070497125,18.574443688934746,18.987659246178605,50000
2025-12-10,18.987659246178605,19.085576001535735,18.828316148229447,18.84214980989507,50000
2025-12-11,18.84214980989507,19.07127139107892,18.643610126025177,19.040115715336263,51275
2025-12-12,19.040115715336263,19.1943222506084,18.61034946768122,18.68665316057261,50000
2025-12-15,18.68665316057261,18.709372609438862,18.163553792127217,18.297057010223373,50000
2025-12-16,18.297057010223373,18.39807568400931,18.203510711419383,18.246476292394934,50000
2025-12-17,18.246476292394934,18.29580215816196,18.132218128601778,18.22349095752922,50000
2025-12-18,18.22349095752922,18.26226059200562,17.908551082203218,18.062446440778206,50000
2025-12-19,18.062446440778206,18.29784905727974,17.98795664406269,18.222162127477034,50000
2025-12-22,18.222162127477034,18.239442398599994,17.938227499375586,18.03069358308996,50000
2025-12-23,18.03069358308996,18.03593131359763,17.78605765231759,17.907448980057158,50000
2025-12-24,17.907448980057158,18.249522225217117,17.735783083315567,18.150781141896967,50000
2025-12-25,18.150781141896967,18.42469422233055,18.13060770173893,18.411941004097905,50000
2025-12-26,18.411941004097905,18.428168399569078,18.332370563469198,18.350959606581632,50000
2025-12-29,18.350959606581632,18.552712493082282,18.143713801640097,18.36057376755334,66990
2025-12-30,18.36057376755334,18.54024517807451,18.322233584091137,18.518006194588146,50000
2025-12-31,18.518006194588146,18.540035423291393,18.2227590080764,18.293754283602357,142168
2026-01-01,18.293754283602357,18.48112062300184,17.666392064761162,17.87936149465978,107013
2026-01-02,17.87936149465978,17.959667571846623,17.20415639404297,17.24963780571865,50000
2026-01-05,17.24963780571865,17.37595893208636,17.07368545498321,17.252844493946434,50000
2026-01-06,17.252844493946434,17.312450595339623,16.927644394851324,16.96302823645162,74551
2026-01-07,16.96302823645162,17.11590317959188,16.51530984943006,16.699060496718648,50000
2026-01-08,16.699060496718648,17.051846396174014,16.680517689666015,16.852721163714705,95945
2026-01-09,16.852721163714705,17.000931116471726,16.836537477001016,16.929621324370814,64045
2026-01-12,16.929621324370814,17.329949654598984,16.792756696202737,17.28587834481652,50000
2026-01-13,17.28587834481652,17.30929590400851,16.881238932494174,16.93706543284075,69818
2026-01-14,16.93706543284075,17.650756491632144,16.82258139514871,17.563510309415523,50000
2026-01-15,17.563510309415523,17.608308475177758,17.39460049112061,17.453652861896487,50000
2026-01-16,17.453652861896487,17.576218775111197,17.34118486905931,17.360476171238847,147585
2026-01-19,17.360476171238847,17.800900164123206,17.33295262330081,17.62388751082594,59057
2026-01-20,17.62388751082594,17.71360237367337,17.369041120671536,17.522417308343034,50000
2026-01-21,17.522417308343034,17.819269639297502,17.504100628392717,17.671862005229183,50000
2026-01-22,17.671862005229183,18.3232373057917,17.65039236254904,18.238924265620703,50000
2026-01-23,18.238924265620703,18.741824376968424,18.14025659544963,18.661748165056483,52794
2026-01-26,18.661748165056483,19.04082299789383,18.58062345313877,18.986415788571893,50000
2026-01-27,18.986415788571893,19.012598940823107,18.98081878172067,19.000174058156865,50000
2026-01-28,19.000174058156865,19.059741927110142,18.7920471418051,18.881887493573554,50000
2026-01-29,18.881887493573554,19.30211521982715,18.81133300212094,19.27702369347125,50000
2026-01-30,19.27702369347125,19.359209895988265,18.853074641175276,18.934262639121307,50000
2026-02-02,18.934262639121307,19.22169027515831,18.849053008114385,19.077259215445082,57923
2026-02-03,19.077259215445082,19.08184172430159,17.994455965008868,18.233985227391127,50000
2026-02-04,18.233985227391127,18.353553932874586,17.950173712504764,17.959341986403288,50000
2026-02-05,17.959341986403288,17.98421564759153,17.871282916347795,17.881466213829157,50000
2026-02-06,17.881466213829157,17.91484705392228,17.66724970925279,17.842273503900472,50000
2026-02-09,17.842273503900472,17.907336986213842,17.693281700514735,17.73005430804055,50000
2026-02-10,17.73005430804055,17.7379956126392,17.36796633067621,17.58189523400373,50000
2026-02-11,17.58189523400373,17.708953171512942,17.524723408691592,17.66027178725382,50000
2026-02-12,17.66027178725382,18.101688672708725,17.651505282915906,18.065542704572078,50000
2026-02-13,18.065542704572078,18.233837953408177,17.842994292530307,17.890167639551606,50000
2026-02-16,17.890167639551606,17.928049813911457,17.65470286981113,17.66111538436839,50000
2026-02-17,17.66111538436839,17.762718581549013,17.64043992379486,17.743307105196358,87432
2026-02-18,17.743307105196358,18.086488262657724,17.73421954191541,17.96334747849052,50000
2026-02-19,17.96334747849052,18.32233459026018,17.91991981802069,18.05477177391369,50000
2026-02-20,18.05477177391369,18.15145265277093,17.991017431625174,18.126226100676178,93790
2026-02-23,18.126226100676178,18.148504137557676,17.844774836606245,17.89034713736439,50000
2026-02-24,17.89034713736439,17.965042742113024,17.711130452643946,17.822961395379572,50000
2026-02-25,17.822961395379572,17.944517072170765,17.700390060954703,17.75390004568674,55007
2026-02-26,17.75390004568674,17.908501829082777,17.57937478800865,17.711774022760608,50000
2026-02-27,17.711774022760608,18.083656306200147,17.63889307389515,17.975018015578193,50000
2026-03-02,17.975018015578193,18.922263909310068,17.913539740636395,18.76000657363352,50000
2026-03-03,18.76000657363352,18.781480810825684,18.624212115137286,18.679531842851897,50000
2026-03-04,18.679531842851897,19.22794872373151,18.52527353510136,19.14775870365522,77368
2026-03-05,19.14775870365522,19.22968054594043,18.816192722350227,18.942212004643213,102070
2026-03-06,18.942212004643213,19.710249995882158,18.8542925089826,19.636183111902334,50000
2026-03-09,19.636183111902334,19.76542443936194,19.61783188391364,19.722849259875368,50000
2026-03-10,19.722849259875368,20.762180241060978,19.676771832704866,20.673648566266028,50000
2026-03-11,20.673648566266028,20.721416490079275,20.50898714431008,20.527532731184756,50000
2026-03-12,20.527532731184756,20.764974274058808,20.4020759136665,20.500359657806833,50000
2026-03-13,20.500359657806833,20.523117758503414,20.322095134343318,20.436382638244666,50000
2026-03-16,20.436382638244666,20.534764157543535,20.28172326711065,20.534265042945783,50000
2026-03-17,20.534265042945783,20.82857840071228,20.394512385181343,20.81743073432244,50000
2026-03-18,20.81743073432244,20.877462511255757,20.745990859200226,20.87134993586779,50000
2026-03-19,20.87134993586779,21.00509080614841,20.565308553855047,20.643467527152104,50000
2026-03-20,20.643467527152104,21.12544031450996,20.424012550733824,21.002812841105428,50000
2026-03-23,21.002812841105428,21.23652206872058,20.91586519893929,21.213731291556712,50000
2026-03-24,21.213731291556712,21.23026357814172,20.895933775203908,20.926327804588972,50000
2026-03-25,20.926327804588972,21.251874887803055,20.90271458554001,21.241311498595696,61839
2026-03-26,21.241311498595696,21.36792886113862,21.169603921430355,21.231192039998934,50000
2026-03-27,21.231192039998934,21.556692678117805,21.173125980775954,21.383676484470932,50000
2026-03-30,21.383676484470932,21.54935008470444,21.210952131818942,21.41684487588548,50000
2026-03-31,21.41684487588548,21.603027174360452,21.06384479527248,21.256924840813298,57413
2026-04-01,21.256924840813298,21.331524684964762,21.056390063751998,21.181950548012868,64578
2026-04-02,21.181950548012868,21.792072592136318,21.163439141161223,21.609683114020054,50000
2026-04-03,21.609683114020054,22.13427403507356,21.424818645037078,22.042749019198197,58902
2026-04-06,22.042749019198197,22.098489734209874,21.646746007723575,21.768454136757292,50000
2026-04-07,21.768454136757292,21.973068862097318,21.476491285475927,21.710146482588634,50000
2026-04-08,21.710146482588634,21.832346853539818,21.70326944138286,21.78762069644511,50000
2026-04-09,21.78762069644511,21.929487852815534,21.613961698523596,21.731418485201353,100904
2026-04-10,21.731418485201353,22.02393391342168,21.398622616507584,21.432046858172097,74493
