Date,Open,High,Low,Close,Volume
2010-01-01,18.38068747044491,18.44705227047307,18.182981720250808,18.38068747044491,50000
2010-01-04,18.38068747044491,18.568209301004178,18.03152948635492,18.087964712109954,120009
2010-01-05,18.087964712109954,18.157649877985495,18.01342365840563,18.11596991325028,50000
2010-01-06,18.11596991325028,18.522769289585725,18.067307295036898,18.469996920630134,50000
2010-01-07,18.469996920630134,18.482765810813827,18.169467445283566,18.25960223971412,50000
2010-01-08,18.25960223971412,18.43345719643235,18.229867325889515,18.283285207786214,187383
2010-01-11,18.283285207786214,18.389178137706942,18.203038995923134,18.254872396036756,52453
2010-01-12,18.254872396036756,18.469564808620277,18.213826177820515,18.39309458003033,50000
2010-01-13,18.39309458003033,18.827422398424392,18.320642578221587,18.76864128334256,50000
2010-01-14,18.76864128334256,18.802961497419187,18.415939090569317,18.499119107491858,50000
2010-01-15,18.499119107491858,18.723810166016367,18.414564324126168,18.578953626332936,50000
2010-01-18,18.578953626332936,18.706925616588542,18.402827455751847,18.684673026818622,50000
2010-01-19,18.684673026818622,18.917468042451524,18.660683396801282,18.897700637738215,50000
2010-01-20,18.897700637738215,19.56026259806485,18.796751269805114,19.312425034697423,50000
2010-01-21,19.312425034697423,19.729622622111506,19.18577514146324,19.578577365186703,50000
2010-01-22,19.578577365186703,19.68733745764299,19.337325932653844,19.421651343724257,50000
2010-01-25,19.421651343724257,19.508709800496426,19.317325028836283,19.452121228065305,50000
2010-01-26,19.452121228065305,19.557428202378198,19.157043105093333,19.19154347028633,50000
2010-01-27,19.19154347028633,19.56883079185887,19.098792794150185,19.44262648686397,50000
2010-01-28,19.44262648686397,19.456882534931214,19.35263881305821,19.365439519881782,94036
2010-01-29,19.365439519881782,19.402517804439675,19.11226173019346,19.248640048657876,50000
2010-02-01,19.248640048657876,19.369061644489648,19.20936690330321,19.240269619608437,50000
2010-02-02,19.240269619608437,19.5684889745152,19.11966439508749,19.501553421638587,50000
2010-02-03,19.501553421638587,19.549854028647363,19.27153423281588,19.402301701719914,50000
2010-02-04,19.402301701719914,19.491105886731276,19.13653386373187,19.155943516279624,55289
2010-02-05,19.155943516279624,19.28507963895896,19.13496243688265,19.222409272135796,50000
2010-02-08,19.222409272135796,19.288687645201225,19.077195216997822,19.267311621838388,50000
2010-02-09,19.267311621838388,19.33621521062516,19.127618898792196,19.13729680264118,50000
2010-02-10,19.13729680264118,19.59077480761781,19.05595432205819,19.487114155167376,50000
2010-02-11,19.487114155167376,19.925496333395408,19.436873251978,19.92270498638881,50000
2010-02-12,19.92270498638881,20.266423556008224,19.755338297848688,20.171249212132828,50000
2010-02-15,20.171249212132828,20.511373832839016,20.100351266309104,20.220566721559756,60314
2010-02-16,20.220566721559756,20.240374866176143,20.132782591727857,20.227487914645607,50000
2010-02-17,20.227487914645607,20.25471236168552,19.909664000394024,19.92128018210561,50000
2010-02-18,19.92128018210561,20.160745898592722,19.89560685932906,20.117835502698906,58538
2010-02-19,20.117835502698906,20.219693743453025,19.86122411012443,20.081767714302124,50000
2010-02-22,20.081767714302124,20.378901513183727,19.962496478295353,20.253413178539773,54827
2010-02-23,20.253413178539773,20.301328428343492,19.857407578198917,19.87184227810241,50000
2010-02-24,19.87184227810241,19.953004152328905,19.612277051112393,19.757820419498092,50000
2010-02-25,19.757820419498092,20.061676977576333,19.541049723045607,20.040032142284236,50000
2010-02-26,20.040032142284236,20.117518327200287,19.858620224419845,19.970830106409554,57829
2010-03-01,19.970830106409554,20.271899725319336,19.679250386081723,19.709046832123995,161711
2010-03-02,19.709046832123995,19.916808983130405,19.660480118973812,19.88035406265401,50000
2010-03-03,19.88035406265401,20.0173614378681,19.609549748058125,19.699118524315868,50000
2010-03-04,19.699118524315868,19.866611675508867,19.30318945432962,19.451885029439048,50000
2010-03-05,19.451885029439048,19.464930455161348,19.415580577465615,19.450365398649005,50000
2010-03-08,19.450365398649005,19.77275014745272,19.296423368814548,19.574349712548216,50000
2010-03-09,19.574349712548216,19.686076558650846,19.245551077724333,19.25986837114063,50000
2010-03-10,19.25986837114063,19.332246383345183,19.224282349691915,19.318562971168184,50000
2010-03-11,19.318562971168184,19.368003290075055,19.034034674077795,19.079374141565907,60283
2010-03-12,19.079374141565907,19.286914843789088,18.899073619062353,19.20816075186341,50000
2010-03-15,19.20816075186341,19.650034813569366,19.02692682457791,19.581928410357623,50000
2010-03-16,19.581928410357623,19.721911266199307,19.450787543932126,19.463641600686536,50000
2010-03-17,19.463641600686536,19.571423336982377,19.099379412270814,19.181071210236116,63053
2010-03-18,19.181071210236116,19.199293336809628,18.798215015284008,18.869053278025522,50000
2010-03-19,18.869053278025522,19.046644824983574,18.56370295498741,18.701134828499026,50000
2010-03-22,18.701134828499026,18.79974128997701,18.25075719798602,18.44386769686897,50000
2010-03-23,18.44386769686897,19.142016945513323,18.34031642881648,19.0359713773713,50000
2010-03-24,19.0359713773713,19.092275274999242,18.539047188822583,18.616214350904055,50000
2010-03-25,18.616214350904055,18.78007413558294,18.49201038348876,18.749240902626347,50000
2010-03-26,18.749240902626347,18.774263198846548,18.470204492946138,18.73809319334759,50000
2010-03-29,18.73809319334759,18.815274021014893,18.54615838145674,18.615931221558625,50000
2010-03-30,18.615931221558625,18.628405067648778,18.394223266135054,18.42449298778002,50000
2010-03-31,18.42449298778002,18.812419335173495,18.33151832149139,18.617359236792936,54747
2010-04-01,18.617359236792936,18.870511150673433,18.40751917253229,18.698578611592705,50000
2010-04-02,18.698578611592705,18.85157274239172,18.598738981060745,18.805784008831406,50000
2010-04-05,18.805784008831406,18.892979538338853,18.748322667647454,18.836492964022444,50000
2010-04-06,18.836492964022444,19.05895085542758,18.566327581806846,18.567355338912318,86270
2010-04-07,18.567355338912318,18.643400939089023,18.36096904663106,18.629819145656196,50000
2010-04-08,18.629819145656196,19.303283053415818,18.48312261964929,19.14634668969588,50000
2010-04-09,19.14634668969588,19.258058314947053,18.85696634348079,18.918264445785056,93892
2010-04-12,18.918264445785056,19.239641019872472,18.80270392642013,19.053492152399325,50000
2010-04-13,19.053492152399325,19.121090885849473,18.847801955636797,18.859854941878147,58645
2010-04-14,18.859854941878147,18.874949734014688,18.61632520636375,18.786454564485737,61135
2010-04-15,18.786454564485737,18.850247835045334,18.588940957288468,18.652084638352484,50000
2010-04-16,18.652084638352484,18.946863885161207,18.57872455463634,18.892370797820814,50000
2010-04-19,18.892370797820814,18.9157460676569,18.872955925263813,18.915407647548108,50000
2010-04-20,18.915407647548108,18.921808316336982,18.684552043773447,18.832181494431957,54847
2010-04-21,18.832181494431957,19.4925476521451,18.816471685161844,19.387449200937052,50000
2010-04-22,19.387449200937052,19.41639154598316,19.23393800976903,19.37304777560029,61349
2010-04-23,19.37304777560029,19.56984127734334,19.308369451556928,19.527256065116816,50000
2010-04-26,19.527256065116816,19.703806117118123,18.791426393363263,18.829580844344477,50000
2010-04-27,18.829580844344477,18.85366493511713,18.74728854104639,18.757526264824616,50000
2010-04-28,18.757526264824616,19.1288167350265,18.706142461509323,18.96814071944509,50000
2010-04-29,18.96814071944509,19.081258752704233,18.80041166913084,18.91805461614398,56621
2010-04-30,18.91805461614398,19.046388335062655,18.78681441267848,18.86815512806407,50000
2010-05-03,18.86815512806407,18.994816122082046,18.54460879552101,18.554323086887024,50000
2010-05-04,18.554323086887024,18.5740573799059,18.18683150048146,18.440763350733835,50000
2010-05-05,18.440763350733835,18.613987592423694,18.171587467005264,18.52102469694149,109769
2010-05-06,18.52102469694149,19.07928015151922,18.3856330516951,18.857506182520588,50000
2010-05-07,18.857506182520588,18.880521317223508,18.715831567875234,18.733828926279678,78640
2010-05-10,18.733828926279678,18.95801113792123,18.65787697014277,18.80908234925026,50000
2010-05-11,18.80908234925026,18.947885408979634,18.695936773253923,18.72924436526828,50000
2010-05-12,18.72924436526828,18.77278168139678,18.577744962797727,18.712331506173072,50000
2010-05-13,18.712331506173072,18.922874470787914,18.24087797355791,18.31869742049588,50000
2010-05-14,18.31869742049588,18.62208893650078,18.252708205494713,18.28310263905266,51860
2010-05-17,18.28310263905266,18.345583439683246,17.823361657436756,17.928093137519706,51352
2010-05-18,17.928093137519706,18.11036940535638,17.51642203836466,17.746987546940463,50000
2010-05-19,17.746987546940463,17.963332614062736,17.71746742935123,17.890454184087897,50000
2010-05-20,17.890454184087897,17.9267019740739,17.712097446896188,17.719918272056823,50000
2010-05-21,17.719918272056823,17.942769439230226,17.588041894993648,17.860537781188988,77430
2010-05-24,17.860537781188988,17.88919206940216,17.81014485953242,17.86359833432212,50000
2010-05-25,17.86359833432212,18.011392680445454,17.4628418591828,17.47930703993,50000
2010-05-26,17.47930703993,17.641586052399692,17.281589199601886,17.42040977031945,85871
2010-05-27,17.42040977031945,17.457288422122986,17.174424201659303,17.225838218885844,50000
2010-05-28,17.225838218885844,17.284340045061967,16.891530049007564,17.015836293364117,50000
2010-05-31,17.015836293364117,17.098822247543204,16.755765717341987,16.874018367320968,50143
2010-06-01,16.874018367320968,16.897037719524437,16.806264499127348,16.839806838004986,50000
2010-06-02,16.839806838004986,17.329396334536856,16.662741364961153,17.13288906201252,50000
2010-06-03,17.13288906201252,17.174559906184175,16.568140290977773,16.69207711447302,50000
2010-06-04,16.69207711447302,16.785043802044537,16.685745286035207,16.741555953861596,50000
2010-06-07,16.741555953861596,17.10523711100028,16.72254098552188,16.972152294792753,50000
2010-06-08,16.972152294792753,17.023767036361157,16.922331617306757,17.02135688792406,50000
2010-06-09,17.02135688792406,17.110473877347392,16.338355158069454,16.569892028499446,60207
2010-06-10,16.569892028499446,16.57861418699171,16.43401209313736,16.556394012280908,50000
2010-06-11,16.556394012280908,16.70861740999106,16.48216795609143,16.66803934940743,50000
2010-06-14,16.66803934940743,16.84416190532235,16.496499393572382,16.569109969568444,50000
2010-06-15,16.569109969568444,16.632870126112113,16.47896272413623,16.48295873868743,50000
2010-06-16,16.48295873868743,17.097954650873167,16.228282157041654,16.945926561062656,64419
2010-06-17,16.945926561062656,16.97074460104422,16.79513045054451,16.81092747939612,80089
2010-06-18,16.81092747939612,16.876018646509397,16.227874605804267,16.392240387312423,50000
2010-06-21,16.392240387312423,16.478011721010706,16.18928310870683,16.206970527125286,57509
2010-06-22,16.206970527125286,16.24343693032184,15.810036688282933,15.97878369814857,102156
2010-06-23,15.97878369814857,16.347553808281337,15.779264111104668,16.194299974758923,80553
2010-06-24,16.194299974758923,16.344931738874184,16.154751273491534,16.330371747075233,50000
2010-06-25,16.330371747075233,16.605132466385097,16.176599334292266,16.503179686201612,50000
2010-06-28,16.503179686201612,16.548429007852025,16.070512668670258,16.227227908176996,50000
2010-06-29,16.227227908176996,16.292970643320096,15.632125295831147,15.878317829693472,50000
2010-06-30,15.878317829693472,15.882913910030977,15.608097706587674,15.735357758280895,50000
2010-07-01,15.735357758280895,15.951512053869685,15.693732485549058,15.79449264421141,67055
2010-07-02,15.79449264421141,16.045713960034234,15.375566567688416,15.544342698968933,50000
2010-07-05,15.544342698968933,15.64566196896882,15.090443631080078,15.250153850062912,50000
2010-07-06,15.250153850062912,15.36524611095123,15.156087427528613,15.329912734742317,50000
2010-07-07,15.329912734742317,15.395426930167222,15.16467434950058,15.270543748794475,74205
2010-07-08,15.270543748794475,15.324654465075088,14.801664199131974,14.872142542540908,50000
2010-07-09,14.872142542540908,14.902551222912521,14.365702418817818,14.425297303424015,50000
2010-07-12,14.425297303424015,14.552959279369624,14.344788191881603,14.537288361822391,50000
2010-07-13,14.537288361822391,14.728549246281904,14.436302400119109,14.713610756291342,50000
2010-07-14,14.713610756291342,15.13023783925464,14.680041454373443,15.088320955748214,68206
2010-07-15,15.088320955748214,15.8548161384751,14.985024922242333,15.77640181486812,50000
2010-07-16,15.77640181486812,15.97276603694284,15.74049190626702,15.921862450093743,50000
2010-07-19,15.921862450093743,15.927729441417574,15.484797790731365,15.615360505471747,50000
2010-07-20,15.615360505471747,15.633809764603532,15.34634327743345,15.448570118155812,50000
2010-07-21,15.448570118155812,15.479242321160326,15.438334277412325,15.46154507325543,50000
2010-07-22,15.46154507325543,15.538978285369963,15.22904477382179,15.480379115658666,101928
2010-07-23,15.480379115658666,15.643830292362004,15.191361774625964,15.317619895037334,50000
2010-07-26,15.317619895037334,15.726654595439998,15.182412764240347,15.578069748098818,108965
2010-07-27,15.578069748098818,15.716111820177273,15.520821099018477,15.687131808624791,50000
2010-07-28,15.687131808624791,16.062216008877165,15.563372240488105,16.032135492605036,85411
2010-07-29,16.032135492605036,16.12671890511972,15.774839228685355,15.833206816238057,137981
2010-07-30,15.833206816238057,16.155895613781766,15.686243676142924,16.08238817295474,50000
2010-08-02,16.08238817295474,16.12296385274111,15.725293348261113,15.785198567208209,50000
2010-08-03,15.785198567208209,15.857236130755142,15.120434442342487,15.223862169472055,50000
2010-08-04,15.223862169472055,15.618704159421696,15.176942760444636,15.433553659945543,54714
2010-08-05,15.433553659945543,15.64274302259737,15.305088185250083,15.545020511153627,50000
2010-08-06,15.545020511153627,15.824490929124204,15.520916239202851,15.783690138680678,59523
2010-08-09,15.783690138680678,15.87909934668019,15.631780352457648,15.705498616383773,50000
2010-08-10,15.705498616383773,15.889102894534522,15.583561201015565,15.818774730429528,50000
2010-08-11,15.818774730429528,15.941413493350312,15.646962229785386,15.726305590689105,50000
2010-08-12,15.726305590689105,15.787748796244285,15.524187867610765,15.596685353120348,50000
2010-08-13,15.596685353120348,15.71807608238208,15.288864397418473,15.396752117666832,74588
2010-08-16,15.396752117666832,15.46054706665228,15.060523461996148,15.26843652750589,50000
2010-08-17,15.26843652750589,15.761074962233776,15.234696202417476,15.728319457176955,66342
2010-08-18,15.728319457176955,15.74405992027411,15.231356187601852,15.310142273594904,50000
2010-08-19,15.310142273594904,15.518175649862696,15.302331825930723,15.382705331774273,138746
2010-08-20,15.382705331774273,15.3952921621151,15.079637554018674,15.080073817043765,85244
2010-08-23,15.080073817043765,15.176333750303105,14.902589471826047,14.923686268108781,50000
2010-08-24,14.923686268108781,15.043378259953665,14.806167469672848,14.983951441013653,50000
2010-08-25,14.983951441013653,15.036644389794917,14.664557020683503,14.728271119903637,50000
2010-08-26,14.728271119903637,15.097181940487646,14.477146426368838,15.026886957861251,52118
2010-08-27,15.026886957861251,15.16447211738267,14.953612103697193,14.977145670550478,110745
2010-08-30,14.977145670550478,14.991432425376825,14.885567825864879,14.899202694646899,50000
2010-08-31,14.899202694646899,15.155113913927602,14.811841440353724,15.024991641777836,50000
2010-09-01,15.024991641777836,15.056141177496515,14.588395222522738,14.617306316963525,50000
2010-09-02,14.617306316963525,14.624739757951074,14.286230807559859,14.293872875707326,50000
2010-09-03,14.293872875707326,14.371534679070097,14.260675315401564,14.337269763418716,50000
2010-09-06,14.337269763418716,14.885383876186044,14.32479310125656,14.875023874934989,50000
2010-09-07,14.875023874934989,15.138922366369895,14.857319140997534,15.061408920710287,50000
2010-09-08,15.061408920710287,15.186727873758976,14.90133229554311,15.174159134467088,50000
2010-09-09,15.174159134467088,15.463608068329739,15.036617834417571,15.425652666854687,102635
2010-09-10,15.425652666854687,16.13428425587499,15.370045754025714,16.12113331723999,69883
2010-09-13,16.12113331723999,16.280749090374336,15.98813497812523,16.03445806300537,50000
2010-09-14,16.03445806300537,16.071232207034093,16.029841695493918,16.059253379482417,57546
2010-09-15,16.059253379482417,16.349333879106773,16.00059704580978,16.301386418916277,50000
2010-09-16,16.301386418916277,16.432476344629407,16.262923019566518,16.406056606652324,71777
2010-09-17,16.406056606652324,16.95393781828601,16.348422567657764,16.90322780105057,50000
2010-09-20,16.90322780105057,17.53759224910533,16.745963718452966,17.389892294064126,53496
2010-09-21,17.389892294064126,17.56230520973978,17.12804151540944,17.17545475782629,60076
2010-09-22,17.17545475782629,17.280188538559496,16.62896728684614,16.729913676476894,70676
2010-09-23,16.729913676476894,17.153874468322012,16.702623137441364,17.124145056542794,82160
2010-09-24,17.124145056542794,17.809252475401475,16.91085542410523,17.645542516648113,50000
2010-09-27,17.645542516648113,17.768117506821262,17.482536314790657,17.719441205708474,51184
2010-09-28,17.719441205708474,17.755796533225595,17.66933018765994,17.67431428691964,50000
2010-09-29,17.67431428691964,18.04307933317867,17.474145321783926,17.942515071354997,69016
2010-09-30,17.942515071354997,17.94432397169609,17.64946766942704,17.71542725098872,50000
2010-10-01,17.71542725098872,17.889432145642395,17.180760545661435,17.261609275716033,120262
2010-10-04,17.261609275716033,17.6214751521115,17.158086368808597,17.46965692844182,50000
2010-10-05,17.46965692844182,17.63442991875899,16.868330905421164,17.148270524582717,57412
2010-10-06,17.148270524582717,17.428353329695902,17.088671848395144,17.274867770309143,50000
2010-10-07,17.274867770309143,17.518272426904925,17.241090834645156,17.36876436315892,81786
2010-10-08,17.36876436315892,18.13975624037487,17.351401084900935,18.055862002927018,50000
2010-10-11,18.055862002927018,18.76231328978579,17.888639140845786,18.714938074709888,62323
2010-10-12,18.714938074709888,18.786829427398022,18.44989267487246,18.45299468603914,50000
2010-10-13,18.45299468603914,18.565207516729775,18.163495242550447,18.206848681703267,50000
2010-10-14,18.206848681703267,18.31941447855923,17.765524811283687,17.812698235112748,50000
2010-10-15,17.812698235112748,17.928176486723974,17.4966346381816,17.588871845234845,74610
2010-10-18,17.588871845234845,17.63213010787865,17.453650157973605,17.516778613421145,54495
2010-10-19,17.516778613421145,17.666582681224455,17.146649143610176,17.48358055530353,50000
2010-10-20,17.48358055530353,17.49427993697856,17.361737683441845,17.41920094243234,74862
2010-10-21,17.41920094243234,17.714755434861853,17.343957569085475,17.52525815973581,50000
2010-10-22,17.52525815973581,17.841604012804687,17.45537842987632,17.805350483869365,50000
2010-10-25,17.805350483869365,17.867322802769156,17.72714056278831,17.781840010282863,50000
2010-10-26,17.781840010282863,18.071839341962104,17.60486234621534,18.025983876889917,50000
2010-10-27,18.025983876889917,18.059796585912576,17.875027257181234,18.03305952630862,50000
2010-10-28,18.03305952630862,18.050881721306347,17.730007246312116,17.816500281802206,54887
2010-10-29,17.816500281802206,18.013192340466844,17.762707039991234,17.998005889787823,50000
2010-11-01,17.998005889787823,18.372890624730672,17.80642731549576,18.32312409574016,146427
2010-11-02,18.32312409574016,18.635218924487432,18.238532441975757,18.535781368182434,50000
2010-11-03,18.535781368182434,18.60178411605849,18.29781953745354,18.348708478965452,50000
2010-11-04,18.348708478965452,18.444827195215044,17.95055874113611,18.146264486485563,50000
2010-11-05,18.146264486485563,18.26065977609354,18.085594621115256,18.22317295387428,50000
2010-11-08,18.22317295387428,18.354800256090407,18.203033448155175,18.285825323883355,50000
2010-11-09,18.285825323883355,18.38422664981127,18.22108280121019,18.325010835680462,50000
2010-11-10,18.325010835680462,18.358922348171948,17.714592194274392,17.937142289705793,58372
2010-11-11,17.937142289705793,18.140994561165076,17.830153268005215,17.930451730493516,50000
2010-11-12,17.930451730493516,18.248024792312737,17.85304637908637,18.049591445641287,54280
2010-11-15,18.049591445641287,18.851950579884825,18.03703460960731,18.759814364706276,50000
2010-11-16,18.759814364706276,19.179492199597796,18.418896920978945,19.16271346802418,105145
2010-11-17,19.16271346802418,19.17535470673491,18.775158296458894,18.93893119196673,50000
2010-11-18,18.93893119196673,19.052551606569153,18.732312452457855,18.82149815841122,63899
2010-11-19,18.82149815841122,18.830339597328376,18.59143126300379,18.643528808820374,50000
2010-11-22,18.643528808820374,18.725039407563198,18.35939176970202,18.654600464873823,156542
2010-11-23,18.654600464873823,18.684338560096307,18.648146288665274,18.657980386472705,80359
2010-11-24,18.657980386472705,18.791227069670835,18.588737687506935,18.728429444210313,50000
2010-11-25,18.728429444210313,18.999605876039777,18.440925543499016,18.534438162973153,80068
2010-11-26,18.534438162973153,18.795308946576046,18.411579534256262,18.58572730586368,50000
2010-11-29,18.58572730586368,18.668185713695003,18.273008696310427,18.32090542832885,138071
2010-11-30,18.32090542832885,18.33795504087469,17.827012660784145,18.00885909823329,50000
2010-12-01,18.00885909823329,18.04182807832692,17.464999858101617,17.54299889086051,50000
2010-12-02,17.54299889086051,17.66037234211138,17.061959888001937,17.380660757476235,51804
2010-12-03,17.380660757476235,17.526044312100783,16.88466659320231,16.98062602508196,50000
2010-12-06,16.98062602508196,17.171758576839448,16.91730430095545,16.94700719458826,50000
2010-12-07,16.94700719458826,17.005839203363408,16.440170854600453,16.499684830565368,71621
2010-12-08,16.499684830565368,16.583200532883154,15.927226538118065,16.118349846701946,212739
2010-12-09,16.118349846701946,16.65152064490363,16.081236696690382,16.644634711458178,50000
2010-12-10,16.644634711458178,16.813471038703916,16.524040957266212,16.527165415881804,108506
2010-12-13,16.527165415881804,16.671635629839702,15.917232691817768,15.95777280332577,64085
2010-12-14,15.95777280332577,16.1560419345283,15.90190766702936,16.104120698089805,50000
2010-12-15,16.104120698089805,16.66104303915915,16.086942286923737,16.598696162839293,50000
2010-12-16,16.598696162839293,16.622763115890397,15.99817935016439,16.09175269347304,50000
2010-12-17,16.09175269347304,16.26178825577326,15.902872129295174,16.255626528925387,50000
2010-12-20,16.255626528925387,16.807427045561134,16.196411651061645,16.75549358994652,50000
2010-12-21,16.75549358994652,17.070588273200723,16.748686074001835,16.9307398652136,83497
2010-12-22,16.9307398652136,16.96736769934546,16.535384733828145,16.709084598590994,60438
2010-12-23,16.709084598590994,17.13596592783776,16.694322311019867,16.94470066239033,50000
2010-12-24,16.94470066239033,17.192713695210177,16.736845644714325,17.177698632291705,51726
2010-12-27,17.177698632291705,17.391607365118976,17.121515273393193,17.29504016224283,50000
2010-12-28,17.29504016224283,17.41352588765635,17.219679006534243,17.334322418624957,50000
2010-12-29,17.334322418624957,17.35235152357611,17.205499502298263,17.26660970624681,50000
2010-12-30,17.26660970624681,17.285716483044833,16.917905173310324,17.045872962808044,50000
2010-12-31,17.045872962808044,17.251763728061384,16.988174591145967,17.181361621276796,50000
2011-01-03,17.181361621276796,17.467446733152332,16.98327000890816,17.089583850452644,50000
2011-01-04,17.089583850452644,17.272062295913752,17.070364484054924,17.26822011975668,87773
2011-01-05,17.26822011975668,17.310281361550178,17.158202928495868,17.158220845180526,50000
2011-01-06,17.158220845180526,17.26447009117468,17.114069895716103,17.23172669626572,61249
2011-01-07,17.23172669626572,17.425053363199403,17.172609217744537,17.36708941741189,92922
2011-01-10,17.36708941741189,17.40026140526266,17.0653140237052,17.1506915799684,94289
2011-01-11,17.1506915799684,17.179629372046882,17.02448595381667,17.05225895177446,50000
2011-01-12,17.05225895177446,17.142452430508918,16.71151175034244,16.714138122032832,50000
2011-01-13,16.714138122032832,16.730596977326172,16.50321870750396,16.612618404860708,104434
2011-01-14,16.612618404860708,16.759600952893052,16.510694048057083,16.514245832876036,50473
2011-01-17,16.514245832876036,16.98672396443962,16.45464853192097,16.736785768574784,50000
2011-01-18,16.736785768574784,16.789762926965633,16.691207803934763,16.77459126158438,50000
2011-01-19,16.77459126158438,17.404073783816468,16.688739743447766,17.3631025933575,50000
2011-01-20,17.3631025933575,17.89806177682818,17.341721386806455,17.83476545807369,50000
2011-01-21,17.83476545807369,17.856845915102305,17.74991576386192,17.816423004169373,50000
2011-01-24,17.816423004169373,17.90776836018767,17.381361574095724,17.4124551258164,50000
2011-01-25,17.4124551258164,17.521591093941407,17.137809507882903,17.22036521907758,50000
2011-01-26,17.22036521907758,17.351869864647053,17.122185471643554,17.292049226976534,50000
2011-01-27,17.292049226976534,17.489421674450295,17.279298425009145,17.423726070194576,50000
2011-01-28,17.423726070194576,17.427334718669453,17.201272772139315,17.296365728287366,50000
2011-01-31,17.296365728287366,17.383415590974398,16.67802646574543,16.722877317721036,51961
2011-02-01,16.722877317721036,17.154468725922793,16.592510152214906,17.06127068792416,50000
2011-02-02,17.06127068792416,17.161158687804274,16.995200814541956,17.147730627267123,50000
2011-02-03,17.147730627267123,17.173270383877313,16.53075330092043,16.54343687479533,50000
2011-02-04,16.54343687479533,16.641938005060357,16.3967398670769,16.471716334189473,64281
2011-02-07,16.471716334189473,16.714070919901076,16.408633322651497,16.568254129028908,50000
2011-02-08,16.568254129028908,16.637942293938288,16.444982701764136,16.490020855896447,50000
2011-02-09,16.490020855896447,16.54405711354408,16.14041871883196,16.304217812855295,50000
2011-02-10,16.304217812855295,16.802446797264214,16.254753184578455,16.640002775732317,60929
2011-02-11,16.640002775732317,16.67446019193293,16.37556119344681,16.57429385454808,50000
2011-02-14,16.57429385454808,16.577181316166804,16.494699924658793,16.50927776623831,50000
2011-02-15,16.50927776623831,17.02404658974418,16.382694938776787,16.950121935095098,50000
2011-02-16,16.950121935095098,17.03533739100674,16.16494643515748,16.276727786402233,50000
2011-02-17,16.276727786402233,16.36127755731789,16.207915134537718,16.347130403581506,88998
2011-02-18,16.347130403581506,16.752707094944302,16.09889606839827,16.637287160503508,50000
2011-02-21,16.637287160503508,16.671399483404674,16.532087074439193,16.54895385283393,50938
2011-02-22,16.54895385283393,16.66375835069412,16.43383173131067,16.45219137745182,50000
2011-02-23,16.45219137745182,16.474837663056494,15.95102668198815,16.032573746722292,50000
2011-02-24,16.032573746722292,16.05244928385495,15.857907890200245,15.930144470536714,50000
2011-02-25,15.930144470536714,16.418501298047673,15.873555042644194,16.230621147267918,50000
2011-02-28,16.230621147267918,16.39830128205223,15.692848504021745,15.751761029452732,50000
2011-03-01,15.751761029452732,15.922288852309975,15.685559525080004,15.858202571687823,63286
2011-03-02,15.858202571687823,15.88203392601819,15.72446846898953,15.764257772632774,119502
2011-03-03,15.764257772632774,15.953788113056717,15.608188730020554,15.889959873575771,50000
2011-03-04,15.889959873575771,16.055877660030905,15.812270586051849,16.022349097538065,50000
2011-03-07,16.022349097538065,16.383650573302596,15.913162833068954,16.352652362446754,50000
2011-03-08,16.352652362446754,16.537239975114556,16.24265837003698,16.470323802744467,56307
2011-03-09,16.470323802744467,16.888828525934322,16.298907760291787,16.803117607272508,62495
2011-03-10,16.803117607272508,16.93615138902397,16.744053152070162,16.926034842377305,50000
2011-03-11,16.926034842377305,16.944759091983453,16.762301802541536,16.907215173574137,55639
2011-03-14,16.907215173574137,17.00875679494003,16.866399466651465,17.002507916145316,50000
2011-03-15,17.002507916145316,17.550730978750195,16.927909257372345,17.505250213372292,67956
2011-03-16,17.505250213372292,17.609473803495185,17.074127178455196,17.130640496721597,50000
2011-03-17,17.130640496721597,17.57008881691549,17.12305207044979,17.363312125427186,50000
2011-03-18,17.363312125427186,17.806094773802123,17.077508457224152,17.657863997893234,50000
2011-03-21,17.657863997893234,17.746932339845973,17.357934485262387,17.43611586181588,50000
2011-03-22,17.43611586181588,17.565535733657068,17.200066849288632,17.281039074134675,100927
2011-03-23,17.281039074134675,17.485551606162026,17.1517777735659,17.447508050870056,50000
2011-03-24,17.447508050870056,17.609772486174254,16.87351281756674,16.97528797333772,69271
2011-03-25,16.97528797333772,17.034362026043375,16.91071175946046,16.977375125940274,50000
2011-03-28,16.977375125940274,17.01039839516271,16.558990238136087,16.832496345802138,50000
2011-03-29,16.832496345802138,17.069105952587798,16.712197005418737,17.030133071551973,50000
2011-03-30,17.030133071551973,17.109591139745998,17.006886853719372,17.094067314174016,53993
2011-03-31,17.094067314174016,17.66520962652908,16.94303769252628,17.545209224379114,50000
2011-04-01,17.545209224379114,18.246911036854492,17.523711510244024,18.2217009954807,140058
2011-04-04,18.2217009954807,18.35957603031284,17.819080982064428,17.893264550806975,50000
2011-04-05,17.893264550806975,17.903559749343643,17.630893406461976,17.78037638306644,50000
2011-04-06,17.78037638306644,17.890565953385664,17.543204777968793,17.61208147771729,50000
2011-04-07,17.61208147771729,17.624651179659903,17.419565890538497,17.492979502425023,50000
2011-04-08,17.492979502425023,18.184050850535293,17.480619295772886,17.954901216464872,109549
2011-04-11,17.954901216464872,18.062108098289322,17.658109957254762,17.737466704838695,50000
2011-04-12,17.737466704838695,17.75216517430351,17.428051343190948,17.585595532449283,50000
2011-04-13,17.585595532449283,17.67664320983831,16.948848714970417,16.978863411173187,54050
2011-04-14,16.978863411173187,17.253151586231503,16.777759460381493,17.222823443479342,50000
2011-04-15,17.222823443479342,17.323741921421206,16.970294229034,17.164521842168355,50000
2011-04-18,17.164521842168355,17.171636743328225,16.8929919023943,16.957947652989265,50000
2011-04-19,16.957947652989265,17.09717861911392,16.823102996868062,16.90934450611821,50516
2011-04-20,16.90934450611821,17.073311917675245,16.879793411621655,17.0212274577189,50000
2011-04-21,17.0212274577189,17.463481019488277,17.002925080670032,17.315104463524257,50000
2011-04-22,17.315104463524257,17.385740960571788,17.07192371494199,17.143497953606182,90040
2011-04-25,17.143497953606182,17.674487026171082,17.09774822572509,17.544396591398158,50000
2011-04-26,17.544396591398158,17.805869487031206,17.478343326492286,17.73934238958077,50000
2011-04-27,17.73934238958077,18.180767585883864,17.529141872924328,17.947509556921506,71361
2011-04-28,17.947509556921506,18.365760370332694,17.916044809642006,18.316169753074966,73928
2011-04-29,18.316169753074966,18.328918799913726,18.273125765557342,18.298633771904154,64928
2011-05-02,18.298633771904154,18.323216675667855,17.9578443210124,18.035973572054104,50000
2011-05-03,18.035973572054104,18.09177471561265,17.95506939703809,18.091639000337437,50000
2011-05-04,18.091639000337437,18.215955179127402,17.509422817072565,17.521549854619465,76849
2011-05-05,17.521549854619465,17.948831862426776,17.46014031372349,17.92527818828432,50000
2011-05-06,17.92527818828432,17.934631081900594,17.75484150252014,17.933464817031293,79660
2011-05-09,17.933464817031293,18.358557912709177,17.915666263624203,18.283811926006976,50000
2011-05-10,18.283811926006976,18.305685238793895,18.16512461614766,18.22475344463999,50000
2011-05-11,18.22475344463999,18.283402202822426,18.000206152865054,18.014064160164185,50000
2011-05-12,18.014064160164185,18.342813155905045,17.829698199132114,18.16381656674258,50000
2011-05-13,18.16381656674258,18.348507352666985,18.09539033133398,18.17827031635181,50000
2011-05-16,18.17827031635181,18.537791514151937,18.100282877318957,18.447523441696582,50000
2011-05-17,18.447523441696582,18.733459584967765,18.43348711464418,18.672910767740273,50000
2011-05-18,18.672910767740273,18.78694888741504,18.573443172620664,18.63941182088132,50000
2011-05-19,18.63941182088132,18.66054516134729,18.312945269602405,18.483337142699387,50000
2011-05-20,18.483337142699387,18.533279214120828,18.394374126131126,18.495570393497523,50000
2011-05-23,18.495570393497523,18.898809464454974,18.451350868655442,18.733416356917093,50000
2011-05-24,18.733416356917093,19.14058293047461,18.727294168930122,19.118244886753782,50000
2011-05-25,19.118244886753782,19.249098434701317,19.039876058767884,19.182369318363076,53424
2011-05-26,19.182369318363076,19.449098688770462,19.139033540338353,19.350403692985886,96493
2011-05-27,19.350403692985886,19.766502640001647,19.241284295684782,19.68054632620709,50000
2011-05-30,19.68054632620709,19.71280425489045,19.365826395360962,19.414707210644654,50000
2011-05-31,19.414707210644654,19.735190529076768,19.33444004038763,19.463266090134052,50000
2011-06-01,19.463266090134052,19.846226347265848,19.371966135226646,19.774979075821165,50000
2011-06-02,19.774979075821165,20.065735712785575,19.69036453603323,20.04320870876555,64994
2011-06-03,20.04320870876555,20.139372541550696,19.93084650324646,20.013401851297594,52104
2011-06-06,20.013401851297594,20.239056835163275,19.995572719999192,20.201839477447535,50000
2011-06-07,20.201839477447535,20.771147427953565,20.19199454212071,20.542181825591804,50000
2011-06-08,20.542181825591804,20.839545855525976,20.40536316889733,20.64263149100925,50000
2011-06-09,20.64263149100925,20.98272751572087,20.551931065738334,20.92982509352084,50000
2011-06-10,20.92982509352084,21.06864266111527,20.86130044901293,21.010767777113593,50000
2011-06-13,21.010767777113593,21.131443566336916,20.86527671112988,20.972625700888408,50000
2011-06-14,20.972625700888408,20.985263117917054,20.756434661216893,20.799684802285892,50000
2011-06-15,20.799684802285892,20.850811371719974,20.716865049165037,20.773807940743712,72338
2011-06-16,20.773807940743712,20.7743397767152,20.558365771271088,20.643308738191024,96399
2011-06-17,20.643308738191024,20.896124392738386,20.592031952937116,20.860871437591168,50000
2011-06-20,20.860871437591168,21.020626761449943,20.844668756666817,20.922150068666543,61356
2011-06-21,20.922150068666543,20.94475038289307,20.2451558829976,20.30071173586721,82632
2011-06-22,20.30071173586721,20.339245127621485,19.871371043154408,19.89931856270488,50000
2011-06-23,19.89931856270488,20.024455714693325,19.809494861919056,19.883954195152345,50000
2011-06-24,19.883954195152345,19.916105929343626,19.621307713698705,19.67423804628251,74939
2011-06-27,19.67423804628251,19.803944406741998,19.651419234653222,19.791868230969907,50000
2011-06-28,19.791868230969907,19.977058589802226,19.698535766540566,19.936375842276263,79619
2011-06-29,19.936375842276263,20.0221360568166,19.83072153930196,20.014597271051777,50000
2011-06-30,20.014597271051777,20.10251873581318,19.799132219194654,19.812565290763303,75994
2011-07-01,19.812565290763303,20.012805106870005,19.256826479822887,19.306570917165445,50000
2011-07-04,19.306570917165445,19.486799403445094,18.966661304553053,19.05700589072035,108961
2011-07-05,19.05700589072035,19.235939665103572,18.966138574247406,19.132111332089227,86709
2011-07-06,19.132111332089227,19.458803511410018,19.058915563921133,19.30726290719148,59890
2011-07-07,19.30726290719148,19.877956015213876,19.064182847734063,19.682234274853638,50000
2011-07-08,19.682234274853638,19.886040147012316,19.656167868040534,19.861628695492584,50000
2011-07-11,19.861628695492584,20.472021329764083,19.822491674871756,20.31060657985584,50000
2011-07-12,20.31060657985584,20.545397060975674,20.269873822236974,20.48985422598899,50000
2011-07-13,20.48985422598899,20.684065381943313,20.450497614238554,20.639416502255415,50000
2011-07-14,20.639416502255415,20.682397310494036,20.270678538773346,20.359751597765722,50000
2011-07-15,20.359751597765722,20.582985882147696,20.330064740263268,20.432139318355386,50000
2011-07-18,20.432139318355386,20.76050894618911,20.3592810661953,20.568038140443687,50000
2011-07-19,20.568038140443687,20.733260709122163,20.51279426062463,20.70813457612386,50000
2011-07-20,20.70813457612386,20.90376425077651,20.516581332470654,20.586284220522327,50000
2011-07-21,20.586284220522327,21.065724706885604,20.55005238092941,20.706298535269244,65142
2011-07-22,20.706298535269244,21.049398493476605,20.669226976284452,20.965066280139286,50000
2011-07-25,20.965066280139286,21.028720258588073,20.613858016018654,20.714875601866005,50000
2011-07-26,20.714875601866005,20.74008851958458,20.59755228640062,20.629919136844784,59602
2011-07-27,20.629919136844784,20.709011316506544,20.19253950560309,20.335355429563098,130985
2011-07-28,20.335355429563098,20.43909226977306,20.304533514334267,20.349376746861488,89130
2011-07-29,20.349376746861488,20.55403420255857,20.094290552721016,20.139303350118645,55128
2011-08-01,20.139303350118645,20.172673406558197,19.481012708387873,19.633829672302788,54050
2011-08-02,19.633829672302788,19.732501044330085,19.357020031495594,19.48056081961059,50000
2011-08-03,19.48056081961059,19.77507669927911,19.405960892976847,19.74663908622223,50000
2011-08-04,19.74663908622223,19.788571505129575,19.597026672606763,19.615990643525585,50000
2011-08-05,19.615990643525585,19.77963052932334,19.211715245960907,19.426632193759687,52894
2011-08-08,19.426632193759687,20.070884292623102,19.28490182378701,19.981120714717797,50000
2011-08-09,19.981120714717797,20.555243620481097,19.938572845774765,20.528211867964107,50000
2011-08-10,20.528211867964107,20.823828571837293,20.325377113751927,20.55671200033659,50000
2011-08-11,20.55671200033659,21.045386808245382,20.412855192553312,20.78962122574404,50000
2011-08-12,20.78962122574404,20.890033285160165,20.751406904636568,20.80401333790491,75750
2011-08-15,20.80401333790491,20.8556219899032,20.101743914691824,20.22194620279398,50000
2011-08-16,20.22194620279398,20.33689515641307,20.106643410819387,20.248862351294864,96969
2011-08-17,20.248862351294864,20.3773418292151,19.327633747520757,19.42802160085795,50000
2011-08-18,19.42802160085795,19.618604195777845,19.228279235882052,19.23793441719029,50000
2011-08-19,19.23793441719029,19.60560973253864,19.236813481311067,19.529678980805237,84451
2011-08-22,19.529678980805237,19.719565287332163,19.461934277528655,19.608015785803182,50000
2011-08-23,19.608015785803182,19.962836965087302,19.531683326531514,19.86877640027275,56065
2011-08-24,19.86877640027275,20.00762924999407,19.56382016353526,19.61770302445506,50000
2011-08-25,19.61770302445506,19.78305134778757,19.406179202779512,19.48132717516972,50000
2011-08-26,19.48132717516972,19.651523513983577,18.818546883173568,19.033407772420595,106069
2011-08-29,19.033407772420595,19.27926319025836,18.884187076881535,19.136733321175285,50000
2011-08-30,19.136733321175285,19.29716688084346,18.804410154996386,18.811676223841197,50000
2011-08-31,18.811676223841197,18.83308997299398,18.31386994093247,18.338715134605184,50000
2011-09-01,18.338715134605184,18.895512621029265,18.035209137930966,18.77428538153351,62222
2011-09-02,18.77428538153351,18.782636812945245,18.547758067023707,18.553624102729433,50000
2011-09-05,18.553624102729433,18.627268876995416,18.433275920244167,18.477328423435615,50000
2011-09-06,18.477328423435615,18.50617422664409,18.119367822964275,18.132845987179806,53291
2011-09-07,18.132845987179806,18.23099272634234,18.118698059389256,18.12602936356744,50000
2011-09-08,18.12602936356744,18.37878137678002,18.064623604181325,18.316193740638184,58956
2011-09-09,18.316193740638184,18.691328363708813,18.274438024682574,18.62306962891892,50000
2011-09-12,18.62306962891892,18.92517918039601,18.34914726019501,18.812849583082876,50000
2011-09-13,18.812849583082876,19.093942022242096,18.79817406887389,18.95491392481836,64240
2011-09-14,18.95491392481836,19.720406992777967,18.653200485925577,19.58852764248929,79392
2011-09-15,19.58852764248929,19.638002767311292,19.528366630435922,19.60893965392813,50000
2011-09-16,19.60893965392813,19.86184677258989,19.341536543144862,19.52089116244754,50000
2011-09-19,19.52089116244754,19.68834965532656,19.48013268318233,19.493964812279437,59038
2011-09-20,19.493964812279437,19.609236158423418,19.443361234269243,19.496872165866428,50000
2011-09-21,19.496872165866428,19.631670807431806,19.426182173937125,19.623568693580648,50000
2011-09-22,19.623568693580648,19.79350807852424,19.441676847167443,19.62040490676618,60133
2011-09-23,19.62040490676618,19.692660588514165,19.564579952780583,19.607603289231946,50000
2011-09-26,19.607603289231946,19.674524755734577,19.238371293744862,19.369695741716605,50000
2011-09-27,19.369695741716605,20.25725655441392,19.33959888618814,20.185985770854643,50000
2011-09-28,20.185985770854643,20.92725478504735,20.006891994761954,20.79723858780691,63492
2011-09-29,20.79723858780691,21.111590570953872,20.677752452536467,20.79784381150671,50000
2011-09-30,20.79784381150671,21.154242658087693,20.692649724420328,20.836713518142002,50000
2011-10-03,20.836713518142002,21.126771189820968,20.83097049249952,20.9978080360769,157138
2011-10-04,20.9978080360769,21.207813342497435,20.78585649936111,20.97150067648648,50000
2011-10-05,20.97150067648648,21.38499106077243,20.91437911618116,21.356711647186504,68671
2011-10-06,21.356711647186504,21.650853773982337,21.013499680775443,21.154322676378836,50000
2011-10-07,21.154322676378836,21.19366717917265,21.008163826957944,21.014323685369128,50000
2011-10-10,21.014323685369128,21.12033149041598,20.877789624757064,20.978081267191865,102959
2011-10-11,20.978081267191865,21.099920385217658,20.3500728932874,20.488541627437094,94994
2011-10-12,20.488541627437094,20.64365076736328,19.776058200586753,19.851279037534567,54390
2011-10-13,19.851279037534567,19.954956222342428,19.393183118629157,19.41553734390392,58505
2011-10-14,19.41553734390392,19.544062409707077,19.1114558389028,19.203898500560427,50000
2011-10-17,19.203898500560427,19.273400203697108,19.070531221026652,19.140022896736284,50000
2011-10-18,19.140022896736284,19.19193434820351,18.973898527820666,19.180453677796102,59740
2011-10-19,19.180453677796102,19.57628056694779,19.056333840664507,19.446191569620737,50000
2011-10-20,19.446191569620737,19.486585332336634,18.949120347459548,19.08243474475496,50000
2011-10-21,19.08243474475496,19.086575339032677,18.79293786369755,19.023048143909392,50000
2011-10-24,19.023048143909392,19.135881374357346,18.978176318097255,19.097485968491306,50000
2011-10-25,19.097485968491306,19.16490933609018,18.831534301841707,18.878764024279832,50000
2011-10-26,18.878764024279832,18.98104027188499,18.542535249965482,18.615935739326996,50000
2011-10-27,18.615935739326996,18.648185306154613,18.55011405410694,18.587202200077346,50000
2011-10-28,18.587202200077346,18.624383462135366,18.434854930208594,18.46972275421297,50000
2011-10-31,18.46972275421297,18.93536674466826,18.445268197305932,18.841764810860724,50000
2011-11-01,18.841764810860724,19.088859707476036,18.37640525459137,18.457560845666094,50000
2011-11-02,18.457560845666094,18.546977794787004,18.23134662337647,18.533251297248814,50000
2011-11-03,18.533251297248814,19.402061250777173,18.40856164969857,19.34670454714108,50000
2011-11-04,19.34670454714108,19.717069181049208,19.15315420389493,19.675540985647054,50000
2011-11-07,19.675540985647054,19.795882058051646,19.641211236477925,19.775388230966595,50000
2011-11-08,19.775388230966595,19.807026108928707,19.425140068600427,19.515861213330762,50000
2011-11-09,19.515861213330762,19.63757889849479,19.318088748460564,19.6102687314759,50000
2011-11-10,19.6102687314759,19.639661839673316,19.56788089330749,19.573527170442716,92018
2011-11-11,19.573527170442716,19.771200555849866,19.468115068973624,19.627863741923058,58716
2011-11-14,19.627863741923058,19.77131335360676,19.32057556884314,19.428779169421453,50000
2011-11-15,19.428779169421453,20.12552258860793,19.42290731928537,20.033986653996244,50000
2011-11-16,20.033986653996244,20.05869456565273,19.622442272543204,19.727048815834596,65241
2011-11-17,19.727048815834596,20.08671155494235,19.721147259825177,19.974386358935817,55198
2011-11-18,19.974386358935817,20.26603876766279,19.95282881866278,20.25237648588887,50000
2011-11-21,20.25237648588887,20.314613125856685,19.74109313476605,19.936531946738576,50000
2011-11-22,19.936531946738576,20.47095100934224,19.880083748280153,20.26159352337652,50000
2011-11-23,20.26159352337652,20.63686095101206,20.191001395011064,20.59285163753767,102791
2011-11-24,20.59285163753767,20.678922634070297,20.215054299803946,20.296472888269022,51250
2011-11-25,20.296472888269022,20.432826724760627,20.29145463837856,20.354460425042394,50000
2011-11-28,20.354460425042394,20.513411866387976,19.859760257813004,19.983659351454747,72439
2011-11-29,19.983659351454747,20.21876318877279,19.96998967081323,20.210224360781748,50000
2011-11-30,20.210224360781748,20.390958436000453,19.692087300529053,19.753042653463094,50000
2011-12-01,19.753042653463094,19.770694469611602,19.290993840583553,19.408052522467777,107502
2011-12-02,19.408052522467777,19.952277556047903,19.361049473168606,19.926594295749577,50000
2011-12-05,19.926594295749577,20.551301575660204,19.61712763188524,20.500795615520364,50000
2011-12-06,20.500795615520364,20.625664051232178,20.376547539623346,20.451154344549945,77582
2011-12-07,20.451154344549945,20.555269714341502,19.606400028777337,19.790141740023078,50000
2011-12-08,19.790141740023078,20.006459293532757,18.89436858051461,18.97161130385375,50000
2011-12-09,18.97161130385375,19.213733318360877,18.9103071043474,19.195535883555802,52511
2011-12-12,19.195535883555802,20.056181462418067,19.009599971804445,19.94171078835179,50000
2011-12-13,19.94171078835179,20.01831532891574,19.90358835938449,19.99694457471188,50000
2011-12-14,19.99694457471188,20.210693908717804,19.951639612662117,20.188651642584073,50000
2011-12-15,20.188651642584073,20.75154469185346,20.111505465150035,20.678665920217092,50000
2011-12-16,20.678665920217092,20.845574586172834,20.14551529961984,20.332892588215813,50000
2011-12-19,20.332892588215813,20.404719562373245,19.835515010246336,19.84140215269807,50000
2011-12-20,19.84140215269807,19.98922527239501,19.839836827227185,19.895064913176338,59275
2011-12-21,19.895064913176338,20.086090373184955,19.521804967038964,19.651617941685696,50000
2011-12-22,19.651617941685696,20.103531443005394,19.620768005404596,20.044951145620665,88275
2011-12-23,20.044951145620665,20.10167855347715,19.710648622655622,19.732058934017157,50924
2011-12-26,19.732058934017157,20.119739359431094,19.649354197218877,20.09652293413874,109120
2011-12-27,20.09652293413874,20.226645719814815,20.04237901494779,20.066994178937147,50000
2011-12-28,20.066994178937147,20.34208877219115,19.978948291342043,20.322881424127285,93813
2011-12-29,20.322881424127285,20.70680612078444,20.135035890495082,20.688143444028174,50000
2011-12-30,20.688143444028174,20.77770015267455,20.151574984689983,20.34532440643705,50000
2012-01-02,20.34532440643705,20.43330719777594,19.708041355695112,19.76689957805843,50000
2012-01-03,19.76689957805843,20.01703100209489,19.642945672099728,19.987060777545942,50000
2012-01-04,19.987060777545942,20.05731637584714,19.614433511758,19.798352725581942,50000
2012-01-05,19.798352725581942,20.18790690033366,19.58940491495285,20.129399002817166,50000
2012-01-06,20.129399002817166,20.14963206324375,19.95796820365854,20.075714759642086,50000
2012-01-09,20.075714759642086,20.80489842972527,20.037724763767184,20.683371182172152,56787
2012-01-10,20.683371182172152,20.815047014325103,20.432635613967822,20.648903914686258,50000
2012-01-11,20.648903914686258,20.758182637087984,20.476830698976304,20.562847444059074,50000
2012-01-12,20.562847444059074,21.08285040824412,20.457681493259354,20.8972556915141,89001
2012-01-13,20.8972556915141,21.030349954740373,20.359085864515194,20.478185383312777,78267
2012-01-16,20.478185383312777,20.496519388858022,20.092829160412407,20.206872316800972,50000
2012-01-17,20.206872316800972,20.323499006744367,20.07220602556708,20.19369607408172,213847
2012-01-18,20.19369607408172,20.812377069627093,20.0955330584799,20.69749410370341,50000
2012-01-19,20.69749410370341,20.765112934134283,20.11769317932231,20.214669256665605,50000
2012-01-20,20.214669256665605,20.435189128563945,20.01028004676664,20.273190009337803,50000
2012-01-23,20.273190009337803,20.3616042087461,19.77814810898815,19.831473496058475,50000
2012-01-24,19.831473496058475,20.112884425422283,19.822026271703997,19.99149955243146,50000
2012-01-25,19.99149955243146,20.112481290755323,19.406343754387272,19.53092146960519,74693
2012-01-26,19.53092146960519,19.56741279578559,19.176372181063694,19.289628092426387,105258
2012-01-27,19.289628092426387,19.297721376941354,19.05958963555168,19.138385302012402,113288
2012-01-30,19.138385302012402,19.274509626549,18.908696021564786,19.166562250514136,50000
2012-01-31,19.166562250514136,19.356005331662715,19.075219606575843,19.330357440496076,50000
2012-02-01,19.330357440496076,19.348530660552687,18.819245291944014,18.89597673374102,50000
2012-02-02,18.89597673374102,18.919472882147335,18.771641258600827,18.86715839158998,50000
2012-02-03,18.86715839158998,19.02153111852897,18.286337764164877,18.602053291173714,50000
2012-02-06,18.602053291173714,18.67984036574607,18.5092146570341,18.560910115340423,50000
2012-02-07,18.560910115340423,18.595576015966465,17.838332502389857,17.899097080033123,55514
2012-02-08,17.899097080033123,18.20859600312307,17.833467478722376,18.14557285127481,50000
2012-02-09,18.14557285127481,18.167094112146014,17.91709756300017,17.941016013311266,50000
2012-02-10,17.941016013311266,18.088317275528635,17.643535854263863,17.7399165540087,50000
2012-02-13,17.7399165540087,17.76008709203275,17.61890590927911,17.719897694135028,50000
2012-02-14,17.719897694135028,17.8407738273907,17.615628901868302,17.7835700248625,50000
2012-02-15,17.7835700248625,18.307890844873256,17.65031970162109,18.207324674229156,50000
2012-02-16,18.207324674229156,18.67814508192418,18.181218127312608,18.574411719273424,50000
2012-02-17,18.574411719273424,18.667239749175124,17.88858172992989,18.037485877580796,50000
2012-02-20,18.037485877580796,18.16104065290688,17.878113400737377,18.066931143695946,50000
2012-02-21,18.066931143695946,18.087804542829257,17.665212356701275,17.886138690290828,50000
2012-02-22,17.886138690290828,17.968088975231016,17.20688957823267,17.363290511445385,52591
2012-02-23,17.363290511445385,17.6531541453503,17.33592688544873,17.649059415547327,50000
2012-02-24,17.649059415547327,17.91761396777635,17.435291487908145,17.91407696486858,50000
2012-02-27,17.91407696486858,17.98498590147113,17.716682464241103,17.887424456528688,50000
2012-02-28,17.887424456528688,18.318299602459923,17.827595977004734,18.1511743414075,50000
2012-02-29,18.1511743414075,18.393149105285946,18.009902574571058,18.331400844333416,50000
2012-03-01,18.331400844333416,19.011813538127548,18.11594800100978,18.955902447823316,50000
2012-03-02,18.955902447823316,19.457253919583813,18.94049363796031,19.403241317253187,50000
2012-03-05,19.403241317253187,19.51641327168083,19.133648880707458,19.226288661080567,50000
2012-03-06,19.226288661080567,19.228258077830304,18.754441323652962,18.789920742034248,60865
2012-03-07,18.789920742034248,18.800139090874204,18.641085083093582,18.706276652383067,50000
2012-03-08,18.706276652383067,18.80966480637467,18.686888898579845,18.735917013132333,56645
2012-03-09,18.735917013132333,18.83210122069965,18.1881820035632,18.347856344620173,50000
2012-03-12,18.347856344620173,18.43748442288721,18.083732220578668,18.361168169472446,50000
2012-03-13,18.361168169472446,18.60654336356105,18.310269681016948,18.600988643320115,52542
2012-03-14,18.600988643320115,18.74940869125562,18.24568886213865,18.307176320272717,50000
2012-03-15,18.307176320272717,18.440279014822135,18.036856051744998,18.40309281520052,50000
2012-03-16,18.40309281520052,18.492925426102552,17.6448266841728,17.80689464939043,138389
2012-03-19,17.80689464939043,18.15412185156495,17.72001965418667,18.152811993247745,50000
2012-03-20,18.152811993247745,18.426313603777906,18.136283933638758,18.250423721972393,61400
2012-03-21,18.250423721972393,18.41645647583804,18.208076256255065,18.287919868178196,64612
2012-03-22,18.287919868178196,18.30420478301159,18.13456984435686,18.153426097781967,50000
2012-03-23,18.153426097781967,18.158034569196897,17.297016394447567,17.46120829921587,50000
2012-03-26,17.46120829921587,17.516638040894133,17.025045806468484,17.186259023195685,50000
2012-03-27,17.186259023195685,17.30542435197106,17.131673039999438,17.225936534973336,50000
2012-03-28,17.225936534973336,17.239212144989132,16.75263309204685,16.9132944802319,50000
2012-03-29,16.9132944802319,17.017313916255404,16.882300202653035,17.007266317081083,62904
2012-03-30,17.007266317081083,17.415810262297033,16.998595710261508,17.363696350255946,50000
2012-04-02,17.363696350255946,17.563304240427623,17.18664770058502,17.21036326883264,50000
2012-04-03,17.21036326883264,17.26189760790765,16.502774580334865,16.62717228268872,55859
2012-04-04,16.62717228268872,17.166568664980577,16.619170176575807,17.067959959019525,50000
2012-04-05,17.067959959019525,17.623803508233706,17.055700389849505,17.48563754029953,50000
2012-04-06,17.48563754029953,17.541583247617595,17.327987514417202,17.35814956341984,50000
2012-04-09,17.35814956341984,17.566124782216477,17.34409367598941,17.493580894126097,50000
2012-04-10,17.493580894126097,18.404668441380373,17.3449869735664,18.234462505259998,50000
2012-04-11,18.234462505259998,18.270333662214675,17.640067955540502,17.652792437115597,50000
2012-04-12,17.652792437115597,17.710135060470044,17.0087064974579,17.021198717896784,50000
2012-04-13,17.021198717896784,17.07228658064039,16.747021930960305,16.89677712056593,50000
2012-04-16,16.89677712056593,16.92670802698213,16.69845454063562,16.712596237795292,50000
2012-04-17,16.712596237795292,17.053277270421674,16.67169384362865,16.924959607558684,50000
2012-04-18,16.924959607558684,17.13854638847504,16.750126660551455,17.1195082514447,75774
2012-04-19,17.1195082514447,17.207552156228125,16.79880449107918,16.806006784168297,50000
2012-04-20,16.806006784168297,17.03117677494139,16.7056449615776,16.944485614417076,50000
2012-04-23,16.944485614417076,17.011141215530426,16.623200495181027,16.891138581963613,50000
2012-04-24,16.891138581963613,17.237633238457775,16.852653912402815,17.164005836068007,78885
2012-04-25,17.164005836068007,17.20400273547451,16.546236119625043,16.6781226839063,50000
2012-04-26,16.6781226839063,16.695645108489046,16.59986817707546,16.695505764528445,86385
2012-04-27,16.695505764528445,16.972007730031944,16.605046126263723,16.832009436830838,50000
2012-04-30,16.832009436830838,16.964353097068454,16.711447658688325,16.801301849108818,56824
2012-05-01,16.801301849108818,17.07661396963389,16.794199408444978,16.844930363242227,50000
2012-05-02,16.844930363242227,16.961428925694293,16.602371333418738,16.62813948970334,50000
2012-05-03,16.62813948970334,17.20971145162391,16.584691587348498,17.07595649911942,50000
2012-05-04,17.07595649911942,17.199950099892177,16.904985607114316,16.9081798208392,95539
2012-05-07,16.9081798208392,16.96101376844578,16.719183842709732,16.83309469491359,50000
2012-05-08,16.83309469491359,16.872862120867868,16.21328384699049,16.232394390582314,50000
2012-05-09,16.232394390582314,16.69052120284908,16.150120819523575,16.66483930889912,50000
2012-05-10,16.66483930889912,16.69619988540351,16.568956976814686,16.675126484807596,50000
2012-05-11,16.675126484807596,16.839523621325537,16.53509203948913,16.548828896379657,66314
2012-05-14,16.548828896379657,16.887364753174282,16.524087699872986,16.86424795166268,50000
2012-05-15,16.86424795166268,17.453271169882818,16.730281294956708,17.194002560963828,50000
2012-05-16,17.194002560963828,17.305463754266267,17.054131127857783,17.2588944649343,50000
2012-05-17,17.2588944649343,17.43776183347612,17.21644993710386,17.437091246651452,166823
2012-05-18,17.437091246651452,17.62422942064834,17.323690141987512,17.557188001431346,50000
2012-05-21,17.557188001431346,17.874532783097678,17.455264440123504,17.75699184879778,75417
2012-05-22,17.75699184879778,17.809848542500088,17.537889121079722,17.719257575097036,50000
2012-05-23,17.719257575097036,17.772217509655142,17.535080957153408,17.62055520408962,50000
2012-05-24,17.62055520408962,17.78449608907866,17.56656647132141,17.71865530662228,50000
2012-05-25,17.71865530662228,17.78769749848084,17.28033433473522,17.414379711295222,134193
2012-05-28,17.414379711295222,17.497962691817424,17.204149181871887,17.40056701682266,50000
2012-05-29,17.40056701682266,17.561773277126992,17.36402778588929,17.492489304523122,50000
2012-05-30,17.492489304523122,17.589808392950165,16.905200716123854,16.960805946342393,93378
2012-05-31,16.960805946342393,17.01309165666731,16.104673110042317,16.12727361734698,50000
2012-06-01,16.12727361734698,16.54551241055018,16.086866443236378,16.480334086501145,55911
2012-06-04,16.480334086501145,17.56038146447628,16.44035738195207,17.37623658776613,50000
2012-06-05,17.37623658776613,17.52767887880214,16.628931369956664,16.729081184411342,50000
2012-06-06,16.729081184411342,16.801981225495762,16.008283028672693,16.098615971189098,50000
2012-06-07,16.098615971189098,16.10388643851207,15.748244329883434,15.984829520600785,132131
2012-06-08,15.984829520600785,16.08189740287012,15.513875461006482,15.627703698870938,50000
2012-06-11,15.627703698870938,15.934502214999993,15.571999662351722,15.890963937283885,58132
2012-06-12,15.890963937283885,16.041961970850696,15.468634214103007,15.585331172150648,50000
2012-06-13,15.585331172150648,15.604405835527928,15.358701710821217,15.562662863105924,168198
2012-06-14,15.562662863105924,15.703204816428546,15.436841545857964,15.509387498841928,50000
2012-06-15,15.509387498841928,15.616450373096844,15.505973926741916,15.508671441766305,50000
2012-06-18,15.508671441766305,15.96418180554541,15.439628523997401,15.810770737224715,50000
2012-06-19,15.810770737224715,16.45162713906256,15.690889698760262,16.448111548914795,50000
2012-06-20,16.448111548914795,17.076761663671864,16.426894712165865,17.033345509831136,50000
2012-06-21,17.033345509831136,17.304974172531015,16.733963712009523,17.164863807733163,50000
2012-06-22,17.164863807733163,17.697883166187594,17.13946510218029,17.58129050024993,50000
2012-06-25,17.58129050024993,18.308597510174028,17.42308949933716,18.196580579450902,50000
2012-06-26,18.196580579450902,18.244275434173446,17.84112608885368,17.84219912574339,50000
2012-06-27,17.84219912574339,18.226670018537902,17.83055484171484,18.195756933204816,50000
2012-06-28,18.195756933204816,18.358722204235747,17.70229414964257,17.85664771581644,64099
2012-06-29,17.85664771581644,18.192314490798275,17.795479161539458,18.169157633689114,107450
2012-07-02,18.169157633689114,18.279480040943504,18.020781497125824,18.089667506072253,60169
2012-07-03,18.089667506072253,18.48619506785938,17.94541386021624,18.344130723727382,98763
2012-07-04,18.344130723727382,18.409072813817208,18.156469393725065,18.18121361569985,63279
2012-07-05,18.18121361569985,18.383047492311636,18.175661820005217,18.290456197672203,55068
2012-07-06,18.290456197672203,19.01961457313473,18.179118319057316,18.81952917216782,50000
2012-07-09,18.81952917216782,19.04266343044105,18.56253854491149,18.708742396681572,62049
2012-07-10,18.708742396681572,18.959986832152353,18.602823933919186,18.8096678877631,50000
2012-07-11,18.8096678877631,19.392708064331273,18.727835327019623,19.342555181862433,50000
2012-07-12,19.342555181862433,19.626511262481394,19.287342599650962,19.40929880924841,50000
2012-07-13,19.40929880924841,19.518989948749432,19.105124673672666,19.14717924525581,50000
2012-07-16,19.14717924525581,19.235656844845465,18.94592063610839,19.145223482574416,50000
2012-07-17,19.145223482574416,19.203615842388682,18.511105554435773,18.559785727622934,67478
2012-07-18,18.559785727622934,18.692804519050405,18.288510547018557,18.331981181791647,50000
2012-07-19,18.331981181791647,18.39938002032891,18.082493404259804,18.23491759343342,50000
2012-07-20,18.23491759343342,18.362394807847668,17.938547998706294,18.0737384593207,54562
2012-07-23,18.0737384593207,18.10590821576389,17.504214659512705,17.667437047369976,66025
2012-07-24,17.667437047369976,17.753022919843097,17.092935784536213,17.274536834299962,51863
2012-07-25,17.274536834299962,17.551846878934068,17.260663244967432,17.405123726088128,50000
2012-07-26,17.405123726088128,17.680880115938223,16.72881419839631,16.839282522627734,64196
2012-07-27,16.839282522627734,16.85480863129168,16.494191120533934,16.58568594310723,50000
2012-07-30,16.58568594310723,16.963157673978536,16.367952381650095,16.888138264884486,50000
2012-07-31,16.888138264884486,17.098055718237642,16.453781604893884,16.561978675488916,50000
2012-08-01,16.561978675488916,16.577959971816078,16.107298967226768,16.164257688846774,50000
2012-08-02,16.164257688846774,16.700461261351894,16.059526823172785,16.666121559840455,50000
2012-08-03,16.666121559840455,16.695028173385545,16.58107629558285,16.68470250251147,50000
2012-08-06,16.68470250251147,17.06326696897454,16.627681562398386,17.05734445576769,50000
2012-08-07,17.05734445576769,17.154042666743944,16.956640897259,17.04256769855671,50000
2012-08-08,17.04256769855671,17.210832673093357,16.87577072075536,16.96624704454305,88611
2012-08-09,16.96624704454305,17.22409488950541,16.870830757205812,17.166580676996183,69722
2012-08-10,17.166580676996183,17.65361069232956,17.14755508704535,17.614500916060784,50000
2012-08-13,17.614500916060784,17.89082611921783,17.559722820541616,17.868874811531086,53712
2012-08-14,17.868874811531086,18.06956105280255,17.813860498938844,17.853079070164835,50000
2012-08-15,17.853079070164835,18.157863293021038,17.694939099836883,17.949756650811587,156109
2012-08-16,17.949756650811587,18.140603562905525,17.939549617729604,18.042914600805272,50000
2012-08-17,18.042914600805272,18.295044309624352,18.020947641543984,18.279844138446368,57712
2012-08-20,18.279844138446368,18.56426630022268,18.17548582202322,18.489200426551434,50000
2012-08-21,18.489200426551434,19.29508817629305,18.382270072271414,19.11577763304688,50000
2012-08-22,19.11577763304688,19.23002377779942,19.055928993986388,19.1901547947411,50000
2012-08-23,19.1901547947411,19.789118060498804,18.998821915760196,19.711518352732664,54739
2012-08-24,19.711518352732664,19.81145194334757,19.316496938119993,19.333925964595032,50000
2012-08-27,19.333925964595032,19.36884973581715,19.022763717459505,19.22755260494214,50000
2012-08-28,19.22755260494214,19.496722717040356,19.165165297820334,19.492312009959278,50000
2012-08-29,19.492312009959278,19.536187449696733,18.702124279041804,18.928653303966282,50000
2012-08-30,18.928653303966282,19.075349213893595,18.347934138901447,18.396307888070098,50000
2012-08-31,18.396307888070098,18.512417984292775,18.101673613274915,18.272850638002193,50000
2012-09-03,18.272850638002193,18.48564407009996,17.217877882869207,17.444344308456518,50000
2012-09-04,17.444344308456518,17.476982465007854,17.168770004061958,17.3074976803171,55371
2012-09-05,17.3074976803171,17.409117470030267,16.844057938336366,16.86733070280399,54777
2012-09-06,16.86733070280399,17.111145425942777,16.141535540870375,16.469027830981986,50000
2012-09-07,16.469027830981986,16.810120887551264,16.421064094966383,16.757423738151996,50000
2012-09-10,16.757423738151996,16.78462508008461,16.668406777791766,16.755046982017692,61195
2012-09-11,16.755046982017692,16.84932996101982,16.605022142651933,16.618285848443342,50000
2012-09-12,16.618285848443342,17.080650912576715,16.61766510821712,16.999063947148056,58092
2012-09-13,16.999063947148056,17.21957814054352,16.852962558617204,17.171016768602893,57797
2012-09-14,17.171016768602893,17.188460015720096,16.887340221223987,17.016998544170004,50000
2012-09-17,17.016998544170004,17.0635093795803,16.703689943756622,16.813183927682786,50000
2012-09-18,16.813183927682786,16.885705709749487,16.779854103631806,16.82636809061032,110109
2012-09-19,16.82636809061032,17.339360854308637,16.804720980734707,17.31508922989366,50000
2012-09-20,17.31508922989366,17.71448192474137,17.262875287357733,17.654063126353357,50000
2012-09-21,17.654063126353357,17.726917638558888,17.606549360268154,17.608881476553098,50000
2012-09-24,17.608881476553098,17.724208062582424,17.52697000256075,17.715531064891284,99318
2012-09-25,17.715531064891284,17.745799481964973,17.371360185919794,17.56140084387219,50000
2012-09-26,17.56140084387219,17.689035802300012,17.490920047625348,17.676624588268776,50000
2012-09-27,17.676624588268776,17.827340310335842,17.59490176404813,17.72147513238982,50000
2012-09-28,17.72147513238982,17.77378357822538,17.64243571523485,17.673055158675588,50000
2012-10-01,17.673055158675588,17.78798239012593,17.004940205789524,17.073102195897803,50000
2012-10-02,17.073102195897803,17.26563466048145,16.857886477413782,17.170873824810226,50000
2012-10-03,17.170873824810226,17.22347938739555,16.970135282832974,17.094772567465565,55984
2012-10-04,17.094772567465565,17.13045867115414,16.973217522973425,17.04836064716856,50000
2012-10-05,17.04836064716856,17.261975930050006,16.773899293441485,16.970699736111957,50000
2012-10-08,16.970699736111957,17.664064685630724,16.934776894890366,17.49675028550569,53468
2012-10-09,17.49675028550569,17.716232447852658,16.850843246910884,16.873832446430104,69096
2012-10-10,16.873832446430104,16.902758927007067,16.40346866291187,16.53659780805824,50000
2012-10-11,16.53659780805824,16.684718585110446,16.48648863577222,16.495278905781788,64176
2012-10-12,16.495278905781788,16.585090063017542,16.3881168974533,16.428464394413158,50000
2012-10-15,16.428464394413158,16.58337290778405,16.072034812712015,16.1434245748753,50000
2012-10-16,16.1434245748753,16.24823635623098,16.128271471512534,16.200922590783385,52692
2012-10-17,16.200922590783385,16.339169969805933,15.6944687042115,15.72865714668303,109759
2012-10-18,15.72865714668303,16.074888985806826,15.682886848955862,15.942873764653399,50000
2012-10-19,15.942873764653399,16.003469335738423,15.84962030371192,15.8823418264113,50000
2012-10-22,15.8823418264113,16.014918432214092,15.352208652316166,15.359107877669869,50000
2012-10-23,15.359107877669869,15.385346376980701,15.03289304814778,15.20693799648013,425356
2012-10-24,15.20693799648013,15.257704817415982,15.041492965723268,15.056829611507348,272242
2012-10-25,15.056829611507348,15.25588137624795,14.846444787409993,15.11051208185677,50000
2012-10-26,15.11051208185677,15.5498904976285,15.028966902538317,15.4510735604852,50000
2012-10-29,15.4510735604852,16.037048312576214,15.395620231034929,15.87795430484128,50000
2012-10-30,15.87795430484128,16.368472095535633,15.805969602190268,16.16294488998442,50000
2012-10-31,16.16294488998442,16.217826800547275,15.49902401431875,15.582629400541125,50000
2012-11-01,15.582629400541125,15.591128535007831,14.971412935345253,15.00095017347942,50000
2012-11-02,15.00095017347942,15.401098142722306,14.98394978253109,15.379903627262696,50000
2012-11-05,15.379903627262696,15.558406236417989,15.345718106477387,15.542068356172356,50000
2012-11-06,15.542068356172356,15.65144547356968,15.002295534638636,15.138976814922582,50000
2012-11-07,15.138976814922582,15.143159679481958,14.690717085283568,14.742821131866169,82399
2012-11-08,14.742821131866169,15.07592400276247,14.685129095242452,14.944785360203612,50000
2012-11-09,14.944785360203612,15.021322027352928,14.84143776578435,15.013160950587332,50000
2012-11-12,15.013160950587332,15.703161629503008,14.979855771055108,15.565214264151178,140694
2012-11-13,15.565214264151178,16.063761811517665,15.561325232839964,16.032691156104296,68352
2012-11-14,16.032691156104296,16.322535603103336,15.901512927441821,16.239641100362984,50000
2012-11-15,16.239641100362984,16.389484288798773,15.937530114019888,15.983745525804695,50000
2012-11-16,15.983745525804695,16.0299040136397,15.607558235651467,15.715899372409648,50000
2012-11-19,15.715899372409648,15.883211389904497,15.668412884639359,15.791338059390853,50000
2012-11-20,15.791338059390853,15.8956248311061,15.67060580129606,15.709048280662017,66444
2012-11-21,15.709048280662017,16.255965706365238,15.567885095999188,16.241271385759614,50000
2012-11-22,16.241271385759614,16.594600327177126,16.07420130895002,16.549865728550934,50000
2012-11-23,16.549865728550934,16.788890324047582,16.533796349901,16.599735933580575,50000
2012-11-26,16.599735933580575,16.70794753949136,16.536139027638423,16.565648070881167,71839
2012-11-27,16.565648070881167,16.781437074870638,16.55028187994372,16.61209555563958,50000
2012-11-28,16.61209555563958,17.234213470424002,16.531325263529247,17.177911794953594,50000
2012-11-29,17.177911794953594,17.646624801157415,17.169457776114644,17.50987591185459,50000
2012-11-30,17.50987591185459,17.914573395678683,17.398129552235698,17.81063165467844,50000
2012-12-03,17.81063165467844,17.920351967566955,17.6308455877665,17.69192507270316,50000
2012-12-04,17.69192507270316,17.833971919229622,17.65578764497841,17.814471739537485,52828
2012-12-05,17.814471739537485,17.91957830801756,17.71635019648566,17.72318909675733,55520
2012-12-06,17.72318909675733,17.777776573873165,17.581382856030018,17.59047884203062,97905
2012-12-07,17.59047884203062,17.775847331666693,17.205100713763848,17.327724252686053,73205
2012-12-10,17.327724252686053,17.431353718043223,17.183532530546604,17.43031516002855,50000
2012-12-11,17.43031516002855,17.473475257670692,17.11876984438258,17.23497336415682,59604
2012-12-12,17.23497336415682,17.27965307900745,16.850139708813366,16.943502983519096,50000
2012-12-13,16.943502983519096,17.815020901493266,16.786896681554587,17.802594982400848,50000
2012-12-14,17.802594982400848,18.22602176479317,17.65819641579987,18.05276834173052,50000
2012-12-17,18.05276834173052,18.39356655957733,17.982180004649333,18.288100187300415,50000
2012-12-18,18.288100187300415,18.334293817495197,17.918578873966645,18.06194579517669,50000
2012-12-19,18.06194579517669,18.457414013539456,17.97348917694862,18.423865052322768,50000
2012-12-20,18.423865052322768,18.482393283884026,18.31179161206748,18.320339097158186,73699
2012-12-21,18.320339097158186,18.39468565504119,17.82293479993632,17.952194509570976,83516
2012-12-24,17.952194509570976,18.023887647553245,17.478948012783853,17.525214172964695,50000
2012-12-25,17.525214172964695,17.739620271849898,17.419906238969904,17.571860360554897,50000
2012-12-26,17.571860360554897,17.745333561808426,17.501628073870588,17.553357274445084,50000
2012-12-27,17.553357274445084,17.57549368084565,17.276362104648772,17.32263947722321,50000
2012-12-28,17.32263947722321,17.37326310547273,17.30632376226773,17.315147305588614,50000
2012-12-31,17.315147305588614,17.399713796504635,17.009007398422902,17.03974990476937,50000
2013-01-01,17.03974990476937,17.614607881908764,16.97783752864018,17.47589604111949,50000
2013-01-02,17.47589604111949,17.988264699310335,17.461738706723615,17.944121671230857,50000
2013-01-03,17.944121671230857,18.187377440100665,17.622454338769746,17.697433132338993,50000
2013-01-04,17.697433132338993,17.82288054202898,17.61786606402531,17.800177684762613,50000
2013-01-07,17.800177684762613,17.80986880477662,17.75295121438832,17.78457368788899,50000
2013-01-08,17.78457368788899,18.022474796770734,17.712506444317473,17.884651198962473,50000
2013-01-09,17.884651198962473,17.917269240972047,17.51345990651105,17.568286991094674,50000
2013-01-10,17.568286991094674,17.59002500596899,17.48580860314595,17.530481537077343,50000
2013-01-11,17.530481537077343,17.567815674157558,17.43862176993487,17.47318223347638,50000
2013-01-14,17.47318223347638,17.495288071626128,17.06546464057667,17.068854343512534,50000
2013-01-15,17.068854343512534,17.177208785159173,16.850169191713483,16.991758173978084,50000
2013-01-16,16.991758173978084,17.509570807772313,16.986079985899792,17.498701660799213,50000
2013-01-17,17.498701660799213,17.521317184562566,16.931953809866197,17.034409532045014,66124
2013-01-18,17.034409532045014,17.062772726558485,16.61846682788936,16.872245367719543,50000
2013-01-21,16.872245367719543,17.031392110021248,16.7902649183937,17.00865759751091,50000
2013-01-22,17.00865759751091,17.57671952315078,16.94833880792277,17.417269795920387,50000
2013-01-23,17.417269795920387,17.88542452765339,17.40795611101603,17.813599166527023,50000
2013-01-24,17.813599166527023,18.198340092827014,17.792146505001245,17.998134016321625,50000
2013-01-25,17.998134016321625,18.02206466434532,17.696651390455543,17.747712973726692,50000
2013-01-28,17.747712973726692,17.80318704252017,17.494592761112198,17.639377740077098,50000
2013-01-29,17.639377740077098,17.75120926274889,17.62107408436649,17.71002166796832,66765
2013-01-30,17.71002166796832,18.10718169286001,17.630252820915185,18.01447637962695,212130
2013-01-31,18.01447637962695,19.399005421753223,18.000707164119067,19.215118159928554,50000
2013-02-01,19.215118159928554,20.049648758742407,19.101953688135588,19.99487201499844,50000
2013-02-04,19.99487201499844,20.049676140357217,19.75967261933982,19.936773121095175,50000
2013-02-05,19.936773121095175,19.998742750067056,19.380422751269325,19.520433621910147,63600
2013-02-06,19.520433621910147,19.60965364208896,18.960813914287588,19.188455236444348,50000
2013-02-07,19.188455236444348,19.404853575082207,19.14408828802092,19.345382825825688,50000
2013-02-08,19.345382825825688,19.365031664940457,19.141996270504308,19.18380773222044,50000
2013-02-11,19.18380773222044,19.324752182247128,18.9143194841707,18.947917819690193,50000
2013-02-12,18.947917819690193,19.020129188328468,18.55892992443831,18.7954680238868,50000
2013-02-13,18.7954680238868,18.871421509366428,18.301225979254408,18.33851573088081,50000
2013-02-14,18.33851573088081,18.379863688784354,18.288115006460664,18.335159981549754,50000
2013-02-15,18.335159981549754,18.576887568510475,18.31461891328552,18.509934056032677,50000
2013-02-18,18.509934056032677,18.647299201162333,18.459817362447975,18.61915844922804,50000
2013-02-19,18.61915844922804,18.703614303501467,18.594531961447085,18.636145387150588,50000
2013-02-20,18.636145387150588,18.674188939184788,18.592193211842638,18.656584590046055,94618
2013-02-21,18.656584590046055,18.666814418182923,17.993852585399303,18.193451465241232,50000
2013-02-22,18.193451465241232,18.222938506660743,17.971520941564116,18.05975842390262,72717
2013-02-25,18.05975842390262,18.525791845810538,18.05119251173747,18.502402617298657,133937
2013-02-26,18.502402617298657,18.540106788738825,17.96486671090664,18.181324276193262,50000
2013-02-27,18.181324276193262,18.275042650995555,17.47398880311248,17.637261290636847,63657
2013-02-28,17.637261290636847,17.726596946363635,16.959610137655822,17.003176580251115,105431
2013-03-01,17.003176580251115,17.177228802548626,16.778675988928,16.806947759387267,50000
2013-03-04,16.806947759387267,16.9672404911536,16.723567190012673,16.909744916807682,50000
2013-03-05,16.909744916807682,17.421543863554625,16.90281151534535,17.325106972383452,50000
2013-03-06,17.325106972383452,17.76623681368559,17.231400258775754,17.67276773345364,50000
2013-03-07,17.67276773345364,17.808228674367736,17.396599382665826,17.401622862727905,50000
2013-03-08,17.401622862727905,17.621980634245464,17.327618201367848,17.549525670109162,50000
2013-03-11,17.549525670109162,17.857269205236108,17.47561109429256,17.83899177135124,50000
2013-03-12,17.83899177135124,17.939595325894054,17.66019715937914,17.660513997123832,50000
2013-03-13,17.660513997123832,17.801872757803235,17.38425704524295,17.387508389792618,100016
2013-03-14,17.387508389792618,17.499683550717123,17.16379646199576,17.252791260678684,107670
2013-03-15,17.252791260678684,17.320669875554717,16.582297250313292,16.69451956986787,68010
2013-03-18,16.69451956986787,16.770198300966502,16.294579649631395,16.349989007198197,50000
2013-03-19,16.349989007198197,16.765202370104817,16.205382404186846,16.62855718846263,50000
2013-03-20,16.62855718846263,17.107272529090725,16.569013635398065,16.876893657931685,84620
2013-03-21,16.876893657931685,17.28058030385742,16.823825722548104,17.126021077140035,50000
2013-03-22,17.126021077140035,17.205565683928064,17.041972579130547,17.164603035834133,173100
2013-03-25,17.164603035834133,17.298087003039566,17.138631320858078,17.26737054037038,79168
2013-03-26,17.26737054037038,17.85853351599593,17.231042998528494,17.798930802481177,56089
2013-03-27,17.798930802481177,17.806962113357446,17.709022932857888,17.72875769225015,50000
2013-03-28,17.72875769225015,18.023430379320008,17.586060620137097,17.894385070157714,50000
2013-03-29,17.894385070157714,17.954762294305482,17.700109777611956,17.744104657249668,50000
2013-04-01,17.744104657249668,18.506658181617507,17.672857879585692,18.489025184638066,50000
2013-04-02,18.489025184638066,18.740635596412194,18.422411242552993,18.43341494684554,50000
2013-04-03,18.43341494684554,18.567163727268596,18.15487684204019,18.23558255475495,50000
2013-04-04,18.23558255475495,18.479913101492546,18.21448938712547,18.343615291841942,50000
2013-04-05,18.343615291841942,18.638134185891623,18.268377940653707,18.609919724794636,50000
2013-04-08,18.609919724794636,18.66350338604404,18.091629871351437,18.372651649971843,50000
2013-04-09,18.372651649971843,18.534767897250877,18.361912184187766,18.444134473984462,50000
2013-04-10,18.444134473984462,18.642740233987375,18.366219687525078,18.518385473385734,50000
2013-04-11,18.518385473385734,18.559813076978372,18.213944548718505,18.396703927493014,73848
2013-04-12,18.396703927493014,18.42508136481377,18.22437465422015,18.361601187369306,50000
2013-04-15,18.361601187369306,18.379747514477973,18.092619015425317,18.19776335123946,52044
2013-04-16,18.19776335123946,18.250142110126596,17.876301026430756,17.8896464873258,50000
2013-04-17,17.8896464873258,17.948205617362532,17.429309349731348,17.437918710583862,58721
2013-04-18,17.437918710583862,17.5408380208089,17.38322360850303,17.387017323685985,50000
2013-04-19,17.387017323685985,17.44826584394416,16.94566686029781,17.026864721143582,50000
2013-04-22,17.026864721143582,17.12710838189024,17.001466668995327,17.078150255877645,50000
2013-04-23,17.078150255877645,17.250411475613383,16.7219197889675,16.819804619831785,50000
2013-04-24,16.819804619831785,16.877787017027693,16.472138272042056,16.47628919661548,73241
2013-04-25,16.47628919661548,16.516608618126927,16.18312732866243,16.236644858650255,72659
2013-04-26,16.236644858650255,16.46498324326092,16.191068288824376,16.30896238312557,50000
2013-04-29,16.30896238312557,16.30976542861099,16.03994714459787,16.084108855846637,50000
2013-04-30,16.084108855846637,16.160793813398588,15.601002749990855,15.607310172855508,50000
2013-05-01,15.607310172855508,15.740077880189167,15.536098902055475,15.594374364072474,50000
2013-05-02,15.594374364072474,15.732701990424639,15.464375405123693,15.703931745182157,50000
2013-05-03,15.703931745182157,15.823633800802524,15.696957798640621,15.793465586532221,50000
2013-05-06,15.793465586532221,15.972816401952453,15.550602426997054,15.675731395155822,50000
2013-05-07,15.675731395155822,16.007686696175238,15.660826980434736,15.992824581208184,52006
2013-05-08,15.992824581208184,16.040759464826195,15.889207606699333,15.913278301812907,50000
2013-05-09,15.913278301812907,15.926398879510078,15.629406155941103,15.709156924358602,64140
2013-05-10,15.709156924358602,15.745209943819106,15.206040258962075,15.306284729904556,72255
2013-05-13,15.306284729904556,15.536296250115889,15.194784459594729,15.525145632409389,50000
2013-05-14,15.525145632409389,15.784931438704128,15.423470578810068,15.637871734678644,61643
2013-05-15,15.637871734678644,15.878721504780255,15.612633385764607,15.865643040615184,124825
2013-05-16,15.865643040615184,16.091351578095665,15.830375711286475,16.056579995300712,80282
2013-05-17,16.056579995300712,16.206918097198,15.758779137060776,15.806293884039233,50000
2013-05-20,15.806293884039233,15.986117748872553,15.803824629416553,15.920432356191418,56975
2013-05-21,15.920432356191418,16.034458238459703,15.836432184379788,15.852908758910901,54372
2013-05-22,15.852908758910901,16.001299897561974,15.749765544428563,15.9886636906357,50000
2013-05-23,15.9886636906357,15.993219866556487,15.657909676745383,15.732289850501036,50000
2013-05-24,15.732289850501036,15.800356577614558,15.452815898107287,15.614238014121852,94371
2013-05-27,15.614238014121852,16.17103384405584,15.512938151071234,15.955236524461013,50000
2013-05-28,15.955236524461013,16.603442385458024,15.907975897485251,16.426978672701377,50000
2013-05-29,16.426978672701377,16.465883642735808,16.301444461660058,16.40664101615265,50000
2013-05-30,16.40664101615265,16.600868406131042,16.36647524045601,16.409447528934333,50000
2013-05-31,16.409447528934333,16.470147713159534,16.18473852244411,16.298946852735853,65989
2013-06-03,16.298946852735853,16.351455021731226,16.11429557467414,16.12837904544193,55237
2013-06-04,16.12837904544193,16.375288441029305,15.994064418489417,16.36419415827914,54624
2013-06-05,16.36419415827914,16.43306804855131,16.235233297462564,16.4187579224723,93822
2013-06-06,16.4187579224723,16.62250825447219,16.341930441975467,16.394844450485405,50000
2013-06-07,16.394844450485405,16.451783847830864,16.299785063396666,16.43145264054145,50000
2013-06-10,16.43145264054145,16.567188499982276,16.423564464035586,16.504993498051427,54471
2013-06-11,16.504993498051427,16.523644352968606,16.394103679151,16.402054455198474,68364
2013-06-12,16.402054455198474,16.705373706312013,16.3366736872745,16.422980515255606,50000
2013-06-13,16.422980515255606,16.45613071142557,15.898896236772988,16.015093342254545,58929
2013-06-14,16.015093342254545,16.457981543281964,15.990333476195783,16.359415267026268,50000
2013-06-17,16.359415267026268,16.456905746825296,16.33367912730406,16.427196624437332,50000
2013-06-18,16.427196624437332,16.669529874862075,16.38801025296563,16.609248744416824,50000
2013-06-19,16.609248744416824,17.49702567083812,16.52332799922732,17.415963175634015,50000
2013-06-20,17.415963175634015,17.54784670382139,17.36322267566952,17.491349597165467,50000
2013-06-21,17.491349597165467,18.07924857569341,17.19952855427936,17.910897164830285,50000
2013-06-24,17.910897164830285,18.022753663114532,17.581958367847164,17.6195007731934,50000
2013-06-25,17.6195007731934,17.752794865168145,17.269238562274897,17.425520279826713,78810
2013-06-26,17.425520279826713,17.474378845373682,16.84107965073354,16.97727239936466,50000
2013-06-27,16.97727239936466,17.035030155862014,16.95882046135946,17.006485062903007,50000
2013-06-28,17.006485062903007,17.141360106945108,16.86392798852286,17.09822743760907,51950
2013-07-01,17.09822743760907,17.37966150183881,16.99451466747436,17.291469373363352,96972
2013-07-02,17.291469373363352,17.375058483562068,17.160147193985225,17.31139914624742,50000
2013-07-03,17.31139914624742,17.440611677449787,17.243861766495943,17.34703078263356,136542
2013-07-04,17.34703078263356,17.58736149613509,17.28458049203121,17.55233256967793,54170
2013-07-05,17.55233256967793,17.775915863180487,17.37138198103695,17.74328280338641,50000
2013-07-08,17.74328280338641,18.321038576187103,17.640072860715915,18.212484733118647,57744
2013-07-09,18.212484733118647,18.665726596422168,17.95260005725503,18.580078482891043,79243
2013-07-10,18.580078482891043,18.92339636550284,18.549952304411647,18.870003688820365,50000
2013-07-11,18.870003688820365,18.980597966906842,18.207058071297123,18.40235604355937,50000
2013-07-12,18.40235604355937,18.538642364469798,18.147666382185676,18.28878361258423,129972
2013-07-15,18.28878361258423,18.30255121309928,17.810277792321173,17.839294581395528,91114
2013-07-16,17.839294581395528,18.004698745347685,17.740642359789263,17.91178890199667,50000
2013-07-17,17.91178890199667,18.24785729241881,17.748369003203607,18.10752033343,50000
2013-07-18,18.10752033343,18.18411598555738,17.623560552493725,17.747785114447876,50000
2013-07-19,17.747785114447876,18.144946949048986,17.534944034545784,18.088435900480107,51252
2013-07-22,18.088435900480107,18.442891484711595,18.015336294662394,18.36967266993115,50000
2013-07-23,18.36967266993115,18.507940365539053,18.192820486279476,18.30816623127956,50000
2013-07-24,18.30816623127956,18.403199565625,18.180437180168997,18.24801035566698,50000
2013-07-25,18.24801035566698,18.538057031211277,18.19783496604286,18.389691134212224,50000
2013-07-26,18.389691134212224,18.48054074095304,18.066878969789055,18.22760468889272,50000
2013-07-29,18.22760468889272,18.378306288803106,18.062613883770325,18.196354298604504,69452
2013-07-30,18.196354298604504,18.745365425329776,18.04841263057092,18.71238497246263,50000
2013-07-31,18.71238497246263,19.11864955651832,18.674575641204353,19.058720455691304,61486
2013-08-01,19.058720455691304,19.278965905671118,18.922426318150304,18.969738848689097,50000
2013-08-02,18.969738848689097,19.110289668306844,18.859603401205515,18.97587313011546,50000
2013-08-05,18.97587313011546,19.147322244623687,18.324654514525,18.562858352822218,51200
2013-08-06,18.562858352822218,18.97877982554695,18.46539551574089,18.92713330913887,55267
2013-08-07,18.92713330913887,19.047754228481427,18.9107766699791,18.945361261693918,50000
2013-08-08,18.945361261693918,19.393721238619026,18.93136456799233,19.24670442737322,83573
2013-08-09,19.24670442737322,19.258071153631025,18.535439409512417,18.820059563262532,68161
2013-08-12,18.820059563262532,19.098044193590113,18.789826721488037,18.98162792714961,50000
2013-08-13,18.98162792714961,19.120293133150916,18.968862677341182,19.076579323213952,51036
2013-08-14,19.076579323213952,19.605169911545808,18.968039572491474,19.44523970560439,50000
2013-08-15,19.44523970560439,19.95561941564496,19.298295787544177,19.915856008064907,50000
2013-08-16,19.915856008064907,20.049882848341493,19.346122856133103,19.58874782405199,50000
2013-08-19,19.58874782405199,19.87292804325437,19.537461712082678,19.711827605092513,251088
2013-08-20,19.711827605092513,19.919290294790258,19.079827586207042,19.200774575819004,50664
2013-08-21,19.200774575819004,19.473864250124777,19.011886726564118,19.446920607254157,50000
2013-08-22,19.446920607254157,19.544730184193035,18.760072166881805,18.910224061728833,50000
2013-08-23,18.910224061728833,18.943160405905775,18.342725533949658,18.46142617437428,105312
2013-08-26,18.46142617437428,18.928527413281472,18.388983736776062,18.594706286288115,57979
2013-08-27,18.594706286288115,18.64862889554167,18.447377946348656,18.551862290872204,50000
2013-08-28,18.551862290872204,18.595222297478696,18.22912797355187,18.264542006333805,50000
2013-08-29,18.264542006333805,18.32521220652869,18.095514016334246,18.119391838201977,50000
2013-08-30,18.119391838201977,18.218539736692478,17.980848966481183,17.991114826502653,78197
2013-09-02,17.991114826502653,18.134439121341327,17.969599856051875,18.10485045290344,50000
2013-09-03,18.10485045290344,18.653626605743764,17.982180881314278,18.437796752879382,50000
2013-09-04,18.437796752879382,19.026470482779256,18.281116199963854,18.997839107142305,62829
2013-09-05,18.997839107142305,19.201071693795654,18.753431128153338,19.00527102666482,161186
2013-09-06,19.00527102666482,19.34654035748022,18.826667780004442,19.271341733098684,50000
2013-09-09,19.271341733098684,19.79645426199812,19.237202237469457,19.581313898671652,50000
2013-09-10,19.581313898671652,19.69417907586612,19.307135813796734,19.34725719747326,50000
2013-09-11,19.34725719747326,19.481717847982864,19.29440686118882,19.402783931458696,50000
2013-09-12,19.402783931458696,19.445722403890937,19.032026038227265,19.13029278923517,50000
2013-09-13,19.13029278923517,19.236993310269884,18.65927968361065,18.79747784498043,51832
2013-09-16,18.79747784498043,18.921847532019793,18.46769023012975,18.667189020557515,50000
2013-09-17,18.667189020557515,18.99344463144672,18.61939020522948,18.968744645110977,50000
2013-09-18,18.968744645110977,19.112141471661587,18.90914794818012,18.974099445364384,50000
2013-09-19,18.974099445364384,19.159503031703718,18.89956081876059,19.120286096003294,50000
2013-09-20,19.120286096003294,19.251153197481084,19.08751834699225,19.135990865076746,57041
2013-09-23,19.135990865076746,19.37586676569586,19.087562815311735,19.15454889272333,95805
2013-09-24,19.15454889272333,19.380652393040954,19.118956766098375,19.24218650439735,141221
2013-09-25,19.24218650439735,19.491488016790015,19.2108685386276,19.292083085234456,50000
2013-09-26,19.292083085234456,19.373228841470016,19.0292561854584,19.066803106250877,50000
2013-09-27,19.066803106250877,19.092137883466147,18.65593620078612,18.805751183816962,50000
2013-09-30,18.805751183816962,19.22838565954161,18.804454767086483,18.969901149169495,50000
2013-10-01,18.969901149169495,19.06401592903661,18.76937280334059,18.923140608078032,50000
2013-10-02,18.923140608078032,19.15060624649048,18.68286723354801,18.76833106522128,65823
2013-10-03,18.76833106522128,18.853775901272787,18.60776527939643,18.753376291519814,50000
2013-10-04,18.753376291519814,18.93640334070187,18.415703396667897,18.523226556497843,58423
2013-10-07,18.523226556497843,18.754508549445923,17.4794651235784,17.6063432705764,50000
2013-10-08,17.6063432705764,17.888618050048912,17.555004864682076,17.777420922059616,50000
2013-10-09,17.777420922059616,18.210976672111034,17.704765117288115,18.195553623603562,77434
2013-10-10,18.195553623603562,18.275328654221696,17.856021243341633,18.104994881025426,114670
2013-10-11,18.104994881025426,18.17556205443225,18.089089655147944,18.100187259700707,50000
2013-10-14,18.100187259700707,18.10792758870122,17.52461021079191,17.596092078109947,59498
2013-10-15,17.596092078109947,17.735776609675817,17.177669707275097,17.401187966218664,50000
2013-10-16,17.401187966218664,17.49472826484692,17.204278048483964,17.259625181407955,50000
2013-10-17,17.259625181407955,17.33860837999865,16.496963919260192,16.77587307871,59281
2013-10-18,16.77587307871,17.019736161274633,16.618819731380636,16.884938551177367,61180
2013-10-21,16.884938551177367,17.409247898142805,16.869799768902872,17.278113454787736,151287
2013-10-22,17.278113454787736,17.96412289305924,17.203825115864156,17.933497687626897,50000
2013-10-23,17.933497687626897,18.203561099995394,17.7465200855702,18.163809319553604,50000
2013-10-24,18.163809319553604,18.18314198490652,17.910725104567828,17.919038269794942,50000
2013-10-25,17.919038269794942,17.944210218755664,17.70541338154799,17.789896634504593,118674
2013-10-28,17.789896634504593,17.88100791015492,17.7834577602279,17.8174475651572,50000
2013-10-29,17.8174475651572,17.971712398295868,17.77260985820055,17.966332226446564,149771
2013-10-30,17.966332226446564,18.085874205053187,17.8053059310117,17.880479435867823,106136
2013-10-31,17.880479435867823,17.965568077168157,17.573928208758993,17.713908676316994,50000
2013-11-01,17.713908676316994,17.722820566743877,17.485246089645045,17.64575967721162,50000
2013-11-04,17.64575967721162,17.97660946272341,17.526640160905256,17.882145493402465,50000
2013-11-05,17.882145493402465,18.057136501200027,17.837814578077396,17.975791989142262,50000
2013-11-06,17.975791989142262,18.088395392009687,17.756117293344033,17.884538330789667,50000
2013-11-07,17.884538330789667,17.978137616514914,17.667934433554684,17.764119467845187,57714
2013-11-08,17.764119467845187,17.876875080181893,17.594141229144995,17.87301405978748,50000
2013-11-11,17.87301405978748,17.937133267900403,17.45724326811298,17.467112625042063,80355
2013-11-12,17.467112625042063,17.49984244491275,17.302479388075252,17.455655079734342,77298
2013-11-13,17.455655079734342,17.745607673632183,17.455131100182975,17.700613625079402,50000
2013-11-14,17.700613625079402,17.75858757684411,17.560447410634197,17.58009692689981,50000
2013-11-15,17.58009692689981,17.614025272013862,17.20256088912782,17.221501901127844,78401
2013-11-18,17.221501901127844,17.700683485189614,17.18968791986173,17.483926482794143,50000
2013-11-19,17.483926482794143,17.558521444737394,17.02456588312512,17.039339813462608,53860
2013-11-20,17.039339813462608,17.18243788876927,16.73355871705253,16.771048001514075,50000
2013-11-21,16.771048001514075,16.80400503574259,16.41680683544616,16.469421972918084,51419
2013-11-22,16.469421972918084,16.546484117672026,16.315671567876162,16.363997405371997,50000
2013-11-25,16.363997405371997,16.609345794602145,16.20967935309394,16.46663252579122,50000
2013-11-26,16.46663252579122,16.521594900515016,16.130652508986756,16.185855483701154,63753
2013-11-27,16.185855483701154,16.541754901111577,16.14587932718529,16.38155096069379,50000
2013-11-28,16.38155096069379,16.445416811337076,16.336661057136297,16.397829779486628,53210
2013-11-29,16.397829779486628,16.439098031777238,16.25018666117445,16.418780301505887,97349
2013-12-02,16.418780301505887,16.57431266433788,16.192444783281246,16.400602389758596,50000
2013-12-03,16.400602389758596,16.806446511979104,16.294301885541998,16.712516127981242,80319
2013-12-04,16.712516127981242,16.822407516865173,16.645812084660555,16.711727729810097,50000
2013-12-05,16.711727729810097,16.873310772018662,16.057253860800625,16.128521379617553,50000
2013-12-06,16.128521379617553,16.19334460753185,15.90325194139677,15.909287420714032,50000
2013-12-09,15.909287420714032,15.959639868135502,15.375796737076914,15.423913280732744,53215
2013-12-10,15.423913280732744,15.454735098792748,15.241539846762166,15.338961781498975,234447
2013-12-11,15.338961781498975,15.472658137497122,15.152477168569808,15.351911152350013,50000
2013-12-12,15.351911152350013,15.379227202673551,15.28319967353792,15.336047499374695,160019
2013-12-13,15.336047499374695,15.462191487011877,15.251467952594906,15.321662129734513,50000
2013-12-16,15.321662129734513,15.743371184349629,15.298730650236235,15.49221879417546,80724
2013-12-17,15.49221879417546,15.543106346861341,15.199372113350133,15.446072940195446,50000
2013-12-18,15.446072940195446,15.471215563845613,15.377298731377218,15.404097980135859,50000
2013-12-19,15.404097980135859,15.54853899303009,15.380814041754292,15.404529999894395,78746
2013-12-20,15.404529999894395,15.468955620777395,14.88601701067249,14.955209980580271,50000
2013-12-23,14.955209980580271,15.145355058479202,14.875158616411785,15.05574123100778,95441
2013-12-24,15.05574123100778,15.224936239593905,14.904644723802933,14.95401637591589,73285
2013-12-25,14.95401637591589,15.151434391500313,14.772501486358625,15.091578942218526,85641
2013-12-26,15.091578942218526,15.240638417703698,14.963074799113565,15.234876966371825,50000
2013-12-27,15.234876966371825,15.293140828197238,15.169212790342488,15.27369949906535,50213
2013-12-30,15.27369949906535,15.711717805527504,15.234324971389366,15.660289938335518,50000
2013-12-31,15.660289938335518,15.774880460461771,15.623499308600934,15.736208764668147,77290
2014-01-01,15.736208764668147,15.805833928631118,15.629313345219384,15.681649419148302,113042
2014-01-02,15.681649419148302,15.754326507692861,15.57852106470303,15.626184738333935,50000
2014-01-03,15.626184738333935,15.677699706939922,15.316374926554037,15.398020705742068,52560
2014-01-06,15.398020705742068,15.42479030391274,15.175402879620174,15.40832307369384,50000
2014-01-07,15.40832307369384,15.410750396966217,15.160858493153071,15.238605321245013,50000
2014-01-08,15.238605321245013,15.345316253243535,14.861480265857908,14.912492773767445,50000
2014-01-09,14.912492773767445,14.963536503293497,14.639521162277084,14.658687436067664,50000
2014-01-10,14.658687436067664,14.795073948565918,14.636834082507274,14.710897163214037,50000
2014-01-13,14.710897163214037,14.864042177298018,14.576265295319294,14.647950533028233,84266
2014-01-14,14.647950533028233,14.79500361875831,14.546458545575708,14.770590497301333,77530
2014-01-15,14.770590497301333,15.298019803573592,14.768842715497863,15.127268218543318,50000
2014-01-16,15.127268218543318,15.191618994345248,14.896105199184177,14.963070184448636,51941
2014-01-17,14.963070184448636,15.053738336069046,14.920888420075181,14.930974835297821,50000
2014-01-20,14.930974835297821,15.014784705006734,14.876603513336388,14.96520667860981,50000
2014-01-21,14.96520667860981,15.32365159153023,14.75347295608906,15.142699198921974,71365
2014-01-22,15.142699198921974,15.470679384569097,15.052245447152814,15.420446883973058,50000
2014-01-23,15.420446883973058,15.591599339115131,15.218868701079955,15.289520698702274,50000
2014-01-24,15.289520698702274,15.532831801231138,15.215517551732052,15.375913052367023,50000
2014-01-27,15.375913052367023,15.785422211832483,15.147060899192283,15.686005195409878,50000
2014-01-28,15.686005195409878,15.750211240409618,15.564162403915327,15.629072167875782,92791
2014-01-29,15.629072167875782,15.672119777186605,15.61245602923698,15.65279355553752,50000
2014-01-30,15.65279355553752,15.722813285052545,15.445739731362996,15.49468326126533,76461
2014-01-31,15.49468326126533,15.679705251719184,15.48060160236664,15.666233324768987,64931
2014-02-03,15.666233324768987,15.767563867424567,15.215538730978922,15.220856898745671,50000
2014-02-04,15.220856898745671,15.737272742111227,15.108316246801692,15.645572509034837,61631
2014-02-05,15.645572509034837,16.04849280489079,15.543615177530357,15.966315774119208,50000
2014-02-06,15.966315774119208,16.3427466017905,15.883278510376936,16.271870687940382,113127
2014-02-07,16.271870687940382,16.422371447395946,16.00069022254526,16.105241491665133,50000
2014-02-10,16.105241491665133,16.151795741890957,15.928050852474932,15.970583039433468,50000
2014-02-11,15.970583039433468,16.27310307786305,15.817477848475,16.175433974937665,59296
2014-02-12,16.175433974937665,16.19841958120983,15.738670342628962,15.751622764186274,50000
2014-02-13,15.751622764186274,15.886200073436923,15.435529939377272,15.443554460425357,50000
2014-02-14,15.443554460425357,15.527468723126534,15.336618106088233,15.413203637090168,50837
2014-02-17,15.413203637090168,15.709132907728883,15.405667955639911,15.572868137165049,50000
2014-02-18,15.572868137165049,16.017930086283517,15.442982872532776,15.956340057407953,81332
2014-02-19,15.956340057407953,16.065144952788124,15.705949907356468,15.879829778181099,50000
2014-02-20,15.879829778181099,16.369733403281927,15.794249125772385,16.27063094864685,50000
2014-02-21,16.27063094864685,16.49197487261206,16.230259036801936,16.365940574457767,50000
2014-02-24,16.365940574457767,16.652167995136487,16.337116184243236,16.595255137813417,90322
2014-02-25,16.595255137813417,16.842333541780928,16.594102207552023,16.80315389470592,50000
2014-02-26,16.80315389470592,16.90030898692347,16.70408907643616,16.76962422201327,50000
2014-02-27,16.76962422201327,17.207911525196263,16.64295445340975,17.058708439511715,54944
2014-02-28,17.058708439511715,17.421082342315472,16.81925122489538,17.390049346022288,50000
2014-03-03,17.390049346022288,17.48703217039119,17.05420909662962,17.16851823865102,103557
2014-03-04,17.16851823865102,17.246208563264815,16.738644460157868,16.825993055255612,50000
2014-03-05,16.825993055255612,16.859772243323178,16.69272849776865,16.715969794681275,62492
2014-03-06,16.715969794681275,16.885397304812116,16.573691154381265,16.613885590810114,50000
2014-03-07,16.613885590810114,16.640439931610725,16.35204636395281,16.462853554951224,174817
2014-03-10,16.462853554951224,16.512558196142532,16.180224902255794,16.295270094466137,72791
2014-03-11,16.295270094466137,16.589715804290964,16.09492064496951,16.574875680796055,50000
2014-03-12,16.574875680796055,16.788513707197836,16.557366552058756,16.76813190456399,50000
2014-03-13,16.76813190456399,16.812958849764644,16.459412130739203,16.483886518645782,56731
2014-03-14,16.483886518645782,16.629760043613015,16.35137879200498,16.625833485742127,69418
2014-03-17,16.625833485742127,17.000747524771853,16.567349453103894,16.895830819772797,143843
2014-03-18,16.895830819772797,16.970301026536667,16.852503452520832,16.928513764221066,50000
2014-03-19,16.928513764221066,17.33059876826568,16.89761559390844,17.27306497688614,50000
2014-03-20,17.27306497688614,17.624068138065788,17.200262229116984,17.460465131706226,50000
2014-03-21,17.460465131706226,17.625332405528045,17.452967293096677,17.484744430523108,61071
2014-03-24,17.484744430523108,17.73259850092063,17.483069904384305,17.68998402731414,50000
2014-03-25,17.68998402731414,17.803388370091643,17.513607333818086,17.72793040264992,218639
2014-03-26,17.72793040264992,18.087466688872937,17.64896648784489,18.07427201287006,85388
2014-03-27,18.07427201287006,18.096393233456784,17.46084404474866,17.642556108651323,69268
2014-03-28,17.642556108651323,17.87025331425899,17.51405852939163,17.830171108702153,50000
2014-03-31,17.830171108702153,17.873210818989918,17.656262063257948,17.701510198425982,107343
2014-04-01,17.701510198425982,17.808113654746247,17.60539897131031,17.65844700724354,50000
2014-04-02,17.65844700724354,18.018337057976467,17.604252142313527,17.864037069742157,73591
2014-04-03,17.864037069742157,17.932439666821388,17.586842452661635,17.89719091204645,50000
2014-04-04,17.89719091204645,18.474165763526173,17.89152629309703,18.33628125908498,50000
2014-04-07,18.33628125908498,18.35691016596104,18.005515928313407,18.197493851338855,50000
2014-04-08,18.197493851338855,18.26800654456085,17.816338871636557,18.022509912367582,96898
2014-04-09,18.022509912367582,18.16874921607778,17.85859148017998,18.07546186749407,105251
2014-04-10,18.07546186749407,18.314275266077573,17.85377648302267,18.3025599137641,50000
2014-04-11,18.3025599137641,18.563188072097887,18.250945089522553,18.516259680664344,50000
2014-04-14,18.516259680664344,18.868274411892617,18.470213470152373,18.743227715542044,66449
2014-04-15,18.743227715542044,19.10904800190027,18.61720947904401,19.104036033122046,81283
2014-04-16,19.104036033122046,19.458690956809917,18.957115590541264,19.37679210260707,66626
2014-04-17,19.37679210260707,19.774769313791808,19.34562500743011,19.637028109429565,50000
2014-04-18,19.637028109429565,19.871787777573022,19.61175085404763,19.79921909246086,50000
2014-04-21,19.79921909246086,19.928975713305903,19.45009615688312,19.531161857385587,50000
2014-04-22,19.531161857385587,19.58588417384428,19.444293460952114,19.452635198588137,50000
2014-04-23,19.452635198588137,19.659458283981632,19.321041503168303,19.637486570071246,104198
2014-04-24,19.637486570071246,19.734189284376118,19.2836452702539,19.452854548441863,51587
2014-04-25,19.452854548441863,19.50490792435605,19.39414559858224,19.40012356479818,50000
2014-04-28,19.40012356479818,19.762576706982408,19.379467024355417,19.71824875042819,50000
2014-04-29,19.71824875042819,20.167379488314978,19.667425914110666,20.078784883238903,52965
2014-04-30,20.078784883238903,20.107728708474717,19.582584700062768,19.881430302139634,50000
2014-05-01,19.881430302139634,19.932606570259907,19.502919761398235,19.59396777156043,50000
2014-05-02,19.59396777156043,19.653025856191785,19.275971574162295,19.442820423987794,50000
2014-05-05,19.442820423987794,19.547557952110648,19.17991941402897,19.439260156821856,50000
2014-05-06,19.439260156821856,19.478119903989477,19.17140183564856,19.361926985302553,50000
2014-05-07,19.361926985302553,20.06929614254883,19.196241961332046,20.00677708109468,50000
2014-05-08,20.00677708109468,20.155468476741188,19.78530797141069,20.081774444333888,50000
2014-05-09,20.081774444333888,20.513200775003806,20.060088914640307,20.45227909477132,74457
2014-05-12,20.45227909477132,20.6651017142263,20.279466016493586,20.391524528791994,50000
2014-05-13,20.391524528791994,20.40005575751959,19.917491800233513,20.07031262599345,50000
2014-05-14,20.07031262599345,20.080237083560338,19.864961512711808,19.996020333315638,50000
2014-05-15,19.996020333315638,20.21573137859972,19.757184133848252,20.080047344923923,50000
2014-05-16,20.080047344923923,20.634521780669296,20.01004722873427,20.385397191620324,50000
2014-05-19,20.385397191620324,20.50781478021669,19.80600339361283,20.002036723833445,50000
2014-05-20,20.002036723833445,20.027970389254943,19.898393955969404,19.957766136999826,50000
2014-05-21,19.957766136999826,20.038050454529476,19.750489556058632,19.792564328103765,50000
2014-05-22,19.792564328103765,19.804481798759316,19.755751073384165,19.76107340831134,62943
2014-05-23,19.76107340831134,19.76924154690731,19.54492126152711,19.639642485337244,50000
2014-05-26,19.639642485337244,19.88036427534791,19.53030465152313,19.765821416883217,50000
2014-05-27,19.765821416883217,19.846564013045825,19.715905081225714,19.79889156441766,50000
2014-05-28,19.79889156441766,20.545881949282954,19.793145765555803,20.281308665630124,50000
2014-05-29,20.281308665630124,20.54240942274942,20.157259271508735,20.42367970727508,50000
2014-05-30,20.42367970727508,20.674344114960125,20.30218670189526,20.41904777331832,50000
2014-06-02,20.41904777331832,21.150445884735458,20.393457161764978,21.12515833960457,50000
2014-06-03,21.12515833960457,21.153729619733717,20.88942218010219,20.907449801589554,237611
2014-06-04,20.907449801589554,21.155596179961556,20.634522894344055,20.711281318764602,50000
2014-06-05,20.711281318764602,20.760625003201685,20.662886882275217,20.71700288605038,50000
2014-06-06,20.71700288605038,20.94929795274179,20.37919985266955,20.761769738594666,75909
2014-06-09,20.761769738594666,20.83811322749119,20.71267233935282,20.759762256520265,50000
2014-06-10,20.759762256520265,21.31165056231403,20.691926561447477,21.281982227380432,70101
2014-06-11,21.281982227380432,21.456054169196268,20.680806205525407,20.70014945235852,50000
2014-06-12,20.70014945235852,20.727973339921885,20.492163021448953,20.526464294015188,50000
2014-06-13,20.526464294015188,20.550019820877942,19.99032132641278,20.194829514948946,50000
2014-06-16,20.194829514948946,20.311028413567403,20.01986891074488,20.0407642074835,50000
2014-06-17,20.0407642074835,20.157323195821462,19.710051995285163,19.912611429498025,50000
2014-06-18,19.912611429498025,19.97977391871685,19.443377877356966,19.616479385202428,50000
2014-06-19,19.616479385202428,19.721786104821913,19.453080663016458,19.46408680634811,50000
2014-06-20,19.46408680634811,19.46596489282602,19.186584660691086,19.24337298145932,67176
2014-06-23,19.24337298145932,19.93045263759541,19.13380416131038,19.752442124958698,50000
2014-06-24,19.752442124958698,20.15210579155538,19.468012741518905,20.031933269739028,61146
2014-06-25,20.031933269739028,20.256203025515777,19.97315302882816,20.031637839491246,50000
2014-06-26,20.031637839491246,20.356768250989322,19.96164177554516,20.176325367246694,50000
2014-06-27,20.176325367246694,20.26617602992749,20.03525672590126,20.04424355334582,50000
2014-06-30,20.04424355334582,20.16781628890984,19.378842228142176,19.404893169839685,50000
2014-07-01,19.404893169839685,19.484164775548322,19.225688510005487,19.433775647715258,50000
2014-07-02,19.433775647715258,19.579263291339338,19.16822165943702,19.226258133562492,50000
2014-07-03,19.226258133562492,19.42645763911583,19.10506220499045,19.28163331687516,50000
2014-07-04,19.28163331687516,19.547954479761593,18.951969778877196,19.11391773874382,57642
2014-07-07,19.11391773874382,19.232606732485625,18.894325721557124,18.89767604290315,50000
2014-07-08,18.89767604290315,18.95736014759279,18.758419970402564,18.866450055020582,93745
2014-07-09,18.866450055020582,19.201827407209823,18.830881643856515,19.08706840561086,50000
2014-07-10,19.08706840561086,19.141051045910526,18.842527221904046,18.8454822151897,75229
2014-07-11,18.8454822151897,18.97170302070357,18.430020576749566,18.551372498382587,50000
2014-07-14,18.551372498382587,18.839896731528853,18.439068274083592,18.75062336136551,50000
2014-07-15,18.75062336136551,19.013170581427268,18.614806624137117,18.865772457647733,50000
2014-07-16,18.865772457647733,19.47677589869654,18.864784469354806,19.27688462578876,50000
2014-07-17,19.27688462578876,19.334436363626104,19.24564817729799,19.28558171150987,50000
2014-07-18,19.28558171150987,19.287682622669983,18.8312194267691,18.904453773780723,77597
2014-07-21,18.904453773780723,19.0563647020264,18.88326640781007,18.99982106113719,50000
2014-07-22,18.99982106113719,19.235280075221212,18.984442939860653,19.092756220391117,50000
2014-07-23,19.092756220391117,19.56249301358018,19.051162344837064,19.432480198940603,50000
2014-07-24,19.432480198940603,19.61981901005354,19.417368038433768,19.54067679800818,50000
2014-07-25,19.54067679800818,19.86697127338131,19.398620565455555,19.85583871354282,89554
2014-07-28,19.85583871354282,20.02142380027536,19.845955046573142,19.916394169769173,50000
2014-07-29,19.916394169769173,20.225924912963006,19.747041589637448,20.033306340578566,50000
2014-07-30,20.033306340578566,20.44926915288645,19.95165235914977,20.33087617488436,50000
2014-07-31,20.33087617488436,20.763053904432525,20.270231574513172,20.67611650634612,50000
2014-08-01,20.67611650634612,21.26120581776992,20.618356579471435,21.12366753365182,91618
2014-08-04,21.12366753365182,21.1648361670403,20.603559373283574,20.90054615473559,87505
2014-08-05,20.90054615473559,21.075988128628193,20.663522557224063,20.685553643347852,50000
2014-08-06,20.685553643347852,20.954549270758047,20.595465126520146,20.872128423352688,92179
2014-08-07,20.872128423352688,21.020756058285457,20.66167953319243,20.712306188013507,50000
2014-08-08,20.712306188013507,20.845535604254664,20.322704333022283,20.353094635017147,178620
2014-08-11,20.353094635017147,20.553767250230674,20.32505918734806,20.384199878904276,53172
2014-08-12,20.384199878904276,20.706324461411988,20.26213570482734,20.59647713254837,74018
2014-08-13,20.59647713254837,20.722547286004552,20.444050767895693,20.488649843172187,88096
2014-08-14,20.488649843172187,20.705260512702882,20.12627882110331,20.167207501938993,50000
2014-08-15,20.167207501938993,20.249195858679883,19.890917664296758,20.152805709076524,55874
2014-08-18,20.152805709076524,20.398920597811205,19.581773586161056,19.642525419273582,50000
2014-08-19,19.642525419273582,19.69553493828386,19.27815645304314,19.299623156810416,50000
2014-08-20,19.299623156810416,20.04092745556051,19.246327606585687,19.85966368716207,64656
2014-08-21,19.85966368716207,20.141504414958813,19.74415852446647,20.139608407634366,89973
2014-08-22,20.139608407634366,20.35448804555492,20.116430726513165,20.212250205172012,50000
2014-08-25,20.212250205172012,20.45159837583165,20.101772662380867,20.243620623990477,50000
2014-08-26,20.243620623990477,20.48959786142755,20.225066818524283,20.24147740925484,50000
2014-08-27,20.24147740925484,20.407298105175915,19.82881496706896,19.838345601536894,50000
2014-08-28,19.838345601536894,20.082361114827904,19.19677597022855,19.326524682395803,50000
2014-08-29,19.326524682395803,19.60095892767115,18.969937502769838,19.106231519440435,54893
2014-09-01,19.106231519440435,19.28221339550882,18.70784674042271,18.73642562317992,50000
2014-09-02,18.73642562317992,18.787760852177374,18.089670220468673,18.1734674157877,63251
2014-09-03,18.1734674157877,18.199269629532008,17.73277144333001,17.73493523396293,50000
2014-09-04,17.73493523396293,18.273278047830605,17.711069914532512,18.27104282372312,50000
2014-09-05,18.27104282372312,18.369826144883707,17.977721739963876,17.98336138896657,50148
2014-09-08,17.98336138896657,18.528538072326423,17.75334401958055,18.316928026766153,50000
2014-09-09,18.316928026766153,18.428049746776594,18.180797579670934,18.315906008588293,50000
2014-09-10,18.315906008588293,18.465116310711824,18.27628027193992,18.410653317995084,50000
2014-09-11,18.410653317995084,18.41237430091609,18.28161988749135,18.302470252264076,50000
2014-09-12,18.302470252264076,18.37709096480046,18.29693167885321,18.34105193092464,50000
2014-09-15,18.34105193092464,18.609229845462448,18.164753442166987,18.550081719838253,50000
2014-09-16,18.550081719838253,18.589149053046366,18.189542183584567,18.215140488751832,60001
2014-09-17,18.215140488751832,18.250074999463994,18.06329168178812,18.064283400981747,50000
2014-09-18,18.064283400981747,18.323673874146206,17.980993273451464,18.230271978473066,50000
2014-09-19,18.230271978473066,18.23119017077451,18.007793728036777,18.220496299479453,50000
2014-09-22,18.220496299479453,18.287914411873274,17.682753432612163,17.704991873155336,78995
2014-09-23,17.704991873155336,17.834152163045946,17.075444271336536,17.197805521272148,50000
2014-09-24,17.197805521272148,17.363567453960933,17.032044146250232,17.287817446112072,73590
2014-09-25,17.287817446112072,17.433658463348394,17.191255644201284,17.36955662303127,50000
2014-09-26,17.36955662303127,17.399280210436967,17.173774856969636,17.339374034061454,50000
2014-09-29,17.339374034061454,17.340044146317833,17.165474902622133,17.315779215176885,50000
2014-09-30,17.315779215176885,17.489377621168885,17.175272769923062,17.476731015319945,50000
2014-10-01,17.476731015319945,17.64428966827931,17.303936909550508,17.599222376483223,50000
2014-10-02,17.599222376483223,17.738044954585245,17.56467484919517,17.646005620255945,50000
2014-10-03,17.646005620255945,18.26040984941847,17.643090374845112,18.161956068413065,50000
2014-10-06,18.161956068413065,18.270182700019692,17.66089721602632,17.902841487244224,123692
2014-10-07,17.902841487244224,18.198809611291068,17.777636239110336,18.162059096584123,64063
2014-10-08,18.162059096584123,18.50951566926815,18.007352833417126,18.263937331782838,101967
2014-10-09,18.263937331782838,18.76134182329549,18.12117109414911,18.555084442712225,50000
2014-10-10,18.555084442712225,18.615434389644086,18.303094505284534,18.31719071133507,55640
2014-10-13,18.31719071133507,18.517343159343756,17.91194010071071,17.975755581840627,50000
2014-10-14,17.975755581840627,18.12491899767772,17.731893758905112,17.737508396748293,67504
2014-10-15,17.737508396748293,17.843543463110002,17.709947819222197,17.724106766239856,50000
2014-10-16,17.724106766239856,17.76015460939317,17.122320993645914,17.150945471457234,51335
2014-10-17,17.150945471457234,17.436281789602685,17.051473576973706,17.37906521124314,53945
2014-10-20,17.37906521124314,17.704005766948956,17.33610392111175,17.59286087527117,72031
2014-10-21,17.59286087527117,17.635718288280614,17.197264701639607,17.2062284927759,50000
2014-10-22,17.2062284927759,17.410918097484693,17.124035003599882,17.157300096790454,92370
2014-10-23,17.157300096790454,17.2718906936424,16.95675306914751,17.018628355729767,58819
2014-10-24,17.018628355729767,17.10828098733966,16.884961532161746,17.078582533860665,50000
2014-10-27,17.078582533860665,17.184678763624106,16.9189740653519,17.148465660332263,50000
2014-10-28,17.148465660332263,17.36986550564726,16.969639622773872,17.082078765980995,50000
2014-10-29,17.082078765980995,17.7229742667208,17.03313664900305,17.59118771152698,50000
2014-10-30,17.59118771152698,17.630128908980563,17.438841414581958,17.57951485370057,50000
2014-10-31,17.57951485370057,17.768777825575448,17.48778712454587,17.74650550329859,50000
2014-11-03,17.74650550329859,17.79695466583052,17.21084228038961,17.39049765869899,81354
2014-11-04,17.39049765869899,17.509492377411334,17.27098985353782,17.4845482549261,50000
2014-11-05,17.4845482549261,17.547135685752874,17.130519166973514,17.215824919072457,50000
2014-11-06,17.215824919072457,17.542552684470014,17.185814348215366,17.51739026799815,50000
2014-11-07,17.51739026799815,17.613407132355544,17.02621131553931,17.214530259048534,50000
2014-11-10,17.214530259048534,17.288116575727457,17.08337727112022,17.17041133886669,60854
2014-11-11,17.17041133886669,17.356110107498537,17.156852097962297,17.24848933456032,50000
2014-11-12,17.24848933456032,17.45893634374387,17.18022820561324,17.391473346104814,50000
2014-11-13,17.391473346104814,17.629333311078632,17.29181390640932,17.606255739907812,50000
2014-11-14,17.606255739907812,18.1790273291911,17.470786559838952,18.006413829011066,50000
2014-11-17,18.006413829011066,18.34091103870383,17.884081633956754,18.31675786575097,55344
2014-11-18,18.31675786575097,18.757604296472305,18.189192197770588,18.661728242056622,125075
2014-11-19,18.661728242056622,18.663104248991107,18.513172261949943,18.625224016977384,50000
2014-11-20,18.625224016977384,18.791871107927584,18.38832268141401,18.48720197445164,50000
2014-11-21,18.48720197445164,18.616952690387194,18.29209281207813,18.612965291632655,63936
2014-11-24,18.612965291632655,18.614112626603983,18.470156357535213,18.53064953705298,50000
2014-11-25,18.53064953705298,18.91915881217468,18.515651674556594,18.908373204894477,50000
2014-11-26,18.908373204894477,19.12168814716478,18.84600864502556,19.027560503018815,53426
2014-11-27,19.027560503018815,19.10329049730615,18.893208082717845,18.99859888948383,59412
2014-11-28,18.99859888948383,19.6982977116384,18.99131531089473,19.61589728958924,50000
2014-12-01,19.61589728958924,19.674723237176064,18.58801610229773,18.80583292334816,50000
2014-12-02,18.80583292334816,18.90026236665072,17.850572963736766,17.873016777064805,50000
2014-12-03,17.873016777064805,18.27748256914439,17.67963581459824,18.180017351582308,50000
2014-12-04,18.180017351582308,18.18176381966383,17.79375676407572,17.831106182743518,50000
2014-12-05,17.831106182743518,18.12552360900613,17.82764711653826,17.890012158868924,50000
2014-12-08,17.890012158868924,17.96030927381791,17.574657395835672,17.57917747070372,56177
2014-12-09,17.57917747070372,18.116440375180325,17.543127209025307,17.894495504558314,50000
2014-12-10,17.894495504558314,18.36143861500158,17.7632848479643,18.340592852735917,50000
2014-12-11,18.340592852735917,18.70096543556862,18.331564853999506,18.644262617848277,62859
2014-12-12,18.644262617848277,19.07369513943549,18.633043476199024,18.96716564014787,50000
2014-12-15,18.96716564014787,19.044151230160153,18.572188266368155,18.777302113578216,50000
2014-12-16,18.777302113578216,18.854420046271333,18.29698904908892,18.380577635904263,50000
2014-12-17,18.380577635904263,18.561331166114556,17.586938940059664,17.648987203107012,86046
2014-12-18,17.648987203107012,17.686278362512795,17.366472407946336,17.43509927120047,66446
2014-12-19,17.43509927120047,17.480447503965696,17.327861285608027,17.337184250586947,70644
2014-12-22,17.337184250586947,17.350741496594868,16.682867686413648,16.73580558146138,50000
2014-12-23,16.73580558146138,16.85661447770344,16.688350772243066,16.76069110075838,60474
2014-12-24,16.76069110075838,16.79445792920403,16.2155694639401,16.375116996550204,114299
2014-12-25,16.375116996550204,16.418226375672365,15.92450494027999,16.036115960300478,50000
2014-12-26,16.036115960300478,16.170430104206197,15.883978146580874,15.983486053096088,50000
2014-12-29,15.983486053096088,16.047098774688607,15.664003313030566,15.762041185192963,50000
2014-12-30,15.762041185192963,16.10964014986012,15.710087016077074,16.06837143214279,50000
2014-12-31,16.06837143214279,16.090100822558586,15.85700928547014,15.87995152983809,50000
2015-01-01,15.87995152983809,16.013529496899668,15.807045312481598,15.90062163393205,50000
2015-01-02,15.90062163393205,15.934009383483426,15.452222181911646,15.460919682964066,50000
2015-01-05,15.460919682964066,15.58834795145435,15.317369395757913,15.400376036744241,130336
2015-01-06,15.400376036744241,15.800895281398555,15.345215315401003,15.671014987736474,55368
2015-01-07,15.671014987736474,15.859004805416268,14.904019559023514,14.976723214120245,202425
2015-01-08,14.976723214120245,15.041891064622492,14.637707294305713,14.726006472339801,50000
2015-01-09,14.726006472339801,14.736300973121294,14.553159310101474,14.554272414881428,50000
2015-01-12,14.554272414881428,14.87797953139981,14.497685801905563,14.874685146159296,50000
2015-01-13,14.874685146159296,15.122005764641138,14.763528454891677,14.980577852368821,50000
2015-01-14,14.980577852368821,15.134411258440556,14.972185598575177,14.978748161243992,50000
2015-01-15,14.978748161243992,15.079941001191681,14.699626859763109,14.73258962373642,73889
2015-01-16,14.73258962373642,15.466819992575756,14.613105509247063,15.30812793209319,50000
2015-01-19,15.30812793209319,15.634673962847279,15.288848165974352,15.503605743042023,50000
2015-01-20,15.503605743042023,15.569678497769425,15.371098671302343,15.564740724296298,50000
2015-01-21,15.564740724296298,15.625842882658807,15.378742118333536,15.441922536413514,50000
2015-01-22,15.441922536413514,15.813829347838487,15.383458014143239,15.77841242861188,92856
2015-01-23,15.77841242861188,15.800495086698708,15.52201224174328,15.53892508343162,58570
2015-01-26,15.53892508343162,15.659269457949975,15.131980944453156,15.235401163471739,75534
2015-01-27,15.235401163471739,15.323140285029877,15.098147195452198,15.305107875104069,50000
2015-01-28,15.305107875104069,15.402439410139303,14.802380674153438,14.905934991005093,58334
2015-01-29,14.905934991005093,15.322454390844433,14.884173272070242,15.218796102444347,50000
2015-01-30,15.218796102444347,15.734860298805527,15.174188976047628,15.62717687457129,53205
2015-02-02,15.62717687457129,15.73582177864633,15.40345914211767,15.544934974223345,50000
2015-02-03,15.544934974223345,15.595836426031626,14.852810985168935,14.978380283144972,50000
2015-02-04,14.978380283144972,15.028346303706618,14.770472687402611,14.798796543896435,130060
2015-02-05,14.798796543896435,15.125185802066298,14.647075615563203,15.009561301596335,50000
2015-02-06,15.009561301596335,15.094449068171444,14.317332018083695,14.360086911077412,50000
2015-02-09,14.360086911077412,14.531637667407217,14.175357727538406,14.484195174095646,50000
2015-02-10,14.484195174095646,14.64373987203219,14.41145409383166,14.63549510311405,54161
2015-02-11,14.63549510311405,14.913152836034255,14.588319173593252,14.754008965756345,70582
2015-02-12,14.754008965756345,14.883398598961142,14.495520834804253,14.548290651373339,50000
2015-02-13,14.548290651373339,15.251612419584701,14.316163813924865,15.193330725027069,118773
2015-02-16,15.193330725027069,15.26866173298015,14.999298720519796,15.196887659708416,83090
2015-02-17,15.196887659708416,15.541349083243423,15.191665056744002,15.53693753161945,50000
2015-02-18,15.53693753161945,16.18190718597536,15.503848026478577,16.087864899117253,50000
2015-02-19,16.087864899117253,16.227559050646963,16.07653890457765,16.2040981638349,50000
2015-02-20,16.2040981638349,16.41837398346595,16.094461262853457,16.31890582561778,59389
2015-02-23,16.31890582561778,16.52290075839993,16.222120341167525,16.470364538739073,50000
2015-02-24,16.470364538739073,16.5898705897529,16.288090587615205,16.309293597894225,50000
2015-02-25,16.309293597894225,16.585788376547594,16.17174043121047,16.495537965000285,50000
2015-02-26,16.495537965000285,16.757693853824552,16.43366886426783,16.56517725195458,109589
2015-02-27,16.56517725195458,16.914477603379662,16.363732587492127,16.794055021433444,187177
2015-03-02,16.794055021433444,16.85020881443532,16.675120227609106,16.821858195667954,50000
2015-03-03,16.821858195667954,16.87492042682277,16.6449191657891,16.677891384147667,111169
2015-03-04,16.677891384147667,16.83666821765115,16.66960379405594,16.700954679903056,50000
2015-03-05,16.700954679903056,16.733820214438982,16.31917523766552,16.369413579378744,50000
2015-03-06,16.369413579378744,16.431167025196235,16.274057214423028,16.404585269778714,50000
2015-03-09,16.404585269778714,16.50146578850726,16.329298423586792,16.44304149419769,50000
2015-03-10,16.44304149419769,16.470873078571536,16.321943891043688,16.384459645351594,50000
2015-03-11,16.384459645351594,16.52650913922684,16.283957651226526,16.47626344982815,77524
2015-03-12,16.47626344982815,16.8648475316347,16.46002648285506,16.70864712389929,135444
2015-03-13,16.70864712389929,16.81565396859667,16.668634561714658,16.775084549105845,50000
2015-03-16,16.775084549105845,16.792352684229865,16.708702635364382,16.748921956403358,51940
2015-03-17,16.748921956403358,16.753852533965844,16.43476062073989,16.48087531789669,59998
2015-03-18,16.48087531789669,16.625758855656425,16.387909826305773,16.504775749533902,50000
2015-03-19,16.504775749533902,16.636093919675663,16.357544032894086,16.441619837406606,50000
2015-03-20,16.441619837406606,16.677099116720026,16.30026925979523,16.371871856594016,50000
2015-03-23,16.371871856594016,16.575066126484806,16.365028058059938,16.5468417530336,53809
2015-03-24,16.5468417530336,16.630348863649818,15.886068345734147,16.036989654759424,50000
2015-03-25,16.036989654759424,16.229834250250235,15.961179538828695,16.174220383924702,50000
2015-03-26,16.174220383924702,16.314991937940803,15.850858075211773,15.87564280182311,50000
2015-03-27,15.87564280182311,15.89233329138581,15.746903624319026,15.763383079174528,50000
2015-03-30,15.763383079174528,15.977754186151467,15.525028639099824,15.559178521269914,50000
2015-03-31,15.559178521269914,16.09015404778238,15.488641503551495,16.08556472012216,50000
2015-04-01,16.08556472012216,16.093752628503815,16.004284375812844,16.045829890704102,50000
2015-04-02,16.045829890704102,16.304008038508876,16.033193246322647,16.281648656952466,50000
2015-04-03,16.281648656952466,16.33284662464364,16.013082522811676,16.018577083994526,50000
2015-04-06,16.018577083994526,16.2418772155024,15.958850009226703,16.14655494772368,50000
2015-04-07,16.14655494772368,16.53511364731041,16.103236181796447,16.489904131041342,52032
2015-04-08,16.489904131041342,16.54258157544172,16.38844573485445,16.398475301604492,74651
2015-04-09,16.398475301604492,16.760323766693844,16.284823202436748,16.55433925678507,170968
2015-04-10,16.55433925678507,16.802663499804723,16.451967000635562,16.68697658713837,75139
2015-04-13,16.68697658713837,17.19350826277926,16.505310859978195,17.089493211036704,50000
2015-04-14,17.089493211036704,17.176211740481666,16.684698189213513,16.95413570774446,84544
2015-04-15,16.95413570774446,17.002108619106775,16.844989398255,16.954030471542165,50000
2015-04-16,16.954030471542165,17.293717673320206,16.894902803681266,17.25212035073045,50000
2015-04-17,17.25212035073045,17.815308719395574,17.135741333398613,17.81053286975995,50000
2015-04-20,17.81053286975995,17.898308822351243,16.993543346339184,17.022115375304004,50000
2015-04-21,17.022115375304004,17.410225808525688,16.865911368931418,17.14821858507718,50000
2015-04-22,17.14821858507718,17.264421038278716,16.92421480424068,16.97544913752528,50000
2015-04-23,16.97544913752528,16.98954810848654,16.663812571752622,16.765674430373295,50000
2015-04-24,16.765674430373295,17.24249160256729,16.62809056441487,17.21551083976526,50000
2015-04-27,17.21551083976526,17.87316218197976,16.998085954416975,17.857775069784296,50000
2015-04-28,17.857775069784296,17.89045345674892,17.33789467243946,17.40398386061552,76989
2015-04-29,17.40398386061552,17.483297469745242,17.102732735807134,17.14192368038442,50000
2015-04-30,17.14192368038442,17.171320881189537,16.65466973308569,16.7765380300776,50000
2015-05-01,16.7765380300776,16.89979100152157,16.59982284286409,16.669221837463084,63208
2015-05-04,16.669221837463084,17.041073814127884,16.6519563343862,17.009300771644103,50000
2015-05-05,17.009300771644103,17.076702457822012,16.896403424927996,16.901195645525412,50000
2015-05-06,16.901195645525412,17.207951631228667,16.89891454312614,17.018894856800927,50000
2015-05-07,17.018894856800927,17.127846420843742,16.61145637844449,16.71445291956734,50000
2015-05-08,16.71445291956734,17.298428487466797,16.636549450363546,17.192000471748166,50000
2015-05-11,17.192000471748166,17.608806001573814,17.123990260156955,17.45980990446169,55030
2015-05-12,17.45980990446169,17.564639130903423,17.21643061376587,17.539043461162528,50000
2015-05-13,17.539043461162528,17.77866399751982,17.377069891565327,17.381402815070917,50000
2015-05-14,17.381402815070917,17.38438321419186,17.241951369327918,17.321624291948506,50000
2015-05-15,17.321624291948506,17.67422808512848,17.30904936088007,17.540942587715502,256708
2015-05-18,17.540942587715502,17.85647184254107,17.48589688368187,17.851381778224173,53385
2015-05-19,17.851381778224173,18.077703673559864,17.700196694439438,17.9204853474113,50000
2015-05-20,17.9204853474113,18.031046786999678,17.707826405450906,17.73100032243185,50000
2015-05-21,17.73100032243185,17.74597960122556,17.573725580247363,17.618514418085066,68972
2015-05-22,17.618514418085066,17.77574434809263,17.40498203170601,17.75635880874778,50000
2015-05-25,17.75635880874778,17.91470883459538,17.69779807001822,17.707357370074256,50000
2015-05-26,17.707357370074256,17.815141161769986,17.575045048434163,17.79175472334235,50000
2015-05-27,17.79175472334235,18.201929674537148,17.71525288261089,18.08090404144934,50000
2015-05-28,18.08090404144934,18.08148853543228,17.823851469830416,17.892751448129236,50000
2015-05-29,17.892751448129236,17.925527573658748,17.61113538313267,17.634873347603282,50000
2015-06-01,17.634873347603282,17.866234850682492,17.58754215987364,17.782176293462026,50000
2015-06-02,17.782176293462026,17.81540652921804,17.533011018985608,17.56015003499588,50000
2015-06-03,17.56015003499588,17.8935592637778,17.51908840309801,17.74895897255915,50000
2015-06-04,17.74895897255915,17.874590438113067,17.70525553220828,17.77253491074309,63544
2015-06-05,17.77253491074309,17.931906019672343,17.712354124300287,17.749334016776373,50000
2015-06-08,17.749334016776373,18.634694053997556,17.502926047499475,18.45950050182863,50000
2015-06-09,18.45950050182863,18.865133212211322,18.37579804124746,18.82166700952628,50000
2015-06-10,18.82166700952628,19.184010754701895,18.735737048313798,19.147505180650374,50000
2015-06-11,19.147505180650374,19.24279051570244,19.116605210744908,19.187706804940298,50000
2015-06-12,19.187706804940298,19.408651261612796,19.162482036557233,19.335930873623006,50000
2015-06-15,19.335930873623006,19.410346333463167,18.964052619649152,19.047696436372274,50000
2015-06-16,19.047696436372274,19.059437381312232,19.000971578069862,19.026086562459447,78893
2015-06-17,19.026086562459447,19.409821522486308,18.824937023617476,19.355545073524723,50000
2015-06-18,19.355545073524723,19.383970931577228,19.200014229550177,19.229204542864867,50000
2015-06-19,19.229204542864867,19.269064904590557,19.05734729319953,19.20045489669808,50000
2015-06-22,19.20045489669808,19.676407001042957,19.18481326480086,19.524839314505197,50000
2015-06-23,19.524839314505197,19.86743438282728,19.389324903321594,19.764326028886888,50000
2015-06-24,19.764326028886888,20.05167694571579,19.75237399347894,20.02649294854558,50000
2015-06-25,20.02649294854558,20.39745910938992,20.01844779061287,20.321148597560324,61280
2015-06-26,20.321148597560324,20.4430577845172,20.28150652154438,20.419460553850385,50000
2015-06-29,20.419460553850385,20.593729218954383,20.09960675416357,20.176151138370113,50000
2015-06-30,20.176151138370113,20.30184874833484,19.870420127260882,19.893867733627857,50000
2015-07-01,19.893867733627857,19.988885699821136,19.41189319645613,19.45438876488377,50000
2015-07-02,19.45438876488377,19.54128046146667,19.360836143771632,19.368789090219163,86253
2015-07-03,19.368789090219163,19.44463678448761,19.118925465688463,19.28773897671336,50000
2015-07-06,19.28773897671336,19.36300610788591,18.943028461175984,19.00442189557089,50000
2015-07-07,19.00442189557089,19.18401743322642,18.199171354764516,18.266329549834584,52133
2015-07-08,18.266329549834584,18.34529886350854,17.76477704556615,17.8196867829198,50000
2015-07-09,17.8196867829198,18.115294066690407,17.664658522564544,17.895510974247525,50000
2015-07-10,17.895510974247525,18.154270045712927,17.658984089876682,17.780552860679542,52420
2015-07-13,17.780552860679542,17.83937042201419,17.74614153778663,17.831384000944038,50000
2015-07-14,17.831384000944038,17.977298929647883,17.54174761188945,17.606273267884127,50000
2015-07-15,17.606273267884127,18.369875067604195,17.52675745654353,18.263938021500195,59560
2015-07-16,18.263938021500195,18.34175043823961,18.009979043609864,18.104204393143238,94788
2015-07-17,18.104204393143238,18.544450027419202,18.0053662336645,18.468855946420312,50000
2015-07-20,18.468855946420312,18.905554014218122,18.45823876825684,18.857085419914384,50000
2015-07-21,18.857085419914384,19.54393290937579,18.65865101360656,19.355730008326844,50000
2015-07-22,19.355730008326844,19.51091467666818,19.16823267658756,19.246828237022825,107223
2015-07-23,19.246828237022825,19.32326467360353,18.949667900305926,18.991995110818184,101493
2015-07-24,18.991995110818184,19.036093957500718,18.679347818543786,18.865547596767527,72197
2015-07-27,18.865547596767527,19.225417054918182,18.75027082123607,19.157868831382995,50000
2015-07-28,19.157868831382995,19.264551504379433,19.082054219660492,19.180389433690337,50000
2015-07-29,19.180389433690337,19.40699279998359,19.13547698557976,19.292085298858527,86282
2015-07-30,19.292085298858527,19.379931232773064,19.271977806933553,19.322077760934846,50000
2015-07-31,19.322077760934846,19.517247866445214,19.234499073550126,19.37275898157619,50000
2015-08-03,19.37275898157619,19.825038526369877,19.259861791909117,19.819030271970377,50000
2015-08-04,19.819030271970377,19.85596400433649,19.74439288514081,19.777652926903546,50000
2015-08-05,19.777652926903546,20.405388134156176,19.762967908360537,20.280167818712325,50000
2015-08-06,20.280167818712325,20.63445821740923,20.24334190231096,20.537674452778283,168627
2015-08-07,20.537674452778283,20.600146015223544,20.426637558231594,20.493996090032535,50000
2015-08-10,20.493996090032535,20.6194621259713,20.332330576202185,20.413641446189278,50000
2015-08-11,20.413641446189278,20.524629058205797,20.168566651090842,20.271258077774853,60004
2015-08-12,20.271258077774853,20.614018097249755,20.06668777743174,20.59251921468891,101709
2015-08-13,20.59251921468891,21.02509405755376,20.439708777563094,20.97566091531585,50000
2015-08-14,20.97566091531585,21.058947680389032,20.81106923862998,20.888767114278163,50000
2015-08-17,20.888767114278163,20.93108728296161,20.644111519229437,20.651328548415524,50000
2015-08-18,20.651328548415524,20.686262835386746,20.17999267391547,20.29199776456445,71137
2015-08-19,20.29199776456445,20.299301954722957,19.579227840968045,19.65776434493277,50000
2015-08-20,19.65776434493277,19.663115462066596,19.18797317955506,19.391290090497865,50000
2015-08-21,19.391290090497865,19.577128742106154,19.378147764393113,19.425933334359467,50000
2015-08-24,19.425933334359467,19.849192446840682,19.419688416765176,19.782096903801015,50000
2015-08-25,19.782096903801015,20.08066945919554,19.722126489903008,19.861144638922063,117236
2015-08-26,19.861144638922063,20.04695665797394,19.308301032125918,19.507805595026667,50000
2015-08-27,19.507805595026667,19.629718775743186,19.340762900375477,19.607129212612605,50000
2015-08-28,19.607129212612605,19.708835811420915,19.491994966082288,19.570441934669947,65454
2015-08-31,19.570441934669947,20.106019285146964,19.481312434749004,20.096859304501145,51927
2015-09-01,20.096859304501145,20.13277319149715,19.727977139799684,19.881523427897584,50000
2015-09-02,19.881523427897584,19.89795062629787,19.45497576682804,19.723933877485386,54323
2015-09-03,19.723933877485386,20.09360546321982,19.578143143620107,19.927986918146082,50000
2015-09-04,19.927986918146082,20.097504542255038,19.837209704257454,20.033469344492453,146513
2015-09-07,20.033469344492453,20.46777953762444,19.91419874151551,20.259219115994092,50000
2015-09-08,20.259219115994092,20.49133301663442,20.171001161429317,20.386017156688787,50000
2015-09-09,20.386017156688787,20.486026815404042,20.189951690068625,20.27729349722792,50000
2015-09-10,20.27729349722792,20.752995008348694,20.21986384548184,20.677903368319562,50000
2015-09-11,20.677903368319562,20.874806275509272,20.224821637116715,20.25674914773712,50000
2015-09-14,20.25674914773712,20.795208105496815,20.025102577247033,20.697676710153353,159714
2015-09-15,20.697676710153353,20.70276079257807,20.282409336980635,20.363835075553627,99352
2015-09-16,20.363835075553627,20.6519982095433,20.212989510328317,20.557983718258,50000
2015-09-17,20.557983718258,20.578644670091506,20.471534707776023,20.55284864165766,50000
2015-09-18,20.55284864165766,20.596290355448428,20.251427202162862,20.274053039515273,114890
2015-09-21,20.274053039515273,20.69504912245506,20.224834185373382,20.47995828813185,75822
2015-09-22,20.47995828813185,20.553361897073604,20.361000313161096,20.454770545653336,50000
2015-09-23,20.454770545653336,20.464854249133342,19.980104308020547,20.223848166991903,50000
2015-09-24,20.223848166991903,20.294946102107655,19.87992905546694,20.110410483452146,50000
2015-09-25,20.110410483452146,20.139485063463155,19.652719787302644,19.72328139879148,50000
2015-09-28,19.72328139879148,19.72578337619154,19.375325556051248,19.48388662321255,229784
2015-09-29,19.48388662321255,19.61436479253098,19.170907947634962,19.274038091336216,50000
2015-09-30,19.274038091336216,19.53772632372675,19.10340808404346,19.489772956030784,50000
2015-10-01,19.489772956030784,19.496430094236597,18.933527245611266,19.161305975209405,50000
2015-10-02,19.161305975209405,19.476493787340257,19.105442794543183,19.45444260937284,50000
2015-10-05,19.45444260937284,19.52498386049538,19.025596396883813,19.05992692878407,50000
2015-10-06,19.05992692878407,19.73217015591871,18.85142441497001,19.62748755443079,50000
2015-10-07,19.62748755443079,19.80152700947892,19.53780184372212,19.651896455569204,50000
2015-10-08,19.651896455569204,19.82079223148961,19.422031980783235,19.551330033595494,50000
2015-10-09,19.551330033595494,19.713577467269463,19.541031611783733,19.621087742914824,50000
2015-10-12,19.621087742914824,19.692467913838758,19.536689249636105,19.641592995216694,50000
2015-10-13,19.641592995216694,19.83533223222752,19.454315949613346,19.756127217148844,50000
2015-10-14,19.756127217148844,20.012956030212973,19.630114255922983,19.87125344222924,142388
2015-10-15,19.87125344222924,20.13598543734915,19.8357128722569,20.119812191913642,109838
2015-10-16,20.119812191913642,20.220222583647132,19.789034711695187,19.970004502570088,50000
2015-10-19,19.970004502570088,20.063961426798045,19.833241711811954,20.036916254322758,50000
2015-10-20,20.036916254322758,20.1792735523529,19.97253878131071,20.158796992741095,50000
2015-10-21,20.158796992741095,20.18340671216657,19.874106081285976,19.967925635776044,50000
2015-10-22,19.967925635776044,19.997583625273222,19.377529611893898,19.52254395450655,57619
2015-10-23,19.52254395450655,19.842206408127872,19.51011597645571,19.823668603781204,50000
2015-10-26,19.823668603781204,19.848771085327915,19.422626763713406,19.528339736812825,90268
2015-10-27,19.528339736812825,20.394771724466988,19.402106351468763,20.224822710961075,50000
2015-10-28,20.224822710961075,20.384696924650076,20.196651503356705,20.28579199385015,50000
2015-10-29,20.28579199385015,20.40315016940634,20.207221562473766,20.28364451545664,50000
2015-10-30,20.28364451545664,20.480188352358446,19.91160025364928,19.935827724459102,232922
2015-11-02,19.935827724459102,19.997358981387126,18.906439043509664,18.984379613006922,148460
2015-11-03,18.984379613006922,18.988306426679493,18.71563373224208,18.73974546590626,73114
2015-11-04,18.73974546590626,18.82690976937249,18.67404168249263,18.711963516819416,50000
2015-11-05,18.711963516819416,18.758612739935188,18.410484847793924,18.46573156695295,83775
2015-11-06,18.46573156695295,18.92509202632265,18.413797372424327,18.829086242871124,166449
2015-11-09,18.829086242871124,19.567090155068215,18.674084896603084,19.470826643066246,77278
2015-11-10,19.470826643066246,19.53489480108029,19.27280269106608,19.336903550076123,85979
2015-11-11,19.336903550076123,19.643783098899625,18.737564122114176,18.771081488725404,50000
2015-11-12,18.771081488725404,19.27372573568351,18.707740587763965,19.250769392314165,50000
2015-11-13,19.250769392314165,19.763349093191255,18.9397273246193,19.70689486560738,124756
2015-11-16,19.70689486560738,20.012410195365256,19.65217470335016,19.818402793393684,50000
2015-11-17,19.818402793393684,20.152130327389635,19.81415895096432,20.029173287263703,52487
2015-11-18,20.029173287263703,20.06996329695153,19.73533319391909,19.860169519954795,78203
2015-11-19,19.860169519954795,20.303922700740053,19.708237678700492,20.132323665359518,50000
2015-11-20,20.132323665359518,20.25607709855865,19.496511686367057,19.76318834130809,50000
2015-11-23,19.76318834130809,20.293193773415542,19.67483212835116,20.1212810017831,50000
2015-11-24,20.1212810017831,20.22766855437661,19.61550312124784,19.69390235648447,50000
2015-11-25,19.69390235648447,19.763325617141415,19.35401742754218,19.371674909482838,50000
2015-11-26,19.371674909482838,19.797310845640155,19.051658804324234,19.695429542611212,75706
2015-11-27,19.695429542611212,19.910622814232248,19.620034226807757,19.63846094956564,50000
2015-11-30,19.63846094956564,19.837647264945645,19.625829393621,19.729525740678874,50000
2015-12-01,19.729525740678874,19.947570933210145,19.366139179711595,19.73972671452258,50000
2015-12-02,19.73972671452258,20.12398985646713,19.67505908709876,19.971270475856315,50000
2015-12-03,19.971270475856315,20.11982552163015,19.810792598753533,20.056702824872495,89932
2015-12-04,20.056702824872495,20.19812191882321,19.871107425085846,19.92616818415486,50000
2015-12-07,19.92616818415486,19.989315517188754,19.4730167351828,19.603145934488598,68917
2015-12-08,19.603145934488598,19.90474562858642,19.60167522449066,19.793988567791583,55957
2015-12-09,19.793988567791583,20.416108657196123,19.666178729352033,20.221330089345763,50000
2015-12-10,20.221330089345763,20.406217170849573,20.1918744248338,20.308129933446306,73228
2015-12-11,20.308129933446306,20.4252270685238,19.736459852995306,19.83818404267031,50000
2015-12-14,19.83818404267031,19.986788113880365,19.767122524726584,19.979664497023297,50000
2015-12-15,19.979664497023297,20.259827615492966,19.847393189772415,19.87032723313016,50000
2015-12-16,19.87032723313016,19.90899151259154,19.552643231308256,19.667806581383676,50000
2015-12-17,19.667806581383676,19.934558317582276,19.349101393034967,19.353262285497333,50000
2015-12-18,19.353262285497333,19.36518044367461,18.93553365517617,18.940262584562948,50000
2015-12-21,18.940262584562948,19.036487457808512,18.85278561063481,18.866214864505864,50000
2015-12-22,18.866214864505864,18.962793145793963,18.81510792918978,18.92605470249382,50000
2015-12-23,18.92605470249382,19.421606834484653,18.74183118015805,19.236231272620323,50000
2015-12-24,19.236231272620323,19.677400919077023,19.23104470969906,19.39014936609175,50000
2015-12-25,19.39014936609175,19.575138797295182,18.996389318331087,19.089981520150936,76089
2015-12-28,19.089981520150936,19.367345823680086,19.085699219174593,19.286827007132743,50000
2015-12-29,19.286827007132743,19.357813429757357,19.27250265188585,19.30480506245678,118602
2015-12-30,19.30480506245678,19.386472079560008,18.766658648472504,18.774996213326894,50000
2015-12-31,18.774996213326894,18.859314630174218,18.635765273914487,18.73830700461662,50000
2016-01-01,18.73830700461662,18.90977688445143,18.676138175750438,18.729207734722685,50000
2016-01-04,18.729207734722685,18.849636754473714,18.635176599290936,18.649128283157793,50000
2016-01-05,18.649128283157793,18.774424342419465,18.571218234572974,18.571741589336327,60388
2016-01-06,18.571741589336327,18.96609898376041,18.347274030257235,18.902187756878444,79559
2016-01-07,18.902187756878444,18.909981974310824,18.02863896031494,18.257323003543988,52425
2016-01-08,18.257323003543988,18.34836493270071,18.205180024812623,18.228810226685304,50000
2016-01-11,18.228810226685304,18.293336680030716,17.980921907759218,17.983789396292376,50000
2016-01-12,17.983789396292376,18.591375736496428,17.86425553174162,18.529476365515407,50000
2016-01-13,18.529476365515407,18.58676785446015,18.3805294785238,18.385399559549807,50000
2016-01-14,18.385399559549807,18.45981549107783,17.352701761111458,17.54793203748535,65550
2016-01-15,17.54793203748535,17.66711341477692,17.3157583794657,17.33458200461024,50000
2016-01-18,17.33458200461024,17.361221152668236,17.284979736879844,17.35614612499869,123747
2016-01-19,17.35614612499869,17.88603903757574,17.335938008877232,17.68610748721737,107957
2016-01-20,17.68610748721737,17.717954128677416,16.91601894644921,17.009695836249634,59768
2016-01-21,17.009695836249634,17.353923775715607,16.960752985940744,17.109329094435708,149814
2016-01-22,17.109329094435708,17.77076494028049,16.913695437391148,17.680033263841835,50000
2016-01-25,17.680033263841835,17.949088081237644,17.515487150949767,17.937874594059902,50000
2016-01-26,17.937874594059902,18.376379573001824,17.751946721690793,18.36263300449234,50000
2016-01-27,18.36263300449234,18.447228468000223,18.325616036744144,18.42170973043345,65300
2016-01-28,18.42170973043345,18.5277534944884,18.326709347081838,18.504413084917175,50000
2016-01-29,18.504413084917175,18.89681534734171,17.950718565968472,18.097523569148677,50000
2016-02-01,18.097523569148677,18.199679690815994,17.490677480256394,17.631842803777698,50000
2016-02-02,17.631842803777698,18.39102265806712,17.605167154490815,18.277353554406044,68596
2016-02-03,18.277353554406044,18.377830976027948,18.052943855348545,18.099380192395554,50000
2016-02-04,18.099380192395554,18.131362099038693,17.74135121410985,17.939996249175504,50000
2016-02-05,17.939996249175504,18.012328788702153,17.843685616544857,17.88060111787144,61477
2016-02-08,17.88060111787144,17.906884558131118,17.533107334448694,17.611843240638432,71029
2016-02-09,17.611843240638432,17.719793489211398,17.495985287393093,17.52559201481038,50000
2016-02-10,17.52559201481038,17.80725282769663,17.141372566065396,17.25037753766333,64915
2016-02-11,17.25037753766333,17.431605270397746,16.991588445560264,17.222689170907447,81593
2016-02-12,17.222689170907447,17.28445304873892,17.01566766640063,17.243660187501842,50000
2016-02-15,17.243660187501842,17.361150157992956,17.11689938762252,17.214087214895248,122603
2016-02-16,17.214087214895248,17.714328232540193,17.130912358257003,17.706441125702707,50000
2016-02-17,17.706441125702707,18.199546407973273,17.693038262995184,18.19439780698926,50000
2016-02-18,18.19439780698926,18.31207854241677,17.552918694640333,17.66360798614871,50000
2016-02-19,17.66360798614871,18.17288572412443,17.62393463188193,17.95307164529225,51861
2016-02-22,17.95307164529225,18.05927298220203,17.829089868909705,17.98053416397672,73784
2016-02-23,17.98053416397672,18.769760420067314,17.79805775170015,18.59619965913145,205020
2016-02-24,18.59619965913145,18.632778292867638,17.883134561998748,17.9086194024531,56705
2016-02-25,17.9086194024531,18.129629878789736,17.8013089459176,17.936383774793867,50000
2016-02-26,17.936383774793867,18.4067313802181,17.815240426508023,18.343422960032715,50000
2016-02-29,18.343422960032715,18.3516419030305,18.297438175600952,18.33367703284828,50000
2016-03-01,18.33367703284828,18.65351123865931,18.29911776610723,18.65232606610255,59217
2016-03-02,18.65232606610255,18.737470064709196,18.425305238845322,18.678279278164588,93020
2016-03-03,18.678279278164588,18.86402397904197,18.46310081570748,18.845713183307424,50000
2016-03-04,18.845713183307424,19.258198442707307,18.644151070292832,19.13914100813437,50000
2016-03-07,19.13914100813437,19.2382994632197,18.653108467407478,18.715771546394283,50000
2016-03-08,18.715771546394283,18.856164373201405,18.433381860638523,18.567109422882414,50000
2016-03-09,18.567109422882414,18.575012933045855,18.094954734092678,18.159302515513744,119272
2016-03-10,18.159302515513744,18.682758169640636,17.99133962879471,18.654056232350822,50000
2016-03-11,18.654056232350822,18.66750126596121,18.346734004339716,18.42409353601933,54584
2016-03-14,18.42409353601933,19.308251012076056,18.256627653123225,19.30333337172019,60843
2016-03-15,19.30333337172019,19.325332478438707,19.251709140748794,19.30805140446113,50000
2016-03-16,19.30805140446113,19.84097983259468,19.296038365707872,19.74216479889542,50000
2016-03-17,19.74216479889542,19.76705086881745,19.56087393279191,19.564706625894733,50000
2016-03-18,19.564706625894733,19.743489329107668,19.368559219930425,19.38344017658822,50000
2016-03-21,19.38344017658822,19.672069177308035,19.366322199067195,19.64740303167409,50000
2016-03-22,19.64740303167409,19.74742742804364,19.476503846138666,19.49310087504161,50000
2016-03-23,19.49310087504161,19.835004528267156,19.45415366556364,19.820849003361396,55758
2016-03-24,19.820849003361396,20.087480029509386,19.695931342987357,19.708355444404585,50000
2016-03-25,19.708355444404585,20.45893973652913,19.7064781719596,20.408328607206336,50000
2016-03-28,20.408328607206336,20.521820988309308,19.767042922199074,19.918996370422846,62291
2016-03-29,19.918996370422846,20.421622049147047,19.890604330671554,20.20721789514747,139785
2016-03-30,20.20721789514747,20.80898835343631,20.187686741992188,20.685047846291543,50000
2016-03-31,20.685047846291543,20.957215294209952,20.577395664537352,20.873031537109455,66312
2016-04-01,20.873031537109455,20.95164047262528,20.44533418550637,20.500169958957713,50000
2016-04-04,20.500169958957713,20.500838978679923,20.02324719426599,20.073074295169604,50000
2016-04-05,20.073074295169604,20.0825007664033,19.964680892464077,20.057394661438714,51851
2016-04-06,20.057394661438714,20.09416761273312,19.861955692561903,19.866308922728685,153624
2016-04-07,19.866308922728685,19.873604671642894,19.410182621000967,19.476704439955444,50000
2016-04-08,19.476704439955444,19.682451020900505,19.326846967649097,19.609585955145928,50000
2016-04-11,19.609585955145928,19.819511630084722,19.235790379662376,19.319493348222654,50000
2016-04-12,19.319493348222654,19.749006562963924,19.150560582461694,19.696165898199876,50000
2016-04-13,19.696165898199876,19.730797672904842,19.349442024085945,19.521738531385452,111939
2016-04-14,19.521738531385452,19.750933713829497,19.22250636730023,19.270035757052636,88635
2016-04-15,19.270035757052636,19.300776215344374,18.6747737031435,18.824990629028175,50000
2016-04-18,18.824990629028175,19.565186645235638,18.723465659555526,19.35075466389449,62114
2016-04-19,19.35075466389449,19.422397407653584,18.809242579936882,18.95162234791771,50000
2016-04-20,18.95162234791771,19.29116618155264,18.80624303203235,19.286344092854584,50000
2016-04-21,19.286344092854584,19.30948226275632,18.536146584460862,18.64356611143586,280647
2016-04-22,18.64356611143586,18.99969267900826,18.64214338796177,18.827489178664337,59206
2016-04-25,18.827489178664337,18.83958272676832,18.668922684424228,18.684293393412208,50000
2016-04-26,18.684293393412208,19.153070121149163,18.639222483387684,19.08441317814456,168460
2016-04-27,19.08441317814456,19.154396008388144,18.739762552350662,18.77763170119326,187229
2016-04-28,18.77763170119326,18.890301385018944,18.505958698148344,18.53336009232193,64920
2016-04-29,18.53336009232193,18.590446748064284,18.498952554701134,18.505585967914158,50000
2016-05-02,18.505585967914158,18.75587111422624,18.48879870701628,18.713126432718685,50000
2016-05-03,18.713126432718685,18.821455796225635,18.671434579211205,18.674082292966496,127337
2016-05-04,18.674082292966496,18.71612605809847,18.572492837520088,18.58333210516293,50000
2016-05-05,18.58333210516293,18.831013776589003,18.468528330167377,18.682712317484174,50000
2016-05-06,18.682712317484174,18.953751701256184,18.314289966719773,18.44563957985867,50000
2016-05-09,18.44563957985867,18.89846815892159,18.35662465858724,18.724724571257713,80333
2016-05-10,18.724724571257713,18.92156452786197,18.1795623229845,18.24559579408613,50000
2016-05-11,18.24559579408613,19.041347023816122,18.185775916630213,18.98968312414333,50000
2016-05-12,18.98968312414333,19.170517228420202,18.931581025860915,19.088346050684734,50000
2016-05-13,19.088346050684734,20.11873060526704,18.861326873328256,19.94781619034729,50000
2016-05-16,19.94781619034729,20.011646849406763,19.53604970573242,19.549985043101383,50000
2016-05-17,19.549985043101383,19.87962003835338,19.41187605911728,19.593600083137392,50000
2016-05-18,19.593600083137392,20.008093070887362,19.39931588781024,19.780057883064938,50000
2016-05-19,19.780057883064938,20.226878132062065,19.753534143378314,20.106595598505812,59579
2016-05-20,20.106595598505812,20.132632420644697,19.919064769943702,19.95209180259628,50000
2016-05-23,19.95209180259628,19.962498505178118,19.55963339283107,19.807667660413625,50000
2016-05-24,19.807667660413625,20.11341317260646,19.76395908545551,19.975433102373007,95961
2016-05-25,19.975433102373007,20.03469277945974,19.908487744594794,19.98968464846407,50000
2016-05-26,19.98968464846407,20.224949871127993,19.855701281537637,20.21466518820643,117464
2016-05-27,20.21466518820643,20.266880982068614,19.864905683659035,19.993451782623794,50000
2016-05-30,19.993451782623794,20.01503844968535,19.564028677526828,19.641351442739705,93709
2016-05-31,19.641351442739705,20.291517007787984,19.59369648918841,20.152175313823395,50000
2016-06-01,20.152175313823395,20.860246897661412,20.004123505388254,20.73005527632317,50000
2016-06-02,20.73005527632317,20.882984164040675,20.668812412121316,20.78902075710855,51660
2016-06-03,20.78902075710855,20.975522845190962,20.467855245005,20.57041523961721,50000
2016-06-06,20.57041523961721,20.993122668199202,20.468626079227136,20.919879990063475,50000
2016-06-07,20.919879990063475,21.094401465336517,20.849754237080397,20.897034523816718,50000
2016-06-08,20.897034523816718,20.931899561460558,20.66477466961172,20.838904471983838,77832
2016-06-09,20.838904471983838,20.912699078344254,20.7401714778269,20.86738234929522,58212
2016-06-10,20.86738234929522,21.05604579459038,20.59788466840376,20.67015686321397,61365
2016-06-13,20.67015686321397,20.729582898757176,20.2904738024765,20.353674306483224,134424
2016-06-14,20.353674306483224,20.45064635385052,19.969910328196647,20.01909550818206,62285
2016-06-15,20.01909550818206,20.527306934322112,19.982524676847557,20.29996860341313,50000
2016-06-16,20.29996860341313,20.32207584394487,20.032166340697536,20.103208127450245,103308
2016-06-17,20.103208127450245,20.45254744883417,20.06492631640982,20.445219154419604,50000
2016-06-20,20.445219154419604,20.557014282162836,20.16380510133104,20.48858563032009,85285
2016-06-21,20.48858563032009,20.766388311485546,20.4528007594999,20.497684140867573,50000
2016-06-22,20.497684140867573,20.537622104364324,20.400129986754997,20.45017241691289,94526
2016-06-23,20.45017241691289,20.80725059386544,20.37497238944989,20.767158968113247,50000
2016-06-24,20.767158968113247,21.013785269764252,20.561819965963227,20.634845851358918,108926
2016-06-27,20.634845851358918,20.67585194291318,20.45269675755745,20.49842182091689,108272
2016-06-28,20.49842182091689,20.618439105234234,20.00567216769074,20.135832678606743,72657
2016-06-29,20.135832678606743,20.16277023000794,19.68896943900914,20.068723091982346,50000
2016-06-30,20.068723091982346,20.132471644353277,19.81352644656721,19.92137869292908,50000
2016-07-01,19.92137869292908,20.423179619017425,19.889910867757113,20.26346859032742,50000
2016-07-04,20.26346859032742,20.324923192171816,20.0271295945384,20.062357131164834,50000
2016-07-05,20.062357131164834,20.72446475921611,19.89196601895773,20.582065688657583,54336
2016-07-06,20.582065688657583,20.740882365220607,20.088785975641528,20.09979581869368,50000
2016-07-07,20.09979581869368,20.23405848921826,19.96807924879298,20.164228519339705,50000
2016-07-08,20.164228519339705,20.218798601036145,19.873768026582496,19.927070794836695,147922
2016-07-11,19.927070794836695,20.124225761109226,19.8380576741769,20.029277484349926,51988
2016-07-12,20.029277484349926,20.089641644892357,19.93202349520395,19.95382847873576,50000
2016-07-13,19.95382847873576,19.99092458713319,19.609129488634043,19.728206644601713,50000
2016-07-14,19.728206644601713,19.737065525332927,19.32577142443315,19.586531359528138,50000
2016-07-15,19.586531359528138,20.00407690529373,19.525222408796697,19.956183965704827,50000
2016-07-18,19.956183965704827,20.12946090808763,19.27871258955974,19.346884548123356,50000
2016-07-19,19.346884548123356,19.383612909046153,19.170154332413087,19.342383971384553,60328
2016-07-20,19.342383971384553,19.869090320221463,19.337183602029153,19.803316297442088,71007
2016-07-21,19.803316297442088,19.90258594858718,19.612365752437505,19.771595262346214,50000
2016-07-22,19.771595262346214,19.857752324938268,19.55023069501293,19.857343786517465,50000
2016-07-25,19.857343786517465,19.918081068775617,19.45970425835815,19.626951537001236,50000
2016-07-26,19.626951537001236,19.836045616091074,19.52636703162342,19.821480506571678,50000
2016-07-27,19.821480506571678,19.95349078010708,19.28003690126341,19.359540647833786,50000
2016-07-28,19.359540647833786,19.422872163514807,18.900894467748326,18.93267620295995,50000
2016-07-29,18.93267620295995,19.227184111725446,18.88323745769623,19.180566738254733,50000
2016-08-01,19.180566738254733,19.48093491770588,19.08424412967177,19.16193941751636,50000
2016-08-02,19.16193941751636,19.236583494436214,18.67039516795728,18.70636182182194,50000
2016-08-03,18.70636182182194,19.051585586242997,18.61849714254162,18.96840886469552,79516
2016-08-04,18.96840886469552,19.06414533057229,18.31590233973947,18.53164666138493,50000
2016-08-05,18.53164666138493,19.00848918928825,18.366969770197766,18.88052475694379,50000
2016-08-08,18.88052475694379,18.94891961644289,18.332405723839752,18.473217168567363,68582
2016-08-09,18.473217168567363,18.63088923721907,18.360320744376033,18.45155478478777,50000
2016-08-10,18.45155478478777,19.473352002796183,18.4278366090737,19.42527418830372,88504
2016-08-11,19.42527418830372,19.443777750011463,19.38455421280398,19.435056100398647,50000
2016-08-12,19.435056100398647,19.64095711135552,19.159528174853218,19.1723832093095,50000
2016-08-15,19.1723832093095,19.206788130606945,18.21249791397513,18.39431231638654,50000
2016-08-16,18.39431231638654,18.611635343605908,18.08600858415062,18.164321126606826,59610
2016-08-17,18.164321126606826,18.267161775861343,18.01632257120001,18.21547242602096,61543
2016-08-18,18.21547242602096,18.29091456295791,18.116360374483126,18.20446523790334,50000
2016-08-19,18.20446523790334,18.287960948121952,18.176388185675147,18.180307126921708,60785
2016-08-22,18.180307126921708,18.184076344862184,17.759105487886288,17.91708684139431,50000
2016-08-23,17.91708684139431,18.063819173908026,17.642666369698656,17.722711714977258,60673
2016-08-24,17.722711714977258,17.809873053322086,17.578349827743907,17.632735578134152,60855
2016-08-25,17.632735578134152,17.831508427179113,17.471326448174036,17.593565786502488,50000
2016-08-26,17.593565786502488,18.15547633229872,17.56670049925477,18.08689112933394,50000
2016-08-29,18.08689112933394,18.24107842602301,17.423899469866694,17.690933759682945,50000
2016-08-30,17.690933759682945,17.784378061258543,17.539128732650532,17.54258541472888,50000
2016-08-31,17.54258541472888,17.60258767776485,17.355298851840104,17.361874448863645,50000
2016-09-01,17.361874448863645,17.3874928403753,17.057839367718618,17.139224991597864,50000
2016-09-02,17.139224991597864,17.185288618098976,16.992384625644664,17.107301529077994,50000
2016-09-05,17.107301529077994,17.67330989120508,16.96489626263013,17.460351923728965,50000
2016-09-06,17.460351923728965,17.944914652614315,17.427456809009698,17.83711186823519,50000
2016-09-07,17.83711186823519,17.93535303716638,17.151535559331514,17.220435222951902,50000
2016-09-08,17.220435222951902,17.558274514317254,16.984273246857413,17.417355361332476,50000
2016-09-09,17.417355361332476,17.44760891686823,17.075523846730974,17.206607751610942,50000
2016-09-12,17.206607751610942,17.277692128149518,16.714418992732853,16.863540310696784,104875
2016-09-13,16.863540310696784,17.026943368578188,16.798573354147685,16.984503191793294,50000
2016-09-14,16.984503191793294,17.01051430059699,16.679160071565303,16.828398254402938,50000
2016-09-15,16.828398254402938,16.862446591007316,16.431241374573823,16.571970652838356,50000
2016-09-16,16.571970652838356,16.611587730507534,16.522451881553447,16.59187952337021,50000
2016-09-19,16.59187952337021,16.679156407911098,16.55896638228973,16.65967241198369,50000
2016-09-20,16.65967241198369,16.782576443875698,16.480920744986953,16.527260710840302,50000
2016-09-21,16.527260710840302,16.604831419238177,15.746230843586858,15.932868747644811,50000
2016-09-22,15.932868747644811,16.137675911064214,15.872860199653319,15.977246669270329,50000
2016-09-23,15.977246669270329,16.248555897591313,15.896746989471538,16.235615856313544,50000
2016-09-26,16.235615856313544,16.654492345925508,16.146055730174425,16.63810667492978,50484
2016-09-27,16.63810667492978,16.981837627254567,16.5596638422188,16.777876312260744,71181
2016-09-28,16.777876312260744,16.789225106599133,16.24605448661289,16.279990867593273,50000
2016-09-29,16.279990867593273,16.308235760290014,16.11469377881678,16.157979229013193,50000
2016-09-30,16.157979229013193,16.216488921328537,15.545800269358498,15.690343729201855,50000
2016-10-03,15.690343729201855,15.843048228903239,15.361169523133373,15.4463196751902,50000
2016-10-04,15.4463196751902,15.504345064512844,15.309679862204622,15.329965799855069,50000
2016-10-05,15.329965799855069,15.389766023740378,15.017118409817732,15.153444218547811,72816
2016-10-06,15.153444218547811,15.177929436080582,14.8036697507999,14.913552115622897,50000
2016-10-07,14.913552115622897,15.160924408463089,14.825999988829661,15.126437843989107,50000
2016-10-10,15.126437843989107,15.132972160284714,14.426983340364677,14.472658213175137,50000
2016-10-11,14.472658213175137,14.887350946741098,14.32548263007482,14.869834024002557,50000
2016-10-12,14.869834024002557,15.007501272958732,14.784402960024362,14.948349687190197,50000
2016-10-13,14.948349687190197,15.919170878096367,14.895723426623373,15.873166172487535,50000
2016-10-14,15.873166172487535,15.880624044415535,15.682642159045807,15.704183538410712,50000
2016-10-17,15.704183538410712,16.055890163201088,15.449895199129692,15.971586390210241,62269
2016-10-18,15.971586390210241,15.994503420275304,15.699055494167066,15.704248708930319,63544
2016-10-19,15.704248708930319,15.827505100331267,15.643751620114164,15.727807708234739,50000
2016-10-20,15.727807708234739,16.32841048492127,15.60002582120139,16.266526248307592,50000
2016-10-21,16.266526248307592,16.411865965117148,15.9997670173638,16.105811040756404,50000
2016-10-24,16.105811040756404,16.15887326092765,15.709934168586038,15.726381998689563,90285
2016-10-25,15.726381998689563,15.862115744352693,15.683655553058129,15.713711066491737,50000
2016-10-26,15.713711066491737,15.725839372786483,15.280038207577379,15.349323123308544,50000
2016-10-27,15.349323123308544,15.679627031087211,15.342670881275726,15.54058494456059,67905
2016-10-28,15.54058494456059,15.568645425434573,15.248261710322087,15.379855226193959,99538
2016-10-31,15.379855226193959,15.848878486002837,15.302656352541996,15.792992365641561,50000
2016-11-01,15.792992365641561,15.893922985527237,14.954892228306917,15.012036341327992,93941
2016-11-02,15.012036341327992,15.015824042955703,14.512205785194991,14.547744995231104,107683
2016-11-03,14.547744995231104,14.676144321031968,14.504565914742134,14.676133415918816,50000
2016-11-04,14.676133415918816,15.052034486699313,14.579448362590888,14.90772532840786,76099
2016-11-07,14.90772532840786,15.238634526349072,14.843785983031813,15.139677257682491,50000
2016-11-08,15.139677257682491,15.23399040680167,14.766986721927925,14.833437557365006,54105
2016-11-09,14.833437557365006,14.894151321597167,14.77164241225167,14.886193858711561,50000
2016-11-10,14.886193858711561,15.377605745866344,14.794081948071636,15.281368363125921,61189
2016-11-11,15.281368363125921,15.447143506549383,14.707534210017878,14.854703238227012,72088
2016-11-14,14.854703238227012,14.947464778039503,14.787648513180786,14.803252796661367,50000
2016-11-15,14.803252796661367,14.89279644741285,14.581041511117885,14.61430898639466,50000
2016-11-16,14.61430898639466,14.687782606234709,14.446291307799356,14.521317791090679,50000
2016-11-17,14.521317791090679,14.569898061612825,13.835007049062181,13.896141227516203,53192
2016-11-18,13.896141227516203,13.926370798087474,13.817391453699042,13.90666250474062,50000
2016-11-21,13.90666250474062,13.98325990685458,13.384770216505396,13.454189470686154,62242
2016-11-22,13.454189470686154,13.524984837383823,13.260295146356713,13.289032452944628,84680
2016-11-23,13.289032452944628,13.31037105982018,12.846011295309893,12.895566933590118,70016
2016-11-24,12.895566933590118,12.93735722229395,12.559089044429868,12.593407799325373,50000
2016-11-25,12.593407799325373,12.808118304140436,12.56280265752221,12.749368363340041,50000
2016-11-28,12.749368363340041,12.80958555793819,12.620632061444743,12.663930636032212,50000
2016-11-29,12.663930636032212,12.761089829160575,12.141313112905653,12.177372461764145,50000
2016-11-30,12.177372461764145,12.279306632547927,12.155926863828297,12.274494221254125,50000
2016-12-01,12.274494221254125,12.492253987855145,12.169000234418958,12.189954589061038,50000
2016-12-02,12.189954589061038,12.206872978424185,11.496650334052383,11.498244078143411,50000
2016-12-05,11.498244078143411,11.593686090504542,11.386266989051956,11.433128482231481,209887
2016-12-06,11.433128482231481,11.449119979141264,11.338732034178104,11.347645425429041,50000
2016-12-07,11.347645425429041,11.522887388745065,11.305918087969006,11.476504838374717,52325
2016-12-08,11.476504838374717,11.884022915125179,11.428902015163613,11.880540316134237,50000
2016-12-09,11.880540316134237,11.924016173236136,11.460306684719763,11.516401683714289,50000
2016-12-12,11.516401683714289,11.52109468690555,11.146733791635029,11.146858697552787,87561
2016-12-13,11.146858697552787,11.614632477062415,11.12561735363789,11.429255911577702,74397
2016-12-14,11.429255911577702,11.486836286183262,10.974417762945688,11.053139548902648,50000
2016-12-15,11.053139548902648,11.099028583695969,10.856875853770278,10.890812312737463,53938
2016-12-16,10.890812312737463,11.11579693351228,10.806599159852063,11.03810299282269,61799
2016-12-19,11.03810299282269,11.524456837917835,11.027975555941339,11.46465923429135,50000
2016-12-20,11.46465923429135,11.916459149043623,11.435088598687965,11.84488952418796,73015
2016-12-21,11.84488952418796,11.910614122176039,11.704658104358368,11.77772128238556,50000
2016-12-22,11.77772128238556,11.847939245672347,11.341377427835694,11.41662938024044,50000
2016-12-23,11.41662938024044,11.469065270055859,10.76558156655898,10.786990655750259,50000
2016-12-26,10.786990655750259,11.218412944495181,10.622199538512175,11.208840622424471,50000
2016-12-27,11.208840622424471,11.607628458817102,11.139636290060475,11.501616076409816,50000
2016-12-28,11.501616076409816,11.533241797073519,11.26860758326364,11.362390361944298,50000
2016-12-29,11.362390361944298,11.37742966005167,11.351401993102167,11.371206397415799,50000
2016-12-30,11.371206397415799,11.390706378951117,11.276935027329706,11.306554423504235,50000
2017-01-02,11.306554423504235,11.783051020712866,11.292626667809301,11.659491706052815,50000
2017-01-03,11.659491706052815,11.863239601318698,11.635798188500157,11.803067768667795,50000
2017-01-04,11.803067768667795,11.864814766754701,11.493083744758094,11.580244827123957,50000
2017-01-05,11.580244827123957,11.770654557591866,11.557490511893342,11.711880315117035,62820
2017-01-06,11.711880315117035,12.179098480186187,11.612146620233922,12.051225087751753,50000
2017-01-09,12.051225087751753,12.150119512417467,12.050679307671452,12.142537417107443,50000
2017-01-10,12.142537417107443,12.264759801618084,11.66839871499607,11.716952458547903,50000
2017-01-11,11.716952458547903,12.072608038791465,11.644899210214309,12.029872557636802,50000
2017-01-12,12.029872557636802,12.494280293414807,12.019327070868709,12.478086271047397,50000
2017-01-13,12.478086271047397,12.836685914531449,12.406226617360495,12.78211780255595,50000
2017-01-16,12.78211780255595,12.828302485108434,12.379783523815343,12.420757659444183,70604
2017-01-17,12.420757659444183,12.707900382585278,12.27738511689954,12.602526317134538,50000
2017-01-18,12.602526317134538,13.107399389002842,12.572398606926276,13.024570930490317,56981
2017-01-19,13.024570930490317,13.043784679332957,12.749923848623194,12.784817632987355,50000
2017-01-20,12.784817632987355,12.789970515656536,12.549782030363872,12.655236372534794,50000
2017-01-23,12.655236372534794,12.769661326338769,12.355247900901377,12.398112758145734,50000
2017-01-24,12.398112758145734,12.434273483234476,12.073602581282296,12.29356252113623,50000
2017-01-25,12.29356252113623,12.328273472371936,11.619885743591439,11.629078169193482,50000
2017-01-26,11.629078169193482,11.704260642589075,11.408182427001485,11.417382697842339,50000
2017-01-27,11.417382697842339,11.437948063727509,11.0082738018904,11.036710853804138,50000
2017-01-30,11.036710853804138,11.128990901194314,10.888691255032736,10.903924222892435,98424
2017-01-31,10.903924222892435,10.943610494629413,10.495498198860552,10.515695869643158,50000
2017-02-01,10.515695869643158,10.577100623857746,10.331403528074906,10.351999986268707,95410
2017-02-02,10.351999986268707,10.355732089194852,10.092210286117512,10.143435862732776,50000
2017-02-03,10.143435862732776,10.173786734667672,9.751256378424506,9.788873306037283,50000
2017-02-06,9.788873306037283,9.819723917406314,9.741630257481004,9.815010831498098,50000
2017-02-07,9.815010831498098,10.167424066969865,9.794537007752139,10.12209253637162,50000
2017-02-08,10.12209253637162,10.331863122625684,10.016552405595565,10.241821278954205,50000
2017-02-09,10.241821278954205,10.760786510455334,10.218623653975753,10.703709352242228,142421
2017-02-10,10.703709352242228,10.768316322831891,10.64256226604245,10.745736630586572,50000
2017-02-13,10.745736630586572,10.760205266784027,10.494277587643447,10.499281815483107,50000
2017-02-14,10.499281815483107,10.671114022816448,10.467523923430923,10.668807391159199,50000
2017-02-15,10.668807391159199,10.954394549761675,10.606036252850513,10.93632485888112,50000
2017-02-16,10.93632485888112,10.963099107413923,10.718981048734555,10.874804436866247,50000
2017-02-17,10.874804436866247,11.165898244342237,10.838117915628352,11.10911437459154,174343
2017-02-20,11.10911437459154,11.12493509585568,10.95742818141956,11.02574888889416,63815
2017-02-21,11.02574888889416,11.610817670474804,11.015195087828415,11.58332302850316,63182
2017-02-22,11.58332302850316,11.914096504617381,11.533901715074448,11.881494487620694,50000
2017-02-23,11.881494487620694,11.962617750091077,11.546738041948492,11.560352809992578,50000
2017-02-24,11.560352809992578,11.684699456506083,11.50533699225841,11.66869703829041,50000
2017-02-27,11.66869703829041,12.012613475027575,11.61668140923655,11.985984489165668,50000
2017-02-28,11.985984489165668,11.997350661381299,11.832856741987598,11.975544406860589,50000
2017-03-01,11.975544406860589,12.219277942648015,11.893026778316935,12.171152144918521,50000
2017-03-02,12.171152144918521,12.200855696445494,11.998808772748673,12.076598169782628,50000
2017-03-03,12.076598169782628,12.087846779193754,11.840506271422617,11.877228364837402,50000
2017-03-06,11.877228364837402,11.943842390598936,11.609990152171502,11.684378949426936,90620
2017-03-07,11.684378949426936,11.731502628382746,11.67385036814416,11.702693293599951,59661
2017-03-08,11.702693293599951,11.710670094814743,11.340898754731914,11.394006915385942,50000
2017-03-09,11.394006915385942,11.432447822504487,11.070746537538003,11.161824923245659,50000
2017-03-10,11.161824923245659,11.255123202774593,10.523897427605366,10.546836201457698,56253
2017-03-13,10.546836201457698,10.678692943695154,10.447677667001715,10.500123069344141,50000
2017-03-14,10.500123069344141,11.033976543841783,10.482059270002193,11.009260357849461,50000
2017-03-15,11.009260357849461,11.715589565613012,10.996625424913102,11.574799468438004,50000
2017-03-16,11.574799468438004,11.628429715348272,11.185977636175148,11.204736553070216,50000
2017-03-17,11.204736553070216,11.806237131910136,11.198716847457673,11.716884953093711,65106
2017-03-20,11.716884953093711,12.154960877956887,11.663942289445615,12.104413571171797,50000
2017-03-21,12.104413571171797,12.22237663774887,11.65638125535894,11.732640606721052,50000
2017-03-22,11.732640606721052,11.8220854496697,11.45025870050293,11.45890497367643,85741
2017-03-23,11.45890497367643,11.459578575679569,11.305574623337153,11.335847140892831,69744
2017-03-24,11.335847140892831,11.635716120694296,11.259420609152704,11.593699949139,50000
2017-03-27,11.593699949139,11.791039918067076,11.555908975254868,11.690043314435872,50000
2017-03-28,11.690043314435872,11.829889943117262,11.565874740666475,11.584219342138166,50000
2017-03-29,11.584219342138166,11.637603534356062,11.42403235116289,11.433328134243387,187089
2017-03-30,11.433328134243387,11.52160392984167,11.37252553494362,11.510219622181971,50000
2017-03-31,11.510219622181971,11.683814579858327,11.479080140728101,11.625815633445141,50000
2017-04-03,11.625815633445141,12.191546959688363,11.561174909978593,12.103965920407935,50000
2017-04-04,12.103965920407935,12.162380699044816,11.831500331523042,11.866972006819866,50000
2017-04-05,11.866972006819866,11.870410464306673,11.19544849791269,11.268965214887592,50000
2017-04-06,11.268965214887592,11.53553346343362,11.199998989478734,11.440381510791289,50000
2017-04-07,11.440381510791289,11.441027237312193,11.140721623985305,11.157047411815036,57491
2017-04-10,11.157047411815036,11.211075847739007,11.021603893645525,11.062150924723223,50000
2017-04-11,11.062150924723223,11.313756717230488,10.985744713878804,11.217044010142219,50000
2017-04-12,11.217044010142219,11.451498830581057,11.126563136023947,11.346789442187312,76919
2017-04-13,11.346789442187312,11.41365026085127,10.82349628746075,10.847530143195515,50000
2017-04-14,10.847530143195515,10.883170371308614,10.518513713813975,10.534070662228398,52051
2017-04-17,10.534070662228398,10.74163073796282,10.438667748485855,10.689317161471335,50000
2017-04-18,10.689317161471335,10.70113994395205,10.50009393958851,10.628075274094025,50948
2017-04-19,10.628075274094025,10.741581567375892,10.591823805682143,10.693343860068424,50000
2017-04-20,10.693343860068424,10.846013702686795,10.649277072717146,10.791315276058917,50000
2017-04-21,10.791315276058917,10.83061960389724,10.594644788295987,10.612749177812443,50000
2017-04-24,10.612749177812443,10.633780538656325,10.512350229869382,10.602029328640194,50000
2017-04-25,10.602029328640194,11.00355517373389,10.560187809476457,10.927337046569608,73763
2017-04-26,10.927337046569608,11.04923529551154,10.808215828415936,10.808440183226127,50000
2017-04-27,10.808440183226127,11.006390978373036,10.792057489701188,10.915435511313905,118758
2017-04-28,10.915435511313905,10.922729276250747,10.620134836590369,10.68332021711654,50000
2017-05-01,10.68332021711654,10.731495332581131,10.454346545466514,10.548025809408937,153325
2017-05-02,10.548025809408937,10.65997709661142,10.517450735306495,10.578158739557182,63917
2017-05-03,10.578158739557182,10.60517025398261,10.066743791956265,10.093127962657476,62532
2017-05-04,10.093127962657476,10.614442215244667,10.006958413812269,10.579916761595257,50000
2017-05-05,10.579916761595257,10.61512861803995,9.627012199110316,9.694111159520324,50000
2017-05-08,9.694111159520324,9.730848974020029,9.457478598011916,9.54544845341092,91889
2017-05-09,9.54544845341092,10.239360556345247,9.52074896980289,10.209115705156437,68878
2017-05-10,10.209115705156437,10.231529842144383,10.144566832567747,10.210681310904256,188304
2017-05-11,10.210681310904256,10.271030520931548,9.834251925038256,9.853544228104287,50000
2017-05-12,9.853544228104287,9.871524249988862,9.699694506513703,9.707627233701416,50000
2017-05-15,9.707627233701416,9.999082209376553,9.68021158988355,9.942546352070726,50000
2017-05-16,9.942546352070726,10.061271286829122,9.47430073565784,9.501459422543679,50000
2017-05-17,9.501459422543679,9.797690275740942,9.436277995607979,9.794666283661897,62753
2017-05-18,9.794666283661897,9.833064552311082,9.718688911182632,9.767477356937727,50000
2017-05-19,9.767477356937727,9.809013903332325,8.978588174292,8.994375944922822,52132
2017-05-22,8.994375944922822,8.99687503801528,8.623030779825472,8.698825709359811,50000
2017-05-23,8.698825709359811,8.788273976063444,8.523192094446644,8.531218527045338,50000
2017-05-24,8.531218527045338,8.69498977866904,8.496061706796697,8.658277559847798,50000
2017-05-25,8.658277559847798,8.987029997563656,8.615295182661859,8.975717540229663,50000
2017-05-26,8.975717540229663,8.978722066413622,8.678292381718242,8.684428070112341,50000
2017-05-29,8.684428070112341,8.686615088044617,8.514367675390186,8.530470428462337,144743
2017-05-30,8.530470428462337,8.55392505314322,8.070233455307411,8.110183613744418,50000
2017-05-31,8.110183613744418,8.466291869315402,8.076491693194141,8.431996891981166,50000
2017-06-01,8.431996891981166,8.444613206917525,8.369173116373844,8.377739373693228,50000
2017-06-02,8.377739373693228,8.62015603365256,8.356191757467965,8.615045765182572,50000
2017-06-05,8.615045765182572,8.73968920940078,8.589265654702468,8.723047269689248,50000
2017-06-06,8.723047269689248,8.726580249667542,8.331772255774,8.349655025513602,107660
2017-06-07,8.349655025513602,8.429792787806129,8.314136177838115,8.40585718771185,70993
2017-06-08,8.40585718771185,8.712256245993915,8.320263724078034,8.703065086082466,50000
2017-06-09,8.703065086082466,8.756799117018888,8.537637851586569,8.582569185558592,50000
2017-06-12,8.582569185558592,8.68822198144852,8.497353714196166,8.642766424871514,96245
2017-06-13,8.642766424871514,8.66580123480142,8.415034028344072,8.517177572268233,63807
2017-06-14,8.517177572268233,8.525224460752632,8.261054717290001,8.27636511264192,78394
2017-06-15,8.27636511264192,8.397562824901811,8.215610883494126,8.389948634308904,50000
2017-06-16,8.389948634308904,8.409349143655152,7.823593632932207,7.914057744194275,58135
2017-06-19,7.914057744194275,7.96378950904284,7.800209165222859,7.844976800240207,50000
2017-06-20,7.844976800240207,7.853548869098755,7.437046350063339,7.464747467383646,50000
2017-06-21,7.464747467383646,7.506722051716513,7.181224572556581,7.210586400652262,50000
2017-06-22,7.210586400652262,7.578027189171617,7.191526621284865,7.509445517752435,50000
2017-06-23,7.509445517752435,7.595614914359636,7.327815707184754,7.344527321668171,120247
2017-06-26,7.344527321668171,7.356656396804247,7.079803483227322,7.143015030923906,50000
2017-06-27,7.143015030923906,7.151960987876757,6.513700720082079,6.578063968037358,50000
2017-06-28,6.578063968037358,6.57989375938491,6.179047563073946,6.207146013181105,50000
2017-06-29,6.207146013181105,6.210786436148082,5.9972771767309165,6.018214641116755,78460
2017-06-30,6.018214641116755,6.022097061719419,5.469769341987708,5.471412384903309,60802
2017-07-03,5.471412384903309,5.559288034508136,5.4403985753124955,5.553492212910992,51327
2017-07-04,5.553492212910992,5.567794529560021,5.453372039463258,5.480778385438811,94282
2017-07-05,5.480778385438811,5.52554404675495,5.46352773247572,5.516154953714322,67120
2017-07-06,5.516154953714322,5.530822168973626,5.265288638937237,5.287401526890375,50000
2017-07-07,5.287401526890375,5.492013908702208,5.272712136962329,5.482841317562799,50000
2017-07-10,5.482841317562799,5.506480303693992,5.4074836170197695,5.411897193376036,50000
2017-07-11,5.411897193376036,5.648830493539,5.409681920421759,5.622722232746453,50000
2017-07-12,5.622722232746453,5.696106730581327,5.586451494239049,5.668931810134711,106116
2017-07-13,5.668931810134711,5.696898244331456,5.4568211746274615,5.457163526799907,50000
2017-07-14,5.457163526799907,5.8051497597452135,5.4512888673183975,5.795985419126689,50000
2017-07-17,5.795985419126689,5.819623078134919,5.786866539221197,5.810695533738137,50000
2017-07-18,5.810695533738137,5.909558462301914,5.788795231985816,5.889370493357668,95654
2017-07-19,5.889370493357668,6.294730376903158,5.877781725612907,6.2806275323329475,103187
2017-07-20,6.2806275323329475,6.498888378834761,6.280387389389884,6.472638021888344,50000
2017-07-21,6.472638021888344,6.483735737422686,6.202099860810048,6.245027249609351,50000
2017-07-24,6.245027249609351,6.289404471610092,6.220926149623782,6.287974010573416,50000
2017-07-25,6.287974010573416,6.411205380736152,6.284935684447402,6.394120097704274,50000
2017-07-26,6.394120097704274,6.402109455740252,6.351895840717943,6.380108307639406,73681
2017-07-27,6.380108307639406,6.393116316626082,5.9316675529940595,5.941484050393395,51446
2017-07-28,5.941484050393395,6.154973410760512,5.932865894139774,6.117487833847749,50000
2017-07-31,6.117487833847749,6.188979828016343,5.598114169253692,5.604807266451809,50000
2017-08-01,5.604807266451809,5.604941314383284,5.458381200178603,5.459491804040523,50000
2017-08-02,5.459491804040523,6.18731429417275,5.432111049605495,6.1421987313877455,50000
2017-08-03,6.1421987313877455,6.19924104084908,5.883139866429763,5.9390289764155435,50000
2017-08-04,5.9390289764155435,6.346372101446329,5.862633403594938,6.339931050160518,50000
2017-08-07,6.339931050160518,6.3510043413163295,5.952781783441417,5.967597521336474,50000
2017-08-08,5.967597521336474,5.999099692918724,5.690898661041046,5.708456436785032,50000
2017-08-09,5.708456436785032,5.7943527694563155,5.496470442932946,5.509627735402245,121771
2017-08-10,5.509627735402245,5.659377913527037,5.468076599047399,5.6377731952879975,50000
2017-08-11,5.6377731952879975,5.764720557764913,5.634391618281388,5.7580266232072566,50000
2017-08-14,5.7580266232072566,5.801385885567035,5.640901137403611,5.645885099702198,50000
2017-08-15,5.645885099702198,5.66431569019769,5.382999741072292,5.397461550652427,68649
2017-08-16,5.397461550652427,5.43084527882167,5.0857696169552815,5.107059592001858,50000
2017-08-17,5.107059592001858,5.165885044908201,5.105148944674633,5.136516040016677,50000
2017-08-18,5.136516040016677,5.291494041971519,5.0953204405723875,5.260928848160758,50000
2017-08-21,5.260928848160758,5.543256773210728,5.195431378220395,5.492629960103305,50000
2017-08-22,5.492629960103305,5.730173850884896,5.48898350619053,5.703469970523197,50000
2017-08-23,5.703469970523197,5.886895310456649,5.664687160116485,5.875050089512632,70255
2017-08-24,5.875050089512632,6.04700080288774,5.829161532902157,5.999343237484336,50000
2017-08-25,5.999343237484336,6.151646979892092,5.956093941006272,6.139568012172589,50000
2017-08-28,6.139568012172589,6.168329091800635,6.104554763562487,6.11537535997669,50000
2017-08-29,6.11537535997669,6.527431425891144,6.110814169160666,6.520545223657095,50000
2017-08-30,6.520545223657095,6.80253460681263,6.455795319639427,6.769794725931999,50000
2017-08-31,6.769794725931999,7.2828168351891165,6.725394369449675,7.267495609543142,58758
2017-09-01,7.267495609543142,7.26900525078163,6.9913769952581255,7.031499376208258,50000
2017-09-04,7.031499376208258,7.05423041010044,6.819627645720386,6.841937624434691,50000
2017-09-05,6.841937624434691,7.023777870459691,6.816149554052722,6.971830150475014,50000
2017-09-06,6.971830150475014,7.009328257520356,6.62275284100588,6.719439294922458,54272
2017-09-07,6.719439294922458,6.816025654360421,6.118967293372591,6.159493601126851,50000
2017-09-08,6.159493601126851,6.202138816961906,6.119398535599497,6.176576973724853,50000
2017-09-11,6.176576973724853,6.191342878775111,5.974562557941853,5.9795871570467405,54330
2017-09-12,5.9795871570467405,5.992315133117888,5.516265383773317,5.563256246975011,50000
2017-09-13,5.563256246975011,5.867670174305876,5.5050647378703434,5.823100128243037,50000
2017-09-14,5.823100128243037,5.826275247896539,5.670146593750026,5.676735709429054,51006
2017-09-15,5.676735709429054,5.728834077016434,5.537872261192557,5.538600413765074,121598
2017-09-18,5.538600413765074,5.769028206184316,5.51704234661313,5.750862533210551,50000
2017-09-19,5.750862533210551,5.755145325409138,5.648451908488447,5.692017154302163,207815
2017-09-20,5.692017154302163,6.070876539068009,5.6498316490007365,6.045470983523963,50000
2017-09-21,6.045470983523963,6.623382596291766,6.020838615480694,6.54066742698097,73217
2017-09-22,6.54066742698097,6.923747119697326,6.526757818531349,6.906717363136418,50000
2017-09-25,6.906717363136418,6.945941687854221,6.750584376946379,6.785510104756274,50000
2017-09-26,6.785510104756274,6.79432672963932,6.3282357262020055,6.38567478816237,50000
2017-09-27,6.38567478816237,6.399788206443457,6.17413483590832,6.262475217572399,50079
2017-09-28,6.262475217572399,6.394009262233354,6.250845749411537,6.341146988700331,66487
2017-09-29,6.341146988700331,6.53125585155041,6.312962954275573,6.430424614082341,50000
2017-10-02,6.430424614082341,6.470057880868758,6.283680446823958,6.3092218166018625,50000
2017-10-03,6.3092218166018625,6.317295248852743,6.088526876883145,6.122447275890649,50000
2017-10-04,6.122447275890649,6.248144995226038,6.066918418029241,6.202601972701252,50000
2017-10-05,6.202601972701252,6.248622863931046,5.949564096079712,5.95690585873849,50000
2017-10-06,5.95690585873849,6.010100559357327,5.375182900464468,5.418720543097844,50000
2017-10-09,5.418720543097844,5.67240186647016,5.348979806302369,5.582983431186212,50000
2017-10-10,5.582983431186212,5.593434093194245,5.03738533132927,5.045907299426095,50000
2017-10-11,5.045907299426095,5.055831555257334,5.015201482299403,5.048773142340947,50000
2017-10-12,5.048773142340947,5.054035557934706,4.916358331288593,4.939457613485599,50000
2017-10-13,4.939457613485599,5.248051842408246,4.92849280426099,5.22234950478562,50000
2017-10-16,5.22234950478562,5.4573089705811935,5.214827553091824,5.4252083083255345,50000
2017-10-17,5.4252083083255345,5.545813072916352,5.386050273301322,5.485690024695152,50000
2017-10-18,5.485690024695152,5.5015995720616715,5.45359780279249,5.455373611073449,86696
2017-10-19,5.455373611073449,5.539441345835551,5.332338390423156,5.3334212910882455,50000
2017-10-20,5.3334212910882455,5.469836865407749,5.316223277901788,5.442319626058761,50000
2017-10-23,5.442319626058761,5.456014496289672,4.8901690066168015,4.908285303528198,50000
2017-10-24,4.908285303528198,4.920571135095727,4.75922063219761,4.807125261262587,50000
2017-10-25,4.807125261262587,4.808666060074097,4.681892771824513,4.709116891514641,50000
2017-10-26,4.709116891514641,5.0406656579457,4.6854750785664,5.024511977133306,50000
2017-10-27,5.024511977133306,5.251785734141084,4.978788291093939,5.196183141717888,93372
2017-10-30,5.196183141717888,5.229481208000135,5.094332876015121,5.104837684940062,50000
2017-10-31,5.104837684940062,5.695545354344355,5.0733378462203405,5.6209535083303726,50000
2017-11-01,5.6209535083303726,5.631533783460566,5.369010414750337,5.446694964188432,50805
2017-11-02,5.446694964188432,5.470752451315948,5.220729339894176,5.2389758319891,50000
2017-11-03,5.2389758319891,5.30803000389495,5.013220308811399,5.0281906354570145,50000
2017-11-06,5.0281906354570145,5.306761798169734,4.991656884612007,5.297976189359856,50000
2017-11-07,5.297976189359856,5.360142442330586,5.268583785799201,5.355598064832008,61885
2017-11-08,5.355598064832008,5.391723328656341,5.297514984520191,5.327215233977345,50000
2017-11-09,5.327215233977345,5.338444136509549,5.2858931305716705,5.298265419728544,50000
2017-11-10,5.298265419728544,5.716722862217578,5.274245465512185,5.706988543056035,89818
2017-11-13,5.706988543056035,5.751997318431387,5.34561723544336,5.351334258306945,71427
2017-11-14,5.351334258306945,5.622559842685309,5.332432549107054,5.612728434867635,50000
2017-11-15,5.612728434867635,6.183587575374727,5.6005869264591865,6.161190707946189,57304
2017-11-16,6.161190707946189,6.4203004620461375,6.142008139093801,6.418090538286195,50000
2017-11-17,6.418090538286195,6.43551225570453,6.228740968822898,6.272233811809678,72473
2017-11-20,6.272233811809678,6.2792606076321915,5.699149293359796,5.720236100067759,176014
2017-11-21,5.720236100067759,5.765922337386726,5.29069399858583,5.298486975342238,50000
2017-11-22,5.298486975342238,5.35073353814337,5.264885054796248,5.327747293122197,50000
2017-11-23,5.327747293122197,5.37614846367963,5.201908225405763,5.210086722692234,74420
2017-11-24,5.210086722692234,5.215499793648482,4.908776567019466,4.925151153812183,50000
2017-11-27,4.925151153812183,5.0901597253743045,4.884954050358707,5.052823389884774,84445
2017-11-28,5.052823389884774,5.393561188969348,5.028237949407585,5.349456714071462,50000
2017-11-29,5.349456714071462,5.354838638870681,5.071623062039996,5.116653090783043,50000
2017-11-30,5.116653090783043,5.247281196979978,5.1045656798882595,5.205910399505934,52549
2017-12-01,5.205910399505934,5.4581075303764806,5.189873058963504,5.453125923399742,50000
2017-12-04,5.453125923399742,5.78674289600699,5.4290140843516,5.715924767360313,50000
2017-12-05,5.715924767360313,5.888095489109448,5.696174251993886,5.881697096724599,104463
2017-12-06,5.881697096724599,6.327744566726709,5.830321748250027,6.288356271349059,50000
2017-12-07,6.288356271349059,6.308899528236972,6.213002994410308,6.218159274156893,50000
2017-12-08,6.218159274156893,6.249199026146521,6.007641765967097,6.025782338101898,97405
2017-12-11,6.025782338101898,6.030008731098013,5.926783018324811,5.938727072526909,50000
2017-12-12,5.938727072526909,6.004506723950301,5.702747202441473,5.73649990189314,50000
2017-12-13,5.73649990189314,5.785261523887364,5.720255781803984,5.774186122390658,70570
2017-12-14,5.774186122390658,5.7930527782343,5.560798142022811,5.561846787340798,60701
2017-12-15,5.561846787340798,5.582201188089003,5.176301667014288,5.1972748538728775,50000
2017-12-18,5.1972748538728775,5.233720502092364,5.1463340946199905,5.151259974379638,50000
2017-12-19,5.151259974379638,5.1695603596419195,4.974311346858078,4.983652469393744,82021
2017-12-20,4.983652469393744,4.9929234847645825,4.34958887193347,4.384173323390595,50000
2017-12-21,4.384173323390595,4.394084939811041,3.8921699723317276,3.960664360084211,50000
2017-12-22,3.960664360084211,4.1649710597397345,3.9584153323129803,4.13403538801687,52128
2017-12-25,4.13403538801687,4.539225258317045,4.118699750999856,4.5196834857624495,50000
2017-12-26,4.5196834857624495,4.567576980310381,4.151741967552095,4.1857951001390425,109502
2017-12-27,4.1857951001390425,4.244289151630601,4.168553811801269,4.201754815307681,50000
2017-12-28,4.201754815307681,4.217666547366838,4.118503748417112,4.159985164366426,50000
2017-12-29,4.159985164366426,4.235463672759182,4.134155941068278,4.229629726122704,50000
2018-01-01,4.229629726122704,4.418388236409705,4.2237486772592225,4.381895122119204,50000
2018-01-02,4.381895122119204,4.49884298024419,4.380833683649509,4.456172752460283,115522
2018-01-03,4.456172752460283,4.623343141611444,4.427767456892284,4.574769606302247,56455
2018-01-04,4.574769606302247,4.680026379823692,4.551507015465186,4.677933513373718,70824
2018-01-05,4.677933513373718,5.128827200253548,4.663323742843921,5.114549278400294,50000
2018-01-08,5.114549278400294,5.226154593601814,5.111166621338865,5.220792232146598,50000
2018-01-09,5.220792232146598,5.223752182260546,5.142546219374962,5.163221382635919,50000
2018-01-10,5.163221382635919,5.164710403529842,5.01318775920898,5.016756929908796,50000
2018-01-11,5.016756929908796,5.160330327002856,5.009229558716642,5.154323014418935,71753
2018-01-12,5.154323014418935,5.172309271246049,5.114634475141566,5.1178909366430965,53678
2018-01-15,5.1178909366430965,5.141251300488466,5.008787382564557,5.009879263378094,50000
2018-01-16,5.009879263378094,5.0280155714343,4.810842167461404,4.845730748826274,50000
2018-01-17,4.845730748826274,4.865765554778732,4.498620489285205,4.521861204166783,50000
2018-01-18,4.521861204166783,5.156836178951345,4.503914646208773,5.134480018001307,50000
2018-01-19,5.134480018001307,5.1581840876973235,5.1239689651671085,5.138749327303749,65316
2018-01-22,5.138749327303749,5.139113482832188,5.019251701579846,5.035918795245764,66823
2018-01-23,5.035918795245764,5.344765869247541,5.0139804966206185,5.327180156956396,50000
2018-01-24,5.327180156956396,5.369524945270491,5.182123728622897,5.232307008675404,50000
2018-01-25,5.232307008675404,5.518818016476946,5.195575794563649,5.497685882091001,50000
2018-01-26,5.497685882091001,5.509986442198389,5.394341607138466,5.426715522397771,50000
2018-01-29,5.426715522397771,5.814771418490116,5.397126027922183,5.785261909548641,50000
2018-01-30,5.785261909548641,5.794284318927555,5.670718217462257,5.6790036227706695,50000
2018-01-31,5.6790036227706695,5.719531932338954,5.537373901718152,5.551736792068204,50000
2018-02-01,5.551736792068204,5.554182220340997,5.507992546186073,5.532194643578526,50000
2018-02-02,5.532194643578526,5.538837789359548,5.435116714393028,5.440083004427372,50000
2018-02-05,5.440083004427372,5.526039433914492,5.432966828044369,5.525470496825912,67184
2018-02-06,5.525470496825912,5.865903844084154,5.441494052826217,5.827069377840443,50000
2018-02-07,5.827069377840443,5.828263829679131,5.7874718815715145,5.800757197770307,158543
2018-02-08,5.800757197770307,6.0581542612493875,5.7638739290743555,6.046538088373169,50000
2018-02-09,6.046538088373169,6.065369758814136,5.747255134013901,5.750725817537989,50000
2018-02-12,5.750725817537989,5.761205765233104,5.469640783593512,5.511186875258522,50000
2018-02-13,5.511186875258522,5.68976621152456,5.482264768904545,5.679156215105608,63576
2018-02-14,5.679156215105608,5.913697829763471,5.658614328510585,5.879420517583735,50000
2018-02-15,5.879420517583735,5.908718306756201,5.839750655654945,5.877251611131009,50000
2018-02-16,5.877251611131009,5.8818716481627975,5.7307681475791865,5.756315237037827,51238
2018-02-19,5.756315237037827,5.786927471424455,5.756075981956424,5.761245392178781,50000
2018-02-20,5.761245392178781,5.7828130653555645,5.648008579292501,5.662276896804366,50000
2018-02-21,5.662276896804366,5.66569247881598,5.341288585335968,5.3934455905921626,61586
2018-02-22,5.3934455905921626,5.440715099020535,5.392160852771457,5.3991065133682605,50000
2018-02-23,5.3991065133682605,5.408560419351199,5.315151403667562,5.3552262335985485,50000
2018-02-26,5.3552262335985485,5.908304836043569,5.345584110568624,5.868907920192279,50000
2018-02-27,5.868907920192279,5.871018231560714,5.750169688278391,5.7885513457729605,50000
2018-02-28,5.7885513457729605,5.800315755550856,5.726461174579178,5.736034988185092,50000
2018-03-01,5.736034988185092,6.239852463049247,5.724402602297788,6.2389889269172665,50000
2018-03-02,6.2389889269172665,6.322408754289758,6.133236408231742,6.167097445001269,50000
2018-03-05,6.167097445001269,6.667074232303012,6.163807549050198,6.635358726060096,57949
2018-03-06,6.635358726060096,6.66114345550037,6.487854986524456,6.495910778315338,50000
2018-03-07,6.495910778315338,6.591731290967322,6.423172264875701,6.5726772666505555,50000
2018-03-08,6.5726772666505555,6.59682970396682,6.462243476845482,6.473152489973062,50000
2018-03-09,6.473152489973062,6.536653297619586,6.467927058037914,6.475626746211174,77639
2018-03-12,6.475626746211174,6.491266848232524,6.3699467933053,6.412334185760431,93278
2018-03-13,6.412334185760431,6.437160109357664,6.3563080915350865,6.416798633501767,50000
2018-03-14,6.416798633501767,6.481647831094474,6.283110570928529,6.312793251991446,50000
2018-03-15,6.312793251991446,6.407322527288881,6.299505157257827,6.4005159352471,50000
2018-03-16,6.4005159352471,6.496289276756285,6.357583947185685,6.395796999930658,50000
2018-03-19,6.395796999930658,6.648735715978581,6.338566368788777,6.627987285726893,83318
2018-03-20,6.627987285726893,6.850426834519083,6.62670127862247,6.830285498601716,105247
2018-03-21,6.830285498601716,6.842625249868746,6.609645673062939,6.670030731235381,61965
2018-03-22,6.670030731235381,6.693126567321666,6.397150950171186,6.42966332356579,50000
2018-03-23,6.42966332356579,6.4561424716559666,6.15526495927396,6.207344531082159,50000
2018-03-26,6.207344531082159,6.277019200238653,6.18859015688147,6.241213124606846,84206
2018-03-27,6.241213124606846,6.368838565026466,6.241139939115976,6.337496617774854,50000
2018-03-28,6.337496617774854,6.3754973100480825,6.1692101674945405,6.235885101310561,50000
2018-03-29,6.235885101310561,6.321547529954094,6.2140172089951795,6.301914706292746,50000
2018-03-30,6.301914706292746,6.388016582634781,6.254983108523068,6.369234155294244,50000
2018-04-02,6.369234155294244,6.715938499820769,6.34719786410013,6.715559044167432,50000
2018-04-03,6.715559044167432,6.733011098868842,6.229224553759038,6.288868459852129,91809
2018-04-04,6.288868459852129,6.328955064757185,5.881834734262671,5.887025191678239,50000
2018-04-05,5.887025191678239,5.889779889815309,5.728014057921338,5.762533710939528,50000
2018-04-06,5.762533710939528,6.000940902742847,5.72555095693064,5.9620651041519785,86255
2018-04-09,5.9620651041519785,6.018508355046693,5.916480275745983,6.0172583727217885,60324
2018-04-10,6.0172583727217885,6.176309232371804,5.986176695323767,6.1729086689787644,50000
2018-04-11,6.1729086689787644,6.505661964069335,6.158392878794283,6.481577828785236,50000
2018-04-12,6.481577828785236,6.526421405217129,6.350559173786934,6.3580323576992335,50000
2018-04-13,6.3580323576992335,6.3764972232850425,6.309295876947129,6.317475692305454,50000
2018-04-16,6.317475692305454,6.437569182064452,6.275827984031276,6.437012011270044,50000
2018-04-17,6.437012011270044,6.854024119433365,6.421210060589744,6.842689391307163,50000
2018-04-18,6.842689391307163,6.874968834235907,6.81667952286468,6.84366622431827,50000
2018-04-19,6.84366622431827,6.8538690359926076,6.680356111058683,6.726707597936812,50000
2018-04-20,6.726707597936812,7.23075763447835,6.692172152881549,7.16760442841009,95426
2018-04-23,7.16760442841009,7.943323926037853,7.140954777646955,7.844898949860247,50000
2018-04-24,7.844898949860247,7.886267751218441,7.404487790397853,7.46813974644877,50000
2018-04-25,7.46813974644877,7.4807116180580655,7.389322627422709,7.435135778301673,50000
2018-04-26,7.435135778301673,7.435369078835477,7.0376887143755935,7.139471727163364,50000
2018-04-27,7.139471727163364,7.208427131513373,7.103870822600795,7.203529594836185,50000
2018-04-30,7.203529594836185,7.216141913807587,6.838643008734358,6.847127538298316,50000
2018-05-01,6.847127538298316,6.906933462653023,6.776492739441986,6.8174629999744205,50000
2018-05-02,6.8174629999744205,6.831694432624279,6.331207530436905,6.385082349963744,50000
2018-05-03,6.385082349963744,6.5224893679624705,6.3716122288985835,6.454083488910415,50000
2018-05-04,6.454083488910415,6.493950603457668,6.142358270247448,6.142900732955616,50000
2018-05-07,6.142900732955616,6.546378345228497,6.135360363689975,6.499099675678802,93192
2018-05-08,6.499099675678802,6.85475022701794,6.4290960725281865,6.783877641911344,50000
2018-05-09,6.783877641911344,6.812384694266492,6.692165947096969,6.6999054104999765,96874
2018-05-10,6.6999054104999765,6.762592041395859,6.54738566186263,6.594755387484483,90485
2018-05-11,6.594755387484483,7.162224579399466,6.574865415938593,7.142440603384838,50000
2018-05-14,7.142440603384838,7.29328041590826,7.103582788434614,7.274250842086486,54361
2018-05-15,7.274250842086486,7.28558227865651,7.049245290591519,7.083276354249493,50000
2018-05-16,7.083276354249493,7.112953017854592,6.945614206613967,6.999359312276827,50000
2018-05-17,6.999359312276827,7.011492133816527,6.634335723970731,6.6370496540830075,50000
2018-05-18,6.6370496540830075,6.832547414654136,6.5738764932195926,6.79546270170033,50000
2018-05-21,6.79546270170033,6.80081851996405,6.65868454327611,6.691285722058281,57849
2018-05-22,6.691285722058281,6.692147576792946,6.558358736621013,6.63993235984832,58028
2018-05-23,6.63993235984832,6.651611182460806,6.535479065966152,6.596388766599608,105697
2018-05-24,6.596388766599608,6.626899004295287,6.270106100907396,6.334672750493084,50000
2018-05-25,6.334672750493084,6.399375426435941,6.317913872163374,6.3702988139769285,53520
2018-05-28,6.3702988139769285,6.401234192255023,6.145966297009868,6.23618611579096,50000
2018-05-29,6.23618611579096,6.279187742606054,6.035928822114793,6.057167456184748,50000
2018-05-30,6.057167456184748,6.214675801971443,6.037029408426524,6.19857706649036,50000
2018-05-31,6.19857706649036,6.37530747300982,6.196544634990276,6.370269308151205,61103
2018-06-01,6.370269308151205,6.403414344225852,5.732288652435902,5.7662948073011755,50000
2018-06-04,5.7662948073011755,5.881862870870989,5.740679453905419,5.867382969304279,50000
2018-06-05,5.867382969304279,5.884493810212717,5.847364896126574,5.858868453113086,55004
2018-06-06,5.858868453113086,5.900947972368498,5.463642898840013,5.509222575970085,56715
2018-06-07,5.509222575970085,5.516629490875999,5.244765313633504,5.272628562349466,50000
2018-06-08,5.272628562349466,5.274896409008369,5.236185215805237,5.2373168525075044,60754
2018-06-11,5.2373168525075044,5.2635564969413196,5.161742480591493,5.230444098282087,68337
2018-06-12,5.230444098282087,5.544944547946845,5.215391428852553,5.499129641659977,50000
2018-06-13,5.499129641659977,5.564937686610828,5.217646739859982,5.221718681193459,50000
2018-06-14,5.221718681193459,5.368012868679618,5.1865157694506205,5.330201638407507,115002
2018-06-15,5.330201638407507,5.345496507990723,5.2747910711933,5.277118875954819,50000
2018-06-18,5.277118875954819,5.290559113790236,5.211640486441647,5.232066226020189,50000
2018-06-19,5.232066226020189,5.248893498382532,5.20158503192006,5.201663070757304,50000
2018-06-20,5.201663070757304,5.233193340130839,5.183031884630236,5.224144666977976,50000
2018-06-21,5.224144666977976,5.274397007899828,5.107423666477054,5.14730888275452,50000
2018-06-22,5.14730888275452,5.265742471166952,5.146179294094711,5.239616175931943,71104
2018-06-25,5.239616175931943,5.252722475196116,5.05308182973946,5.084504441831408,50000
2018-06-26,5.084504441831408,5.257597670331319,5.081330103704789,5.232606249110538,50000
2018-06-27,5.232606249110538,5.617770939539983,5.2143285783813695,5.616746622006246,50000
2018-06-28,5.616746622006246,5.622088965843473,5.032320408617424,5.063577538684514,90369
2018-06-29,5.063577538684514,5.06465050319102,4.940439716752551,4.947224514903907,146874
2018-07-02,4.947224514903907,4.986640602136759,4.92482405567666,4.972868681599747,50000
2018-07-03,4.972868681599747,5.103924053005326,4.91116846158343,5.047424695019353,50000
2018-07-04,5.047424695019353,5.369557686220933,5.033258986418846,5.3514445676806375,50000
2018-07-05,5.3514445676806375,5.375603824129253,5.100567459264271,5.165863266210521,108713
2018-07-06,5.165863266210521,5.481428217899837,5.11995212505725,5.4590872095373735,50000
2018-07-09,5.4590872095373735,5.525678649459687,5.406184297236941,5.451078466715759,64138
2018-07-10,5.451078466715759,5.47006252969554,5.438649921394332,5.445741763659159,50000
2018-07-11,5.445741763659159,5.645145027823711,5.41529400875073,5.630031586195239,73540
2018-07-12,5.630031586195239,5.640070409456267,5.591449330811624,5.61112326744833,58045
2018-07-13,5.61112326744833,5.703846290264974,5.599587740176911,5.690402380444775,50000
2018-07-16,5.690402380444775,5.829072585956708,5.67937088281916,5.771421149552142,58204
2018-07-17,5.771421149552142,6.0137119890519175,5.7534561497053875,5.970717328220456,54095
2018-07-18,5.970717328220456,6.428257526047477,5.9439262129765975,6.397820578079114,50000
2018-07-19,6.397820578079114,6.5468253507097405,6.355564010157758,6.539490614205738,50000
2018-07-20,6.539490614205738,7.137603908557152,6.473679170229446,7.127325260784756,50000
2018-07-23,7.127325260784756,7.152843527049327,6.732471713607475,6.803381354338746,59756
2018-07-24,6.803381354338746,6.8104693136841625,6.517062392713297,6.534061294431428,50000
2018-07-25,6.534061294431428,6.8658608381986745,6.523799245515147,6.823313097427639,50000
2018-07-26,6.823313097427639,7.106020945217507,6.758742652405768,7.02252519493029,60757
2018-07-27,7.02252519493029,7.042948183963765,6.871449483304362,6.877792964159668,50000
2018-07-30,6.877792964159668,6.964047783378527,6.869113572057617,6.951664646633418,52147
2018-07-31,6.951664646633418,7.355812859990922,6.92290969454606,7.307994528330894,50000
2018-08-01,7.307994528330894,7.392490223562211,6.902661575486722,6.962265757430521,50000
2018-08-02,6.962265757430521,7.154169457586199,6.960026291453871,7.128166683620984,50000
2018-08-03,7.128166683620984,7.329733738911631,7.090810726190997,7.304785776263808,50000
2018-08-06,7.304785776263808,7.309569194908258,6.819320063697219,6.829029356169419,88795
2018-08-07,6.829029356169419,6.874969611051267,6.6019336920775125,6.624724995562107,76353
2018-08-08,6.624724995562107,6.727750930643786,6.620243853026852,6.7209781399826305,50000
2018-08-09,6.7209781399826305,6.830437561694606,6.707441007367464,6.822381857019587,50000
2018-08-10,6.822381857019587,6.850787671088375,6.567526492696085,6.6096541962767335,153485
2018-08-13,6.6096541962767335,6.657110748759638,6.272323432269534,6.2817275681968505,51662
2018-08-14,6.2817275681968505,6.347204545374239,6.246112786311117,6.331730919880475,137811
2018-08-15,6.331730919880475,6.3386473894130635,6.21597428622916,6.26276430714058,51340
2018-08-16,6.26276430714058,6.580485395904612,6.233679550603302,6.5248033980953934,50000
2018-08-17,6.5248033980953934,6.55341718329439,6.279425351732253,6.293054873666966,50000
2018-08-20,6.293054873666966,6.346684054217046,6.2592770591416915,6.298318386807209,53583
2018-08-21,6.298318386807209,6.4770043696364334,6.262280627474339,6.476558064109643,60129
2018-08-22,6.476558064109643,6.515941417062574,6.401123703988709,6.457222406317158,50000
2018-08-23,6.457222406317158,6.61241999918448,6.4138178228236296,6.59212575740435,55927
2018-08-24,6.59212575740435,6.626006595038686,6.505424654050709,6.589732459809877,50000
2018-08-27,6.589732459809877,6.985748935375659,6.5819411534738315,6.9588406905739735,50000
2018-08-28,6.9588406905739735,6.965801258660859,6.863757162766669,6.865544409701201,50000
2018-08-29,6.865544409701201,7.146115048845487,6.831032356641017,7.132506158759307,50000
2018-08-30,7.132506158759307,7.172511058159821,7.108425766616863,7.115823172960218,50000
2018-08-31,7.115823172960218,7.14395578765608,6.572369415386215,6.587237027286254,71952
2018-09-03,6.587237027286254,6.6119566227783695,6.460080667049402,6.4922941301039865,50000
2018-09-04,6.4922941301039865,6.755765579157043,6.474423303349787,6.69345717265804,50000
2018-09-05,6.69345717265804,6.97970152788916,6.669748444437694,6.951983934150538,50000
2018-09-06,6.951983934150538,6.960747806633149,6.689954197072989,6.719681196466875,50000
2018-09-07,6.719681196466875,7.160820161487451,6.633004538345253,7.134233762525471,50000
2018-09-10,7.134233762525471,7.352731783380216,7.098561219436339,7.287786040575034,50000
2018-09-11,7.287786040575034,7.532940605122404,7.280078730835964,7.479661579818821,67778
2018-09-12,7.479661579818821,7.503652403907305,6.846036098634409,6.8946382298693445,58028
2018-09-13,6.8946382298693445,6.967785622810057,6.7370300375199355,6.938564312162533,108206
2018-09-14,6.938564312162533,7.1858541847824124,6.89719708305296,7.152772774052978,50000
2018-09-17,7.152772774052978,7.348585685445495,7.111767082907124,7.311826129588066,50000
2018-09-18,7.311826129588066,7.409005262607371,7.25544549055338,7.364510693159908,50000
2018-09-19,7.364510693159908,7.375814755858854,7.3588494899994945,7.3650605818616715,70872
2018-09-20,7.3650605818616715,7.404349728784884,7.322321421935401,7.375323335440108,50000
2018-09-21,7.375323335440108,7.418555739146825,6.798517144328454,6.811650093208074,50000
2018-09-24,6.811650093208074,6.81300837259459,6.667558040698277,6.6776234314947835,50000
2018-09-25,6.6776234314947835,7.297754528530594,6.675891412190593,7.24676456523971,69281
2018-09-26,7.24676456523971,7.285552560445169,7.102358914544449,7.117731714477442,107049
2018-09-27,7.117731714477442,7.1929554868395,6.540709091925047,6.54135937753292,50000
2018-09-28,6.54135937753292,6.813447096248079,6.504414601117911,6.801305786986522,69929
2018-10-01,6.801305786986522,6.840294023533184,6.696674167483767,6.712010874237249,55372
2018-10-02,6.712010874237249,6.925677899915945,6.660482808363048,6.859854279027824,50000
2018-10-03,6.859854279027824,7.192454856489266,6.793108110386801,7.190831185940511,50000
2018-10-04,7.190831185940511,7.229198327236699,7.142910940440787,7.168091521640738,50000
2018-10-05,7.168091521640738,7.3948916736724515,7.1673941492636155,7.331859237637522,51465
2018-10-08,7.331859237637522,7.359429135768787,7.140288290671894,7.1933941067581895,50000
2018-10-09,7.1933941067581895,7.592625060961245,7.157975303338597,7.590070066562601,64019
2018-10-10,7.590070066562601,7.7965621213383915,7.588415875453729,7.77143569951931,95661
2018-10-11,7.77143569951931,7.809313250051252,7.326250513749623,7.371440538993936,50000
2018-10-12,7.371440538993936,7.375165632078751,7.317822693519334,7.340022473141599,64885
2018-10-15,7.340022473141599,7.397190314667127,7.339243075106731,7.376283431740641,50000
2018-10-16,7.376283431740641,7.869691756901726,7.339195926222748,7.820146734460121,50000
2018-10-17,7.820146734460121,7.8462469150940946,7.785957870658599,7.82039996728536,56344
2018-10-18,7.82039996728536,7.978427334565632,7.776349930979507,7.926041133215725,50000
2018-10-19,7.926041133215725,8.63040097887861,7.824820031711508,8.537851638687988,50000
2018-10-22,8.537851638687988,9.056029446872529,8.531204159349542,9.047400025242833,84477
2018-10-23,9.047400025242833,9.183756680220341,8.710787638850755,8.712938325796326,105144
2018-10-24,8.712938325796326,8.838388075735235,8.531187624133983,8.557168526500945,50000
2018-10-25,8.557168526500945,8.574870160825233,8.209869227637261,8.311097505236079,50000
2018-10-26,8.311097505236079,8.373666696435132,8.143245124563663,8.155715290954625,50000
2018-10-29,8.155715290954625,8.16181539347131,7.972389848597406,7.998745149751978,50000
2018-10-30,7.998745149751978,8.006965016192014,7.526503166063882,7.56868111618452,66796
2018-10-31,7.56868111618452,7.574292094985418,7.1518498613333845,7.241341217430123,63294
2018-11-01,7.241341217430123,7.490526036832434,7.208311898849634,7.467115969517875,50000
2018-11-02,7.467115969517875,7.611843784768657,7.450508177603557,7.585218029620868,50000
2018-11-05,7.585218029620868,8.266903634227294,7.580883956250909,8.240116038199666,50000
2018-11-06,8.240116038199666,8.331107080855496,8.186603006678709,8.30315609976535,50000
2018-11-07,8.30315609976535,8.510009121109578,8.289838147106648,8.505587121981293,103748
2018-11-08,8.505587121981293,8.536452536707488,8.4615836637326,8.482499145003843,104808
2018-11-09,8.482499145003843,9.036217517250973,8.472017380107925,8.973041805425163,50304
2018-11-12,8.973041805425163,9.243442289218839,8.920709510027635,9.1882904635883,50000
2018-11-13,9.1882904635883,9.564603502985936,9.075450684030791,9.538195171566537,50000
2018-11-14,9.538195171566537,9.647453024461425,9.367620186032697,9.389061586623868,59109
2018-11-15,9.389061586623868,9.43480599981831,9.18902525955189,9.267539308076243,50000
2018-11-16,9.267539308076243,9.306017070485586,9.068776962617708,9.147969727496953,50000
2018-11-19,9.147969727496953,9.264332687366691,9.097410075285724,9.160768785489752,50000
2018-11-20,9.160768785489752,9.300624471092615,9.077164898902547,9.234810590856375,50000
2018-11-21,9.234810590856375,9.942949869753951,9.157787433883945,9.878729810908155,50000
2018-11-22,9.878729810908155,10.113901113428552,9.817343883191116,10.045782098810989,50000
2018-11-23,10.045782098810989,10.137020991843055,9.851851209153024,9.863364794442841,51027
2018-11-26,9.863364794442841,10.292523556877866,9.862166032231746,10.270027771136222,100885
2018-11-27,10.270027771136222,10.662048624193151,10.202572631117203,10.580177081895743,50000
2018-11-28,10.580177081895743,10.90760813839876,10.516031924984906,10.866931361066317,96432
2018-11-29,10.866931361066317,10.903966888426519,10.409310907691422,10.507061592750162,72632
2018-11-30,10.507061592750162,10.523898096928134,10.351977985977069,10.43117223615171,50000
2018-12-03,10.43117223615171,10.437764564872309,10.184545587555425,10.196383427564157,50000
2018-12-04,10.196383427564157,10.451202702773273,10.121034799088251,10.429623045809997,61340
2018-12-05,10.429623045809997,10.556281833320895,10.176347707878296,10.202565522713234,73650
2018-12-06,10.202565522713234,10.629021663131295,10.177571641176808,10.539642270101895,50000
2018-12-07,10.539642270101895,10.559785210822271,10.189820274542717,10.284293598312514,58956
2018-12-10,10.284293598312514,10.31936012585858,10.098551414075875,10.173670326456207,50000
2018-12-11,10.173670326456207,10.24453381185792,9.771350177792941,9.860966800712347,65542
2018-12-12,9.860966800712347,9.86915373753127,9.841027706427491,9.857064071884642,59250
2018-12-13,9.857064071884642,9.894198186009728,9.725219848267768,9.779580314278352,79474
2018-12-14,9.779580314278352,10.085110299262135,9.631280356878465,10.012043148484352,106312
2018-12-17,10.012043148484352,10.589356384664661,9.99832984816378,10.48770878125865,50000
2018-12-18,10.48770878125865,10.540347977261796,10.34725058835327,10.427080901938456,72733
2018-12-19,10.427080901938456,10.859533950534862,10.365229822690626,10.851491242583851,50000
2018-12-20,10.851491242583851,11.032932604017027,10.82444181712958,10.988478618472698,50000
2018-12-21,10.988478618472698,11.495880229647932,10.969418422370971,11.389596447537334,50000
2018-12-24,11.389596447537334,11.432796436735423,11.295661094853413,11.369181159123306,50000
2018-12-25,11.369181159123306,11.427376227055829,10.944926492187601,10.998177150294671,64352
2018-12-26,10.998177150294671,11.097570574014586,10.872291864854509,10.892348693357683,50000
2018-12-27,10.892348693357683,11.103799726237114,10.88424148759014,11.058041354040066,78365
2018-12-28,11.058041354040066,11.142621102914124,11.016834517912262,11.117589708707387,50000
2018-12-31,11.117589708707387,11.449632908283094,11.037928509051625,11.314611449684284,50000
2019-01-01,11.314611449684284,11.396606356587197,10.8917222403596,10.99689031868248,77573
2019-01-02,10.99689031868248,11.320095288848352,10.995815624261539,11.297649095214398,50000
2019-01-03,11.297649095214398,11.526915615889102,11.208653999296219,11.470641709383475,50000
2019-01-04,11.470641709383475,11.593356732540867,11.422165120944891,11.57765071073201,50000
2019-01-07,11.57765071073201,11.626940071139748,11.488756250672514,11.523440886837827,50000
2019-01-08,11.523440886837827,11.64209306692963,11.398230237677522,11.602199551903837,76059
2019-01-09,11.602199551903837,11.886955713969389,11.548510484813985,11.786254027875797,50000
2019-01-10,11.786254027875797,11.826861881608766,11.391096502244569,11.442763798030246,50000
2019-01-11,11.442763798030246,11.545831487106277,10.666742487752714,10.792939451485571,57158
2019-01-14,10.792939451485571,10.820701200047306,10.712853042341347,10.763146410001887,50000
2019-01-15,10.763146410001887,10.802919678808614,10.528895259209856,10.577015924857063,128643
2019-01-16,10.577015924857063,11.085299519514846,10.466943120063716,11.033982853803987,50000
2019-01-17,11.033982853803987,11.267776923127812,11.029888462241145,11.265208905573092,50229
2019-01-18,11.265208905573092,11.702689554741992,11.200848266906297,11.638053370492072,50000
2019-01-21,11.638053370492072,11.740911726084788,11.358131504659918,11.396451781885487,95493
2019-01-22,11.396451781885487,11.407916428120224,11.280434755715339,11.284300196088962,50000
2019-01-23,11.284300196088962,11.506819073276667,11.25469387392462,11.489191749114353,50000
2019-01-24,11.489191749114353,12.019379643431016,11.440826004518154,11.934801928553908,50000
2019-01-25,11.934801928553908,12.33280112700718,11.864669424904667,12.289342164303816,50000
2019-01-28,12.289342164303816,12.428259739248785,12.283757939867161,12.337988508971396,111187
2019-01-29,12.337988508971396,12.594552773845711,12.264358516565531,12.57216709051084,50000
2019-01-30,12.57216709051084,12.6423246179249,12.238446109465167,12.344394514349489,105802
2019-01-31,12.344394514349489,12.887271117545168,12.28511986462376,12.860815631195608,119388
2019-02-01,12.860815631195608,12.893990417155678,12.519964756278704,12.684796951045662,57075
2019-02-04,12.684796951045662,12.695845324307074,12.506724154019489,12.53520496209261,50000
2019-02-05,12.53520496209261,12.679851747797349,12.485472907624855,12.654012591173178,50000
2019-02-06,12.654012591173178,12.978456286447958,12.592180894859496,12.883701989047053,50000
2019-02-07,12.883701989047053,13.12231670269053,12.87655724604258,13.061889362773886,50000
2019-02-08,13.061889362773886,13.1242259099131,12.558434714072343,12.564145641320781,86600
2019-02-11,12.564145641320781,12.59146139785682,12.55086250311783,12.567524864980653,50000
2019-02-12,12.567524864980653,12.613519630236164,12.484381981722855,12.489873579069199,109878
2019-02-13,12.489873579069199,12.596751349948855,12.404099063139652,12.541168156261028,51679
2019-02-14,12.541168156261028,12.694706333567146,12.370883525888432,12.414718887068881,78337
2019-02-15,12.414718887068881,12.46298277008366,12.382166429465398,12.416427769993238,140033
2019-02-18,12.416427769993238,12.480344038725812,12.37637010641207,12.425727314180723,91044
2019-02-19,12.425727314180723,12.484592246875156,12.307976431469186,12.320005458259406,50000
2019-02-20,12.320005458259406,12.329156858130485,11.986635004664251,12.102836164041753,50000
2019-02-21,12.102836164041753,12.49002441964312,12.069850314027088,12.381283079832022,67300
2019-02-22,12.381283079832022,12.406630065509306,12.129944209739657,12.204523879625086,50000
2019-02-25,12.204523879625086,12.3421438546008,11.685164894057005,11.752652565005217,105799
2019-02-26,11.752652565005217,11.87162339505173,11.658379353435166,11.867235242598053,50000
2019-02-27,11.867235242598053,12.114776828054968,11.862116314141922,12.070443984620402,130185
2019-02-28,12.070443984620402,12.222530399071813,11.73875429685645,11.741149400283621,106139
2019-03-01,11.741149400283621,11.815209533047335,11.10538682966864,11.133458782080101,93791
2019-03-04,11.133458782080101,11.571693043114177,11.122217172214189,11.490026290207497,112713
2019-03-05,11.490026290207497,11.568936554927157,11.155576466692809,11.176328316654391,50000
2019-03-06,11.176328316654391,11.325016802175206,11.170539972794861,11.283416101001027,50000
2019-03-07,11.283416101001027,11.474293859585934,11.278771321629767,11.334830896465018,50000
2019-03-08,11.334830896465018,11.35884472220511,11.024815274391731,11.071414693691214,50000
2019-03-11,11.071414693691214,11.100343883359983,10.904495934809974,10.94629064652366,50000
2019-03-12,10.94629064652366,11.198508345573629,10.88997292732408,11.082207481685915,50000
2019-03-13,11.082207481685915,11.190497051572706,10.756491785899225,10.78876714904268,50000
2019-03-14,10.78876714904268,10.82225759784695,10.56500931062864,10.618298885033967,91116
2019-03-15,10.618298885033967,10.679129418637578,10.386595762758736,10.432837533290524,50000
2019-03-18,10.432837533290524,11.080344408832671,10.40367022640474,11.030551420949672,50000
2019-03-19,11.030551420949672,11.111361028121173,10.812056309541815,10.854998448090921,50000
2019-03-20,10.854998448090921,10.908756160906364,10.712754921966189,10.755024319375847,262066
2019-03-21,10.755024319375847,10.778728540380566,10.511414465235363,10.601737835570805,50000
2019-03-22,10.601737835570805,10.602390490916838,10.183576357645073,10.18918595469596,50000
2019-03-25,10.18918595469596,10.227464912178592,10.014600184964511,10.057814606563502,85254
2019-03-26,10.057814606563502,10.404917140669731,10.007607826263715,10.320110225619567,50000
2019-03-27,10.320110225619567,10.348348840423833,9.686161081156802,9.79830075465697,51559
2019-03-28,9.79830075465697,9.887381743039377,9.593958648404955,9.60503382372817,50000
2019-03-29,9.60503382372817,9.65530538815273,9.311909141055201,9.341252461337682,50000
2019-04-01,9.341252461337682,9.528450020884678,9.331235602740547,9.499720599065991,121438
2019-04-02,9.499720599065991,9.5908990027376,9.373741733084982,9.392096686371879,50000
2019-04-03,9.392096686371879,9.394802480695189,9.211134499543377,9.366260079905373,116831
2019-04-04,9.366260079905373,9.821180773537316,9.342852876671309,9.751554998606174,66778
2019-04-05,9.751554998606174,9.892614123477207,9.674054911783468,9.877482697752036,61298
2019-04-08,9.877482697752036,10.023405489051795,9.338262104896566,9.37995861264146,50000
2019-04-09,9.37995861264146,9.40646667599925,9.282687755549556,9.335634965138722,50000
2019-04-10,9.335634965138722,9.461413147426322,9.28371894779667,9.410260388070665,50000
2019-04-11,9.410260388070665,9.514236377952043,8.575664601115006,8.61116898275385,50000
2019-04-12,8.61116898275385,8.630913883287725,7.91249256978817,7.931609954136323,50000
2019-04-15,7.931609954136323,8.246437884750339,7.866348955514548,8.240032349908436,50000
2019-04-16,8.240032349908436,8.3294860974757,8.141381755959388,8.312639771445781,50000
2019-04-17,8.312639771445781,8.422565114241143,8.308373001474246,8.360843748632258,66434
2019-04-18,8.360843748632258,8.462483536610897,8.322590949815433,8.46091834726269,51101
2019-04-19,8.46091834726269,8.924894148442917,8.437656418177236,8.841583850469213,50000
2019-04-22,8.841583850469213,9.094789123852667,8.79665960701812,9.081065214725804,50000
2019-04-23,9.081065214725804,9.081392087074176,8.723900279773515,8.730532078522543,70741
2019-04-24,8.730532078522543,8.76678136702388,8.423468408495944,8.484997890353078,50000
2019-04-25,8.484997890353078,8.941471118644001,8.441485104306919,8.925544047198652,50000
2019-04-26,8.925544047198652,8.986244369854107,8.41166606344744,8.469175771740773,82766
2019-04-29,8.469175771740773,8.611540384756438,8.395542391034361,8.511995338807164,155958
2019-04-30,8.511995338807164,8.541892775292075,8.263924762165875,8.275860153535325,50000
2019-05-01,8.275860153535325,8.331721255768837,8.063386250270726,8.126229933842925,50000
2019-05-02,8.126229933842925,8.17273972230083,7.87856522059031,7.934776138528595,50000
2019-05-03,7.934776138528595,7.988303570191583,7.505692543366887,7.580051674368728,69070
2019-05-06,7.580051674368728,7.597640793652947,7.575784122444863,7.597497259927683,50000
2019-05-07,7.597497259927683,7.654612682015639,7.441745795125719,7.509082193057488,50000
2019-05-08,7.509082193057488,7.848399314342958,7.5065659574907,7.833090889877074,50000
2019-05-09,7.833090889877074,7.869203534757727,7.684076090257388,7.752427156605246,50000
2019-05-10,7.752427156605246,8.13213831446693,7.716687107511428,8.06567418074802,50000
2019-05-13,8.06567418074802,8.21088821965045,8.04890688241376,8.139907300408842,97485
2019-05-14,8.139907300408842,8.301596781447605,8.092480766407284,8.231744913222558,50000
2019-05-15,8.231744913222558,8.235863998791702,8.111729672472427,8.120871148588549,54394
2019-05-16,8.120871148588549,8.45844483506934,8.072799809076415,8.397502106190561,53671
2019-05-17,8.397502106190561,8.843900295133857,8.305025024934992,8.796511851812335,50000
2019-05-20,8.796511851812335,8.923848506763115,8.67143345502446,8.88841603815278,50000
2019-05-21,8.88841603815278,8.92822438004835,8.315121572192758,8.339175928335383,50000
2019-05-22,8.339175928335383,8.715935817771282,8.310142416015557,8.590819112106141,50000
2019-05-23,8.590819112106141,8.753752422384961,8.56965054955429,8.747990286562489,53177
2019-05-24,8.747990286562489,8.74799500202691,8.070887601547566,8.114143547775507,50000
2019-05-27,8.114143547775507,8.139733380188064,7.980317564744479,7.980806435924609,50000
2019-05-28,7.980806435924609,8.039834969777154,7.708344294391171,7.722191338076509,50000
2019-05-29,7.722191338076509,7.72457536096157,7.624985502667682,7.6762935758893045,50000
2019-05-30,7.6762935758893045,7.873143255425428,7.62213635608371,7.819487014508058,50000
2019-05-31,7.819487014508058,7.85291899881167,7.816079699095093,7.83129395420152,50000
2019-06-03,7.83129395420152,7.86663194968135,7.782653132471785,7.8564688845646655,55009
2019-06-04,7.8564688845646655,7.9527714304224935,7.355884861504456,7.385072383420299,50000
2019-06-05,7.385072383420299,7.415575460027701,6.865141482795353,6.896241084084358,50000
2019-06-06,6.896241084084358,6.903584247989779,6.302629282246309,6.3799030798289,50000
2019-06-07,6.3799030798289,6.382561092215222,5.964810745549559,6.039070812023017,50000
2019-06-10,6.039070812023017,6.041212490434391,5.632236482896558,5.666863932191436,50000
2019-06-11,5.666863932191436,5.8891466612264285,5.663450898513073,5.8890416944972666,50000
2019-06-12,5.8890416944972666,5.906295508363802,5.25864692541896,5.27216843200042,50000
2019-06-13,5.27216843200042,5.27317920046561,4.997944482066884,5.059174348162353,50000
2019-06-14,5.059174348162353,5.059754000324368,4.869458962538664,4.873078612269583,56698
2019-06-17,4.873078612269583,4.893728499473574,4.792710171886021,4.804100353154453,50000
2019-06-18,4.804100353154453,4.817212994235921,4.776555786200669,4.789292215124384,50000
2019-06-19,4.789292215124384,4.979244206340109,4.787302637290701,4.95628798762467,50000
2019-06-20,4.95628798762467,5.1203771407438605,4.953480794941561,5.072908498646443,50000
2019-06-21,5.072908498646443,5.104268419143171,4.929299807172578,4.957709348782831,50000
2019-06-24,4.957709348782831,4.97642602158018,4.6999951366656685,4.700139779733863,98351
2019-06-25,4.700139779733863,5.041487709324399,4.66058198853331,5.018899620851709,59433
2019-06-26,5.018899620851709,5.301213782142753,4.987752037076473,5.284711684785309,50000
2019-06-27,5.284711684785309,5.31093229481271,5.080085257728337,5.109246973824319,50000
2019-06-28,5.109246973824319,5.4035413353106545,5.064554875924931,5.396959276001122,53691
2019-07-01,5.396959276001122,5.398565274572259,4.908063008664832,4.9360911660905815,63606
2019-07-02,4.9360911660905815,5.197137120241663,4.907410403702431,5.193742192116441,176656
2019-07-03,5.193742192116441,5.43684650513246,5.141399210049284,5.405489583727373,79402
2019-07-04,5.405489583727373,5.4135930017656655,5.069603248601783,5.118557708702947,93361
2019-07-05,5.118557708702947,5.622358825368896,5.0945323703058,5.598012884443087,88859
2019-07-08,5.598012884443087,5.600131136312056,5.536274198078652,5.56983501036186,50000
2019-07-09,5.56983501036186,5.599579094240855,5.269474609380755,5.291855471722298,85126
2019-07-10,5.291855471722298,5.33714344939665,5.2415203030612405,5.2599253726820745,50000
2019-07-11,5.2599253726820745,5.287723130054145,5.095612642846073,5.1329158592590405,50819
2019-07-12,5.1329158592590405,5.145665200040682,5.041736085407237,5.096816698974995,68828
2019-07-15,5.096816698974995,5.169789882481762,5.023545705402722,5.139274736431504,50000
2019-07-16,5.139274736431504,5.234519117260866,5.113421365206011,5.230984192911633,72490
2019-07-17,5.230984192911633,5.463571698672342,5.210474314222601,5.453812906866879,75092
2019-07-18,5.453812906866879,5.659973328831457,5.443234109883775,5.6302411033409205,86116
2019-07-19,5.6302411033409205,5.994123459136855,5.61843968587155,5.955375121568036,50000
2019-07-22,5.955375121568036,5.9623477505901095,5.831124115088751,5.858321455595031,56250
2019-07-23,5.858321455595031,6.178662408433587,5.79845146505367,6.17768877827804,80896
2019-07-24,6.17768877827804,6.420680105300326,6.173555233014717,6.350132507759393,50000
2019-07-25,6.350132507759393,6.901032289678315,6.3424457732730595,6.825115420297498,50000
2019-07-26,6.825115420297498,7.340555409449636,6.76092382893509,7.304793606316368,53502
2019-07-29,7.304793606316368,7.365453451455354,7.192085916959011,7.321642242840138,734643
2019-07-30,7.321642242840138,7.327392906527946,6.620148470654869,6.6531478005866305,50000
2019-07-31,6.6531478005866305,6.692296924633098,6.021082657749619,6.084927116592051,93405
2019-08-01,6.084927116592051,6.255739654415878,6.066733020671209,6.252426059222467,50000
2019-08-02,6.252426059222467,6.4126538593699705,6.238265695736163,6.360956865319571,50000
2019-08-05,6.360956865319571,6.376632857080372,6.170756617834572,6.1833251309573924,50000
2019-08-06,6.1833251309573924,6.537748195092402,6.137940330917589,6.529981284247138,50000
2019-08-07,6.529981284247138,6.826506127389322,6.4380275872895245,6.77301262993388,50000
2019-08-08,6.77301262993388,7.197967815460546,6.716734292088757,7.128547310185958,50000
2019-08-09,7.128547310185958,7.432839946515632,7.122360539052562,7.419765734193821,50000
2019-08-12,7.419765734193821,7.668767484003363,7.386951736356465,7.657066542862309,50000
2019-08-13,7.657066542862309,7.702437306452858,7.539779017224426,7.547098693236435,121676
2019-08-14,7.547098693236435,7.994348111347784,7.543339178138232,7.988770573201982,50000
2019-08-15,7.988770573201982,8.027950576312131,7.538195586553229,7.592767209199506,50000
2019-08-16,7.592767209199506,7.65973235542592,7.2433730501693585,7.253715654620794,50000
2019-08-19,7.253715654620794,7.865060213233197,7.247508451602749,7.845819478026089,50000
2019-08-20,7.845819478026089,7.863137093512607,7.653785630947453,7.685410491504869,50000
2019-08-21,7.685410491504869,7.942894860338104,7.589840125767078,7.940461885737162,50000
2019-08-22,7.940461885737162,8.384564820292903,7.891954325411222,8.275640414790288,67608
2019-08-23,8.275640414790288,8.330163479967117,8.097035613819065,8.118928895788653,110159
2019-08-26,8.118928895788653,8.141905176717934,7.925478197362051,7.925725781129546,50000
2019-08-27,7.925725781129546,8.596843439865072,7.907929798159833,8.568779825202165,50000
2019-08-28,8.568779825202165,8.734661711529386,8.507191156258385,8.717353805006146,62153
2019-08-29,8.717353805006146,8.78876055833201,8.088130467645138,8.127621449191905,50000
2019-08-30,8.127621449191905,8.289046761080911,8.11796562572242,8.274537812932827,50000
2019-09-02,8.274537812932827,9.168967741339417,8.24466769682568,9.13027614351007,50000
2019-09-03,9.13027614351007,9.161625325773372,8.867252825599637,8.892494640563726,83851
2019-09-04,8.892494640563726,8.899479639047236,8.354481097114194,8.375455394722566,70205
2019-09-05,8.375455394722566,8.831067991620682,8.358612521454141,8.805150566182133,50000
2019-09-06,8.805150566182133,8.950081787304285,8.762423246106627,8.940152482375366,50000
2019-09-09,8.940152482375366,8.97729436348208,8.79095576112389,8.831081702593305,50000
2019-09-10,8.831081702593305,8.900898365234756,8.701658554640952,8.858848170247764,50000
2019-09-11,8.858848170247764,9.222626835169528,8.79346641025133,9.208387694232972,54498
2019-09-12,9.208387694232972,9.316410986416123,9.197032521571659,9.297243657023545,50000
2019-09-13,9.297243657023545,9.566315492971324,9.195354814503943,9.564480654771108,50000
2019-09-16,9.564480654771108,9.741640607266456,9.492218509244381,9.58715128438222,50000
2019-09-17,9.58715128438222,9.643115078309384,9.54222984302679,9.570730210800408,50000
2019-09-18,9.570730210800408,9.676445811450122,9.208059397242057,9.272321250756384,50000
2019-09-19,9.272321250756384,9.274203015516957,8.798056001972387,8.839753203487744,50000
2019-09-20,8.839753203487744,8.861357188522888,8.740721101476689,8.790797512249188,50000
2019-09-23,8.790797512249188,8.85844935156483,8.5418018840183,8.56211353285358,95987
2019-09-24,8.56211353285358,8.591351083481312,8.196414865018488,8.267317364549761,172337
2019-09-25,8.267317364549761,8.336488180248727,8.230436379094291,8.253215541474034,50000
2019-09-26,8.253215541474034,8.690665982974005,8.209113438059179,8.620616412687205,50000
2019-09-27,8.620616412687205,8.737138223113664,8.506684432309134,8.717966571965466,50000
2019-09-30,8.717966571965466,8.799468190488506,8.70215456704293,8.70556599112659,50782
2019-10-01,8.70556599112659,8.74014281885031,8.471281954787047,8.550621007294763,50000
2019-10-02,8.550621007294763,8.7812790727956,8.518671989428197,8.742620778379298,50000
2019-10-03,8.742620778379298,8.75639664598138,8.68467393154879,8.688030903799557,50000
2019-10-04,8.688030903799557,9.1219840969084,8.633747299171857,9.10995596262989,62652
2019-10-07,9.10995596262989,9.18996428125975,8.957188827038332,8.96434312445105,53186
2019-10-08,8.96434312445105,10.198326194584991,8.881154895523938,10.197129615744622,118785
2019-10-09,10.197129615744622,10.204921268204732,9.958966815738682,9.975663634202382,50000
2019-10-10,9.975663634202382,10.11264863612738,9.955552804024626,10.001783650659894,51780
2019-10-11,10.001783650659894,10.005882862018476,9.272401093496706,9.297954733534835,50000
2019-10-14,9.297954733534835,9.37248534235944,9.204782458386148,9.246027808395606,50000
2019-10-15,9.246027808395606,9.34381589919527,9.245575135926263,9.32261119169076,97815
2019-10-16,9.32261119169076,9.324699893517348,8.557093434210243,8.579904512619915,130968
2019-10-17,8.579904512619915,8.649330843450278,8.496651486370407,8.514294645449155,50000
2019-10-18,8.514294645449155,8.57094700370799,8.184821795124329,8.212377330879486,50000
2019-10-21,8.212377330879486,8.221003566768873,7.797867862438625,7.81389736390675,50000
2019-10-22,7.81389736390675,8.05079397905123,7.813432915098834,8.046143498326144,50000
2019-10-23,8.046143498326144,8.488750920218488,8.04282516073428,8.436039162216689,50000
2019-10-24,8.436039162216689,8.682187465952858,8.397142632684298,8.639346701583474,50000
2019-10-25,8.639346701583474,8.742240265787906,8.630626145389463,8.666569505570735,50000
2019-10-28,8.666569505570735,9.046841066827925,8.588953716786738,8.929506381484218,53329
2019-10-29,8.929506381484218,9.572935479274577,8.81786973863628,9.569660181445444,149184
2019-10-30,9.569660181445444,9.958974195164771,9.512516587600457,9.8876734285957,83374
2019-10-31,9.8876734285957,9.961594361789157,9.69266021221405,9.720512577435176,50000
2019-11-01,9.720512577435176,9.75905210735029,9.549367868157189,9.563912270348839,50000
2019-11-04,9.563912270348839,9.782698312549504,9.530063825937695,9.73275151102262,54167
2019-11-05,9.73275151102262,10.23235613617703,9.72129857544296,10.207436248880727,63456
2019-11-06,10.207436248880727,10.219936571727331,9.876655029087495,9.96256216644521,131888
2019-11-07,9.96256216644521,10.166399414402175,9.876895661623903,9.988581289282001,50000
2019-11-08,9.988581289282001,10.873103368393773,9.972403704925943,10.806010212909769,50000
2019-11-11,10.806010212909769,11.118241225433147,10.617686936295069,11.080425490333656,50000
2019-11-12,11.080425490333656,11.232684912901506,11.043275718171893,11.187354485440357,50000
2019-11-13,11.187354485440357,11.376032938713983,11.110611131797185,11.31184099860873,62361
2019-11-14,11.31184099860873,11.386085967703755,11.25812867545482,11.384154998444915,50000
2019-11-15,11.384154998444915,11.4071160849261,11.261718768838135,11.322147173058484,90148
2019-11-18,11.322147173058484,11.329260889564436,10.96222498153074,10.964508729748031,50000
2019-11-19,10.964508729748031,11.028534658719447,10.568385725739581,10.601346233472244,50000
2019-11-20,10.601346233472244,10.92714974312054,10.509868256697274,10.851593939939901,52876
2019-11-21,10.851593939939901,11.12337798823389,10.82613926650474,11.091685506920923,50000
2019-11-22,11.091685506920923,11.106934194638095,10.671391085668336,10.711615395367817,50000
2019-11-25,10.711615395367817,11.204739625676087,10.698277539232555,11.16827629908825,50000
2019-11-26,11.16827629908825,11.168576292167888,10.804239175585511,10.919376978914043,50000
2019-11-27,10.919376978914043,11.1448628850967,10.867749936193107,11.044267809333915,50000
2019-11-28,11.044267809333915,11.106700970204292,10.989989234895774,11.049939488207668,152906
2019-11-29,11.049939488207668,11.630768870647204,10.99010321209807,11.627253704415486,193346
2019-12-02,11.627253704415486,11.708454792807343,11.627199897981559,11.685234924281698,50000
2019-12-03,11.685234924281698,12.158445341118224,11.474273852796173,11.977983065487939,86577
2019-12-04,11.977983065487939,12.049964605620273,11.879467005313714,11.965217734494178,50000
2019-12-05,11.965217734494178,12.172855389714416,11.863595597671836,12.119056730139045,91052
2019-12-06,12.119056730139045,12.13473745503492,11.701352636785339,11.74654334598028,53398
2019-12-09,11.74654334598028,12.139667954106615,11.671758218827385,12.07096922172412,50000
2019-12-10,12.07096922172412,12.15665122784353,11.993515513038007,11.99670606514442,51376
2019-12-11,11.99670606514442,12.05101029792439,11.986438427779866,12.012175863619357,50000
2019-12-12,12.012175863619357,12.07994994060232,11.627109339282137,11.640259716299482,50000
2019-12-13,11.640259716299482,11.74355866636238,11.445623870019165,11.48513123384408,50000
2019-12-16,11.48513123384408,11.917042254997767,11.477817651526482,11.780481763349512,50000
2019-12-17,11.780481763349512,12.262818847300867,11.693467409026214,12.227452330308923,57281
2019-12-18,12.227452330308923,12.240502619446005,11.580717321716408,11.600541776372799,50000
2019-12-19,11.600541776372799,11.786912475300468,11.555648952746413,11.744670737371885,51143
2019-12-20,11.744670737371885,11.755921077429091,11.622492801439668,11.694086672437702,50000
2019-12-23,11.694086672437702,12.087837883057778,11.646230202276783,12.057490825525369,50000
2019-12-24,12.057490825525369,12.148272110869769,11.661713514201914,11.80927512998701,103136
2019-12-25,11.80927512998701,11.991657203613984,11.75382684780597,11.901456181284207,82321
2019-12-26,11.901456181284207,12.297023441081144,11.820267266974868,12.193326858046738,65349
2019-12-27,12.193326858046738,12.285707206803588,11.83255713624934,11.929519963640917,50000
2019-12-30,11.929519963640917,11.950763479881191,11.766155308344347,11.78556629424706,50000
2019-12-31,11.78556629424706,11.911055668253214,11.520937678607586,11.591633376722704,74477
2020-01-01,11.591633376722704,12.314601891360768,11.533893746704287,12.28949670333484,50000
2020-01-02,12.28949670333484,12.317916242010497,11.994336565220237,12.028405840138708,177433
2020-01-03,12.028405840138708,12.14946664124435,11.447282567667745,11.486003021940602,50000
2020-01-06,11.486003021940602,11.763131002877921,11.39272973371209,11.67290545590119,50000
2020-01-07,11.67290545590119,11.754743804715863,11.558493273730967,11.633689155536674,50000
2020-01-08,11.633689155536674,11.705635535007309,11.357448628923024,11.417263685176987,50000
2020-01-09,11.417263685176987,11.476853486171525,11.116433805776193,11.139298127027395,74598
2020-01-10,11.139298127027395,11.159098749858956,10.816315901331775,10.8247685571027,60443
2020-01-13,10.8247685571027,10.858477360792113,10.668702402239973,10.68234182815076,50000
2020-01-14,10.68234182815076,11.106148676387251,10.66458387132255,11.095941572705698,50000
2020-01-15,11.095941572705698,11.204648542965023,11.05747190013098,11.120833731941438,50000
2020-01-16,11.120833731941438,11.274573432013074,11.066036350620562,11.264915900429408,64282
2020-01-17,11.264915900429408,11.312877134988081,10.821443919307608,10.89863298418634,50000
2020-01-20,10.89863298418634,10.926888824871423,10.541390447877278,10.609982089663644,50000
2020-01-21,10.609982089663644,10.702809205332995,10.5058233118381,10.530973060846012,50000
2020-01-22,10.530973060846012,10.629075685493866,10.387758407610502,10.466633241196433,50000
2020-01-23,10.466633241196433,10.538894400470404,10.158056158087948,10.195938739659107,50000
2020-01-24,10.195938739659107,10.346276738122993,10.152427456440172,10.20221589107024,50000
2020-01-27,10.20221589107024,10.543514843138032,10.142023255436547,10.513773688807728,50000
2020-01-28,10.513773688807728,10.687742697947572,10.364056182230911,10.653019020011506,50000
2020-01-29,10.653019020011506,10.843649004495704,10.530582497521216,10.679950774650464,50000
2020-01-30,10.679950774650464,10.716569738686335,10.497592983914906,10.526588178126111,50000
2020-01-31,10.526588178126111,10.55574895509263,10.416711412383432,10.463754142065845,50000
2020-02-03,10.463754142065845,10.491564427786882,9.908276177722634,9.943071091293625,79715
2020-02-04,9.943071091293625,9.997260737262948,9.636410753651557,9.7042828654828,50000
2020-02-05,9.7042828654828,9.788066600290088,9.484520608085772,9.646968584384885,50000
2020-02-06,9.646968584384885,10.139127250920911,9.646254474653604,10.012911701077709,50000
2020-02-07,10.012911701077709,10.495555459852667,9.983556184974237,10.410332877114545,133795
2020-02-10,10.410332877114545,10.482379051128996,10.321467984859945,10.337329597292715,131993
2020-02-11,10.337329597292715,10.382294416764129,10.15411505058612,10.185709835257237,50000
2020-02-12,10.185709835257237,10.262595350323235,10.125063518993166,10.244469012777454,50000
2020-02-13,10.244469012777454,10.258671334819464,9.954228662027786,9.956931811602203,165097
2020-02-14,9.956931811602203,10.006380963505098,9.908758775928296,9.931941170045299,171777
2020-02-17,9.931941170045299,10.229355351584704,9.81996566831139,10.169824055110759,54928
2020-02-18,10.169824055110759,10.189680200375077,9.89831191630929,9.926527026730586,50000
2020-02-19,9.926527026730586,10.020025479060498,9.884919854276626,9.992236390010914,50000
2020-02-20,9.992236390010914,10.344488325722242,9.97685058855229,10.272078705275643,90926
2020-02-21,10.272078705275643,10.296665004908942,9.917412330484463,9.942334506031228,51080
2020-02-24,9.942334506031228,9.96972485316492,9.888226986650155,9.937620619114677,50000
2020-02-25,9.937620619114677,9.99991955642359,9.68619127149729,9.701956597135377,50000
2020-02-26,9.701956597135377,10.009389013054895,9.694042990944942,10.006687322831452,50000
2020-02-27,10.006687322831452,10.046103288283911,9.928258194633695,10.011797206508163,50000
2020-02-28,10.011797206508163,10.023092372136105,9.605915883250207,9.673319892948864,50000
2020-03-02,9.673319892948864,9.706633475391982,9.06987421710856,9.073927545909108,50000
2020-03-03,9.073927545909108,9.718768225217863,9.022998745813954,9.655160854675746,50000
2020-03-04,9.655160854675746,9.7883762245714,9.605674630286146,9.763829324268034,50000
2020-03-05,9.763829324268034,9.785005062771864,9.605901995221956,9.684512501752472,108692
2020-03-06,9.684512501752472,9.812024012761029,9.639937779030905,9.78874484796593,50000
2020-03-09,9.78874484796593,9.950922278198265,9.771138716342575,9.885876176192985,68035
2020-03-10,9.885876176192985,9.893619217791649,9.754913195469598,9.813063706862154,50000
2020-03-11,9.813063706862154,9.852910446367268,9.245880706391118,9.278714881212357,50000
2020-03-12,9.278714881212357,9.496251047991503,9.20809321890587,9.451662597403905,50000
2020-03-13,9.451662597403905,9.47891070027645,9.352875831558885,9.362560831409429,50000
2020-03-16,9.362560831409429,9.362811345532561,9.15882256916389,9.267373930226862,50000
2020-03-17,9.267373930226862,9.310267359951855,8.878311060090596,8.938349193636318,106279
2020-03-18,8.938349193636318,8.999840941321555,8.5358630128731,8.619235602833822,72565
2020-03-19,8.619235602833822,8.6582317809976,8.091771383094747,8.094934924408577,56599
2020-03-20,8.094934924408577,8.107396662379772,8.091077546954045,8.101807122823416,50000
2020-03-23,8.101807122823416,8.181951051884212,7.982957344228445,8.023929501434631,66310
2020-03-24,8.023929501434631,8.046968821953616,7.757300474558833,7.775226917574866,50000
2020-03-25,7.775226917574866,7.890021192939105,7.754019573569755,7.889344089324422,50000
2020-03-26,7.889344089324422,7.904305902511587,7.669833015491812,7.765061150131321,54373
2020-03-27,7.765061150131321,8.529813966818317,7.717404652659071,8.492448483013955,50000
2020-03-30,8.492448483013955,8.652735189454814,8.478810942558088,8.58842461536443,50000
2020-03-31,8.58842461536443,8.60968624998528,8.295092118137505,8.299490499588538,50000
2020-04-01,8.299490499588538,8.837446967406054,8.259175117482597,8.75075766044591,50000
2020-04-02,8.75075766044591,8.787719207675446,8.678244186991966,8.783972488191406,50000
2020-04-03,8.783972488191406,8.810787485137267,8.552695010007717,8.615957155042718,50000
2020-04-06,8.615957155042718,9.111000666858079,8.61203563353731,9.086520209269056,50000
2020-04-07,9.086520209269056,9.253120818315443,8.977910892043498,9.188840026381413,50000
2020-04-08,9.188840026381413,9.19116659872517,9.019803716332925,9.081735457302806,58651
2020-04-09,9.081735457302806,9.185162891187234,9.016949456181091,9.16843529054865,50000
2020-04-10,9.16843529054865,9.664366109695806,9.094208953825481,9.553082647556607,53292
2020-04-13,9.553082647556607,9.909049871436197,9.410138575162613,9.83707471943521,50000
2020-04-14,9.83707471943521,9.965632478718147,9.836380569273729,9.90720069174037,76818
2020-04-15,9.90720069174037,10.203115281351291,9.873370222379119,10.192827534234656,90511
2020-04-16,10.192827534234656,10.245121299129277,9.509172986604435,9.51801078526386,110738
2020-04-17,9.51801078526386,9.904119829151098,9.502800628996898,9.896689796685573,50000
2020-04-20,9.896689796685573,10.025139806737425,9.413861284722211,9.440699695773409,50000
2020-04-21,9.440699695773409,9.574989943776016,9.384117878456644,9.512706746224106,116484
2020-04-22,9.512706746224106,9.836269481107214,9.45741533598763,9.763058123816666,50000
2020-04-23,9.763058123816666,9.8006469151525,9.350038690734095,9.38063769482195,50000
2020-04-24,9.38063769482195,9.381193601607809,9.080853045476951,9.11840183361691,50000
2020-04-27,9.11840183361691,9.127590343337966,8.662866109492306,8.69067505645797,50000
2020-04-28,8.69067505645797,8.720219587144383,8.522305429184314,8.530952721835826,50000
2020-04-29,8.530952721835826,8.55712330208525,8.486314407447866,8.552715188887271,50000
2020-04-30,8.552715188887271,9.16244325320744,8.549099662805403,9.078828660117976,50000
2020-05-01,9.078828660117976,9.703975387873454,9.076065731170946,9.646750497084906,50000
2020-05-04,9.646750497084906,9.986068447092112,9.514357662695824,9.819323317483818,52919
2020-05-05,9.819323317483818,10.12255072333734,9.756509123482926,10.07290472496461,50000
2020-05-06,10.07290472496461,10.420504163882743,9.95435019436966,10.375071180175686,56204
2020-05-07,10.375071180175686,10.390795803962456,10.233361454077196,10.267473078887908,50000
2020-05-08,10.267473078887908,10.614238192728696,10.153897891588763,10.613681783552723,60608
2020-05-11,10.613681783552723,10.712844290923458,10.517250768485853,10.711764859888044,50000
2020-05-12,10.711764859888044,10.769834203838261,10.619343188542379,10.650610908713414,50000
2020-05-13,10.650610908713414,10.825663517286573,10.596047118281597,10.79401398869744,54507
2020-05-14,10.79401398869744,11.028168082734963,10.716941677943435,10.883994768300571,50000
2020-05-15,10.883994768300571,11.148907362517477,10.822655248715224,11.10726510298361,50000
2020-05-18,11.10726510298361,11.600756850651491,11.056870500503381,11.53049945674799,50000
2020-05-19,11.53049945674799,11.64281952464965,10.97319740454032,10.974713468515729,50000
2020-05-20,10.974713468515729,11.432368187795678,10.891843500345583,11.385464153977388,50000
2020-05-21,11.385464153977388,11.43246316655344,11.084817519532768,11.165754208267977,50000
2020-05-22,11.165754208267977,11.201859399982954,11.15983874998958,11.19220224197487,50000
2020-05-25,11.19220224197487,11.53191953598698,11.141663361238194,11.351706897874136,50000
2020-05-26,11.351706897874136,11.511434752378854,11.317554659729291,11.43022617092101,83534
2020-05-27,11.43022617092101,11.705910700805035,11.329657043948549,11.564760390704025,50000
2020-05-28,11.564760390704025,11.620407294690393,11.358934839433958,11.509330123465704,55781
2020-05-29,11.509330123465704,11.62509183251787,11.473421702830146,11.580685641592996,50000
2020-06-01,11.580685641592996,11.978311689912776,11.55316069534641,11.865769931396054,50000
2020-06-02,11.865769931396054,11.896072075312441,11.562924845021303,11.577164426786865,50000
2020-06-03,11.577164426786865,11.8981343645516,11.514918515970876,11.895699427124832,71851
2020-06-04,11.895699427124832,11.958927865991033,11.738099021297351,11.838369897735443,50000
2020-06-05,11.838369897735443,11.900414981543939,11.677040506039967,11.703073931878329,50000
2020-06-08,11.703073931878329,11.871021281051954,11.665655425505078,11.852696883234767,50000
2020-06-09,11.852696883234767,11.898346926883551,11.278089742081328,11.329174559035737,50000
2020-06-10,11.329174559035737,11.691713890829242,11.205404424774148,11.640579225219009,83721
2020-06-11,11.640579225219009,12.027327875019544,11.597199212557047,11.892590803514468,50000
2020-06-12,11.892590803514468,12.215064092480857,11.805831349605437,12.151332383285167,73466
2020-06-15,12.151332383285167,12.348827021487782,12.131464472010272,12.285114754831957,50000
2020-06-16,12.285114754831957,12.44407935415118,12.176236058549913,12.397355234052009,80998
2020-06-17,12.397355234052009,12.57301276321126,12.305929820666082,12.543997656708253,50000
2020-06-18,12.543997656708253,12.593974420049431,12.446293855183072,12.45795703773626,68214
2020-06-19,12.45795703773626,12.476055848915024,12.185773497195767,12.1908550778164,50000
2020-06-22,12.1908550778164,12.212501715530479,11.784152436112258,11.803976312279756,50000
2020-06-23,11.803976312279756,12.24333364272945,11.725919745549875,12.219642336935525,50000
2020-06-24,12.219642336935525,12.408285454656093,12.207636398178773,12.265736552421671,50000
2020-06-25,12.265736552421671,12.808787328867515,12.212174939553007,12.671218716063912,50000
2020-06-26,12.671218716063912,12.720764040462015,12.419205749454271,12.428381828814295,55564
2020-06-29,12.428381828814295,12.480004837211741,12.060052899709838,12.083230296203977,69355
2020-06-30,12.083230296203977,12.097660516187364,11.861805375781072,11.867349194625696,50000
2020-07-01,11.867349194625696,12.513863159415516,11.848310175148466,12.48810490439507,50000
2020-07-02,12.48810490439507,13.061181098081995,12.476716593578157,12.97312907600066,101838
2020-07-03,12.97312907600066,13.027784192403614,12.50095140735596,12.541683949733274,50000
2020-07-06,12.541683949733274,13.077711826914104,12.502684274449265,12.998532920276018,50000
2020-07-07,12.998532920276018,13.42093295309362,12.975702926953273,13.227790220500083,50000
2020-07-08,13.227790220500083,13.302262876353362,13.025917580816037,13.064557201227231,50000
2020-07-09,13.064557201227231,13.7979944993451,13.063263698637963,13.77771461372811,50000
2020-07-10,13.77771461372811,14.080296041078707,13.704034967603507,14.00088357111393,65918
2020-07-13,14.00088357111393,14.235344055103198,13.996154438147206,14.137540107581604,50000
2020-07-14,14.137540107581604,14.258122643012376,13.933400333255465,13.941367967751944,91142
2020-07-15,13.941367967751944,13.954216864413361,13.935053581819991,13.952973534756019,80218
2020-07-16,13.952973534756019,14.284595283392958,13.852877157928992,14.206251660583273,70417
2020-07-17,14.206251660583273,14.256425830399305,14.119610484819804,14.241877288807279,50000
2020-07-20,14.241877288807279,14.290406606605497,13.858911116132996,14.095724830213051,54977
2020-07-21,14.095724830213051,14.113040091848857,13.119581572019463,13.184352311791818,50000
2020-07-22,13.184352311791818,13.891330290409977,13.14426622127441,13.849661597200816,50000
2020-07-23,13.849661597200816,14.16537091827792,13.792634219612848,14.161718642511829,55835
2020-07-24,14.161718642511829,14.470558783585194,13.709327758571543,13.79606208139718,50000
2020-07-27,13.79606208139718,14.209488229588239,13.764563122435574,14.140734346353279,84914
2020-07-28,14.140734346353279,14.604975665897717,14.117770321982821,14.467915406853507,50000
2020-07-29,14.467915406853507,14.585482115115719,14.325839111736522,14.482484292022624,50000
2020-07-30,14.482484292022624,14.572650371968463,14.404402546143945,14.512912916174763,212502
2020-07-31,14.512912916174763,14.604567771366177,13.516372344804276,13.699408465992764,50000
2020-08-03,13.699408465992764,13.745078312271929,13.070556092549428,13.243948185801596,50000
2020-08-04,13.243948185801596,13.272820268036517,12.752991534919648,12.778617633874394,54085
2020-08-05,12.778617633874394,13.176135930069565,12.682610741602467,13.170502932461204,50000
2020-08-06,13.170502932461204,13.28402267526084,13.024966564287743,13.130354852259002,50000
2020-08-07,13.130354852259002,13.251572902397376,12.8183411723041,12.836257992456982,50000
2020-08-10,12.836257992456982,12.945667329950158,12.085179130417378,12.126176858193977,127646
2020-08-11,12.126176858193977,12.404163226670402,12.090506409215203,12.37021891105168,50000
2020-08-12,12.37021891105168,12.710987253409902,12.309324015339538,12.599509642402014,50000
2020-08-13,12.599509642402014,12.847628184546592,12.531106351118433,12.83001126597324,50000
2020-08-14,12.83001126597324,12.982025064799581,12.795085347336782,12.84157334587553,50000
2020-08-17,12.84157334587553,13.162856140316864,12.839341544077573,13.087969546346544,50000
2020-08-18,13.087969546346544,13.094307462368892,13.014539421953488,13.043879983226594,77690
2020-08-19,13.043879983226594,13.366342315807733,12.993001136252442,13.32909303469661,50000
2020-08-20,13.32909303469661,13.466631610806624,12.949504157754804,12.980395730492074,52045
2020-08-21,12.980395730492074,13.964209566965796,12.958528813182939,13.834041364474242,50000
2020-08-24,13.834041364474242,13.89353288889649,13.63289572075397,13.787749861979057,50000
2020-08-25,13.787749861979057,13.849057036984368,13.783326276169158,13.820439347565989,52383
2020-08-26,13.820439347565989,14.034845463349983,13.80907107737348,13.955117746073823,50000
2020-08-27,13.955117746073823,14.024724322645424,13.829609849610675,13.829998099733462,50000
2020-08-28,13.829998099733462,14.12337344501076,13.808663017874938,14.113797072133638,50000
2020-08-31,14.113797072133638,14.1152616017715,13.590353395256724,13.61440613705235,50000
2020-09-01,13.61440613705235,13.912382611675508,13.59557928963586,13.804277975880161,50000
2020-09-02,13.804277975880161,14.056788498566121,13.690742063130841,13.94289737853063,50000
2020-09-03,13.94289737853063,13.994823642021915,13.941700695866732,13.97001902557557,50000
2020-09-04,13.97001902557557,14.177532688757564,13.879462046931453,14.145281003682783,50000
2020-09-07,14.145281003682783,14.218266845373877,14.007644394377893,14.102412925575221,79255
2020-09-08,14.102412925575221,14.368633935773499,14.07995004916914,14.273281227633644,50000
2020-09-09,14.273281227633644,14.489543233367687,14.1550455942603,14.176105418850053,50000
2020-09-10,14.176105418850053,14.219915559091511,13.92462799295323,13.988987745844087,163007
2020-09-11,13.988987745844087,14.421298141358598,13.752635726859477,14.412166933396696,68192
2020-09-14,14.412166933396696,14.543329461981099,14.348141866084347,14.466368432454557,69245
2020-09-15,14.466368432454557,14.541216473385145,14.327337615292311,14.35992271473964,50000
2020-09-16,14.35992271473964,14.420959128474102,14.022657271298753,14.178510412450118,50824
2020-09-17,14.178510412450118,14.209585417292004,14.089649929650175,14.102573207341653,50000
2020-09-18,14.102573207341653,14.222483480005808,14.027444404489417,14.137030838484876,57271
2020-09-21,14.137030838484876,14.45169432433948,14.086206783066787,14.280745958060487,50000
2020-09-22,14.280745958060487,14.34418970549029,14.16588901903634,14.196368432360037,50000
2020-09-23,14.196368432360037,14.768023959881871,14.102228853666888,14.66175667097599,50000
2020-09-24,14.66175667097599,15.001426469823208,14.659560945415535,14.91396794593931,50000
2020-09-25,14.91396794593931,14.989146896958092,14.526062311499727,14.616513665993399,57361
2020-09-28,14.616513665993399,14.9113373021334,14.586243673429081,14.874820081502556,50000
2020-09-29,14.874820081502556,14.982592161243707,14.77786845739434,14.95196193966382,51369
2020-09-30,14.95196193966382,15.02670534327418,14.566191370579874,14.635514232549497,50000
2020-10-01,14.635514232549497,14.68041344833419,14.376195537488973,14.425571871680843,67553
2020-10-02,14.425571871680843,14.591932064742496,14.21763152989018,14.333054020249945,50000
2020-10-05,14.333054020249945,14.877646138250142,14.296992382464463,14.781825144745955,67260
2020-10-06,14.781825144745955,14.929270241569197,14.196350535985522,14.246102293373285,50000
2020-10-07,14.246102293373285,14.25438511150593,14.10887262120473,14.131168098790797,50000
2020-10-08,14.131168098790797,14.159092824057874,13.709716799141992,13.719055844488084,50000
2020-10-09,13.719055844488084,13.90429102137596,13.610331182478228,13.843301102614538,128310
2020-10-12,13.843301102614538,13.954372871930822,13.55596329991718,13.615249550169905,50000
2020-10-13,13.615249550169905,13.625909377051602,13.539123212217117,13.593876257339039,50000
2020-10-14,13.593876257339039,13.603828835622934,13.382258944852692,13.4286196129257,50185
2020-10-15,13.4286196129257,13.678519581631402,13.352691368281485,13.509373492413134,50000
2020-10-16,13.509373492413134,13.743630294246994,13.415438930269977,13.615074454049315,50000
2020-10-19,13.615074454049315,13.716168751179664,13.05522506400265,13.122093514786835,50000
2020-10-20,13.122093514786835,13.656212492179867,13.065068850393617,13.468398488852927,50422
2020-10-21,13.468398488852927,13.896141477258475,13.409238410714886,13.868649564162986,50000
2020-10-22,13.868649564162986,14.220864967194386,13.788495223946835,14.182116486722045,50000
2020-10-23,14.182116486722045,14.352461060970677,13.87704636792428,13.943438513510795,66449
2020-10-26,13.943438513510795,14.51761033348369,13.921942655573782,14.343352469217907,50000
2020-10-27,14.343352469217907,14.674549999599815,14.338742892020036,14.611882275824353,50000
2020-10-28,14.611882275824353,14.63313045114118,14.526848316760692,14.627916323280107,54343
2020-10-29,14.627916323280107,14.643271260113272,14.493726736032054,14.596788436654633,50000
2020-10-30,14.596788436654633,14.929090828587091,14.387204830401755,14.866019759325889,64776
2020-11-02,14.866019759325889,15.311364959488657,14.821556134881781,15.270451566750296,50000
2020-11-03,15.270451566750296,15.891665533405899,15.178511526763044,15.810680841394419,50000
2020-11-04,15.810680841394419,15.914286725065896,15.319139727829764,15.478789905311068,50000
2020-11-05,15.478789905311068,15.838680551233018,15.472023763812071,15.749613547011727,50000
2020-11-06,15.749613547011727,15.882476925769119,15.133168950672365,15.207951401692586,50000
2020-11-09,15.207951401692586,15.276899572802147,15.202241043141846,15.274596515149472,50000
2020-11-10,15.274596515149472,15.531162062392086,15.24596249258602,15.49564817792259,50000
2020-11-11,15.49564817792259,15.631642023909944,15.354655735108746,15.518978262581244,91777
2020-11-12,15.518978262581244,15.830845161086048,15.411408542560252,15.71789027385246,78578
2020-11-13,15.71789027385246,15.804292511468265,15.484106171697752,15.49223228100772,50000
2020-11-16,15.49223228100772,16.180112015082123,15.463789033488728,16.09290067002093,50000
2020-11-17,16.09290067002093,16.219812317142903,15.854089771426054,15.905606819947641,61437
2020-11-18,15.905606819947641,16.243093181446866,15.794853827028353,16.139818236468,61840
2020-11-19,16.139818236468,16.238660611483574,15.862640357265713,15.887142098243356,50000
2020-11-20,15.887142098243356,16.084834342569504,15.55934697261429,15.772254435225927,50000
2020-11-23,15.772254435225927,15.872369017346433,15.657551733166663,15.858547201338343,58428
2020-11-24,15.858547201338343,16.116754041279027,15.734232655766252,16.053672578063953,50000
2020-11-25,16.053672578063953,16.507239798220205,15.965310432327522,16.461014027651498,50000
2020-11-26,16.461014027651498,16.499203887699824,16.18597004387011,16.246061985211224,50000
2020-11-27,16.246061985211224,16.4705385478108,15.692724639408235,15.70768490316617,50000
2020-11-30,15.70768490316617,15.72735494605466,15.328475809953906,15.373565243724954,59934
2020-12-01,15.373565243724954,15.832997781480142,15.350767584044961,15.746581065962816,55616
2020-12-02,15.746581065962816,16.139693797036955,15.625051989978614,16.081971191766353,136359
2020-12-03,16.081971191766353,16.58513898315285,15.965025272786958,16.455382852943654,50000
2020-12-04,16.455382852943654,16.464968350057497,16.16367415757914,16.26654786206766,113525
2020-12-07,16.26654786206766,16.6712521818082,16.260759157500548,16.56136544999811,50000
2020-12-08,16.56136544999811,16.655173357770035,16.35054911803354,16.45443172525977,50000
2020-12-09,16.45443172525977,16.844799339301048,16.422050990293954,16.62127085537423,50000
2020-12-10,16.62127085537423,16.630133171556764,16.33660919326924,16.44208902735086,50000
2020-12-11,16.44208902735086,17.02114282217707,16.309434860642295,16.891859663781947,78496
2020-12-14,16.891859663781947,16.891914991565315,16.382258457331424,16.44703322416107,50000
2020-12-15,16.44703322416107,16.772753007683427,16.376214383984593,16.758397233379696,121681
2020-12-16,16.758397233379696,16.76601974818919,16.302329431905793,16.388067171787547,70702
2020-12-17,16.388067171787547,16.579366180215484,16.076932617394693,16.124288400321326,50000
2020-12-18,16.124288400321326,16.25037702405567,15.747513416638434,15.840619425929521,50000
2020-12-21,15.840619425929521,15.991938222834051,15.698099557348208,15.739366992067149,70503
2020-12-22,15.739366992067149,15.914476744110928,15.032269379683889,15.18988783173184,50000
2020-12-23,15.18988783173184,16.098150087176197,15.096036167638584,15.960883989654079,51399
2020-12-24,15.960883989654079,16.095898839880256,15.825030685566203,15.90785187230909,161330
2020-12-25,15.90785187230909,15.915337306817838,15.37036522363497,15.39439106950841,50000
2020-12-28,15.39439106950841,15.527712763734476,15.23373108961487,15.521872521241226,64770
2020-12-29,15.521872521241226,15.704384950407263,15.499743300363276,15.675925567544162,50000
2020-12-30,15.675925567544162,15.780005045451883,15.623748392984847,15.727377491123145,50000
2020-12-31,15.727377491123145,15.800401793380342,15.645289400535656,15.770840344070308,50000
2021-01-01,15.770840344070308,15.80764563793067,15.343547944731148,15.426753714098492,50000
2021-01-04,15.426753714098492,15.468460720899676,14.942942053901243,15.061346801268948,50000
2021-01-05,15.061346801268948,15.135197365028189,14.577331728070233,14.706944265579576,50000
2021-01-06,14.706944265579576,14.959173170285558,14.325066865424867,14.390343874569574,50000
2021-01-07,14.390343874569574,14.473981764341035,14.384620996839706,14.435679509509033,78974
2021-01-08,14.435679509509033,14.551407272675057,13.869991735862497,13.880912628766426,62828
2021-01-11,13.880912628766426,13.89981131413982,13.69012660691894,13.79679599638696,50000
2021-01-12,13.79679599638696,14.071029963705653,13.76847947025673,13.928517475639504,50000
2021-01-13,13.928517475639504,13.936958742184304,13.9097161271379,13.913182544022607,147252
2021-01-14,13.913182544022607,14.021381260893076,13.426082428969107,13.460057801547253,50000
2021-01-15,13.460057801547253,13.609096256390297,13.262753361384553,13.569590265373503,50000
2021-01-18,13.569590265373503,13.690397616822928,13.453019913216643,13.555312730090568,50000
2021-01-19,13.555312730090568,13.590178167668036,13.518822672854116,13.527328995263781,50000
2021-01-20,13.527328995263781,13.582746894322927,13.525282247936486,13.565150972319433,124609
2021-01-21,13.565150972319433,13.8153594605276,13.479976940003997,13.746607790564447,50000
2021-01-22,13.746607790564447,13.77077195612912,13.61530738395049,13.727491665584706,270486
2021-01-25,13.727491665584706,14.02143789688305,13.711771481861208,14.01431243995343,61181
2021-01-26,14.01431243995343,14.24356051424402,13.8242280317581,14.17753563626954,50000
2021-01-27,14.17753563626954,14.339567470099905,13.803764899009835,13.963151447063469,87130
2021-01-28,13.963151447063469,14.266634584265324,13.953587452396974,14.191800386789511,50000
2021-01-29,14.191800386789511,14.261933048688427,13.85321795348715,13.922728249060802,50000
2021-02-01,13.922728249060802,14.243558891467654,13.845743223576065,14.167500638116426,50000
2021-02-02,14.167500638116426,14.448699216589604,14.08752097642519,14.311750071361113,54940
2021-02-03,14.311750071361113,14.377494259393584,13.979907290266338,13.987276442783088,50000
2021-02-04,13.987276442783088,14.090961090518915,13.809918092214398,13.85786602623727,50000
2021-02-05,13.85786602623727,13.899509167997564,13.635467514455337,13.681555408238225,50000
2021-02-08,13.681555408238225,13.76597085879304,13.603575796635276,13.622792300627202,50000
2021-02-09,13.622792300627202,13.797649464857335,13.293215743591144,13.303475202527876,50000
2021-02-10,13.303475202527876,13.369091591591522,12.860707239844963,12.869420471102433,50000
2021-02-11,12.869420471102433,13.107465405107725,12.844449442663263,12.965948737696287,50000
2021-02-12,12.965948737696287,13.245685681965158,12.945354730368202,13.142055938149172,50000
2021-02-15,13.142055938149172,13.167334954789723,12.459855720981373,12.516886454549814,50000
2021-02-16,12.516886454549814,12.882367967910866,12.46054292239845,12.839188323033762,102978
2021-02-17,12.839188323033762,12.875216076233816,12.516992726051571,12.56099315621429,50000
2021-02-18,12.56099315621429,12.607253717485994,12.429965364408746,12.444567644894391,50000
2021-02-19,12.444567644894391,12.683287783662081,12.403747350097794,12.592270486115458,50000
2021-02-22,12.592270486115458,12.927448891100786,12.443738996206031,12.805288859532663,50000
2021-02-23,12.805288859532663,12.906268561671672,12.714464175772969,12.89284810838486,65451
2021-02-24,12.89284810838486,12.963824301575197,12.391121870490304,12.466451441638222,66464
2021-02-25,12.466451441638222,12.590780944213435,12.236283600283931,12.337750644659447,61693
2021-02-26,12.337750644659447,12.44552482601992,12.321324782667153,12.375194321289442,50000
2021-03-01,12.375194321289442,12.923709834636176,12.322161565646933,12.800199056551882,50000
2021-03-02,12.800199056551882,13.166987123058874,12.710658294890578,13.09266251726391,91356
2021-03-03,13.09266251726391,13.114160721021593,12.318296620840307,12.528574590029255,50000
2021-03-04,12.528574590029255,12.73406150640381,12.51724118839469,12.704111945508195,50000
2021-03-05,12.704111945508195,13.10990404318162,12.69557397886119,13.058278306119789,50000
2021-03-08,13.058278306119789,13.586606657336242,12.977891672282178,13.497599299200669,50000
2021-03-09,13.497599299200669,13.541489052590725,13.488509702514246,13.497526762540279,50000
2021-03-10,13.497526762540279,13.5372217473056,13.214186622019339,13.288036770462037,50000
2021-03-11,13.288036770462037,13.369102261036788,13.285912156625118,13.310848446557072,50000
2021-03-12,13.310848446557072,13.378909844734277,13.229889560325228,13.25552958275846,63623
2021-03-15,13.25552958275846,13.283634387827911,13.153937450129412,13.160594681757566,50000
2021-03-16,13.160594681757566,13.252824291559477,12.936157577252292,12.97745959419202,50000
2021-03-17,12.97745959419202,13.002195060809315,12.743140851686288,12.845796019263588,85915
2021-03-18,12.845796019263588,12.847446405799616,12.692368368533614,12.836225463192417,50000
2021-03-19,12.836225463192417,13.31929313866216,12.788355056069262,13.196124748931773,50000
2021-03-22,13.196124748931773,13.603396716409241,13.169318135175903,13.546202845074824,50000
2021-03-23,13.546202845074824,14.092002457693166,13.495812003155567,14.011893442369985,62024
2021-03-24,14.011893442369985,14.05500243528437,13.910298305392615,13.95040196772259,50000
2021-03-25,13.95040196772259,14.018721249039325,13.569858621762132,13.683202806929577,50000
2021-03-26,13.683202806929577,14.174551628995575,13.566342517021498,14.044146125594732,50000
2021-03-29,14.044146125594732,14.17199900511501,14.029417840675029,14.151163017112813,50000
2021-03-30,14.151163017112813,14.640325819406462,14.148755567225795,14.607357999182051,50000
2021-03-31,14.607357999182051,14.965038057833638,14.473673068092877,14.938422028136996,50000
2021-04-01,14.938422028136996,15.024642762279239,14.782010653098986,14.818716321241226,50000
2021-04-02,14.818716321241226,14.843835004357524,14.259089593065802,14.343397744041724,50000
2021-04-05,14.343397744041724,14.454584511243999,13.905047845729536,14.035474453301177,50000
2021-04-06,14.035474453301177,14.571162876144315,13.925388239384166,14.42956793789808,50000
2021-04-07,14.42956793789808,14.697096499324976,14.384565760864673,14.616097911350023,102450
2021-04-08,14.616097911350023,14.619702379406103,14.433178713311404,14.51397082728613,192021
2021-04-09,14.51397082728613,15.284649564782509,14.428690839010217,15.23083002499378,50000
2021-04-12,15.23083002499378,15.652572483771724,15.171376189140569,15.488707059701332,50000
2021-04-13,15.488707059701332,15.746536040969996,15.435402275464641,15.721339678039705,50000
2021-04-14,15.721339678039705,15.777115975243614,15.49110388687365,15.5593816655565,78803
2021-04-15,15.5593816655565,15.592348111987274,15.290325407109556,15.365412458982895,50000
2021-04-16,15.365412458982895,15.46356473295766,15.146549629566705,15.297808849956976,50000
2021-04-19,15.297808849956976,15.69834502062204,15.1064817853899,15.693743883526441,50000
2021-04-20,15.693743883526441,15.921989423337733,15.682779941923553,15.826660922193074,64046
2021-04-21,15.826660922193074,15.853730930831915,15.556591623888128,15.653397566388401,50000
2021-04-22,15.653397566388401,15.998298072049511,15.512314608579425,15.940398638437435,50000
2021-04-23,15.940398638437435,15.99899534061848,15.38637609323537,15.471068041053087,88138
2021-04-26,15.471068041053087,15.520054408927548,15.287762535721175,15.383340484840256,50000
2021-04-27,15.383340484840256,15.426103129710533,15.302848456375733,15.326595199846452,50000
2021-04-28,15.326595199846452,15.34275174330066,14.680909061192375,14.776072461424002,50000
2021-04-29,14.776072461424002,14.777216834065767,14.354740099128719,14.456003605417127,50000
2021-04-30,14.456003605417127,14.472221857979854,13.961552861445039,14.09390856194044,50000
2021-05-03,14.09390856194044,14.110032845672624,13.770382035235322,13.860113748821535,50000
2021-05-04,13.860113748821535,13.872311450155934,13.737007510285224,13.80998540958632,50000
2021-05-05,13.80998540958632,13.922297253884503,13.6958473133404,13.875374537000713,50000
2021-05-06,13.875374537000713,14.571239040737657,13.825536677494313,14.501672293733277,50000
2021-05-07,14.501672293733277,14.557232809930614,14.104399133615518,14.167345689025478,56367
2021-05-10,14.167345689025478,14.186235588029232,13.849570452208308,13.921656873699556,130461
2021-05-11,13.921656873699556,14.092760539130346,13.857401927594713,14.041615211065741,50000
2021-05-12,14.041615211065741,14.05090819392948,13.802406804909955,13.936766179359854,50000
2021-05-13,13.936766179359854,14.06929299273091,13.923812884922611,13.99944011862592,50000
2021-05-14,13.99944011862592,14.004187514421417,13.616400308943394,13.668341135584786,95646
2021-05-17,13.668341135584786,13.840967773105973,13.59698301879009,13.691296666948089,136452
2021-05-18,13.691296666948089,13.84481215077548,13.585366845419994,13.771806074962761,57239
2021-05-19,13.771806074962761,14.558199727822371,13.63533843898208,14.47193372373689,50000
2021-05-20,14.47193372373689,14.604406707405552,14.229112233324337,14.259379259610558,50000
2021-05-21,14.259379259610558,14.679308496076935,14.189116718688,14.638913626005513,50000
2021-05-24,14.638913626005513,14.656728498403163,14.306580955331972,14.42480526610638,213804
2021-05-25,14.42480526610638,14.804407546784812,14.331824252514535,14.789082998060387,50000
2021-05-26,14.789082998060387,14.930673202458623,14.640040232079661,14.673197830191647,85513
2021-05-27,14.673197830191647,14.768557754368594,14.525555522070325,14.71811147377073,84032
2021-05-28,14.71811147377073,14.728075987913194,14.38013737120941,14.570358344636144,50000
2021-05-31,14.570358344636144,14.78013451980809,14.543056187568366,14.581241645783498,138487
2021-06-01,14.581241645783498,14.793308679655055,14.460481084972189,14.748742469879591,50000
2021-06-02,14.748742469879591,14.762951809559056,14.38803198617532,14.501851263472014,50000
2021-06-03,14.501851263472014,14.775109822986561,14.412161042263746,14.760879264946578,62716
2021-06-04,14.760879264946578,15.115785899715798,14.727377228417598,14.972698440851127,50000
2021-06-07,14.972698440851127,15.573349619413554,14.949462223914487,15.550412697669216,50000
2021-06-08,15.550412697669216,15.802162202870258,15.510081952895247,15.70593002841266,50000
2021-06-09,15.70593002841266,15.71690162975913,15.37354207259339,15.55800014076574,50000
2021-06-10,15.55800014076574,15.624099147730933,15.105452120487087,15.20474364528502,50000
2021-06-11,15.20474364528502,15.244715824855103,14.906388639195201,14.993329835432881,50790
2021-06-14,14.993329835432881,15.25929288227574,14.965966334307963,15.194993632226113,60717
2021-06-15,15.194993632226113,15.752569638013846,15.172878016430452,15.627130127019434,50000
2021-06-16,15.627130127019434,15.784813456786184,15.572714184486994,15.611819231920073,71489
2021-06-17,15.611819231920073,16.02925823953517,15.600874002119703,15.94792262519158,50000
2021-06-18,15.94792262519158,16.107234082821503,15.79439175475162,15.822979893243652,50000
2021-06-21,15.822979893243652,15.826687234967826,15.62885523764114,15.774273954280355,50000
2021-06-22,15.774273954280355,15.815911782467959,15.700384608092827,15.734887782836587,50000
2021-06-23,15.734887782836587,16.423845566149744,15.652403938209467,16.317919314928925,50000
2021-06-24,16.317919314928925,16.554740231055106,16.135698526414313,16.482262777049606,50000
2021-06-25,16.482262777049606,16.570686671933302,16.42729134254415,16.558535735853347,50000
2021-06-28,16.558535735853347,16.599296622152398,16.085193067422445,16.242660258850435,50000
2021-06-29,16.242660258850435,16.615215088004838,16.106444345595815,16.529101924689492,77617
2021-06-30,16.529101924689492,16.559810362145388,16.50307567331014,16.514390343321903,50000
2021-07-01,16.514390343321903,16.548319922155883,16.149518373990915,16.2967695881486,73839
2021-07-02,16.2967695881486,16.405695506309428,16.224189440227043,16.384928034592818,113284
2021-07-05,16.384928034592818,16.888790406331697,16.276736910086278,16.855640431483756,50000
2021-07-06,16.855640431483756,16.944182257695783,16.813953516767736,16.898199106104038,52807
2021-07-07,16.898199106104038,16.971435259510393,16.665676451066364,16.667110889792262,56566
2021-07-08,16.667110889792262,16.69025115529786,16.60564047730137,16.645687133556773,50000
2021-07-09,16.645687133556773,16.81676604135448,16.28078090183873,16.441881608719324,50000
2021-07-12,16.441881608719324,16.446395530894456,15.718934493173286,15.89804840941068,50000
2021-07-13,15.89804840941068,15.977406211054104,15.571153575019913,15.683782518482495,50000
2021-07-14,15.683782518482495,15.736952585342527,15.607284027284058,15.60819196024216,50000
2021-07-15,15.60819196024216,16.058919367491146,15.542993516140506,15.92655012498789,53547
2021-07-16,15.92655012498789,16.61357896026142,15.84400107813765,16.58434689198616,50000
2021-07-19,16.58434689198616,16.598975648888008,16.34960709896751,16.35583941617051,56848
2021-07-20,16.35583941617051,16.7519913798686,16.305379260934345,16.50191175525308,85594
2021-07-21,16.50191175525308,16.613195734141225,16.390934407543767,16.41866416303805,66619
2021-07-22,16.41866416303805,16.48833040535106,16.40443729456472,16.446219062621743,50000
2021-07-23,16.446219062621743,16.515304556165894,16.306418950731647,16.451278726103055,50000
2021-07-26,16.451278726103055,16.758428543212396,16.344104526035554,16.611427123340576,63109
2021-07-27,16.611427123340576,16.666451747169695,16.34110572875219,16.394841558712166,50000
2021-07-28,16.394841558712166,16.558461564848614,16.2154295738913,16.505095622055087,50000
2021-07-29,16.505095622055087,16.55386680410826,15.925253647314458,16.012598159365588,50000
2021-07-30,16.012598159365588,16.040941757098008,15.77591497070309,15.825127469708125,50000
2021-08-02,15.825127469708125,15.836940612321277,15.582497192285057,15.806287407419537,50000
2021-08-03,15.806287407419537,15.822283563334915,15.653288722513208,15.666815165891613,98808
2021-08-04,15.666815165891613,15.695284445796336,15.499228386808221,15.549380152875981,50000
2021-08-05,15.549380152875981,15.983772275909313,15.487693720822213,15.847924045495864,50000
2021-08-06,15.847924045495864,15.926771180522424,15.721589037477624,15.72264597117296,50000
2021-08-09,15.72264597117296,16.30620922306821,15.537851553067837,16.233874513697877,50000
2021-08-10,16.233874513697877,16.254745451520666,15.973866713786247,15.99239212073486,50000
2021-08-11,15.99239212073486,16.02258690910573,15.792535847496692,15.817365019392422,50000
2021-08-12,15.817365019392422,16.17506359311785,15.713922580686967,16.13499862135832,50000
2021-08-13,16.13499862135832,16.30884917595364,16.04944307790521,16.15869526082415,64819
2021-08-16,16.15869526082415,16.286900400323592,16.01089651655698,16.239242002640474,50000
2021-08-17,16.239242002640474,16.25000022484274,15.6764059799418,15.872376479472925,50000
2021-08-18,15.872376479472925,15.89006470835988,15.353335260298438,15.434106038784167,50000
2021-08-19,15.434106038784167,15.599274706841102,15.392251504942298,15.439101102066045,50000
2021-08-20,15.439101102066045,15.659731549018172,15.30214418850804,15.629313834024952,50000
2021-08-23,15.629313834024952,15.928766062719966,15.540774619236597,15.585380623800368,50000
2021-08-24,15.585380623800368,15.600587873768736,15.421980384066668,15.46611567627938,84357
2021-08-25,15.46611567627938,15.721936679079041,15.40739520900949,15.428709773025401,70313
2021-08-26,15.428709773025401,15.482558085354434,15.216722812713197,15.265168402059798,50000
2021-08-27,15.265168402059798,15.449604095944347,15.217642211556738,15.414115858036107,50000
2021-08-30,15.414115858036107,15.751168017478872,15.351189627817362,15.614607459324944,94657
2021-08-31,15.614607459324944,15.650552198663943,15.301610078338047,15.50462984672312,50000
2021-09-01,15.50462984672312,15.50726876173534,15.359990325337066,15.461016684551009,73146
2021-09-02,15.461016684551009,15.601000567467612,15.437910952806359,15.467498138656367,50000
2021-09-03,15.467498138656367,15.580627212416884,15.407524290925448,15.519544075875448,50000
2021-09-06,15.519544075875448,15.608910062178433,15.307031435031453,15.339204264555494,50000
2021-09-07,15.339204264555494,15.702012103167073,15.272753809956141,15.542360019001542,50000
2021-09-08,15.542360019001542,15.761240005841813,15.436391118858717,15.677085124215713,50000
2021-09-09,15.677085124215713,16.149139438542502,15.641240125433395,16.081561277393043,50000
2021-09-10,16.081561277393043,16.394318890667083,16.04638018555644,16.13918891711175,50000
2021-09-13,16.13918891711175,16.146532488116417,15.776888028240055,15.859954987973383,224130
2021-09-14,15.859954987973383,15.94030836616587,15.48962301699824,15.568022445213904,59725
2021-09-15,15.568022445213904,15.791606896315697,15.560492322533268,15.689895329630229,121902
2021-09-16,15.689895329630229,15.985433947021395,15.629408710762304,15.961500438755346,50000
2021-09-17,15.961500438755346,16.1393179138767,15.915325215677665,15.930967838481742,84590
2021-09-20,15.930967838481742,16.09972706234929,15.450775991614085,15.59088149975567,50000
2021-09-21,15.59088149975567,15.77070679813851,15.572272554996067,15.701209754238846,50000
2021-09-22,15.701209754238846,15.71286359742717,15.214406881294726,15.307990898139092,50000
2021-09-23,15.307990898139092,15.400180325311721,15.247693742762861,15.38291217192193,54794
2021-09-24,15.38291217192193,15.481706810085457,15.258200361650111,15.304325543791423,50000
2021-09-27,15.304325543791423,15.465207715883073,15.184616648875087,15.254792351915132,109278
2021-09-28,15.254792351915132,15.935560135322772,15.123618475959747,15.85641155987461,50000
2021-09-29,15.85641155987461,15.86016630262066,15.633563726489351,15.6844856472032,50000
2021-09-30,15.6844856472032,15.699952430060243,15.443546401476082,15.619786158669699,57463
2021-10-01,15.619786158669699,15.690204813703613,15.397249606362093,15.465470942439266,50000
2021-10-04,15.465470942439266,15.729208889270717,15.378272668000937,15.71366919598686,135067
2021-10-05,15.71366919598686,15.924338202550002,15.701891418444319,15.792401419491064,50000
2021-10-06,15.792401419491064,16.22760345855356,15.682000079534456,16.19819188827344,50000
2021-10-07,16.19819188827344,16.42103877631424,16.163927389391063,16.352314726349512,50000
2021-10-08,16.352314726349512,16.606648966429237,16.313953269909653,16.54304489890032,50000
2021-10-11,16.54304489890032,16.75153631702065,16.511937529596057,16.697466843847714,50000
2021-10-12,16.697466843847714,16.845083968129273,16.00858228214129,16.211602049563524,109715
2021-10-13,16.211602049563524,16.370893321124534,16.101653007003637,16.369853135187512,50000
2021-10-14,16.369853135187512,16.97928433108394,16.333481629380163,16.8764633922574,50000
2021-10-15,16.8764633922574,16.929343518132086,16.371573598830384,16.429913553963598,72623
2021-10-18,16.429913553963598,16.50647955044034,16.292587242694093,16.39031261973898,67303
2021-10-19,16.39031261973898,16.449813529813703,16.231131264784217,16.25272309979292,50000
2021-10-20,16.25272309979292,16.2864776279154,16.0941272566119,16.162859346097814,82485
2021-10-21,16.162859346097814,16.54115041697664,16.137331799411967,16.46466305066019,50000
2021-10-22,16.46466305066019,16.520285466576556,16.153223803330736,16.269920083347664,50000
2021-10-25,16.269920083347664,16.32902720986473,15.841504762531784,16.013071514943157,50000
2021-10-26,16.013071514943157,16.145203118773452,15.810692918512194,15.846656043058463,50000
2021-10-27,15.846656043058463,15.997088696634352,15.805478442751035,15.805763480182438,50000
2021-10-28,15.805763480182438,15.925479365624089,15.596384897464967,15.685032804057132,50000
2021-10-29,15.685032804057132,16.058571811979096,15.580348950307586,16.00514354641675,50000
2021-11-01,16.00514354641675,16.138566536811624,15.631503595254499,15.72272980814311,50000
2021-11-02,15.72272980814311,15.776094812072522,15.454719623229751,15.5360532663648,52753
2021-11-03,15.5360532663648,15.70738233962958,15.49752303115423,15.59218828885777,50000
2021-11-04,15.59218828885777,15.702331608025482,15.425620321682272,15.700426287013043,176259
2021-11-05,15.700426287013043,16.151640490170323,15.646379065471406,16.057913926775797,50000
2021-11-08,16.057913926775797,16.059206736219153,15.792735522115642,15.798729080556287,50000
2021-11-09,15.798729080556287,16.021571199400427,15.603325930034789,15.68533791220552,50000
2021-11-10,15.68533791220552,15.90797172418601,15.676564190057704,15.782064412263717,50000
2021-11-11,15.782064412263717,16.375456156729655,15.610180803144972,16.348774168616664,50000
2021-11-12,16.348774168616664,16.395137411490953,16.06332608026992,16.123303823141043,50112
2021-11-15,16.123303823141043,16.56908147461487,16.121434046710398,16.502092408851023,50000
2021-11-16,16.502092408851023,16.72593420148887,16.17603041812506,16.22525374560713,50000
2021-11-17,16.22525374560713,16.332606196313325,16.20435029373745,16.316377868983125,50000
2021-11-18,16.316377868983125,16.374049932658156,16.28367122931746,16.36446900316299,50000
2021-11-19,16.36446900316299,16.491539023272228,15.978840552550198,16.125412660696355,50000
2021-11-22,16.125412660696355,16.169267567342224,15.947660084361752,16.0350651370811,60399
2021-11-23,16.0350651370811,16.06793186547107,15.826989843296266,16.02378762756769,50000
2021-11-24,16.02378762756769,16.23530113705741,15.931314579761876,16.231123180870995,50000
2021-11-25,16.231123180870995,16.419641629978553,16.09736528979507,16.128207523997883,50000
2021-11-26,16.128207523997883,16.527249633728204,16.114075233764023,16.431655499103915,50000
2021-11-29,16.431655499103915,16.576138931604135,16.388050819016392,16.523698604312493,50000
2021-11-30,16.523698604312493,16.572021039892995,16.26438864056838,16.357021493628807,50000
2021-12-01,16.357021493628807,16.547891067914374,15.918558308706162,15.935441439196124,50000
2021-12-02,15.935441439196124,16.02437784006232,15.704015984332484,15.752952714410288,50000
2021-12-03,15.752952714410288,15.820742755405174,15.50426960101776,15.579907174779207,50000
2021-12-06,15.579907174779207,15.913217712755104,15.469050581479918,15.90624546437782,50000
2021-12-07,15.90624546437782,16.477385772233333,15.841310880260146,16.297458499335026,50000
2021-12-08,16.297458499335026,16.755507002157007,16.233573209364444,16.669008193816186,50000
2021-12-09,16.669008193816186,16.986968045025584,16.515980410240854,16.890985150737006,50000
2021-12-10,16.890985150737006,16.982135913523454,16.656663092858945,16.950091831266455,83650
2021-12-13,16.950091831266455,17.044762276834742,16.696372829226846,16.711264470395317,50000
2021-12-14,16.711264470395317,17.052840222282683,16.651041493110682,16.934629356022626,57829
2021-12-15,16.934629356022626,16.95219528053419,16.89885949342741,16.93660334857989,50000
2021-12-16,16.93660334857989,17.01472625537025,16.421566596198915,16.58347906292711,50000
2021-12-17,16.58347906292711,16.62329153607308,16.54965724892701,16.620152448509142,70302
2021-12-20,16.620152448509142,16.700844489145876,16.562650027115044,16.682438237783913,137345
2021-12-21,16.682438237783913,16.69567194792104,16.559214863006414,16.688502525326943,64346
2021-12-22,16.688502525326943,16.733521936817688,16.575929269268528,16.720348301010798,50000
2021-12-23,16.720348301010798,16.900642420271407,16.631492647015556,16.834864693224958,50000
2021-12-24,16.834864693224958,16.98573859662557,16.659840066155613,16.79207507753521,50000
2021-12-27,16.79207507753521,16.95363139383576,16.727477909147982,16.829785710009396,50000
2021-12-28,16.829785710009396,17.19973622971565,16.73176666059041,17.051416870823246,50000
2021-12-29,17.051416870823246,17.12426146983853,16.92328629714716,17.058566465537414,67542
2021-12-30,17.058566465537414,17.119355904877587,17.02986855463653,17.1153776086563,50000
2021-12-31,17.1153776086563,17.46805296241201,17.001552852115033,17.259896227835682,50000
2022-01-03,17.259896227835682,17.38682940691728,17.09931826851975,17.131694332106917,91524
2022-01-04,17.131694332106917,17.40125216534594,17.027631590653204,17.09819891546408,61574
2022-01-05,17.09819891546408,17.136888575032035,16.76902626283298,16.805465076075922,52287
2022-01-06,16.805465076075922,16.889638115881695,16.58181665470573,16.587908499637326,50000
2022-01-07,16.587908499637326,16.638941870229356,16.16383860003407,16.374160725043783,54218
2022-01-10,16.374160725043783,16.57100952463737,16.317078564892388,16.478972650397424,99261
2022-01-11,16.478972650397424,16.94349004733689,16.325691903698026,16.892563983189877,72536
2022-01-12,16.892563983189877,17.05115152743414,16.867098721068455,16.952403602981377,50000
2022-01-13,16.952403602981377,17.371932775774965,16.92409174302575,17.33670299799505,50000
2022-01-14,17.33670299799505,17.543455436021958,17.19367188418561,17.479744664231625,50000
2022-01-17,17.479744664231625,18.017408971918954,17.35943842319686,18.00685312136462,51861
2022-01-18,18.00685312136462,18.362793169989253,17.89455805594281,18.2256688887484,50000
2022-01-19,18.2256688887484,18.297025535209432,18.11951073633843,18.199562954972837,50000
2022-01-20,18.199562954972837,18.328266400671943,18.118498301095272,18.182938415763044,50000
2022-01-21,18.182938415763044,18.30284101582157,17.85003717895344,17.97652747863579,50000
2022-01-24,17.97652747863579,18.356656496668236,17.92826635602436,18.282891209962198,72692
2022-01-25,18.282891209962198,18.53850136770856,18.18195370518939,18.42886437178452,50000
2022-01-26,18.42886437178452,18.84006357717961,18.370754104438415,18.714862921474495,50000
2022-01-27,18.714862921474495,18.903553061152024,18.544264958665305,18.773997781144853,50000
2022-01-28,18.773997781144853,18.861401894148322,18.481551307531944,18.482638768488435,83037
2022-01-31,18.482638768488435,18.517274692983616,18.238387710318197,18.280762037159782,50000
2022-02-01,18.280762037159782,18.470064985373856,18.092998715166598,18.445852906432258,50000
2022-02-02,18.445852906432258,18.567411030804333,18.406422551388392,18.47831519763496,50000
2022-02-03,18.47831519763496,18.58596235932959,18.18428981786734,18.38573560446071,52063
2022-02-04,18.38573560446071,18.42171444242091,18.118428426107183,18.19201541216216,50000
2022-02-07,18.19201541216216,18.835689061377654,18.10839565253542,18.705319263355463,80697
2022-02-08,18.705319263355463,19.05227119586138,18.60742723017053,18.990427837598286,87609
2022-02-09,18.990427837598286,19.060779641391957,18.758578073844706,18.87988158802096,61187
2022-02-10,18.87988158802096,18.967042698978197,18.789819847618972,18.893776958612218,50000
2022-02-11,18.893776958612218,18.97043717497794,18.428251768197843,18.602782618102015,50000
2022-02-14,18.602782618102015,19.00286788504179,18.419374472029034,18.791351502101147,50000
2022-02-15,18.791351502101147,18.878070096625326,18.546338673676836,18.679804734446112,158197
2022-02-16,18.679804734446112,18.940803324568275,18.570368331306202,18.860132435900038,50000
2022-02-17,18.860132435900038,18.886713526073002,18.45717216577115,18.510821995457754,50000
2022-02-18,18.510821995457754,18.581311740428216,18.140892449580765,18.261831216247394,50000
2022-02-21,18.261831216247394,18.411923690665557,17.8196812967632,18.05020023072547,50000
2022-02-22,18.05020023072547,18.062820425525345,17.736028520552328,17.787424813007966,58300
2022-02-23,17.787424813007966,17.938856524280713,17.734940113533508,17.827431131936702,50000
2022-02-24,17.827431131936702,17.832421255070262,17.456991039095495,17.48472994154129,50000
2022-02-25,17.48472994154129,18.08802468837447,17.47699357752618,18.011303365770598,93372
2022-02-28,18.011303365770598,18.580868364064987,17.83994625929399,18.561077113366967,50000
2022-03-01,18.561077113366967,18.609290208582546,18.394599198808244,18.440784634027114,52972
2022-03-02,18.440784634027114,18.51958357956625,18.423345788612608,18.517547308159347,50000
2022-03-03,18.517547308159347,18.656731016986807,18.494498863315815,18.63587880286179,113401
2022-03-04,18.63587880286179,18.684081540253587,18.17403646329252,18.2518332821085,50000
2022-03-07,18.2518332821085,18.539912217179012,18.230289803163462,18.368159289657378,53005
2022-03-08,18.368159289657378,18.547750693117152,18.25180814194943,18.47910055827893,117359
2022-03-09,18.47910055827893,18.815765123335744,18.42149557909323,18.621070430569038,50000
2022-03-10,18.621070430569038,18.662577626610208,18.359595618403908,18.47586633991739,57465
2022-03-11,18.47586633991739,18.532400602658196,18.223593952668587,18.255469754404178,50000
2022-03-14,18.255469754404178,18.37023673558086,17.91107202728886,17.919033544412535,70539
2022-03-15,17.919033544412535,18.153895560431955,17.641001835944824,17.775205017242527,80888
2022-03-16,17.775205017242527,18.254837374064515,17.7162961376846,18.05382607659919,138219
2022-03-17,18.05382607659919,18.296459105219917,18.001044958613512,18.286842856827217,125510
2022-03-18,18.286842856827217,18.39266179373086,17.695126050563474,17.69660537354418,50000
2022-03-21,17.69660537354418,17.703353907135398,17.39090521900158,17.39491759795616,50000
2022-03-22,17.39491759795616,17.464848487806957,17.09752678820909,17.099837113672518,50000
2022-03-23,17.099837113672518,17.123477970573365,16.979317057620282,17.103968329630508,64043
2022-03-24,17.103968329630508,17.1411813181363,16.849623424940035,16.992288281180674,82556
2022-03-25,16.992288281180674,17.106383241868954,16.403042239523174,16.5826791784091,50000
2022-03-28,16.5826791784091,16.59935444073959,16.28158237161364,16.33396993289633,50000
2022-03-29,16.33396993289633,16.67610832358522,16.16323340272139,16.536911462637114,50000
2022-03-30,16.536911462637114,16.55812453890695,15.967200394531053,16.196792652665124,82133
2022-03-31,16.196792652665124,16.20578811333551,16.020310406725486,16.074468255998863,50000
2022-04-01,16.074468255998863,16.325144192665608,16.043561551511566,16.318268316403366,50000
2022-04-04,16.318268316403366,16.358094408591434,16.18371982312232,16.213113046027214,50000
2022-04-05,16.213113046027214,16.56071209486799,16.205584997264626,16.469151208118852,50000
2022-04-06,16.469151208118852,16.91254349257078,16.365560871494523,16.77642677309438,50000
2022-04-07,16.77642677309438,16.96256785819295,16.473761909639887,16.537293373184575,60872
2022-04-08,16.537293373184575,16.64282844794754,16.361526398648497,16.396343169418977,50000
2022-04-11,16.396343169418977,16.708152928764424,16.359163708988,16.63784477329919,50000
2022-04-12,16.63784477329919,16.683104049491362,16.359704644095004,16.464105424593793,67519
2022-04-13,16.464105424593793,16.73400229348353,16.435307920363204,16.69063014246446,50000
2022-04-14,16.69063014246446,16.905794504510013,16.654736213642703,16.87265938549773,80212
2022-04-15,16.87265938549773,16.92646298436028,16.766209092939157,16.803306925125355,50000
2022-04-18,16.803306925125355,17.08393034034244,16.798916766327533,17.00328669343575,50000
2022-04-19,17.00328669343575,17.166444116739687,16.721457330373987,16.773115144653072,90457
2022-04-20,16.773115144653072,17.08007364440332,16.717164578599764,17.004509091473796,62595
2022-04-21,17.004509091473796,17.18556577102886,16.657639448108824,16.73875883342449,50000
2022-04-22,16.73875883342449,16.89760651666599,16.64662405550562,16.799482262067524,50000
2022-04-25,16.799482262067524,16.842461307475844,16.516490946115006,16.536584427214514,50000
2022-04-26,16.536584427214514,16.610542099395232,16.41098445210042,16.58739426446539,50000
2022-04-27,16.58739426446539,16.645212833703184,16.23895539234374,16.24064268616547,50000
2022-04-28,16.24064268616547,16.700878932802123,16.117754855719852,16.615343076425862,50000
2022-04-29,16.615343076425862,16.655108112702894,16.550767367675448,16.551333718143795,50000
2022-05-02,16.551333718143795,16.60768207735109,16.23722329784212,16.314077356562965,50000
2022-05-03,16.314077356562965,16.380332738802153,16.147564110825453,16.168298625582786,50000
2022-05-04,16.168298625582786,16.77305100327178,16.037180795541687,16.727402957565403,50000
2022-05-05,16.727402957565403,17.036032889274836,16.71941646071161,16.925303278835692,116479
2022-05-06,16.925303278835692,17.33839603076199,16.922670734315275,17.28658103796226,58653
2022-05-09,17.28658103796226,17.33747758482387,17.1276533364754,17.310948036445783,50000
2022-05-10,17.310948036445783,17.345491896515362,16.521631622487053,16.67976115019553,50000
2022-05-11,16.67976115019553,16.71880047722274,16.300349518146252,16.411979920121638,50000
2022-05-12,16.411979920121638,16.771501557934375,16.363640495150815,16.711698140251084,50000
2022-05-13,16.711698140251084,16.75347754890886,15.899165949058741,16.163570061314154,142525
2022-05-16,16.163570061314154,16.207177015337162,16.089606513608185,16.205233978547188,50000
2022-05-17,16.205233978547188,16.544332539162646,16.10283242767285,16.133091627815837,50000
2022-05-18,16.133091627815837,16.255452432604038,15.652184336494264,15.752819765076275,50000
2022-05-19,15.752819765076275,15.925604910130977,15.37067053970812,15.462363118102191,50000
2022-05-20,15.462363118102191,15.487297605898128,14.664858310741913,14.818873094627808,50000
2022-05-23,14.818873094627808,14.954877308749696,14.775012678208462,14.802176943880033,70088
2022-05-24,14.802176943880033,14.830342271790423,14.260346940939485,14.285255647695838,50000
2022-05-25,14.285255647695838,14.655415137695165,14.205903249377739,14.61116478170292,50000
2022-05-26,14.61116478170292,14.773500080237824,14.560481837199054,14.634990820345962,92467
2022-05-27,14.634990820345962,14.641870993485043,14.438696262474991,14.60028780727064,50000
2022-05-30,14.60028780727064,15.004112440605539,14.531696730764992,14.94022011955112,50000
2022-05-31,14.94022011955112,15.041980228039801,14.9111076232852,14.96528217533336,50000
2022-06-01,14.96528217533336,15.154172790279766,14.91715322777627,15.049513407420573,50000
2022-06-02,15.049513407420573,15.30017530935282,14.98019563962763,15.255011310912076,93898
2022-06-03,15.255011310912076,15.323446526392969,15.120199299828302,15.314182709467058,50000
2022-06-06,15.314182709467058,15.339011397629783,15.13292835743581,15.14499630622624,50000
2022-06-07,15.14499630622624,15.254824800738366,14.939575353390627,15.043742040321478,50000
2022-06-08,15.043742040321478,15.378050171912026,14.958154439990361,15.169035327582261,50000
2022-06-09,15.169035327582261,15.246915562452996,15.091558907790144,15.094546412031203,92962
2022-06-10,15.094546412031203,15.186417148951241,14.891942364764294,14.941573625642505,68735
2022-06-13,14.941573625642505,15.043017397860448,14.783681321844066,14.791185617361826,50000
2022-06-14,14.791185617361826,14.83010627412577,14.510063098019735,14.510844332578106,50000
2022-06-15,14.510844332578106,14.637552321227181,14.334343142612163,14.345241161227186,90439
2022-06-16,14.345241161227186,14.439354239793524,14.090978329979006,14.18777593184346,50000
2022-06-17,14.18777593184346,14.68199342732905,14.103730342468852,14.621523955983896,50397
2022-06-20,14.621523955983896,14.637995409551989,14.274367068710234,14.306032433691712,50000
2022-06-21,14.306032433691712,14.39623372301121,13.931256144052403,14.02044736032176,50000
2022-06-22,14.02044736032176,14.474794600328039,14.013752382658158,14.352044821384741,50000
2022-06-23,14.352044821384741,14.378615138135586,14.140942417193108,14.2500581482625,50000
2022-06-24,14.2500581482625,14.575978186061567,14.169341749710442,14.43017967476898,50000
2022-06-27,14.43017967476898,14.528176642637126,14.233553741268327,14.320029404832837,50000
2022-06-28,14.320029404832837,14.888079796253622,14.217717438921175,14.808229829753241,50000
2022-06-29,14.808229829753241,14.865542114067313,14.705237955086815,14.780384517816522,50000
2022-06-30,14.780384517816522,14.798456432223539,14.64448124790866,14.755231348823,50000
2022-07-01,14.755231348823,14.789215644818826,14.497123772532587,14.669345617320042,50000
2022-07-04,14.669345617320042,14.742763880068873,14.644048150101307,14.725546980918255,50000
2022-07-05,14.725546980918255,14.759723419666505,14.447592603475332,14.453079923770261,50000
2022-07-06,14.453079923770261,14.716939100314196,14.437588386813045,14.66465517596953,93505
2022-07-07,14.66465517596953,14.743897678370873,14.557211017002068,14.67682893036949,84187
2022-07-08,14.67682893036949,14.768698601157482,14.652562708671269,14.70496015241487,101342
2022-07-11,14.70496015241487,14.765791937473935,13.857817719404254,14.02726520059281,50000
2022-07-12,14.02726520059281,14.479302013835982,13.953192562419115,14.38543563603757,50000
2022-07-13,14.38543563603757,14.49292684242915,14.352454931990357,14.474828536729218,78331
2022-07-14,14.474828536729218,14.568954432994877,14.112147165746965,14.212219183756554,55507
2022-07-15,14.212219183756554,14.39444041316029,14.114761756514694,14.327770021378853,50000
2022-07-18,14.327770021378853,14.58133478919736,14.288958227143933,14.48411040368464,114692
2022-07-19,14.48411040368464,14.537387855125452,14.48307538639874,14.534915173037675,50000
2022-07-20,14.534915173037675,14.556837646025356,14.28615785608055,14.327507829914309,93574
2022-07-21,14.327507829914309,14.32988917072058,14.050914297235032,14.084705461348078,74787
2022-07-22,14.084705461348078,14.161609547209581,13.706007494980074,13.79573627719471,50000
2022-07-25,13.79573627719471,14.179492931110804,13.670595111632993,14.034946374959171,50000
2022-07-26,14.034946374959171,14.074278523012435,13.468649096432664,13.484324746250657,84208
2022-07-27,13.484324746250657,13.616252797809938,13.46160634925118,13.523241317552943,130820
2022-07-28,13.523241317552943,13.54770453350724,13.438169205980502,13.45625856782898,50000
2022-07-29,13.45625856782898,13.913680326323941,13.416047845323265,13.823811498119854,91385
2022-08-01,13.823811498119854,13.955295621427275,13.551031742423202,13.603777516816653,50000
2022-08-02,13.603777516816653,13.657061841612068,13.512663074555931,13.556684145233534,50000
2022-08-03,13.556684145233534,13.995517293047426,13.45411331840361,13.981456684030146,87126
2022-08-04,13.981456684030146,14.041512921890622,13.87827369354362,14.030573591736085,50000
2022-08-05,14.030573591736085,14.110661545257404,13.999581929362696,14.0052755612374,50000
2022-08-08,14.0052755612374,14.043738032027875,13.650222820804279,13.75504260984773,50000
2022-08-09,13.75504260984773,13.878800791450612,13.750808871408047,13.846085785120714,50000
2022-08-10,13.846085785120714,14.009052859788813,13.751189576464691,14.00547782070262,50000
2022-08-11,14.00547782070262,14.08767217331067,13.405733875634018,13.472402472823187,50000
2022-08-12,13.472402472823187,13.854150627103063,13.40290071346121,13.749902521187273,50000
2022-08-15,13.749902521187273,13.894136966028718,13.598123716190653,13.679642622462866,51607
2022-08-16,13.679642622462866,13.70698710635967,13.261115975495406,13.309467618774624,50000
2022-08-17,13.309467618774624,13.362181473960002,13.22608184233276,13.278532474850918,50000
2022-08-18,13.278532474850918,13.370631306220648,13.05471178653471,13.070251220085325,74376
2022-08-19,13.070251220085325,13.172934848887085,13.00821924452491,13.110995068096063,52914
2022-08-22,13.110995068096063,13.151761711081102,12.990740802174972,13.118199972272146,85245
2022-08-23,13.118199972272146,13.182560135096622,12.96429636710564,12.968119737503123,50000
2022-08-24,12.968119737503123,13.266415366933913,12.827659761262165,13.23346319002129,50000
2022-08-25,13.23346319002129,13.479176668971714,13.231067453978312,13.325850982548397,50000
2022-08-26,13.325850982548397,13.797672023951481,13.270070270321392,13.731229409836013,53249
2022-08-29,13.731229409836013,14.134101807635862,13.694231226706139,14.12479702352182,50000
2022-08-30,14.12479702352182,14.705240401950654,14.037681493420797,14.65277518499542,50000
2022-08-31,14.65277518499542,14.845647964165515,14.534357442860443,14.82912128558612,50000
2022-09-01,14.82912128558612,15.609696171996697,14.595127765889696,15.403699970164181,50000
2022-09-02,15.403699970164181,15.479950225002135,15.245656924147857,15.250272555204612,51963
2022-09-05,15.250272555204612,15.322722374860959,15.203027824555718,15.226465030857797,50000
2022-09-06,15.226465030857797,15.92463555462952,15.028391317994162,15.753114846951675,50000
2022-09-07,15.753114846951675,15.915714738939807,15.733345094751533,15.860197351020908,61730
2022-09-08,15.860197351020908,16.189645065404505,15.828331013453418,16.12122501575078,50000
2022-09-09,16.12122501575078,16.201569788691653,15.759689427961849,15.922164731506067,50000
2022-09-12,15.922164731506067,15.952391567701781,15.778914485868064,15.85218729991501,58930
2022-09-13,15.85218729991501,15.934300711698672,15.521498156160359,15.577092221361577,50000
2022-09-14,15.577092221361577,15.684901833398202,15.305049694855768,15.374393578174535,118964
2022-09-15,15.374393578174535,15.601136198396961,15.265216011852628,15.571773575302341,50000
2022-09-16,15.571773575302341,15.587448727041766,15.398575611464933,15.498366845407482,50000
2022-09-19,15.498366845407482,15.722662752187004,15.437473165584624,15.611065391607314,50000
2022-09-20,15.611065391607314,15.753258469520484,15.550243185873944,15.576597002818167,50000
2022-09-21,15.576597002818167,15.793672344937535,15.54285593702233,15.765667177595045,160199
2022-09-22,15.765667177595045,16.06137830764696,15.673518474271168,15.989786116036361,50000
2022-09-23,15.989786116036361,16.04143680531217,15.487226937833821,15.57340612127835,50000
2022-09-26,15.57340612127835,15.703895861193487,15.486426921659513,15.48939241613921,50000
2022-09-27,15.48939241613921,15.735489518564329,15.410424161606503,15.727423579169109,131455
2022-09-28,15.727423579169109,15.814773852361041,15.64916425058534,15.688350410808363,50000
2022-09-29,15.688350410808363,16.137595431218127,15.52513282928278,15.917069087875522,50000
2022-09-30,15.917069087875522,16.25033627230228,15.821103908994084,16.061844590849567,50000
2022-10-03,16.061844590849567,16.462955560039923,15.929007188561375,16.427824102409726,50000
2022-10-04,16.427824102409726,16.6896608122532,16.255381496362293,16.567719810951253,230307
2022-10-05,16.567719810951253,16.669586024848655,16.360468699768003,16.400274249220306,50000
2022-10-06,16.400274249220306,16.614314628785557,16.34349960938314,16.50609494549856,90495
2022-10-07,16.50609494549856,16.617652994901217,16.477048484038065,16.51597044004646,50000
2022-10-10,16.51597044004646,16.952226822625445,16.390904266970704,16.904579056773745,99596
2022-10-11,16.904579056773745,16.990312353641137,16.28539951865996,16.409893618278456,81111
2022-10-12,16.409893618278456,16.574560609558045,16.175058168615916,16.26226857331647,50000
2022-10-13,16.26226857331647,16.279500169747813,16.060918094743723,16.112063889210955,50000
2022-10-14,16.112063889210955,16.179352574802415,15.82100378446204,15.900617967405289,50000
2022-10-17,15.900617967405289,16.147205233559944,15.798947832067963,16.081240945548565,50000
2022-10-18,16.081240945548565,16.372040146516028,15.934322753584437,16.33115382848237,50000
2022-10-19,16.33115382848237,16.44493052808532,16.024722635392592,16.040651846107284,98959
2022-10-20,16.040651846107284,16.185978112532766,15.62171144772911,15.658114439453216,50000
2022-10-21,15.658114439453216,15.677921487984422,15.58206695326905,15.606829459032525,62513
2022-10-24,15.606829459032525,15.835414774076076,15.59461202654504,15.75852265118099,50000
2022-10-25,15.75852265118099,16.550922131603432,15.65057966629732,16.378668147129254,53526
2022-10-26,16.378668147129254,16.830985946424935,16.29542069201283,16.79083749301502,50000
2022-10-27,16.79083749301502,16.864322286411785,16.40800000963219,16.500528443636856,63057
2022-10-28,16.500528443636856,16.653345768645515,16.456055776538978,16.574587507796515,54976
2022-10-31,16.574587507796515,16.67549824892755,16.50586839130119,16.54706652142435,50000
2022-11-01,16.54706652142435,16.60831238281148,16.44463512205537,16.572667373304416,50000
2022-11-02,16.572667373304416,16.71669324950372,16.43929190788114,16.473162995231014,59682
2022-11-03,16.473162995231014,16.650576652857062,16.368032084231785,16.376408818464256,50000
2022-11-04,16.376408818464256,16.750725266188763,16.278899569859295,16.621947145753612,50000
2022-11-07,16.621947145753612,16.674359045354294,16.296212034884828,16.60512689010168,50000
2022-11-08,16.60512689010168,16.811257479969537,16.498164945137116,16.79580381725557,50000
2022-11-09,16.79580381725557,16.835682241555617,16.692571364328522,16.712122942293668,60008
2022-11-10,16.712122942293668,16.971141741849916,16.55427442049555,16.926978402335436,50000
2022-11-11,16.926978402335436,16.930075565689876,16.302117282156743,16.32575279862653,50000
2022-11-14,16.32575279862653,16.449097472494042,15.862675560368736,16.011733327214706,50000
2022-11-15,16.011733327214706,16.162896314041102,15.909248274108718,16.059397267032317,50000
2022-11-16,16.059397267032317,16.13765901437272,15.736999091104272,15.816299837229423,50000
2022-11-17,15.816299837229423,15.943042316679138,15.61352624421132,15.629097956828241,50000
2022-11-18,15.629097956828241,15.76214628806074,15.620950770964086,15.750373254617752,53537
2022-11-21,15.750373254617752,15.864007269318012,15.044502504557164,15.086296108437155,125398
2022-11-22,15.086296108437155,15.088800998189422,15.06736340662424,15.072125608880313,50000
2022-11-23,15.072125608880313,15.152627782258833,14.829486540854539,14.909849209768039,50000
2022-11-24,14.909849209768039,14.956214651359362,14.754178992567036,14.802949783075364,50000
2022-11-25,14.802949783075364,14.873501842458731,14.422138329863468,14.59422717205492,50000
2022-11-28,14.59422717205492,14.737066344986015,14.516243947801815,14.700778326262743,50000
2022-11-29,14.700778326262743,14.757916749475843,14.359115900532988,14.529068105081809,58838
2022-11-30,14.529068105081809,14.544214330301498,14.244375376679288,14.404578899418425,50000
2022-12-01,14.404578899418425,14.414164272472027,14.216881818967837,14.234530828820184,50000
2022-12-02,14.234530828820184,14.249819301099471,14.08510304080785,14.229449812711952,52450
2022-12-05,14.229449812711952,14.24813219752361,14.140615764553411,14.18127542874407,50000
2022-12-06,14.18127542874407,14.194923651259758,13.934569378778223,13.993640890291358,50000
2022-12-07,13.993640890291358,14.043312190044256,13.792985268072943,13.811892472713032,50000
2022-12-08,13.811892472713032,13.838967757675995,13.370699923630582,13.373948128901567,91738
2022-12-09,13.373948128901567,13.527159988727494,13.355350824907736,13.430906231283233,50000
2022-12-12,13.430906231283233,13.543945626499555,13.361753701976617,13.495273579634311,50000
2022-12-13,13.495273579634311,13.616959313018393,13.366465632028225,13.506282882336102,50000
2022-12-14,13.506282882336102,13.575846929489838,13.125341322462855,13.128733586951963,50000
2022-12-15,13.128733586951963,13.193868083235023,12.898036434056968,12.995780815176959,71291
2022-12-16,12.995780815176959,13.010669836547036,12.968777386230208,13.00234824361187,52310
2022-12-19,13.00234824361187,13.168908537182881,12.858465671706268,13.163802462432946,50000
2022-12-20,13.163802462432946,13.476896562549548,13.044591698411747,13.471409286730333,75853
2022-12-21,13.471409286730333,13.4909702913101,13.040922900275797,13.196317011264366,51275
2022-12-22,13.196317011264366,13.22070215486873,12.896943218954627,12.939612682736453,50000
2022-12-23,12.939612682736453,13.06516589671143,12.88648557839691,12.987604895822303,121068
2022-12-26,12.987604895822303,13.205367686944557,12.893681063034814,12.934033995771102,50000
2022-12-27,12.934033995771102,13.067219170069714,12.654423977879322,12.737448403074158,50000
2022-12-28,12.737448403074158,12.857513446447761,12.541857704238309,12.627468236857785,50000
2022-12-29,12.627468236857785,12.641564205917312,12.406212592970824,12.53177704367963,73005
2022-12-30,12.53177704367963,12.716913156945305,12.486642486017208,12.629793406983104,50000
2023-01-02,12.629793406983104,12.684170782405749,12.16455540426177,12.201763621043192,70434
2023-01-03,12.201763621043192,12.221425160874949,11.977021741722798,12.003771914200206,100990
2023-01-04,12.003771914200206,12.08286727629453,11.750263975245469,11.79723632139406,75792
2023-01-05,11.79723632139406,11.918504021591252,11.63890824759556,11.676029018223172,50000
2023-01-06,11.676029018223172,11.848203209234084,11.638170811367987,11.77928960410805,99688
2023-01-09,11.77928960410805,11.843664774831836,11.757872044117272,11.769897072493166,50000
2023-01-10,11.769897072493166,11.891850447350444,11.709553924515408,11.724142286290252,72509
2023-01-11,11.724142286290252,11.896040344430956,11.320498914556756,11.344289000208807,50000
2023-01-12,11.344289000208807,11.453482741694783,11.337965644559777,11.389950187894335,50000
2023-01-13,11.389950187894335,11.578050494627094,11.368608725693475,11.571298329775331,50000
2023-01-16,11.571298329775331,12.012240843931446,11.417486569673288,11.915758969170827,50000
2023-01-17,11.915758969170827,11.966438271933178,11.701041217323649,11.790075837850324,55432
2023-01-18,11.790075837850324,11.96533112748673,11.781190212098714,11.898173300336392,92585
2023-01-19,11.898173300336392,11.93293458682574,11.417944273390498,11.42531295085264,123693
2023-01-20,11.42531295085264,11.485734134930215,11.072836048517093,11.112361119317786,50000
2023-01-23,11.112361119317786,11.451316725196362,11.087520053504116,11.43473944578023,50000
2023-01-24,11.43473944578023,11.715198395764151,11.408005864688434,11.67527955957428,50000
2023-01-25,11.67527955957428,11.81456158864879,11.63905098194812,11.80745642558371,50000
2023-01-26,11.80745642558371,11.812409220967469,11.671794303575622,11.723083653628427,50000
2023-01-27,11.723083653628427,11.756481519397125,11.24880344558789,11.396880246899963,50000
2023-01-30,11.396880246899963,11.46199971767105,11.232648482523983,11.237714676829889,50000
2023-01-31,11.237714676829889,11.336954004730961,11.062890284004892,11.134253582546654,50000
2023-02-01,11.134253582546654,11.37119616516902,11.068980586223805,11.32163078557293,125946
2023-02-02,11.32163078557293,11.36764526037218,10.955036384204474,10.986234577006247,50290
2023-02-03,10.986234577006247,11.056374513558412,10.959067825661977,10.969904434735927,51919
2023-02-06,10.969904434735927,11.007946656880787,10.69746189378226,10.7818807003765,70929
2023-02-07,10.7818807003765,10.842629572115236,10.741719202845385,10.830087475495871,50000
2023-02-08,10.830087475495871,11.171257341892236,10.782089687819472,11.100213304518533,94500
2023-02-09,11.100213304518533,11.207809432907858,10.973594678756639,11.18617063158448,50000
2023-02-10,11.18617063158448,11.685056795596935,11.08979212966452,11.570570265818063,52839
2023-02-13,11.570570265818063,11.580293572730291,11.450217031234358,11.51069514395258,50000
2023-02-14,11.51069514395258,12.023388307542584,11.504871033627607,11.983248219786947,69472
2023-02-15,11.983248219786947,12.296306113482936,11.926470957226751,12.157273156779524,50000
2023-02-16,12.157273156779524,13.112908775408119,12.129914385999621,12.942727637527605,50000
2023-02-17,12.942727637527605,12.969143761365123,12.546176981226738,12.568964462610005,70670
2023-02-20,12.568964462610005,13.060439144262272,12.374480167235115,12.97659227713527,50000
2023-02-21,12.97659227713527,13.17971876930754,12.947545150325057,13.139632170380425,50000
2023-02-22,13.139632170380425,13.44100069861961,13.06728229049133,13.411563580714546,50000
2023-02-23,13.411563580714546,13.496483403996658,13.308116204468067,13.35725047420289,50000
2023-02-24,13.35725047420289,13.434978572932025,13.13658387445309,13.161063232619298,131372
2023-02-27,13.161063232619298,13.563590470377694,13.06370965191397,13.54122544704416,108503
2023-02-28,13.54122544704416,13.565248564736953,13.282105173018126,13.39146524826642,50000
2023-03-01,13.39146524826642,13.425025527261324,13.222989183757589,13.346724149364983,80389
2023-03-02,13.346724149364983,13.386118488214375,12.95476380229224,12.994864018466084,50000
2023-03-03,12.994864018466084,13.181754324851179,12.956857195232494,13.15237437945957,51839
2023-03-06,13.15237437945957,13.413039509083951,12.768163345538984,12.9472508264493,50000
2023-03-07,12.9472508264493,13.307235934902943,12.913629170025672,13.281116173314091,50000
2023-03-08,13.281116173314091,13.374222120259537,13.215975043732502,13.24094143958645,50000
2023-03-09,13.24094143958645,14.003715699242708,13.12533492642421,13.952573195569906,92677
2023-03-10,13.952573195569906,14.54959125799608,13.923432098476919,14.487967584223577,50000
2023-03-13,14.487967584223577,14.671640264336604,14.240237259985074,14.292728977299754,50000
2023-03-14,14.292728977299754,15.037438842283503,14.292168054058573,14.940096639902512,50000
2023-03-15,14.940096639902512,15.072252161541794,14.524573062972301,14.64964851914223,50000
2023-03-16,14.64964851914223,15.052657725105306,14.564207714560542,14.973653591257749,115676
2023-03-17,14.973653591257749,15.028834359451047,14.911265714659255,14.9961240911158,182983
2023-03-20,14.9961240911158,15.240725674261077,14.981343943904498,15.17105846139062,50000
2023-03-21,15.17105846139062,15.735763136575235,15.154211716300129,15.584247073502373,50000
2023-03-22,15.584247073502373,15.594427885642864,15.387882104893057,15.416973466473987,50150
2023-03-23,15.416973466473987,15.654953579012206,15.191210012251915,15.24059384637957,56623
2023-03-24,15.24059384637957,15.301127998296032,14.94872288453158,14.9524806197805,50000
2023-03-27,14.9524806197805,14.96450311517863,14.82988771642443,14.881312497774458,50000
2023-03-28,14.881312497774458,15.531022129166836,14.869833367289711,15.49061373174427,86307
2023-03-29,15.49061373174427,15.82269366117508,15.396145782648176,15.683701684024548,50000
2023-03-30,15.683701684024548,15.80835326630927,15.4897543226242,15.56676843427486,70822
2023-03-31,15.56676843427486,15.628854650244104,15.513720957885095,15.590857158561372,50000
2023-04-03,15.590857158561372,15.957269743299175,15.583354868645616,15.794255843929188,237687
2023-04-04,15.794255843929188,15.804597118726836,15.779137080955888,15.80294909974789,58188
2023-04-05,15.80294909974789,15.825274413877688,15.651878929927266,15.8102143449517,58762
2023-04-06,15.8102143449517,15.876330939638525,15.493001401682443,15.6431706143062,50000
2023-04-07,15.6431706143062,15.643619837915363,15.544061190614606,15.63122693984601,50000
2023-04-10,15.63122693984601,15.638016350328748,15.559363179048527,15.57613262644355,50000
2023-04-11,15.57613262644355,15.735307099535332,14.93403314276222,15.030265498928651,57841
2023-04-12,15.030265498928651,15.17773236813813,14.724717554936802,14.744338320334593,50000
2023-04-13,14.744338320334593,14.826116450132416,14.244224704429264,14.396576407084664,50000
2023-04-14,14.396576407084664,14.968546126673676,14.178533453105375,14.876999254945169,50000
2023-04-17,14.876999254945169,15.278727395027,14.842901779473793,15.236877814635744,50000
2023-04-18,15.236877814635744,15.29372229150891,14.814175788783855,14.845519358267573,50000
2023-04-19,14.845519358267573,15.167204960316784,14.767118547426147,15.073220839656623,68883
2023-04-20,15.073220839656623,15.088679505717282,15.059792005739297,15.077273447716191,50000
2023-04-21,15.077273447716191,15.09461116678753,14.81730889128301,14.848667598585948,50000
2023-04-24,14.848667598585948,15.252380358131518,14.71850360895998,15.184677053966306,50654
2023-04-25,15.184677053966306,15.48456028159026,15.118853006947113,15.424696876923527,50000
2023-04-26,15.424696876923527,16.196780944772666,15.302642902175238,16.110670219895628,78653
2023-04-27,16.110670219895628,16.191760079023158,15.373755798252317,15.469330168804385,50000
2023-04-28,15.469330168804385,15.64160264161703,15.35932482905159,15.602246287602329,50000
2023-05-01,15.602246287602329,15.796318103572139,15.156782118578658,15.17344490339574,50000
2023-05-02,15.17344490339574,15.188088740616386,14.930774262966423,14.997677504620702,50000
2023-05-03,14.997677504620702,15.321001093693491,14.913249152926076,15.299402794649135,50000
2023-05-04,15.299402794649135,15.380648123179409,15.279178608524962,15.318576681660833,50000
2023-05-05,15.318576681660833,15.37985189713704,15.139016721505172,15.182877721308795,50000
2023-05-08,15.182877721308795,15.293914659711092,15.027985333472277,15.088930896687673,69157
2023-05-09,15.088930896687673,15.719292461413758,15.042643424738731,15.575753223005858,72300
2023-05-10,15.575753223005858,16.203387331512143,15.567103396249939,16.099894970767902,50000
2023-05-11,16.099894970767902,16.57724413168906,16.01548122822349,16.347962704052303,84052
2023-05-12,16.347962704052303,16.541672550072732,16.256985342971777,16.317003247211996,50000
2023-05-15,16.317003247211996,16.431466908026472,16.217505292549504,16.383257317206372,50000
2023-05-16,16.383257317206372,16.49938557653205,16.07265976729875,16.11604375358987,95371
2023-05-17,16.11604375358987,16.23271470904058,15.937432595807204,16.028356707799727,73722
2023-05-18,16.028356707799727,16.117980885708192,16.01599194617937,16.09084139043405,62113
2023-05-19,16.09084139043405,16.162741819507527,15.649321139076365,15.727602269044157,50000
2023-05-22,15.727602269044157,15.74634143658704,15.386531682996708,15.433665017087968,86927
2023-05-23,15.433665017087968,15.574805752597479,15.216283187540734,15.234562443847242,50000
2023-05-24,15.234562443847242,15.351254923727796,15.12090588515835,15.169268532789657,50000
2023-05-25,15.169268532789657,15.926935325793533,15.080144959443608,15.817267744476434,50000
2023-05-26,15.817267744476434,15.82966936176741,15.605751372591147,15.61666473382861,50000
2023-05-29,15.61666473382861,15.912907487381618,15.574888909276932,15.738769774465275,50000
2023-05-30,15.738769774465275,16.142367517349623,15.655280350066445,16.003135894171812,50000
2023-05-31,16.003135894171812,16.15044998890864,15.91258840822292,15.955173514980707,105116
2023-06-01,15.955173514980707,16.29050830082842,15.820778465285871,16.152147228018247,50000
2023-06-02,16.152147228018247,16.17565348105481,15.981603844883443,16.005290972404833,50000
2023-06-05,16.005290972404833,16.609662456850526,15.973158056248016,16.43625976046687,50000
2023-06-06,16.43625976046687,16.532487729764792,16.327332285718466,16.5252604803069,52600
2023-06-07,16.5252604803069,16.66289642238063,16.23522131081118,16.235297912033126,50000
2023-06-08,16.235297912033126,16.626059506356423,16.114410678645076,16.44655471511921,50000
2023-06-09,16.44655471511921,16.811123148549754,16.432397509787386,16.80732837862478,50000
2023-06-12,16.80732837862478,16.89959919173058,16.391608208677546,16.541611205665728,50000
2023-06-13,16.541611205665728,16.66848215748081,16.440205793607117,16.64907760323097,50000
2023-06-14,16.64907760323097,17.288963396895888,16.59496338641127,17.21705137452472,92223
2023-06-15,17.21705137452472,17.443036062577836,16.96595670157207,17.011452977921923,53242
2023-06-16,17.011452977921923,17.49191398760007,16.897873423096005,17.39159705091269,50000
2023-06-19,17.39159705091269,17.511855933834113,17.083279466902088,17.175768509279692,62813
2023-06-20,17.175768509279692,17.228110770841,17.04161880141737,17.209597264826876,50000
2023-06-21,17.209597264826876,17.569471719463802,17.159078417968384,17.47992307883429,50000
2023-06-22,17.47992307883429,17.591790626571328,17.191601767373527,17.43845437541217,116847
2023-06-23,17.43845437541217,17.488162394720423,17.020117751788607,17.080852074706204,50000
2023-06-26,17.080852074706204,17.413026572326896,17.042424020851293,17.352148259415646,71871
2023-06-27,17.352148259415646,17.614673311532552,17.246478683917854,17.55151211002243,57179
2023-06-28,17.55151211002243,18.01599716642787,17.5006481835181,17.99453359733932,50000
2023-06-29,17.99453359733932,18.09648369440822,17.975365638206767,18.041387448930156,50000
2023-06-30,18.041387448930156,18.228231419780844,17.906502432128345,17.93810043639615,50000
2023-07-03,17.93810043639615,17.965785321816785,17.525347480873855,17.600620976293666,50000
2023-07-04,17.600620976293666,17.847150294465205,17.39421114908263,17.436902483039212,50000
2023-07-05,17.436902483039212,17.608883457715915,16.8933387718088,17.08192141304318,50000
2023-07-06,17.08192141304318,17.243680252774578,16.678858644180178,16.80533728683506,50000
2023-07-07,16.80533728683506,17.223252488614506,16.742796947397498,17.101069453622504,50000
2023-07-10,17.101069453622504,17.212249201274105,17.023070408304363,17.09142375979465,50000
2023-07-11,17.09142375979465,17.26464099824133,16.934325621036354,16.98388418816814,50000
2023-07-12,16.98388418816814,17.040280638314247,16.684914667695086,16.782631931078956,50000
2023-07-13,16.782631931078956,16.783875872761946,16.45970553034272,16.50883567175224,50000
2023-07-14,16.50883567175224,17.019972497878374,16.438627223656738,16.923553479616597,50000
2023-07-17,16.923553479616597,17.194964304996,16.763713522283798,17.174830764756326,50000
2023-07-18,17.174830764756326,17.51168873790206,17.173935196574437,17.278332606184126,58580
2023-07-19,17.278332606184126,17.516925708829238,17.16825059206422,17.450872916743478,67539
2023-07-20,17.450872916743478,17.71046559181399,17.384517311087187,17.614325726613618,50000
2023-07-21,17.614325726613618,17.633861905574697,17.342068728230064,17.37664084667176,117452
2023-07-24,17.37664084667176,17.70762846495366,17.3057500259887,17.655334369559274,50000
2023-07-25,17.655334369559274,18.02842280111069,17.628156111122863,17.84846161257644,64738
2023-07-26,17.84846161257644,18.24396269696633,17.746555379010495,18.089300635978137,50000
2023-07-27,18.089300635978137,18.147964028255952,17.642900172816955,17.720955214669495,57650
2023-07-28,17.720955214669495,18.353828360769864,17.5706202373117,18.057118723267703,50000
2023-07-31,18.057118723267703,18.352594132112227,17.921727473719297,18.2988072636128,52422
2023-08-01,18.2988072636128,18.38926715919601,18.10683735274866,18.151457932670503,50000
2023-08-02,18.151457932670503,18.473976358400556,18.112184949592194,18.42664367313988,50000
2023-08-03,18.42664367313988,18.834428942105212,18.399402104299835,18.6553032876582,50000
2023-08-04,18.6553032876582,18.900187565368807,18.32359970587022,18.36244644503839,312622
2023-08-07,18.36244644503839,18.481018760113397,18.33789578658912,18.39709092382922,50000
2023-08-08,18.39709092382922,19.14150029545385,18.336797885327098,18.85584468527959,50000
2023-08-09,18.85584468527959,18.860278548542293,18.38637781598265,18.640496135456257,138542
2023-08-10,18.640496135456257,19.028802848924364,18.601308583461325,18.99771804522216,50000
2023-08-11,18.99771804522216,19.210244583613527,18.49475706312195,18.528001163067408,50000
2023-08-14,18.528001163067408,18.561963651110293,18.136133780468157,18.157355464852103,50000
2023-08-15,18.157355464852103,18.525205711668356,18.00434479322522,18.447004119308655,52531
2023-08-16,18.447004119308655,18.656330300151673,17.57317276339142,17.634202879852143,50000
2023-08-17,17.634202879852143,17.724762646217666,17.61573028110074,17.714477655730036,59542
2023-08-18,17.714477655730036,17.797857892337124,17.19394435588326,17.290137898479387,74168
2023-08-21,17.290137898479387,17.44406796426255,16.98185543796929,17.138286811942766,149670
2023-08-22,17.138286811942766,17.32725099002692,16.987859532085956,17.21821468071743,92753
2023-08-23,17.21821468071743,17.318333532384777,16.771695201315836,16.905209106271258,50000
2023-08-24,16.905209106271258,16.932794708885986,16.67632904318757,16.850522743676798,50000
2023-08-25,16.850522743676798,17.029721524269014,16.82844473072454,16.921498324031422,50000
2023-08-28,16.921498324031422,17.391002961055467,16.891703194114726,17.378926833562428,55354
2023-08-29,17.378926833562428,17.534413235834908,16.739148241243168,16.78316689613281,50000
2023-08-30,16.78316689613281,16.937248103318638,16.742122331081106,16.840720167988188,65533
2023-08-31,16.840720167988188,17.66673079705619,16.758362318402963,17.564260761550322,50000
2023-09-01,17.564260761550322,17.70771306262475,17.519348854963972,17.675911748141374,50000
2023-09-04,17.675911748141374,17.926017861497172,17.53447255315522,17.888327583146854,50000
2023-09-05,17.888327583146854,17.942196949282717,16.999685214359957,17.21107617435204,50000
2023-09-06,17.21107617435204,17.43285717993823,17.112244855269328,17.17485346804374,54063
2023-09-07,17.17485346804374,17.53579624813281,16.954968586869867,17.462122739181233,50000
2023-09-08,17.462122739181233,17.545636545268554,17.40928269058007,17.510247535870434,113901
2023-09-11,17.510247535870434,17.677438069147545,17.402314851172957,17.676250030012895,50000
2023-09-12,17.676250030012895,17.770382098376512,17.625317193729902,17.75818172278121,50000
2023-09-13,17.75818172278121,17.7585992016815,17.49832659841868,17.557963869484073,50000
2023-09-14,17.557963869484073,17.7210848180983,17.10773432952444,17.156980925053098,93722
2023-09-15,17.156980925053098,17.183001962517615,16.44964549154753,16.49534938303527,50000
2023-09-18,16.49534938303527,16.644060211747355,16.35301638572177,16.59421497192149,50000
2023-09-19,16.59421497192149,16.678911725116997,16.47702651022216,16.658061951796935,50000
2023-09-20,16.658061951796935,16.904529330294704,16.458675535185275,16.74382304795486,50000
2023-09-21,16.74382304795486,16.94331944222241,16.246853043440048,16.326468259105262,50000
2023-09-22,16.326468259105262,16.405106635382115,16.26444879266309,16.319081977459916,61104
2023-09-25,16.319081977459916,16.346093128118067,16.290280561686775,16.33383306379756,63353
2023-09-26,16.33383306379756,16.45718053637418,16.235153805519303,16.412510972745455,50000
2023-09-27,16.412510972745455,16.497778618659353,16.387316263829543,16.43816726132555,73184
2023-09-28,16.43816726132555,16.700162854910154,16.39782202985956,16.66254073322207,64301
2023-09-29,16.66254073322207,17.435751929540302,16.530222248851036,17.338893774327115,70546
2023-10-02,17.338893774327115,17.4296901402727,17.11825243996162,17.281193042002815,51289
2023-10-03,17.281193042002815,17.43345247060377,17.217629582525145,17.27916150438277,50000
2023-10-04,17.27916150438277,17.475324446427965,17.163168145666948,17.276037370600438,65359
2023-10-05,17.276037370600438,17.368688229488804,16.89002072817906,16.93850222190976,63909
2023-10-06,16.93850222190976,17.085469689859337,16.688739266222225,16.99439060165671,82699
2023-10-09,16.99439060165671,17.093077605962204,16.88539342887093,17.047753813417714,50000
2023-10-10,17.047753813417714,17.87083844567263,17.0444536896946,17.795170419612788,50000
2023-10-11,17.795170419612788,18.285938417332147,17.695007683001837,18.19105688012382,50000
2023-10-12,18.19105688012382,18.421950392492132,18.117329837974033,18.378048217578836,50000
2023-10-13,18.378048217578836,18.818544888397916,18.198270820941147,18.778669660577705,50000
2023-10-16,18.778669660577705,18.90208010535294,18.687332746728426,18.769936050945898,168994
2023-10-17,18.769936050945898,18.800061087676003,18.63088814130118,18.66387884967378,50000
2023-10-18,18.66387884967378,18.901407434970576,18.00794497032894,18.049447289499717,50000
2023-10-19,18.049447289499717,18.484540890822764,17.98764315738342,18.29395980306921,50000
2023-10-20,18.29395980306921,18.37723155123444,18.196132173115437,18.281541508446033,50000
2023-10-23,18.281541508446033,19.187298711357258,18.222518952777897,18.916965561984462,50000
2023-10-24,18.916965561984462,18.918016155363855,18.688995160876622,18.723877822398496,63865
2023-10-25,18.723877822398496,18.918968106942426,18.544707225477726,18.865182977153523,50000
2023-10-26,18.865182977153523,18.999731226613786,18.30086678325649,18.479590990686003,50000
2023-10-27,18.479590990686003,18.75482969847845,18.442326550101978,18.675869369523223,50000
2023-10-30,18.675869369523223,18.9946337986028,18.02863342497968,18.06742008101265,50000
2023-10-31,18.06742008101265,18.432393977717478,17.990400050003895,18.373768243356594,50000
2023-11-01,18.373768243356594,18.429260248965647,18.12846704935997,18.145657284178256,50000
2023-11-02,18.145657284178256,18.149536467742635,18.037227392765413,18.062184448388354,80168
2023-11-03,18.062184448388354,18.34003848918365,18.02036802811062,18.02185132653864,50000
2023-11-06,18.02185132653864,18.095490969703672,17.46596496308626,17.574694050591738,50000
2023-11-07,17.574694050591738,17.8668486583356,17.457979527976374,17.607573636002815,50000
2023-11-08,17.607573636002815,17.7263349996685,17.51272407869578,17.524607924815776,50000
2023-11-09,17.524607924815776,17.52766906615356,17.364050500562257,17.3646749702618,50000
2023-11-10,17.3646749702618,17.783858029782863,17.2855499445711,17.611287662474314,50000
2023-11-13,17.611287662474314,17.91546309676938,17.587296571606945,17.81870828181897,50000
2023-11-14,17.81870828181897,17.87992236918188,17.661946935909185,17.704308846924746,50000
2023-11-15,17.704308846924746,18.2521994456466,17.69744162690716,18.074900366109155,50000
2023-11-16,18.074900366109155,18.303553350426895,17.960253881594568,18.300736934834188,50000
2023-11-17,18.300736934834188,18.35446390679727,18.03369540475401,18.22353485877326,57249
2023-11-20,18.22353485877326,18.30905266362418,17.779679329742955,17.931262033599015,50000
2023-11-21,17.931262033599015,18.084078291815988,17.435751190953663,17.51749008068907,50000
2023-11-22,17.51749008068907,18.05212577689176,17.492977462242106,17.958434361421627,53198
2023-11-23,17.958434361421627,18.02666986741509,17.890154602936363,17.902566780962136,50000
2023-11-24,17.902566780962136,18.50025011844605,17.90087743859206,18.42994112300645,50000
2023-11-27,18.42994112300645,18.51940303742778,18.33249980821903,18.48432077082174,56829
2023-11-28,18.48432077082174,18.53058580257007,18.1264241379899,18.351071873250305,50000
2023-11-29,18.351071873250305,18.66347624202439,18.162967432889236,18.601970441443704,50000
2023-11-30,18.601970441443704,18.793524972849465,18.507390797534804,18.617103406156957,50000
2023-12-01,18.617103406156957,18.939702768192983,18.506391746406344,18.845955521614002,50000
2023-12-04,18.845955521614002,18.87693985474161,18.81930490934135,18.864389073626104,50000
2023-12-05,18.864389073626104,18.886632522529577,18.23056132278617,18.600380660628527,50000
2023-12-06,18.600380660628527,18.672018369233157,18.085300641353786,18.171332720931417,98094
2023-12-07,18.171332720931417,18.278849421293682,18.00223642795247,18.085151773158056,50000
2023-12-08,18.085151773158056,18.302547675477967,17.726795079956975,17.78591841104879,50000
2023-12-11,17.78591841104879,18.26163261460845,17.778280645803523,18.162399294971557,50000
2023-12-12,18.162399294971557,18.31867846711572,18.000727861620234,18.274659907465296,56061
2023-12-13,18.274659907465296,18.594852362718285,18.2342454880185,18.46116928670126,50000
2023-12-14,18.46116928670126,18.582975356976252,18.334155873562313,18.361034497690483,50000
2023-12-15,18.361034497690483,18.5568372993962,17.86036448798882,17.883471514415206,50000
2023-12-18,17.883471514415206,18.258564020128667,17.879250307243034,18.233252832379836,50000
2023-12-19,18.233252832379836,18.259084555532077,18.03809708927313,18.098016185077107,50000
2023-12-20,18.098016185077107,18.117114012079025,17.53118751793331,17.59525139507583,50000
2023-12-21,17.59525139507583,17.677151876219664,17.08347542483151,17.169370039777764,50000
2023-12-22,17.169370039777764,17.411428612654987,16.760573059359874,16.770063184755298,50000
2023-12-25,16.770063184755298,17.220115541103166,16.738606498262037,17.137976357744506,50000
2023-12-26,17.137976357744506,17.192886027241155,17.091213704911944,17.187601743518552,155131
2023-12-27,17.187601743518552,17.443975815949365,17.180016451189825,17.424613700689356,50000
2023-12-28,17.424613700689356,17.523893872802155,17.354660678636588,17.403978182073477,95429
2023-12-29,17.403978182073477,17.88544352478651,17.40354599568718,17.871879546664236,50000
2024-01-01,17.871879546664236,18.1598176257023,17.803274884078586,17.846621131127133,50000
2024-01-02,17.846621131127133,18.215280266727458,17.696341386461505,18.111632698210197,50000
2024-01-03,18.111632698210197,18.432638175918004,18.01772482053176,18.271223865637502,50000
2024-01-04,18.271223865637502,18.69330787389328,18.072341490396578,18.627078362366618,50000
2024-01-05,18.627078362366618,18.75128217710546,18.473393428688464,18.749194347870766,50000
2024-01-08,18.749194347870766,18.860746928314537,18.3667160167587,18.38135404357526,50000
2024-01-09,18.38135404357526,18.884104702467102,18.132885742548414,18.700058813904104,50000
2024-01-10,18.700058813904104,18.71441494977763,18.410198097376124,18.61852964871025,50000
2024-01-11,18.61852964871025,19.00350481110285,18.5074920372726,18.861985048513816,50000
2024-01-12,18.861985048513816,19.22133105489667,18.815211243418553,19.158090226585784,50000
2024-01-15,19.158090226585784,19.536306587896725,19.06157549600121,19.32263406208991,50000
2024-01-16,19.32263406208991,19.35436067350597,19.173575469615034,19.225051209757652,83955
2024-01-17,19.225051209757652,19.606002452135453,19.15404765516245,19.586841201557295,57789
2024-01-18,19.586841201557295,19.726493521428548,19.57656355720815,19.71857749000425,66698
2024-01-19,19.71857749000425,19.851868363161486,19.520632299634908,19.552962347355997,94730
2024-01-22,19.552962347355997,19.60828286893156,19.30201974890274,19.407425961316335,50000
2024-01-23,19.407425961316335,19.4757490684846,19.1843296184508,19.37635436039492,64821
2024-01-24,19.37635436039492,19.445779379931615,18.79994257465625,18.993580472285725,50000
2024-01-25,18.993580472285725,19.00900002315705,18.869653420136107,18.943710217286434,67572
2024-01-26,18.943710217286434,19.331693427221897,18.90214756381399,19.261716837231607,50000
2024-01-29,19.261716837231607,19.40296537910894,19.092181361520417,19.382218426947162,74461
2024-01-30,19.382218426947162,19.655941662352838,19.31035645949767,19.427085651166195,50000
2024-01-31,19.427085651166195,19.437197517164034,18.718156465678582,18.887206016338368,50000
2024-02-01,18.887206016338368,19.038640237799246,18.443089072439204,18.447793945523205,50000
2024-02-02,18.447793945523205,18.898294658231492,18.3729766802099,18.830337632070634,112093
2024-02-05,18.830337632070634,18.94992470589426,18.732254525340327,18.783237118618597,50000
2024-02-06,18.783237118618597,18.891438563627887,18.613996791284304,18.61915347848499,51757
2024-02-07,18.61915347848499,18.805483016301075,17.814830731369263,17.997315836777723,62481
2024-02-08,17.997315836777723,18.060439376129924,17.749068294480157,17.857855796277317,50000
2024-02-09,17.857855796277317,17.88653841410963,17.304330646188838,17.32618872183755,55082
2024-02-12,17.32618872183755,17.513843655571943,17.16810158227446,17.512300520573543,50000
2024-02-13,17.512300520573543,17.642607618969954,17.480717026441614,17.505136425280824,56352
2024-02-14,17.505136425280824,17.66537974886409,17.402712100336533,17.416243964804647,50000
2024-02-15,17.416243964804647,17.53864708332421,17.15635894240709,17.166538088056296,50000
2024-02-16,17.166538088056296,17.285651981002307,16.594304734547926,16.772142499304245,50000
2024-02-19,16.772142499304245,16.826504778518963,16.34565325545454,16.433345101016766,50000
2024-02-20,16.433345101016766,17.179980452075394,16.389604966033215,17.008872767511164,72173
2024-02-21,17.008872767511164,17.826319504204065,16.97569800814744,17.77541586639046,50000
2024-02-22,17.77541586639046,17.96786080361797,17.609046345069743,17.894402844861933,50000
2024-02-23,17.894402844861933,17.930550748350118,17.50906904260086,17.57210141449586,50000
2024-02-26,17.57210141449586,17.741339267204438,17.54583418842671,17.65315533829996,50000
2024-02-27,17.65315533829996,17.691560362889057,16.974225433383605,17.119517920714653,50000
2024-02-28,17.119517920714653,17.1831360753498,17.06304921695246,17.08242723826791,54367
2024-02-29,17.08242723826791,17.775344978647553,17.01725402649324,17.601820589342374,50000
2024-03-01,17.601820589342374,17.725578289093818,17.315640785531837,17.376622962004316,50792
2024-03-04,17.376622962004316,17.6293697549508,17.304364277226146,17.343909802965165,50000
2024-03-05,17.343909802965165,17.543549625139406,17.26975734763537,17.316874684740363,50000
2024-03-06,17.316874684740363,17.488857097010246,16.627429521999733,16.64311822412994,50000
2024-03-07,16.64311822412994,16.67991521341043,16.07201927322829,16.147609980062473,128382
2024-03-08,16.147609980062473,16.24976184727405,15.82141693415506,15.908241626006625,50000
2024-03-11,15.908241626006625,16.012062755849094,15.59417149051653,15.695293699987618,50000
2024-03-12,15.695293699987618,15.707112823719381,15.185298750030896,15.290362696716695,57912
2024-03-13,15.290362696716695,15.371479505853154,14.975392866802208,15.098781766923214,50000
2024-03-14,15.098781766923214,15.113026055631614,14.944682623807122,15.062988562063563,159208
2024-03-15,15.062988562063563,15.207918953462697,15.059392346524431,15.179731077856838,50000
2024-03-18,15.179731077856838,15.313272392328344,15.001976293498338,15.057258745467523,50000
2024-03-19,15.057258745467523,15.516082979354065,14.922274721345694,15.466250198158052,50000
2024-03-20,15.466250198158052,15.561539407779431,15.07004018038051,15.17410608277748,50000
2024-03-21,15.17410608277748,15.19516036084743,14.729717888443892,14.837285025504624,116667
2024-03-22,14.837285025504624,15.231965731288417,14.829243633408256,15.022710028356451,147520
2024-03-25,15.022710028356451,15.406050405929964,14.79074523467515,15.341156401308789,50000
2024-03-26,15.341156401308789,15.346525291944664,14.95986079576882,15.079361881936498,62475
2024-03-27,15.079361881936498,15.133226599912943,15.078509850479444,15.107138594772776,50000
2024-03-28,15.107138594772776,15.181807209350605,14.829055633443994,14.835402255723755,50000
2024-03-29,14.835402255723755,14.869367042157037,14.568701543349942,14.720225607403577,50000
2024-04-01,14.720225607403577,14.84035174977295,14.652624469685474,14.675676307782817,50000
2024-04-02,14.675676307782817,14.692386255702697,14.580774231562106,14.615247497946285,50000
2024-04-03,14.615247497946285,14.622736727463582,14.51207882986856,14.591676496384686,52168
2024-04-04,14.591676496384686,14.6721854977869,14.52986033790049,14.664658875977844,50000
2024-04-05,14.664658875977844,14.830633893943645,14.597921260917717,14.80462052201951,50000
2024-04-08,14.80462052201951,14.958674659726672,14.726055332347585,14.890366054862342,50000
2024-04-09,14.890366054862342,15.192880700889566,14.81020057388861,15.183585463465919,50000
2024-04-10,15.183585463465919,15.243634966859577,15.047424124085051,15.108972883862277,50000
2024-04-11,15.108972883862277,15.224994898523406,14.590937511884496,14.633617227316448,50000
2024-04-12,14.633617227316448,15.572901994036677,14.628060144536393,15.48675455222752,50000
2024-04-15,15.48675455222752,15.517686307240872,15.318203401142162,15.444488162097892,50000
2024-04-16,15.444488162097892,15.916277168327555,15.437774533462097,15.878008316019276,50000
2024-04-17,15.878008316019276,15.953597347788286,15.75501758134179,15.815818235233964,50000
2024-04-18,15.815818235233964,15.919216646543385,15.547181821784227,15.595493403845044,50000
2024-04-19,15.595493403845044,15.600279471744471,15.113208630411943,15.193681896560326,50000
2024-04-22,15.193681896560326,15.328024308078497,15.184633491628968,15.308350504919852,88103
2024-04-23,15.308350504919852,15.957957500671638,15.308300089017566,15.868223776497448,67632
2024-04-24,15.868223776497448,15.921126843649848,15.589479116740314,15.789892758721182,86465
2024-04-25,15.789892758721182,15.83039838758802,15.605710732178315,15.63475793091934,50000
2024-04-26,15.63475793091934,15.832443262954637,15.516280383261162,15.796862237619324,50000
2024-04-29,15.796862237619324,15.85519110343785,15.346734226787406,15.43041591253809,50000
2024-04-30,15.43041591253809,16.023508736997382,15.381603957311418,15.84900673306047,50000
2024-05-01,15.84900673306047,15.909747852204692,15.479260068447008,15.536382059758772,50000
2024-05-02,15.536382059758772,15.653779452742802,15.324262983516565,15.651733578737089,50000
2024-05-03,15.651733578737089,15.771456400321648,15.052209819092194,15.10981469594,81213
2024-05-06,15.10981469594,15.318738253038122,14.975908726715167,15.270775204947334,70866
2024-05-07,15.270775204947334,15.388417420409198,14.387037000356274,14.465251943939753,170557
2024-05-08,14.465251943939753,14.914587421087768,14.38366492388275,14.782812182968089,50000
2024-05-09,14.782812182968089,15.405135737814556,14.762694862842572,15.39511736851243,50000
2024-05-10,15.39511736851243,15.49847320581818,15.35840954325327,15.466861688213339,50000
2024-05-13,15.466861688213339,15.625594789595747,14.878053239033289,15.086918884795828,77290
2024-05-14,15.086918884795828,15.3087336397203,15.003479999062536,15.248583676381848,50000
2024-05-15,15.248583676381848,15.251902012784086,15.020671316961261,15.077837946550998,50000
2024-05-16,15.077837946550998,15.701940170312293,15.047589821395286,15.626887560539899,50000
2024-05-17,15.626887560539899,15.659360623505775,15.15221935627872,15.216252288861638,50000
2024-05-20,15.216252288861638,15.383685395472352,14.642852275874436,14.805191682043889,58837
2024-05-21,14.805191682043889,14.895727634287926,14.334372196928152,14.388467202089766,50000
2024-05-22,14.388467202089766,14.498285835837889,14.38509528716726,14.398882121284867,50000
2024-05-23,14.398882121284867,14.478694961425097,14.23660711236357,14.313326074366682,82412
2024-05-24,14.313326074366682,14.503302958895093,14.276136614691703,14.387051219145054,60139
2024-05-27,14.387051219145054,14.468797612575603,14.361419660654452,14.375395552359011,50000
2024-05-28,14.375395552359011,14.435723779383329,13.752367318156642,13.900536162011148,50000
2024-05-29,13.900536162011148,13.917385499944258,13.755775897649531,13.769302079452636,50000
2024-05-30,13.769302079452636,13.785567254967491,12.968079454425167,12.976923802594492,50000
2024-05-31,12.976923802594492,13.439786575875017,12.938760094064499,13.398266885163109,90063
2024-06-03,13.398266885163109,13.599261883402471,13.383050724744816,13.469896550561332,50000
2024-06-04,13.469896550561332,13.510884011737485,13.428624525927528,13.465915236577528,50000
2024-06-05,13.465915236577528,14.070159452769591,13.461055415847646,14.048961143031475,89020
2024-06-06,14.048961143031475,14.098741127693813,14.025035446175393,14.026676265932428,50000
2024-06-07,14.026676265932428,14.354969975973914,13.990265765249157,14.331225391796579,50000
2024-06-10,14.331225391796579,14.39756137142981,14.253090184799627,14.359293085036212,50000
2024-06-11,14.359293085036212,14.375264449825991,14.16979814949177,14.217005331434173,57468
2024-06-12,14.217005331434173,14.332097392298436,14.210295352736042,14.21037261787027,50000
2024-06-13,14.21037261787027,14.307925169494883,14.126672397603205,14.174743168344394,101835
2024-06-14,14.174743168344394,14.222387276112526,14.04386307556453,14.139661972970133,50000
2024-06-17,14.139661972970133,14.208472549095331,13.390995907924662,13.504364107358173,128091
2024-06-18,13.504364107358173,13.59795413147752,13.266150092018705,13.37893684114336,50000
2024-06-19,13.37893684114336,13.46143091232471,12.761767567279183,12.875322531192678,70225
2024-06-20,12.875322531192678,13.349043133583674,12.7962150170363,13.296116561059383,50000
2024-06-21,13.296116561059383,13.391573999968575,13.163433806265374,13.176633625928266,66921
2024-06-24,13.176633625928266,13.19825319017513,12.919777563760531,12.952517586254533,50000
2024-06-25,12.952517586254533,13.069424993730099,12.828674102438587,12.881836238873957,134043
2024-06-26,12.881836238873957,12.918800251026237,12.818368463065985,12.894242794761666,60617
2024-06-27,12.894242794761666,12.914325698542534,12.591764791638468,12.644784239279419,50000
2024-06-28,12.644784239279419,12.653204411034217,12.386925172704204,12.393167874337774,50000
2024-07-01,12.393167874337774,12.418189261258146,11.622962149494906,11.68676357133371,72457
2024-07-02,11.68676357133371,11.744056148838041,11.444069047159369,11.564021399607244,50000
2024-07-03,11.564021399607244,12.132944565706598,11.499179054916498,12.030554612563444,50000
2024-07-04,12.030554612563444,12.840925667605156,12.027994893977434,12.757145239283544,52469
2024-07-05,12.757145239283544,12.780487467934135,12.544505908563124,12.574602147041572,50000
2024-07-08,12.574602147041572,12.644693339281648,12.370744042823278,12.427731989525174,82117
2024-07-09,12.427731989525174,12.434492950871972,11.82632851680621,11.89271130897593,99006
2024-07-10,11.89271130897593,12.596145172151626,11.858816876750902,12.493620307151614,50000
2024-07-11,12.493620307151614,12.532573536710343,12.48991064098756,12.513925700260778,58764
2024-07-12,12.513925700260778,12.726985218785,12.496877606974854,12.698491451505348,50000
2024-07-15,12.698491451505348,13.327474805717323,12.59005196448794,13.267045852708385,50000
2024-07-16,13.267045852708385,13.508580350677619,13.128038402174262,13.484543310706947,50000
2024-07-17,13.484543310706947,13.627319751878595,13.424276503869748,13.582792991442865,50000
2024-07-18,13.582792991442865,13.640521726908311,12.784312121396452,12.848355292063172,50000
2024-07-19,12.848355292063172,12.952766274156136,12.680887658300877,12.72009353423027,50000
2024-07-22,12.72009353423027,12.796544901955604,12.055832250132495,12.07815543351567,50000
2024-07-23,12.07815543351567,12.272476972974506,11.89855996391083,11.966754382719646,50000
2024-07-24,11.966754382719646,11.968808194704987,11.879925150625631,11.963633680319143,50000
2024-07-25,11.963633680319143,12.292056536398068,11.817094126379674,12.185781891051999,74271
2024-07-26,12.185781891051999,12.223013174708148,12.092810439467662,12.107071476782616,65666
2024-07-29,12.107071476782616,12.286952529800052,12.061741991669503,12.210352472125953,50000
2024-07-30,12.210352472125953,12.334523249211298,11.571415338049091,11.63113565247883,52897
2024-07-31,11.63113565247883,11.800636348783318,11.581866952480725,11.799453606483757,50000
2024-08-01,11.799453606483757,11.805424675244728,11.594865549685817,11.656156368729855,128430
2024-08-02,11.656156368729855,11.7003846930901,10.778173252043302,10.790802686200509,53286
2024-08-05,10.790802686200509,10.956461477742089,10.781664340352375,10.883697765430583,84311
2024-08-06,10.883697765430583,10.89915128883482,10.84268673542902,10.85129998027286,50000
2024-08-07,10.85129998027286,10.979049809405156,10.725103954604226,10.745752227433828,157448
2024-08-08,10.745752227433828,10.986500321595633,10.702136654807713,10.965507975970299,50000
2024-08-09,10.965507975970299,11.271520310002856,10.897653920621632,11.228940773689557,50000
2024-08-12,11.228940773689557,11.392344502016414,10.607009809361724,10.613052087942542,50000
2024-08-13,10.613052087942542,10.64052538943585,10.464997601022167,10.467073544035777,50000
2024-08-14,10.467073544035777,10.561213185749635,10.449519158468485,10.519013643304705,59023
2024-08-15,10.519013643304705,10.976948154148253,10.489080003357302,10.97552619463835,154226
2024-08-16,10.97552619463835,11.311807204391588,10.878842385309598,11.305014205092753,50000
2024-08-19,11.305014205092753,11.331136675743055,10.814302084272903,10.839980215185319,50000
2024-08-20,10.839980215185319,10.85891767433582,10.68489484693311,10.728917964685017,53141
2024-08-21,10.728917964685017,11.312412143714273,10.665577662857874,11.260208033371361,50000
2024-08-22,11.260208033371361,11.329551141470075,11.2470553707551,11.318299987251168,50000
2024-08-23,11.318299987251168,11.580588835512307,11.173532484958459,11.559138441945654,50000
2024-08-26,11.559138441945654,11.675401294046553,11.495113951249088,11.59652191213864,50000
2024-08-27,11.59652191213864,12.023473296276983,11.573803072777878,12.022357381177896,91225
2024-08-28,12.022357381177896,12.450021270778041,11.966545274573054,12.3532207445792,50000
2024-08-29,12.3532207445792,12.466665265672017,12.25892162472902,12.275825454191851,82419
2024-08-30,12.275825454191851,12.297571139089884,11.850085455010898,11.943847751105384,50000
2024-09-02,11.943847751105384,12.279380858528814,11.90885081594282,12.258186833376145,50000
2024-09-03,12.258186833376145,12.29010329534609,12.063354201187467,12.075076038900244,50000
2024-09-04,12.075076038900244,12.092731400322164,11.98992279975294,12.031460593867248,50000
2024-09-05,12.031460593867248,12.310553621679771,12.024485642294705,12.249242222026446,50000
2024-09-06,12.249242222026446,12.523188955168736,11.869876355299319,11.87567109539134,50000
2024-09-09,11.87567109539134,12.236919410590364,11.862688098385966,12.225104197500869,98891
2024-09-10,12.225104197500869,12.250173365998544,11.696762002564101,11.794591252338412,50000
2024-09-11,11.794591252338412,11.922171891595637,11.217388532222005,11.27665317035541,50000
2024-09-12,11.27665317035541,11.851394794899786,11.25140294260268,11.849981894943275,50000
2024-09-13,11.849981894943275,11.914950080037398,11.834403250431736,11.854994075965028,50000
2024-09-16,11.854994075965028,12.16050030081337,11.846208518429712,12.147761435232116,50000
2024-09-17,12.147761435232116,12.466714724005264,12.123594730603454,12.440916987124668,50000
2024-09-18,12.440916987124668,12.513102545023084,12.409440152440885,12.44979974735391,52823
2024-09-19,12.44979974735391,12.725633762960266,12.440718430324853,12.710960543376165,68702
2024-09-20,12.710960543376165,12.73653181904651,12.364319361298632,12.478742015746715,72263
2024-09-23,12.478742015746715,12.71058977772152,12.476540764227757,12.697012768000942,71070
2024-09-24,12.697012768000942,13.274371174099974,12.59798937948651,13.169022271379879,50000
2024-09-25,13.169022271379879,13.785861607533871,13.008690140112325,13.634102892580303,55972
2024-09-26,13.634102892580303,13.73466357717146,13.450426727256675,13.656883389664142,58947
2024-09-27,13.656883389664142,13.804641847001033,13.028054879405596,13.071789032564327,50000
2024-09-30,13.071789032564327,13.143992587772585,12.855891795829466,12.903722044878304,50000
2024-10-01,12.903722044878304,13.4266323748437,12.844295353411848,13.268932913578661,50000
2024-10-02,13.268932913578661,13.361046569394466,13.171785502392016,13.305654775441203,50000
2024-10-03,13.305654775441203,13.384782748475047,12.780767584832724,12.87001410670048,50000
2024-10-04,12.87001410670048,12.97560775002778,12.527600674696798,12.529764770350925,60809
2024-10-07,12.529764770350925,12.604642704721602,11.957966934762258,11.962277831797328,50000
2024-10-08,11.962277831797328,11.964152575292708,11.513531191863212,11.63023959256215,50000
2024-10-09,11.63023959256215,11.64272405131218,11.349915243870015,11.486450660176114,50000
2024-10-10,11.486450660176114,11.69797433170443,11.445970868572854,11.657863585309746,50000
2024-10-11,11.657863585309746,11.689932600001281,11.185172325364102,11.282063997856113,81196
2024-10-14,11.282063997856113,11.293200298814755,11.109537803545837,11.12782611947954,50000
2024-10-15,11.12782611947954,11.184055898672979,11.092312785424925,11.14487844907048,50000
2024-10-16,11.14487844907048,11.415865695724246,11.11665526502691,11.262444118033315,50000
2024-10-17,11.262444118033315,11.308113178489185,11.016058985478486,11.104922225186005,50000
2024-10-18,11.104922225186005,11.1679197474752,10.837533049075452,10.84492108116426,50000
2024-10-21,10.84492108116426,11.124566716600636,10.755948425850901,11.026753119758421,50000
2024-10-22,11.026753119758421,11.153677472630232,10.81220713309013,10.885479201601791,50000
2024-10-23,10.885479201601791,11.414285782185408,10.850503037472986,11.377288447438968,75311
2024-10-24,11.377288447438968,11.39451967774712,10.955486655459156,11.061638512802578,50000
2024-10-25,11.061638512802578,11.076970064312901,10.678385125088997,10.771375926323788,50000
2024-10-28,10.771375926323788,11.204968621350972,10.72196063867132,11.170165050012281,88598
2024-10-29,11.170165050012281,11.537575044706163,11.09929071771805,11.512612063443255,50000
2024-10-30,11.512612063443255,12.067102491683649,11.493633125716864,11.977340927682322,54096
2024-10-31,11.977340927682322,12.431128700139686,11.942002253026626,12.411551769394842,50000
2024-11-01,12.411551769394842,12.443989216054486,12.282804199668222,12.330950317650178,53196
2024-11-04,12.330950317650178,12.550657942250572,12.286974677907361,12.38130934566028,50000
2024-11-05,12.38130934566028,12.408799742529729,12.203722590053305,12.254491339380339,50000
2024-11-06,12.254491339380339,12.366410631627103,11.912213309367237,11.9420560727284,50000
2024-11-07,11.9420560727284,11.989744152365736,11.617295963354309,11.71349430417821,50000
2024-11-08,11.71349430417821,12.090918630340083,11.626936483724922,11.997284409259516,50000
2024-11-11,11.997284409259516,12.071648385622469,11.828241590229364,11.837712341623996,50000
2024-11-12,11.837712341623996,11.91557976142043,11.626413905889992,11.692505900392538,50000
2024-11-13,11.692505900392538,11.761647247741001,11.086251910058248,11.133084252565654,68076
2024-11-14,11.133084252565654,11.302950187716409,11.071336919354177,11.22912526663084,101647
2024-11-15,11.22912526663084,11.549393222097795,11.151190668221865,11.453944493428803,118468
2024-11-18,11.453944493428803,11.748395190889902,11.427915826900083,11.660946500662552,50000
2024-11-19,11.660946500662552,11.692226940643515,11.606917951783874,11.648409011809505,50000
2024-11-20,11.648409011809505,12.381963131826492,11.622672565341515,12.231969492602465,84636
2024-11-21,12.231969492602465,12.281996655591543,11.771418332124423,11.830134411125576,57769
2024-11-22,11.830134411125576,12.227693468717717,11.816765975342792,12.082330382426958,62081
2024-11-25,12.082330382426958,12.087909535320923,11.674311332147857,11.71523355289837,50000
2024-11-26,11.71523355289837,11.814519100161412,11.500278300484432,11.65672882149687,50000
2024-11-27,11.65672882149687,11.884872574320697,11.623479293418582,11.79381055707507,85933
2024-11-28,11.79381055707507,11.810708223858256,11.604067630195301,11.622636997366852,77577
2024-11-29,11.622636997366852,11.902455478806534,11.614195209600327,11.851706478685257,59174
2024-12-02,11.851706478685257,11.920204517513534,11.549463475337257,11.61279290747798,50000
2024-12-03,11.61279290747798,11.659710113303467,10.940210610710938,10.944477691819843,50000
2024-12-04,10.944477691819843,11.086051344945826,10.48982235371005,10.511773981891194,111510
2024-12-05,10.511773981891194,10.704606669793383,10.471018062962182,10.691749354354934,50000
2024-12-06,10.691749354354934,10.713172784475333,10.087801068994027,10.131965684873604,50000
2024-12-09,10.131965684873604,10.163013646438351,10.032140241120992,10.034503318543232,60179
2024-12-10,10.034503318543232,10.404870314631772,9.992879093549828,10.360796402460652,50000
2024-12-11,10.360796402460652,10.543112724750488,10.308264135335236,10.47948890657996,50000
2024-12-12,10.47948890657996,10.980205526725841,10.449219077622212,10.953576681913843,50000
2024-12-13,10.953576681913843,11.233437451228253,10.94562643393471,11.18702368794845,50000
2024-12-16,11.18702368794845,11.3942210056533,11.177463513753851,11.366794185738602,56336
2024-12-17,11.366794185738602,11.386093428699336,11.207910962222039,11.314254049676531,91735
2024-12-18,11.314254049676531,11.384202519707213,11.067404293936494,11.158810536090261,50000
2024-12-19,11.158810536090261,11.219915610124199,10.609849213021485,10.64196072141063,50000
2024-12-20,10.64196072141063,11.544044354538386,10.634527886947794,11.474654713921172,50000
2024-12-23,11.474654713921172,11.496675227037441,11.307336525052703,11.336723577017603,50000
2024-12-24,11.336723577017603,11.375608440993412,10.694278847814928,10.747595991238072,50000
2024-12-25,10.747595991238072,10.834421768247088,10.67642951029828,10.76188295983371,50000
2024-12-26,10.76188295983371,10.806157960707264,9.87882951552252,9.91309419279232,54415
2024-12-27,9.91309419279232,10.400798512339719,9.891802005515897,10.381730410934146,50000
2024-12-30,10.381730410934146,10.86380254093862,10.31004809965946,10.828748089545408,50000
2024-12-31,10.828748089545408,11.049040405029768,10.81490790411031,10.991044647229563,50000
2025-01-01,10.991044647229563,11.036295153741696,10.288267081108607,10.292815964919235,50000
2025-01-02,10.292815964919235,10.322453357877441,9.686586718605586,9.776576084419522,61162
2025-01-03,9.776576084419522,9.794980414974622,9.666380278262215,9.702267439739282,50000
2025-01-06,9.702267439739282,10.035943535388867,9.622743748788578,9.968912092424791,58605
2025-01-07,9.968912092424791,10.057768404414427,9.588310256846745,9.592125744630707,100765
2025-01-08,9.592125744630707,9.847858337887796,9.590271481460478,9.841960496979892,54993
2025-01-09,9.841960496979892,9.988526190523979,9.819116585097039,9.899151443655645,50000
2025-01-10,9.899151443655645,9.977104525889606,9.852532169047992,9.869318208024747,78293
2025-01-13,9.869318208024747,9.965019795383068,9.858380993252053,9.858858339826071,60123
2025-01-14,9.858858339826071,9.881717761173089,9.622850412701535,9.709330865043695,92198
2025-01-15,9.709330865043695,9.874829460276914,9.68983996667829,9.764863017382366,115053
2025-01-16,9.764863017382366,9.805284528503162,9.585600632518958,9.676329163095964,101863
2025-01-17,9.676329163095964,9.739575785915513,9.31136595438878,9.398798426959676,50000
2025-01-20,9.398798426959676,9.726470566865988,9.361700964296219,9.641198019475086,50000
2025-01-21,9.641198019475086,9.692039085921595,9.332573553658774,9.424473597366672,50000
2025-01-22,9.424473597366672,9.437156772856001,9.090224669201506,9.123298132008898,205832
2025-01-23,9.123298132008898,9.158601099871944,9.056904330508491,9.097632995053003,50000
2025-01-24,9.097632995053003,9.129554163307954,9.003986513762781,9.029572383242478,78147
2025-01-27,9.029572383242478,9.457356028799074,9.021679241446964,9.371273877447242,50000
2025-01-28,9.371273877447242,9.693830484256958,9.309476133604267,9.660829064648809,66812
2025-01-29,9.660829064648809,10.007574228724687,9.596924422895377,9.95691970273309,59498
2025-01-30,9.95691970273309,10.06852948920568,9.908454941027378,10.038724662549193,112282
2025-01-31,10.038724662549193,10.106062520734532,9.882544531255245,9.938047617104697,50000
2025-02-03,9.938047617104697,10.195870291250872,9.901434929730241,10.172881172478483,67327
2025-02-04,10.172881172478483,10.437029703603553,10.081508022681684,10.43058876623187,72033
2025-02-05,10.43058876623187,10.537304227092598,10.418719976257984,10.50451430635533,50000
2025-02-06,10.50451430635533,11.140386318513848,10.40316497772602,11.020392580700843,50000
2025-02-07,11.020392580700843,11.036921152020184,10.854784130807223,10.951685882484666,50000
2025-02-10,10.951685882484666,11.020510236223952,10.839982929843323,10.862424751201036,50000
2025-02-11,10.862424751201036,10.93065420679863,10.628416435712781,10.730953787810726,50000
2025-02-12,10.730953787810726,11.209810313043432,10.72636047333162,11.184932379863156,50000
2025-02-13,11.184932379863156,11.39372967742881,11.12793654790245,11.325032581855599,50822
2025-02-14,11.325032581855599,11.680076866185024,11.256659754339152,11.616100999831332,50000
2025-02-17,11.616100999831332,12.015404683917316,11.445052867053633,12.009514720342356,50000
2025-02-18,12.009514720342356,12.085618015665565,11.610186309679065,11.649210508757047,50000
2025-02-19,11.649210508757047,11.942717098390796,11.61595035488586,11.860468419145118,57193
2025-02-20,11.860468419145118,12.08220163349057,11.773859077079562,11.9453839563394,50000
2025-02-21,11.9453839563394,12.081198754497153,11.419919778656082,11.501992714138092,75942
2025-02-24,11.501992714138092,12.200953792192125,11.426185942862455,12.108738448693975,50000
2025-02-25,12.108738448693975,12.176189223099788,11.846188122187698,11.92261958681752,50000
2025-02-26,11.92261958681752,12.006957308386891,11.875059878008614,11.892586130091688,50000
2025-02-27,11.892586130091688,12.128970734066154,11.856158957281414,12.007649364245474,50000
2025-02-28,12.007649364245474,12.119614531861322,11.472129402306756,11.486393375865026,50000
2025-03-03,11.486393375865026,11.547466660689091,11.098365962626731,11.157977880994238,50000
2025-03-04,11.157977880994238,11.288910325143526,11.136200743029239,11.214624404465676,50000
2025-03-05,11.214624404465676,11.251333238186614,11.161784856073771,11.233942202278152,50000
2025-03-06,11.233942202278152,11.346764720409128,11.211154570699431,11.308344936081724,116117
2025-03-07,11.308344936081724,11.604673243961583,11.29242504708444,11.468281724939752,50000
2025-03-10,11.468281724939752,11.90017188383592,11.43645719217322,11.875982921436329,50000
2025-03-11,11.875982921436329,12.079993100552963,11.81453723453254,12.065613039073789,50000
2025-03-12,12.065613039073789,12.326847192220622,12.018373610630865,12.307761720061563,50000
2025-03-13,12.307761720061563,12.494677852282116,11.834287687911393,11.9457508193156,72105
2025-03-14,11.9457508193156,12.595362062365483,11.924448746886037,12.517342230800516,97498
2025-03-17,12.517342230800516,12.601064829984914,12.162003406122462,12.231091460377616,121338
2025-03-18,12.231091460377616,12.302171761648593,11.996128291972402,12.042449075198354,67948
2025-03-19,12.042449075198354,12.075474699716878,11.94442124346386,12.018168575123902,50000
2025-03-20,12.018168575123902,12.152358806045822,11.88062535272314,12.086438081251565,50000
2025-03-21,12.086438081251565,12.194424730209908,11.470807905823571,11.550740043771748,55345
2025-03-24,11.550740043771748,11.615887370362604,11.11380267048098,11.208545422935439,91078
2025-03-25,11.208545422935439,11.692860804989998,11.189427684810687,11.630180026371322,150902
2025-03-26,11.630180026371322,11.902210895680046,11.608707799916983,11.890335003756883,157302
2025-03-27,11.890335003756883,12.031403182692145,11.460078534768927,11.492650353543196,50000
2025-03-28,11.492650353543196,11.697976739660673,11.430312161371981,11.684915201481527,50000
2025-03-31,11.684915201481527,11.693957695910505,11.619339626320597,11.656759364305229,69430
2025-04-01,11.656759364305229,11.67149481986516,11.186473839175598,11.216409352640829,50000
2025-04-02,11.216409352640829,11.39720085272899,11.068791393848459,11.103239542992059,50000
2025-04-03,11.103239542992059,11.504527485675712,11.063347364992236,11.460143132641424,50000
2025-04-04,11.460143132641424,11.511860857325626,11.448825755773525,11.4727225262866,65750
2025-04-07,11.4727225262866,11.483828585154555,11.383943017772317,11.389458209943799,50000
2025-04-08,11.389458209943799,11.39888843295203,11.182343589598325,11.207241334043447,50000
2025-04-09,11.207241334043447,11.320708427002621,10.920778287886113,11.011057320924579,50000
2025-04-10,11.011057320924579,11.056914807506079,10.531343086463272,10.568779760487251,50000
2025-04-11,10.568779760487251,10.588388368834327,10.34216461511324,10.386690169775408,54276
2025-04-14,10.386690169775408,10.484537535222806,10.21653939096299,10.260469217737215,50000
2025-04-15,10.260469217737215,10.60293976883298,10.260371128350885,10.554618157598329,50000
2025-04-16,10.554618157598329,10.932549045299957,10.505736947536503,10.92512530719584,70610
2025-04-17,10.92512530719584,10.993927570479624,10.480704381716896,10.494238094967933,50000
2025-04-18,10.494238094967933,10.72444674382413,10.487187759945268,10.63776345077294,50000
2025-04-21,10.63776345077294,10.688313912553372,10.484885144631987,10.508750805162567,50000
2025-04-22,10.508750805162567,10.736893559605424,10.418011324140522,10.704437592634806,50000
2025-04-23,10.704437592634806,10.808634093754572,10.569358293997889,10.629498427007938,50000
2025-04-24,10.629498427007938,10.63650139166186,10.425621372846969,10.5477471653173,50000
2025-04-25,10.5477471653173,10.611572850141869,10.069119611976152,10.168398278000494,52347
2025-04-28,10.168398278000494,10.19534980296238,9.997838311250888,10.138751200148937,77606
2025-04-29,10.138751200148937,10.255937088256651,10.101526013077986,10.136158113104777,50000
2025-04-30,10.136158113104777,10.179801605534946,9.897855606809182,9.933123934813189,50000
2025-05-01,9.933123934813189,9.976077081688812,9.623212803341303,9.631958344924838,50000
2025-05-02,9.631958344924838,9.97151627628037,9.603504649876493,9.826551046032773,50000
2025-05-05,9.826551046032773,10.176356116022621,9.819268581103527,10.041703476841887,134633
2025-05-06,10.041703476841887,10.553819225171965,10.023397954117494,10.498131821186966,64716
2025-05-07,10.498131821186966,10.8168613770819,10.479153738276068,10.722882486191791,50000
2025-05-08,10.722882486191791,10.916353285813878,10.660837819417166,10.847321449834917,50000
2025-05-09,10.847321449834917,11.031854740661494,10.842768712527505,10.969836497614097,124747
2025-05-12,10.969836497614097,11.069099958507921,10.820728730603166,10.868907945528182,50000
2025-05-13,10.868907945528182,11.088898559892407,10.796489691355516,11.014965354710801,208473
2025-05-14,11.014965354710801,11.088223474034729,10.674468518723529,10.683967489421436,50000
2025-05-15,10.683967489421436,11.59044705853768,10.665722941360578,11.53354647288423,50000
2025-05-16,11.53354647288423,11.664106019739764,11.474764758091144,11.630097745104157,206814
2025-05-19,11.630097745104157,11.848084872716456,11.58800390346699,11.827222846711692,50000
2025-05-20,11.827222846711692,12.18275257116584,11.7558923223728,12.143739332998427,50000
2025-05-21,12.143739332998427,12.604914466507449,11.946660613663466,12.466416635826334,50000
2025-05-22,12.466416635826334,12.786908875229527,12.43061918561154,12.769495342351014,50000
2025-05-23,12.769495342351014,12.972436316721819,12.706145533167412,12.946515657243275,50000
2025-05-26,12.946515657243275,13.278900279414902,12.942069600478606,13.268774753525856,50000
2025-05-27,13.268774753525856,13.460332753276212,13.204127248762726,13.312296023006544,50000
2025-05-28,13.312296023006544,13.40418107501471,13.275239676697101,13.28763317365201,50000
2025-05-29,13.28763317365201,13.355982264139657,13.011516660826675,13.090812177880908,77299
2025-05-30,13.090812177880908,13.148428456965917,13.078727469978567,13.123012363546415,50000
2025-06-02,13.123012363546415,13.143283833361455,13.02401171956153,13.044026819331512,140857
2025-06-03,13.044026819331512,13.117684881978949,12.766971861054841,12.820272899450393,50000
2025-06-04,12.820272899450393,12.884391189502695,12.571326056294392,12.647753715881823,50000
2025-06-05,12.647753715881823,12.719505980587254,12.50488649699999,12.598433092473906,50000
2025-06-06,12.598433092473906,12.681241788949084,11.909428499724944,11.920595445342878,50000
2025-06-09,11.920595445342878,11.935882244092292,11.574816636857534,11.641141493121383,52733
2025-06-10,11.641141493121383,11.821678606170762,11.629436496866315,11.65963230072487,50000
2025-06-11,11.65963230072487,11.770133249040262,11.555307875084786,11.571115304067416,68719
2025-06-12,11.571115304067416,11.593724573012498,11.146978862878976,11.237811397373251,50000
2025-06-13,11.237811397373251,11.275620502639788,10.77624656127042,10.88380838919358,64317
2025-06-16,10.88380838919358,10.898470672000723,10.817525712676073,10.874507154646912,50000
2025-06-17,10.874507154646912,11.028216324395226,10.854850276174854,10.987879518773909,61903
2025-06-18,10.987879518773909,11.192710620851221,10.914600055355754,11.1764188434016,50000
2025-06-19,11.1764188434016,11.277734238983806,10.684398696713021,10.805601661520532,50000
2025-06-20,10.805601661520532,10.838250548862304,10.39191910366438,10.417301143687832,50000
2025-06-23,10.417301143687832,11.1235944196105,10.376513326499317,11.067680628731416,50000
2025-06-24,11.067680628731416,11.156346828365269,10.911630171808184,10.948204928477386,50000
2025-06-25,10.948204928477386,11.053043510388516,10.673634622797211,10.746818143240803,50000
2025-06-26,10.746818143240803,10.800696270324794,10.431520294885628,10.494430108756104,50000
2025-06-27,10.494430108756104,10.55948570616651,10.43767495495978,10.554508353321607,50000
2025-06-30,10.554508353321607,10.607060857632055,10.35677454463285,10.360119232630826,50000
2025-07-01,10.360119232630826,10.395799812172884,10.252935076151099,10.378937676893385,50000
2025-07-02,10.378937676893385,10.47633325418801,10.082906988984465,10.201273307502468,172216
2025-07-03,10.201273307502468,10.493624505687457,10.161285784589865,10.473514630177936,85866
2025-07-04,10.473514630177936,10.59948926715143,10.434794309483962,10.518049839350528,98388
2025-07-07,10.518049839350528,10.588245372811434,10.501268715980501,10.535770406993256,50000
2025-07-08,10.535770406993256,10.56547086877513,10.400043312550244,10.466600500890845,50000
2025-07-09,10.466600500890845,10.506567046022056,10.395113643799025,10.504285408321746,50000
2025-07-10,10.504285408321746,10.62384867043362,10.464579004099367,10.52216160386631,50000
2025-07-11,10.52216160386631,10.596749679091714,10.485334011976624,10.555187401705172,73206
2025-07-14,10.555187401705172,10.718231148723527,10.547874197542992,10.567378910020238,59989
2025-07-15,10.567378910020238,10.732658577300478,10.403123723840448,10.421242370330207,103826
2025-07-16,10.421242370330207,10.529073806922865,9.914110812410485,9.939222945536859,88535
2025-07-17,9.939222945536859,9.96152551615269,9.677600678522804,9.741519051847433,50000
2025-07-18,9.741519051847433,9.988305498430428,9.719693679238638,9.893687265166015,50000
2025-07-21,9.893687265166015,9.94064249116602,9.889267232196985,9.915201526449492,50000
2025-07-22,9.915201526449492,10.18363208358221,9.906870586535897,10.073527970664186,50000
2025-07-23,10.073527970664186,10.201743277873373,9.926630066176036,10.145879409120015,50000
2025-07-24,10.145879409120015,10.164328904439108,9.66275637686201,9.725064730718817,50000
2025-07-25,9.725064730718817,9.955836831482822,9.663187253264807,9.920247192190246,79347
2025-07-28,9.920247192190246,10.183735908081019,9.887589079235497,10.17032286392706,109427
2025-07-29,10.17032286392706,10.2235211574911,10.13880576125876,10.180381741247839,50000
2025-07-30,10.180381741247839,10.191180535096619,9.802270481005811,9.824294171832285,50000
2025-07-31,9.824294171832285,9.876531677015032,9.60480886636664,9.65272971860106,50117
2025-08-01,9.65272971860106,9.880001926765942,9.613954315122138,9.841592312027483,50000
2025-08-04,9.841592312027483,10.128414424738986,9.831635637676474,10.066500277558161,50000
2025-08-05,10.066500277558161,10.072237075188562,9.861391320601683,9.942218107238194,57936
2025-08-06,9.942218107238194,9.942851481512387,9.562257800568709,9.62260509067445,50000
2025-08-07,9.62260509067445,9.643922327882434,8.876708013249473,8.87717185432153,84038
2025-08-08,8.87717185432153,8.89040692606927,8.691720902942185,8.816810159131576,50000
2025-08-11,8.816810159131576,8.850964793154928,8.653518053771835,8.764606390904786,50000
2025-08-12,8.764606390904786,9.16023554836759,8.73730850081175,9.041920272629568,50000
2025-08-13,9.041920272629568,9.053933680349214,8.97631064116197,9.019814322601254,76299
2025-08-14,9.019814322601254,9.03012747292626,8.577692381394089,8.605285366209458,50000
2025-08-15,8.605285366209458,8.678462263139577,8.423280103498024,8.486860835912124,70099
2025-08-18,8.486860835912124,8.511024252708978,7.973619455854905,8.027580760666023,61246
2025-08-19,8.027580760666023,8.074154886119105,7.738992824991897,7.7487964280734785,50000
2025-08-20,7.7487964280734785,7.790212216549929,7.318165172905274,7.400582783180767,79349
2025-08-21,7.400582783180767,7.846929233125283,7.394502068703011,7.816961595057755,50000
2025-08-22,7.816961595057755,8.0002063020167,7.77594947482405,7.923952018519297,76304
2025-08-25,7.923952018519297,7.955436500687416,7.854186497398771,7.909393329796117,50000
2025-08-26,7.909393329796117,7.933466935192286,7.722012989721955,7.746376143764597,60582
2025-08-27,7.746376143764597,8.058155777373381,7.729652058803929,8.05621524130786,50000
2025-08-28,8.05621524130786,8.118591755068957,8.00749119918425,8.08213956143549,50000
2025-08-29,8.08213956143549,8.211484698958614,8.063249052030368,8.164665826154518,75337
2025-09-01,8.164665826154518,8.192793557265317,7.559267531510275,7.5770249610713325,50000
2025-09-02,7.5770249610713325,7.582722985441112,7.393714643620993,7.493796463458508,50000
2025-09-03,7.493796463458508,7.535389241061932,7.315515809703706,7.3953651691400735,50000
2025-09-04,7.3953651691400735,7.708618709788349,7.3376015474995375,7.6903779557449745,50000
2025-09-05,7.6903779557449745,8.389860597960126,7.664569607693005,8.388365119860142,50000
2025-09-08,8.388365119860142,8.701713156421887,8.329258525793191,8.666440431789516,50000
2025-09-09,8.666440431789516,8.716710454734683,8.622320608269364,8.709873485380129,50000
2025-09-10,8.709873485380129,8.754395204831615,8.104083403373453,8.110988432782328,50000
2025-09-11,8.110988432782328,8.181003467083926,8.104002908670838,8.176365036728294,50000
2025-09-12,8.176365036728294,8.284803675588089,7.7351803823832,7.745674748976191,50000
2025-09-15,7.745674748976191,8.182111497000676,7.70662355254008,8.153335026541795,50000
2025-09-16,8.153335026541795,8.257643029561063,8.098601749125258,8.176651153159842,50000
2025-09-17,8.176651153159842,8.541612240525883,8.139364767272692,8.5186391297865,56134
2025-09-18,8.5186391297865,8.721492316733658,8.488487577327044,8.680237057153413,50000
2025-09-19,8.680237057153413,8.697836818287787,8.534831519218919,8.562237515629429,50000
2025-09-22,8.562237515629429,8.657332682923096,8.403140906422713,8.446194917320335,50000
2025-09-23,8.446194917320335,8.553243796753986,8.396176400428383,8.500390608901833,50000
2025-09-24,8.500390608901833,9.008218559702184,8.473696251885162,8.998716268905117,50000
2025-09-25,8.998716268905117,9.104752194799767,8.99613260903323,9.062484939784634,50000
2025-09-26,9.062484939784634,9.372315777464834,9.04995977562763,9.33619653600881,51601
2025-09-29,9.33619653600881,9.432116817042921,8.813692151310544,8.947668558793934,50000
2025-09-30,8.947668558793934,9.385533380525436,8.934839034998081,9.371694781563425,50614
2025-10-01,9.371694781563425,9.51309656247778,9.347716132422256,9.398033216259535,56077
2025-10-02,9.398033216259535,9.749032930002214,9.347587944903825,9.695652651905913,50000
2025-10-03,9.695652651905913,9.954121609343936,9.673268153621281,9.949930086613701,50000
2025-10-06,9.949930086613701,10.038898802535584,9.531279118413645,9.536334580789312,50000
2025-10-07,9.536334580789312,9.586872349391413,9.385997775102046,9.41749602315903,50000
2025-10-08,9.41749602315903,9.600969606211308,9.394315981614497,9.516751903435855,50000
2025-10-09,9.516751903435855,9.534937891235767,9.12596961568422,9.195366696098347,50000
2025-10-10,9.195366696098347,9.201809465084889,9.128871894348231,9.171132625579139,50000
2025-10-13,9.171132625579139,9.585871087073969,9.12812754659863,9.494089574701485,148325
2025-10-14,9.494089574701485,9.924129839667685,9.395349971533735,9.86822384783459,50000
2025-10-15,9.86822384783459,9.890692662622914,9.67674331138765,9.766321714538593,85070
2025-10-16,9.766321714538593,9.827767722556356,9.733661377196453,9.785157656649424,50000
2025-10-17,9.785157656649424,10.020797984247976,9.739577435826961,9.894774523639777,51871
2025-10-20,9.894774523639777,10.436736671805148,9.88380915029619,10.425274361742604,50000
2025-10-21,10.425274361742604,10.492760641233813,10.215971592732618,10.270609554768411,50000
2025-10-22,10.270609554768411,10.505555034204708,10.178607149886973,10.41060174393402,50000
2025-10-23,10.41060174393402,10.440664886264267,10.206506085694743,10.329376253897452,50000
2025-10-24,10.329376253897452,10.638772350022498,10.279662968439913,10.600070756551304,50000
2025-10-27,10.600070756551304,10.806486558784721,10.579983388824079,10.780190621093315,50000
2025-10-28,10.780190621093315,10.846127195956996,10.746285693998326,10.795556173268162,50000
2025-10-29,10.795556173268162,10.948415288912352,10.71760961074296,10.912479310712847,50000
2025-10-30,10.912479310712847,10.964149604823774,10.794434045704413,10.92737632684774,66055
2025-10-31,10.92737632684774,11.040726057155839,10.834009682021192,11.006978660328093,50000
2025-11-03,11.006978660328093,11.071975229914989,10.957106232005595,11.042280761792954,58098
2025-11-04,11.042280761792954,11.10872654919883,11.027694021577592,11.087637926188695,104426
2025-11-05,11.087637926188695,11.151443206334635,10.865814009358646,10.950379267117732,50000
2025-11-06,10.950379267117732,11.023852121393032,10.883676103845948,10.91383447557889,50000
2025-11-07,10.91383447557889,10.977783840610188,10.61729153082351,10.70358465001245,50000
2025-11-10,10.70358465001245,11.00089703013933,10.644818954762163,10.873671271799102,119176
2025-11-11,10.873671271799102,10.888002420789185,10.742620482617307,10.770876829079931,50000
2025-11-12,10.770876829079931,10.788500524825402,10.5698289564929,10.643273138317904,50000
2025-11-13,10.643273138317904,10.878346019040201,10.580797556555348,10.834199290051409,50000
2025-11-14,10.834199290051409,11.095080501457856,10.783903119086037,11.01138874159417,53836
2025-11-17,11.01138874159417,11.748413427639678,10.958246251216554,11.693301998828554,51021
2025-11-18,11.693301998828554,11.7800563526296,11.635389961650251,11.745913670213417,50000
2025-11-19,11.745913670213417,11.917405869245707,11.714859172746326,11.834837899138478,50000
2025-11-20,11.834837899138478,12.191725680158598,11.801666501616923,12.175093863240647,50000
2025-11-21,12.175093863240647,12.266931631074275,11.683546308487413,11.735604484887824,50000
2025-11-24,11.735604484887824,11.858644828936136,11.72505252033224,11.74202720166203,100236
2025-11-25,11.74202720166203,11.980865258858561,11.620631848755755,11.940311554611023,75997
2025-11-26,11.940311554611023,12.250574252338199,11.898352536883676,12.232866638698233,56746
2025-11-27,12.232866638698233,12.301476974087162,11.948461063625146,11.97435154197161,68501
2025-11-28,11.97435154197161,12.071135657996736,11.908764010005177,11.920950206798123,50000
2025-12-01,11.920950206798123,12.30960683865101,11.897425664725112,12.216562521129015,67451
2025-12-02,12.216562521129015,12.36331973839725,11.71892586784268,11.812115151356439,55033
2025-12-03,11.812115151356439,11.831225122597806,11.571154821241128,11.586356995120248,127891
2025-12-04,11.586356995120248,11.733762858583535,11.213478843658455,11.281949767329836,50000
2025-12-05,11.281949767329836,11.393500083850796,11.277192274601685,11.36463018610903,50000
2025-12-08,11.36463018610903,11.683621191447406,11.347899091345713,11.603325857770137,50000
2025-12-09,11.603325857770137,12.04650873312199,11.55695805112395,12.021697721119134,105060
2025-12-10,12.021697721119134,12.470739573904615,11.851883121330161,12.352062163028691,50000
2025-12-11,12.352062163028691,12.401321211781264,12.31508721004832,12.369775929469569,50000
2025-12-12,12.369775929469569,12.402067132700383,11.884678100907351,11.908367291581534,53804
2025-12-15,11.908367291581534,11.926577362430981,11.722255913039756,11.78899195299997,50000
2025-12-16,11.78899195299997,11.984773072125398,11.723416933775251,11.89975707518432,50000
2025-12-17,11.89975707518432,12.014063423871779,11.70524878663598,11.79472016878926,50000
2025-12-18,11.79472016878926,12.034403205550165,11.78884793809663,12.014902810547357,50000
2025-12-19,12.014902810547357,12.017438658828498,11.671335142060885,11.856713167928852,53354
2025-12-22,11.856713167928852,11.930355324109014,11.813414647992163,11.813641160725213,115332
2025-12-23,11.813641160725213,11.876718202397457,11.710791124327326,11.869923599763698,80577
2025-12-24,11.869923599763698,11.930632650645883,11.8113892945242,11.905787664488363,50000
2025-12-25,11.905787664488363,12.33153230783478,11.86901708650822,12.14646151127847,50000
2025-12-26,12.14646151127847,12.653190967038748,12.079941665459621,12.60837471424936,103053
2025-12-29,12.60837471424936,13.131149012238046,12.593536986605379,13.026497660588577,102804
2025-12-30,13.026497660588577,13.209375938933517,12.907557912289796,13.155240484689767,50000
2025-12-31,13.155240484689767,13.25407245157236,12.79031952500156,12.875874375225747,50000
2026-01-01,12.875874375225747,12.95812219364988,12.452141962681472,12.551587443120852,50000
2026-01-02,12.551587443120852,12.606293872178616,12.244910144194717,12.266196629974617,60246
2026-01-05,12.266196629974617,12.834865090808744,12.23982093165949,12.77077220549125,50000
2026-01-06,12.77077220549125,12.994387916014759,12.611322566662714,12.981436842111549,75306
2026-01-07,12.981436842111549,13.038481942293867,12.371588089954077,12.399034926663886,53884
2026-01-08,12.399034926663886,12.4392169330951,12.366175659855731,12.41605174389002,50000
2026-01-09,12.41605174389002,12.708379859820894,12.268265375820556,12.691039132434529,50000
2026-01-12,12.691039132434529,12.727570330560804,12.56331020077117,12.5886169795481,50000
2026-01-13,12.5886169795481,12.727274556494452,12.373912153018344,12.470946347890118,58725
2026-01-14,12.470946347890118,12.624237504847894,12.416957568247202,12.61266446716241,50000
2026-01-15,12.61266446716241,12.888110508089994,12.587031141314387,12.812893346068032,50000
2026-01-16,12.812893346068032,12.864276223298555,12.80760627941868,12.84265192441034,139374
2026-01-19,12.84265192441034,12.94911980464483,12.783087587258358,12.924155048051936,74160
2026-01-20,12.924155048051936,13.040671239239565,12.646902175850725,12.769469649134404,51277
2026-01-21,12.769469649134404,12.847956915308538,12.248977517407686,12.366460768885814,50000
2026-01-22,12.366460768885814,12.63027370688134,12.318120676911324,12.592477679938568,55734
2026-01-23,12.592477679938568,12.796934267461266,12.43892459997152,12.763081117137983,50000
2026-01-26,12.763081117137983,12.931043285273343,12.736053640606135,12.890045903882955,62118
2026-01-27,12.890045903882955,13.48554249326636,12.879119840656275,13.424704207671248,50000
2026-01-28,13.424704207671248,13.53317913606303,12.95745836089106,13.03424215141739,51073
2026-01-29,13.03424215141739,13.0419709495882,12.970356866904766,13.008582155300546,50000
2026-01-30,13.008582155300546,13.152040768512087,12.604398300828265,12.61137972313362,50000
2026-02-02,12.61137972313362,12.86125525541099,12.59124487154435,12.851003697027524,50000
2026-02-03,12.851003697027524,12.922890627673066,12.419181206213496,12.482201799797663,50000
2026-02-04,12.482201799797663,12.560575034661616,12.016364696156984,12.0201588155298,50000
2026-02-05,12.0201588155298,12.114108199387182,12.003772711352948,12.045124864277268,50000
2026-02-06,12.045124864277268,12.221228375212803,11.573580175894856,11.582844042689155,50000
2026-02-09,11.582844042689155,11.635867498658063,11.438241913966765,11.532532049369307,50000
2026-02-10,11.532532049369307,12.029364221952354,11.470580607476627,11.965838084543973,50000
2026-02-11,11.965838084543973,12.485326221142815,11.770684549405358,12.406179370193138,69452
2026-02-12,12.406179370193138,13.011751150618307,12.371719407870923,12.915995067725728,50000
2026-02-13,12.915995067725728,12.985783831246511,12.719272885737185,12.85931386778503,50000
2026-02-16,12.85931386778503,12.927756764238087,12.803786523127973,12.837097637378788,50000
2026-02-17,12.837097637378788,13.32954965254227,12.816689728036684,13.273608279983177,105320
2026-02-18,13.273608279983177,13.59316901194188,13.145952076114725,13.545730158379941,50000
2026-02-19,13.545730158379941,13.551434794458586,13.322271872157291,13.368533737178725,55486
2026-02-20,13.368533737178725,13.553633229575091,13.319199240177447,13.344227411698208,50000
2026-02-23,13.344227411698208,13.351229059571779,13.310041904619716,13.333748942808931,87133
2026-02-24,13.333748942808931,13.592222797973642,13.211659903116223,13.567155093367381,50000
2026-02-25,13.567155093367381,13.830569358260485,13.556333331287547,13.75981140672527,50000
2026-02-26,13.75981140672527,13.814563754034067,13.701421294325208,13.759071183241774,50000
2026-02-27,13.759071183241774,13.864479470603346,13.72753450094195,13.81811599515987,50000
2026-03-02,13.81811599515987,14.18038814744051,13.764097866792,14.098247593279416,57031
2026-03-03,14.098247593279416,14.613761851358984,14.095761817879433,14.531162812539726,50000
2026-03-04,14.531162812539726,14.96223402632316,14.50414287873972,14.942007657850978,50000
2026-03-05,14.942007657850978,15.018716763456535,14.643357492526148,14.69344624734532,50000
2026-03-06,14.69344624734532,15.056534493214517,14.679944608738342,15.03937486962108,62708
2026-03-09,15.03937486962108,15.123797565846512,14.686651766529625,14.817972364121799,50000
2026-03-10,14.817972364121799,15.413819478192078,14.741202837386435,15.388960698836497,50000
2026-03-11,15.388960698836497,15.449143452926979,15.179146430753297,15.336694431524494,50000
2026-03-12,15.336694431524494,15.671913537902094,15.271722502116745,15.59851292707458,50000
2026-03-13,15.59851292707458,15.863777702461551,15.583757359587214,15.799304899844671,110121
2026-03-16,15.799304899844671,15.824195787567959,15.695422963348253,15.724258539119807,54190
2026-03-17,15.724258539119807,16.132195236499406,15.687235146442829,16.11719581675674,90771
2026-03-18,16.11719581675674,16.139771900884263,15.991024367336971,16.028863716565713,50000
2026-03-19,16.028863716565713,16.421954571399294,15.917456787354686,16.301941542223542,50000
2026-03-20,16.301941542223542,17.28182170890449,16.219606167409466,16.899364022512373,76489
2026-03-23,16.899364022512373,16.983606383590526,16.239760828223588,16.429407053158037,133531
2026-03-24,16.429407053158037,16.501208699384495,16.133352297090354,16.14019908569432,50000
2026-03-25,16.14019908569432,16.586031546622355,16.10484262817602,16.58481289046347,67113
2026-03-26,16.58481289046347,17.035732702772822,16.473513894514273,17.01468363246002,50000
2026-03-27,17.01468363246002,17.594061769783735,16.998439482306633,17.525851168480525,51523
2026-03-30,17.525851168480525,17.815106081762075,17.386076000744197,17.719371066910956,50000
2026-03-31,17.719371066910956,17.938131252550555,17.642114354238014,17.86433376051375,56455
2026-04-01,17.86433376051375,18.133493966280707,17.748605231790183,18.046797150363385,50000
2026-04-02,18.046797150363385,18.384819353960637,18.01053065067505,18.36526115488824,99172
2026-04-03,18.36526115488824,18.548349547864103,17.893138780408695,17.973471297947434,50000
2026-04-06,17.973471297947434,18.01474150362978,17.774496018168573,17.83219341271368,50000
2026-04-07,17.83219341271368,18.23815324376928,17.692460166433246,18.137399115084513,50000
2026-04-08,18.137399115084513,18.246066461468146,17.79132027683263,17.8102286963344,111637
2026-04-09,17.8102286963344,18.173148864431585,17.804366203655025,18.05223979388634,50000
2026-04-10,18.05223979388634,18.14693126159853,17.946070213893933,18.139599108283495,50000
