Date,Open,High,Low,Close,Volume
2010-01-01,22.2229145879786,22.345120008234364,22.159728171017704,22.2229145879786,211807
2010-01-04,22.2229145879786,22.31090880681435,21.81887970684625,21.85248583430358,50000
2010-01-05,21.85248583430358,21.89734552544293,21.783369176000274,21.820852082285644,50000
2010-01-06,21.820852082285644,22.076544198642683,21.795161850473455,21.97696511346297,50000
2010-01-07,21.97696511346297,22.11454207056734,21.147544398690414,21.167622067959297,50000
2010-01-08,21.167622067959297,21.30171812537231,20.846902447017076,20.96737051318354,54562
2010-01-11,20.96737051318354,21.474085253693044,20.782983779324177,21.41324782663902,50000
2010-01-12,21.41324782663902,21.55963455237039,21.36018847914865,21.487096996750772,50000
2010-01-13,21.487096996750772,21.500443146676265,21.01395052890988,21.099980029993773,82317
2010-01-14,21.099980029993773,21.220411647194453,20.737492717550225,20.93267650646119,50000
2010-01-15,20.93267650646119,21.03124066289741,20.911838342433466,21.010060473273672,63856
2010-01-18,21.010060473273672,21.38650098551413,20.80097221245308,21.20390752585751,56896
2010-01-19,21.20390752585751,21.297722244926867,20.90024108148093,20.974926995990728,50000
2010-01-20,20.974926995990728,21.98877644694183,20.926207858857676,21.72644795638342,79366
2010-01-21,21.72644795638342,21.83538585614455,21.210184124357582,21.43627068165698,50000
2010-01-22,21.43627068165698,21.66111047946417,21.400397896401493,21.539707159662218,167532
2010-01-25,21.539707159662218,22.079962007715014,21.479274717693954,22.047472780537884,50000
2010-01-26,22.047472780537884,22.195839516224687,21.43094584249931,21.645401988158792,100915
2010-01-27,21.645401988158792,21.797912728197325,21.538781207054924,21.640636171495906,99033
2010-01-28,21.640636171495906,21.84056862787795,21.490713654948294,21.790809287381116,50000
2010-01-29,21.790809287381116,21.845325390561765,21.543059940504698,21.575928147210902,100393
2010-02-01,21.575928147210902,21.74342590336035,20.687437226435186,20.795521278098327,50000
2010-02-02,20.795521278098327,21.061314017605934,20.78796763782608,20.98224382395408,50000
2010-02-03,20.98224382395408,21.026863920526385,20.750387859874643,20.78182610531588,50000
2010-02-04,20.78182610531588,20.897543464596268,20.712715313733533,20.88434870728026,50000
2010-02-05,20.88434870728026,21.067771043533718,20.62606442038102,20.732358962437548,90419
2010-02-08,20.732358962437548,20.902117745650433,20.599096190520395,20.76601589917819,50000
2010-02-09,20.76601589917819,20.82026250679568,20.36032417093367,20.447077287255564,50000
2010-02-10,20.447077287255564,21.15609461640542,20.413442671600986,21.073150543586998,50000
2010-02-11,21.073150543586998,21.454746956083248,21.029359376253915,21.25353180935708,76039
2010-02-12,21.25353180935708,21.42007647513543,20.933457274739368,21.41922003777177,50000
2010-02-15,21.41922003777177,21.55494211840395,21.32364674551943,21.34150690213096,50000
2010-02-16,21.34150690213096,21.366520003766944,20.990144053528276,21.0238692592748,50000
2010-02-17,21.0238692592748,21.148211176461423,20.422525600115677,20.632830920178566,50000
2010-02-18,20.632830920178566,20.817371516135385,20.546913587761594,20.753536055901705,50000
2010-02-19,20.753536055901705,21.65328741509444,20.563668957905225,21.236142284423934,50000
2010-02-22,21.236142284423934,21.32577740477812,20.628694229288037,20.73990549408594,79362
2010-02-23,20.73990549408594,20.8711241082619,20.728563510091675,20.83125351869389,50000
2010-02-24,20.83125351869389,20.961130388312775,20.715133528749767,20.72251412781711,93631
2010-02-25,20.72251412781711,21.19186295257204,20.701929433304016,21.09421208301604,50000
2010-02-26,21.09421208301604,21.81165295638718,21.081575658650195,21.707221591846093,53296
2010-03-01,21.707221591846093,22.03829178128861,21.673225893117007,21.816530942434376,50000
2010-03-02,21.816530942434376,21.954467889096023,21.706489973735287,21.940319941245114,50000
2010-03-03,21.940319941245114,22.27478304373026,21.838725184395994,22.146295250771512,50000
2010-03-04,22.146295250771512,22.201942837524662,21.891288659758814,22.090222540931304,50000
2010-03-05,22.090222540931304,22.129132484098108,21.823920525173982,22.040964505948075,50000
2010-03-08,22.040964505948075,22.251803847939705,21.680374439740614,21.811653422309483,50000
2010-03-09,21.811653422309483,22.248613673417704,21.67797275017091,22.15652804393075,50000
2010-03-10,22.15652804393075,22.345334023862396,21.914917562052423,22.194926486720824,50000
2010-03-11,22.194926486720824,22.50648232031934,22.16976006658044,22.42175261590297,84595
2010-03-12,22.42175261590297,22.860508749302006,22.36284628338569,22.81750034806264,50000
2010-03-15,22.81750034806264,23.102712526697676,22.726068954322248,22.981974383064223,50000
2010-03-16,22.981974383064223,22.983388772901815,22.587406663329112,22.66834017859626,70435
2010-03-17,22.66834017859626,22.73606187837456,22.386557399584333,22.442246536185593,86505
2010-03-18,22.442246536185593,22.45849980942688,22.335208766246353,22.344958788299174,74260
2010-03-19,22.344958788299174,22.534904928367688,22.325477567758284,22.403173607100907,57125
2010-03-22,22.403173607100907,22.51077862538805,22.119793456725162,22.132894079882497,93337
2010-03-23,22.132894079882497,22.879691483326347,22.11792348803198,22.79933490261688,50000
2010-03-24,22.79933490261688,23.05657159565273,22.573953973321487,22.642532652816357,50000
2010-03-25,22.642532652816357,23.324696615356448,22.500592203424493,23.16381209302536,50000
2010-03-26,23.16381209302536,23.18682447899213,22.809958412358082,22.845483898153233,50000
2010-03-29,22.845483898153233,22.948035917943468,22.674215493103016,22.69806100258744,50000
2010-03-30,22.69806100258744,23.1572816461547,22.652703772348026,23.093095486698452,91865
2010-03-31,23.093095486698452,23.51594780985595,23.045245268416295,23.33977268848569,50000
2010-04-01,23.33977268848569,23.676469135851644,23.27031754644222,23.620259525316325,50000
2010-04-02,23.620259525316325,24.16383181030623,23.3553822536171,24.057900438758857,50000
2010-04-05,24.057900438758857,24.31005179382479,23.85470366803423,24.170328104901838,50000
2010-04-06,24.170328104901838,24.368577075656805,24.118507374201567,24.346910967854292,69246
2010-04-07,24.346910967854292,24.9158832874425,23.975096379128235,24.867224466314347,50000
2010-04-08,24.867224466314347,25.117014814534137,24.652364654458705,24.940624847671856,50000
2010-04-09,24.940624847671856,24.971652542792558,24.376339949885054,24.4113358445064,50000
2010-04-12,24.4113358445064,24.568491902091623,23.905683573797912,23.908623617251603,50000
2010-04-13,23.908623617251603,23.96979772083152,23.398505236221105,23.497973782386442,50000
2010-04-14,23.497973782386442,23.918336951814513,23.411157433072088,23.67953860056487,50000
2010-04-15,23.67953860056487,23.71274190733492,23.282677137119954,23.435716067808276,66315
2010-04-16,23.435716067808276,23.789731582016472,23.182093826603676,23.63123725038661,121132
2010-04-19,23.63123725038661,23.831475380409167,23.3991548596299,23.494929734314702,58789
2010-04-20,23.494929734314702,23.78068424268642,23.313102673782673,23.512780667807732,72397
2010-04-21,23.512780667807732,23.85182607463385,23.397237381227946,23.578039401892312,50000
2010-04-22,23.578039401892312,23.610283026378983,23.159594229561307,23.18891176938967,50000
2010-04-23,23.18891176938967,23.339338638593883,22.98371361726708,23.054343689341383,50000
2010-04-26,23.054343689341383,23.075937789604954,22.495460286326416,22.611414638448522,50000
2010-04-27,22.611414638448522,22.943288127024648,22.493560869504996,22.795686309587783,50000
2010-04-28,22.795686309587783,22.817500228564704,22.652619540663647,22.70108539119145,69212
2010-04-29,22.70108539119145,22.756027141691966,22.32293590591885,22.365381456289136,50000
2010-04-30,22.365381456289136,22.466225556756367,22.23713860356492,22.370824734295294,50000
2010-05-03,22.370824734295294,22.50473745364833,21.811393150056112,21.995209119660235,94891
2010-05-04,21.995209119660235,22.21887858449814,21.88808748113787,21.99141365522699,106987
2010-05-05,21.99141365522699,22.00921210404843,21.844794148116545,21.901690323902635,50000
2010-05-06,21.901690323902635,22.395389242321937,21.862689861067313,22.227889347206272,50000
2010-05-07,22.227889347206272,22.498601135004247,22.198506332863847,22.453891713067037,62973
2010-05-10,22.453891713067037,22.53068370926767,22.09527701924284,22.385722260664917,50000
2010-05-11,22.385722260664917,22.58551424857283,22.3723233038972,22.51527629309773,50000
2010-05-12,22.51527629309773,22.947541645819065,22.415512728622204,22.907564617828864,50000
2010-05-13,22.907564617828864,22.945779860524336,22.378320271090523,22.43387171325692,91942
2010-05-14,22.43387171325692,22.71599381566701,21.902140376403526,21.990124764795308,50000
2010-05-17,21.990124764795308,22.10904338905399,21.33368307334092,21.520946015857035,50000
2010-05-18,21.520946015857035,21.805218603707118,21.357558039199024,21.4271215197641,50000
2010-05-19,21.4271215197641,21.67627970989776,21.23651509271472,21.62987149976167,50000
2010-05-20,21.62987149976167,21.81058563150111,20.82456832267538,20.910829225292368,52763
2010-05-21,20.910829225292368,21.127105771152028,20.83565247894467,21.107505787440097,118276
2010-05-24,21.107505787440097,21.58237127085737,20.99778705876542,21.476683791709085,71132
2010-05-25,21.476683791709085,21.80691548215093,21.327842539834815,21.535826904881553,50000
2010-05-26,21.535826904881553,21.958787271033227,21.43709966550993,21.924372317346776,68837
2010-05-27,21.924372317346776,22.029310294608518,21.75243707603978,21.764577200412074,65743
2010-05-28,21.764577200412074,22.14005463645313,21.697410346958907,22.003183477145893,50000
2010-05-31,22.003183477145893,22.011122779497022,21.63205403745894,21.742141423934417,51550
2010-06-01,21.742141423934417,21.76798896716079,21.220356209372582,21.372162842831152,50000
2010-06-02,21.372162842831152,21.548199417117612,21.189518899255166,21.54267134184684,50000
2010-06-03,21.54267134184684,21.572527277223735,20.98393666310052,21.28549608373744,50000
2010-06-04,21.28549608373744,21.301212171667945,21.251462013124865,21.25358992156357,76697
2010-06-07,21.25358992156357,21.60077696819838,21.18551233019368,21.590715565514977,50000
2010-06-08,21.590715565514977,21.629621605397595,21.411966009168474,21.5800996905329,50000
2010-06-09,21.5800996905329,21.641312823494793,21.517498144760232,21.604807566505933,50000
2010-06-10,21.604807566505933,22.146347916479492,21.560564143816094,22.12654779217692,50000
2010-06-11,22.12654779217692,22.32769169887761,21.959874770999217,22.26291653432127,50000
2010-06-14,22.26291653432127,22.280324717773908,21.99566366107166,22.12949309451974,50000
2010-06-15,22.12949309451974,22.136726938815393,22.087185613066282,22.12325588998601,50000
2010-06-16,22.12325588998601,22.54200837432909,21.877029353950874,22.53865051359833,50000
2010-06-17,22.53865051359833,22.74040491642966,22.39388046028455,22.673467296127054,50000
2010-06-18,22.673467296127054,22.777291378767593,22.35704482620743,22.425380655931562,50000
2010-06-21,22.425380655931562,22.731506524965486,22.397806837109403,22.463394412966032,111865
2010-06-22,22.463394412966032,23.01610704575899,22.312779058513424,22.793986793576465,228385
2010-06-23,22.793986793576465,23.59736148191156,22.72550211060142,23.483472206894568,50000
2010-06-24,23.483472206894568,23.718063362791327,23.456226760754554,23.57235044485816,50000
2010-06-25,23.57235044485816,24.149648120245583,23.501367328338997,24.070633372114198,82617
2010-06-28,24.070633372114198,24.50963240410435,23.987178687688356,24.50775011897058,50000
2010-06-29,24.50775011897058,24.714538228476677,23.764789593091596,23.86636307910896,50000
2010-06-30,23.86636307910896,23.904247377830465,23.542351663347773,23.77769998504877,50000
2010-07-01,23.77769998504877,23.80636286912959,23.589072845439176,23.612364791172816,70170
2010-07-02,23.612364791172816,24.30329511920724,23.572093127952694,24.155982025841887,80031
2010-07-05,24.155982025841887,24.24059951886564,23.669058060978525,23.78170125782872,77395
2010-07-06,23.78170125782872,23.920603871913865,23.49570940031463,23.518954913334436,247580
2010-07-07,23.518954913334436,23.539316598410434,23.35089190136569,23.419715146152555,50000
2010-07-08,23.419715146152555,23.48738981707528,23.0867435560587,23.20665275884854,151927
2010-07-09,23.20665275884854,23.238525454698127,22.740244149214565,22.924120104881002,50000
2010-07-12,22.924120104881002,23.08179225798058,22.87883419128368,23.02365055136543,50000
2010-07-13,23.02365055136543,23.468598695026,22.87918602181676,23.356183860626125,74069
2010-07-14,23.356183860626125,23.78078319575019,23.12774243998363,23.656394559302015,50000
2010-07-15,23.656394559302015,24.22434591864156,23.593226795799705,24.142830002579046,53916
2010-07-16,24.142830002579046,24.663472956597154,24.071049222848192,24.552223186331823,50000
2010-07-19,24.552223186331823,24.595003399947416,24.104823743194093,24.31945506657092,100978
2010-07-20,24.31945506657092,24.659682301244192,23.52396957335653,23.566254855768623,50000
2010-07-21,23.566254855768623,23.583831079138804,23.500558222673142,23.543837533193287,50000
2010-07-22,23.543837533193287,23.725282934352286,23.187786094607226,23.398160130244904,51741
2010-07-23,23.398160130244904,23.554076411303186,22.96512976814477,23.05499105982793,50000
2010-07-26,23.05499105982793,23.10579308027531,22.189580388524128,22.60676268630408,50000
2010-07-27,22.60676268630408,23.06292832997257,22.31813909252708,22.97087465072917,50000
2010-07-28,22.97087465072917,23.354342224975493,22.961762152272346,23.348605278422145,57042
2010-07-29,23.348605278422145,23.755295330112467,22.973724002592625,23.63692524372272,84432
2010-07-30,23.63692524372272,24.043197616616265,23.511922942696653,23.801178960112967,50000
2010-08-02,23.801178960112967,23.86945289555291,23.555350856803884,23.568511414914802,95006
2010-08-03,23.568511414914802,23.59394168725423,23.18576313165716,23.25054713921194,50000
2010-08-04,23.25054713921194,23.331024638613684,22.729498319544046,22.823851561700163,50000
2010-08-05,22.823851561700163,23.03613570733749,22.44518740079358,22.487735612042517,50000
2010-08-06,22.487735612042517,22.878558989525313,22.261864161394953,22.855275918236355,50000
2010-08-09,22.855275918236355,23.19666533195922,22.790309354343798,23.168787058811446,50000
2010-08-10,23.168787058811446,23.38031927115547,22.9515655864067,23.287036649528492,50000
2010-08-11,23.287036649528492,23.461696733503313,22.791363609495257,23.07600357295808,119495
2010-08-12,23.07600357295808,23.20820337483471,22.76171610654246,22.875255938116393,50000
2010-08-13,22.875255938116393,23.031749077516373,22.673437549947504,22.812598762725838,50000
2010-08-16,22.812598762725838,22.895662465074295,22.665975759154524,22.70239044066782,50000
2010-08-17,22.70239044066782,23.642196070010762,22.67746222834907,23.536828242686244,67726
2010-08-18,23.536828242686244,23.643446498009535,23.23954543739021,23.33706221329367,50000
2010-08-19,23.33706221329367,23.904936877453924,23.28542666559842,23.788461798501256,50000
2010-08-20,23.788461798501256,23.973862290379717,23.543668725537675,23.71695265211974,50000
2010-08-23,23.71695265211974,23.879484095841942,23.569589538549735,23.76273971108062,50000
2010-08-24,23.76273971108062,24.067286030142967,23.534937048429942,23.923365295584944,50000
2010-08-25,23.923365295584944,23.952941702131263,23.772105885592786,23.888054489552342,50000
2010-08-26,23.888054489552342,23.952644589361295,23.6033243238203,23.765423350983752,79948
2010-08-27,23.765423350983752,23.821484324634365,23.502353810762344,23.575877745990713,50000
2010-08-30,23.575877745990713,23.938580992077227,23.498400500121253,23.523837057314424,50000
2010-08-31,23.523837057314424,23.74906954053874,23.4739078579143,23.483772334714455,52052
2010-09-01,23.483772334714455,23.66538843845964,22.67496272293897,22.84150755001193,50000
2010-09-02,22.84150755001193,22.886128241547105,22.564844443783787,22.565754556312076,93675
2010-09-03,22.565754556312076,22.904769531166902,22.553484623303913,22.894496987550816,62877
2010-09-06,22.894496987550816,23.696366959999885,22.850118018352962,23.61287581823414,50000
2010-09-07,23.61287581823414,23.709399864962467,23.417854840925653,23.470569341044964,50000
2010-09-08,23.470569341044964,23.494640481386377,23.327131510403,23.485747966865123,57920
2010-09-09,23.485747966865123,23.741107726560553,22.946067390149842,23.227836435718434,50000
2010-09-10,23.227836435718434,23.716188576619114,22.978775703607884,23.531804937038014,50000
2010-09-13,23.531804937038014,23.70414304457875,23.416722425927798,23.52475544550489,50000
2010-09-14,23.52475544550489,23.550465350963115,23.292540385213368,23.316658617607327,82963
2010-09-15,23.316658617607327,23.74523649700387,23.24257700077209,23.562070821615936,50000
2010-09-16,23.562070821615936,23.563730791507002,23.17734918375836,23.455118731171876,50000
2010-09-17,23.455118731171876,23.92747064396023,23.415215678993878,23.758049497310836,163344
2010-09-20,23.758049497310836,23.865719702911274,23.637356122558394,23.847300945649305,50000
2010-09-21,23.847300945649305,23.976800183458845,23.548230128032934,23.590251693693297,50000
2010-09-22,23.590251693693297,23.8142829699111,23.22573108225868,23.417552617962542,50000
2010-09-23,23.417552617962542,23.92584085352804,23.198686251866288,23.86821041383256,50000
2010-09-24,23.86821041383256,24.528885384479345,23.6897616628331,24.29453320174723,50000
2010-09-27,24.29453320174723,24.583719244751435,24.04825500581595,24.204577356338913,50000
2010-09-28,24.204577356338913,24.374689742243433,23.756385952153124,23.950413073060037,136444
2010-09-29,23.950413073060037,24.67989534406917,23.931822058491193,24.400590720439396,50000
2010-09-30,24.400590720439396,24.581832317492072,24.006990020393634,24.126386553489937,50000
2010-10-01,24.126386553489937,24.15515144385729,23.679974608885388,23.76743438175054,50000
2010-10-04,23.76743438175054,23.81739632138454,23.732518130879413,23.7790992140865,50000
2010-10-05,23.7790992140865,24.1967176055923,23.625520958964696,23.997312031661334,50000
2010-10-06,23.997312031661334,24.11403160437675,23.699593032321026,23.866953940016305,50000
2010-10-07,23.866953940016305,23.897605392334956,23.598798583551908,23.729378847669985,50000
2010-10-08,23.729378847669985,23.777538360674484,23.54567168177894,23.701481548164264,50000
2010-10-11,23.701481548164264,24.291128681501316,23.48009793860448,24.199217884760685,50000
2010-10-12,24.199217884760685,24.35180416104019,23.741660485611973,23.883688660134627,50000
2010-10-13,23.883688660134627,24.148885764995363,23.867785666662545,23.95395274125608,50000
2010-10-14,23.95395274125608,24.11187993144433,23.51444785720257,23.520162534892723,81526
2010-10-15,23.520162534892723,23.78046251346339,23.418620744664675,23.631157089500004,56320
2010-10-18,23.631157089500004,23.672251741640082,23.54185626717926,23.588373193166447,50000
2010-10-19,23.588373193166447,23.620796324651685,23.045341828000133,23.19261337299861,50000
2010-10-20,23.19261337299861,23.3861841006858,22.590873446865974,22.63785600525095,50000
2010-10-21,22.63785600525095,23.064555385449825,22.51250959949668,22.846016727243693,50000
2010-10-22,22.846016727243693,23.07333908235393,22.74145976451717,23.00305864645775,50000
2010-10-25,23.00305864645775,23.04473944528625,22.401334498268415,22.417119498170052,60674
2010-10-26,22.417119498170052,22.731695242094606,22.208400904909414,22.50659560046872,54573
2010-10-27,22.50659560046872,22.768400279497154,22.49285572791795,22.72482761789311,50000
2010-10-28,22.72482761789311,22.790676692284705,22.42328420077634,22.549236293705377,52171
2010-10-29,22.549236293705377,22.926354999824056,22.480322081297114,22.92526543038599,50222
2010-11-01,22.92526543038599,23.14819500606641,22.72984611935597,23.130615681690102,50000
2010-11-02,23.130615681690102,23.925872038253853,22.942627884836092,23.549752762576507,54914
2010-11-03,23.549752762576507,23.66828238720395,23.291389716463264,23.345848946806978,101606
2010-11-04,23.345848946806978,23.38164210668163,22.526688779102944,22.63558622808461,50000
2010-11-05,22.63558622808461,22.781835998940277,22.303011688856373,22.619518916095224,50000
2010-11-08,22.619518916095224,22.856840430969356,22.576662637240748,22.774037899321797,70319
2010-11-09,22.774037899321797,22.804962625671525,22.621283070340414,22.6711756392753,50000
2010-11-10,22.6711756392753,22.865241321199708,22.165826905862524,22.326761600692624,50995
2010-11-11,22.326761600692624,22.440242939929984,22.323693513708665,22.3545350077029,50000
2010-11-12,22.3545350077029,22.516721056595546,22.19239583111528,22.33043278732258,50920
2010-11-15,22.33043278732258,23.016304720067627,22.045417316112225,22.997009757369085,50000
2010-11-16,22.997009757369085,23.64977601018236,22.8583115258458,23.516852877229052,50000
2010-11-17,23.516852877229052,23.63161118916172,23.06571510354714,23.08298863699311,50000
2010-11-18,23.08298863699311,23.164599976609296,22.778142494922683,22.864341474004604,50000
2010-11-19,22.864341474004604,23.044561077349947,21.975097193414083,22.175669906467675,65043
2010-11-22,22.175669906467675,22.252299263833006,21.934813225362372,21.973095190516222,50000
2010-11-23,21.973095190516222,22.12977031419419,21.861890641862953,22.031285971569773,84705
2010-11-24,22.031285971569773,22.831410534375962,21.856250654663434,22.616458965785352,50000
2010-11-25,22.616458965785352,23.281396984911524,22.319646693850814,22.80823169538528,61405
2010-11-26,22.80823169538528,22.909149659400573,22.4353995351798,22.50575885206005,77083
2010-11-29,22.50575885206005,22.664421006648368,21.696835618229205,21.788849964288218,50000
2010-11-30,21.788849964288218,21.88712365301304,21.513616466186054,21.66411415509158,106735
2010-12-01,21.66411415509158,22.008691810430154,21.473671638150982,21.761762685655718,50000
2010-12-02,21.761762685655718,22.1416641236936,21.633021699338933,22.040612567537934,50000
2010-12-03,22.040612567537934,22.236820311105184,21.800339819310835,21.898514723472367,50000
2010-12-06,21.898514723472367,22.13825134167716,21.487462388217317,21.51847859289931,50000
2010-12-07,21.51847859289931,21.529283489533952,21.101077009544493,21.236925050538275,50000
2010-12-08,21.236925050538275,21.442732127235868,21.185062832196635,21.442131986170104,50000
2010-12-09,21.442131986170104,21.85307177522359,21.34276496951568,21.839395144001916,50000
2010-12-10,21.839395144001916,21.995328774704486,21.24086660496285,21.318627070148917,50000
2010-12-13,21.318627070148917,21.37607750485457,20.946247827212336,21.032702070586744,50000
2010-12-14,21.032702070586744,21.54143773300461,20.967091504858196,21.426154880508832,50000
2010-12-15,21.426154880508832,22.232379415956807,21.352622505670595,22.031118058245976,50000
2010-12-16,22.031118058245976,22.08729876534316,21.926226110602265,21.999056866959304,50000
2010-12-17,21.999056866959304,22.201004072982112,21.854356874110394,22.146858626899714,50000
2010-12-20,22.146858626899714,22.550418974813198,22.063532565068233,22.307427086674235,50000
2010-12-21,22.307427086674235,23.067508884577798,22.22876632543966,22.971089396336012,50000
2010-12-22,22.971089396336012,23.113716244296484,22.47871419801547,22.54005486366156,50000
2010-12-23,22.54005486366156,22.656909953516067,22.277521319118158,22.47680259932718,50000
2010-12-24,22.47680259932718,22.71043066433447,22.445075965749975,22.673007849509016,50000
2010-12-27,22.673007849509016,22.855480254118724,22.60079220531666,22.80780506886991,50000
2010-12-28,22.80780506886991,22.96647916964176,22.53207809277751,22.68985385051831,62176
2010-12-29,22.68985385051831,22.707423586464092,22.635705148900644,22.680749683563842,50000
2010-12-30,22.680749683563842,22.767304113006738,22.22523826634117,22.339588125038624,61598
2010-12-31,22.339588125038624,22.36459535252679,21.812211132212543,22.06778858506342,50000
2011-01-03,22.06778858506342,22.215516934898268,22.028849934518533,22.14469579371781,50000
2011-01-04,22.14469579371781,22.249104859471128,22.097914396039954,22.15072581559474,104156
2011-01-05,22.15072581559474,22.154511915753243,21.879205561174967,22.07282747907642,50000
2011-01-06,22.07282747907642,22.26190670746332,21.870846925337737,22.059971195040443,82619
2011-01-07,22.059971195040443,22.50293238151508,22.014660870345658,22.443579259778303,50000
2011-01-10,22.443579259778303,22.65982439750734,22.41676317954449,22.547434243029734,50000
2011-01-11,22.547434243029734,22.78655491964134,22.174926215224097,22.432267837390466,50000
2011-01-12,22.432267837390466,22.863689415609006,22.25793300747849,22.807958706177068,50000
2011-01-13,22.807958706177068,22.96235236185722,22.760342591793783,22.82956840938808,81885
2011-01-14,22.82956840938808,22.869005992442002,22.531322043276628,22.556569212230826,50000
2011-01-17,22.556569212230826,22.57454893842048,22.386790078003244,22.418618846594576,73512
2011-01-18,22.418618846594576,22.621792057845028,22.34611148945521,22.394407189532302,50000
2011-01-19,22.394407189532302,23.14177128923383,22.25362787630084,23.008390894220195,50000
2011-01-20,23.008390894220195,23.719116136047212,22.978968672402527,23.463390161515118,50000
2011-01-21,23.463390161515118,23.528665252820986,23.03747132150474,23.211834326423766,50000
2011-01-24,23.211834326423766,23.332422152943398,22.360138912646757,22.4470876813315,50000
2011-01-25,22.4470876813315,22.76555677476336,21.990259865802734,22.044795832321558,50000
2011-01-26,22.044795832321558,22.203206058394535,21.95323950087616,22.145540097823247,50000
2011-01-27,22.145540097823247,22.239253414339483,22.043332320624813,22.226818945820952,50000
2011-01-28,22.226818945820952,22.40264490473607,22.196474165173246,22.299598710217285,58512
2011-01-31,22.299598710217285,22.51435395620623,22.194924546909064,22.420788791254008,50000
2011-02-01,22.420788791254008,22.422910933004463,22.071107086734568,22.206458693542963,50000
2011-02-02,22.206458693542963,22.34730991366821,22.105033485054975,22.275211268346748,54213
2011-02-03,22.275211268346748,22.29521237077769,22.15388944930581,22.189041838122023,50000
2011-02-04,22.189041838122023,22.314197488845934,22.156492626462814,22.24236263394831,52834
2011-02-07,22.24236263394831,22.542127722049063,22.039240403385783,22.52931070678657,50000
2011-02-08,22.52931070678657,22.5774444890435,22.368830675988747,22.44841684947938,50000
2011-02-09,22.44841684947938,22.490994314372006,22.149794661012184,22.165688565829388,50000
2011-02-10,22.165688565829388,22.525625744499816,22.023932369018574,22.268355258534783,99510
2011-02-11,22.268355258534783,22.638459359199064,22.219610975731953,22.44404869300027,50000
2011-02-14,22.44404869300027,22.69669405768047,22.283868266505056,22.695671875922567,50000
2011-02-15,22.695671875922567,23.217265828747717,22.632267360940574,23.081152606351655,68772
2011-02-16,23.081152606351655,23.082461764003597,22.424523111012217,22.493589424430436,50000
2011-02-17,22.493589424430436,22.962315520521102,22.353694569458266,22.718107547906897,50000
2011-02-18,22.718107547906897,22.873504780347726,22.579673031850042,22.65682288324193,62075
2011-02-21,22.65682288324193,22.833800968499677,22.48288344757266,22.52395107719148,50000
2011-02-22,22.52395107719148,22.87001736845283,22.50963269394815,22.783212768163427,50000
2011-02-23,22.783212768163427,22.83376554446423,22.26385653091771,22.368847834433073,53137
2011-02-24,22.368847834433073,22.696581747518085,22.08966240585528,22.62783240863072,63104
2011-02-25,22.62783240863072,23.31680150192186,22.50916189408022,23.252496266037934,52511
2011-02-28,23.252496266037934,23.33193306753281,22.854129274439213,22.884721856185124,50000
2011-03-01,22.884721856185124,23.032543352834576,22.798853786978327,23.009651312267795,50000
2011-03-02,23.009651312267795,23.01227051337399,22.7739275997405,23.009868440049452,50000
2011-03-03,23.009868440049452,23.25403360938108,22.980768297061044,23.250966673259803,112203
2011-03-04,23.250966673259803,23.268760299984084,22.732246055932627,22.739049664821255,50000
2011-03-07,22.739049664821255,22.77534128746346,22.361461385152474,22.42823222934704,50000
2011-03-08,22.42823222934704,22.987993971424512,22.313058674670057,22.815439160653398,50000
2011-03-09,22.815439160653398,22.857348898546434,22.639252883498695,22.7442251683867,73600
2011-03-10,22.7442251683867,23.081830383668386,22.727479796000427,22.882098429663127,50897
2011-03-11,22.882098429663127,23.491955491872638,22.7201422146051,23.23071155677201,50000
2011-03-14,23.23071155677201,23.367098362475982,23.049896299129433,23.198943124479328,50000
2011-03-15,23.198943124479328,23.646368158602595,23.106473266236534,23.57281981922153,135928
2011-03-16,23.57281981922153,24.079576950149608,23.551249802886286,23.809751698972562,50000
2011-03-17,23.809751698972562,24.264509122053965,23.68685750332224,23.937460150792436,50000
2011-03-18,23.937460150792436,24.04539386060446,23.667152235325325,23.835810221775276,102635
2011-03-21,23.835810221775276,23.890498113030635,23.79644129540949,23.843859699732985,50000
2011-03-22,23.843859699732985,23.979831861420603,23.24719000588223,23.526039306772564,112031
2011-03-23,23.526039306772564,24.11461699833884,23.523107350642594,24.103528591542823,58596
2011-03-24,24.103528591542823,24.315413574353425,23.85783535433495,23.883893031839023,80523
2011-03-25,23.883893031839023,24.201159226608002,23.873528211252616,24.157284750363093,90793
2011-03-28,24.157284750363093,24.237959025197533,24.059620363251415,24.088991037634337,50000
2011-03-29,24.088991037634337,24.646271651956656,23.96119995632227,24.4108544253182,50000
2011-03-30,24.4108544253182,24.609236611852612,24.33996408825785,24.585176602600907,50000
2011-03-31,24.585176602600907,24.81899739895526,24.463719008532177,24.746777012929638,50000
2011-04-01,24.746777012929638,25.131592840379906,24.59015611853194,25.074063281646996,88855
2011-04-04,25.074063281646996,25.190354954497742,24.39603684595509,24.574582137695817,50000
2011-04-05,24.574582137695817,24.68587559013257,24.57094553236776,24.59845593972984,53214
2011-04-06,24.59845593972984,24.772251347838978,24.29328537505112,24.389257016346214,88196
2011-04-07,24.389257016346214,24.628638860989465,23.816575661575875,23.901076096215235,50000
2011-04-08,23.901076096215235,24.298694053436382,23.835968344608666,24.28694480733093,50000
2011-04-11,24.28694480733093,24.514219792759516,24.210926721645972,24.217358204618957,50000
2011-04-12,24.217358204618957,24.243554937593572,23.701768168089327,23.816272650821578,50000
2011-04-13,23.816272650821578,23.875294354308785,23.729440866690894,23.777228067870215,71080
2011-04-14,23.777228067870215,23.834185459841144,23.186686145506766,23.337992710082915,50000
2011-04-15,23.337992710082915,23.556482606978673,23.10789791889461,23.18597386494594,91107
2011-04-18,23.18597386494594,23.22699348754962,22.913899493910403,23.091859000818786,115479
2011-04-19,23.091859000818786,23.480482620357332,22.979614421106415,23.305058412538642,50000
2011-04-20,23.305058412538642,23.71677608426321,23.250988584405725,23.69583349679297,50000
2011-04-21,23.69583349679297,24.018963906068116,23.680465328884353,23.883626955253405,94021
2011-04-22,23.883626955253405,23.956458214611533,23.09883717074294,23.24006931662563,50000
2011-04-25,23.24006931662563,23.412460639367556,22.900095261122285,23.086760865876137,50000
2011-04-26,23.086760865876137,23.208744782564978,22.805057473589788,22.915503216646304,50000
2011-04-27,22.915503216646304,23.082642119046373,22.799792711992986,23.010756892719268,53145
2011-04-28,23.010756892719268,23.20190551643214,22.959654776384326,23.17501356035114,50000
2011-04-29,23.17501356035114,23.51405288071761,22.50722124926022,22.559168727812505,64240
2011-05-02,22.559168727812505,22.79721044140446,22.375038194707276,22.489520361091365,50000
2011-05-03,22.489520361091365,22.75769712294625,22.27026043238334,22.613716613021555,52519
2011-05-04,22.613716613021555,22.685189679508408,22.050914626793993,22.061528517266485,50000
2011-05-05,22.061528517266485,22.473806637930984,21.958111581027286,22.44360882461448,50000
2011-05-06,22.44360882461448,22.673260997670535,22.325042859311985,22.530922839882003,50000
2011-05-09,22.530922839882003,23.04725721031409,22.52601490789115,22.965129042506277,50000
2011-05-10,22.965129042506277,22.9867286188146,22.718897738203445,22.79393670252714,50000
2011-05-11,22.79393670252714,23.21285643571689,22.680505206147885,23.208232639098252,69298
2011-05-12,23.208232639098252,23.543831188908797,22.982567209881935,23.490898196111154,56581
2011-05-13,23.490898196111154,23.888711788873167,23.431273918699464,23.719553175854525,50000
2011-05-16,23.719553175854525,23.82841277651271,23.28840339886671,23.799661666008287,50000
2011-05-17,23.799661666008287,23.931742130954234,23.734317967992496,23.8479837201624,50000
2011-05-18,23.8479837201624,23.92173961945544,23.318546142943408,23.494704899969935,55027
2011-05-19,23.494704899969935,23.807759336856037,23.42206275479561,23.743362449820474,61338
2011-05-20,23.743362449820474,23.744466535294716,23.5955396983536,23.688809064684715,50000
2011-05-23,23.688809064684715,23.847164137773756,23.678149784138572,23.770708698905796,50000
2011-05-24,23.770708698905796,23.983804854648003,23.508634532777666,23.96164985265176,50000
2011-05-25,23.96164985265176,24.236004622726572,23.60925622817874,23.676086437568923,50000
2011-05-26,23.676086437568923,23.91821526772259,23.477943568782145,23.59647330367557,50000
2011-05-27,23.59647330367557,24.15012525643698,23.434862758028284,23.8873460520714,50000
2011-05-30,23.8873460520714,23.907742827569322,23.666237946521118,23.686658619278134,50000
2011-05-31,23.686658619278134,23.836461735606115,23.510502673760588,23.576219680980497,50000
2011-06-01,23.576219680980497,23.646758409781157,23.332807669965923,23.381047673090098,50000
2011-06-02,23.381047673090098,23.95827335393556,23.346389262253403,23.888622272147174,55430
2011-06-03,23.888622272147174,24.09488391046724,23.661954249314604,23.826583932523956,50000
2011-06-06,23.826583932523956,23.95118683925133,23.68396474639649,23.950042120540953,50000
2011-06-07,23.950042120540953,24.721084219075355,23.83950463024529,24.399257137216193,50000
2011-06-08,24.399257137216193,25.260606875046278,24.273998933007302,25.012380297354717,148940
2011-06-09,25.012380297354717,25.2420008743816,24.89003217540079,25.0792512490708,106873
2011-06-10,25.0792512490708,25.884735041277366,24.95472593347348,25.769648873502547,50000
2011-06-13,25.769648873502547,26.04215959505477,25.467963552898258,25.59978348701912,65322
2011-06-14,25.59978348701912,25.70379265185425,25.197040069048228,25.217302630581397,156013
2011-06-15,25.217302630581397,25.489006107166723,25.209215727366356,25.322846024498645,50000
2011-06-16,25.322846024498645,25.49131907787479,25.2258803286926,25.3073112779267,167573
2011-06-17,25.3073112779267,25.601549422873568,24.901166982566775,25.383977743777034,50000
2011-06-20,25.383977743777034,25.6104181884903,25.184871016500384,25.589875830769937,50000
2011-06-21,25.589875830769937,25.740765931405683,24.882379294805943,25.187736649771587,50000
2011-06-22,25.187736649771587,25.23555886185992,24.338792017808302,24.748983455324986,50000
2011-06-23,24.748983455324986,24.781750510602116,24.40191650904596,24.55765743952445,50000
2011-06-24,24.55765743952445,24.67151770847921,24.261429151684357,24.42117791147831,108613
2011-06-27,24.42117791147831,24.470217741271444,24.403033353890553,24.414481825480465,50000
2011-06-28,24.414481825480465,24.95409456243674,24.38597834594681,24.779606912419624,50000
2011-06-29,24.779606912419624,25.267058966220034,24.77208850760683,25.02273715823684,71471
2011-06-30,25.02273715823684,25.117622737667272,24.505434489738974,24.56591683523699,69024
2011-07-01,24.56591683523699,24.574631263348405,24.094513360572257,24.18684709484954,50000
2011-07-04,24.18684709484954,24.274536026021572,23.89757955257039,23.967632512925814,56511
2011-07-05,23.967632512925814,24.12346601099763,23.681584146606472,23.871739030223992,50000
2011-07-06,23.871739030223992,24.443793534112793,23.82557450963848,24.20737986676669,50000
2011-07-07,24.20737986676669,24.357913785202896,23.90210717176336,24.17471544188456,79992
2011-07-08,24.17471544188456,24.462501739542926,24.072234739555775,24.452849291435303,50000
2011-07-11,24.452849291435303,24.697450009576666,24.32975783823404,24.676702743549292,107441
2011-07-12,24.676702743549292,25.041021150832197,24.660169458346626,24.998492415485103,162249
2011-07-13,24.998492415485103,25.241566733920425,24.892409649255654,25.093597013943917,92928
2011-07-14,25.093597013943917,25.22692418973204,25.091656078806576,25.094707136251326,50000
2011-07-15,25.094707136251326,25.096860592548804,25.064349331607378,25.073670672628822,50000
2011-07-18,25.073670672628822,25.48575886198818,25.026563423076603,25.350228384208446,64249
2011-07-19,25.350228384208446,25.91433666333282,25.29039935593838,25.879150040719864,50000
2011-07-20,25.879150040719864,26.007564418465776,25.715497801018838,25.85938303519572,50000
2011-07-21,25.85938303519572,26.239929898039282,25.53653200636822,26.107485028700985,58432
2011-07-22,26.107485028700985,26.164055519029148,25.93682939149902,25.94847329613571,50000
2011-07-25,25.94847329613571,26.112154214867815,25.843644336117393,25.878400400697252,50000
2011-07-26,25.878400400697252,26.09904044397527,25.65274491182605,25.875032857369572,50000
2011-07-27,25.875032857369572,25.920507811863974,25.146475683840997,25.158856369763768,50454
2011-07-28,25.158856369763768,25.299377505704207,24.49339909144671,24.49467417496582,50000
2011-07-29,24.49467417496582,24.54680513545922,24.35785575294126,24.359842573687185,219964
2011-08-01,24.359842573687185,24.548561603496946,23.652603800424345,23.896138609896077,50000
2011-08-02,23.896138609896077,23.993237443192516,23.767451243790635,23.83462252310274,50000
2011-08-03,23.83462252310274,24.110682281495208,23.596990803060663,24.07318823283579,50000
2011-08-04,24.07318823283579,24.624670671722203,24.056760628684792,24.455669703257115,50000
2011-08-05,24.455669703257115,24.814566243566,24.33870290972912,24.59916554131905,50000
2011-08-08,24.59916554131905,25.155790185568325,24.44876410098498,24.941656716348547,50000
2011-08-09,24.941656716348547,25.522927139622347,24.88570681650886,25.32798976730435,94563
2011-08-10,25.32798976730435,25.547900514271518,25.220720855120206,25.453663118860003,66388
2011-08-11,25.453663118860003,25.936336457556866,25.15596835524743,25.819329512432127,50000
2011-08-12,25.819329512432127,25.98242065831653,25.64208603084595,25.959313436147426,50000
2011-08-15,25.959313436147426,26.022713922004918,25.64648489389629,25.75001608490373,50000
2011-08-16,25.75001608490373,26.175014585759786,25.588733901782252,25.93188366725733,64280
2011-08-17,25.93188366725733,25.975809816282663,25.595848588311764,25.707955273316603,60916
2011-08-18,25.707955273316603,26.21184115963336,25.675701677261667,25.913748445128288,50000
2011-08-19,25.913748445128288,25.96551143696882,25.71896627377342,25.782603045955483,50000
2011-08-22,25.782603045955483,26.27830665015665,25.725759753733023,26.147487837828503,76625
2011-08-23,26.147487837828503,26.436238246988207,26.098250277234396,26.34628618399544,62407
2011-08-24,26.34628618399544,26.43936011152919,25.71835446194973,25.837024364143808,50000
2011-08-25,25.837024364143808,25.885646095351188,25.617760127534307,25.876985795968217,79503
2011-08-26,25.876985795968217,25.95945069401083,25.724984701183992,25.790212573660785,50000
2011-08-29,25.790212573660785,25.895829879763575,25.765944623991853,25.813105844960138,50000
2011-08-30,25.813105844960138,25.900759654052937,25.71281556330295,25.900653977327902,69983
2011-08-31,25.900653977327902,26.035814601031273,25.11569789402924,25.2660348499022,75092
2011-09-01,25.2660348499022,25.459779807093078,25.08393077450488,25.250401979288256,70601
2011-09-02,25.250401979288256,25.68303305909891,25.016637521911736,25.47042062387615,50000
2011-09-05,25.47042062387615,25.80771192989452,25.36967393690776,25.396612189740384,50000
2011-09-06,25.396612189740384,25.460648906960923,24.774531236275994,24.82801494838749,88455
2011-09-07,24.82801494838749,24.940261959673197,24.508189330611852,24.699315081914797,50000
2011-09-08,24.699315081914797,25.297202807229077,24.64856891955515,25.085072901793822,50000
2011-09-09,25.085072901793822,25.178560498774516,24.932278736367568,25.041599737089495,77898
2011-09-12,25.041599737089495,25.44168362692816,24.906733324913475,25.396081632490187,104607
2011-09-13,25.396081632490187,25.68209324251045,25.0880722420089,25.52914351732048,50000
2011-09-14,25.52914351732048,25.877087471353928,25.518860232264732,25.799115175309193,50000
2011-09-15,25.799115175309193,25.809908077684494,25.588019303249617,25.767380627231717,50000
2011-09-16,25.767380627231717,25.851255026902084,25.103313328293282,25.28536610013307,78071
2011-09-19,25.28536610013307,25.810859898912685,25.131847941639442,25.671207302301184,62772
2011-09-20,25.671207302301184,25.714270602184467,25.643361381887505,25.707793404937718,50000
2011-09-21,25.707793404937718,26.074293229488184,25.55225664989347,25.9920494205875,50000
2011-09-22,25.9920494205875,26.367534760078396,25.893414811347895,26.24974000850195,50000
2011-09-23,26.24974000850195,26.308536192112527,25.80307563536478,25.96659558995389,50000
2011-09-26,25.96659558995389,26.004021832705824,25.654123217497553,25.830169223587763,50000
2011-09-27,25.830169223587763,26.555088893153393,25.728786936961708,26.46856016567497,50000
2011-09-28,26.46856016567497,27.12823734190236,26.13285205196574,26.95176471244415,50000
2011-09-29,26.95176471244415,27.060255281070866,26.655797062534894,26.800795277786307,50000
2011-09-30,26.800795277786307,27.041678720571436,26.761076076180842,26.992801413831327,61107
2011-10-03,26.992801413831327,27.13888313250742,26.658149157222983,26.861283477760583,50000
2011-10-04,26.861283477760583,27.02772448935454,26.54177617010052,26.57304301841733,81266
2011-10-05,26.57304301841733,26.880435596978362,26.48885142762163,26.51771288719127,50000
2011-10-06,26.51771288719127,26.846638063906994,26.264688716727346,26.697152201263652,50000
2011-10-07,26.697152201263652,26.720626966359422,26.496366294797586,26.678344951239474,50000
2011-10-10,26.678344951239474,26.792543524620797,25.964132114403093,26.02227416130138,102405
2011-10-11,26.02227416130138,26.056295880923383,25.50133047393169,25.59453024801969,50000
2011-10-12,25.59453024801969,25.71738224517099,24.747701407373103,24.788418460996596,50000
2011-10-13,24.788418460996596,24.959835696100498,24.70625772551348,24.74893687732458,171825
2011-10-14,24.74893687732458,24.774700206865457,24.545440034454536,24.666048086272976,50000
2011-10-17,24.666048086272976,24.750179803941105,24.242342944133384,24.284541698051825,66286
2011-10-18,24.284541698051825,24.857999119947667,24.23677500045321,24.78443184999584,50000
2011-10-19,24.78443184999584,25.070421132671452,24.435662016105056,24.94474174839276,50000
2011-10-20,24.94474174839276,25.071313526020745,24.68686876331821,24.72911238559294,50000
2011-10-21,24.72911238559294,24.925183817454545,24.56129108311547,24.769410880662893,50000
2011-10-24,24.769410880662893,24.778488128763993,24.31900451928784,24.6823667638085,50000
2011-10-25,24.6823667638085,24.794953291953533,24.66301568177698,24.76040530657343,65640
2011-10-26,24.76040530657343,24.865918949235656,24.671210840007607,24.67722335589185,50000
2011-10-27,24.67722335589185,25.043539076706484,24.446051022131027,24.955374815265195,50000
2011-10-28,24.955374815265195,25.373162777411537,24.63440300312169,24.67813244900096,50000
2011-10-31,24.67813244900096,25.094551018542962,24.523127453919685,25.046286331600605,50000
2011-11-01,25.046286331600605,25.072733517164792,24.310552794668986,24.47464473090205,68031
2011-11-02,24.47464473090205,24.949979326015242,24.412501577442647,24.6652716330819,59702
2011-11-03,24.6652716330819,25.222744652264826,24.552745492663625,25.221140094038546,50000
2011-11-04,25.221140094038546,25.62723425361773,25.208430181361585,25.494699680230106,50000
2011-11-07,25.494699680230106,26.14637279788632,25.455183314212405,26.14382801081051,50000
2011-11-08,26.14382801081051,26.439617469008148,26.080706529163,26.25903070331413,50000
2011-11-09,26.25903070331413,26.382329839409216,26.165543777631633,26.259689243155528,50000
2011-11-10,26.259689243155528,26.543301955398217,26.234977915980828,26.337100750266618,50000
2011-11-11,26.337100750266618,26.718018383302727,26.335618233083306,26.560617830980814,50000
2011-11-14,26.560617830980814,26.80018047741544,26.321927186086878,26.569295682194458,50000
2011-11-15,26.569295682194458,26.736631167823095,26.13879719257713,26.482597375264557,101621
2011-11-16,26.482597375264557,26.76387395390756,26.258801632488073,26.374386094250756,50000
2011-11-17,26.374386094250756,26.77233143624461,26.313092089007558,26.672817339110694,50000
2011-11-18,26.672817339110694,27.18219661663844,26.41908705268261,27.175468886836516,50000
2011-11-21,27.175468886836516,27.705349680286382,27.086555691115006,27.26439773744813,50000
2011-11-22,27.26439773744813,27.50880371364164,27.04264139424644,27.36636900818581,50000
2011-11-23,27.36636900818581,27.724907858458554,27.185280482019405,27.413523683252286,50000
2011-11-24,27.413523683252286,27.53500881197661,27.01503749631278,27.02983168853906,50000
2011-11-25,27.02983168853906,27.551755922088002,26.818701635422336,27.27951778518072,50000
2011-11-28,27.27951778518072,27.509529057940014,26.63359984944839,26.744592200978072,50000
2011-11-29,26.744592200978072,26.93121445809338,26.016917159204514,26.198306484020957,55540
2011-11-30,26.198306484020957,26.274396904832305,25.41997603636862,25.61029401865517,60897
2011-12-01,25.61029401865517,25.84883993335692,25.293972798109763,25.35006309311694,50000
2011-12-02,25.35006309311694,25.56040354513325,25.052887380336117,25.471215597528474,50000
2011-12-05,25.471215597528474,26.05848242367702,25.400779617394832,25.780600998524665,50000
2011-12-06,25.780600998524665,25.95354202690897,25.58109287417352,25.913675464615032,50000
2011-12-07,25.913675464615032,26.04202780214559,25.534162002850266,25.63356524179108,50000
2011-12-08,25.63356524179108,25.671862156831335,24.886305567630146,24.971690084572455,50000
2011-12-09,24.971690084572455,24.99189215284345,24.797596849071294,24.873957970766412,50000
2011-12-12,24.873957970766412,25.842676358256547,24.86900588777599,25.81391533935086,50000
2011-12-13,25.81391533935086,26.10220915101853,25.55889794044545,25.73189470085919,50000
2011-12-14,25.73189470085919,25.819534387865517,25.64833381125736,25.68822265055347,71321
2011-12-15,25.68822265055347,26.102419450852345,25.687315595335864,25.826475412352757,50000
2011-12-16,25.826475412352757,26.016496998374873,25.429586720658513,25.43294928528282,50000
2011-12-19,25.43294928528282,25.47435311785443,25.337895747738944,25.41353041623574,186516
2011-12-20,25.41353041623574,25.415837579611313,25.14145700551018,25.352990327168452,96287
2011-12-21,25.352990327168452,25.370863333285868,25.138054917384704,25.25241826818604,50000
2011-12-22,25.25241826818604,25.501341799481818,25.14242157368164,25.443893946085524,66078
2011-12-23,25.443893946085524,25.543340705564002,25.41382112257826,25.474636583496718,50000
2011-12-26,25.474636583496718,25.714274557394766,25.19893289707479,25.407179993623558,50000
2011-12-27,25.407179993623558,25.534979676905934,25.33041201819874,25.41359300288655,50000
2011-12-28,25.41359300288655,25.582646991653316,25.242081055705707,25.5504343699343,86849
2011-12-29,25.5504343699343,25.87477292873306,25.528143962456774,25.716330561763456,50000
2011-12-30,25.716330561763456,25.814674522418876,25.496613122547156,25.607362607500832,50000
2012-01-02,25.607362607500832,25.62373183226321,25.09298972152758,25.172818185511147,70393
2012-01-03,25.172818185511147,25.74315796890796,24.948256105490067,25.570295532739376,50000
2012-01-04,25.570295532739376,25.917296603508493,25.306815143450017,25.67161295009131,50000
2012-01-05,25.67161295009131,26.266522892234008,25.530873344298183,26.238339213409866,50000
2012-01-06,26.238339213409866,26.322391229439447,25.83982555126682,25.848825668784496,50000
2012-01-09,25.848825668784496,26.39285003018467,25.793472516251846,26.108456108034805,50000
2012-01-10,26.108456108034805,26.230279358416425,26.083826118128897,26.08591101947894,50000
2012-01-11,26.08591101947894,26.401131598722078,25.975993245538657,26.17982371600617,50000
2012-01-12,26.17982371600617,26.65121603927849,26.006375354800028,26.59173677536101,50000
2012-01-13,26.59173677536101,26.830867775511205,26.480760597001954,26.75795166542921,50000
2012-01-16,26.75795166542921,26.86901411069366,26.514761721274162,26.62177387093017,74918
2012-01-17,26.62177387093017,26.880149216853024,26.287756797481876,26.296724917273366,50000
2012-01-18,26.296724917273366,26.621632630696062,26.118148596270608,26.502628721181814,50000
2012-01-19,26.502628721181814,26.56534883336014,25.77320443861931,25.785691811096306,111223
2012-01-20,25.785691811096306,26.263155184135908,25.77148381651944,26.236180996721753,50000
2012-01-23,26.236180996721753,26.429132909696605,26.125204281518805,26.379429519433934,50000
2012-01-24,26.379429519433934,26.48592787120139,26.30554882559063,26.41737726519875,50000
2012-01-25,26.41737726519875,26.467815990382395,25.546229671242425,25.80517055299208,50000
2012-01-26,25.80517055299208,26.078269214315718,25.25768458256116,25.426419103798185,50000
2012-01-27,25.426419103798185,25.548555832776852,24.98369100301191,25.161762082705295,50000
2012-01-30,25.161762082705295,25.23052672677608,24.951111645727728,25.18467072346871,50000
2012-01-31,25.18467072346871,25.617381495793257,24.81534877564395,25.506449712009516,50000
2012-02-01,25.506449712009516,25.625191961046603,25.432969541837736,25.52315081686056,69760
2012-02-02,25.52315081686056,25.811275899920734,25.38433512336379,25.678453151594844,50000
2012-02-03,25.678453151594844,25.851459426998794,25.41241893191797,25.8383927305488,50000
2012-02-06,25.8383927305488,26.025538641247053,25.81841576368837,25.95427223034258,50000
2012-02-07,25.95427223034258,25.994805915320597,25.352639526989876,25.506568250017043,50000
2012-02-08,25.506568250017043,25.937412545440758,25.49408696473861,25.49886290240897,50000
2012-02-09,25.49886290240897,25.533477504425676,25.152416853358563,25.276242410861823,50000
2012-02-10,25.276242410861823,25.561310649973912,25.21187004037286,25.38778639083707,50000
2012-02-13,25.38778639083707,25.548921954740898,25.194101239071028,25.49291009897368,61015
2012-02-14,25.49291009897368,25.54461569034406,25.060988994857613,25.229423970746616,50000
2012-02-15,25.229423970746616,25.88128606069891,24.9969740671205,25.553656125662798,50000
2012-02-16,25.553656125662798,25.622433599619946,25.527772266152823,25.529282960862577,50000
2012-02-17,25.529282960862577,25.613622761058036,25.137340734817837,25.228776733275676,50000
2012-02-20,25.228776733275676,25.403015623056053,25.02507482715002,25.314679934238605,181234
2012-02-21,25.314679934238605,25.431051145619787,25.02757755802456,25.1652258593295,50000
2012-02-22,25.1652258593295,25.316196213380028,24.8181220876664,24.897133188247917,50000
2012-02-23,24.897133188247917,25.344744321817043,24.11440003858394,24.39809442016416,50000
2012-02-24,24.39809442016416,24.494743805298114,24.02913545727761,24.04628804153283,50000
2012-02-27,24.04628804153283,24.480743790842787,23.71115918358236,24.37686026942454,50000
2012-02-28,24.37686026942454,24.746666716772324,24.323615252418268,24.554348761126835,50000
2012-02-29,24.554348761126835,24.571933345373644,24.262649594632542,24.289442498032958,50000
2012-03-01,24.289442498032958,24.5700704638331,24.087937504969624,24.525266129154925,50000
2012-03-02,24.525266129154925,24.724501486100003,24.20365583697073,24.476376163818692,50000
2012-03-05,24.476376163818692,24.787932842438092,24.423443797458855,24.656445440337492,79424
2012-03-06,24.656445440337492,25.002621194754788,24.65627713469508,24.69243878654483,50000
2012-03-07,24.69243878654483,25.068529216523597,24.639951878407214,25.06303069417127,50000
2012-03-08,25.06303069417127,25.195229857002953,24.858635143047838,25.124630318247196,74246
2012-03-09,25.124630318247196,25.246985269109924,24.883573918805922,24.9253232310289,114004
2012-03-12,24.9253232310289,25.180194954448265,24.758803110817656,24.801977582566813,50000
2012-03-13,24.801977582566813,25.232177878798343,24.75383461039825,25.007770821469197,50000
2012-03-14,25.007770821469197,25.12629766688557,24.658888783251296,24.867484819624593,59352
2012-03-15,24.867484819624593,25.084157717243755,24.586136376325733,24.771335673454487,72177
2012-03-16,24.771335673454487,24.82721551478211,24.431571267932537,24.634417464900746,50000
2012-03-19,24.634417464900746,24.767517094666164,24.390888001944507,24.763760326419806,50000
2012-03-20,24.763760326419806,24.986209431378306,24.70214271642676,24.97235486081588,86205
2012-03-21,24.97235486081588,25.264471160808526,24.84663280230519,25.191412779514124,50000
2012-03-22,25.191412779514124,25.34354841291603,25.048219297454697,25.295234338031243,229673
2012-03-23,25.295234338031243,25.397594988815904,24.787612854228417,24.830184542115745,52885
2012-03-26,24.830184542115745,24.844454056603002,24.381727641058177,24.43078273801257,59865
2012-03-27,24.43078273801257,24.575161900273805,24.31952056034803,24.57246067957285,50000
2012-03-28,24.57246067957285,24.685186393013375,23.811457276663734,24.08219340076322,50000
2012-03-29,24.08219340076322,24.157085226534196,23.963499680047498,24.088872132231852,87914
2012-03-30,24.088872132231852,24.610320953705966,23.990031402045236,24.59836613681624,76492
2012-04-02,24.59836613681624,24.631300511202177,24.333114642671827,24.355640564323366,82896
2012-04-03,24.355640564323366,24.52279080724199,23.876158751638282,24.13762855062753,50000
2012-04-04,24.13762855062753,24.264418137199975,24.070677307115524,24.17547223343594,50000
2012-04-05,24.17547223343594,24.64279795096377,23.991744952974045,24.624363770136096,50000
2012-04-06,24.624363770136096,24.64722209534804,24.13430113695144,24.13614004147857,50000
2012-04-09,24.13614004147857,24.564629216951182,24.090829721157885,24.31950340985666,50000
2012-04-10,24.31950340985666,24.709287005641496,24.29904594834203,24.64261874829443,50000
2012-04-11,24.64261874829443,24.80221169582579,24.23252430767735,24.278719121058142,50000
2012-04-12,24.278719121058142,24.417994474266738,23.823111066294754,23.961129953120107,50000
2012-04-13,23.961129953120107,24.071189182083824,23.840321816329734,24.031706828755436,163187
2012-04-16,24.031706828755436,24.121423043486853,23.628897396772988,23.828315390453433,54775
2012-04-17,23.828315390453433,24.0330918963528,23.53265483459391,23.766339645633007,57514
2012-04-18,23.766339645633007,24.077120617392495,23.717673754207635,24.04814018922973,143710
2012-04-19,24.04814018922973,24.057073406013753,23.563357921676307,23.73758836827644,50000
2012-04-20,23.73758836827644,23.758871140205976,23.60281316922386,23.713921287162727,50000
2012-04-23,23.713921287162727,23.89418953603899,23.546721103520962,23.567737838873327,90724
2012-04-24,23.567737838873327,23.8911782703819,23.53578027046553,23.852292774534778,140014
2012-04-25,23.852292774534778,23.861265339266673,23.47904851483714,23.5736683323137,125191
2012-04-26,23.5736683323137,23.59289909915984,22.933135493881117,22.98062465432822,50000
2012-04-27,22.98062465432822,23.031036033191512,22.646212455949097,22.892053677994454,50000
2012-04-30,22.892053677994454,23.150300505017547,22.695775639162804,22.92909085282766,50000
2012-05-01,22.92909085282766,23.384643386311964,22.833976594983532,23.32783132214863,50000
2012-05-02,23.32783132214863,23.350937642091896,23.206564042919823,23.208031340812035,61695
2012-05-03,23.208031340812035,23.288980722957326,23.09816456389289,23.177127765081813,50000
2012-05-04,23.177127765081813,23.32740709774717,22.844669879557337,22.899894375274883,50000
2012-05-07,22.899894375274883,23.598652990238918,22.82048187835637,23.02952041695921,50000
2012-05-08,23.02952041695921,23.14537899423885,22.42249742216697,22.504671454051717,50000
2012-05-09,22.504671454051717,22.79512694611943,22.40383722152135,22.753955445968412,118606
2012-05-10,22.753955445968412,22.774791577090074,22.49907977149346,22.605223586451167,50000
2012-05-11,22.605223586451167,22.615933181204582,22.395756271899288,22.451106938211694,52029
2012-05-14,22.451106938211694,22.991396377453718,22.445724474065926,22.85684384009793,50000
2012-05-15,22.85684384009793,23.07664546440296,22.524423270799478,22.984884523107183,50000
2012-05-16,22.984884523107183,23.041201781959376,22.860392436579076,23.004900447502052,52689
2012-05-17,23.004900447502052,23.64399284247814,22.98039112580143,23.484556716065956,71136
2012-05-18,23.484556716065956,23.5099859638205,23.283469250678795,23.475497718225732,50000
2012-05-21,23.475497718225732,23.651220942907692,23.063135362684314,23.166281602585016,50000
2012-05-22,23.166281602585016,23.30197669782729,23.090126008063343,23.129206437465733,54372
2012-05-23,23.129206437465733,23.27919801244961,22.876666159364355,22.884194281242703,65645
2012-05-24,22.884194281242703,23.74621988087042,22.851787947601654,23.314433421274998,50000
2012-05-25,23.314433421274998,23.427234658555594,23.235279206800215,23.30771822913105,50000
2012-05-28,23.30771822913105,23.49648308433478,22.471857096824337,22.62045934112978,50000
2012-05-29,22.62045934112978,22.788727406878028,22.459171458025196,22.728645000158206,50000
2012-05-30,22.728645000158206,22.733782225327886,22.41023871222595,22.60400531008431,50000
2012-05-31,22.60400531008431,22.60736223891609,21.879425622056843,21.972288960652364,68309
2012-06-01,21.972288960652364,22.872012495185015,21.809263611130287,22.561567840211037,50000
2012-06-04,22.561567840211037,23.580312632045864,22.539922922773084,23.35460040337811,50000
2012-06-05,23.35460040337811,23.39415775097731,23.175748200630228,23.221687364648865,50000
2012-06-06,23.221687364648865,23.250662609671952,22.886364807669672,22.92522462675891,50000
2012-06-07,22.92522462675891,23.074513988439158,22.833224819678044,22.941236070927413,50000
2012-06-08,22.941236070927413,23.172458139022293,22.882664239862052,22.966726419341544,50000
2012-06-11,22.966726419341544,23.086119233947073,22.742781760739117,23.06258260401787,50000
2012-06-12,23.06258260401787,23.121511694579294,22.908132802678224,23.077737485981693,50000
2012-06-13,23.077737485981693,23.335583836743606,23.025961146907527,23.295828354082328,59551
2012-06-14,23.295828354082328,23.38019470513261,23.1302072893434,23.322616181946348,50000
2012-06-15,23.322616181946348,23.468677822193445,23.010436770064636,23.110086593543954,54919
2012-06-18,23.110086593543954,23.173352433808024,23.0133932852996,23.166716048869386,50000
2012-06-19,23.166716048869386,23.989211690041838,22.864559231089157,23.939350402416316,50000
2012-06-20,23.939350402416316,24.10083751299712,23.84693703175491,24.019675973810088,50000
2012-06-21,24.019675973810088,24.503039267076023,23.962097206644696,24.289724212038838,50000
2012-06-22,24.289724212038838,24.42711402959422,24.265005927466447,24.317337474354822,50000
2012-06-25,24.317337474354822,24.70279750936747,24.31274952110306,24.676060813040134,58689
2012-06-26,24.676060813040134,24.89262980580019,23.990799165333808,24.369574154893318,54931
2012-06-27,24.369574154893318,24.375159933153657,24.156930477515708,24.23337108834868,50000
2012-06-28,24.23337108834868,24.334902848505067,23.85527589960893,23.915915774873277,55390
2012-06-29,23.915915774873277,24.181994488372016,23.871432935031258,24.152782484776544,69294
2012-07-02,24.152782484776544,24.319581151845615,24.110668130065488,24.237565957258173,51474
2012-07-03,24.237565957258173,24.934294659551085,23.97994726896514,24.798626227431992,77414
2012-07-04,24.798626227431992,24.93281595212336,24.27528363136198,24.278462973653184,50000
2012-07-05,24.278462973653184,24.49494281648831,24.16438653656553,24.44486799469307,50000
2012-07-06,24.44486799469307,25.224347677291334,24.191928433279987,24.94191356538251,50000
2012-07-09,24.94191356538251,25.129595171582366,24.6262906192312,24.873864343435415,149188
2012-07-10,24.873864343435415,24.99244717765411,24.8139912582043,24.942000952416215,59930
2012-07-11,24.942000952416215,24.989015594380064,24.876960431193282,24.95348759272563,60352
2012-07-12,24.95348759272563,25.148319490195426,24.89331348958744,25.04949865208929,50000
2012-07-13,25.04949865208929,25.1007025929023,24.352604093302524,24.55912163625878,50000
2012-07-16,24.55912163625878,24.864902553167635,24.532122992911695,24.83190488270211,81605
2012-07-17,24.83190488270211,24.93098389145344,24.426730881639543,24.677293000486703,50000
2012-07-18,24.677293000486703,24.887872107370004,24.66649038824917,24.700702558469448,83709
2012-07-19,24.700702558469448,24.9681577187571,24.660844445150175,24.778116162801552,50000
2012-07-20,24.778116162801552,24.859917566948468,24.385388007600145,24.429233360573733,136719
2012-07-23,24.429233360573733,24.528636036984267,23.92091424119067,24.13241332213817,50000
2012-07-24,24.13241332213817,24.266805532003648,24.114442650280363,24.251649647757173,50000
2012-07-25,24.251649647757173,24.32329873417745,23.7516970174761,23.956288355190374,50000
2012-07-26,23.956288355190374,24.035698303990337,23.18615637400126,23.310039642375017,50000
2012-07-27,23.310039642375017,23.630280958475623,23.29426439764921,23.61864086104496,50000
2012-07-30,23.61864086104496,23.66146637599512,23.473184497817133,23.47790083572307,172255
2012-07-31,23.47790083572307,23.57460693806488,23.167137704099087,23.406138581057057,50000
2012-08-01,23.406138581057057,23.461630550736096,23.22525302570108,23.263078877353205,50000
2012-08-02,23.263078877353205,23.561996502707398,23.25619091018642,23.44984223671209,50000
2012-08-03,23.44984223671209,23.517202992438442,23.284333717244568,23.35400547075545,50000
2012-08-06,23.35400547075545,23.908024310135737,23.225986089602035,23.745534333170006,50000
2012-08-07,23.745534333170006,24.11130683325189,23.60807289858131,23.912606309581335,50000
2012-08-08,23.912606309581335,24.025064309515276,23.726367902443013,23.855303423640574,50000
2012-08-09,23.855303423640574,24.125920733089885,23.5872845911106,24.04362062859895,50000
2012-08-10,24.04362062859895,24.08916207624685,23.842522305807442,23.981029086826304,50000
2012-08-13,23.981029086826304,23.99442243277412,23.843498191802908,23.84442893106562,50000
2012-08-14,23.84442893106562,24.27978624209654,23.73245143921489,24.172615510184965,50000
2012-08-15,24.172615510184965,24.670219112827414,24.11157405778205,24.424246437508618,132796
2012-08-16,24.424246437508618,24.62073775782314,24.312056566765854,24.59692291209943,50000
2012-08-17,24.59692291209943,24.758632563894206,24.33674019851102,24.550608840086866,64061
2012-08-20,24.550608840086866,24.743142995772605,24.540129637193026,24.71791094185186,50000
2012-08-21,24.71791094185186,25.18580277509268,24.684734620275528,25.118343038505355,93858
2012-08-22,25.118343038505355,25.14949894557355,24.815703298660885,25.05230142747074,140352
2012-08-23,25.05230142747074,25.338309657674067,24.923900404403373,25.232071186602333,50000
2012-08-24,25.232071186602333,25.305071147359122,24.759601884066644,25.232078892290204,50000
2012-08-27,25.232078892290204,25.31692160595872,24.984614338053333,25.02934782191632,61368
2012-08-28,25.02934782191632,25.53012488130763,24.908144142959973,25.494867583934308,50000
2012-08-29,25.494867583934308,25.607723767623142,24.721525182380436,24.76365214025404,67405
2012-08-30,24.76365214025404,24.830722377835865,24.39774511311953,24.628328754963498,50000
2012-08-31,24.628328754963498,24.909008846705444,24.56914484747545,24.610356660712583,50000
2012-09-03,24.610356660712583,24.745143703970445,24.187123773777678,24.254538822548295,50000
2012-09-04,24.254538822548295,24.39035597016292,23.935879460306744,24.025281535793393,58957
2012-09-05,24.025281535793393,24.153135785671996,23.610741035819625,24.099858921474517,50000
2012-09-06,24.099858921474517,24.215633299783153,23.674439216046196,24.0325128566193,57355
2012-09-07,24.0325128566193,24.22557734917722,23.871574929794267,24.218412242023422,130624
2012-09-10,24.218412242023422,24.485395059276502,24.06888050926725,24.34249401169146,67087
2012-09-11,24.34249401169146,24.49687636852315,24.28779186113945,24.30490558933565,50000
2012-09-12,24.30490558933565,24.39982356777808,24.183242330879953,24.261516323964887,50000
2012-09-13,24.261516323964887,24.862074473038696,24.132472255653816,24.57564375482764,64372
2012-09-14,24.57564375482764,24.847515012368195,24.54053910690823,24.58080928694707,168010
2012-09-17,24.58080928694707,24.640133183744517,24.105334659460464,24.116208981707466,51921
2012-09-18,24.116208981707466,24.180978049181412,24.09428285625438,24.096383353344642,50000
2012-09-19,24.096383353344642,24.246609985639637,23.857067428662432,23.88186921976704,50000
2012-09-20,23.88186921976704,23.998910782014313,23.78545433749915,23.90244236983079,146693
2012-09-21,23.90244236983079,24.00847847128107,23.56885983103551,23.654361212100998,50000
2012-09-24,23.654361212100998,24.00948720504478,23.649730867198713,23.91338918049835,50000
2012-09-25,23.91338918049835,24.238698524229235,23.66388005579866,23.997451153431633,50000
2012-09-26,23.997451153431633,24.196712477444557,23.850832350301904,23.89032513681133,50000
2012-09-27,23.89032513681133,24.075468474965216,23.023635404852886,23.486667902387545,50000
2012-09-28,23.486667902387545,23.693666049355386,23.161651568125837,23.18380382426389,67245
2012-10-01,23.18380382426389,23.287923135896094,22.737526346031387,22.786834687501933,50000
2012-10-02,22.786834687501933,22.9919439828976,22.74423607715941,22.98987672125789,52103
2012-10-03,22.98987672125789,23.142132368956798,22.303350166894592,22.487767580765368,50000
2012-10-04,22.487767580765368,22.49987783798327,22.21613791211349,22.23357153379757,50000
2012-10-05,22.23357153379757,22.422519642736113,22.185858431360412,22.266826110850758,78962
2012-10-08,22.266826110850758,22.82958964882711,22.135040776585935,22.776986099990815,50000
2012-10-09,22.776986099990815,22.83085100815976,22.133745048696053,22.308376417788622,50000
2012-10-10,22.308376417788622,22.311481531945343,21.961270224924355,21.981378502400897,51873
2012-10-11,21.981378502400897,22.005389303374397,21.5189621806286,21.79928520376128,50000
2012-10-12,21.79928520376128,22.209860354656456,21.744307053560604,22.18106505461875,50000
2012-10-15,22.18106505461875,22.26711214744572,21.985021791458266,22.12393833573437,50000
2012-10-16,22.12393833573437,22.556629363406813,22.033372247489833,22.28711427064957,83960
2012-10-17,22.28711427064957,22.316931286604564,22.021083615881214,22.197405214799392,53680
2012-10-18,22.197405214799392,22.215356889711625,21.766410208851028,21.880129138426454,50000
2012-10-19,21.880129138426454,22.146526303922137,21.75973200310965,22.131096559493358,50000
2012-10-22,22.131096559493358,22.300048641374257,22.05238377528848,22.25642225341463,105405
2012-10-23,22.25642225341463,22.74582773837411,22.218063608124996,22.69978172789798,50000
2012-10-24,22.69978172789798,22.871296571065844,22.587218690436686,22.787763643070182,50000
2012-10-25,22.787763643070182,23.235154346498863,22.781711333032,23.090252474118003,50000
2012-10-26,23.090252474118003,23.1763540247872,23.007543912675036,23.12746188051249,50000
2012-10-29,23.12746188051249,23.69896212518252,22.904429893243606,23.618582190762655,50000
2012-10-30,23.618582190762655,23.626717942485623,23.396555486206644,23.49385846465651,54427
2012-10-31,23.49385846465651,23.95046719489748,22.994237846460944,23.0028776148747,124388
2012-11-01,23.0028776148747,23.073668975916807,22.33504830244784,22.34283024360225,50075
2012-11-02,22.34283024360225,22.851712038826328,22.20768335785681,22.684904489363223,50000
2012-11-05,22.684904489363223,23.051335124815374,22.62058881725876,22.959962085753666,50000
2012-11-06,22.959962085753666,23.084551488372934,22.824389281375378,22.984683685778915,50000
2012-11-07,22.984683685778915,22.991195728916768,22.178663430688555,22.32576611703873,50000
2012-11-08,22.32576611703873,22.60289350139701,22.06084207628958,22.602091774830853,50000
2012-11-09,22.602091774830853,22.85370735910334,22.512241849988914,22.68932753033827,92364
2012-11-12,22.68932753033827,23.252278776190035,22.6732967901397,23.05019695052522,100897
2012-11-13,23.05019695052522,23.336126601540514,22.917081519417724,23.264129707312442,50000
2012-11-14,23.264129707312442,23.315638063326183,22.94522515947549,23.211095186765846,50000
2012-11-15,23.211095186765846,23.229592592656097,22.999208825209536,23.04370415693213,75826
2012-11-16,23.04370415693213,23.35277496497395,22.859686231871095,23.244842550887395,50000
2012-11-19,23.244842550887395,23.54535025064299,23.107449241915003,23.45164628685518,50000
2012-11-20,23.45164628685518,23.828074096689008,23.160800814714413,23.204762170842482,90775
2012-11-21,23.204762170842482,23.507177407816393,23.18020324323036,23.43888410847628,93126
2012-11-22,23.43888410847628,24.00793015134528,23.233002718919177,23.863032469697266,50000
2012-11-23,23.863032469697266,24.262180515753244,23.808806230142014,24.104278683991595,57231
2012-11-26,24.104278683991595,24.12174790879112,23.55553143994321,23.70267808475843,121245
2012-11-27,23.70267808475843,24.187685638140664,23.64437215131524,24.12132187074413,50000
2012-11-28,24.12132187074413,24.613395533461166,24.11208388399018,24.61192202118344,91539
2012-11-29,24.61192202118344,24.714014027179207,24.59864890434408,24.705986042074105,87791
2012-11-30,24.705986042074105,25.40433442884423,24.57083403355727,25.38092367084807,50000
2012-12-03,25.38092367084807,25.870123839262664,25.26218512023385,25.819371487143762,50000
2012-12-04,25.819371487143762,26.00257449693825,25.780373784639757,25.868924335722873,50000
2012-12-05,25.868924335722873,26.05946990942403,25.31358755140587,25.832425363332273,50000
2012-12-06,25.832425363332273,25.84741376794188,25.519292010616958,25.760076857455942,50000
2012-12-07,25.760076857455942,25.843015672127596,24.934713457412602,25.199569091972048,50000
2012-12-10,25.199569091972048,25.765323418975083,25.10596222465046,25.39008516395521,50000
2012-12-11,25.39008516395521,25.479057334201784,24.974744356807534,25.028202171058023,50000
2012-12-12,25.028202171058023,25.248006328696395,24.51828290535319,24.66649120904201,61925
2012-12-13,24.66649120904201,25.205621409912798,24.514645303421975,25.143496308070585,50000
2012-12-14,25.143496308070585,25.84347229796423,25.093972950689224,25.807284906379245,50000
2012-12-17,25.807284906379245,26.173826740280195,25.776500643358993,26.13626639842794,50000
2012-12-18,26.13626639842794,26.15620052529082,25.76089752964609,25.9745847134103,149807
2012-12-19,25.9745847134103,26.24730006479667,25.815663172269957,26.181270503646957,50609
2012-12-20,26.181270503646957,26.33256036870923,26.07865261690428,26.26615217488096,66832
2012-12-21,26.26615217488096,26.405528270763647,25.951188787944815,26.21220640619884,67786
2012-12-24,26.21220640619884,26.4218534439716,25.573393250956002,25.751858787533045,50000
2012-12-25,25.751858787533045,26.021178932840957,25.713056210539623,25.882660539347654,50000
2012-12-26,25.882660539347654,26.117643817752608,25.82961759247057,26.102012641252593,326201
2012-12-27,26.102012641252593,26.296485572631074,25.555418840824842,25.68207252395803,50000
2012-12-28,25.68207252395803,25.803354630116896,25.42401864945439,25.5928496947047,53099
2012-12-31,25.5928496947047,25.73765909407115,25.310483305047928,25.50350850458809,50000
2013-01-01,25.50350850458809,26.02126131593026,25.361375261019283,25.959687184897327,90823
2013-01-02,25.959687184897327,26.316707401208593,25.689723382515744,26.222245367670066,50000
2013-01-03,26.222245367670066,26.668640560163485,26.176040472220865,26.368943296173775,50000
2013-01-04,26.368943296173775,26.526274313712097,26.218648949532092,26.443471627554125,58641
2013-01-07,26.443471627554125,26.88861084284996,26.2568659208052,26.703185258820774,288445
2013-01-08,26.703185258820774,26.735829499490865,26.609000098205176,26.701610957579515,50000
2013-01-09,26.701610957579515,26.786929225864778,26.3434791862254,26.567618361755503,50000
2013-01-10,26.567618361755503,26.90962574128939,26.44272053235102,26.637018450956806,76936
2013-01-11,26.637018450956806,26.69632355944632,26.34374614485792,26.443833281590038,50000
2013-01-14,26.443833281590038,26.555865558119,26.08551098403046,26.12405541646799,50000
2013-01-15,26.12405541646799,26.582193442232164,26.084855736265528,26.48219576448426,70529
2013-01-16,26.48219576448426,26.965295802030184,26.384020028816742,26.765206539767895,101092
2013-01-17,26.765206539767895,26.98402354761319,26.188377918968687,26.220012179808784,50000
2013-01-18,26.220012179808784,26.858042305870125,26.057050927016753,26.722801419910684,75880
2013-01-21,26.722801419910684,27.26813475789816,26.642791690464552,27.135612330265598,55083
2013-01-22,27.135612330265598,27.416653464208316,27.055276051786933,27.338047714393195,50000
2013-01-23,27.338047714393195,27.670473484949234,27.312322137785166,27.453081491409268,50000
2013-01-24,27.453081491409268,27.57275883532906,27.3631892268848,27.525578147341,56566
2013-01-25,27.525578147341,27.621448699226722,27.483617916504098,27.614274016231033,50000
2013-01-28,27.614274016231033,27.7123638380073,27.20471747699083,27.259641580542095,55684
2013-01-29,27.259641580542095,27.802141784763815,27.142105483221496,27.740904200879985,58325
2013-01-30,27.740904200879985,27.903947672775942,27.463958076239628,27.5900332441982,59591
2013-01-31,27.5900332441982,28.208207149519918,27.406117648777915,28.17711399874302,50000
2013-02-01,28.17711399874302,28.731478687695954,27.775784859215637,28.66470423080784,50000
2013-02-04,28.66470423080784,29.015811989315683,28.483437239547644,28.564801013409458,50000
2013-02-05,28.564801013409458,28.630054482663393,27.79614916871928,28.084926081924184,50000
2013-02-06,28.084926081924184,28.364989553130016,27.91886736664415,27.935675547096054,98610
2013-02-07,27.935675547096054,27.959519123523172,27.87220390863994,27.94543562963815,103785
2013-02-08,27.94543562963815,27.99303180077533,27.754846914248045,27.966021527522518,68059
2013-02-11,27.966021527522518,28.165367794402698,27.501289285916158,27.646754563541165,73186
2013-02-12,27.646754563541165,27.718440916551554,27.218235315145318,27.52972916574277,50000
2013-02-13,27.52972916574277,27.770250929894164,27.116896127931998,27.606145365242988,50000
2013-02-14,27.606145365242988,27.863304939939695,27.505594552570017,27.515624628306515,73907
2013-02-15,27.515624628306515,27.760893715986523,27.497357588823753,27.57353657625415,50000
2013-02-18,27.57353657625415,27.62217352517852,26.97317019921298,27.156498079225226,50000
2013-02-19,27.156498079225226,27.337146580357135,26.92294494388855,27.163357123911837,72293
2013-02-20,27.163357123911837,27.549454791290657,26.97689307102069,27.486537735441544,50000
2013-02-21,27.486537735441544,27.780744907049915,27.234405414064167,27.448134507657556,50000
2013-02-22,27.448134507657556,27.47337814407025,27.271947288302478,27.319555958260175,50000
2013-02-25,27.319555958260175,27.724841340397987,27.244284555842814,27.6864689425245,50000
2013-02-26,27.6864689425245,27.713772784776328,27.0128292012278,27.030804577620565,62475
2013-02-27,27.030804577620565,27.07383017936932,26.538194655503485,26.83887234939777,56495
2013-02-28,26.83887234939777,27.059303244160272,26.406727059731907,26.550709881211368,50000
2013-03-01,26.550709881211368,26.726588826517773,26.427808541952004,26.493691919831377,73948
2013-03-04,26.493691919831377,26.532612731495703,26.272195059763394,26.439152236262487,95599
2013-03-05,26.439152236262487,26.53607005631451,26.340779218042293,26.3690044498374,50600
2013-03-06,26.3690044498374,26.929824213323712,26.21637453417709,26.91236607231563,51898
2013-03-07,26.91236607231563,27.109408823807655,25.889881923195606,25.94830647455322,50000
2013-03-08,25.94830647455322,25.95467198206712,25.791076445134493,25.821733515765374,50000
2013-03-11,25.821733515765374,26.409002921689737,25.806633573540793,26.226449920198494,50000
2013-03-12,26.226449920198494,26.290988993848167,25.86400772583436,26.1390679145566,50000
2013-03-13,26.1390679145566,26.476232018895644,25.92534120322815,25.963778149402295,50000
2013-03-14,25.963778149402295,26.36538948571474,25.540683490844206,25.676312032419666,50000
2013-03-15,25.676312032419666,25.76445535310186,25.513326040163133,25.65743917438361,50000
2013-03-18,25.65743917438361,25.87510178794614,25.46193039597893,25.567979391385496,50000
2013-03-19,25.567979391385496,26.307063270035204,25.4590172146798,26.095181184439348,83552
2013-03-20,26.095181184439348,27.109777543239197,26.02710029104636,26.856324297068927,50000
2013-03-21,26.856324297068927,26.943624977958354,26.584867293366464,26.59758666173542,50000
2013-03-22,26.59758666173542,27.478576597191147,26.48469262737944,27.080338636815735,50000
2013-03-25,27.080338636815735,27.106647148834035,26.887417575716917,27.086746755698815,50000
2013-03-26,27.086746755698815,27.734959089620478,26.70773956278526,27.721772822316193,50000
2013-03-27,27.721772822316193,28.253254588094972,27.7118633564886,27.91677968960064,50806
2013-03-28,27.91677968960064,28.056986470535747,27.650554897577486,27.846581677867636,50000
2013-03-29,27.846581677867636,28.267434666241897,27.753240196133223,28.178316859405005,62713
2013-04-01,28.178316859405005,29.19365067616913,28.13302107485002,29.052799677602966,50000
2013-04-02,29.052799677602966,29.924721224530987,28.784978065572535,29.509791763789732,50000
2013-04-03,29.509791763789732,29.619018664614696,29.3092845720788,29.455074747672885,71544
2013-04-04,29.455074747672885,30.0694389416508,29.289872402427942,29.92223439927356,50000
2013-04-05,29.92223439927356,29.955513420341017,29.620381199372687,29.762394719710816,50000
2013-04-08,29.762394719710816,29.980815741372854,29.665412143785563,29.89220972041131,52397
2013-04-09,29.89220972041131,30.263130992898056,29.88197609678372,30.064373501770813,58541
2013-04-10,30.064373501770813,30.20798144689946,29.770355246636544,29.982553762720535,50000
2013-04-11,29.982553762720535,30.09356481868243,29.827431168721933,29.964128633735395,86686
2013-04-12,29.964128633735395,30.029141487836892,29.7408891037894,29.77288139808299,50000
2013-04-15,29.77288139808299,29.82906546411021,29.574311291204722,29.80844525458094,70382
2013-04-16,29.80844525458094,30.23193330554624,29.724104748778025,30.165471717418008,80650
2013-04-17,30.165471717418008,30.46208486928339,29.640638984285946,29.644463061288885,50000
2013-04-18,29.644463061288885,30.03053767189722,29.264479325263835,29.787935596298773,50000
2013-04-19,29.787935596298773,29.850770203721147,29.489404480991784,29.642801101564114,61876
2013-04-22,29.642801101564114,29.948076441088478,29.018222788793476,29.025685088576406,50640
2013-04-23,29.025685088576406,29.15225757376041,28.83463312433374,29.052811730563857,50000
2013-04-24,29.052811730563857,29.67736206950021,28.597375412145176,29.578540274220867,50000
2013-04-25,29.578540274220867,29.733471184868666,29.332784163976754,29.36506228669962,50000
2013-04-26,29.36506228669962,29.89652171255065,29.343942185105675,29.862320387200246,50000
2013-04-29,29.862320387200246,29.88897692430792,29.436385948100714,29.512442392950454,50000
2013-04-30,29.512442392950454,29.550261851770916,29.06892881998366,29.07445596916054,50000
2013-05-01,29.07445596916054,29.385362738785364,28.817463285465927,28.864786463917206,70318
2013-05-02,28.864786463917206,28.929906819918894,28.52661984736891,28.65839334909041,50000
2013-05-03,28.65839334909041,29.114709609000684,28.532680065917948,28.999000947772256,50000
2013-05-06,28.999000947772256,29.18639160245257,28.932897104924336,28.94174505221236,50000
2013-05-07,28.94174505221236,29.5504273888874,28.926244978545558,29.24258225530718,69865
2013-05-08,29.24258225530718,29.827746525622093,29.02133002020745,29.47637804113581,50000
2013-05-09,29.47637804113581,29.482023621055195,28.725651073263226,28.80382715363714,57262
2013-05-10,28.80382715363714,28.906080262910557,28.512363253482665,28.581692159547035,81988
2013-05-13,28.581692159547035,28.99925527225968,28.489198454176762,28.653510349789173,64782
2013-05-14,28.653510349789173,28.915127679741914,28.56140954747872,28.745206269470863,50000
2013-05-15,28.745206269470863,29.174556700351,28.294340761753126,28.411424632732917,99308
2013-05-16,28.411424632732917,28.68069321373478,27.982768096306785,28.229789184030302,50000
2013-05-17,28.229789184030302,28.401955722552028,28.09299090206825,28.400616622475134,103159
2013-05-20,28.400616622475134,28.903709745112987,28.219570412440365,28.74783882482978,50000
2013-05-21,28.74783882482978,28.87477750231084,28.378588364368966,28.573032669332868,50000
2013-05-22,28.573032669332868,28.714320137441263,27.901640842682383,27.904801289797106,50000
2013-05-23,27.904801289797106,27.93505406537592,27.44538295943,27.709852949090727,50000
2013-05-24,27.709852949090727,27.997283807535794,27.334317890036747,27.888565552526856,50000
2013-05-27,27.888565552526856,28.304184118587457,27.760166350711724,27.98562368714283,81660
2013-05-28,27.98562368714283,28.031159979857676,27.969291854112875,27.990888641925785,50000
2013-05-29,27.990888641925785,28.11310088606585,26.914421756503533,27.21735055968093,50000
2013-05-30,27.21735055968093,27.245395235852335,26.468682108363218,26.753530932100205,50000
2013-05-31,26.753530932100205,26.77622731798575,26.03256162226817,26.482358401028147,64053
2013-06-03,26.482358401028147,26.693362766313975,26.074314978908905,26.600379315251853,52543
2013-06-04,26.600379315251853,26.705853297801507,26.413884520280277,26.61394537001762,75879
2013-06-05,26.61394537001762,26.784426825913346,26.30079323257434,26.740924722470716,50799
2013-06-06,26.740924722470716,27.277767949812485,26.584951751892415,27.012125789624854,50000
2013-06-07,27.012125789624854,27.510800073433405,26.79506637214056,27.419117682574875,50000
2013-06-10,27.419117682574875,27.59690104742676,27.060816302288774,27.14164352981945,50000
2013-06-11,27.14164352981945,27.222962219612956,26.80793599995709,26.979921887228805,50618
2013-06-12,26.979921887228805,27.24809768725836,26.948884837269492,27.152668413100216,50000
2013-06-13,27.152668413100216,27.364653180732937,26.761689191735726,26.842335421898113,109883
2013-06-14,26.842335421898113,26.973272904535758,26.726251084402485,26.78870553603835,50000
2013-06-17,26.78870553603835,27.19568890399788,26.44559600335784,26.514262996305188,50000
2013-06-18,26.514262996305188,26.646129132397633,26.01928809816945,26.140150895198786,50000
2013-06-19,26.140150895198786,26.41298013663049,26.12969739716594,26.33084244152246,50000
2013-06-20,26.33084244152246,26.413867073757388,26.100444629719018,26.377937062892595,98456
2013-06-21,26.377937062892595,27.22213732982345,26.325588420137155,27.065392166056146,50000
2013-06-24,27.065392166056146,27.391008817034443,26.983386051144073,27.188999461053776,50000
2013-06-25,27.188999461053776,27.4932137418101,27.04544406794598,27.114931851672576,50000
2013-06-26,27.114931851672576,27.545457875475183,26.88133712561026,27.452220363186854,72402
2013-06-27,27.452220363186854,27.50036572409656,27.146418469559492,27.174227914915512,50000
2013-06-28,27.174227914915512,27.336878644909287,26.709549756060614,27.019225217168607,50000
2013-07-01,27.019225217168607,27.508485552216026,26.963821524538844,27.30206726020431,50000
2013-07-02,27.30206726020431,28.159649623426397,27.133384969934447,27.70772544995353,50000
2013-07-03,27.70772544995353,27.840900955563622,27.05261242898485,27.133776789614945,50000
2013-07-04,27.133776789614945,27.521189009982685,27.11332913472807,27.317157863765704,50000
2013-07-05,27.317157863765704,27.596986592909378,27.28715531977484,27.522178161291095,51881
2013-07-08,27.522178161291095,27.66179522282046,27.401260199597722,27.644171115575222,50000
2013-07-09,27.644171115575222,27.8133569042562,27.38939071680327,27.744162386952286,52516
2013-07-10,27.744162386952286,28.303608429077553,27.547111344545485,28.29217808537369,53818
2013-07-11,28.29217808537369,28.306466684741526,27.08888944292512,27.278320342944465,50000
2013-07-12,27.278320342944465,27.406755705440776,26.72929901522111,26.961367955068997,60292
2013-07-15,26.961367955068997,27.057579336885354,26.801077588202304,26.946579622069354,86998
2013-07-16,26.946579622069354,27.008345872186457,26.879715587080536,26.93201522504959,54141
2013-07-17,26.93201522504959,27.01836246702139,26.145095022121872,26.572466652567226,50000
2013-07-18,26.572466652567226,26.77427086851966,26.386467697945054,26.693191788901302,160533
2013-07-19,26.693191788901302,27.294642197748495,26.596145535681796,27.099553299238142,50000
2013-07-22,27.099553299238142,27.38797442683472,26.740600097680876,26.765196124577958,50000
2013-07-23,26.765196124577958,26.882007105169716,26.441802577636857,26.64182427269689,65416
2013-07-24,26.64182427269689,26.643067357182456,26.27826050832481,26.538757897119805,56274
2013-07-25,26.538757897119805,26.547502041837028,26.37143863257039,26.387304252521147,102228
2013-07-26,26.387304252521147,26.65567808331292,26.166993809775892,26.304639584367386,97853
2013-07-29,26.304639584367386,26.82860773555712,26.164647306237164,26.71584466642275,50000
2013-07-30,26.71584466642275,27.265110206788442,26.519562623535816,27.163406805903158,87644
2013-07-31,27.163406805903158,27.490036990949765,27.15467803890286,27.316078222701865,145477
2013-08-01,27.316078222701865,27.434730005248614,27.09750296737415,27.43442519803151,58940
2013-08-02,27.43442519803151,27.563265911177524,27.4236193286172,27.55643813457735,66987
2013-08-05,27.55643813457735,27.56742393998312,27.246901718838092,27.310536030114903,50000
2013-08-06,27.310536030114903,27.34061826528743,26.744672673814996,27.07405063674868,97096
2013-08-07,27.07405063674868,27.450163113342754,26.944954702996256,27.362425597855164,50000
2013-08-08,27.362425597855164,27.77102915487036,27.240596424359758,27.75065635260481,50000
2013-08-09,27.75065635260481,27.8293747824202,27.300873879394867,27.48579060994098,50000
2013-08-12,27.48579060994098,27.985222488448052,27.30422227667749,27.69195040223016,50000
2013-08-13,27.69195040223016,28.082014794370533,27.689554505037822,28.078177510188436,50000
2013-08-14,28.078177510188436,28.574866322322887,28.03298941827904,28.345000841719756,50000
2013-08-15,28.345000841719756,28.86389046919928,28.210745288495907,28.469846619051527,50000
2013-08-16,28.469846619051527,28.536092852609496,27.696291322675673,28.083971232057603,50000
2013-08-19,28.083971232057603,28.32195920041977,28.025744826273897,28.1910413360726,50000
2013-08-20,28.1910413360726,28.33791697181746,27.280196562615693,27.38163626825587,50000
2013-08-21,27.38163626825587,27.69780449529501,27.133170548684863,27.61846563889759,50000
2013-08-22,27.61846563889759,27.629781869500636,26.292410216853895,26.419741859962002,50000
2013-08-23,26.419741859962002,26.535107226040356,25.753362943174526,25.94421128641634,50000
2013-08-26,25.94421128641634,26.489908765881864,25.891104292005537,26.478251792899297,50000
2013-08-27,26.478251792899297,26.742453368863,26.424672386185563,26.659903188800236,50000
2013-08-28,26.659903188800236,26.665288043494378,26.41736870625104,26.508513528237888,56102
2013-08-29,26.508513528237888,26.550285429418025,26.004080927971643,26.10314212955112,72434
2013-08-30,26.10314212955112,26.878187212186944,26.08685424419251,26.801525424016493,123682
2013-09-02,26.801525424016493,26.826245945089102,26.666095738270457,26.720412932327186,50000
2013-09-03,26.720412932327186,27.63403058366798,26.68067096454395,27.50129043795678,50000
2013-09-04,27.50129043795678,27.503905397019658,27.270834488320983,27.48069051232789,50000
2013-09-05,27.48069051232789,27.68076452972573,27.281357938476912,27.56812667686368,50000
2013-09-06,27.56812667686368,28.18403078236634,27.369768017513312,27.940491507467662,50000
2013-09-09,27.940491507467662,28.22044348705303,27.808533130873144,27.993311407783132,50000
2013-09-10,27.993311407783132,28.255907378774896,27.927036404712712,28.212065470563335,50000
2013-09-11,28.212065470563335,28.416465676932802,27.877993744949137,27.916162906715662,54787
2013-09-12,27.916162906715662,28.393962580598,27.741852155980975,28.18826473374945,50000
2013-09-13,28.18826473374945,28.27996023075695,28.04041315842001,28.190220728441034,57583
2013-09-16,28.190220728441034,28.561577702579314,27.67379388750436,27.8369311219706,50000
2013-09-17,27.8369311219706,27.83966771768117,27.410934094401693,27.50855434110657,50000
2013-09-18,27.50855434110657,27.573580671212618,27.495789049486067,27.530817936285683,50000
2013-09-19,27.530817936285683,27.621943505223676,27.341596121089168,27.383399426097817,59740
2013-09-20,27.383399426097817,27.411232728189205,26.878948875814903,26.965087965086916,50000
2013-09-23,26.965087965086916,27.14492899450088,26.527248990990323,26.739063926876003,50000
2013-09-24,26.739063926876003,26.794515265933715,26.725527850667415,26.762230009650413,50000
2013-09-25,26.762230009650413,27.268251633072254,26.722102814399214,27.182866235250838,82857
2013-09-26,27.182866235250838,27.411650875199435,26.68443807966913,26.834170966680666,50000
2013-09-27,26.834170966680666,27.017364185086933,25.948373994348117,26.264044441899518,51028
2013-09-30,26.264044441899518,26.59593925916804,26.232655301543886,26.54452696254768,50000
2013-10-01,26.54452696254768,26.55808356152348,26.103218726620586,26.35581024472508,50000
2013-10-02,26.35581024472508,26.38443899017138,25.852618937554816,26.052288905391542,81672
2013-10-03,26.052288905391542,26.796089498499295,25.989484718743523,26.60433330847809,50000
2013-10-04,26.60433330847809,26.805688121226943,26.504413756665244,26.556819922130817,50000
2013-10-07,26.556819922130817,26.66286080740116,25.784966725104315,26.028062998256015,50000
2013-10-08,26.028062998256015,26.220339551850113,25.562095860431015,25.74858332975262,50000
2013-10-09,25.74858332975262,26.461255609133786,25.60476069294426,26.30325605417718,56828
2013-10-10,26.30325605417718,26.501627922257214,26.109471899163214,26.312805577949522,50000
2013-10-11,26.312805577949522,26.639381081290058,26.179452898621157,26.399988662313408,50000
2013-10-14,26.399988662313408,26.701864047201973,25.423584610390268,25.775932659413833,50000
2013-10-15,25.775932659413833,25.855216280698272,25.74442520074601,25.799963040251587,50000
2013-10-16,25.799963040251587,25.950619077851854,25.358486870121432,25.557741067124038,76961
2013-10-17,25.557741067124038,25.76874596110729,25.414760178160837,25.430763434900467,50000
2013-10-18,25.430763434900467,25.93289280676348,25.39182958836916,25.838133282858482,50000
2013-10-21,25.838133282858482,26.7560578798601,25.75207820753386,26.498304129150707,97753
2013-10-22,26.498304129150707,27.196032507818515,26.306365788047888,27.10491057958235,50000
2013-10-23,27.10491057958235,27.912771390655916,26.96999084467509,27.67994457479368,50000
2013-10-24,27.67994457479368,27.756576212106683,27.506498524790583,27.5139611948374,50000
2013-10-25,27.5139611948374,27.77789047384349,27.29960457643026,27.761894858419165,50000
2013-10-28,27.761894858419165,28.011677633328752,27.374589094907765,27.504533336613523,50000
2013-10-29,27.504533336613523,27.661090203283198,27.170463894412205,27.416703256777915,50000
2013-10-30,27.416703256777915,27.921234117917923,27.229200919282846,27.692897868545298,50000
2013-10-31,27.692897868545298,28.082350621916955,27.60936390055349,27.907419354175115,89625
2013-11-01,27.907419354175115,27.956245862205186,27.53986074901202,27.742157605183955,50000
2013-11-04,27.742157605183955,27.923131928932868,27.210645730359843,27.35984993188772,50000
2013-11-05,27.35984993188772,27.38815010981211,27.050998977765712,27.214728198721144,50000
2013-11-06,27.214728198721144,27.548404827920855,27.17409163749336,27.478681895501662,50000
2013-11-07,27.478681895501662,27.76699179194551,27.426643603045186,27.45863899302557,50000
2013-11-08,27.45863899302557,27.57210187844367,27.2540210601376,27.30841022633536,82875
2013-11-11,27.30841022633536,27.41957192180483,27.19405174362887,27.385572459877878,50000
2013-11-12,27.385572459877878,27.72149143017695,27.26205843526673,27.624084501118215,50000
2013-11-13,27.624084501118215,28.344828835859182,27.575927831848016,28.24751613796841,50000
2013-11-14,28.24751613796841,28.454003889454935,28.223817139505883,28.363246708316378,50000
2013-11-15,28.363246708316378,28.500135905640132,28.162170882432637,28.429523717954357,50000
2013-11-18,28.429523717954357,28.916810337962144,28.322981801889732,28.740384839377242,109461
2013-11-19,28.740384839377242,28.864038362559423,28.639374422546837,28.82978077427084,50000
2013-11-20,28.82978077427084,28.86601509685873,28.413815984681474,28.459227515546377,50000
2013-11-21,28.459227515546377,28.877933776651,28.237305781105054,28.659509013388412,70554
2013-11-22,28.659509013388412,28.69399989499805,28.237753498519123,28.295939207632923,89169
2013-11-25,28.295939207632923,28.457079897601094,28.061054616652314,28.399799982464938,50000
2013-11-26,28.399799982464938,28.628986985427026,28.27562935140811,28.537977476475007,102055
2013-11-27,28.537977476475007,28.74969502974203,28.19696278944019,28.234460326640686,50000
2013-11-28,28.234460326640686,28.638144986578652,28.104468892743192,28.512746911386397,105188
2013-11-29,28.512746911386397,28.911503830904284,28.48081854696044,28.673157702086726,50000
2013-12-02,28.673157702086726,29.051207721536727,28.423578941494053,28.946130379942588,50000
2013-12-03,28.946130379942588,29.230274169194782,28.41542971740299,29.093158665791375,50000
2013-12-04,29.093158665791375,29.222610774612917,28.921892587924553,29.02155547952416,50000
2013-12-05,29.02155547952416,29.133811745383994,28.0278387137613,28.256470899058588,50000
2013-12-06,28.256470899058588,28.298849688414997,27.88930064492991,27.99518672437095,50000
2013-12-09,27.99518672437095,28.012371624971774,27.25299297176423,27.299164385113794,50000
2013-12-10,27.299164385113794,27.506617761699086,27.099427636117845,27.485445697408004,72894
2013-12-11,27.485445697408004,27.754790942317562,27.3116517525552,27.74200439280065,101127
2013-12-12,27.74200439280065,27.85608000110533,27.476792098405515,27.60436635362437,50000
2013-12-13,27.60436635362437,28.073813493224645,27.32821378532625,28.04295919180103,50000
2013-12-16,28.04295919180103,28.143462220169763,27.836069161183868,28.007903833246875,50000
2013-12-17,28.007903833246875,28.268289031870275,27.83921775147566,27.996444800964984,50000
2013-12-18,27.996444800964984,28.198288494957843,27.68427734491644,28.150890192524024,50000
2013-12-19,28.150890192524024,28.302488817334527,27.617937683073716,27.644384273445056,82213
2013-12-20,27.644384273445056,27.86141964906761,27.487693010684946,27.774102768883044,50000
2013-12-23,27.774102768883044,28.311897189108485,27.52023544487011,28.21378992250669,89040
2013-12-24,28.21378992250669,28.281782458996158,27.776654028533905,27.876064799740742,67555
2013-12-25,27.876064799740742,28.259569578248534,27.803942206737936,28.213237831770808,72951
2013-12-26,28.213237831770808,28.614494554516863,27.986693606039356,28.608231597508947,50000
2013-12-27,28.608231597508947,28.922361587841177,28.353834109390647,28.367428754127932,50000
2013-12-30,28.367428754127932,29.32688884879961,28.295836018740268,29.22210448776935,114421
2013-12-31,29.22210448776935,29.453760654250193,28.85970053669606,29.33314584804627,50000
2014-01-01,29.33314584804627,29.611517349541785,29.018325913986008,29.545101114749734,58821
2014-01-02,29.545101114749734,29.695806453995313,29.49739053957259,29.597004680996758,79240
2014-01-03,29.597004680996758,29.766420168368228,29.50086494594656,29.656953533310304,50000
2014-01-06,29.656953533310304,29.780635545748446,29.243845121777145,29.343043920190343,50000
2014-01-07,29.343043920190343,29.86703427567615,29.285324349423647,29.828642713670032,50000
2014-01-08,29.828642713670032,30.00353278288595,29.278492497078098,29.329436538000984,50000
2014-01-09,29.329436538000984,29.329671777577552,29.09470962943784,29.31989885285908,50000
2014-01-10,29.31989885285908,29.65486054241897,29.25293004147936,29.38391993078857,50000
2014-01-13,29.38391993078857,29.648601298525932,29.119952982818642,29.538850646305853,50000
2014-01-14,29.538850646305853,29.852297189669226,29.32724488417033,29.736620413456077,50000
2014-01-15,29.736620413456077,30.933999224199354,29.629289529429055,30.89742682454663,50000
2014-01-16,30.89742682454663,30.994794036886976,30.287357809439833,30.291887763949,50000
2014-01-17,30.291887763949,30.76092267931236,30.082256466337036,30.616183113061794,50000
2014-01-20,30.616183113061794,30.760409725555018,30.563785531551506,30.570688243304804,119294
2014-01-21,30.570688243304804,30.655663758375418,30.54580576977048,30.637008017542435,50000
2014-01-22,30.637008017542435,31.26243976386397,30.372341447495554,30.889987080400328,73280
2014-01-23,30.889987080400328,31.407376578327327,30.77260296118343,31.282235489987283,50000
2014-01-24,31.282235489987283,31.307556871134786,30.884911560732558,31.043434302255566,50000
2014-01-27,31.043434302255566,32.03186289960584,30.82424632931013,31.520736201835618,137008
2014-01-28,31.520736201835618,31.800751663943206,31.39010930290343,31.51239693173389,50000
2014-01-29,31.51239693173389,31.87331936081757,31.491867772526625,31.766210278633014,50000
2014-01-30,31.766210278633014,31.93538182947107,31.48290961015298,31.60075405873672,50000
2014-01-31,31.60075405873672,31.775526383165328,31.414511858473094,31.46621623173962,60028
2014-02-03,31.46621623173962,31.5151407377932,31.314877400964768,31.40454399313712,172293
2014-02-04,31.40454399313712,31.713313160799373,30.931847218340028,31.19222947643284,50000
2014-02-05,31.19222947643284,31.750095867430296,31.101829082538472,31.57597235989976,50000
2014-02-06,31.57597235989976,31.75146170548383,31.38784698458948,31.50662176700913,50000
2014-02-07,31.50662176700913,31.794405666710066,31.13441316703438,31.57456845830224,50000
2014-02-10,31.57456845830224,31.692559595711383,31.247613708393995,31.488583891854308,50000
2014-02-11,31.488583891854308,31.648200617641933,31.415978273373078,31.483313417336333,50000
2014-02-12,31.483313417336333,31.64081518267777,30.766046939500132,30.813128308242725,50000
2014-02-13,30.813128308242725,30.99611943734043,29.99984147975907,30.528737546241306,239337
2014-02-14,30.528737546241306,30.88092356003162,30.217761073014653,30.687572276739395,88225
2014-02-17,30.687572276739395,30.890169267022085,30.492469858015507,30.863581592879964,50000
2014-02-18,30.863581592879964,32.24478114380984,30.704196544717902,32.17966109371722,50000
2014-02-19,32.17966109371722,32.245657837506364,31.45761246597121,31.93929013100473,50000
2014-02-20,31.93929013100473,32.80732653815349,31.799778867843244,32.681249765797865,50000
2014-02-21,32.681249765797865,32.77471016321706,32.41650304353628,32.62692694808658,61169
2014-02-24,32.62692694808658,32.83142611660007,32.613682911045515,32.75404584329048,59133
2014-02-25,32.75404584329048,33.388060141766424,32.699292009461765,33.1041144889736,55696
2014-02-26,33.1041144889736,33.26197071423346,33.03907218599061,33.24407912099441,88976
2014-02-27,33.24407912099441,33.27117763666033,33.17207872040799,33.1801305561121,50000
2014-02-28,33.1801305561121,33.23454689442585,33.027347241352615,33.09710764484794,50000
2014-03-03,33.09710764484794,33.181651933683895,32.42639688353968,32.856976759408624,50000
2014-03-04,32.856976759408624,33.106283317525865,32.2648801659986,32.392902808453556,50000
2014-03-05,32.392902808453556,32.85559297158635,32.358798245047375,32.80739300859606,50000
2014-03-06,32.80739300859606,32.902985691404176,32.49707851812186,32.62412311228495,50000
2014-03-07,32.62412311228495,33.076957223862955,32.48854163011172,32.917892063012836,66616
2014-03-10,32.917892063012836,33.41054316274877,32.85172442855925,33.264960320737636,50000
2014-03-11,33.264960320737636,33.295942934731755,32.82976703518242,33.1970931826843,50000
2014-03-12,33.1970931826843,33.64899051655298,32.9845144976602,33.527120693088236,56158
2014-03-13,33.527120693088236,33.623235763253696,32.80281132729136,33.19753022439214,50000
2014-03-14,33.19753022439214,33.80750205733439,33.17942195057966,33.58762118899752,53087
2014-03-17,33.58762118899752,34.33550132466209,33.49159136722163,34.08679343997006,95045
2014-03-18,34.08679343997006,34.33257142852921,34.03299291366254,34.298685462929875,130424
2014-03-19,34.298685462929875,34.414854842267346,34.225148559246314,34.38303038098079,59827
2014-03-20,34.38303038098079,34.79055940792338,34.2920835572744,34.69472726822953,161410
2014-03-21,34.69472726822953,35.23525664659757,34.25443959182771,35.03819714268752,50000
2014-03-24,35.03819714268752,35.093920215479265,34.46603778047772,34.95259055291951,50000
2014-03-25,34.95259055291951,35.66376435934098,34.83925950448633,35.48263828884421,50000
2014-03-26,35.48263828884421,35.829904342678084,35.090329589860275,35.797931402524455,50000
2014-03-27,35.797931402524455,35.846911428449246,34.89691108454716,35.306565108294045,68927
2014-03-28,35.306565108294045,35.691413015508346,35.05913937459619,35.43829638652008,50000
2014-03-31,35.43829638652008,35.52247990488172,34.694561910710924,34.87468772588026,50000
2014-04-01,34.87468772588026,34.99632913042214,34.65251375837448,34.738037938042055,68710
2014-04-02,34.738037938042055,35.289881711937504,34.453901857295214,35.09847295534152,78829
2014-04-03,35.09847295534152,35.385469046276135,34.897140986183565,35.14405618545531,90655
2014-04-04,35.14405618545531,36.08600849280718,35.0059888183073,36.025533766525164,50000
2014-04-07,36.025533766525164,36.52858687329265,35.56251409218221,35.950390245199294,50000
2014-04-08,35.950390245199294,36.146220757153294,35.346430733378675,35.62983520786886,50000
2014-04-09,35.62983520786886,36.147392713946246,35.145342785633396,35.49305919359068,50000
2014-04-10,35.49305919359068,35.85002705849723,34.94971116329718,35.33323873577489,63450
2014-04-11,35.33323873577489,35.997517979285405,35.170296005216095,35.770568696395024,95431
2014-04-14,35.770568696395024,36.21935200681045,35.60655816812739,36.03172249113413,50000
2014-04-15,36.03172249113413,36.18344962467046,35.53079884566062,35.76981278473417,62286
2014-04-16,35.76981278473417,36.0508460496944,35.622485682809895,35.82459651286992,143518
2014-04-17,35.82459651286992,35.863832951916734,35.47935175225886,35.61689817034724,67817
2014-04-18,35.61689817034724,35.91369085188849,35.50191345671926,35.822151494823224,50000
2014-04-21,35.822151494823224,35.88516863279979,35.63079074330452,35.655982051460676,50000
2014-04-22,35.655982051460676,35.690605744494135,35.23026272823074,35.307289803745704,50000
2014-04-23,35.307289803745704,35.50893833151766,35.03200498814861,35.292757851606304,50000
2014-04-24,35.292757851606304,35.54605281913498,34.64919955326825,34.94685740482441,50000
2014-04-25,34.94685740482441,35.11694905804573,34.54082460039357,34.62798894859464,50000
2014-04-28,34.62798894859464,35.61503262934185,34.60821956036853,35.37229529036739,50000
2014-04-29,35.37229529036739,35.58630668035911,35.19712459311948,35.269367891539915,50000
2014-04-30,35.269367891539915,35.79603999643023,34.935729948660466,35.50845095033611,50000
2014-05-01,35.50845095033611,35.566591261190084,34.86764551977484,35.27249642254888,50000
2014-05-02,35.27249642254888,35.481726539360594,34.66835621172243,34.98014029900367,50000
2014-05-05,34.98014029900367,35.20118767176857,34.54682703950251,34.835782248417026,57786
2014-05-06,34.835782248417026,35.205987793916094,34.146736889520724,34.356617537116,50000
2014-05-07,34.356617537116,34.78464894267389,34.30724548582861,34.42679854127404,50000
2014-05-08,34.42679854127404,34.78437472525206,34.201228473649714,34.76011634864326,50000
2014-05-09,34.76011634864326,35.59373975506478,34.503298257031425,35.053050837863616,58831
2014-05-12,35.053050837863616,35.51028229799956,34.88676545857113,34.92822021713736,50000
2014-05-13,34.92822021713736,35.02267274939029,34.73186560850222,34.831392336439635,50000
2014-05-14,34.831392336439635,34.92448784030608,34.545551815667835,34.72188786256616,55632
2014-05-15,34.72188786256616,34.76001281163483,34.41909860984213,34.61579132860366,50000
2014-05-16,34.61579132860366,35.453268762532204,34.560710864726744,35.3862514414801,50000
2014-05-19,35.3862514414801,35.6681770767897,34.88931760966104,35.003823980420066,50000
2014-05-20,35.003823980420066,35.192228519862326,34.13567426962783,34.191214412546096,50000
2014-05-21,34.191214412546096,34.35980474526943,33.85367493261985,34.07484090199494,50000
2014-05-22,34.07484090199494,34.36549430749817,33.927249739891636,34.30285116894124,50000
2014-05-23,34.30285116894124,34.69817000232485,34.24238751620178,34.5814163913433,50000
2014-05-26,34.5814163913433,34.77856340979454,34.547085494957834,34.64271099588148,50000
2014-05-27,34.64271099588148,34.980604776224034,34.3889259193133,34.499019675129205,50000
2014-05-28,34.499019675129205,35.5068952893293,34.33483569663419,35.074318557979076,50000
2014-05-29,35.074318557979076,35.50903384114662,34.95214168884625,35.44864705631883,50000
2014-05-30,35.44864705631883,35.74106969916153,35.29431399582262,35.513394109591715,50000
2014-06-02,35.513394109591715,36.4434898605889,35.40807664055692,36.23695783234502,50000
2014-06-03,36.23695783234502,36.73502296810102,36.226119088627506,36.391060737509356,50000
2014-06-04,36.391060737509356,36.698962249592746,35.90115741433581,35.90218101438041,50000
2014-06-05,35.90218101438041,36.159835832748215,35.79189237172805,36.04085164436375,50000
2014-06-06,36.04085164436375,36.607193973233095,35.81051415766656,36.444765178404985,50000
2014-06-09,36.444765178404985,36.630589221029396,36.27682105761948,36.38519729241303,50000
2014-06-10,36.38519729241303,37.17619084679576,36.23796840491518,36.71563764685838,50000
2014-06-11,36.71563764685838,36.83240953693108,36.01797044327929,36.12562818993782,50000
2014-06-12,36.12562818993782,36.293411236286964,36.06045136350546,36.15517078521564,50000
2014-06-13,36.15517078521564,36.282180635893155,35.35995479852741,35.70424479404332,71906
2014-06-16,35.70424479404332,35.88610301612539,35.40487806837173,35.50505716591413,50000
2014-06-17,35.50505716591413,35.50918114556524,35.19698644510854,35.25811878177681,50000
2014-06-18,35.25811878177681,35.32324234123618,34.73028299476248,34.73143781614992,50000
2014-06-19,34.73143781614992,34.78508055311402,34.11976014387833,34.19190808342555,50000
2014-06-20,34.19190808342555,34.300103969939414,33.867792597257214,34.051170543088524,50000
2014-06-23,34.051170543088524,34.94967072209824,33.61978271791897,34.74382704680817,83607
2014-06-24,34.74382704680817,35.53961583643793,34.63217174808114,35.10120870781147,50000
2014-06-25,35.10120870781147,35.10379231194326,34.723947536505904,35.05376206955753,50000
2014-06-26,35.05376206955753,35.511937337862456,34.315010447623806,34.55552023747813,50000
2014-06-27,34.55552023747813,34.763781266303006,34.34354412608164,34.363332172946684,50000
2014-06-30,34.363332172946684,34.57228133363334,33.365371287062096,33.775719545093416,50000
2014-07-01,33.775719545093416,33.87851506641808,33.636436265090715,33.682951460864075,67419
2014-07-02,33.682951460864075,33.71628428236304,33.14782971459132,33.15792759431415,83539
2014-07-03,33.15792759431415,33.35415946720265,32.700206539082934,32.91122320547343,82883
2014-07-04,32.91122320547343,33.36523881429279,32.5250289370523,32.61884563708865,50000
2014-07-07,32.61884563708865,32.73061856085943,32.02029135753931,32.13155168009102,56926
2014-07-08,32.13155168009102,32.423009820942895,31.96132635250906,31.998815098550146,50000
2014-07-09,31.998815098550146,32.58312515035062,31.981386634428397,32.40412058011735,50000
2014-07-10,32.40412058011735,32.8148572583565,32.34372683787039,32.54150376587698,50000
2014-07-11,32.54150376587698,32.6915530262584,32.12736497993236,32.21363343601928,50000
2014-07-14,32.21363343601928,33.02523453954931,31.797193428101995,32.78147445921003,108419
2014-07-15,32.78147445921003,32.87276087372591,32.32432390038762,32.794951759481044,50000
2014-07-16,32.794951759481044,33.08995909692267,32.77345614220337,32.95446065020168,50000
2014-07-17,32.95446065020168,33.10901493369915,32.52751020675393,32.622378348928535,50000
2014-07-18,32.622378348928535,32.76998641883569,31.952358263362186,32.204424156792456,76812
2014-07-21,32.204424156792456,32.85791339240309,32.155395318337646,32.38685017393384,54210
2014-07-22,32.38685017393384,32.44683813905551,31.845579291089905,32.04447249965162,50000
2014-07-23,32.04447249965162,32.3194130660597,31.933275944723015,32.21227078411922,140188
2014-07-24,32.21227078411922,32.48504643666642,31.959150964901504,32.013244123666176,50000
2014-07-25,32.013244123666176,32.58022929693967,31.872521068254045,32.53653537641551,50000
2014-07-28,32.53653537641551,33.28329920968785,32.276423291469804,32.95634561051979,50000
2014-07-29,32.95634561051979,33.4680811382936,32.653605590033976,33.425453463008395,50000
2014-07-30,33.425453463008395,33.872171240881926,33.22279149644913,33.481987826499484,50000
2014-07-31,33.481987826499484,34.19745023682797,33.16502572487804,33.915578601262546,67604
2014-08-01,33.915578601262546,34.71757608788102,33.62431285157065,34.49445729832003,50000
2014-08-04,34.49445729832003,34.848084303848815,33.627279548675645,33.66808394875259,56462
2014-08-05,33.66808394875259,33.95939553344404,33.50721530817054,33.781985725368216,50000
2014-08-06,33.781985725368216,34.279046766778855,33.44000999948168,34.134986330462766,50000
2014-08-07,34.134986330462766,34.6252089268443,34.1001136121033,34.523583888725064,79533
2014-08-08,34.523583888725064,34.708454572676864,34.182244203318454,34.274883415856635,62448
2014-08-11,34.274883415856635,34.652403421073714,34.228191967024586,34.539191999743096,50000
2014-08-12,34.539191999743096,35.17048700031973,34.11492163098609,34.99183492742089,78091
2014-08-13,34.99183492742089,35.15189817804164,34.95216162022751,35.10466570504806,83517
2014-08-14,35.10466570504806,35.18337945657001,34.651647887594805,34.9282843070517,50000
2014-08-15,34.9282843070517,35.06997280043094,34.30537908647846,34.518859729252775,50000
2014-08-18,34.518859729252775,34.66580064799598,34.05847554659627,34.179610318672594,50000
2014-08-19,34.179610318672594,34.36356253575028,33.554073413227854,33.561796055502256,50000
2014-08-20,33.561796055502256,34.258210548060156,33.413339266195734,34.20705930514449,93586
2014-08-21,34.20705930514449,34.400909269052754,33.95021969052897,34.32629156698854,59531
2014-08-22,34.32629156698854,34.88471002853934,34.10960819915944,34.660889181708065,66238
2014-08-25,34.660889181708065,34.765553303663246,34.43465728925296,34.73615042035284,50000
2014-08-26,34.73615042035284,34.85322310175703,34.69477520410574,34.80186673888499,50000
2014-08-27,34.80186673888499,34.879850251003255,34.36841551809368,34.67009916480353,50000
2014-08-28,34.67009916480353,34.743277455241,33.675982883420616,33.79129549180762,50000
2014-08-29,33.79129549180762,33.956085136019,32.74002489527264,33.16370041020887,50000
2014-09-01,33.16370041020887,33.607196388998375,32.49998823830863,32.51085599801488,50000
2014-09-02,32.51085599801488,32.68008238280763,31.554691318483233,31.69553382676157,87077
2014-09-03,31.69553382676157,32.01407471308815,31.211180918942606,31.42026950601749,50000
2014-09-04,31.42026950601749,31.786763534596307,31.397545653399817,31.752874773010813,50000
2014-09-05,31.752874773010813,31.831995779047322,31.30715453012704,31.320500612882363,103057
2014-09-08,31.320500612882363,31.675162451643832,30.939975593840416,31.615879605138346,50000
2014-09-09,31.615879605138346,31.720231794153424,31.338096782442324,31.460960619797014,50000
2014-09-10,31.460960619797014,31.90899105806535,31.398687066010016,31.73264183607806,140357
2014-09-11,31.73264183607806,31.809211261306558,31.274858924936385,31.338929676202778,50000
2014-09-12,31.338929676202778,31.947845980775025,31.31064644490495,31.71674423602408,50000
2014-09-15,31.71674423602408,32.284322253841076,31.70114813596689,32.065573134618816,50000
2014-09-16,32.065573134618816,32.21875664022085,31.233278516108644,31.511615483592212,50000
2014-09-17,31.511615483592212,31.854642401041502,31.245783627584213,31.701673527619235,50000
2014-09-18,31.701673527619235,31.91550668259913,31.653597397092557,31.88860249657873,50000
2014-09-19,31.88860249657873,31.889378212372677,31.611054904460882,31.76207955500927,50000
2014-09-22,31.76207955500927,31.93216362697211,31.687425487549895,31.909849075579555,52712
2014-09-23,31.909849075579555,32.02154728518527,31.402611897738655,31.529798922177058,50000
2014-09-24,31.529798922177058,31.59409313224243,31.3082004527475,31.408918752229965,50000
2014-09-25,31.408918752229965,31.48928186746395,31.373711655399568,31.44440927739782,50000
2014-09-26,31.44440927739782,31.796973970179938,31.35907078074014,31.57933440915741,50000
2014-09-29,31.57933440915741,31.939125014123025,31.26598206139465,31.9113522525147,50000
2014-09-30,31.9113522525147,32.28220263173982,31.743909279849227,32.22342982123316,50000
2014-10-01,32.22342982123316,32.32877017424024,32.158876245461634,32.27882989605352,73557
2014-10-02,32.27882989605352,32.506865016046206,31.82534498793776,32.231197427607356,50000
2014-10-03,32.231197427607356,32.631032178967835,32.182437071710076,32.43189176179806,53882
2014-10-06,32.43189176179806,32.51039460629331,32.00343284167073,32.08019058888861,50000
2014-10-07,32.08019058888861,32.73932144954312,32.053575162718765,32.5779909160559,68433
2014-10-08,32.5779909160559,32.73931113202536,32.33342239528396,32.360819447575125,50000
2014-10-09,32.360819447575125,32.625853512169975,32.25897070347128,32.61676927766892,51035
2014-10-10,32.61676927766892,32.81158645411748,32.4615741027824,32.51577600983797,50000
2014-10-13,32.51577600983797,32.549612127218104,31.78541415138159,31.96347420656347,50000
2014-10-14,31.96347420656347,32.08280624286668,30.92469879697237,31.325867283912135,50000
2014-10-15,31.325867283912135,31.33738911699412,30.793861286004375,30.98950802862375,50000
2014-10-16,30.98950802862375,30.997939598331154,30.486531287197824,30.58482130325387,50000
2014-10-17,30.58482130325387,31.08049488518685,30.335794373173076,30.884605974857454,50000
2014-10-20,30.884605974857454,31.51065478854941,30.425917207765917,31.359995128545997,50456
2014-10-21,31.359995128545997,31.5165722206254,30.768740495922824,30.943284084125562,50000
2014-10-22,30.943284084125562,31.64893585806202,30.87082114704225,31.442366046756,62914
2014-10-23,31.442366046756,31.51457058481226,30.956510178183617,31.117805277124965,50000
2014-10-24,31.117805277124965,31.154073962751198,30.787411278876284,30.89076895856728,50000
2014-10-27,30.89076895856728,31.136200201739918,30.882776730980147,30.965602145477288,50000
2014-10-28,30.965602145477288,31.194442510052745,30.864220982680415,30.875390780765308,50000
2014-10-29,30.875390780765308,31.710566620006094,30.86964882092804,31.62416107338465,50000
2014-10-30,31.62416107338465,31.712210268514188,31.2529338107235,31.31945783525391,50000
2014-10-31,31.31945783525391,31.439768188844333,31.08380948205828,31.347506642785792,50000
2014-11-03,31.347506642785792,32.01423649121331,31.15381795135418,31.631006408413043,50000
2014-11-04,31.631006408413043,32.40882114515103,31.486537386508203,32.01034697404908,50000
2014-11-05,32.01034697404908,32.23048057233438,31.801385556671296,32.03867997976476,121055
2014-11-06,32.03867997976476,32.19346148159594,31.993654950312486,32.108499000367026,50000
2014-11-07,32.108499000367026,32.45688017499903,32.1061263908336,32.27517418637953,52824
2014-11-10,32.27517418637953,32.65037656382986,31.52093799944878,31.830980934196536,50000
2014-11-11,31.830980934196536,32.045441339612495,31.81274564582464,32.038007480503516,50000
2014-11-12,32.038007480503516,32.194038466962056,31.877418428828676,31.991076264177675,72138
2014-11-13,31.991076264177675,32.309179481159994,31.658226986806046,32.06861934577722,50000
2014-11-14,32.06861934577722,32.51184037306567,31.887214334194766,32.423122170712965,50000
2014-11-17,32.423122170712965,32.867392418699794,32.2301941293111,32.75466621812461,50000
2014-11-18,32.75466621812461,32.808505363565715,32.18580687949556,32.29083659293554,50000
2014-11-19,32.29083659293554,32.45829676837544,32.03590677954078,32.45231436678919,50000
2014-11-20,32.45231436678919,32.55832525869141,32.193921984016775,32.23056903123051,50000
2014-11-21,32.23056903123051,32.40883540338217,32.2045482921038,32.25722090392459,50000
2014-11-24,32.25722090392459,32.5305049008109,31.719196680324828,31.900939805054584,50000
2014-11-25,31.900939805054584,32.10254449161473,31.73970449355118,32.06780258136705,61190
2014-11-26,32.06780258136705,32.671582382135504,31.74381647165289,32.50954155857114,50000
2014-11-27,32.50954155857114,32.67720574355896,32.45795523817453,32.484581356021565,50000
2014-11-28,32.484581356021565,33.132795490961044,32.346565639118175,33.06352080925597,50000
2014-12-01,33.06352080925597,33.44189032857324,31.98645053739111,32.19901771638819,50000
2014-12-02,32.19901771638819,32.40505806303432,31.38507015483347,31.39498283452165,50000
2014-12-03,31.39498283452165,31.58000333572325,31.27588450255679,31.51262356753089,50000
2014-12-04,31.51262356753089,31.51820977553401,31.265383556501778,31.409073624333377,82997
2014-12-05,31.409073624333377,31.748962599502097,31.265461419615015,31.612085243567268,50000
2014-12-08,31.612085243567268,31.635209178706248,30.999075201315517,31.250781737534034,50000
2014-12-09,31.250781737534034,31.633389328199062,31.18591110974053,31.290180661129362,50000
2014-12-10,31.290180661129362,31.850522237642746,31.27158409374751,31.701184122633368,50000
2014-12-11,31.701184122633368,32.14891390979599,31.64895206488072,32.0537808521899,105410
2014-12-12,32.0537808521899,32.37545704383873,31.936509663545216,32.14166465853355,50000
2014-12-15,32.14166465853355,32.6204601158068,32.11192046444743,32.397156513492455,50000
2014-12-16,32.397156513492455,32.477854197866094,31.85856941183239,32.00764080236359,50000
2014-12-17,32.00764080236359,32.06115178515116,31.207072527461758,31.218240247332552,50000
2014-12-18,31.218240247332552,31.605494261944514,31.17026886948522,31.512773489794363,50000
2014-12-19,31.512773489794363,31.84317929902569,31.243987545693503,31.685127900672075,78284
2014-12-22,31.685127900672075,31.803625291492253,31.458077994277545,31.539729582721026,50907
2014-12-23,31.539729582721026,31.68485875384131,31.44309724321962,31.48072259878609,50000
2014-12-24,31.48072259878609,31.71487285131654,31.086000408423477,31.224454941362904,50000
2014-12-25,31.224454941362904,31.32855666987487,30.44252994416809,30.673802424970056,66422
2014-12-26,30.673802424970056,31.199586210774676,30.616402547480355,30.9928457108187,50000
2014-12-29,30.9928457108187,31.130103053655883,30.486025258423837,30.54145882961127,50000
2014-12-30,30.54145882961127,30.835148321401505,30.522488072861936,30.598025964954648,50000
2014-12-31,30.598025964954648,30.921731517665233,30.504696001507178,30.71749163105353,54633
2015-01-01,30.71749163105353,30.739630558485644,30.439707260102168,30.476094948910507,54676
2015-01-02,30.476094948910507,30.509776482037584,29.162465386754587,29.408457578196018,70689
2015-01-05,29.408457578196018,29.493511107387672,29.060196333212534,29.092985239426127,50000
2015-01-06,29.092985239426127,29.44980198929079,29.081075006037167,29.24878524013362,50000
2015-01-07,29.24878524013362,29.30922099867036,28.71234943173049,28.877245869524568,50000
2015-01-08,28.877245869524568,29.087893519569178,28.492024855869147,28.60551430221709,50000
2015-01-09,28.60551430221709,28.756006713231063,28.60131536244097,28.65671780144037,50000
2015-01-12,28.65671780144037,28.74180405096598,28.50334985982539,28.591873527753076,50000
2015-01-13,28.591873527753076,28.691594524359076,28.249136388307445,28.41739714260137,50000
2015-01-14,28.41739714260137,28.575466719572358,28.35263889419618,28.355952284320566,50000
2015-01-15,28.355952284320566,28.71972051235643,28.164935480589826,28.4995776452187,50000
2015-01-16,28.4995776452187,29.11711234911658,28.358333999102083,28.982426350072753,50000
2015-01-19,28.982426350072753,29.028425174806234,28.966805874231675,28.97751141608442,50000
2015-01-20,28.97751141608442,29.144266890409014,28.954505985729757,29.10769203535978,50000
2015-01-21,29.10769203535978,29.159836895585595,28.56657487704982,28.679166747493504,50000
2015-01-22,28.679166747493504,28.82039723539352,28.65255490226403,28.806598487214504,110210
2015-01-23,28.806598487214504,29.15993863704384,28.6266805559951,28.70784904539813,83904
2015-01-26,28.70784904539813,28.77995477088323,28.60558097765243,28.714680810570478,50000
2015-01-27,28.714680810570478,28.89208716743232,28.178240731669668,28.421535304361193,50000
2015-01-28,28.421535304361193,28.44809761939492,27.67439250893284,27.809827465634392,50000
2015-01-29,27.809827465634392,27.939418753885658,27.38149346996188,27.57088530215985,50365
2015-01-30,27.57088530215985,27.83862496303765,27.120627564473086,27.676126465280902,78382
2015-02-02,27.676126465280902,28.065454708635027,27.446385105591425,27.94122722495554,70478
2015-02-03,27.94122722495554,28.00894079904393,26.702563422816873,26.77065741133021,97749
2015-02-04,26.77065741133021,26.874971743577753,26.639254311211122,26.799463744530588,64481
2015-02-05,26.799463744530588,26.9899449461132,26.67094845700976,26.822965886058803,50000
2015-02-06,26.822965886058803,26.927565317297308,26.126661503776923,26.179129782189726,50000
2015-02-09,26.179129782189726,26.372036674545836,25.242124048298244,25.56224173201507,50000
2015-02-10,25.56224173201507,25.851855926742125,25.38247173961164,25.537800614664008,75603
2015-02-11,25.537800614664008,26.26027893306143,25.41344980110092,26.239947247817074,50000
2015-02-12,26.239947247817074,26.63529610086223,26.049773875663558,26.416322658678492,50000
2015-02-13,26.416322658678492,27.09847349612862,26.1724495355755,26.836477593128652,58260
2015-02-16,26.836477593128652,27.307228060501693,26.70250735288721,27.10312247197505,332703
2015-02-17,27.10312247197505,27.691729369521024,26.827069644269844,27.598832519705503,73173
2015-02-18,27.598832519705503,28.79181919927635,27.569088924480788,28.700678899529862,79323
2015-02-19,28.700678899529862,28.945665518113174,28.662944573959734,28.938128771583056,50000
2015-02-20,28.938128771583056,29.256499299018714,28.42533672155259,28.82917336082094,50000
2015-02-23,28.82917336082094,29.11666361464672,28.719100589562768,28.982233233191486,50000
2015-02-24,28.982233233191486,29.135395408695896,28.602748776221503,28.96058082131162,69175
2015-02-25,28.96058082131162,29.102056608671557,28.539038756673836,28.632160580944532,123612
2015-02-26,28.632160580944532,28.85966393273106,27.982952067439363,28.26960811907137,50000
2015-02-27,28.26960811907137,28.719498067105583,28.162780272283193,28.694616380721797,127697
2015-03-02,28.694616380721797,28.844670061619155,28.513199609347776,28.728018404159545,50000
2015-03-03,28.728018404159545,29.026854735616237,28.00258739901588,28.090536776084736,50000
2015-03-04,28.090536776084736,28.419504232062955,27.97742984402739,28.316655318467166,50000
2015-03-05,28.316655318467166,28.42311504142384,28.017231614170388,28.38825974268934,50000
2015-03-06,28.38825974268934,28.56762930461672,28.18408883457583,28.307863115654282,50000
2015-03-09,28.307863115654282,28.708673837893787,28.091106681678326,28.501175577868814,63991
2015-03-10,28.501175577868814,28.677605849972927,27.538170236229007,27.975616426653474,50000
2015-03-11,27.975616426653474,28.4594871102193,27.8703810048742,28.30850221681892,50000
2015-03-12,28.30850221681892,28.905256535851176,28.099957941967755,28.868929120453874,50277
2015-03-13,28.868929120453874,29.33973812386355,28.592346383715892,29.03965270811077,76291
2015-03-16,29.03965270811077,29.260649990213228,28.63291191690297,28.911367457887096,84903
2015-03-17,28.911367457887096,29.111729596692847,28.369764994037304,28.542457959908408,50000
2015-03-18,28.542457959908408,28.915116851673737,28.072507095136235,28.507752401087203,50000
2015-03-19,28.507752401087203,28.53960334817662,28.102472550109454,28.27002218147762,125161
2015-03-20,28.27002218147762,28.47616356950046,28.008271992109826,28.11254796719893,53178
2015-03-23,28.11254796719893,28.668148285687675,28.038501230535537,28.501535414091148,50000
2015-03-24,28.501535414091148,28.618402911958434,27.88932172373649,27.993739858134077,50000
2015-03-25,27.993739858134077,28.622942492723393,27.79328491931937,28.382101541305296,50000
2015-03-26,28.382101541305296,28.427977077482698,27.822603645237248,28.160684614528357,50000
2015-03-27,28.160684614528357,28.759007128314032,27.972599929247547,28.582741601774195,70322
2015-03-30,28.582741601774195,28.599455037268566,28.315460874759385,28.450621583186248,70516
2015-03-31,28.450621583186248,28.564563892283005,28.35493947405798,28.50224527136186,58607
2015-04-01,28.50224527136186,28.79733262923899,28.48499861952153,28.699576046444314,50000
2015-04-02,28.699576046444314,29.074263105931287,28.545229086559058,28.998253982171715,50000
2015-04-03,28.998253982171715,29.121238109445017,28.761167349157894,28.91000998654973,50000
2015-04-06,28.91000998654973,29.284390850690162,28.802157760075506,29.176195251783405,50000
2015-04-07,29.176195251783405,29.819545155963674,28.902927391101123,29.333856296446307,50000
2015-04-08,29.333856296446307,29.462819308821256,28.667753110726657,28.98956651384751,64780
2015-04-09,28.98956651384751,29.29354634614658,28.335621130032358,28.718154961838213,50000
2015-04-10,28.718154961838213,29.260639964581365,28.57149457365899,29.229727238114542,50000
2015-04-13,29.229727238114542,29.366996953636495,29.063960777202,29.352129964777735,83544
2015-04-14,29.352129964777735,29.82213620903359,29.323480678197402,29.555232460098924,50000
2015-04-15,29.555232460098924,29.817668903211676,29.25090252422624,29.799728035967263,50000
2015-04-16,29.799728035967263,30.31856592400237,29.78227746628842,30.067327945719242,50000
2015-04-17,30.067327945719242,30.306687711218128,29.68236981808412,30.246757558524994,50000
2015-04-20,30.246757558524994,30.38744282908107,29.532928369697288,29.579335252424713,50000
2015-04-21,29.579335252424713,29.81122253863954,29.36270990619501,29.395852235359396,50000
2015-04-22,29.395852235359396,29.836398479139007,29.130183729236272,29.658867359310513,65819
2015-04-23,29.658867359310513,29.667399839893502,29.07629268123503,29.07855565346342,61441
2015-04-24,29.07855565346342,29.245810091806856,29.020302099569967,29.152547189899753,70315
2015-04-27,29.152547189899753,29.563807880372597,29.080637273421193,29.319650379639665,110091
2015-04-28,29.319650379639665,29.41528906722866,28.569910196232065,28.828070784471432,55127
2015-04-29,28.828070784471432,29.167108630820152,28.78411730367467,29.11988021924711,50000
2015-04-30,29.11988021924711,29.170459199611646,28.801035491220485,28.80524238670402,50000
2015-05-01,28.80524238670402,29.48239622182978,28.628787308566796,29.216829693216827,50000
2015-05-04,29.216829693216827,29.759632316412915,28.893140558644912,29.711174143611405,50000
2015-05-05,29.711174143611405,29.97632639847949,28.95388862106889,29.202135904068815,50000
2015-05-06,29.202135904068815,29.342822665408434,28.852003395642594,29.028049196164673,50000
2015-05-07,29.028049196164673,29.070177226266743,28.350702775429472,28.426744420869852,56786
2015-05-08,28.426744420869852,28.855300836539907,28.255886921303198,28.743108057271133,50000
2015-05-11,28.743108057271133,28.952442856631166,28.56527308607283,28.592841031375492,185257
2015-05-12,28.592841031375492,28.775461640207403,28.55631259798969,28.60497948949113,50000
2015-05-13,28.60497948949113,28.800307189109752,28.574712954911213,28.628107543300878,50000
2015-05-14,28.628107543300878,28.796337289403365,28.125233040684815,28.183613150186208,50000
2015-05-15,28.183613150186208,28.411751958552763,28.05477067900671,28.343768321967033,50000
2015-05-18,28.343768321967033,28.479351721139054,27.68137761538211,27.906780108412487,50000
2015-05-19,27.906780108412487,28.115721948373114,27.701694295374068,27.801765104088705,50000
2015-05-20,27.801765104088705,27.84670048182714,27.67220243362243,27.709891123343148,50000
2015-05-21,27.709891123343148,27.832591323416572,27.022180140393612,27.161441500263454,50000
2015-05-22,27.161441500263454,27.505190581585186,27.038666722471337,27.319426755107056,50000
2015-05-25,27.319426755107056,27.59288793555935,27.267922278706017,27.27784369202796,50000
2015-05-26,27.27784369202796,27.57253858956219,27.158955932278822,27.557869101376536,139618
2015-05-27,27.557869101376536,27.59552469865014,27.363145795784845,27.482848073592912,50000
2015-05-28,27.482848073592912,27.4856883308044,27.143449309220934,27.322807944136226,50000
2015-05-29,27.322807944136226,27.341191329470057,27.17440455068521,27.256376111901897,50000
2015-06-01,27.256376111901897,28.16977736937566,26.979717572274048,28.122221627383393,50000
2015-06-02,28.122221627383393,28.25438994355269,27.727870595915157,28.040521656959996,50000
2015-06-03,28.040521656959996,28.47075175064865,27.931418594235605,28.104301852963427,50000
2015-06-04,28.104301852963427,28.670310953430796,27.935599004326342,28.61364322996951,190016
2015-06-05,28.61364322996951,28.78353223008636,28.189017264678327,28.297371444274365,67042
2015-06-08,28.297371444274365,29.067148400829442,28.053645941331254,28.925801745352437,50000
2015-06-09,28.925801745352437,29.700240846290317,28.809401479986484,29.486941479114193,50000
2015-06-10,29.486941479114193,29.822408452523632,29.476202839809467,29.768854949642435,133850
2015-06-11,29.768854949642435,29.97465008904094,29.648777464823063,29.917010786108357,119261
2015-06-12,29.917010786108357,30.138622520558236,29.71182641623464,29.878380277817744,119418
2015-06-15,29.878380277817744,29.946466866764798,29.821163583175984,29.894763282857504,69280
2015-06-16,29.894763282857504,30.003243776789432,29.692657300593005,29.735961284861883,50000
2015-06-17,29.735961284861883,30.696352279486494,29.60340592583186,30.246195679089244,50000
2015-06-18,30.246195679089244,30.706967447850985,30.027899471321664,30.47772974138427,50000
2015-06-19,30.47772974138427,30.579655224347004,29.731661871431815,30.168150852392845,50000
2015-06-22,30.168150852392845,30.196847093660672,29.947236410181183,30.041059861638793,50000
2015-06-23,30.041059861638793,30.54276649164841,29.754754249189094,30.30175294167635,50000
2015-06-24,30.30175294167635,30.863280605064627,30.064965463310454,30.466049605705944,50000
2015-06-25,30.466049605705944,30.843920838984626,30.295578214285243,30.797292657053664,53237
2015-06-26,30.797292657053664,31.386256380214704,30.748288299264665,31.314612524550636,50000
2015-06-29,31.314612524550636,31.44932611506303,31.03249888227469,31.15271741855414,50000
2015-06-30,31.15271741855414,31.157481003319575,30.836160558945913,30.95588871667737,64927
2015-07-01,30.95588871667737,31.205985584912803,30.056557109394998,30.189686283326488,50000
2015-07-02,30.189686283326488,30.42053940053707,30.17593938168365,30.27596642231023,50000
2015-07-03,30.27596642231023,30.29307532014416,29.814412796374725,30.121451705229507,50000
2015-07-06,30.121451705229507,30.180324942819112,29.35916362229711,29.43617446622049,50000
2015-07-07,29.43617446622049,29.59821270810299,28.599651745685915,28.70148769206289,50000
2015-07-08,28.70148769206289,28.862255330892726,28.14818806696169,28.332926294912788,50000
2015-07-09,28.332926294912788,29.315795194988908,28.188779183208606,28.819129644600586,50000
2015-07-10,28.819129644600586,29.048183034258763,28.660746978077327,28.860928690095598,113243
2015-07-13,28.860928690095598,29.487946318401136,28.638466686357088,29.484489068901837,50000
2015-07-14,29.484489068901837,29.772737666488045,29.0995304582004,29.46575994515788,93055
2015-07-15,29.46575994515788,30.078983788726752,29.39498565980757,30.054305311174172,50000
2015-07-16,30.054305311174172,30.10019628246098,29.86516161619244,29.88714679607795,50000
2015-07-17,29.88714679607795,30.638026072808213,29.68575649702648,30.263611878394645,147697
2015-07-20,30.263611878394645,31.27118632806416,30.01811845715404,31.109605343312104,60942
2015-07-21,31.109605343312104,31.74626069608046,31.064412199741824,31.267728874017532,68440
2015-07-22,31.267728874017532,31.459437199407315,30.816483552534034,30.85888639398901,50000
2015-07-23,30.85888639398901,30.930151431468925,30.488963134525846,30.56341274391488,50000
2015-07-24,30.56341274391488,30.811074119123084,30.449601396551866,30.62201819519572,50000
2015-07-27,30.62201819519572,31.1646462995544,30.611189005912475,30.79474132306929,50000
2015-07-28,30.79474132306929,31.03844055816064,30.549676068447564,30.758953634777015,117145
2015-07-29,30.758953634777015,31.12789553854754,30.44879307421782,31.110540532558613,50000
2015-07-30,31.110540532558613,31.558330074748895,30.853998537591924,31.50389844237921,50000
2015-07-31,31.50389844237921,31.768165713644667,31.444053618784427,31.683881398605823,50000
2015-08-03,31.683881398605823,32.756715925961544,31.557805158258073,32.51440894272075,50000
2015-08-04,32.51440894272075,32.7185431694908,32.17448013374513,32.21123181723793,50000
2015-08-05,32.21123181723793,32.4185846177977,31.83727835887259,32.115717045825264,66638
2015-08-06,32.115717045825264,32.23186233268528,31.590044419766063,31.82848886214072,101749
2015-08-07,31.82848886214072,32.20920282363749,31.824393116939923,31.885456889266994,73947
2015-08-10,31.885456889266994,32.00616597619848,31.677051886024106,31.867187223027347,50000
2015-08-11,31.867187223027347,32.232087396588554,31.66704550118355,31.982403481099734,50000
2015-08-12,31.982403481099734,32.17907144713924,31.77944542353838,32.151743068754925,95413
2015-08-13,32.151743068754925,32.84364269537894,32.085420824327485,32.49584705735069,50000
2015-08-14,32.49584705735069,32.75775692232349,32.19608709998446,32.47374872871463,50000
2015-08-17,32.47374872871463,32.81323240802066,31.98429200793572,32.12033265901675,50000
2015-08-18,32.12033265901675,32.153145415931306,31.6836975942192,31.73143405768952,78718
2015-08-19,31.73143405768952,32.15238846619699,31.359961959092814,31.495982214200193,50000
2015-08-20,31.495982214200193,31.601578540291076,31.27427440971626,31.35298971961808,50000
2015-08-21,31.35298971961808,31.649778195401627,31.219684862964677,31.576669156782618,50000
2015-08-24,31.576669156782618,32.07532381815363,31.343356709308846,31.64001695702411,50000
2015-08-25,31.64001695702411,31.75773536818361,31.086995497567607,31.43923154058776,50000
2015-08-26,31.43923154058776,31.463525152031046,30.125973507678626,30.728855843646556,81467
2015-08-27,30.728855843646556,30.761411082172142,30.443444316138482,30.46049395749439,173350
2015-08-28,30.46049395749439,30.682482926577396,30.2499930857216,30.328747399573952,50000
2015-08-31,30.328747399573952,30.81082524840365,30.26288782235847,30.6503026576614,50000
2015-09-01,30.6503026576614,30.883380921418297,29.954010888316827,30.048958808543784,119787
2015-09-02,30.048958808543784,30.221603543104454,29.707430045971755,30.057312871571288,50000
2015-09-03,30.057312871571288,30.722239453583775,29.961704548166775,30.70459561125873,50000
2015-09-04,30.70459561125873,30.840586941443878,30.43364833806882,30.50576292310445,50000
2015-09-07,30.50576292310445,30.70571692990036,30.341437471566206,30.56382709262205,50000
2015-09-08,30.56382709262205,30.829442913515475,30.53205233259918,30.750208551442324,94030
2015-09-09,30.750208551442324,30.838907525911004,30.507489180173245,30.798701201083407,52106
2015-09-10,30.798701201083407,31.301753319684984,30.659407791835644,30.94498638217717,50000
2015-09-11,30.94498638217717,31.02478272152651,30.74242878474857,30.81989150098811,50000
2015-09-14,30.81989150098811,31.13430884175687,30.50816444655777,31.036752272876107,50000
2015-09-15,31.036752272876107,31.173906552182164,30.69600363547553,30.87578381838584,50000
2015-09-16,30.87578381838584,30.948269515186613,30.602825555965474,30.91315776051648,50000
2015-09-17,30.91315776051648,31.37796640961554,30.790240369642987,31.141245465637663,54194
2015-09-18,31.141245465637663,31.422802057296384,30.758644371110172,30.82619383613702,50000
2015-09-21,30.82619383613702,31.067554947670498,30.6124178583093,30.791334145153407,50000
2015-09-22,30.791334145153407,30.87245110664267,30.508351604734525,30.615254080111093,50000
2015-09-23,30.615254080111093,30.647228741227728,29.99347588380883,30.406875338520585,50000
2015-09-24,30.406875338520585,30.60638130280513,30.148277912960324,30.305895082116027,50000
2015-09-25,30.305895082116027,30.471804103958792,30.08239426496337,30.0851721368698,54630
2015-09-28,30.0851721368698,30.500581967182693,29.996827923170237,30.187462306349612,50000
2015-09-29,30.187462306349612,30.32132683389298,29.75992764369316,29.822133640397567,115087
2015-09-30,29.822133640397567,30.336411591438594,29.819208787843777,30.09299913661737,66950
2015-10-01,30.09299913661737,30.100565081407687,29.74528928313674,29.783219888588693,137976
2015-10-02,29.783219888588693,29.938574328207814,29.464830495558747,29.515292973540394,50000
2015-10-05,29.515292973540394,29.676660654345255,29.16484935956591,29.2891379530026,50000
2015-10-06,29.2891379530026,29.97393173016767,29.037277988131088,29.78615769164834,50000
2015-10-07,29.78615769164834,30.08762567958554,29.766608737243626,29.99952802712868,79772
2015-10-08,29.99952802712868,30.30622426709515,29.784267074764,30.110621065797236,59333
2015-10-09,30.110621065797236,30.33862726335452,29.8746941068416,30.154413643089118,50000
2015-10-12,30.154413643089118,30.22823004960382,29.34841997535105,29.525248338534595,50000
2015-10-13,29.525248338534595,29.76727785738627,29.39828111142584,29.4968409621363,50000
2015-10-14,29.4968409621363,30.150854392515388,29.244976996614614,30.117204186924635,50000
2015-10-15,30.117204186924635,30.336248010731733,30.11274924594105,30.20699846125172,50000
2015-10-16,30.20699846125172,30.275981237827803,30.04191732843202,30.25290610686907,50000
2015-10-19,30.25290610686907,30.48793187870384,29.981653697256746,30.37905671810519,130089
2015-10-20,30.37905671810519,30.42926382196881,30.11616051697386,30.41520595462854,65756
2015-10-21,30.41520595462854,30.553892067896655,29.680336865673947,30.002562205430767,50000
2015-10-22,30.002562205430767,30.28075610430372,29.292272670128995,29.505386413778457,113539
2015-10-23,29.505386413778457,29.894050769784783,29.188718376002434,29.65340089862062,50000
2015-10-26,29.65340089862062,29.869976486335876,29.470924259589495,29.567084840525336,50000
2015-10-27,29.567084840525336,30.2720573294678,29.413648449860165,29.849165883677696,57425
2015-10-28,29.849165883677696,29.91199296776101,29.58294892461702,29.765246033237975,50000
2015-10-29,29.765246033237975,29.87067033142472,29.327087440680447,29.42529190511862,50000
2015-10-30,29.42529190511862,29.57357943603961,29.056561201238956,29.074211573276592,60926
2015-11-02,29.074211573276592,29.394589683741977,27.83090099337788,28.04264153325995,50000
2015-11-03,28.04264153325995,28.20750399019397,27.939954903154934,28.14426673984144,50000
2015-11-04,28.14426673984144,28.244862625368253,27.828626732476227,27.925018544010985,50000
2015-11-05,27.925018544010985,28.111687137101896,27.605554498264826,27.694881893243732,69584
2015-11-06,27.694881893243732,28.04650670394115,27.582691688929522,27.853061458570867,50000
2015-11-09,27.853061458570867,28.047998383455738,27.75919972295703,27.985728811973516,50000
2015-11-10,27.985728811973516,28.000808278059097,27.966313685808487,27.998879985352957,50000
2015-11-11,27.998879985352957,28.147099800309494,27.42871140342041,27.48803550834419,79021
2015-11-12,27.48803550834419,28.00757598970344,27.297418227496603,27.9564756463263,50000
2015-11-13,27.9564756463263,28.122511071762666,27.844548900586794,28.088500311452577,50000
2015-11-16,28.088500311452577,28.49724121118185,27.95088119906395,28.217132341102424,50000
2015-11-17,28.217132341102424,28.466091704606097,28.149209843751002,28.261748049611324,50000
2015-11-18,28.261748049611324,28.452232182051322,27.690256301848173,27.831820793718286,50000
2015-11-19,27.831820793718286,28.31320936025503,27.67133476613496,28.18870202338147,50000
2015-11-20,28.18870202338147,28.24594779755472,27.805802614495004,28.058383767115437,50000
2015-11-23,28.058383767115437,28.174513177111795,27.862744118397174,28.001609931970112,50000
2015-11-24,28.001609931970112,28.05941790383718,27.295595288133615,27.371676944571142,50000
2015-11-25,27.371676944571142,27.52217247042669,26.98528403902032,27.00347166302738,50000
2015-11-26,27.00347166302738,27.369628701175195,26.801091141175025,27.22956016323857,50000
2015-11-27,27.22956016323857,27.273433351531736,26.916147718359344,27.128578257978425,50000
2015-11-30,27.128578257978425,27.988149003576304,26.892231862374814,27.556211449179607,50000
2015-12-01,27.556211449179607,27.569190503395827,27.32253084339398,27.38701786869757,50000
2015-12-02,27.38701786869757,27.439926399895814,26.967567315307694,27.166727488492533,50000
2015-12-03,27.166727488492533,27.471532542669294,27.074400100582903,27.40087854929015,50000
2015-12-04,27.40087854929015,27.71142777245341,27.160446155690835,27.311739314900663,50000
2015-12-07,27.311739314900663,27.39556184762069,26.650750864873253,26.848242270952746,50000
2015-12-08,26.848242270952746,27.145080792921163,26.72418192825428,26.779750770916927,50000
2015-12-09,26.779750770916927,26.949383442535716,26.533020767177856,26.83714197051032,50000
2015-12-10,26.83714197051032,27.047588390819726,26.715189827004988,26.82229875298591,52837
2015-12-11,26.82229875298591,26.920299676629604,26.36870958050342,26.40842031646241,50000
2015-12-14,26.40842031646241,26.565682706442757,26.06692134868539,26.203731772039433,50000
2015-12-15,26.203731772039433,26.27904637255695,26.014476234188933,26.257564026973878,50000
2015-12-16,26.257564026973878,26.33732735706124,26.157551679584177,26.2642628053119,50000
2015-12-17,26.2642628053119,26.459759798290495,26.160769376140486,26.188192666072357,50000
2015-12-18,26.188192666072357,26.41940061167228,26.179644033632083,26.371274942580808,50000
2015-12-21,26.371274942580808,26.390035117844423,26.144510370437374,26.33622583809447,50000
2015-12-22,26.33622583809447,26.458958028327533,26.29257322998654,26.426068804811578,50000
2015-12-23,26.426068804811578,26.54901568787954,26.182821007133345,26.458651291567698,50000
2015-12-24,26.458651291567698,26.887763884209246,26.143362268133455,26.864312374165916,50000
2015-12-25,26.864312374165916,27.352061748672977,26.468896943064145,26.77058328025223,50000
2015-12-28,26.77058328025223,27.160161664674845,26.740559771861722,26.877918387358836,50000
2015-12-29,26.877918387358836,26.98292732021771,26.619334011732022,26.646844697568906,51552
2015-12-30,26.646844697568906,26.64763946742219,26.510165867870555,26.51626793531333,67911
2015-12-31,26.51626793531333,26.530549805212395,25.748914428493343,25.863723228747567,55435
2016-01-01,25.863723228747567,25.970234636748145,25.220656920957506,25.544408817864266,65533
2016-01-04,25.544408817864266,25.664512082601924,25.028368931984883,25.24741950317383,50000
2016-01-05,25.24741950317383,25.2481656313942,25.070162070874023,25.098077614385154,50000
2016-01-06,25.098077614385154,25.22787290474045,25.050226014818843,25.112299830257705,52432
2016-01-07,25.112299830257705,25.116666089049975,24.712500565338864,24.82676658558707,50000
2016-01-08,24.82676658558707,25.029565331492147,24.791653201922834,24.982525492481322,50000
2016-01-11,24.982525492481322,25.056918326470054,24.605252543149046,25.036917149780997,60623
2016-01-12,25.036917149780997,25.68103090618223,24.813724396238744,25.29741724892003,65323
2016-01-13,25.29741724892003,25.400374658850104,25.11414308100272,25.30639067076907,87464
2016-01-14,25.30639067076907,25.430830473069697,24.965710130501325,25.100227628707454,50000
2016-01-15,25.100227628707454,25.27921108259429,24.43981316511629,24.59527856426006,80867
2016-01-18,24.59527856426006,25.01416313442111,24.44749291203679,24.768301264162837,50000
2016-01-19,24.768301264162837,24.956583213859286,24.608959033362755,24.746967422312814,50000
2016-01-20,24.746967422312814,24.90658271121658,24.23676900411919,24.274517841198367,50000
2016-01-21,24.274517841198367,24.50246631984938,24.030757047381822,24.066896837263155,67842
2016-01-22,24.066896837263155,24.361430322168484,23.856522767690965,24.234356861437014,52899
2016-01-25,24.234356861437014,24.256565717467133,24.142293063566118,24.174462064374108,50000
2016-01-26,24.174462064374108,24.355323663751566,24.030667000221108,24.116956598640094,50000
2016-01-27,24.116956598640094,24.40644473871778,23.803915741941594,24.035055127581394,50000
2016-01-28,24.035055127581394,24.061395721695146,23.777440411572456,23.938783696556726,53208
2016-01-29,23.938783696556726,24.089625206167486,23.292748692363727,23.50210971093733,50000
2016-02-01,23.50210971093733,23.53037941701213,22.448004441542125,22.672605131099015,50000
2016-02-02,22.672605131099015,23.05829816065844,22.652668604554542,22.790271180383325,50000
2016-02-03,22.790271180383325,22.860356474333752,22.63761584268078,22.83072389877088,78446
2016-02-04,22.83072389877088,22.97552767533138,22.56895148133257,22.623119501603192,50000
2016-02-05,22.623119501603192,22.71316598813573,22.257555418619067,22.269104221213546,150939
2016-02-08,22.269104221213546,22.34967420166865,21.602113813524152,21.839042283569196,50000
2016-02-09,21.839042283569196,21.874580659078433,21.70370534479771,21.84153400348036,50000
2016-02-10,21.84153400348036,21.911179476635375,21.54884098357847,21.681183245180666,50000
2016-02-11,21.681183245180666,21.723335524762913,21.611237696628745,21.716958246643692,50000
2016-02-12,21.716958246643692,22.13793769458582,21.65255199915866,21.920982011438277,50000
2016-02-15,21.920982011438277,22.11888998021237,21.68742441866279,22.01568533013958,50000
2016-02-16,22.01568533013958,22.28659692243817,21.95728917960031,22.2028075765139,50000
2016-02-17,22.2028075765139,22.65248470112123,22.113344101267106,22.443747332538074,50000
2016-02-18,22.443747332538074,22.448635862541934,21.979908408912387,22.052660942787828,50000
2016-02-19,22.052660942787828,22.34135022429333,21.95537787412715,22.232021505893492,50000
2016-02-22,22.232021505893492,22.785007358030228,22.130147684481386,22.693387037788643,74027
2016-02-23,22.693387037788643,23.47429237227073,22.52372110262156,23.303198199371646,50000
2016-02-24,23.303198199371646,23.323351715162126,22.9259428449207,22.94456440319726,50000
2016-02-25,22.94456440319726,23.320768717145445,22.92278209117748,23.25124689568913,50000
2016-02-26,23.25124689568913,23.720272087511283,23.138970054145542,23.69503477756649,50744
2016-02-29,23.69503477756649,23.79702746290511,23.41531165169368,23.48296193546433,50000
2016-03-01,23.48296193546433,23.61969075493765,23.419563361986224,23.580781980995653,107589
2016-03-02,23.580781980995653,23.711328142164106,23.51897868114575,23.620333221674123,51663
2016-03-03,23.620333221674123,23.908616438430382,23.321887470387317,23.831985743021274,50000
2016-03-04,23.831985743021274,24.08069449926607,23.722547425487022,23.8725346626893,50000
2016-03-07,23.8725346626893,23.977438856141177,23.60621528118322,23.798711807342904,50000
2016-03-08,23.798711807342904,23.993333224362026,23.742322079581967,23.966760972354628,86044
2016-03-09,23.966760972354628,24.136515803455495,23.719613606823074,23.746036553081108,157563
2016-03-10,23.746036553081108,23.985674617001344,23.47266074686073,23.670726862324983,50000
2016-03-11,23.670726862324983,23.94046050429011,23.594481902456874,23.608030360463484,123643
2016-03-14,23.608030360463484,24.40158888723331,23.418164886267437,24.32758887114108,50000
2016-03-15,24.32758887114108,24.36879224679244,23.669512943578308,23.856523826181924,50000
2016-03-16,23.856523826181924,23.946023049915965,23.349504466343898,23.471598095963845,55438
2016-03-17,23.471598095963845,23.546305840051144,23.12184678172896,23.16162842598458,58647
2016-03-18,23.16162842598458,23.532061160889292,23.098309940547132,23.435428183291744,109813
2016-03-21,23.435428183291744,23.822538347715387,23.256638210717483,23.424241668166385,156639
2016-03-22,23.424241668166385,23.79970778778635,23.239917678133047,23.67859110747144,50000
2016-03-23,23.67859110747144,24.260399421656192,23.66249017340357,24.206255573382514,96769
2016-03-24,24.206255573382514,24.576236934245987,24.149574567139545,24.433388322299212,50000
2016-03-25,24.433388322299212,24.69470312554924,24.342879351899736,24.63896537506264,122951
2016-03-28,24.63896537506264,24.82348694968046,24.20953433340063,24.308849583219693,60022
2016-03-29,24.308849583219693,24.760460513064928,24.243503135654596,24.698012422382167,50000
2016-03-30,24.698012422382167,24.908264242450304,24.615090901989582,24.730918790601486,50000
2016-03-31,24.730918790601486,24.97517795187046,24.634666749347286,24.80898264417882,50000
2016-04-01,24.80898264417882,24.8498598327622,24.552176167306513,24.65946903735191,50000
2016-04-04,24.65946903735191,24.74309666116329,24.543021721229845,24.642224908635313,50000
2016-04-05,24.642224908635313,24.83381685057561,24.553540293384014,24.693198192317197,75719
2016-04-06,24.693198192317197,24.832539121749594,24.080657220312006,24.343307999748667,50000
2016-04-07,24.343307999748667,24.579999832359988,24.277212619760224,24.314624081280932,50000
2016-04-08,24.314624081280932,24.822272357634194,24.21105682555122,24.681448113096334,50000
2016-04-11,24.681448113096334,24.796096386426065,24.09208466081766,24.10619625401925,50000
2016-04-12,24.10619625401925,24.410483438718213,24.063203444749256,24.282917126140546,53110
2016-04-13,24.282917126140546,24.57044907036473,24.27058998993738,24.451262985618232,50000
2016-04-14,24.451262985618232,24.73445126695503,24.24594961033702,24.634542488421562,50000
2016-04-15,24.634542488421562,24.67136899441212,24.22213060310448,24.392790523493172,124280
2016-04-18,24.392790523493172,24.636195055835415,24.23621607578037,24.443099048020194,154890
2016-04-19,24.443099048020194,24.486568328479986,23.553124065447143,23.67880662471339,50000
2016-04-20,23.67880662471339,23.935924033875242,23.669625675547817,23.84511505190742,50000
2016-04-21,23.84511505190742,23.890309617796277,23.267627452413222,23.41477353283634,58418
2016-04-22,23.41477353283634,23.53870725925796,23.083657776637658,23.258564599504915,50000
2016-04-25,23.258564599504915,23.361147581445092,22.75923090403798,22.86157669044337,50000
2016-04-26,22.86157669044337,23.372611005982506,22.698629223365117,23.36925215203542,50000
2016-04-27,23.36925215203542,23.38481451956072,23.068381038092976,23.20611978414709,50000
2016-04-28,23.20611978414709,23.278095838777773,22.688480650464673,22.842111234887692,73132
2016-04-29,22.842111234887692,22.884074021654346,22.508884624683038,22.809303561505295,50000
2016-05-02,22.809303561505295,23.422382595032023,22.744289341241988,23.29032130621246,50000
2016-05-03,23.29032130621246,23.383192993157603,22.997286403073872,23.099461361891287,50000
2016-05-04,23.099461361891287,23.16033188141749,22.788235849848952,22.850296178607444,50000
2016-05-05,22.850296178607444,22.858780385597232,22.55350732027993,22.586487324872618,50000
2016-05-06,22.586487324872618,22.707132765868046,21.94845831474765,22.25905202202035,89971
2016-05-09,22.25905202202035,22.402759313776766,22.20858780434899,22.210700654953936,50000
2016-05-10,22.210700654953936,22.344413976762507,21.700510621444597,21.77862438450819,72642
2016-05-11,21.77862438450819,22.391592028424558,21.750288799279364,22.292151418432546,50000
2016-05-12,22.292151418432546,22.298498792916128,22.15399217065305,22.263336497384387,50000
2016-05-13,22.263336497384387,23.118134585893475,22.21792487314696,23.050408151220118,52548
2016-05-16,23.050408151220118,23.219611109289893,22.899649431064518,22.996918268408677,50000
2016-05-17,22.996918268408677,23.289812745667152,22.976342614921236,23.283419987114332,50026
2016-05-18,23.283419987114332,23.786615796917214,23.26926762413427,23.599081865333055,84494
2016-05-19,23.599081865333055,24.007443701499557,23.596031500672787,23.911627834182713,50000
2016-05-20,23.911627834182713,24.058920664309074,23.69290307768447,23.834180247666488,84505
2016-05-23,23.834180247666488,23.963083193529673,23.761669744916368,23.91922714208622,50000
2016-05-24,23.91922714208622,24.24365411439393,23.82843663010533,24.063959247442522,50000
2016-05-25,24.063959247442522,24.203360096852546,24.034902897956275,24.20282390272073,93291
2016-05-26,24.20282390272073,24.21133334009869,23.89197220698702,24.051667743852835,50000
2016-05-27,24.051667743852835,24.070804709370755,23.81021789153503,23.86868725899253,57502
2016-05-30,23.86868725899253,23.92332368461807,23.24724998530776,23.404650599409234,50000
2016-05-31,23.404650599409234,23.425870820114298,23.2617640826208,23.307777632207806,50000
2016-06-01,23.307777632207806,23.440542942022155,23.215476795976144,23.41489079838036,50000
2016-06-02,23.41489079838036,23.594966437155694,23.214437565186763,23.45453282128031,50000
2016-06-03,23.45453282128031,23.539849501997498,22.89042602546579,22.958673136529764,71580
2016-06-06,22.958673136529764,23.47776048644925,22.67361575756761,23.461990773053135,50000
2016-06-07,23.461990773053135,23.737871538266738,23.40700512182051,23.6708279939564,70956
2016-06-08,23.6708279939564,23.91560617764568,23.46977645161201,23.857710789744797,110031
2016-06-09,23.857710789744797,24.036963402462007,23.78826286323705,23.819085005434918,50000
2016-06-10,23.819085005434918,24.183232150841636,23.242928588331107,23.335304776409224,50000
2016-06-13,23.335304776409224,23.572302276724386,23.136814943047124,23.392289962617966,103731
2016-06-14,23.392289962617966,23.453071198240472,23.15993816404756,23.272902016286054,50000
2016-06-15,23.272902016286054,23.74500852824193,23.108264555816124,23.626225839170733,50000
2016-06-16,23.626225839170733,23.806766636272503,23.53036544885599,23.736147806076445,50000
2016-06-17,23.736147806076445,24.08238993843405,23.69801066995009,24.029758230118016,50000
2016-06-20,24.029758230118016,24.1694278363172,23.90428975343291,24.023852178707422,72093
2016-06-21,24.023852178707422,24.13265688836163,23.593104856447123,23.89728910151048,50000
2016-06-22,23.89728910151048,24.091792940584227,23.57209864384496,23.778014719229486,50000
2016-06-23,23.778014719229486,23.947408649649944,23.668087116565985,23.885756404305454,50000
2016-06-24,23.885756404305454,23.925403126232805,23.72100870575706,23.753321600800522,90987
2016-06-27,23.753321600800522,23.827311360685904,23.317915971853093,23.40321868898435,102201
2016-06-28,23.40321868898435,23.61025799807113,22.832566785576567,22.887706363698776,50000
2016-06-29,22.887706363698776,23.11119481137871,22.47551905185334,22.97400594481048,50000
2016-06-30,22.97400594481048,23.106305932771413,22.31676759766844,22.51625031680102,50000
2016-07-01,22.51625031680102,22.552863376555486,22.506268562881335,22.51423723376004,51599
2016-07-04,22.51423723376004,22.680452421755103,22.033888983095878,22.14676421765147,50000
2016-07-05,22.14676421765147,22.4732129043847,21.976076366048744,22.441234984767714,50000
2016-07-06,22.441234984767714,22.589060360715834,21.979752208539395,21.997812554056644,64352
2016-07-07,21.997812554056644,22.018689286943623,21.81950882580646,21.929483563821723,50000
2016-07-08,21.929483563821723,22.015077546343235,21.565942813951224,21.57511238764278,50000
2016-07-11,21.57511238764278,21.783401369617962,21.273559242812908,21.277960848878404,118565
2016-07-12,21.277960848878404,21.563726409376933,21.19440894025926,21.206618525944595,52096
2016-07-13,21.206618525944595,21.421664103105332,20.479901825381695,20.650274775495763,67443
2016-07-14,20.650274775495763,20.910068709623264,20.529858866606475,20.73597356653469,62647
2016-07-15,20.73597356653469,21.386635893452233,20.497225318400584,21.33177825891274,50847
2016-07-18,21.33177825891274,21.3792331272314,21.242335709879796,21.328893397294607,50000
2016-07-19,21.328893397294607,21.747923945595357,21.164025404916128,21.500335719686426,50000
2016-07-20,21.500335719686426,21.847486811101742,21.370600642667913,21.819433390811504,50000
2016-07-21,21.819433390811504,22.07196907337492,21.753950085898392,21.946949469854857,87934
2016-07-22,21.946949469854857,22.110768717456146,21.718540130449743,21.76223201151239,147686
2016-07-25,21.76223201151239,21.819447341359883,21.376759787185524,21.406315813708797,137895
2016-07-26,21.406315813708797,21.466136460202744,21.163677556557076,21.25594899692332,126044
2016-07-27,21.25594899692332,21.387982970418502,21.16439401933348,21.166606319698936,50000
2016-07-28,21.166606319698936,21.274500874120147,20.885463904985432,20.95530183705124,50000
2016-07-29,20.95530183705124,21.0054392307077,20.734547747915798,20.85606124820273,50000
2016-08-01,20.85606124820273,21.0301544420943,20.790117084886344,20.98176503599888,50000
2016-08-02,20.98176503599888,21.029813234392183,20.388656658960638,20.600794169663395,89432
2016-08-03,20.600794169663395,20.94224312229392,20.50977410529582,20.85754862662312,50000
2016-08-04,20.85754862662312,20.969819061257947,20.421673859167637,20.571867176185695,50000
2016-08-05,20.571867176185695,20.685935921323008,20.45902427153285,20.672345431520874,90483
2016-08-08,20.672345431520874,20.880885360919926,20.217426060483998,20.273866580210434,50000
2016-08-09,20.273866580210434,20.39068281359581,19.998066228873846,20.12697774685379,50000
2016-08-10,20.12697774685379,20.86092490836432,20.067073928644245,20.66135956559944,52774
2016-08-11,20.66135956559944,21.088627800689114,20.639531860870285,21.000228088704183,50000
2016-08-12,21.000228088704183,21.33210276145009,20.898421955952397,21.303496748515055,50000
2016-08-15,21.303496748515055,21.34469137204044,21.139280641838894,21.157040352234894,50000
2016-08-16,21.157040352234894,21.21615064037354,21.0116502382007,21.10161365348952,50000
2016-08-17,21.10161365348952,21.323476926211637,21.025194375205746,21.16635545151384,50000
2016-08-18,21.16635545151384,21.559542705350715,21.095833488973348,21.40168206697343,88263
2016-08-19,21.40168206697343,21.552614303857926,21.293543070244045,21.343715489895914,71225
2016-08-22,21.343715489895914,21.370952754744327,21.128689828745593,21.210553560291498,50000
2016-08-23,21.210553560291498,21.40471177648976,20.92169668681961,21.079268342052817,56278
2016-08-24,21.079268342052817,21.19461854191146,21.052448218241665,21.098690848759166,50000
2016-08-25,21.098690848759166,21.09998574626461,20.920925391034714,21.02789006223775,151725
2016-08-26,21.02789006223775,21.4877773874829,20.842181149849626,21.22883834999708,50000
2016-08-29,21.22883834999708,21.280913781172952,20.714708491862968,20.830916791038835,50000
2016-08-30,20.830916791038835,21.065014202651348,20.78370472783587,20.899699600811257,107721
2016-08-31,20.899699600811257,21.133919238341626,20.86992240711501,21.07519659042444,50000
2016-09-01,21.07519659042444,21.228460755390316,20.690394022326018,20.792392137219917,56913
2016-09-02,20.792392137219917,20.85093914581332,20.689827771799354,20.72486780733659,97865
2016-09-05,20.72486780733659,21.259770163295244,20.674701880340926,21.09069983254036,53919
2016-09-06,21.09069983254036,21.360434286165226,20.905926894729856,21.194332880209632,50000
2016-09-07,21.194332880209632,21.202917745750344,20.711232486807997,20.954383864029598,50000
2016-09-08,20.954383864029598,21.059709515318715,20.907110173201737,20.982035717712982,50000
2016-09-09,20.982035717712982,20.993967231290593,20.84035643792789,20.907660758521136,50000
2016-09-12,20.907660758521136,21.139570583004577,20.770710432917976,20.944886012096752,50000
2016-09-13,20.944886012096752,21.447405938651997,20.93158761716358,21.2311120649157,82239
2016-09-14,21.2311120649157,21.43565003583611,21.119166999603944,21.33427885247973,50000
2016-09-15,21.33427885247973,21.949265371435242,21.31113254237096,21.840145858173347,77379
2016-09-16,21.840145858173347,21.87381633802751,21.51866628995473,21.581463237138173,50000
2016-09-19,21.581463237138173,21.635757951377286,21.25132808759287,21.26336905615391,50000
2016-09-20,21.26336905615391,21.299512216821146,21.122812330953316,21.221064086129644,50000
2016-09-21,21.221064086129644,21.451879202806275,20.7456009536702,20.886580381821737,85052
2016-09-22,20.886580381821737,21.612457737296317,20.7915514961079,21.490179539658477,50000
2016-09-23,21.490179539658477,21.86357847151928,21.338121764270717,21.68290754846712,50000
2016-09-26,21.68290754846712,21.963744930148632,21.467821603232117,21.944600361368806,50000
2016-09-27,21.944600361368806,22.689625744342543,21.776680571608654,22.60646420949092,50000
2016-09-28,22.60646420949092,22.704194938022397,22.237978381319955,22.304122833268227,123634
2016-09-29,22.304122833268227,22.43368634774241,21.891756430382795,22.030031467466937,50000
2016-09-30,22.030031467466937,22.198092088052455,21.490852050929032,21.63917881127997,50000
2016-10-03,21.63917881127997,21.707962908157434,21.12469987158927,21.361408182481444,50000
2016-10-04,21.361408182481444,21.39834823389885,21.21900720068103,21.241233924222627,58783
2016-10-05,21.241233924222627,21.32482063697093,20.554628564717493,20.62905516101317,71017
2016-10-06,20.62905516101317,20.67345618042043,20.133864319421445,20.240519833570893,101242
2016-10-07,20.240519833570893,20.3593888695235,19.873768089976814,20.01554651688726,50000
2016-10-10,20.01554651688726,20.230381633620347,19.549391819960377,19.775362957378963,54637
2016-10-11,19.775362957378963,20.30817610222952,19.66854900117226,20.30551468033865,99634
2016-10-12,20.30551468033865,20.55141262084391,20.256255587412436,20.534586737206954,50000
2016-10-13,20.534586737206954,21.343326936765074,20.454887451993702,21.23828981794464,87659
2016-10-14,21.23828981794464,21.37866616055284,20.786017469681198,21.042582591691374,50000
2016-10-17,21.042582591691374,21.176522751013614,20.76762720799205,20.777138935132005,50000
2016-10-18,20.777138935132005,20.90710794309552,20.43941685580235,20.515182678981397,50000
2016-10-19,20.515182678981397,20.766265067679445,20.409350580989614,20.6775650455823,50000
2016-10-20,20.6775650455823,20.92965886162713,20.58902189512092,20.9053906518938,50000
2016-10-21,20.9053906518938,21.1428827875831,20.79869294498735,20.83311870559957,93351
2016-10-24,20.83311870559957,20.991147694794538,20.311858583024318,20.49314682778635,50000
2016-10-25,20.49314682778635,20.613567780612716,20.459103087995455,20.50734950244172,50000
2016-10-26,20.50734950244172,20.84568473139178,20.49538835934666,20.56687753411036,60431
2016-10-27,20.56687753411036,20.962748644736813,20.529472484669913,20.888951535531373,50000
2016-10-28,20.888951535531373,21.193464104198075,20.81501945535538,21.167496465947107,81783
2016-10-31,21.167496465947107,21.375003945772516,21.004217459296967,21.370383689957432,50000
2016-11-01,21.370383689957432,21.440387670811806,20.33646008303824,20.43441510732839,83261
2016-11-02,20.43441510732839,20.443365586495794,20.22480865573149,20.34338111688164,50000
2016-11-03,20.34338111688164,20.44786312819332,20.10970273066018,20.18817368529993,50261
2016-11-04,20.18817368529993,20.51405569287715,20.086796021070974,20.506812978920195,50000
2016-11-07,20.506812978920195,20.996516312159326,20.28437928785825,20.968363989777057,55177
2016-11-08,20.968363989777057,21.121751436225562,20.509950532507798,20.68980540503982,50000
2016-11-09,20.68980540503982,21.0114229410965,20.561536211755623,20.866867668423183,50000
2016-11-10,20.866867668423183,20.969392452582625,20.756108865078215,20.944511609549252,50000
2016-11-11,20.944511609549252,21.012500609722736,20.633977200296215,20.642821730441277,50000
2016-11-14,20.642821730441277,20.729297215364912,20.33134363840884,20.43249065807231,50000
2016-11-15,20.43249065807231,20.53491957092326,20.38032158357374,20.465947039082952,50000
2016-11-16,20.465947039082952,20.726496289362682,20.429925870015914,20.636958580010635,50000
2016-11-17,20.636958580010635,20.712318103117497,20.228763763307366,20.365874341055736,92846
2016-11-18,20.365874341055736,20.373521189438215,20.233443171530833,20.339413484271834,50000
2016-11-21,20.339413484271834,20.418595630709603,20.140948012459102,20.149607626156605,104441
2016-11-22,20.149607626156605,20.548850002007228,20.11010800138059,20.50723323670753,133288
2016-11-23,20.50723323670753,20.620247438183714,20.431072738608254,20.456371603572354,50000
2016-11-24,20.456371603572354,20.47313631753873,20.034055395899742,20.21606075021778,50000
2016-11-25,20.21606075021778,20.51724952086774,19.875422407514872,20.012312604945013,50000
2016-11-28,20.012312604945013,20.071252103219514,19.90175909111636,20.055987923134907,50000
2016-11-29,20.055987923134907,20.06854073188995,19.97328272742335,20.01116864411703,141141
2016-11-30,20.01116864411703,20.153580909989028,20.010245817777875,20.14352248518271,50000
2016-12-01,20.14352248518271,20.24787165643748,20.11808170963302,20.212878894280713,50000
2016-12-02,20.212878894280713,20.237450945078223,19.646632596748073,19.77741077122824,50000
2016-12-05,19.77741077122824,19.79945907211979,19.7215722539775,19.72371520062872,75436
2016-12-06,19.72371520062872,19.7459709131448,19.66251325296268,19.735378023103205,67076
2016-12-07,19.735378023103205,19.821573118940396,19.300864603994462,19.492140710305282,50000
2016-12-08,19.492140710305282,19.79306039209776,19.320871348997645,19.767624372882093,307181
2016-12-09,19.767624372882093,19.78606298108953,19.063517964389582,19.20334517428573,50000
2016-12-12,19.20334517428573,19.23299454993937,18.31834445149386,18.554538332527805,50000
2016-12-13,18.554538332527805,18.598170788146795,18.500424848389915,18.533649875809783,50000
2016-12-14,18.533649875809783,18.612013662522667,18.41310192951711,18.445624631790366,50000
2016-12-15,18.445624631790366,18.505359983361295,18.17848707169625,18.502855251814424,102487
2016-12-16,18.502855251814424,18.544610105570268,17.938909864573798,18.100820295716293,50000
2016-12-19,18.100820295716293,18.10245063751603,17.940961693341805,17.98992791902417,50000
2016-12-20,17.98992791902417,18.057807416501614,17.95698243918154,18.057548126263935,77016
2016-12-21,18.057548126263935,18.15459905139294,17.958812872351988,18.151838946064025,50000
2016-12-22,18.151838946064025,18.209252237594203,17.76262619738816,17.834320330777366,93104
2016-12-23,17.834320330777366,17.976330396651154,17.398704581386507,17.49647151866582,50000
2016-12-26,17.49647151866582,17.647469614043384,17.271719877216626,17.62849462221124,50000
2016-12-27,17.62849462221124,18.337552978429237,17.571872546729573,18.126437258073643,74568
2016-12-28,18.126437258073643,18.149068805463042,17.949634664772287,18.091819837695375,50000
2016-12-29,18.091819837695375,18.14052594295217,17.614854438942572,17.690918975945202,90099
2016-12-30,17.690918975945202,18.11277539445006,17.658374831219955,17.902113745192597,79678
2017-01-02,17.902113745192597,18.290913028046162,17.815508474625208,18.116360348797603,50000
2017-01-03,18.116360348797603,18.582314163341877,18.060678676841736,18.580604920459848,54306
2017-01-04,18.580604920459848,18.582432937934747,18.251309944422594,18.406177519015035,50000
2017-01-05,18.406177519015035,18.561014474507072,18.11909673252448,18.516549128140767,50000
2017-01-06,18.516549128140767,18.674010455945183,18.43068693672159,18.552765755830784,65103
2017-01-09,18.552765755830784,18.661831510266698,18.19933352974984,18.44584671240353,50000
2017-01-10,18.44584671240353,18.549836768506463,18.01104243501196,18.053902653321725,50000
2017-01-11,18.053902653321725,18.506671346558473,17.991095687996445,18.488953315626386,50000
2017-01-12,18.488953315626386,18.498090877488416,18.29497777061261,18.394189707303298,50000
2017-01-13,18.394189707303298,18.47407533064287,17.94649965917903,18.074379638433395,50000
2017-01-16,18.074379638433395,18.171261729692134,17.7667189094362,18.139007602429537,50000
2017-01-17,18.139007602429537,18.43359925556273,18.039554261339994,18.403903804266086,50000
2017-01-18,18.403903804266086,18.604139397626263,18.39313983987683,18.55239520107665,91794
2017-01-19,18.55239520107665,18.658983101458176,18.097281375663815,18.213030327497027,50000
2017-01-20,18.213030327497027,18.468806095863528,18.11652275481534,18.333375084420773,69822
2017-01-23,18.333375084420773,18.384072290484696,18.072998488788805,18.13146596659352,88068
2017-01-24,18.13146596659352,18.599428543068786,18.071435194531414,18.49012221709083,50000
2017-01-25,18.49012221709083,18.703428331885007,18.1987117182636,18.23720248900012,50000
2017-01-26,18.23720248900012,18.32433001704713,17.62779040366462,17.728918047029815,50000
2017-01-27,17.728918047029815,17.77283593304096,17.28680084073489,17.387317256505035,56860
2017-01-30,17.387317256505035,17.823586739302314,17.22148017761724,17.793557202219148,52269
2017-01-31,17.793557202219148,17.925114812300215,17.297043387967992,17.46806786814741,107130
2017-02-01,17.46806786814741,17.838387583893144,17.4448687340858,17.7353651234343,170379
2017-02-02,17.7353651234343,18.029227300852945,17.731467744837374,17.981931253644365,57019
2017-02-03,17.981931253644365,18.13034182979159,17.855099844194175,17.882469924236002,50000
2017-02-06,17.882469924236002,17.942346673617873,17.871712527314287,17.90222075330238,50000
2017-02-07,17.90222075330238,17.979946498015654,17.453848850216914,17.53408007518825,68611
2017-02-08,17.53408007518825,17.75841747689814,17.425056808947286,17.621919369324818,50000
2017-02-09,17.621919369324818,17.8125439795969,17.611905479216755,17.77766610647764,161608
2017-02-10,17.77766610647764,17.906036008750316,17.731873485599284,17.784803287165744,65864
2017-02-13,17.784803287165744,17.863879470435872,17.69305181209031,17.809169542452306,116721
2017-02-14,17.809169542452306,18.20457749953381,17.661869370168596,18.160813703848714,59334
2017-02-15,18.160813703848714,18.273866642053413,17.98579961548329,18.25973945479846,50000
2017-02-16,18.25973945479846,18.272426995697987,17.992163809242953,18.007023080006043,50000
2017-02-17,18.007023080006043,18.50630135476385,17.813792021148224,18.379789019291476,72974
2017-02-20,18.379789019291476,18.51920067842702,17.794381077572293,17.949342464550746,87606
2017-02-21,17.949342464550746,18.427437244106603,17.923550490698947,18.39601911948188,50000
2017-02-22,18.39601911948188,18.79146032536497,18.095296591209703,18.75509958322246,163174
2017-02-23,18.75509958322246,19.133314522281335,18.669488319984893,19.04924686369321,63294
2017-02-24,19.04924686369321,19.096143552649934,18.871300040812784,18.888785805699968,50000
2017-02-27,18.888785805699968,19.161659062489303,18.872690181620722,18.971362047676926,78313
2017-02-28,18.971362047676926,19.338278615291927,18.905318465455434,19.322209376162686,50000
2017-03-01,19.322209376162686,19.36100384167684,19.219277161386188,19.276797659298097,50000
2017-03-02,19.276797659298097,19.39837195471842,18.89325786751348,18.966346313412238,50000
2017-03-03,18.966346313412238,19.453352530454428,18.742194864896504,19.329268503959764,87652
2017-03-06,19.329268503959764,19.5760742682379,18.8834817102043,18.980220981153384,50000
2017-03-07,18.980220981153384,19.18308952307282,18.964418897892973,19.173832325295187,50000
2017-03-08,19.173832325295187,19.315839899614115,18.97750726307258,19.12523560346293,50000
2017-03-09,19.12523560346293,19.214672037094267,18.567876155281134,18.619245364983918,50000
2017-03-10,18.619245364983918,18.85412307033669,17.630800108830126,17.745560095445992,72736
2017-03-13,17.745560095445992,18.12577361457662,17.702295020795134,18.09358790979683,50000
2017-03-14,18.09358790979683,18.765890867429206,17.891885870993995,18.6620977211051,97823
2017-03-15,18.6620977211051,19.13483835896205,18.57443028357662,18.9965751065274,50000
2017-03-16,18.9965751065274,19.003903628072,18.39156631499314,18.602719576309642,58408
2017-03-17,18.602719576309642,18.629959000153928,18.322578749689484,18.341564045575087,63856
2017-03-20,18.341564045575087,18.813672692180923,18.337198442245406,18.704482529020027,50000
2017-03-21,18.704482529020027,18.78633002789445,18.414024919858196,18.498640356914542,50000
2017-03-22,18.498640356914542,18.653686892924817,18.41104635987139,18.63921876013542,50000
2017-03-23,18.63921876013542,18.650188326210003,18.22222367764859,18.282000130461455,50000
2017-03-24,18.282000130461455,18.41536666345396,18.20818027023562,18.41065001706078,75546
2017-03-27,18.41065001706078,18.42003451078647,17.736602741568046,17.817165559324703,65560
2017-03-28,17.817165559324703,17.872357851994966,17.59866931442856,17.65992552533552,50000
2017-03-29,17.65992552533552,17.718730252596092,17.387163769380894,17.50630853426068,50000
2017-03-30,17.50630853426068,17.602831628830035,17.422890603674396,17.58717624017821,57413
2017-03-31,17.58717624017821,17.991348401424133,17.508320892589527,17.84987274428585,50000
2017-04-03,17.84987274428585,17.862765854756358,17.600475195721216,17.630159155912327,161860
2017-04-04,17.630159155912327,17.72278685196186,17.360832213299894,17.421082930042445,50000
2017-04-05,17.421082930042445,17.59698605408883,16.764682557952323,16.877748997401365,50000
2017-04-06,16.877748997401365,17.14915570830954,16.85218963702553,17.124135833701146,50000
2017-04-07,17.124135833701146,17.171328150544802,16.662991865421564,16.720441958028793,50000
2017-04-10,16.720441958028793,16.726316168368783,16.32992214300952,16.39939239350239,50000
2017-04-11,16.39939239350239,16.725939102535154,16.33642617826556,16.603127378349882,50000
2017-04-12,16.603127378349882,16.736734974517482,16.51184616048244,16.657209537160572,50000
2017-04-13,16.657209537160572,16.700711666894996,16.52985307969004,16.541501050106334,50000
2017-04-14,16.541501050106334,16.54941266799347,16.373176869017747,16.478043302542716,172037
2017-04-17,16.478043302542716,16.856865272509545,16.411278892964656,16.737936036397446,50000
2017-04-18,16.737936036397446,17.19675497468766,16.688725697045545,17.13122131455544,50000
2017-04-19,17.13122131455544,17.35414554700531,17.09542905829869,17.261749692579215,50000
2017-04-20,17.261749692579215,17.592681342319743,17.181802258402076,17.557865355771924,50000
2017-04-21,17.557865355771924,17.704898606059984,16.95544583638312,16.996221437298843,163432
2017-04-24,16.996221437298843,17.031613835519305,16.457824762489253,16.707601701992996,50000
2017-04-25,16.707601701992996,16.80922702482216,16.64460709635411,16.696723637568674,50000
2017-04-26,16.696723637568674,17.068027616618966,16.66425659812726,16.980537686792477,50000
2017-04-27,16.980537686792477,16.99968531091947,16.957436433835834,16.99960150000512,85582
2017-04-28,16.99960150000512,17.15572771671537,16.87211746974456,16.94261199441303,50000
2017-05-01,16.94261199441303,17.128387926516545,16.81726307370172,16.98680250299427,50000
2017-05-02,16.98680250299427,17.057025191038182,16.89264670755129,17.02064536489671,50000
2017-05-03,17.02064536489671,17.044944248678433,15.904400632898588,15.904511585605304,50000
2017-05-04,15.904511585605304,16.174480950299852,15.841124093024911,16.0980282769611,50000
2017-05-05,16.0980282769611,16.362417729383797,14.788778318314852,15.01697749046846,69657
2017-05-08,15.01697749046846,15.073741211039438,14.765886101795003,14.768369584077526,50000
2017-05-09,14.768369584077526,15.320345467582108,14.733652939737254,15.280243814534103,50000
2017-05-10,15.280243814534103,15.301020163748541,15.026943939171822,15.070497242240702,50000
2017-05-11,15.070497242240702,15.099486065820713,14.897818314304416,14.902117648729504,50000
2017-05-12,14.902117648729504,14.989611962494228,14.087104366922361,14.14011983496216,50000
2017-05-15,14.14011983496216,14.392903515184434,14.084113721213718,14.37053209044998,50000
2017-05-16,14.37053209044998,14.508881429612762,13.489251116048893,13.579032986683854,50000
2017-05-17,13.579032986683854,14.074145850665325,13.563230138142709,13.989488962833999,50000
2017-05-18,13.989488962833999,14.012163869190202,13.626928955840903,13.726924394346934,50000
2017-05-19,13.726924394346934,13.755385989251566,13.437476136952068,13.54094142531182,50000
2017-05-22,13.54094142531182,13.603875029050068,13.522782784988614,13.58214424491975,50000
2017-05-23,13.58214424491975,13.759076243168483,13.07098709908505,13.151673317316469,50000
2017-05-24,13.151673317316469,13.436957128097564,13.10323009852472,13.316901392846015,50000
2017-05-25,13.316901392846015,13.704992100873797,13.18317058089008,13.671552332861596,50000
2017-05-26,13.671552332861596,13.69783871418843,13.059519199785932,13.115065631632318,50000
2017-05-29,13.115065631632318,13.184559808295921,12.914790979307163,12.980683597428742,68501
2017-05-30,12.980683597428742,13.060236505828554,12.807662689091629,12.813536413909759,50000
2017-05-31,12.813536413909759,13.504758158707975,12.679393909817986,13.300946269058151,50000
2017-06-01,13.300946269058151,13.40128326526512,12.856696793069004,13.106167567778597,50000
2017-06-02,13.106167567778597,13.614587826976901,13.088945143850285,13.580900187121504,50000
2017-06-05,13.580900187121504,13.824108427136546,13.4982745401807,13.709327058023147,74795
2017-06-06,13.709327058023147,13.887633373611589,13.215635770377576,13.32152920840107,81061
2017-06-07,13.32152920840107,13.34675838670128,13.105208334084827,13.173386447091987,50000
2017-06-08,13.173386447091987,13.204031710683855,12.828783248176924,12.85943088457506,50000
2017-06-09,12.85943088457506,12.957416828642033,12.451659162768232,12.525518928337393,50000
2017-06-12,12.525518928337393,12.678219473606083,12.456005412075015,12.675325025344451,50000
2017-06-13,12.675325025344451,12.68939062601452,12.375813453773805,12.380327302342446,50000
2017-06-14,12.380327302342446,12.517379268179177,11.077750161145442,11.175314918298152,50000
2017-06-15,11.175314918298152,11.194145836445204,10.82741187085063,10.834082815103205,50000
2017-06-16,10.834082815103205,10.91805171682348,10.084442422281723,10.152107328728842,50000
2017-06-19,10.152107328728842,10.284709970454607,9.968546539452992,10.012536701732166,68108
2017-06-20,10.012536701732166,10.107776574872249,9.798333149840223,9.799837889282763,50000
2017-06-21,9.799837889282763,9.892955992652931,9.786292967372598,9.799557108123512,66113
2017-06-22,9.799557108123512,10.403533943715228,9.733800571343233,10.359781850948188,74141
2017-06-23,10.359781850948188,10.714826953194386,10.308260144224604,10.611746563921825,50000
2017-06-26,10.611746563921825,10.61728032003726,10.522325172092836,10.560205169192582,50000
2017-06-27,10.560205169192582,10.60947934830428,10.159269999647428,10.163052732186422,50000
2017-06-28,10.163052732186422,10.27309986232307,10.088864447347259,10.243914072261127,50000
2017-06-29,10.243914072261127,10.252373040965736,10.117079844238047,10.188477269702126,50000
2017-06-30,10.188477269702126,10.241515247440514,9.923272134504948,9.971149273450541,50000
2017-07-03,9.971149273450541,10.436409357412098,9.959445924097976,10.411623061246162,50000
2017-07-04,10.411623061246162,10.414121524033142,10.293346754775099,10.298927157001401,50000
2017-07-05,10.298927157001401,10.443465011744362,10.251782332475658,10.3205315989293,56113
2017-07-06,10.3205315989293,10.374830633612502,10.01627315199749,10.041809655876214,50000
2017-07-07,10.041809655876214,10.124026049998017,9.666634369997462,9.672974033672405,63307
2017-07-10,9.672974033672405,9.67555983265843,9.523503518833193,9.528469137406601,55425
2017-07-11,9.528469137406601,9.571151028030801,9.290397790383254,9.323425149981137,50000
2017-07-12,9.323425149981137,9.406611955019375,9.218123173235075,9.372784495112985,63003
2017-07-13,9.372784495112985,9.405771917128659,8.97450513547586,9.020296241745783,50000
2017-07-14,9.020296241745783,9.037145181754203,8.607131142852982,8.61492012140778,54652
2017-07-17,8.61492012140778,8.828356995615367,8.589312407769556,8.818007499064846,56218
2017-07-18,8.818007499064846,8.872551851572458,8.363596729917635,8.422135290341014,83399
2017-07-19,8.422135290341014,8.521903948144784,8.12547088573432,8.17498971948951,68395
2017-07-20,8.17498971948951,8.215618745353991,7.995195842600902,8.010243213988911,88364
2017-07-21,8.010243213988911,8.043494739271784,7.686575834439098,7.751400817466292,99667
2017-07-24,7.751400817466292,7.959823612266206,7.704531332406218,7.934256318538676,50000
2017-07-25,7.934256318538676,7.9377316558812705,7.844364875682506,7.861146621931755,50000
2017-07-26,7.861146621931755,7.939847803391411,7.852731791623998,7.927784433395235,50000
2017-07-27,7.927784433395235,7.972594509665394,7.248289295471114,7.294373602237301,50000
2017-07-28,7.294373602237301,7.357400809202499,7.188046953079529,7.194043170516778,50000
2017-07-31,7.194043170516778,7.2018546217302335,6.548981621152084,6.608724583651442,93724
2017-08-01,6.608724583651442,6.718404023166802,6.57514340045298,6.672361454980298,50000
2017-08-02,6.672361454980298,7.027999050676946,6.663564984158301,6.990828786944727,50000
2017-08-03,6.990828786944727,7.006068444418299,6.905093048807576,6.94462783788317,50000
2017-08-04,6.94462783788317,7.243407182424632,6.922171627849135,7.177066748884185,50000
2017-08-07,7.177066748884185,7.365756095095684,7.158418114885943,7.363093802044695,50000
2017-08-08,7.363093802044695,7.632913602736806,7.301135524806194,7.554343541759895,50000
2017-08-09,7.554343541759895,7.693573610790681,7.519011756738649,7.644740746008838,66783
2017-08-10,7.644740746008838,7.695238536041668,7.333583053503447,7.368100765132055,50000
2017-08-11,7.368100765132055,7.458767755842647,7.104951632147403,7.193131477741221,50000
2017-08-14,7.193131477741221,7.212811760464532,7.162337158219101,7.178853186859943,50000
2017-08-15,7.178853186859943,7.219742571670731,6.841731736318018,6.8418784367174865,50000
2017-08-16,6.8418784367174865,6.843565058935158,6.6212663739967885,6.688415970094608,51967
2017-08-17,6.688415970094608,6.747989146627845,6.202877051928778,6.251850706350569,50000
2017-08-18,6.251850706350569,6.32488542492929,6.187914602405166,6.310945776286247,50000
2017-08-21,6.310945776286247,6.557756821327571,6.261028443308977,6.492512177116302,50000
2017-08-22,6.492512177116302,6.717436873645055,6.471603158338797,6.700048388762682,50000
2017-08-23,6.700048388762682,7.077855018104742,6.670064049203961,7.067232490464774,69269
2017-08-24,7.067232490464774,7.119511140086432,6.851945319284475,6.8550272063993685,138143
2017-08-25,6.8550272063993685,6.886441249168523,6.474986087530266,6.492906218566446,50000
2017-08-28,6.492906218566446,6.737916876678091,6.4652048630303085,6.649925869486813,50000
2017-08-29,6.649925869486813,6.925967415025172,6.601762639095444,6.920612996050438,122553
2017-08-30,6.920612996050438,6.949493091269536,6.812083468315601,6.826540919973824,50000
2017-08-31,6.826540919973824,7.67861810485688,6.803136371642341,7.644132556734599,91700
2017-09-01,7.644132556734599,7.974125822649384,7.60076508336788,7.967988059528477,67904
2017-09-04,7.967988059528477,8.149510040092734,7.95588767749347,8.126804970814499,50000
2017-09-05,8.126804970814499,8.705223065440745,8.105654667976761,8.666525767106828,50000
2017-09-06,8.666525767106828,8.725012998642597,8.365130690613729,8.40020059170725,50000
2017-09-07,8.40020059170725,8.442448197477976,7.907818819693958,7.934166530403794,116464
2017-09-08,7.934166530403794,7.972483368038221,7.851252844091892,7.883335347198971,114750
2017-09-11,7.883335347198971,7.989646268311971,7.860097483339815,7.9865475398718235,90837
2017-09-12,7.9865475398718235,7.9999261313469825,7.498693029202972,7.52183977873198,51853
2017-09-13,7.52183977873198,8.025665378088805,7.498532654808768,7.988938933350716,50000
2017-09-14,7.988938933350716,8.018387017937343,7.838149644700444,7.936317717257967,63061
2017-09-15,7.936317717257967,7.95984761882075,7.456321874858729,7.477041197167491,50000
2017-09-18,7.477041197167491,7.993913902030116,7.454429067447586,7.926542465816587,50000
2017-09-19,7.926542465816587,8.233052504522176,7.9226991844235135,8.208549299282137,50000
2017-09-20,8.208549299282137,8.378217836082513,8.039940056652394,8.343743817778927,88724
2017-09-21,8.343743817778927,8.938190481755724,8.319706024679265,8.870972523237025,50000
2017-09-22,8.870972523237025,8.90944587451041,8.867885846236012,8.87493612351473,50000
2017-09-25,8.87493612351473,8.90570033928161,8.747426898958311,8.775518008071405,59525
2017-09-26,8.775518008071405,8.804549307961183,8.497169827985898,8.551290288073849,50000
2017-09-27,8.551290288073849,8.567669432323584,8.462552911057987,8.462610807833398,66676
2017-09-28,8.462610807833398,8.467559217401138,8.254114900890954,8.28574550288504,57041
2017-09-29,8.28574550288504,8.472202411189102,8.199210131153126,8.456833066386874,50000
2017-10-02,8.456833066386874,8.460687967828157,7.9643012851361705,8.073690112353376,50000
2017-10-03,8.073690112353376,8.12556246697924,8.02920566263177,8.099821813873888,50000
2017-10-04,8.099821813873888,8.276363525646449,8.033066643308654,8.237745001745655,50000
2017-10-05,8.237745001745655,8.308767355446593,7.478693887620432,7.494657594283144,68286
2017-10-06,7.494657594283144,7.513694841052615,7.148683465986738,7.155524511018458,86599
2017-10-09,7.155524511018458,7.341659232874576,7.138499271741362,7.318032629982032,50000
2017-10-10,7.318032629982032,7.32971369239072,6.3670740183648915,6.404251864604426,155527
2017-10-11,6.404251864604426,6.41572486947937,6.264207381391361,6.302909444742775,50000
2017-10-12,6.302909444742775,6.465185211375459,6.301733766718433,6.395050037354229,50000
2017-10-13,6.395050037354229,6.98441878069775,6.388074353260395,6.96577514941026,50000
2017-10-16,6.96577514941026,6.96815717911773,6.736309970170306,6.755678552992788,50000
2017-10-17,6.755678552992788,7.030067945017798,6.727583507062927,6.99373499481573,50000
2017-10-18,6.99373499481573,7.223734145242864,6.954244505266835,7.222362292863953,50000
2017-10-19,7.222362292863953,7.2802250257070815,7.147730837649646,7.235483700680548,50000
2017-10-20,7.235483700680548,7.553893133559251,7.234012619558442,7.483378364566841,50000
2017-10-23,7.483378364566841,7.61090425223475,7.469959755508853,7.607219440451112,53838
2017-10-24,7.607219440451112,8.125394818535753,7.576838261677304,8.09717978440723,50000
2017-10-25,8.09717978440723,8.136884109387559,7.866495020492402,7.88759895665411,79452
2017-10-26,7.88759895665411,8.179890676381644,7.841506745550379,8.173758040285962,50000
2017-10-27,8.173758040285962,8.40769678727206,8.17112330135844,8.37773278405628,50000
2017-10-30,8.37773278405628,8.388654570491076,8.20830932584179,8.231352598778688,50000
2017-10-31,8.231352598778688,9.050238916207897,8.216624628570889,8.926574029090485,50000
2017-11-01,8.926574029090485,8.974691978954539,8.856778548667732,8.951353082212027,64021
2017-11-02,8.951353082212027,9.038167083001493,8.266963291219417,8.36579887962625,50000
2017-11-03,8.36579887962625,8.541090159247988,8.292248949062635,8.424769038038562,50000
2017-11-06,8.424769038038562,8.514236613968611,8.407565665789793,8.474172866255973,79034
2017-11-07,8.474172866255973,8.980066735725979,8.420459750613903,8.95696988874562,66472
2017-11-08,8.95696988874562,9.07561457165901,8.850237858001131,9.074843908346258,50000
2017-11-09,9.074843908346258,9.101886832398646,8.825363245558272,8.853583876520888,50000
2017-11-10,8.853583876520888,9.386017735768476,8.81959299071464,9.335942781132847,50000
2017-11-13,9.335942781132847,9.571824528194739,9.270434313706032,9.522941166964763,84418
2017-11-14,9.522941166964763,10.286189608177535,9.499995351336413,10.224967539461874,50000
2017-11-15,10.224967539461874,10.87564091087593,10.189197390711513,10.808159434032719,50000
2017-11-16,10.808159434032719,10.840778600862262,10.596179676581306,10.64060938011695,55233
2017-11-17,10.64060938011695,11.301395775506311,10.545828415194308,11.199314036536036,50000
2017-11-20,11.199314036536036,11.254496603613816,10.64800498418125,10.679835547577044,50000
2017-11-21,10.679835547577044,10.744703257306,10.461446989694656,10.466465320245756,50000
2017-11-22,10.466465320245756,10.583591807358848,10.305946704910145,10.535780102743082,50000
2017-11-23,10.535780102743082,10.571164674830383,10.112562155343188,10.229585652395775,50000
2017-11-24,10.229585652395775,10.256018509786134,9.403875991606226,9.449462377339916,50000
2017-11-27,9.449462377339916,10.179053021687205,9.434663592695342,10.143821370107698,50000
2017-11-28,10.143821370107698,10.7066937259201,10.106153241079397,10.677228958594817,57231
2017-11-29,10.677228958594817,11.271202116430814,10.595046387689898,11.15785328833699,50000
2017-11-30,11.15785328833699,11.283277343575175,11.15309152226775,11.219347326933725,50000
2017-12-01,11.219347326933725,11.251633780901777,11.059446916308376,11.14477085414084,50000
2017-12-04,11.14477085414084,11.21724821821532,10.939335952521382,10.945319950894316,50000
2017-12-05,10.945319950894316,11.094973232679349,10.944801350121061,11.093765693702114,50000
2017-12-06,11.093765693702114,11.289325069644383,10.985313619620786,11.219877778099281,50000
2017-12-07,11.219877778099281,11.244841845624887,10.96081149381148,10.98265817896549,50000
2017-12-08,10.98265817896549,11.032542693813,10.962792603132636,10.968802704919797,50000
2017-12-11,10.968802704919797,10.981581583722033,10.293807385938495,10.334614845319704,50000
2017-12-12,10.334614845319704,10.433171497553506,10.006572554757462,10.025318727773884,50000
2017-12-13,10.025318727773884,10.19411973317414,9.962923110679094,10.166151877984785,50000
2017-12-14,10.166151877984785,10.216303527413755,9.982377521026235,9.98520878293858,138618
2017-12-15,9.98520878293858,10.112767668464421,9.464143781433934,9.478486594543094,50000
2017-12-18,9.478486594543094,9.796530496229337,9.463306215810233,9.75536497510508,59302
2017-12-19,9.75536497510508,9.819509996897828,9.571927505255971,9.573389308653184,50000
2017-12-20,9.573389308653184,9.606878847855414,9.068443693897162,9.140129961939904,50000
2017-12-21,9.140129961939904,9.181729312344443,8.878562322209756,8.918024552714694,50000
2017-12-22,8.918024552714694,8.998972863155812,8.917608736064775,8.98820839544126,50000
2017-12-25,8.98820839544126,9.216217058792326,8.981463188584206,9.211008143474366,50000
2017-12-26,9.211008143474366,9.23911986171835,8.930668934767843,8.933715871932785,50000
2017-12-27,8.933715871932785,9.182933690785864,8.879375891407179,9.167900262984864,50000
2017-12-28,9.167900262984864,9.878509468557537,9.141199798070945,9.857338747242542,50000
2017-12-29,9.857338747242542,10.014203785667304,9.783689237193752,9.920492756553587,50000
2018-01-01,9.920492756553587,9.935899094549216,9.83875968508833,9.883511461810256,82555
2018-01-02,9.883511461810256,9.943233645636823,9.699995865996408,9.744374365731817,50000
2018-01-03,9.744374365731817,9.833291608780225,9.711619611691896,9.80179540202976,50000
2018-01-04,9.80179540202976,10.331201816639227,9.705970726239435,10.279002196665315,50000
2018-01-05,10.279002196665315,10.336756691779742,10.19881171969833,10.25903328177421,50000
2018-01-08,10.25903328177421,10.480831732241148,10.220454546298669,10.453730914718616,50000
2018-01-09,10.453730914718616,10.824515340131873,10.38953775359728,10.725831148270208,77184
2018-01-10,10.725831148270208,10.825211110660428,10.640762093113027,10.718336457482724,50000
2018-01-11,10.718336457482724,10.867755395558582,10.672631533059631,10.781079277633173,50000
2018-01-12,10.781079277633173,10.830772205642473,10.71645173648782,10.813075384536202,50000
2018-01-15,10.813075384536202,11.477150571222442,10.691408791100466,11.437264478713633,50000
2018-01-16,11.437264478713633,11.517036296891794,10.89276462425049,10.916077241976765,89765
2018-01-17,10.916077241976765,10.958154926040402,10.639236150925496,10.671488780081756,50000
2018-01-18,10.671488780081756,11.22040223082898,10.640879849866558,11.126819964900239,50000
2018-01-19,11.126819964900239,11.19993250321368,10.85296820316674,10.909780072683214,50000
2018-01-22,10.909780072683214,10.989162690985745,10.571882204659051,10.607984661457829,50000
2018-01-23,10.607984661457829,10.696082052125147,10.394235850431542,10.394704543424762,52848
2018-01-24,10.394704543424762,10.451303662887161,10.278705051224355,10.40987328664771,50000
2018-01-25,10.40987328664771,10.426945900802721,10.22840077338737,10.307893508132919,124631
2018-01-26,10.307893508132919,10.374801364021,10.282406699845067,10.370297337332563,50000
2018-01-29,10.370297337332563,10.754389314857185,10.367331588688856,10.731674566462134,50000
2018-01-30,10.731674566462134,10.832397673056857,10.649236278501853,10.776488948636565,91099
2018-01-31,10.776488948636565,10.905499882167549,10.195526525838302,10.200766855012185,50000
2018-02-01,10.200766855012185,10.44440915601846,10.176199141070455,10.41127289332855,50000
2018-02-02,10.41127289332855,11.294037336609547,10.330668308574339,11.153043973718868,50000
2018-02-05,11.153043973718868,11.276202832590416,11.053436638315194,11.275249574769324,50000
2018-02-06,11.275249574769324,11.708377371542234,11.249701817798242,11.66258699418328,50000
2018-02-07,11.66258699418328,11.685715254990978,11.334826499413895,11.370275195978916,50000
2018-02-08,11.370275195978916,11.566209967643527,11.370261039033299,11.530697896454857,50000
2018-02-09,11.530697896454857,11.562433235352675,11.462724670134739,11.51948262870277,50000
2018-02-12,11.51948262870277,11.715583996597335,11.401063428011401,11.582999642090504,50000
2018-02-13,11.582999642090504,12.07133156687312,11.582199684086728,12.006145580581077,50000
2018-02-14,12.006145580581077,12.028550898243168,11.719762852962,11.826034616437106,50000
2018-02-15,11.826034616437106,12.002990549362872,11.698732563011504,11.92196153133115,65595
2018-02-16,11.92196153133115,12.156775696016767,11.84402401639231,11.957317750417861,64309
2018-02-19,11.957317750417861,12.062478291660454,11.880330179828457,11.988519832811253,50000
2018-02-20,11.988519832811253,12.00788617698136,11.78824972303553,11.865919611029875,59528
2018-02-21,11.865919611029875,11.952736153803318,11.754169322195693,11.884208589438499,56685
2018-02-22,11.884208589438499,11.94462361916281,11.81346956056207,11.824631479715574,50000
2018-02-23,11.824631479715574,12.153998737685237,11.75516350743995,12.127877208524247,79095
2018-02-26,12.127877208524247,12.902049442936262,12.100412214852536,12.768004994956648,50000
2018-02-27,12.768004994956648,12.83875600696731,12.685752987097704,12.80448499344479,50000
2018-02-28,12.80448499344479,12.845560687037942,12.744072865350896,12.788837950841504,50000
2018-03-01,12.788837950841504,13.075820311420776,12.731358329054224,12.910584563698382,50000
2018-03-02,12.910584563698382,12.972601776597946,12.707981377938422,12.801661040465689,50000
2018-03-05,12.801661040465689,13.75848158576927,12.697999799316026,13.67678364275927,123963
2018-03-06,13.67678364275927,13.715191507769012,13.449369290153703,13.463856756957064,50000
2018-03-07,13.463856756957064,13.550682528661849,13.378593752621043,13.501438826795884,50000
2018-03-08,13.501438826795884,13.502877382942538,13.333135920511415,13.386368558603243,78337
2018-03-09,13.386368558603243,13.39344917646637,13.053955951167739,13.10342866750005,55495
2018-03-12,13.10342866750005,13.226516136169089,13.045262225678465,13.101799746501007,62355
2018-03-13,13.101799746501007,13.107984483693373,13.001108337733697,13.00386253705866,55459
2018-03-14,13.00386253705866,13.209297433329189,12.923716149289753,13.204870957954734,50000
2018-03-15,13.204870957954734,13.933642862414876,13.176463729495831,13.894640283875345,50000
2018-03-16,13.894640283875345,13.905627610813257,13.578856040533342,13.618737626679167,50000
2018-03-19,13.618737626679167,13.648038468261511,13.554407408171109,13.558608315526897,50000
2018-03-20,13.558608315526897,14.832996210981113,13.518077363391615,14.551168987811556,50000
2018-03-21,14.551168987811556,14.698421924926512,14.414931295106346,14.673499654361883,50000
2018-03-22,14.673499654361883,14.732185823354248,13.97405813013465,14.078004426540373,50000
2018-03-23,14.078004426540373,14.160664425304146,13.838586938245847,14.132420096500717,165110
2018-03-26,14.132420096500717,14.260877679650669,13.923628889958412,13.976611193611046,50000
2018-03-27,13.976611193611046,14.176678710167486,13.88254907161189,14.108805793712158,69342
2018-03-28,14.108805793712158,14.187579260525533,13.536587468259167,13.627921163746596,92564
2018-03-29,13.627921163746596,13.675738747252732,13.493145923412179,13.656386909805455,50000
2018-03-30,13.656386909805455,13.688796872475528,13.52281098846993,13.606104816860489,50000
2018-04-02,13.606104816860489,14.110095771035445,13.575813767951177,14.10899619647941,50000
2018-04-03,14.10899619647941,14.261089792135031,13.831582195330022,13.956866493730974,50000
2018-04-04,13.956866493730974,13.999901981314979,13.289915146854433,13.34447237353344,50000
2018-04-05,13.34447237353344,13.526449856645273,13.222435750507062,13.493177755206512,50000
2018-04-06,13.493177755206512,14.154127117792816,13.422349930906526,14.054912004042006,50000
2018-04-09,14.054912004042006,14.338319199310176,13.97625922812282,14.336974679137654,72142
2018-04-10,14.336974679137654,14.605780108595905,14.24255722910096,14.542430719606187,97215
2018-04-11,14.542430719606187,14.715616342255522,14.418520328305812,14.662046109260885,50000
2018-04-12,14.662046109260885,14.686504798223199,13.893429493061436,13.965756107934546,50000
2018-04-13,13.965756107934546,14.020177917172441,13.593059975470066,13.665878186844933,50000
2018-04-16,13.665878186844933,13.727789139105003,13.480664566976037,13.4988080945825,59100
2018-04-17,13.4988080945825,13.997582164585689,13.45698455935389,13.769636817342796,53890
2018-04-18,13.769636817342796,14.205427890633478,13.742931236345559,14.153848817088328,50000
2018-04-19,14.153848817088328,14.198651785817013,13.686968266077596,13.865207571885145,64231
2018-04-20,13.865207571885145,14.370274854846636,13.850813194084314,14.291040007675292,68814
2018-04-23,14.291040007675292,14.696622018971933,14.252646470500212,14.69536900608458,50000
2018-04-24,14.69536900608458,14.809462403458939,14.169366884096998,14.20911682911466,50000
2018-04-25,14.20911682911466,14.375748147074232,13.788841551029043,13.842704135789987,88976
2018-04-26,13.842704135789987,13.866765038297101,13.417671990840494,13.487239318018824,50000
2018-04-27,13.487239318018824,13.53406645414127,12.98927447459664,13.186371789456457,67417
2018-04-30,13.186371789456457,13.318733207428432,13.123118081313073,13.298419281678012,86593
2018-05-01,13.298419281678012,13.36674783849134,13.126563230966424,13.148956377270817,58681
2018-05-02,13.148956377270817,13.166639140016407,12.695424973249683,12.840269873006143,90782
2018-05-03,12.840269873006143,12.909034634713692,12.778550892544917,12.887086684600089,84687
2018-05-04,12.887086684600089,13.006226945572424,12.4875563973763,12.627675805538548,50000
2018-05-07,12.627675805538548,12.794602656745177,12.511791722586622,12.582194504543482,60542
2018-05-08,12.582194504543482,12.616965974560882,12.531548533667769,12.586642344988794,50000
2018-05-09,12.586642344988794,12.615094562613725,12.429687246627836,12.454312328911895,50000
2018-05-10,12.454312328911895,12.525190346867827,12.017280132104663,12.061994722713749,69833
2018-05-11,12.061994722713749,12.904669274605236,12.049231457474507,12.83496294621303,50000
2018-05-14,12.83496294621303,12.920459210638825,12.794965541792354,12.813811026840854,50000
2018-05-15,12.813811026840854,12.86370403833462,12.724610842616952,12.725867822821453,55195
2018-05-16,12.725867822821453,12.790857372361545,12.19079946022486,12.33621878221712,50000
2018-05-17,12.33621878221712,12.339771499178804,11.717747550376721,11.731963908385689,101028
2018-05-18,11.731963908385689,11.835848517457148,11.34946365086499,11.48056915788365,50000
2018-05-21,11.48056915788365,11.59592293482294,11.41881294380188,11.57668562553372,50000
2018-05-22,11.57668562553372,11.617013658441845,11.326350595393171,11.374720127650184,108596
2018-05-23,11.374720127650184,11.721807738763234,11.25205814830907,11.66889904309309,50000
2018-05-24,11.66889904309309,11.678228521286885,11.594862848831523,11.622029796966693,50000
2018-05-25,11.622029796966693,12.20408069901293,11.545660389095154,12.198166025938523,50000
2018-05-28,12.198166025938523,12.29670161774285,12.157334812821604,12.217064043797476,86067
2018-05-29,12.217064043797476,12.326551786983048,11.822731660119363,11.919644292434105,50000
2018-05-30,11.919644292434105,12.181754094834432,11.86550357972495,12.111927214700188,50000
2018-05-31,12.111927214700188,12.461436639188834,11.94518655363423,12.218427422586219,50000
2018-06-01,12.218427422586219,12.253224604861058,11.824892122240463,11.85751067148245,50000
2018-06-04,11.85751067148245,11.932289243171653,11.832684462097705,11.908364962807935,50000
2018-06-05,11.908364962807935,12.014688216788082,11.853340771438772,11.896471587791707,50000
2018-06-06,11.896471587791707,11.947754511490968,11.874910088181839,11.876458873770224,95529
2018-06-07,11.876458873770224,11.890787759052362,11.607373223540796,11.657210808284697,63885
2018-06-08,11.657210808284697,11.747546540195492,11.09947644105765,11.211467950188956,50000
2018-06-11,11.211467950188956,11.214791101083165,10.800451467880686,10.818244624578067,54815
2018-06-12,10.818244624578067,10.84247542659968,10.375330301265882,10.440302232515425,50000
2018-06-13,10.440302232515425,10.627902705978274,10.340369914545475,10.577920854616723,61315
2018-06-14,10.577920854616723,11.168805535812695,10.545920306367767,11.07194167332837,55817
2018-06-15,11.07194167332837,11.084301734091031,10.573169685317882,10.693145490012842,50000
2018-06-18,10.693145490012842,10.704773818003442,10.465566455560452,10.520229919566752,50000
2018-06-19,10.520229919566752,10.592765771080527,10.406684723872052,10.465747137695137,50000
2018-06-20,10.465747137695137,10.869124392128503,10.454724908611546,10.82396303561951,81440
2018-06-21,10.82396303561951,10.849517025154585,10.28863502958371,10.370024630990743,50000
2018-06-22,10.370024630990743,11.270303251211965,10.364607219514038,11.215253405066182,65757
2018-06-25,11.215253405066182,11.965626035466379,11.200578244042271,11.942467992669537,61615
2018-06-26,11.942467992669537,11.981756017008047,11.765384170014329,11.855837174648569,50000
2018-06-27,11.855837174648569,12.611312012877645,11.779747888226606,12.529147194245507,50000
2018-06-28,12.529147194245507,12.599475801981086,12.168019593296695,12.209386645305962,123789
2018-06-29,12.209386645305962,12.269250666493402,12.131178699649638,12.267584269309339,214876
2018-07-02,12.267584269309339,12.600166216911834,12.226471105467613,12.570802024721221,79162
2018-07-03,12.570802024721221,12.669200356889247,12.49309694985258,12.620533010698368,50000
2018-07-04,12.620533010698368,12.653682596121469,12.397799683436595,12.43182469724197,50000
2018-07-05,12.43182469724197,12.607692010461326,12.075644007147952,12.134447162369646,54833
2018-07-06,12.134447162369646,12.401481133547804,12.12809563693549,12.400376289850747,79373
2018-07-09,12.400376289850747,12.53110936406053,12.398193732713297,12.519911327010199,50000
2018-07-10,12.519911327010199,12.547052837678384,12.409614610387326,12.437784644246632,76925
2018-07-11,12.437784644246632,12.513226633769296,12.38844846125626,12.430428283032414,50000
2018-07-12,12.430428283032414,12.54220640734092,12.350891706590055,12.389611000483143,50000
2018-07-13,12.389611000483143,12.622621030895194,12.153378426699788,12.592141441555558,61807
2018-07-16,12.592141441555558,12.947147906857856,12.589811219457538,12.888098555083834,50000
2018-07-17,12.888098555083834,13.25102204580763,12.733542951959686,13.215074058273663,50000
2018-07-18,13.215074058273663,14.210813450040021,13.125876878613145,14.117961015238121,50000
2018-07-19,14.117961015238121,14.220912235546407,13.948376126631771,14.134854172323145,50000
2018-07-20,14.134854172323145,14.408264544777587,14.070443897358546,14.340983777388082,85871
2018-07-23,14.340983777388082,14.391435362296368,13.760356935822676,13.81030662487183,50000
2018-07-24,13.81030662487183,13.815609855259709,13.452086236215614,13.47612738946924,50000
2018-07-25,13.47612738946924,13.815602559693192,13.464455154127062,13.8082845837486,54421
2018-07-26,13.8082845837486,13.89964318241746,13.508845060556904,13.566299286717609,54198
2018-07-27,13.566299286717609,13.613210383193497,12.695869771628416,12.851881946189128,50000
2018-07-30,12.851881946189128,12.917294240511467,12.762360071072944,12.852836883090848,59460
2018-07-31,12.852836883090848,13.056238139032741,12.725349162105251,13.051863819489455,50000
2018-08-01,13.051863819489455,13.086851038212895,12.599800347131344,12.720415852246672,50000
2018-08-02,12.720415852246672,12.887594962707112,12.681388540780732,12.80711810087664,50000
2018-08-03,12.80711810087664,13.311622427264519,12.744017446308892,13.300140743483981,50000
2018-08-06,13.300140743483981,13.411179412037626,13.024172336207103,13.059990033240611,50000
2018-08-07,13.059990033240611,13.076640596664175,12.080160417538297,12.226452599289978,81954
2018-08-08,12.226452599289978,12.436867397206925,12.22143505528208,12.410845680675104,187185
2018-08-09,12.410845680675104,12.734977577455957,12.395345693325744,12.621167063696724,50000
2018-08-10,12.621167063696724,12.655154833177077,12.481921389531234,12.634736116155624,56501
2018-08-13,12.634736116155624,12.760903011552537,12.614904583135244,12.649161272891613,50948
2018-08-14,12.649161272891613,12.913747443744422,12.601043757005813,12.814290612174931,50000
2018-08-15,12.814290612174931,12.952106160730265,12.765604387976193,12.898037513292289,50000
2018-08-16,12.898037513292289,12.987715301768187,12.87704606996561,12.978088304360526,69364
2018-08-17,12.978088304360526,13.02286809137198,12.957064803954575,13.009472911359515,83952
2018-08-20,13.009472911359515,13.151674763502577,12.961256041968369,13.05680289707202,50000
2018-08-21,13.05680289707202,13.163573671756113,13.01668068463224,13.0658058549453,50000
2018-08-22,13.0658058549453,13.097396354447982,12.086132404797084,12.164347687395546,50000
2018-08-23,12.164347687395546,12.35632105190056,12.148591536324611,12.2930836277752,50000
2018-08-24,12.2930836277752,12.32605778688392,12.146683786295206,12.22399172112935,50000
2018-08-27,12.22399172112935,12.31751193388485,12.21180203221025,12.22668008482124,50000
2018-08-28,12.22668008482124,12.49422232792143,12.204159462473793,12.48445289468038,50000
2018-08-29,12.48445289468038,12.988415819729155,12.453757811080806,12.885797683467493,50000
2018-08-30,12.885797683467493,13.31105791015537,12.843237471705612,13.193572692033767,50000
2018-08-31,13.193572692033767,13.277123675876487,12.52575209272067,12.53099597669367,50000
2018-09-03,12.53099597669367,12.596550252249465,12.52019024513958,12.593261985667667,55335
2018-09-04,12.593261985667667,12.770198009073608,12.450918608494545,12.682028297949051,50000
2018-09-05,12.682028297949051,12.785170401394412,12.326769495767872,12.35009443534949,50000
2018-09-06,12.35009443534949,12.3556388003108,12.07575887502402,12.123613544045291,84885
2018-09-07,12.123613544045291,12.371727700867632,12.097819710231935,12.326931909210627,50000
2018-09-10,12.326931909210627,12.335804556538015,12.25393515598344,12.312676546048333,50000
2018-09-11,12.312676546048333,12.385483262318472,12.15159893302088,12.16863944829084,50000
2018-09-12,12.16863944829084,12.182605016392985,11.348032119830162,11.36173376468364,50000
2018-09-13,11.36173376468364,11.476218443926989,11.247640877153595,11.408048639916021,63004
2018-09-14,11.408048639916021,11.602627822369135,11.31787858797376,11.576800235552126,121926
2018-09-17,11.576800235552126,11.793064309504203,11.501556639290799,11.764670049075274,56370
2018-09-18,11.764670049075274,11.810202591953319,11.731426201975182,11.732624948091564,50000
2018-09-19,11.732624948091564,11.764862275802084,11.632895923339618,11.676255016691005,63156
2018-09-20,11.676255016691005,11.991567209078259,11.522940690394208,11.974805597660358,50000
2018-09-21,11.974805597660358,12.032728975811057,11.420850527489518,11.444204557383575,50000
2018-09-24,11.444204557383575,11.557202919590821,10.989106630420766,11.061560840493005,53985
2018-09-25,11.061560840493005,11.524707727645243,11.011643955967793,11.512119233186507,77424
2018-09-26,11.512119233186507,11.654926220273701,11.361175374002043,11.447830050692616,50000
2018-09-27,11.447830050692616,11.465049675626014,10.722147530697223,10.758729551587551,50000
2018-09-28,10.758729551587551,10.835872550091826,10.667973215475504,10.829021885711821,91020
2018-10-01,10.829021885711821,10.84637989682789,10.756322437629523,10.80519089804537,98645
2018-10-02,10.80519089804537,11.414771003321745,10.783207625068142,11.330102473034882,50000
2018-10-03,11.330102473034882,11.422480574286778,11.257118021906937,11.402493637047545,50000
2018-10-04,11.402493637047545,11.631304002344567,11.310759598348618,11.624648569789798,50000
2018-10-05,11.624648569789798,11.666470174275634,11.51304459890589,11.55253189289545,50000
2018-10-08,11.55253189289545,11.925357804016059,11.502883254578482,11.888621715635132,50000
2018-10-09,11.888621715635132,12.676273710846793,11.827070535061901,12.648387065032823,50000
2018-10-10,12.648387065032823,12.787747528922514,12.361332494225254,12.46738421329231,94963
2018-10-11,12.46738421329231,12.50328483628574,12.09433753612337,12.154364617696531,50000
2018-10-12,12.154364617696531,12.778381551424777,12.137256392411539,12.746608451543842,50000
2018-10-15,12.746608451543842,13.04867464736478,12.72863366112117,13.03404938327054,50000
2018-10-16,13.03404938327054,13.642018920371186,12.95841370737083,13.52475161780036,50000
2018-10-17,13.52475161780036,13.583589197895888,13.273560838243133,13.293430976617683,50000
2018-10-18,13.293430976617683,13.31939979423954,13.076855243449895,13.111546095075617,50000
2018-10-19,13.111546095075617,13.329502850209872,13.029835075637987,13.316863788973302,52532
2018-10-22,13.316863788973302,14.439799173035345,13.156096619986089,14.35249877982724,50000
2018-10-23,14.35249877982724,14.417144333428437,13.917924473296985,13.99438543804323,50000
2018-10-24,13.99438543804323,14.009229446762795,13.71581544770049,13.81249371360977,50000
2018-10-25,13.81249371360977,13.908962901605737,13.742620198894494,13.77289191996748,71947
2018-10-26,13.77289191996748,14.26528379731179,13.74095184520574,14.236962114457727,57388
2018-10-29,14.236962114457727,14.39323761380059,13.618458845059639,13.659795232021752,54006
2018-10-30,13.659795232021752,13.706956386514575,12.878927437080918,12.927861076064527,50000
2018-10-31,12.927861076064527,13.16557526226863,12.89172345522577,13.04557566470586,50000
2018-11-01,13.04557566470586,13.183244681623947,13.032574864816928,13.10017981288248,139615
2018-11-02,13.10017981288248,13.2997024511175,12.941185600527486,13.22463844298816,50000
2018-11-05,13.22463844298816,13.767629511922514,13.08724544346385,13.710173980663402,50000
2018-11-06,13.710173980663402,13.727588331717861,13.258789352367662,13.26445736220454,50000
2018-11-07,13.26445736220454,13.866303698457838,13.160615676824833,13.854133656260954,102311
2018-11-08,13.854133656260954,14.050097131245582,13.767946324707673,13.976758062245311,50000
2018-11-09,13.976758062245311,14.070376211953302,13.911994123874113,14.059540429897448,192766
2018-11-12,14.059540429897448,14.066047475432795,13.907561856962152,13.935871945851533,50000
2018-11-13,13.935871945851533,14.173117430686883,13.82333031765688,14.083055107708464,50000
2018-11-14,14.083055107708464,14.616081417711028,14.042255559280868,14.523326248705493,50000
2018-11-15,14.523326248705493,14.6466076717533,14.497966826485705,14.61349821544872,50000
2018-11-16,14.61349821544872,14.992273124768484,14.577458052176418,14.970884771053083,50000
2018-11-19,14.970884771053083,15.032308736987808,14.823974006070712,14.89607760142407,50000
2018-11-20,14.89607760142407,15.016475511665945,14.733292313771775,14.823157058047318,50000
2018-11-21,14.823157058047318,15.816726021409696,14.764169555836698,15.744760487705957,50000
2018-11-22,15.744760487705957,15.826764648407137,15.49075509210204,15.535725643044334,50000
2018-11-23,15.535725643044334,15.589187234320285,15.326555501124332,15.421210301617919,50000
2018-11-26,15.421210301617919,15.861652769775233,15.404045793851514,15.786467679141392,80437
2018-11-27,15.786467679141392,16.12533145649277,15.688442380842787,16.079054782593005,134711
2018-11-28,16.079054782593005,16.120510551744538,15.850790081553077,16.00165207292047,50000
2018-11-29,16.00165207292047,16.04438658507012,15.342124780683204,15.54041972584127,87861
2018-11-30,15.54041972584127,16.092472250556636,15.514779258103006,15.912710296669712,84570
2018-12-03,15.912710296669712,16.080073485703227,15.110115891622808,15.155999285701684,50000
2018-12-04,15.155999285701684,15.742402909401239,15.134796201069818,15.646809032975188,50000
2018-12-05,15.646809032975188,15.781998767314786,15.618999247630352,15.655034484906366,50000
2018-12-06,15.655034484906366,15.869907075191668,15.461827928519146,15.821907052616607,50000
2018-12-07,15.821907052616607,15.906657089098488,15.250861719801712,15.331056811000783,50000
2018-12-10,15.331056811000783,15.397955376257856,14.922218256918914,14.977661497437277,50000
2018-12-11,14.977661497437277,15.106834955157826,14.880530340635376,14.932276893963847,63508
2018-12-12,14.932276893963847,15.080270785736696,14.655423135528197,14.704643817090522,50000
2018-12-13,14.704643817090522,14.85013835538285,14.561137188309063,14.598207606929671,50000
2018-12-14,14.598207606929671,14.729534957729332,14.578206558902643,14.643570748441242,103101
2018-12-17,14.643570748441242,15.256418681505073,14.6383620785108,15.231156117046895,110392
2018-12-18,15.231156117046895,15.530409611809542,15.226015183308384,15.494432879258454,50000
2018-12-19,15.494432879258454,15.679832479968518,15.366289246882303,15.655234688933545,50000
2018-12-20,15.655234688933545,16.19905349916716,15.534229306757315,16.172566108732934,50000
2018-12-21,16.172566108732934,16.741441335040154,16.158813377028423,16.698814352260744,50000
2018-12-24,16.698814352260744,16.83257501696212,16.4162798866641,16.581506750414235,50000
2018-12-25,16.581506750414235,16.672590062501857,16.18678075696094,16.196768866706858,50000
2018-12-26,16.196768866706858,16.260962566019646,15.749150838075622,15.821235876113983,50572
2018-12-27,15.821235876113983,16.10374140653505,15.811364378001493,16.06696028480216,50000
2018-12-28,16.06696028480216,16.090464778837433,15.93753311311767,16.019209168680113,50000
2018-12-31,16.019209168680113,16.06952132327413,15.7726568579625,15.805227425729715,50000
2019-01-01,15.805227425729715,15.91262082971802,15.66005733213647,15.723402385124603,50000
2019-01-02,15.723402385124603,16.39041921428013,15.59713998641984,16.383343651265164,50000
2019-01-03,16.383343651265164,16.953976235403086,16.223862609376347,16.88866928422148,73594
2019-01-04,16.88866928422148,17.599115598863847,16.866590955713416,17.506821193606573,50000
2019-01-07,17.506821193606573,17.69842873206647,17.352625284654092,17.653450296315302,50000
2019-01-08,17.653450296315302,17.985693549134925,17.583300771559582,17.893128610575715,50000
2019-01-09,17.893128610575715,17.931638969284432,17.750543567482083,17.777057520186812,50000
2019-01-10,17.777057520186812,18.06336532196324,17.009634845458045,17.120668116538205,50000
2019-01-11,17.120668116538205,17.13174368561536,16.865751828127813,16.869946728305802,57102
2019-01-14,16.869946728305802,17.287797520304697,16.78825997308378,17.1020865273401,61892
2019-01-15,17.1020865273401,17.13193961796464,16.733845024184824,16.809729199595754,50000
2019-01-16,16.809729199595754,17.238541257722922,16.692603125413648,17.09249534072216,62255
2019-01-17,17.09249534072216,17.525448479145837,17.092219448032328,17.46250998712398,137259
2019-01-18,17.46250998712398,17.9478075688308,17.395618220707117,17.932616766344715,96460
2019-01-21,17.932616766344715,17.957742796707986,17.543669485144758,17.617439570312317,60271
2019-01-22,17.617439570312317,17.762851867919803,17.608080884674514,17.73642344762885,182182
2019-01-23,17.73642344762885,18.292752635593388,17.68360892532843,18.198723880980612,50000
2019-01-24,18.198723880980612,18.990484603798247,17.97465791574482,18.98134517307372,50000
2019-01-25,18.98134517307372,19.515585678170766,18.93329391237123,19.458528547197364,50000
2019-01-28,19.458528547197364,19.677430484064256,19.22380646735814,19.551421926160835,50000
2019-01-29,19.551421926160835,19.82590831345981,19.355008177525132,19.699285431865636,50000
2019-01-30,19.699285431865636,19.74004407587634,19.260734006592365,19.29902703725909,50792
2019-01-31,19.29902703725909,19.840741865436495,19.205148221712093,19.689138659233972,52420
2019-02-01,19.689138659233972,19.7862532161053,19.33640941511144,19.432623368513692,84352
2019-02-04,19.432623368513692,19.537469118083305,19.319426941853145,19.417992245150813,50000
2019-02-05,19.417992245150813,19.469222979830278,19.311975890358685,19.349663750518157,50000
2019-02-06,19.349663750518157,20.077861322322686,19.217417473064348,19.882168056366673,50000
2019-02-07,19.882168056366673,20.069969026725403,19.598903596354905,19.790068712701515,50000
2019-02-08,19.790068712701515,19.92708001612507,19.148593728306892,19.195554902416582,53566
2019-02-11,19.195554902416582,19.340869763086495,19.019365962095765,19.26041577305386,50000
2019-02-12,19.26041577305386,19.392572667902748,18.8726139674005,18.87694391231414,50000
2019-02-13,18.87694391231414,19.578315633535645,18.83306755299592,19.472430711586643,79438
2019-02-14,19.472430711586643,20.033211011855343,19.262054071925665,19.909433932820463,50000
2019-02-15,19.909433932820463,19.97429306065444,19.515233298973012,19.526922259205453,55675
2019-02-18,19.526922259205453,19.93934319372785,19.490625405591935,19.815735737225246,101285
2019-02-19,19.815735737225246,19.957396808319018,19.663573252461134,19.71275089367457,58272
2019-02-20,19.71275089367457,20.087554019239533,19.39498168284795,19.467170744160875,50000
2019-02-21,19.467170744160875,19.502513644629726,19.26745961439551,19.324823749487418,95482
2019-02-22,19.324823749487418,19.595257539391795,18.979638938144003,19.07121057746958,53037
2019-02-25,19.07121057746958,19.19006521068027,18.526687811103617,18.60371847959795,99937
2019-02-26,18.60371847959795,19.322746683010624,18.53012172377632,19.130312715443754,150926
2019-02-27,19.130312715443754,19.23913148606162,18.959770116268846,19.066122203276368,50000
2019-02-28,19.066122203276368,19.31203038565983,18.93575273006167,19.13132082093294,50000
2019-03-01,19.13132082093294,19.299701290100366,18.460120786461687,18.478318918171542,50000
2019-03-04,18.478318918171542,18.78903844301369,18.25438651384301,18.753460173193467,50000
2019-03-05,18.753460173193467,18.792334851016943,17.885413150803647,18.052024640861063,50000
2019-03-06,18.052024640861063,18.056590677217823,17.992714873718338,17.994443332278703,138357
2019-03-07,17.994443332278703,18.018108778114346,17.46635032513764,17.56049755651327,50000
2019-03-08,17.56049755651327,17.600165974756788,17.247385500754632,17.30221886752469,50000
2019-03-11,17.30221886752469,17.412460049414893,17.0727262368277,17.20922576996212,51411
2019-03-12,17.20922576996212,17.278533168294484,17.04458908367464,17.25965561036544,50000
2019-03-13,17.25965561036544,17.29081939025936,16.95482717479602,17.134161185495252,50000
2019-03-14,17.134161185495252,17.389419164970402,17.10823159935049,17.306202138540613,63417
2019-03-15,17.306202138540613,17.34891562438849,17.297746831090137,17.32936979984496,50000
2019-03-18,17.32936979984496,17.77767928007284,17.29732690902033,17.56158433640246,50834
2019-03-19,17.56158433640246,17.862538165402892,17.494190641846174,17.758173819137383,234252
2019-03-20,17.758173819137383,17.998585422355358,16.788184719733604,16.803713455854073,77581
2019-03-21,16.803713455854073,16.928740698167342,16.669644850952963,16.747750387561265,103378
2019-03-22,16.747750387561265,16.79858763939443,16.31647913804809,16.421479608490422,95934
2019-03-25,16.421479608490422,16.56171489085024,16.11923193953593,16.359571025542255,50000
2019-03-26,16.359571025542255,16.45630660359718,15.950412779569255,16.187314793772167,50000
2019-03-27,16.187314793772167,16.32425856801004,15.525105426424721,15.740188138433725,92023
2019-03-28,15.740188138433725,15.842288373895423,15.551241235616562,15.582754865732745,71921
2019-03-29,15.582754865732745,15.589739284131,15.157735236183372,15.250736846862536,50000
2019-04-01,15.250736846862536,15.552318869193812,15.162976434765616,15.501558272623903,52516
2019-04-02,15.501558272623903,15.749035353273683,14.929871767190301,14.948943112942949,50000
2019-04-03,14.948943112942949,14.959695382357557,14.304500641928755,14.513161404448455,65927
2019-04-04,14.513161404448455,15.074824992303506,14.410919219582007,15.0555935818613,50000
2019-04-05,15.0555935818613,15.457098561942665,15.054468104272567,15.43541393832165,133088
2019-04-08,15.43541393832165,15.500467668702985,15.169126173434172,15.342888535740423,217720
2019-04-09,15.342888535740423,15.370646071123959,14.952631854532846,15.138764606835895,50000
2019-04-10,15.138764606835895,15.307338046529795,15.044941099247776,15.11899383485276,66452
2019-04-11,15.11899383485276,15.12669606260275,14.176787205868948,14.32332280830294,52055
2019-04-12,14.32332280830294,14.417089483668587,13.469159511547355,13.663360707781926,50000
2019-04-15,13.663360707781926,13.668247053008349,13.559234209253978,13.620952366783994,50000
2019-04-16,13.620952366783994,13.718174461505365,13.543180948124968,13.654419426993885,50000
2019-04-17,13.654419426993885,13.970287413762625,13.585813670360576,13.875708142058716,50000
2019-04-18,13.875708142058716,13.97281997544731,13.762127704298702,13.825942330306239,50000
2019-04-19,13.825942330306239,13.916570989727962,13.667555384170909,13.767107835547064,65838
2019-04-22,13.767107835547064,14.556063367100416,13.755527199367798,14.532602650135837,68240
2019-04-23,14.532602650135837,14.566116943005381,14.17815797976984,14.18794449959257,50000
2019-04-24,14.18794449959257,14.290877406061009,14.172377410518967,14.18609196576961,50000
2019-04-25,14.18609196576961,14.749960014448083,14.146456311828786,14.712627534834747,50000
2019-04-26,14.712627534834747,14.807057467177255,13.926715510367785,13.929471697949364,50000
2019-04-29,13.929471697949364,14.698800967311369,13.826050908330712,14.650145453607992,98514
2019-04-30,14.650145453607992,14.723545523521777,14.084458961088098,14.19142885412667,50000
2019-05-01,14.19142885412667,14.470605476211118,14.14794075995372,14.314712942848402,50000
2019-05-02,14.314712942848402,14.330055832013523,14.138861764689665,14.147191567357464,50000
2019-05-03,14.147191567357464,14.14916727372454,13.807688642258203,13.968905040443927,50000
2019-05-06,13.968905040443927,14.064431260238344,13.63526463664762,13.717704030293651,62452
2019-05-07,13.717704030293651,13.86116298802669,13.612222208905685,13.81001003528827,54208
2019-05-08,13.81001003528827,14.386565891671715,13.79644780696504,14.371342057857987,53376
2019-05-09,14.371342057857987,14.425085062874132,13.888781432147749,14.012279504276806,50000
2019-05-10,14.012279504276806,14.075239353487298,13.872204219454256,13.938868089399227,54427
2019-05-13,13.938868089399227,13.96093132687955,13.547188835513587,13.609313066092792,61287
2019-05-14,13.609313066092792,13.66502006470624,13.411759406052633,13.42064961326422,50000
2019-05-15,13.42064961326422,13.769032574640276,13.283428291409662,13.75275059973622,50000
2019-05-16,13.75275059973622,14.255744294778774,13.74053906501759,14.210679906552866,86832
2019-05-17,14.210679906552866,14.903984738089493,14.184001617562066,14.857931165825297,50000
2019-05-20,14.857931165825297,14.90399256310698,14.464652212359802,14.514796128886116,50000
2019-05-21,14.514796128886116,14.520389886862317,14.179023099530466,14.271048058465073,50000
2019-05-22,14.271048058465073,14.52668198458231,14.246818968190826,14.498540806261389,146973
2019-05-23,14.498540806261389,14.641554155962245,14.450314533180526,14.594319534773573,50000
2019-05-24,14.594319534773573,14.645329119348759,14.112150728574022,14.244611272011644,78205
2019-05-27,14.244611272011644,14.349139260018406,13.772546807991791,13.788720511194002,94835
2019-05-28,13.788720511194002,13.876026223549875,13.676126427897998,13.739526345827402,50000
2019-05-29,13.739526345827402,13.824819785294244,13.449247427550716,13.586579326640452,50000
2019-05-30,13.586579326640452,13.663115854220301,13.509352931927397,13.518105831712909,64025
2019-05-31,13.518105831712909,13.577249284020414,13.364201465787932,13.383461175867426,50000
2019-06-03,13.383461175867426,13.567452362089654,13.317378125019088,13.551044526383228,50000
2019-06-04,13.551044526383228,13.625692979263347,13.321603119828202,13.347603887238437,239260
2019-06-05,13.347603887238437,13.393311153302315,12.700004837194403,12.744844818504099,65629
2019-06-06,12.744844818504099,12.842611843379498,12.088020194814487,12.145892187929515,90996
2019-06-07,12.145892187929515,12.207456973853446,11.820969619710553,11.824231498792573,66555
2019-06-10,11.824231498792573,11.841578658462625,11.401635206553232,11.42076015054465,90486
2019-06-11,11.42076015054465,11.442088904537243,11.275542187835137,11.345440921406377,50000
2019-06-12,11.345440921406377,11.395469406710653,11.076672346898055,11.114634623610572,50000
2019-06-13,11.114634623610572,11.19499468946077,10.728981545260089,10.788617496020393,50000
2019-06-14,10.788617496020393,10.857016963426256,10.772760798838553,10.80753175197752,71326
2019-06-17,10.80753175197752,10.881896044127203,10.284206842800518,10.32397181256999,50000
2019-06-18,10.32397181256999,10.74494718167948,10.258717341535396,10.71600706321172,50000
2019-06-19,10.71600706321172,10.790692026720944,10.471641618323288,10.560147658683393,50000
2019-06-20,10.560147658683393,10.57588429822704,10.101297415247577,10.152953897632017,68266
2019-06-21,10.152953897632017,10.248079018005344,10.143508525513537,10.20250578798924,50000
2019-06-24,10.20250578798924,10.355680359793341,10.179046226728069,10.341085479900064,50000
2019-06-25,10.341085479900064,10.464407813412949,10.339514384556372,10.4312641419301,50000
2019-06-26,10.4312641419301,10.764395329261127,10.371773146679669,10.699876866199345,50000
2019-06-27,10.699876866199345,10.789790911267056,10.186884715746789,10.303643735036742,50000
2019-06-28,10.303643735036742,10.388457252442612,10.116842497517343,10.155123332332353,50000
2019-07-01,10.155123332332353,10.184409456377567,9.852117611105395,9.88029789207807,50000
2019-07-02,9.88029789207807,9.935614509052808,9.612555134938903,9.67817906335134,50000
2019-07-03,9.67817906335134,9.713845120441302,9.633676712617214,9.65439697628734,50000
2019-07-04,9.65439697628734,9.710556799094006,9.424378072161884,9.455740375979351,122827
2019-07-05,9.455740375979351,9.847913417909918,9.405760073489473,9.797691769782668,50000
2019-07-08,9.797691769782668,9.924671278862638,9.212885302833765,9.259063989634216,50000
2019-07-09,9.259063989634216,9.526524744517472,9.173132955880504,9.499229485596356,50000
2019-07-10,9.499229485596356,9.504478972577887,9.39755637280169,9.441357300643864,50000
2019-07-11,9.441357300643864,9.458954826977953,9.239619917289767,9.246463572774946,176830
2019-07-12,9.246463572774946,9.325677661285066,9.216469842597679,9.275215869393756,50000
2019-07-15,9.275215869393756,9.48213673786954,9.230520666786537,9.460561101535747,57257
2019-07-16,9.460561101535747,9.976312960510946,9.358841258935053,9.89753515645997,50000
2019-07-17,9.89753515645997,10.507198373629263,9.875768865216529,10.500095404196543,50000
2019-07-18,10.500095404196543,10.71963242305379,10.480709844938659,10.533106679593491,50000
2019-07-19,10.533106679593491,10.82331828502633,10.527837061089869,10.78206758104064,50000
2019-07-22,10.78206758104064,10.850431737033526,10.622422502445437,10.660487145827858,50000
2019-07-23,10.660487145827858,11.027805997616921,10.637490418321699,10.971825547552076,50000
2019-07-24,10.971825547552076,11.076006615329717,10.759936443888058,10.842668411683203,50000
2019-07-25,10.842668411683203,11.303645967444458,10.819235306977776,11.30084327370919,50000
2019-07-26,11.30084327370919,11.761764981748977,11.27682294105912,11.68690502132398,50000
2019-07-29,11.68690502132398,11.756927923073272,11.513639374077977,11.513722567389921,50000
2019-07-30,11.513722567389921,11.572871211625358,10.83982170934687,10.866896204851162,51740
2019-07-31,10.866896204851162,10.987549998360652,10.847307688062104,10.873272082662723,50000
2019-08-01,10.873272082662723,11.373396038266824,10.832050741256127,11.341867983842151,72994
2019-08-02,11.341867983842151,11.436035135740688,11.217213121349243,11.418571105452548,50000
2019-08-05,11.418571105452548,11.725812265491886,11.412126752969776,11.647682138519668,80292
2019-08-06,11.647682138519668,11.841541969307805,11.634071044989733,11.780528300041446,104445
2019-08-07,11.780528300041446,11.94611748607814,11.722305379884366,11.891241524096397,50000
2019-08-08,11.891241524096397,12.448198898027552,11.80974433247703,12.379608175018557,50000
2019-08-09,12.379608175018557,12.686378341382728,12.337848946448025,12.66876577283918,50000
2019-08-12,12.66876577283918,13.112142247661168,12.637981085674289,13.084519425103212,131065
2019-08-13,13.084519425103212,13.193312144469525,13.07082815776262,13.085703409723877,199779
2019-08-14,13.085703409723877,13.115987684082638,12.920089445888934,13.079501209610363,86439
2019-08-15,13.079501209610363,13.194657690999215,13.001446430009455,13.151583373488789,56626
2019-08-16,13.151583373488789,13.153053246886179,12.77345259668587,12.815321448269417,50000
2019-08-19,12.815321448269417,13.156502782702365,12.652518399278277,13.149717841786025,50000
2019-08-20,13.149717841786025,13.271824688885525,12.940256004364368,13.17266946805402,50000
2019-08-21,13.17266946805402,13.19917023347278,13.00927492456059,13.021618343734584,50000
2019-08-22,13.021618343734584,13.12475181826479,13.018225770239924,13.10731049664728,50000
2019-08-23,13.10731049664728,13.144855830127037,12.701507813123158,12.707732287428165,103357
2019-08-26,12.707732287428165,12.759269797083327,12.625735939481107,12.705442545029483,54030
2019-08-27,12.705442545029483,13.295930964206159,12.648937020372358,13.183643523571671,50000
2019-08-28,13.183643523571671,13.638164012193238,13.117627266225266,13.519277864440214,50000
2019-08-29,13.519277864440214,13.533176160399465,13.245299009727189,13.30063042658218,50000
2019-08-30,13.30063042658218,13.334146398036992,13.195732512625478,13.317275512141885,50000
2019-09-02,13.317275512141885,13.769001761159943,13.26253061747693,13.678419143069434,50000
2019-09-03,13.678419143069434,13.741479869065037,13.446779480631683,13.491298562276649,74014
2019-09-04,13.491298562276649,13.574149203242106,12.788236407246425,12.925326159799475,50000
2019-09-05,12.925326159799475,13.536043525301018,12.889318962896137,13.42489978442005,106763
2019-09-06,13.42489978442005,13.75093018270443,13.320730711002371,13.717649868282738,50000
2019-09-09,13.717649868282738,13.878067574617324,13.397150625249424,13.412307974848977,50000
2019-09-10,13.412307974848977,13.439406516573875,13.277748096956376,13.297830267684395,162591
2019-09-11,13.297830267684395,13.584019919306982,13.178638657896718,13.53941378686469,50000
2019-09-12,13.53941378686469,13.567927953606096,13.28364569704124,13.344781714388173,67584
2019-09-13,13.344781714388173,13.5604802350577,13.314695539698898,13.53567706989039,61935
2019-09-16,13.53567706989039,13.967126588536583,13.395121172216353,13.939053761872852,76701
2019-09-17,13.939053761872852,14.01958038997239,13.753411214367809,13.784636418065887,50000
2019-09-18,13.784636418065887,14.210971941415991,13.69801106264489,14.067292226446702,50000
2019-09-19,14.067292226446702,14.099197369764113,13.79855920559662,13.835625857868235,52410
2019-09-20,13.835625857868235,14.268254190124228,13.808731356808625,14.145370577948409,50000
2019-09-23,14.145370577948409,14.188309989419087,13.850668478902843,13.920584034622708,50000
2019-09-24,13.920584034622708,13.92679691690262,13.279458079842879,13.339324377251446,50000
2019-09-25,13.339324377251446,13.806336261657414,13.312248964230754,13.73424217638438,50000
2019-09-26,13.73424217638438,13.977596888222857,13.609438656392836,13.913814518611154,50000
2019-09-27,13.913814518611154,14.128312069772262,13.770417551500575,14.12014429765127,50000
2019-09-30,14.12014429765127,14.367550924453976,14.104184911908693,14.32679894644644,59493
2019-10-01,14.32679894644644,14.442134527880087,14.238111429378383,14.238962767250797,50000
2019-10-02,14.238962767250797,14.428533202011444,14.126234416851583,14.278279327300593,60344
2019-10-03,14.278279327300593,14.332899339121346,13.966129559910254,14.001134978686636,50000
2019-10-04,14.001134978686636,14.003360782612868,13.813663171440998,13.907514700693179,50000
2019-10-07,13.907514700693179,13.908405703124819,13.432585002083728,13.474938250717976,53923
2019-10-08,13.474938250717976,14.165310972958979,13.472159574712906,14.112944769789674,126058
2019-10-09,14.112944769789674,14.181791642497126,13.220323714856695,13.413320436301506,51990
2019-10-10,13.413320436301506,13.616147329947044,13.37429283662066,13.523221151151747,50000
2019-10-11,13.523221151151747,13.629777187543507,13.009888782304023,13.10351732293368,50000
2019-10-14,13.10351732293368,13.198118781472614,12.971684992661082,13.007679664544561,50000
2019-10-15,13.007679664544561,13.028461109237412,12.660380711540189,12.791242679915612,50000
2019-10-16,12.791242679915612,12.806743877868191,11.829068115877405,11.947168381686051,50000
2019-10-17,11.947168381686051,12.298950051088857,11.90024498487981,12.260265359941899,106855
2019-10-18,12.260265359941899,12.289425534157889,11.895670590677332,11.945188516606965,50000
2019-10-21,11.945188516606965,12.04795795597993,11.41231029936745,11.489260925896126,50000
2019-10-22,11.489260925896126,11.863303680931802,11.44141597633476,11.697344775065973,50000
2019-10-23,11.697344775065973,12.503767225143553,11.659652771774711,12.480631421345782,90719
2019-10-24,12.480631421345782,13.197435148775925,12.427787910724259,13.08495964391817,50000
2019-10-25,13.08495964391817,13.279024796246754,12.928522939441343,13.206850073378947,50000
2019-10-28,13.206850073378947,13.334790336330801,13.025302286219953,13.109234582262328,50000
2019-10-29,13.109234582262328,13.403750242698237,13.034825023168212,13.316771631082641,50000
2019-10-30,13.316771631082641,13.607909497513992,13.273637502618765,13.529857043064677,52674
2019-10-31,13.529857043064677,13.596334158071079,13.386028372639396,13.464226891953805,61452
2019-11-01,13.464226891953805,13.527474483015308,13.10461577652621,13.151515786692604,50000
2019-11-04,13.151515786692604,13.159345146713694,12.849470000954476,12.959849239951131,50000
2019-11-05,12.959849239951131,12.988785866702623,12.931279547213455,12.948424962651304,76832
2019-11-06,12.948424962651304,12.991691315621289,12.532836368394387,12.678202092555548,50000
2019-11-07,12.678202092555548,12.910957636734924,12.67029646309691,12.87754546560188,50000
2019-11-08,12.87754546560188,13.608391593969726,12.789782311848231,13.501268655556936,50000
2019-11-11,13.501268655556936,13.576616187999221,13.403629204316074,13.552539896198056,122982
2019-11-12,13.552539896198056,13.841749459759116,13.502934605407654,13.673238770751722,70357
2019-11-13,13.673238770751722,13.885977721912576,13.649335289452633,13.833063595393172,50000
2019-11-14,13.833063595393172,13.839020458793556,13.750410591017559,13.787135074714806,50000
2019-11-15,13.787135074714806,14.034346000428874,13.725242410387054,13.974015370856705,50000
2019-11-18,13.974015370856705,14.00709033725542,13.553655454263026,13.826632257246674,50000
2019-11-19,13.826632257246674,13.866800738817584,13.472411686560784,13.490351070183944,50000
2019-11-20,13.490351070183944,14.284208601211624,13.374559063806274,14.206808288507025,52319
2019-11-21,14.206808288507025,14.638227685499123,14.098410587202226,14.620529835977914,50000
2019-11-22,14.620529835977914,14.690645401178356,14.342332754838056,14.492003867475145,85110
2019-11-25,14.492003867475145,14.869833155766353,14.401010589993987,14.819374963049958,50000
2019-11-26,14.819374963049958,14.840301109963809,14.619197082641591,14.671311807804779,50000
2019-11-27,14.671311807804779,14.793172982476062,14.64307706763823,14.717619696660812,50000
2019-11-28,14.717619696660812,14.772579782583453,14.488835696438931,14.619205698689806,50000
2019-11-29,14.619205698689806,15.10496955859389,14.573591407280825,14.996504342525803,50000
2019-12-02,14.996504342525803,15.333815937674839,14.92876783974807,15.091160030555448,50000
2019-12-03,15.091160030555448,15.190449317946527,14.985565816298497,15.168673078646693,50000
2019-12-04,15.168673078646693,15.197994990693402,15.061977046030236,15.162950778398637,95833
2019-12-05,15.162950778398637,15.405365017186085,15.09861823561507,15.332043566197637,100430
2019-12-06,15.332043566197637,15.450716354772757,14.872577776063281,14.895670489450968,89063
2019-12-09,14.895670489450968,15.422489605947623,14.876776254259545,15.353943842399724,102691
2019-12-10,15.353943842399724,15.665169633367624,15.275827690460968,15.601619571535316,50000
2019-12-11,15.601619571535316,16.05602096951107,15.586385238809857,15.95674560680048,50000
2019-12-12,15.95674560680048,16.131464420268337,15.45139024207391,15.540720770164743,50000
2019-12-13,15.540720770164743,15.754954144014238,15.474405260432782,15.730702741047814,50000
2019-12-16,15.730702741047814,16.085587966439558,15.700770014854843,16.08106317917491,50000
2019-12-17,16.08106317917491,16.421166596144435,16.04267084017974,16.341356622455734,85347
2019-12-18,16.341356622455734,16.440679816637317,15.959282018348729,16.053140227664443,50000
2019-12-19,16.053140227664443,16.23367376791673,15.89448618623802,16.180855885622954,50000
2019-12-20,16.180855885622954,16.579242833102626,16.091072502273562,16.40327273153981,50000
2019-12-23,16.40327273153981,16.898433310074825,16.244827623069995,16.897625504175856,50000
2019-12-24,16.897625504175856,17.08927947588374,16.81143191969313,16.95530852945425,50000
2019-12-25,16.95530852945425,16.966570527419155,16.872631906017748,16.889937669602745,54162
2019-12-26,16.889937669602745,17.30199558369566,16.87901432958762,17.152384401460168,50000
2019-12-27,17.152384401460168,17.302356980399832,17.110971828306447,17.200514208156594,50000
2019-12-30,17.200514208156594,17.233818470594116,16.836787844630674,16.997691703298873,54483
2019-12-31,16.997691703298873,17.029065619275563,16.963208577034692,16.98051163319081,50000
2020-01-01,16.98051163319081,17.33390671983094,16.917454602716774,17.25429473426066,100516
2020-01-02,17.25429473426066,17.359715525009978,17.012363391090116,17.05578669229625,73469
2020-01-03,17.05578669229625,17.156292970833377,16.2058281177937,16.33966167630923,50000
2020-01-06,16.33966167630923,16.471196031855634,16.247377036799037,16.445914076917248,50000
2020-01-07,16.445914076917248,16.488871943665153,16.16066551827932,16.215406009753842,65076
2020-01-08,16.215406009753842,16.281108918012006,16.08367328950175,16.128079330682603,50000
2020-01-09,16.128079330682603,16.203239837773378,15.906807933014239,15.936832085786447,108944
2020-01-10,15.936832085786447,15.999502259958014,15.694393581278394,15.755136513121283,50000
2020-01-13,15.755136513121283,15.894999468572852,15.688385514328692,15.812155005128334,50000
2020-01-14,15.812155005128334,16.042846640975274,15.751803666140315,16.002692947203915,50000
2020-01-15,16.002692947203915,16.082936072616008,15.901366668353106,15.90754182152493,98570
2020-01-16,15.90754182152493,16.417832744114385,15.864500960788806,16.39143863359226,67609
2020-01-17,16.39143863359226,16.456034155834136,16.24331991213253,16.282489152268823,50000
2020-01-20,16.282489152268823,16.343337561810895,16.078587477307067,16.185823472831437,50000
2020-01-21,16.185823472831437,16.9092055449571,16.04045549149724,16.818598946977186,50000
2020-01-22,16.818598946977186,17.260889804457435,16.75084990320236,17.05652115244922,50000
2020-01-23,17.05652115244922,17.19179389682804,17.020867152831432,17.05706342611053,50000
2020-01-24,17.05706342611053,17.238753886553702,17.046548507240463,17.170015388080117,83064
2020-01-27,17.170015388080117,17.44909969083027,17.082570375503987,17.43367514875379,70969
2020-01-28,17.43367514875379,17.63455017471704,17.36314833508694,17.5439232695366,50000
2020-01-29,17.5439232695366,17.668618301270115,17.375309657866627,17.410250938736237,50000
2020-01-30,17.410250938736237,17.490872485761564,17.167562932767467,17.348393541114163,50000
2020-01-31,17.348393541114163,17.392563647777873,16.96820318058186,17.08721269863573,51101
2020-02-03,17.08721269863573,17.152698010850955,16.957565112758207,17.02369519272251,50000
2020-02-04,17.02369519272251,17.10039650281942,16.908325996060473,16.995139937431528,50000
2020-02-05,16.995139937431528,17.2485837786119,16.84006128738966,17.150157402738895,156929
2020-02-06,17.150157402738895,17.410589470885643,16.999537048086495,17.267358222449282,50000
2020-02-07,17.267358222449282,17.791574989935587,17.016546665411045,17.732017593281483,50000
2020-02-10,17.732017593281483,17.87804034601872,17.55724756111512,17.627459709464087,59640
2020-02-11,17.627459709464087,17.929383367887265,17.44913921621957,17.873472696130165,50000
2020-02-12,17.873472696130165,18.28974926443075,17.70695317191614,18.167278981986648,50000
2020-02-13,18.167278981986648,18.248935487460656,17.6915501637838,17.7546657658669,50000
2020-02-14,17.7546657658669,18.353096157623625,17.727466070289363,18.160559678004518,50000
2020-02-17,18.160559678004518,18.286037702691416,18.025948463961363,18.281807277332106,93597
2020-02-18,18.281807277332106,18.454134421145316,18.210462152124045,18.396807634304754,50000
2020-02-19,18.396807634304754,18.480190786153308,18.000216376150643,18.01424027710903,50000
2020-02-20,18.01424027710903,18.405648075261556,18.014174497093332,18.223589541896924,50000
2020-02-21,18.223589541896924,18.356805863115017,18.027163377897757,18.31312133737491,94244
2020-02-24,18.31312133737491,18.573657691983662,18.301928865756693,18.482745088071074,72059
2020-02-25,18.482745088071074,18.59257552199536,18.368911912896518,18.54222731312487,50000
2020-02-26,18.54222731312487,19.07404730034851,18.424253304750533,18.84790448433664,71608
2020-02-27,18.84790448433664,19.634346620242365,18.718778703193273,19.54928325330041,50000
2020-02-28,19.54928325330041,19.62128933825975,19.016005740985065,19.077224277147423,51608
2020-03-02,19.077224277147423,19.118652304008283,18.54248704915811,18.70110163532915,56892
2020-03-03,18.70110163532915,19.148471687782624,18.51551487566391,19.139946846575395,50000
2020-03-04,19.139946846575395,19.289411980577828,18.79934667589771,18.978371696109544,50000
2020-03-05,18.978371696109544,19.126234480829453,18.881354955150048,18.92704134113256,50000
2020-03-06,18.92704134113256,18.998073852874555,18.352279160173335,18.46021170592039,50000
2020-03-09,18.46021170592039,18.6770339327485,18.293562150963876,18.47134689485954,50575
2020-03-10,18.47134689485954,18.576070721009135,18.065979709537192,18.084083739392792,50000
2020-03-11,18.084083739392792,18.242257197251302,17.97199917819611,18.144805953855318,214989
2020-03-12,18.144805953855318,18.319382680900784,18.05566957559488,18.174989890335233,50135
2020-03-13,18.174989890335233,18.208516302182137,17.519685920308806,17.563315825934236,64231
2020-03-16,17.563315825934236,17.69500010693557,17.51188370086054,17.532092673480097,50000
2020-03-17,17.532092673480097,17.547525602058332,17.492063116091284,17.53110067312872,50000
2020-03-18,17.53110067312872,17.539702872481588,17.28789433780562,17.290846107685287,115862
2020-03-19,17.290846107685287,17.471033093198958,17.064856889681,17.389244809300063,50000
2020-03-20,17.389244809300063,17.553510738887407,17.221593352120752,17.54273820778515,155631
2020-03-23,17.54273820778515,17.72400357460655,17.431163560973665,17.70365560084891,50000
2020-03-24,17.70365560084891,17.97290645942741,17.650489216716352,17.93205607929289,81809
2020-03-25,17.93205607929289,18.066487401551147,17.77175146251732,17.895338568276042,65613
2020-03-26,17.895338568276042,18.03927687634541,17.78135421581239,17.98952274572274,50000
2020-03-27,17.98952274572274,18.445670098477287,17.926004333220593,18.371724407277217,50000
2020-03-30,18.371724407277217,18.849874675104083,18.217485763139777,18.72942684915169,50000
2020-03-31,18.72942684915169,18.934138718238607,18.678791250545643,18.768225561560165,50000
2020-04-01,18.768225561560165,19.044377895159773,18.64863833308125,18.84132847716493,70318
2020-04-02,18.84132847716493,18.923729040697634,18.619814480717743,18.75413568430063,107769
2020-04-03,18.75413568430063,19.14301083807741,18.7163613253188,18.9774448467142,50000
2020-04-06,18.9774448467142,19.891623069702625,18.926327409993323,19.7012161759997,50000
2020-04-07,19.7012161759997,19.90290524433378,19.58113379669143,19.832990766431628,50000
2020-04-08,19.832990766431628,19.916164859405,19.16303393517726,19.360356693180858,119836
2020-04-09,19.360356693180858,19.790444170855032,19.28142704327021,19.765035412069896,50000
2020-04-10,19.765035412069896,20.099389696357708,19.666405153993054,20.052630286455695,50000
2020-04-13,20.052630286455695,20.062354025355734,19.86015204047367,19.98305402850737,60862
2020-04-14,19.98305402850737,20.28189733374942,19.937720324486072,20.035429022724617,50000
2020-04-15,20.035429022724617,20.203682497751682,19.951847718420602,20.078674036062818,68853
2020-04-16,20.078674036062818,20.11696458015363,19.568889374336106,19.6213954391802,52248
2020-04-17,19.6213954391802,19.798988976345083,19.55700298412673,19.561099824653958,93795
2020-04-20,19.561099824653958,19.56452192147708,19.216639791710428,19.237723595742917,50000
2020-04-21,19.237723595742917,19.283934113900525,18.931785552238377,19.140743666966415,53286
2020-04-22,19.140743666966415,19.6080758580944,19.00995135833043,19.5173685984094,50000
2020-04-23,19.5173685984094,19.855032472452237,19.208710520918896,19.27694232618172,50000
2020-04-24,19.27694232618172,19.35042939269854,19.232485271810315,19.24471520185427,50000
2020-04-27,19.24471520185427,19.37269857784712,19.159158396076567,19.241295676116692,50000
2020-04-28,19.241295676116692,19.444655717859373,19.144060889687676,19.434375971461264,118476
2020-04-29,19.434375971461264,19.457857025024488,19.288537189156454,19.36838587767645,50000
2020-04-30,19.36838587767645,19.619765960490163,19.283078934444564,19.448123272253397,50000
2020-05-01,19.448123272253397,19.755785463995856,19.402131296258947,19.734781680499193,50000
2020-05-04,19.734781680499193,20.01082088158263,19.641209660766414,19.99722940125876,50000
2020-05-05,19.99722940125876,20.185239634253072,19.727319660377415,19.80474734953374,50000
2020-05-06,19.80474734953374,20.23312559533841,19.670161476663267,20.158060514550314,57520
2020-05-07,20.158060514550314,20.198950386843684,19.63206092142213,19.700413281924934,55017
2020-05-08,19.700413281924934,20.263046324205074,19.69215431296406,20.262554040675823,50000
2020-05-11,20.262554040675823,20.544626766764893,20.061355282916928,20.208618558472224,50000
2020-05-12,20.208618558472224,20.7053353512917,19.994122112163982,20.505018672333296,152984
2020-05-13,20.505018672333296,20.616538274489166,20.342330210186283,20.593691965252074,86454
2020-05-14,20.593691965252074,20.639488479812655,20.416283321350612,20.460895066295397,50000
2020-05-15,20.460895066295397,20.77638621159913,20.407599802789036,20.6921396645499,50000
2020-05-18,20.6921396645499,20.90045978496694,20.528482201177553,20.8006407612142,50000
2020-05-19,20.8006407612142,20.824448226894905,20.241548566068506,20.359203203624613,50000
2020-05-20,20.359203203624613,20.622296389828513,20.346846067428867,20.57797953406357,146688
2020-05-21,20.57797953406357,20.594188805348466,20.207923081008843,20.32854117129486,84034
2020-05-22,20.32854117129486,20.524191222158002,19.75266163418099,19.995896698258797,59606
2020-05-25,19.995896698258797,20.050026884180046,19.869963033250922,19.933265360754532,50000
2020-05-26,19.933265360754532,20.26177442819871,19.833624311538816,20.07815187555829,50000
2020-05-27,20.07815187555829,20.17578867555758,19.759828470111792,19.86464234029898,50000
2020-05-28,19.86464234029898,19.930873372747847,19.629456449381305,19.711396198686874,54328
2020-05-29,19.711396198686874,19.85882603835094,19.686554232535478,19.81930392714437,50000
2020-06-01,19.81930392714437,19.96348554461012,19.70880003500772,19.72561360832472,50000
2020-06-02,19.72561360832472,19.849596831696985,19.54413909805813,19.668021006908116,68838
2020-06-03,19.668021006908116,20.07420898729055,19.597599327766368,20.055634671190198,62473
2020-06-04,20.055634671190198,20.184073031763106,19.76082167372893,19.80612917402716,50000
2020-06-05,19.80612917402716,20.115819651494654,19.775235383779357,20.027726220174692,77258
2020-06-08,20.027726220174692,20.634656564266862,19.969213300971496,20.45786102213677,67420
2020-06-09,20.45786102213677,20.541824041477213,19.85169165639194,19.99495161745302,50000
2020-06-10,19.99495161745302,20.18755673169571,19.311755730480858,19.576339365170384,50000
2020-06-11,19.576339365170384,19.89734427314112,19.517141045659297,19.83298714147462,50000
2020-06-12,19.83298714147462,20.00763426385263,19.604149625746153,20.00060534281672,50000
2020-06-15,20.00060534281672,20.109040188362187,19.95568065102014,20.004373778606304,60963
2020-06-16,20.004373778606304,20.06812705749704,19.76286854720208,19.889904982372187,50000
2020-06-17,19.889904982372187,20.563654924228533,19.83248832621622,20.445608445812198,50000
2020-06-18,20.445608445812198,20.64053510285103,20.047960500633078,20.078837748957817,50000
2020-06-19,20.078837748957817,20.284979345542016,19.936873106091372,20.21571360425341,50095
2020-06-22,20.21571360425341,20.218864886941716,19.592672791067177,19.627757291474474,50000
2020-06-23,19.627757291474474,19.94891374299298,19.583020325250978,19.87144941147679,50000
2020-06-24,19.87144941147679,20.049525613376602,19.35267998091458,19.606595840501104,73111
2020-06-25,19.606595840501104,19.609273358060246,19.345896630981535,19.34591670616378,50000
2020-06-26,19.34591670616378,19.361416390043736,19.183755352877043,19.23817681666565,50000
2020-06-29,19.23817681666565,19.31353271159321,19.03776719440294,19.051578960282384,50000
2020-06-30,19.051578960282384,19.121015684864638,19.033997268716732,19.08453534568262,50000
2020-07-01,19.08453534568262,19.934217182602247,18.740997572592956,19.827475286999725,74943
2020-07-02,19.827475286999725,20.5389682432993,19.682634752309554,20.372921394122038,50000
2020-07-03,20.372921394122038,20.40670150794979,20.088153354491038,20.101971772842056,50000
2020-07-06,20.101971772842056,20.163326066943572,20.059571153543892,20.151331545622508,50000
2020-07-07,20.151331545622508,20.232333323044323,19.92888226999969,20.09346243376783,50000
2020-07-08,20.09346243376783,20.16381680599932,19.441571895533798,19.47302635485474,50000
2020-07-09,19.47302635485474,19.81864838714221,19.351090583849196,19.683530388058596,50000
2020-07-10,19.683530388058596,20.184745606903967,19.665177616300035,20.072537125066177,144013
2020-07-13,20.072537125066177,20.28821124453651,19.825939065167056,20.237295473540534,118689
2020-07-14,20.237295473540534,20.434890297656263,20.11063997412243,20.285297272950956,58540
2020-07-15,20.285297272950956,20.533857038615167,20.21985618591138,20.50246654896997,56797
2020-07-16,20.50246654896997,20.905603051561776,20.475614041518945,20.81057036577836,50000
2020-07-17,20.81057036577836,21.230827763844367,20.69436762431568,21.092886795732788,51085
2020-07-20,21.092886795732788,21.266970313245306,20.86860490782127,21.022476649162726,50000
2020-07-21,21.022476649162726,21.026096351554358,20.68595213312559,20.70749257673084,50000
2020-07-22,20.70749257673084,20.74076217805868,20.59043903209861,20.606800779453728,50000
2020-07-23,20.606800779453728,20.925614064422575,20.46003277796334,20.806557288892954,50000
2020-07-24,20.806557288892954,20.87468078051593,20.285268184231338,20.335585960535475,50000
2020-07-27,20.335585960535475,20.92842918274374,20.15219215559112,20.77761012120007,50000
2020-07-28,20.77761012120007,21.072699663008343,20.69760181517193,20.97714416629085,61530
2020-07-29,20.97714416629085,21.345990266530325,20.779535461090788,21.160389408779785,149432
2020-07-30,21.160389408779785,21.352069257184485,20.980953312917244,21.26090554167897,50000
2020-07-31,21.26090554167897,21.308706373640355,21.244855656318776,21.28290642604252,50000
2020-08-03,21.28290642604252,21.464068711406693,20.477497539295243,20.6040302510396,63997
2020-08-04,20.6040302510396,20.89194180862139,20.43693469383673,20.728675618545413,156487
2020-08-05,20.728675618545413,20.885554127639473,20.553539747736895,20.647966106250955,50000
2020-08-06,20.647966106250955,20.698913085124342,20.454937946895285,20.593237931519074,50000
2020-08-07,20.593237931519074,20.72936659738541,20.31106060280924,20.312168582152804,50000
2020-08-10,20.312168582152804,20.40431118299752,19.85470601907315,19.955243086211993,50000
2020-08-11,19.955243086211993,20.60065276218654,19.72510007089944,20.572425829648857,69794
2020-08-12,20.572425829648857,21.143858393359658,20.49740260378,21.064322449973282,50000
2020-08-13,21.064322449973282,21.506889763855682,20.867217833272523,21.401862011117174,74427
2020-08-14,21.401862011117174,21.82485570501375,21.359352881670922,21.79169054019471,93340
2020-08-17,21.79169054019471,22.309468368938944,21.763565776893167,22.111742668523103,77139
2020-08-18,22.111742668523103,22.159408299998457,21.97899408589648,21.99834717646287,50000
2020-08-19,21.99834717646287,22.092021417691775,21.862114737603225,21.87178523288671,50000
2020-08-20,21.87178523288671,21.94806504130638,21.456951696743005,21.56024249779162,63761
2020-08-21,21.56024249779162,22.02227516813502,21.533751269724846,21.891737386069302,115740
2020-08-24,21.891737386069302,22.29652350127617,21.684919418159048,22.28766081874308,50000
2020-08-25,22.28766081874308,22.29565857998122,22.066255531820193,22.123712527644454,119347
2020-08-26,22.123712527644454,22.224115117305956,22.07765511469568,22.07858611561938,50000
2020-08-27,22.07858611561938,22.148417609155267,22.057128051755335,22.115483547360842,50000
2020-08-28,22.115483547360842,22.40478932643287,21.993409587974902,22.334006765987308,50000
2020-08-31,22.334006765987308,22.495754460827676,21.993190339852326,22.129499019123237,55412
2020-09-01,22.129499019123237,22.159614964403062,21.979762926873438,22.079048555651564,50000
2020-09-02,22.079048555651564,22.90630299846388,21.95879754732799,22.69113519012986,50000
2020-09-03,22.69113519012986,22.850326492534734,22.54435990241363,22.768311860478725,58951
2020-09-04,22.768311860478725,22.81492995248047,22.621837397513907,22.78553079812814,50000
2020-09-07,22.78553079812814,23.031291194871613,22.62163839411486,22.99528147103433,177768
2020-09-08,22.99528147103433,23.163258674446837,22.861441961450918,23.07034193068265,124881
2020-09-09,23.07034193068265,23.094534089638923,22.651688841838496,22.745587872039064,80210
2020-09-10,22.745587872039064,22.74647121510593,22.54928708048723,22.607682558619178,105466
2020-09-11,22.607682558619178,23.146574101654924,22.59104001679926,22.903746887500432,61189
2020-09-14,22.903746887500432,22.962439950345058,22.55775638959501,22.891595169444443,76856
2020-09-15,22.891595169444443,23.034494595137737,22.520096018560057,22.649667229827013,50000
2020-09-16,22.649667229827013,22.66146488273598,22.59519563211797,22.643126519110933,50000
2020-09-17,22.643126519110933,23.110224108493416,22.615435590691273,23.036288497564225,50000
2020-09-18,23.036288497564225,23.147016176667478,22.885132596422512,22.955859615860494,50000
2020-09-21,22.955859615860494,23.114188008462513,22.836313947675972,23.022531544523957,50000
2020-09-22,23.022531544523957,23.445419190892448,22.992823674976286,23.17528747515881,50000
2020-09-23,23.17528747515881,23.617020166639602,23.159511840256215,23.420534466385934,61771
2020-09-24,23.420534466385934,23.454377420736527,23.180770013944816,23.218934242373727,59026
2020-09-25,23.218934242373727,23.57031891027513,22.998547937921984,23.24646918220655,68874
2020-09-28,23.24646918220655,23.464049344098004,23.0937513426947,23.4565656697872,50000
2020-09-29,23.4565656697872,23.933725865077523,23.26062959569744,23.798162962513967,50000
2020-09-30,23.798162962513967,23.84442708824638,23.335286600153594,23.40479886619146,61384
2020-10-01,23.40479886619146,23.44549971718067,22.881814872055394,23.097380179452557,50000
2020-10-02,23.097380179452557,23.35042990239369,23.086026585352833,23.238108710834744,50000
2020-10-05,23.238108710834744,23.849595656612905,23.115681733806287,23.811754653063026,50000
2020-10-06,23.811754653063026,23.881338224552803,23.42840559125363,23.49555629466728,50000
2020-10-07,23.49555629466728,23.641577994682265,23.200010874268624,23.313736041313117,57600
2020-10-08,23.313736041313117,23.512311681032703,22.84046193655625,23.152527362715073,50000
2020-10-09,23.152527362715073,23.154345151217907,22.746523863646974,22.86196519040563,84190
2020-10-12,22.86196519040563,22.911179994675816,22.679910886471536,22.703439222332918,50000
2020-10-13,22.703439222332918,22.82812515856952,22.683304797202478,22.72807158375939,50000
2020-10-14,22.72807158375939,23.003954793555987,22.57460894979225,22.83794585197766,74407
2020-10-15,22.83794585197766,23.322771497751187,22.82991306637195,23.257212374764475,101837
2020-10-16,23.257212374764475,23.527662998556096,22.92629436091725,23.115107900475035,74689
2020-10-19,23.115107900475035,23.186301708869962,22.535960868501416,22.778439341210735,68200
2020-10-20,22.778439341210735,23.280382677414813,22.73793055317907,23.238796144358247,50000
2020-10-21,23.238796144358247,23.602544745477463,23.128875202894246,23.536233460811655,60651
2020-10-22,23.536233460811655,24.196603553778836,23.467157416482006,24.093846630381552,50000
2020-10-23,24.093846630381552,24.113085572334924,23.58362578225313,23.750102312875484,50000
2020-10-26,23.750102312875484,23.940924981999586,23.30432022970515,23.501493142412336,50000
2020-10-27,23.501493142412336,24.18922727766057,23.26856638425375,24.018859963699,82980
2020-10-28,24.018859963699,24.247026478971257,23.61547380947359,23.921603532518546,50000
2020-10-29,23.921603532518546,24.222525083626653,23.883309269417357,24.082549047198746,50000
2020-10-30,24.082549047198746,24.23064722634489,23.862922778481177,24.01564086316409,50000
2020-11-02,24.01564086316409,24.351175375308912,23.98706909737256,24.30874612874169,50000
2020-11-03,24.30874612874169,25.085478284417512,24.264011040808896,24.833571680359263,125311
2020-11-04,24.833571680359263,24.92355877768297,24.681914212049797,24.736326554560055,62387
2020-11-05,24.736326554560055,25.314829166879058,24.67167836034343,25.204695590251017,50000
2020-11-06,25.204695590251017,25.302249952752888,24.954277609332728,25.014799973825347,72163
2020-11-09,25.014799973825347,25.20638616308366,24.982136924712194,25.1699172276653,126102
2020-11-10,25.1699172276653,25.928190639294137,25.155617581587006,25.651913092343896,50000
2020-11-11,25.651913092343896,25.68105449277857,25.329311626752112,25.481525236214075,50000
2020-11-12,25.481525236214075,25.538350395277725,25.46484293336065,25.490836883079677,159024
2020-11-13,25.490836883079677,25.732083208826108,25.397589544217844,25.522896698010186,50000
2020-11-16,25.522896698010186,25.623396303576648,25.115711345988768,25.34500092240762,68588
2020-11-17,25.34500092240762,25.54576309962589,25.085226547086528,25.398342603380186,106615
2020-11-18,25.398342603380186,25.801482067534447,25.294101246684498,25.76236547406519,138045
2020-11-19,25.76236547406519,25.912072410798057,25.719499548995998,25.730964520925625,60379
2020-11-20,25.730964520925625,25.951797217201367,25.4378951321887,25.636637613108192,50000
2020-11-23,25.636637613108192,26.33307906765089,25.233544188341575,26.175401113461895,81503
2020-11-24,26.175401113461895,26.4552773394573,26.11981196185944,26.325412270879962,65438
2020-11-25,26.325412270879962,26.701098277654776,26.236430506430924,26.646328684006683,50000
2020-11-26,26.646328684006683,26.836939079040054,26.38513962569898,26.453971196241,50000
2020-11-27,26.453971196241,26.61196049670712,26.190807820703075,26.390906513366055,50000
2020-11-30,26.390906513366055,26.714861820177934,26.36869165318918,26.40072280048413,103456
2020-12-01,26.40072280048413,26.577844378665176,26.148432604480597,26.186096873293046,67607
2020-12-02,26.186096873293046,26.766965710747737,25.981231800613756,26.561581917036406,50000
2020-12-03,26.561581917036406,27.099964827752224,26.53753898413822,26.858316707836195,84739
2020-12-04,26.858316707836195,27.026017440636906,26.5892416832211,26.678633902097044,50000
2020-12-07,26.678633902097044,27.42928066695975,26.644260239800218,27.128956621548713,51749
2020-12-08,27.128956621548713,27.945569174322642,27.016768825973642,27.870029856171477,50000
2020-12-09,27.870029856171477,28.248672097250896,27.832080361260527,27.931543682418905,50000
2020-12-10,27.931543682418905,28.111352539520613,27.52052598679065,27.573384601030245,50000
2020-12-11,27.573384601030245,28.308112376952355,27.440834746752692,28.295073381666796,68122
2020-12-14,28.295073381666796,28.560955809903326,28.156144749041246,28.50948776386908,50000
2020-12-15,28.50948776386908,28.545122625085046,28.330315005958834,28.398813913171757,82750
2020-12-16,28.398813913171757,28.439210799260156,28.286702060540037,28.402591956450674,50000
2020-12-17,28.402591956450674,28.50834470129071,28.273717625006995,28.491471811602548,86355
2020-12-18,28.491471811602548,28.735498282597334,28.06813872483692,28.217143128582745,50000
2020-12-21,28.217143128582745,28.351774171028236,28.00621597702268,28.03750543370587,50000
2020-12-22,28.03750543370587,28.130353117511515,27.46071091020385,27.65564310421402,115557
2020-12-23,27.65564310421402,28.65403604229418,27.547384372388482,28.632987090032895,65272
2020-12-24,28.632987090032895,28.77923198031116,28.073603778929638,28.211532241862447,50000
2020-12-25,28.211532241862447,28.225115294056046,27.80635215294561,27.866921189866044,64639
2020-12-28,27.866921189866044,28.217630259349576,27.76328090029288,28.12384227776466,50000
2020-12-29,28.12384227776466,28.565415130622927,27.897832594875787,28.538818545366134,55905
2020-12-30,28.538818545366134,28.72666820832432,28.494884726238958,28.676940000231475,110937
2020-12-31,28.676940000231475,28.965222570146764,28.52321092828084,28.811545036912015,67013
2021-01-01,28.811545036912015,28.983060072341978,28.04044166831107,28.2441000416198,50000
2021-01-04,28.2441000416198,28.469606403521276,27.64090188498473,27.722027604756256,60833
2021-01-05,27.722027604756256,27.763552530845317,27.484644577578905,27.647223841535325,50000
2021-01-06,27.647223841535325,27.708936171184746,27.15953325223653,27.20842502917777,50000
2021-01-07,27.20842502917777,27.23968128425465,26.7021128589433,27.114175999280206,89775
2021-01-08,27.114175999280206,27.20800881214676,26.443823827569084,26.537357408107795,50000
2021-01-11,26.537357408107795,26.65519204737118,26.136019379617327,26.144487632676185,50000
2021-01-12,26.144487632676185,26.40685315347398,25.965718437153125,26.36943564614052,50000
2021-01-13,26.36943564614052,26.582058592743714,25.954935987491414,26.433533445825834,50000
2021-01-14,26.433533445825834,26.63647458837682,26.31826103870453,26.59520744330225,226362
2021-01-15,26.59520744330225,26.703912782225263,26.3562458099084,26.509917050425837,50000
2021-01-18,26.509917050425837,27.317381459399677,26.2726522652014,27.157088557952996,50000
2021-01-19,27.157088557952996,27.3158401761187,26.896381741120255,27.249247885121587,50000
2021-01-20,27.249247885121587,27.336853645625528,27.1857388742265,27.244396766842556,50000
2021-01-21,27.244396766842556,27.259368382805107,27.19671264212916,27.22466625756458,50000
2021-01-22,27.22466625756458,27.547451823820367,27.149226618503423,27.202729878764817,50000
2021-01-25,27.202729878764817,27.27544144296832,26.927881121689968,27.073604426341614,89285
2021-01-26,27.073604426341614,27.50064162700087,27.05729203745058,27.32458500885308,50000
2021-01-27,27.32458500885308,27.474305210587566,27.07887419009585,27.357666957225792,50000
2021-01-28,27.357666957225792,27.752246589370024,27.118451224861985,27.605097776390895,50000
2021-01-29,27.605097776390895,27.64642091584255,27.231786603407297,27.27934897723589,50000
2021-02-01,27.27934897723589,27.531099078508532,27.24526030118825,27.505118904313417,50000
2021-02-02,27.505118904313417,27.676325805010926,27.243401662869903,27.405146016910614,50000
2021-02-03,27.405146016910614,27.424136523112175,27.24278260491888,27.39814061564336,50000
2021-02-04,27.39814061564336,27.605750053186203,26.886888891567803,26.984032771858452,55789
2021-02-05,26.984032771858452,27.120035255494912,26.77430674846409,26.827781756610808,50000
2021-02-08,26.827781756610808,27.087394099167536,26.824729672972964,26.94596563763263,50000
2021-02-09,26.94596563763263,27.038940511752987,26.761020636150924,27.01435413771935,50000
2021-02-10,27.01435413771935,27.14437414148765,26.737325554726212,26.839740510778665,162591
2021-02-11,26.839740510778665,27.082816720591367,26.76843535530431,26.86509861125511,50000
2021-02-12,26.86509861125511,26.954333912925627,26.736166703940153,26.912072808195248,212412
2021-02-15,26.912072808195248,26.921418584573853,26.564391192852604,26.725242980558797,50000
2021-02-16,26.725242980558797,27.135289382726906,26.603365979394525,27.04876759189688,50000
2021-02-17,27.04876759189688,27.15206283911397,26.72735142522564,26.928656345372094,50000
2021-02-18,26.928656345372094,27.025721229660196,26.29512010401664,26.737584438912513,50000
2021-02-19,26.737584438912513,27.07389241787958,26.680531700830596,26.930195430625425,56411
2021-02-22,26.930195430625425,27.352097510427292,26.73955818617489,27.248813686274957,93910
2021-02-23,27.248813686274957,27.750953450000146,26.905306423700022,27.72606019549461,50000
2021-02-24,27.72606019549461,27.76343736485678,27.236738101000245,27.253157096340086,104007
2021-02-25,27.253157096340086,27.326545133832077,26.974572858681697,27.166847617769626,50000
2021-02-26,27.166847617769626,27.17790685771292,27.014755325664044,27.066306328019316,50000
2021-03-01,27.066306328019316,27.543037698445858,27.00050214458433,27.49328011766409,50000
2021-03-02,27.49328011766409,27.499726879876892,27.420352525067965,27.430228300361453,50000
2021-03-03,27.430228300361453,27.618237793950485,27.09545274421352,27.148341721770265,50000
2021-03-04,27.148341721770265,27.395364685024028,26.929773684028653,26.948281167384337,50000
2021-03-05,26.948281167384337,27.676082005957376,26.807000942516904,27.48587256500354,50000
2021-03-08,27.48587256500354,28.354358289574517,27.314706690434097,28.118934578266654,50000
2021-03-09,28.118934578266654,28.764109605506526,27.93437943895415,28.657686203253817,63385
2021-03-10,28.657686203253817,28.79242356292412,28.041709207893597,28.148579551737026,50000
2021-03-11,28.148579551737026,28.601955173169216,28.118720747029705,28.564829418595764,85760
2021-03-12,28.564829418595764,28.885985734269678,28.039876350617256,28.089643220694835,50000
2021-03-15,28.089643220694835,28.0953545056996,28.02999186245165,28.062039378444457,50000
2021-03-16,28.062039378444457,28.106137082195055,27.755989560466727,27.843849286666327,50000
2021-03-17,27.843849286666327,28.154999973051044,27.567052505649137,28.143064864539166,50000
2021-03-18,28.143064864539166,28.228378932039128,27.898101350074448,27.912248120672423,50000
2021-03-19,27.912248120672423,28.1778393994633,27.89087913506863,28.122327899410745,199188
2021-03-22,28.122327899410745,28.291941547240533,27.73602492075819,28.112297976360956,50000
2021-03-23,28.112297976360956,28.138651271046605,27.825502189402453,28.092318519121758,79299
2021-03-24,28.092318519121758,28.121696729048256,27.62400898855565,27.835773103123252,50000
2021-03-25,27.835773103123252,28.250145466949885,27.639775905652428,27.97230302971553,50000
2021-03-26,27.97230302971553,28.057812733807296,27.672411771787907,27.79274886140702,50000
2021-03-29,27.79274886140702,28.065338170982223,27.663816583547185,28.048373319961403,50000
2021-03-30,28.048373319961403,28.44686989113216,27.857731616566895,28.40199265907914,113523
2021-03-31,28.40199265907914,28.7655496442941,28.3960662172062,28.629594274615265,74062
2021-04-01,28.629594274615265,28.942742191828447,28.305963437598088,28.551056871527777,50000
2021-04-02,28.551056871527777,28.574382557883286,27.520336978656196,27.724912839800858,65527
2021-04-05,27.724912839800858,27.79351423133137,27.249495658523465,27.49856908614885,50000
2021-04-06,27.49856908614885,28.37519311197881,27.450313916569733,28.01529696649205,50000
2021-04-07,28.01529696649205,28.217427002448666,27.588434933539038,27.624037797944183,62576
2021-04-08,27.624037797944183,27.760938874227605,27.287190790295778,27.365418502204104,50000
2021-04-09,27.365418502204104,28.06666571681959,27.259198759856766,27.7194329273576,50000
2021-04-12,27.7194329273576,27.735246696206445,27.63375602159257,27.70751247427454,125711
2021-04-13,27.70751247427454,27.743312529401443,27.448670411935947,27.55121045207158,50000
2021-04-14,27.55121045207158,27.75608853808323,27.43654989227989,27.62607426294355,50000
2021-04-15,27.62607426294355,27.708029148494433,27.541806756827352,27.634477497751156,50000
2021-04-16,27.634477497751156,27.88165762473169,27.490548040859952,27.747877759366666,69475
2021-04-19,27.747877759366666,28.526198521233386,27.44541094798297,28.42273157985448,50000
2021-04-20,28.42273157985448,28.978796589920062,28.123813195994654,28.89562461155657,50000
2021-04-21,28.89562461155657,29.354466565480354,28.61834096923069,29.32309459360997,50000
2021-04-22,29.32309459360997,29.80214517371999,29.02414194220838,29.763417443342963,50000
2021-04-23,29.763417443342963,29.86015325366717,29.525728186936927,29.53624373488273,50000
2021-04-26,29.53624373488273,30.0349503028046,29.27508420325619,29.71644385999148,50000
2021-04-27,29.71644385999148,30.241894711277368,29.515833486478424,30.067994188565397,50000
2021-04-28,30.067994188565397,30.283047079025813,29.282318411067873,29.378831035936905,50000
2021-04-29,29.378831035936905,29.52660185149552,28.845138970633997,28.851306744789007,50000
2021-04-30,28.851306744789007,28.8994391513594,28.40785567012687,28.52461175552129,50000
2021-05-03,28.52461175552129,28.738569612124078,28.46266279680548,28.636043692853114,50000
2021-05-04,28.636043692853114,28.706703408280436,28.596687473578935,28.692579813284,164069
2021-05-05,28.692579813284,29.31548767545385,28.68592119687723,29.129377789541277,50000
2021-05-06,29.129377789541277,29.719619227382807,29.06045613564829,29.48006982437193,50000
2021-05-07,29.48006982437193,29.802377176438863,29.259926688054477,29.324071472829033,80486
2021-05-10,29.324071472829033,29.699867745375723,29.258396586104617,29.637256992758708,50000
2021-05-11,29.637256992758708,29.92290859701139,29.569454797228715,29.77766279927973,50000
2021-05-12,29.77766279927973,29.909978433161065,29.4759275731465,29.60493374232913,50000
2021-05-13,29.60493374232913,30.251021929227168,29.346531907519527,30.048562959643625,50000
2021-05-14,30.048562959643625,30.29303145923191,29.195847945147964,29.570091864712328,50000
2021-05-17,29.570091864712328,30.545205332401462,29.311517617735607,30.215096657607393,50000
2021-05-18,30.215096657607393,30.229776884142893,29.943415882684615,30.096860433177675,50000
2021-05-19,30.096860433177675,30.66034844765133,30.035382087094387,30.51754048927995,58209
2021-05-20,30.51754048927995,30.723446463305493,30.33019914040966,30.333264001344816,171292
2021-05-21,30.333264001344816,30.777785520794723,30.269512021197567,30.516137507401076,84901
2021-05-24,30.516137507401076,31.019393102018295,30.40421438240201,30.61083749670741,50000
2021-05-25,30.61083749670741,30.76299508401118,30.49045519632691,30.508291585186658,81905
2021-05-26,30.508291585186658,30.850416981570607,29.947019729110654,30.05209005030788,50000
2021-05-27,30.05209005030788,30.360016404538385,29.89178262304108,30.206892515603116,50000
2021-05-28,30.206892515603116,30.7227217079893,30.148438789987004,30.526826573238814,50000
2021-05-31,30.526826573238814,30.875254930615593,29.959253162711676,30.234122355492104,50869
2021-06-01,30.234122355492104,30.821194120964268,30.095880388343556,30.584216227162763,52328
2021-06-02,30.584216227162763,30.615352807689693,30.070002655877197,30.197411822634002,50000
2021-06-03,30.197411822634002,31.36727012427113,29.90066483693716,30.96622896995608,50000
2021-06-04,30.96622896995608,31.193773025335382,30.865167552135457,30.98278646479382,50000
2021-06-07,30.98278646479382,31.651715145995915,30.902722540214096,31.560137686818937,50000
2021-06-08,31.560137686818937,31.64114217001059,31.42640513983155,31.492770153128617,50000
2021-06-09,31.492770153128617,31.677257742591785,31.406389523610816,31.66413773538436,50000
2021-06-10,31.66413773538436,31.733858806473812,31.093935815609647,31.338940926845403,50000
2021-06-11,31.338940926845403,31.657954896396568,30.927421395235346,31.10484430227081,50000
2021-06-14,31.10484430227081,31.16905931545714,30.86398928541142,31.014866849105857,50000
2021-06-15,31.014866849105857,31.725239983898796,30.828450999795557,31.62370515008922,50000
2021-06-16,31.62370515008922,31.83230688830695,31.551925547737245,31.71141431164672,59003
2021-06-17,31.71141431164672,31.987246918308198,31.640530152831754,31.946025608329926,50239
2021-06-18,31.946025608329926,32.50051742813134,31.862888255203384,32.28326056894654,50000
2021-06-21,32.28326056894654,33.381189923035016,32.24167559550538,33.169308006958566,50000
2021-06-22,33.169308006958566,33.44075314560704,32.99443913275589,33.25294984147444,216463
2021-06-23,33.25294984147444,33.835687044177,33.169204117196664,33.739792977594995,54127
2021-06-24,33.739792977594995,34.23429754445277,33.31309949226174,33.39611761451627,51834
2021-06-25,33.39611761451627,33.57538873425572,33.08650293354823,33.30404617092141,70705
2021-06-28,33.30404617092141,33.6727852683211,32.76576671651929,32.87734623416151,50000
2021-06-29,32.87734623416151,33.58078470641964,32.75082906562462,33.360361771204076,101222
2021-06-30,33.360361771204076,33.95532367297412,33.247929671049,33.887879976317436,62982
2021-07-01,33.887879976317436,34.04724804858499,33.76426917414473,33.8863737030027,50000
2021-07-02,33.8863737030027,34.04314689796395,33.44922622127319,33.95970961934663,63287
2021-07-05,33.95970961934663,34.20110952335555,33.65313786978905,33.85059845013186,109121
2021-07-06,33.85059845013186,34.89948091055751,33.69182794996801,34.62506020788986,50000
2021-07-07,34.62506020788986,34.83202514001028,33.82526910568266,33.987036300782314,50000
2021-07-08,33.987036300782314,34.17803467954965,33.85619585555557,34.066077078015255,50000
2021-07-09,34.066077078015255,34.19470874092248,33.59277714338049,34.008265131765356,50000
2021-07-12,34.008265131765356,34.248646740913514,33.068405861676425,33.30515543767128,50000
2021-07-13,33.30515543767128,33.76188821809971,33.187025903340654,33.58206227994198,65910
2021-07-14,33.58206227994198,33.66531211775442,33.39054040147989,33.47319789111727,50000
2021-07-15,33.47319789111727,34.4236272859847,33.385117889304915,34.09034577180914,50000
2021-07-16,34.09034577180914,34.34975309243352,34.07459902183572,34.20963511223712,116897
2021-07-19,34.20963511223712,34.45640973481028,33.65036479113576,33.90289009675765,50000
2021-07-20,33.90289009675765,34.154107980823966,33.563773796997225,33.769406474228376,116433
2021-07-21,33.769406474228376,33.85483823688015,33.659242132331684,33.798059228225426,95477
2021-07-22,33.798059228225426,33.96972204273584,33.472844845926495,33.72875341590778,50000
2021-07-23,33.72875341590778,34.00884521690595,33.69633869962928,33.92028028983974,50000
2021-07-26,33.92028028983974,33.98067042371843,33.44537019402862,33.656207004576856,50310
2021-07-27,33.656207004576856,33.96822193671456,33.59204104345098,33.894010048680784,50000
2021-07-28,33.894010048680784,34.18141039782776,33.743466576251436,34.04620695739165,50000
2021-07-29,34.04620695739165,34.067511652005955,33.379043748090275,33.575136827160854,64353
2021-07-30,33.575136827160854,33.91435735423245,33.007470166459015,33.33136422525716,65833
2021-08-02,33.33136422525716,34.14844141345439,33.21927177507778,33.99835508062702,70103
2021-08-03,33.99835508062702,34.363893610733285,33.94414327946494,34.31139788240858,73907
2021-08-04,34.31139788240858,34.517614052610824,33.43416078000565,33.91601101072007,50000
2021-08-05,33.91601101072007,34.108920670561865,33.53188289100196,33.96044074840104,87221
2021-08-06,33.96044074840104,34.3694785865997,33.90749346765501,34.15121071082065,50000
2021-08-09,34.15121071082065,34.3284133299311,33.98425986014971,34.21217720166157,75379
2021-08-10,34.21217720166157,34.294073585701945,33.45595959502902,33.51689493054624,50000
2021-08-11,33.51689493054624,33.636902197315415,33.36680067809843,33.42321774282934,50000
2021-08-12,33.42321774282934,33.92262616286094,33.28725633707665,33.68757811677116,50000
2021-08-13,33.68757811677116,33.752975203897606,33.33688015324855,33.372212717182414,50000
2021-08-16,33.372212717182414,33.65358567888589,33.34740632908185,33.63284326713458,50000
2021-08-17,33.63284326713458,33.695207016102515,32.9328081935022,33.22085768583636,56524
2021-08-18,33.22085768583636,33.491540607385,33.09099460718488,33.33062397915843,50000
2021-08-19,33.33062397915843,34.41442135195961,33.25385330393448,34.02575351352325,50000
2021-08-20,34.02575351352325,34.13432692612804,33.572270171234855,33.89768238197328,50000
2021-08-23,33.89768238197328,34.053869061973835,33.58197783025149,33.98493483035705,69173
2021-08-24,33.98493483035705,34.168715216500054,33.55476698840721,33.67239101102764,50091
2021-08-25,33.67239101102764,33.90220360186181,33.21550474447827,33.78367477216605,50000
2021-08-26,33.78367477216605,34.20858127240878,33.5343266409293,33.953838182369125,50000
2021-08-27,33.953838182369125,34.378202722702646,33.94217018050094,34.30698121685083,62784
2021-08-30,34.30698121685083,34.468588191814625,33.66038210537864,33.950634644130886,50000
2021-08-31,33.950634644130886,34.019087347757434,33.74783217052464,33.97271840424814,50000
2021-09-01,33.97271840424814,33.972989548772745,33.21790201002927,33.473096354377695,50000
2021-09-02,33.473096354377695,33.62967321502492,32.895590196078494,33.55943073741056,50000
2021-09-03,33.55943073741056,33.83683872436031,33.23949143348645,33.782369141856336,53251
2021-09-06,33.782369141856336,34.12811015181839,33.32726970018435,33.58191611254317,53183
2021-09-07,33.58191611254317,33.98857191570045,33.49819553488218,33.82214857944048,50000
2021-09-08,33.82214857944048,34.30414504048049,33.72476074001963,34.29722913092982,75098
2021-09-09,34.29722913092982,34.92595776893058,34.18080470354725,34.6967265282805,60514
2021-09-10,34.6967265282805,35.485206893145524,34.566655253566466,35.33531130011197,50000
2021-09-13,35.33531130011197,35.52124294935592,35.064386625528456,35.15250098484659,103867
2021-09-14,35.15250098484659,35.249899132483336,34.87085086758037,35.0572081943776,50000
2021-09-15,35.0572081943776,35.16953661055207,34.729021136331035,35.11255023922399,62533
2021-09-16,35.11255023922399,35.28771263830113,34.51395858698033,34.57750938039136,50442
2021-09-17,34.57750938039136,34.59188158191522,34.167783325895314,34.24627586497969,50000
2021-09-20,34.24627586497969,34.51165561690831,33.9994592058478,34.011030381986814,50000
2021-09-21,34.011030381986814,34.370644520259766,33.928489798899115,34.24236473484123,50000
2021-09-22,34.24236473484123,34.52639186711254,33.489436365244096,33.76413598617504,50000
2021-09-23,33.76413598617504,33.9581771922204,33.744351014646796,33.78334056137925,50000
2021-09-24,33.78334056137925,34.12829560080763,33.71914943790428,34.0832813536478,87339
2021-09-27,34.0832813536478,34.228914714098586,33.67663291624383,33.830242618154784,50000
2021-09-28,33.830242618154784,34.46939940899721,33.49965157086354,34.45009015096223,58305
2021-09-29,34.45009015096223,34.97619460024889,34.33350693134989,34.5899913376163,50153
2021-09-30,34.5899913376163,34.63339179518012,34.25852916050791,34.41298863602376,58671
2021-10-01,34.41298863602376,34.82017721532975,34.153939438648166,34.622294503438155,50000
2021-10-04,34.622294503438155,34.82703779451683,34.42435139143823,34.67034646155377,50000
2021-10-05,34.67034646155377,35.059302639499656,34.60799356800837,35.034048568245986,89413
2021-10-06,35.034048568245986,36.30323237078827,34.92949552329394,36.03773041962831,50000
2021-10-07,36.03773041962831,36.12278096844739,35.35635123586357,35.65608668319664,99438
2021-10-08,35.65608668319664,36.51549093817113,35.39372987917472,36.07760406893303,118444
2021-10-11,36.07760406893303,36.11307439790317,36.04866259281146,36.07480915522799,55689
2021-10-12,36.07480915522799,36.441160907840576,35.457917160107115,35.75465047713987,57454
2021-10-13,35.75465047713987,36.04188504611672,35.63087714660634,35.90878597398949,50000
2021-10-14,35.90878597398949,36.96062667064593,35.886917903921606,36.71242936966211,50000
2021-10-15,36.71242936966211,36.97723736200268,36.511631548620656,36.55449621979101,50000
2021-10-18,36.55449621979101,36.65651222936992,36.509849321173654,36.58637828547067,50000
2021-10-19,36.58637828547067,36.87635525530652,35.746260789190146,35.94538268719353,50000
2021-10-20,35.94538268719353,35.96185298483287,35.22246847080371,35.32042777799774,50000
2021-10-21,35.32042777799774,35.727853601487524,35.15303781174319,35.61468654097339,108915
2021-10-22,35.61468654097339,35.68925672009099,35.12091701681095,35.400189454129645,50000
2021-10-25,35.400189454129645,35.52796517864969,35.030770532671134,35.371778513872734,76476
2021-10-26,35.371778513872734,35.74101684178454,35.30717240584657,35.59872979469346,50000
2021-10-27,35.59872979469346,35.653396209180016,34.95490648562641,35.038800408217405,52876
2021-10-28,35.038800408217405,35.362213270223734,34.910705598535635,35.19528527147086,50000
2021-10-29,35.19528527147086,35.590762324232536,35.05584727893112,35.43778035663177,50000
2021-11-01,35.43778035663177,35.461234792594496,35.15970962128279,35.26784654140851,87003
2021-11-02,35.26784654140851,35.61936032176927,34.63806884542719,35.008559420663076,50000
2021-11-03,35.008559420663076,35.38892648390026,34.86536053247052,35.17642874960395,50000
2021-11-04,35.17642874960395,35.7608400168639,35.035795018488706,35.461187556322024,50000
2021-11-05,35.461187556322024,36.12263659800898,35.24101211123307,35.89914128854931,50000
2021-11-08,35.89914128854931,35.92630894828858,35.638077047808956,35.79430046784967,50000
2021-11-09,35.79430046784967,36.54024334052163,35.548915326139934,36.477340301736746,50000
2021-11-10,36.477340301736746,36.77849051886527,35.581399227371826,36.060934673678425,50000
2021-11-11,36.060934673678425,36.89367903910911,35.80173688178217,36.505337832748495,50000
2021-11-12,36.505337832748495,36.72643791335513,36.069351015756205,36.150474099483674,50000
2021-11-15,36.150474099483674,36.677758534441224,36.03945855214309,36.57145647466628,50000
2021-11-16,36.57145647466628,37.02203067747274,36.107967635347364,36.76592673975074,76875
2021-11-17,36.76592673975074,37.74444279787089,36.69647156875515,37.449907424242234,50000
2021-11-18,37.449907424242234,37.74012907424669,37.127149118919746,37.56286410290756,147451
2021-11-19,37.56286410290756,38.0432347093792,37.32933051975342,37.74270026337684,50000
2021-11-22,37.74270026337684,37.96223974880093,37.525505191996565,37.563598611292676,50000
2021-11-23,37.563598611292676,37.870981050544856,37.39640890374456,37.77342535763478,61672
2021-11-24,37.77342535763478,38.54641827493482,37.608970572178535,38.31467330153413,50000
2021-11-25,38.31467330153413,38.31883113065025,37.549419136776116,37.840193962842044,72832
2021-11-26,37.840193962842044,38.367509786126995,37.37555419506112,38.02906516288422,50000
2021-11-29,38.02906516288422,38.79578290099088,37.60024640159816,38.58873590850788,50000
2021-11-30,38.58873590850788,38.99393102501048,38.128531842387034,38.814913377412516,50000
2021-12-01,38.814913377412516,39.14219998190458,38.016372792111106,38.180296609028034,50000
2021-12-02,38.180296609028034,38.21469638083159,37.82587465182951,37.935689392287905,50000
2021-12-03,37.935689392287905,38.37218378351183,37.797246560664874,38.20270219159702,50936
2021-12-06,38.20270219159702,38.63658383756548,37.81312279152993,38.52171375187763,50000
2021-12-07,38.52171375187763,38.880961349322995,38.24420910597366,38.66430082618492,50000
2021-12-08,38.66430082618492,38.840916825378166,38.55015687522179,38.7096788070335,50000
2021-12-09,38.7096788070335,38.75148626273597,38.55712209093632,38.72114553929378,531773
2021-12-10,38.72114553929378,38.984643803305616,38.61223159512604,38.79769509515368,51483
2021-12-13,38.79769509515368,38.87850912604604,38.279095080988554,38.77786433121603,50000
2021-12-14,38.77786433121603,39.12313969298595,38.25544061170613,38.55434883231674,81526
2021-12-15,38.55434883231674,38.58683980367429,38.17246636389381,38.23447937272253,50000
2021-12-16,38.23447937272253,38.60594167206184,37.65545393557531,37.74326879665135,60454
2021-12-17,37.74326879665135,37.90381252032973,37.04648294443118,37.40525383903361,50000
2021-12-20,37.40525383903361,37.94250817543671,37.325247053159394,37.6028167071939,55041
2021-12-21,37.6028167071939,37.98106768219585,37.5948362939086,37.94202445975441,50000
2021-12-22,37.94202445975441,38.22849234571724,37.62884157318671,38.14621132673591,78048
2021-12-23,38.14621132673591,38.46797411384348,37.95365746843661,38.09489859024447,64631
2021-12-24,38.09489859024447,38.81616093418096,37.98278619845746,38.679896330589514,50000
2021-12-27,38.679896330589514,39.02048524624378,38.600565549993405,38.98713719983441,50000
2021-12-28,38.98713719983441,39.44234292808913,38.681622963413744,39.3672703975218,50000
2021-12-29,39.3672703975218,39.64950021486746,38.79960271214646,38.95855931566466,50000
2021-12-30,38.95855931566466,39.397961705667214,38.875349973412106,39.2622817692506,50000
2021-12-31,39.2622817692506,39.36072919892406,39.211046791318644,39.30579870773997,50000
2022-01-03,39.30579870773997,39.56720944263788,38.90078962944173,38.997236938119805,50000
2022-01-04,38.997236938119805,39.40568040384664,38.753519491373794,39.34353459453425,50000
2022-01-05,39.34353459453425,39.54106465971042,39.237327706804734,39.30558142382765,72139
2022-01-06,39.30558142382765,39.5049610383509,38.449891823114356,38.89388184126332,50000
2022-01-07,38.89388184126332,39.13409576143295,38.67255149947389,39.029563539331804,50000
2022-01-10,39.029563539331804,39.733272175910415,39.01727705566077,39.538684808721044,50000
2022-01-11,39.538684808721044,40.03155895995624,39.11442881281816,39.77228861404075,50000
2022-01-12,39.77228861404075,40.1948386371948,39.31023491298575,40.07879942560479,50000
2022-01-13,40.07879942560479,40.756496011344396,40.0734237583454,40.57526844811163,71166
2022-01-14,40.57526844811163,41.09487537289623,40.26612070455239,40.38776255117367,50000
2022-01-17,40.38776255117367,41.005267873975136,39.96646721613732,40.91630410397848,50000
2022-01-18,40.91630410397848,41.107219952900316,40.71427151944349,40.748082730964185,79730
2022-01-19,40.748082730964185,41.314921038503336,40.552933228185665,41.204450139164706,50000
2022-01-20,41.204450139164706,41.33827789060454,41.05219271006889,41.100257220987125,50000
2022-01-21,41.100257220987125,41.630025037249126,40.7814964508481,41.25165422260214,89125
2022-01-24,41.25165422260214,41.7676959663549,41.07371192969273,41.74042893884286,79995
2022-01-25,41.74042893884286,42.03131975051504,41.67773662360254,41.905814519916326,50000
2022-01-26,41.905814519916326,42.75620656525444,41.806890091720355,42.355671751254505,66151
2022-01-27,42.355671751254505,43.30702268784932,42.23785858134501,42.68076302476347,54168
2022-01-28,42.68076302476347,42.777133951899266,42.35021188528203,42.48589476455226,50000
2022-01-31,42.48589476455226,42.73364525903949,41.880167061470985,42.16062078852867,50000
2022-02-01,42.16062078852867,42.44438640876306,41.90852659153223,41.99656575480551,50000
2022-02-02,41.99656575480551,42.16728664422167,41.66153632611871,41.86171131040594,50000
2022-02-03,41.86171131040594,41.89801479378605,41.756741665479865,41.87921470405087,50000
2022-02-04,41.87921470405087,42.300716418048175,41.43812118939599,41.725735259056066,50000
2022-02-07,41.725735259056066,42.2982183307668,41.602792260909794,42.119728689282,50000
2022-02-08,42.119728689282,42.27578682961668,41.25497426808314,41.5879672133696,50000
2022-02-09,41.5879672133696,41.71371517699856,41.0690414078913,41.14647534434887,50000
2022-02-10,41.14647534434887,41.473065909340555,40.42996531396246,40.957191815971115,50000
2022-02-11,40.957191815971115,40.959637217960044,40.42557258782549,40.82029134381972,52849
2022-02-14,40.82029134381972,41.212605112083644,40.50437586737045,40.83956889791807,96982
2022-02-15,40.83956889791807,41.21184402252342,40.798214115851316,40.9768334481538,50000
2022-02-16,40.9768334481538,41.23251188586482,40.65144281550081,40.69668928476654,50000
2022-02-17,40.69668928476654,40.88297282795663,40.073957861331095,40.3913773737833,50000
2022-02-18,40.3913773737833,41.0203566525269,40.30713693113296,40.79371038022038,50000
2022-02-21,40.79371038022038,40.90117412309739,39.84346924077931,40.447623885955615,50000
2022-02-22,40.447623885955615,40.668392035611774,40.17215764357419,40.21431487258362,99438
2022-02-23,40.21431487258362,40.265427882069915,39.20268140068047,39.7060594819686,50000
2022-02-24,39.7060594819686,40.033145228640514,39.185148293824675,39.35543850615276,100667
2022-02-25,39.35543850615276,40.40411113245166,39.25761595730746,39.93265597412903,50000
2022-02-28,39.93265597412903,40.43108802669161,39.78560935066201,40.242411342251245,50000
2022-03-01,40.242411342251245,41.00711645840315,39.879747765701836,40.8182511906244,50000
2022-03-02,40.8182511906244,40.94135164419941,40.78329752324145,40.862927848450504,50000
2022-03-03,40.862927848450504,41.166014347633364,40.653366900963825,41.05470592090946,50000
2022-03-04,41.05470592090946,41.243187101577696,40.68823393029414,40.963340130119335,92498
2022-03-07,40.963340130119335,41.28847475945819,40.58290308840549,41.077278562649745,50000
2022-03-08,41.077278562649745,41.088421239875245,40.792678197991314,41.07667167504427,50000
2022-03-09,41.07667167504427,41.8659117624338,40.98950129819929,41.43344937918736,50000
2022-03-10,41.43344937918736,42.00452106593078,41.25550424980641,41.81989499850368,50000
2022-03-11,41.81989499850368,42.20777378032773,41.21033950201018,41.262377524924176,50000
2022-03-14,41.262377524924176,41.7304941286618,41.03188365006604,41.513616465130454,103223
2022-03-15,41.513616465130454,41.66644043401891,40.990778555815275,41.30322321703628,103372
2022-03-16,41.30322321703628,41.76121753708525,40.79922083808306,41.61047508143834,50000
2022-03-17,41.61047508143834,42.00373697277657,41.42495373679646,41.91421469457488,50000
2022-03-18,41.91421469457488,42.13075856056912,41.74909851893485,41.96411039148007,82484
2022-03-21,41.96411039148007,42.047799466265026,40.812781349973044,41.34069516718946,163322
2022-03-22,41.34069516718946,41.718552104370374,41.062988238102285,41.268082117365054,50000
2022-03-23,41.268082117365054,41.7231597405648,41.24085491974643,41.48340082613267,68408
2022-03-24,41.48340082613267,41.91019543377945,41.28093076197808,41.375902455638446,50000
2022-03-25,41.375902455638446,41.58115368298901,40.70047556928489,40.98003235338134,50000
2022-03-28,40.98003235338134,41.00152361468775,40.7199184689343,40.88220145040955,50000
2022-03-29,40.88220145040955,40.95474912327161,40.55290109630039,40.89622029360209,76079
2022-03-30,40.89622029360209,41.28489331490993,40.016907285242326,40.3536602844552,50000
2022-03-31,40.3536602844552,40.674474218980684,40.34702875024255,40.6078978401842,50000
2022-04-01,40.6078978401842,41.344481829762394,40.24670993006897,41.264601622960924,50000
2022-04-04,41.264601622960924,41.54507594624193,40.040124142881275,40.86390283308061,50000
2022-04-05,40.86390283308061,41.15050885111798,40.470397934855775,40.637385500407014,50000
2022-04-06,40.637385500407014,41.374043209942975,40.354842030437986,41.06398258635372,59846
2022-04-07,41.06398258635372,41.53571600003994,40.86036892835951,41.22507901292096,50000
2022-04-08,41.22507901292096,41.31712468528068,40.30900450889452,40.62711071037535,50000
2022-04-11,40.62711071037535,41.38214405091452,40.468586741249176,41.30730712260244,50000
2022-04-12,41.30730712260244,41.37803027396085,40.74659081628883,40.85627193950362,50000
2022-04-13,40.85627193950362,41.48851070761741,40.39074042175053,41.458296170309126,50000
2022-04-14,41.458296170309126,42.012664528693094,41.22083343550298,41.63714912013102,59844
2022-04-15,41.63714912013102,42.176490377627054,41.066633456654344,41.47872693861854,78671
2022-04-18,41.47872693861854,41.775481699318235,41.220411879194685,41.578493237008374,50000
2022-04-19,41.578493237008374,41.8145340768001,41.19693525232606,41.457925462531705,50000
2022-04-20,41.457925462531705,42.1498197368012,41.343822305179216,41.76518798495923,50000
2022-04-21,41.76518798495923,42.20428744700964,41.05538538673073,41.674115117320966,50000
2022-04-22,41.674115117320966,41.82627166615548,41.12097693042476,41.59881686775366,112779
2022-04-25,41.59881686775366,41.940929354145524,41.24587548641434,41.7025763619428,50000
2022-04-26,41.7025763619428,42.215749321667204,41.55755669694924,42.091478591259694,50000
2022-04-27,42.091478591259694,42.413344882585406,41.3377230290195,41.65764256320216,50000
2022-04-28,41.65764256320216,42.33623433446541,41.54838915753901,42.33263739015534,96863
2022-04-29,42.33263739015534,42.494321786910795,41.94964126046159,42.353914009596934,50000
2022-05-02,42.353914009596934,42.48325899141545,41.9147520157537,42.12543844432078,50000
2022-05-03,42.12543844432078,42.7363334407938,42.010882174777585,42.18642767017559,93653
2022-05-04,42.18642767017559,43.259897766325125,42.177667810452306,43.195869954115054,50000
2022-05-05,43.195869954115054,43.85251587558713,43.15037205977487,43.635716874440924,50000
2022-05-06,43.635716874440924,43.99951600070271,43.32232588628191,43.97542948430938,72274
2022-05-09,43.97542948430938,44.35430232348791,43.75722180755188,44.27471955195132,58355
2022-05-10,44.27471955195132,44.702314781365345,43.94234198745747,43.9767840686244,61404
2022-05-11,43.9767840686244,44.08294097301911,43.01617227809774,43.28270469275849,65589
2022-05-12,43.28270469275849,43.69995319749526,43.04743525685525,43.41209241121752,71163
2022-05-13,43.41209241121752,43.6280362267016,42.65483162000248,43.07187224278115,50000
2022-05-16,43.07187224278115,43.203756879117606,42.580055771720396,42.77420216854173,50000
2022-05-17,42.77420216854173,42.93884046948104,42.426940700547846,42.60388579015795,78837
2022-05-18,42.60388579015795,43.04469427318332,42.4618057621191,42.50157544490607,50000
2022-05-19,42.50157544490607,42.61069520336198,41.984561237768645,42.235081934065896,68725
2022-05-20,42.235081934065896,42.53532558174616,41.99984693859553,42.274845479658474,50000
2022-05-23,42.274845479658474,42.89595901254344,42.16828285866819,42.62240601241866,114546
2022-05-24,42.62240601241866,42.8736824103154,42.269062738522315,42.34432644671313,69797
2022-05-25,42.34432644671313,42.841126497805206,42.26715144364716,42.5230229371505,55961
2022-05-26,42.5230229371505,42.84757811128863,42.367391787417496,42.44133597990844,64883
2022-05-27,42.44133597990844,42.52099292511008,41.95571052981651,42.469436647872875,50000
2022-05-30,42.469436647872875,43.38438526260769,42.17603011026284,42.928960400705925,50000
2022-05-31,42.928960400705925,43.659898698615216,42.9168755466599,43.33238996754655,71964
2022-06-01,43.33238996754655,43.83853291567095,43.23690651097451,43.60606615718109,76485
2022-06-02,43.60606615718109,43.91341181441362,43.14110068576797,43.28218039364399,50000
2022-06-03,43.28218039364399,43.89093361874769,43.045137537227006,43.82603509662367,50000
2022-06-06,43.82603509662367,44.000701817526895,43.627884197336485,43.94092099398653,56084
2022-06-07,43.94092099398653,44.110196056474436,43.50338195900912,43.695857637752056,50000
2022-06-08,43.695857637752056,44.20659990338586,43.50684886919104,43.73745411403053,50000
2022-06-09,43.73745411403053,44.20003992459436,43.64664496848567,43.6641943006606,93875
2022-06-10,43.6641943006606,43.95353300460762,43.41948700740952,43.916279142784425,50000
2022-06-13,43.916279142784425,44.49319860883619,43.77124895097213,44.04307090979047,72441
2022-06-14,44.04307090979047,44.097036906416065,43.83347670862513,43.91958802242828,50000
2022-06-15,43.91958802242828,44.56653958602502,43.454247009619586,44.32655155399944,121527
2022-06-16,44.32655155399944,44.562394825869305,44.10007069107599,44.330601209432416,50000
2022-06-17,44.330601209432416,44.73920325137017,44.23422970740926,44.60750283083664,50000
2022-06-20,44.60750283083664,44.7810266176485,44.177725966832234,44.728608313477146,61469
2022-06-21,44.728608313477146,44.7375185701953,44.326810029385136,44.462345897407616,50000
2022-06-22,44.462345897407616,45.367593800998165,44.39947711672875,45.05576191209821,50000
2022-06-23,45.05576191209821,45.17875017359326,44.50938602389942,45.1585771839751,50000
2022-06-24,45.1585771839751,45.268324881154726,44.84864359326619,45.193706552135744,50000
2022-06-27,45.193706552135744,45.477018696633344,44.62015283891589,44.864061361992434,153976
2022-06-28,44.864061361992434,45.45815838670959,44.709212849679766,45.42407196826433,61870
2022-06-29,45.42407196826433,45.69755569080958,44.53407982663394,44.833279567174905,69879
2022-06-30,44.833279567174905,45.06785566869321,44.58798304367985,44.66654363231802,78529
2022-07-01,44.66654363231802,45.03081741168178,44.33697408560298,44.36421878938086,50000
2022-07-04,44.36421878938086,44.538512011162,44.22449697979181,44.347857799373244,50000
2022-07-05,44.347857799373244,44.40102581601309,44.054976957569295,44.256904206536255,50000
2022-07-06,44.256904206536255,44.54648377057204,44.18892106367538,44.539006608851636,50000
2022-07-07,44.539006608851636,44.62037089595202,44.24739906790059,44.37657190954377,77078
2022-07-08,44.37657190954377,45.00294360601815,44.182324706886355,44.464807895620446,50000
2022-07-11,44.464807895620446,44.523825457907776,43.32989513785382,43.57482988434872,50000
2022-07-12,43.57482988434872,43.94371706959911,43.36857848620698,43.59187606884377,52079
2022-07-13,43.59187606884377,43.892380934695275,43.32734247268075,43.604247558504994,52178
2022-07-14,43.604247558504994,43.950216215958555,43.20732626097038,43.32877385671585,50000
2022-07-15,43.32877385671585,43.97651161289515,42.94010747841171,43.93710440826113,50000
2022-07-18,43.93710440826113,43.9588490363493,43.80153739704667,43.93216367038943,50000
2022-07-19,43.93216367038943,44.083436598479075,43.726634738846265,43.93383577213042,50000
2022-07-20,43.93383577213042,44.32769895283167,43.78007657313528,44.22125869748311,50000
2022-07-21,44.22125869748311,44.58460139864444,43.396826253604964,43.473749641275916,50000
2022-07-22,43.473749641275916,43.79930319024976,43.217805345217414,43.73423016069159,50000
2022-07-25,43.73423016069159,43.740679217728626,43.51777803528221,43.6302124705774,50000
2022-07-26,43.6302124705774,44.038671476758736,42.67067028342007,42.9129236188578,50000
2022-07-27,42.9129236188578,43.05107094544131,42.139823438534535,42.71795649037406,50000
2022-07-28,42.71795649037406,42.86363622405276,42.240281595666545,42.60781160412865,50000
2022-07-29,42.60781160412865,43.59328270555702,42.33631796364838,43.31253638154712,77357
2022-08-01,43.31253638154712,43.51557691096165,42.78328032880907,42.95312702877641,50000
2022-08-02,42.95312702877641,43.230944140265436,42.909631863387105,42.91221999875445,60633
2022-08-03,42.91221999875445,43.3757414075367,42.76371897238702,43.30295124534566,50000
2022-08-04,43.30295124534566,43.44070849010936,42.76038715862665,43.14744753875376,50000
2022-08-05,43.14744753875376,43.63935293277433,42.80892506530413,43.41651009800778,50000
2022-08-08,43.41651009800778,43.501348660116165,42.56997759576174,42.857026731391386,50000
2022-08-09,42.857026731391386,43.640046625670884,42.568038549065484,43.41789504651029,50000
2022-08-10,43.41789504651029,43.46736900975102,43.01547994091484,43.10410080740627,50000
2022-08-11,43.10410080740627,43.553941949681686,42.209718002617095,42.34617274776237,50000
2022-08-12,42.34617274776237,42.88952395966656,42.03464314509207,42.21386146729713,50000
2022-08-15,42.21386146729713,42.72679168818496,41.81450748146169,42.49572993002618,50000
2022-08-16,42.49572993002618,42.63046439906011,42.23767498853392,42.376193718511935,63316
2022-08-17,42.376193718511935,43.01100813893919,41.881227235904845,42.5412456785577,50000
2022-08-18,42.5412456785577,42.54433931333943,41.95156333757823,42.07574893679469,103860
2022-08-19,42.07574893679469,42.321521302372275,42.0627621661716,42.286384774357586,50000
2022-08-22,42.286384774357586,42.971607160126396,41.83241983949302,42.73158953478905,50000
2022-08-23,42.73158953478905,42.75833433819569,42.55098345929631,42.661193839768245,50000
2022-08-24,42.661193839768245,42.820500654121695,42.02870581952627,42.22880035421782,50000
2022-08-25,42.22880035421782,42.47526403053417,41.95577452693072,42.316840482119794,54579
2022-08-26,42.316840482119794,42.84851009768672,42.17446904785485,42.80908595281962,50000
2022-08-29,42.80908595281962,43.336792995891386,42.54685921818052,43.2757555011702,50000
2022-08-30,43.2757555011702,43.90472925254836,42.91399446164542,43.61004686639105,150100
2022-08-31,43.61004686639105,43.9741383378753,43.40609622274887,43.65699317574578,50000
2022-09-01,43.65699317574578,44.75237357489819,43.309032816461624,44.60788945193106,52487
2022-09-02,44.60788945193106,45.11458392206466,44.478781446837786,44.88486526099907,54630
2022-09-05,44.88486526099907,45.14342380125061,44.755252752727195,44.79988084399215,69101
2022-09-06,44.79988084399215,44.812192226785065,44.643402268593704,44.79874795306301,123539
2022-09-07,44.79874795306301,45.13302602531228,44.36072047759998,44.39820793165007,50000
2022-09-08,44.39820793165007,45.0360767322177,44.068311956744196,44.11376792907361,50000
2022-09-09,44.11376792907361,44.679427465624094,43.683047312962906,43.800358855056615,52365
2022-09-12,43.800358855056615,43.92039446155741,43.39237014075658,43.81989513872602,50000
2022-09-13,43.81989513872602,43.98419938578196,43.69178523435842,43.875984474732576,50000
2022-09-14,43.875984474732576,44.274342074689436,43.64175480116142,43.75553183429791,50000
2022-09-15,43.75553183429791,44.57554744322685,43.33614100361087,44.13238585997527,50000
2022-09-16,44.13238585997527,44.506084922816214,43.79695787577676,44.424519195805644,50000
2022-09-19,44.424519195805644,44.74742129773238,44.233805361580835,44.506098758275925,121822
2022-09-20,44.506098758275925,44.766606501471415,43.96083049728157,44.28206032010793,67613
2022-09-21,44.28206032010793,44.99929014594546,44.09816167075938,44.54250476597335,50000
2022-09-22,44.54250476597335,45.16536003021294,44.435287619649095,44.796255546990096,50000
2022-09-23,44.796255546990096,45.02404580962213,44.14169921502464,44.210910198492755,50000
2022-09-26,44.210910198492755,44.454359983377856,44.089326179548785,44.20181920710857,50000
2022-09-27,44.20181920710857,44.389696545014964,43.768531579101946,44.20316038397122,50000
2022-09-28,44.20316038397122,44.447811295947595,43.887170218985794,44.43782865345494,50000
2022-09-29,44.43782865345494,45.30555845488754,44.354344353616746,44.95328686605677,55186
2022-09-30,44.95328686605677,45.02555361611706,44.31846920433605,44.83492139530624,50000
2022-10-03,44.83492139530624,45.04314483703068,44.4570424800206,44.83323825956512,50000
2022-10-04,44.83323825956512,45.08563672601386,44.80087275086727,44.96660497293646,129096
2022-10-05,44.96660497293646,45.06703866958289,44.32906705924174,44.426769624062516,73670
2022-10-06,44.426769624062516,45.018042092517135,44.32033551949108,44.687421000740414,50000
2022-10-07,44.687421000740414,44.97802577706659,44.34316432177695,44.458318177081345,197569
2022-10-10,44.458318177081345,44.48332220595873,43.75237000867658,43.95783940815941,50000
2022-10-11,43.95783940815941,43.996997312343694,43.373198468148686,43.41792001051952,143115
2022-10-12,43.41792001051952,43.577258073006654,43.171726588619144,43.4910906297553,50000
2022-10-13,43.4910906297553,43.579524473091155,42.969310324753714,43.31650926588062,50000
2022-10-14,43.31650926588062,43.64222715282096,43.30545008405732,43.32469501360869,50000
2022-10-17,43.32469501360869,43.42429943503928,43.25772953000307,43.27772987419341,50000
2022-10-18,43.27772987419341,43.68578785143636,43.25193348106629,43.629374153139864,50000
2022-10-19,43.629374153139864,44.125955451526416,43.40595460970669,43.44984618696056,50000
2022-10-20,43.44984618696056,43.56854057337551,43.23377546968594,43.263970893157605,52095
2022-10-21,43.263970893157605,43.870580523245145,43.18161134430025,43.32244484300279,50000
2022-10-24,43.32244484300279,43.37018334283916,42.54937015352703,43.04970774131865,50000
2022-10-25,43.04970774131865,43.66411444175713,42.62814410153287,43.58483013189366,50000
2022-10-26,43.58483013189366,43.85665934069302,43.347921904085695,43.66044137849718,50000
2022-10-27,43.66044137849718,43.686055609288594,42.71963167758211,43.211302507412114,50000
2022-10-28,43.211302507412114,43.82779043934692,43.130718679438594,43.70036392709783,59534
2022-10-31,43.70036392709783,44.34025249906607,43.4531427454144,43.616467935235825,50000
2022-11-01,43.616467935235825,43.98341717220772,43.2287633488448,43.83137063535145,50000
2022-11-02,43.83137063535145,44.25072108577163,43.715754740390196,44.038826876460384,50000
2022-11-03,44.038826876460384,44.34528547495185,43.74405719361459,43.822040472417875,66043
2022-11-04,43.822040472417875,44.017829960581,43.56267374778398,43.823607835433904,50000
2022-11-07,43.823607835433904,43.97225713857046,43.483563798443065,43.8091443578868,157848
2022-11-08,43.8091443578868,44.52372468600117,43.492364395391625,44.198576230415064,50000
2022-11-09,44.198576230415064,44.57294873230242,44.194341830944,44.491220406198074,55843
2022-11-10,44.491220406198074,44.561134616637986,43.92266837638215,44.29847785673003,50000
2022-11-11,44.29847785673003,44.632055426938365,43.22511563682857,43.300113026051534,63229
2022-11-14,43.300113026051534,43.81034595528337,43.072992296192915,43.178457018530615,50000
2022-11-15,43.178457018530615,43.60101704428704,42.998319281123166,43.23001561998729,50000
2022-11-16,43.23001561998729,43.30253268855458,42.62905385264767,42.73559289003299,50000
2022-11-17,42.73559289003299,43.041746886872964,42.411583290628585,42.544385536316796,50000
2022-11-18,42.544385536316796,42.970562275737976,41.80662914346602,42.06409154048842,71495
2022-11-21,42.06409154048842,42.29052163756252,41.394147850779774,41.48921836183916,50000
2022-11-22,41.48921836183916,41.594604426465054,41.20251765223096,41.24257238045099,50000
2022-11-23,41.24257238045099,41.79309106086945,41.1008746479177,41.36710287949754,50000
2022-11-24,41.36710287949754,41.575660584501634,41.152480340905846,41.35082481942881,112401
2022-11-25,41.35082481942881,41.611802288150564,40.91883325930933,41.02543533968948,50000
2022-11-28,41.02543533968948,41.163139759023075,40.96393948950687,40.9857129450493,50000
2022-11-29,40.9857129450493,41.25525760234051,40.34405827685601,40.35440519825891,50000
2022-11-30,40.35440519825891,40.41625557995628,39.904705875100724,40.029464754801985,50000
2022-12-01,40.029464754801985,40.21449463663821,39.915432728220495,40.10204140316708,77834
2022-12-02,40.10204140316708,40.130743123230125,39.680257384281965,39.7009615424467,50000
2022-12-05,39.7009615424467,39.83926606593605,38.555115483910036,38.62702451842965,95842
2022-12-06,38.62702451842965,38.67734902076625,37.64491255545608,37.92736799161623,50000
2022-12-07,37.92736799161623,38.03864204033812,37.72901822659864,38.03782965772753,50000
2022-12-08,38.03782965772753,38.25348824739759,37.98340720967674,38.25155277521929,58158
2022-12-09,38.25155277521929,38.27741068315944,37.986626681494634,38.111823773633205,50000
2022-12-12,38.111823773633205,38.594230154449384,38.039050431094545,38.55431984630728,50000
2022-12-13,38.55431984630728,38.61003871957439,38.0334351754511,38.15211606530433,50000
2022-12-14,38.15211606530433,38.291454079982365,37.41464681128959,37.472370055689545,51567
2022-12-15,37.472370055689545,37.57044745487873,37.048319227651646,37.37213671898321,61551
2022-12-16,37.37213671898321,37.8784293666292,37.327283286661284,37.49779193677148,50000
2022-12-19,37.49779193677148,37.93894621952335,37.368986713923455,37.91459457913076,50000
2022-12-20,37.91459457913076,38.92743725637248,37.48308660543508,38.88034656587281,50000
2022-12-21,38.88034656587281,39.24645955230256,38.43505140906004,38.84153202843858,50000
2022-12-22,38.84153202843858,39.07120041345696,38.57721971111257,38.821930313076365,65862
2022-12-23,38.821930313076365,39.02338470456597,38.70439307165436,38.77950860454934,67835
2022-12-26,38.77950860454934,39.20691912919295,38.69323858204216,39.05805044826723,108614
2022-12-27,39.05805044826723,39.07731700801166,38.77902887141591,39.042554472526,50000
2022-12-28,39.042554472526,39.226632527935976,38.43209401133448,38.69773575874769,50000
2022-12-29,38.69773575874769,38.947802444402456,38.25144130369547,38.59801992845015,50000
2022-12-30,38.59801992845015,38.6644111352255,37.999637818242654,38.24432975539869,57980
2023-01-02,38.24432975539869,38.49834444107484,37.805429788067634,37.86006352328939,50000
2023-01-03,37.86006352328939,37.996270467953,37.30528206383048,37.342994483381304,50000
2023-01-04,37.342994483381304,37.374172974750905,37.0360650415896,37.21164433554352,50596
2023-01-05,37.21164433554352,37.482389217809676,36.97523313673898,37.4152894404936,50000
2023-01-06,37.4152894404936,37.80851386528055,37.320230564715544,37.79034090364482,131268
2023-01-09,37.79034090364482,37.917790929273586,37.3109805543549,37.353766006261274,50000
2023-01-10,37.353766006261274,37.599878293476294,37.350479073683566,37.35246099851621,75858
2023-01-11,37.35246099851621,37.37867545415486,36.71625470289425,36.81778217565918,103058
2023-01-12,36.81778217565918,37.24245802515756,36.33857473516073,36.68715794516205,99129
2023-01-13,36.68715794516205,36.910993278384176,36.59384132639444,36.66010129245975,50000
2023-01-16,36.66010129245975,36.73576507212446,36.272753271667774,36.54066451142861,50000
2023-01-17,36.54066451142861,36.649401157636554,35.70877251290324,36.060794713129496,50000
2023-01-18,36.060794713129496,36.160387515110735,35.83027650703483,36.11568673610308,50000
2023-01-19,36.11568673610308,36.118188544666545,35.71807921711316,35.77748422257892,50000
2023-01-20,35.77748422257892,35.89976705531796,34.95390256263246,35.13776177775041,52096
2023-01-23,35.13776177775041,36.08409344435804,35.01673508714661,35.73872534905161,50000
2023-01-24,35.73872534905161,36.33613696239034,35.490255390245196,36.32317000373207,57414
2023-01-25,36.32317000373207,36.457881946056574,35.86995295908889,36.262089683085065,98673
2023-01-26,36.262089683085065,36.527711993556316,36.06394163811932,36.125448681206876,50000
2023-01-27,36.125448681206876,36.241924409506034,35.45381034973481,35.56343828212234,50000
2023-01-30,35.56343828212234,35.82065285626101,34.65476315005443,34.75518568890108,78109
2023-01-31,34.75518568890108,35.35562766342416,34.67954299631538,34.9414335834935,68745
2023-02-01,34.9414335834935,34.946997329240254,34.765106593000546,34.78401227701717,50000
2023-02-02,34.78401227701717,34.80038150891333,34.530955242455846,34.58108038607233,95846
2023-02-03,34.58108038607233,34.58745529838127,34.14604493418403,34.4383441740469,50000
2023-02-06,34.4383441740469,35.10277656564359,34.230894974984196,34.57720144654071,50000
2023-02-07,34.57720144654071,34.84865650412932,34.38795264655026,34.79322645578262,50000
2023-02-08,34.79322645578262,34.97297512986373,34.64816455323173,34.65276930800659,50000
2023-02-09,34.65276930800659,34.91062029510301,34.52920341408914,34.83257350067975,50000
2023-02-10,34.83257350067975,34.837731553593265,34.45698874047482,34.82871515447556,50000
2023-02-13,34.82871515447556,35.03304637327062,34.53330257582554,34.68752611306168,50000
2023-02-14,34.68752611306168,35.11681868882257,34.66013125915564,35.067394844563125,97385
2023-02-15,35.067394844563125,35.24025056036749,34.53115494445122,34.61744461358714,50000
2023-02-16,34.61744461358714,35.789748050785626,34.59827623179254,35.74659430294772,58141
2023-02-17,35.74659430294772,36.36758891004799,35.701207779519486,36.013568459035476,50000
2023-02-20,36.013568459035476,36.373380172252304,35.818216045237165,36.08675530118898,50000
2023-02-21,36.08675530118898,36.50239040600062,35.764470358907225,36.44229594210949,51855
2023-02-22,36.44229594210949,37.29154681733895,36.314929013599276,37.05313473011171,50000
2023-02-23,37.05313473011171,37.95196830856494,36.9469838449865,37.83505462940892,140620
2023-02-24,37.83505462940892,38.14899867874935,37.01646614880421,37.18224397482788,50000
2023-02-27,37.18224397482788,38.051308942371385,37.10091420908911,37.770870290901705,50000
2023-02-28,37.770870290901705,37.81026693048668,37.243577157970414,37.54291809756589,50000
2023-03-01,37.54291809756589,38.01288293378989,36.87495217784783,37.391417236347536,50000
2023-03-02,37.391417236347536,37.61153220864121,37.246142943463745,37.26648057828781,86567
2023-03-03,37.26648057828781,37.71526915916264,36.76516721203381,37.26800828944109,50000
2023-03-06,37.26800828944109,37.54714351214509,36.99943317804055,37.012670157265944,50000
2023-03-07,37.012670157265944,37.198675887295444,36.82265101698158,37.0097112765385,50000
2023-03-08,37.0097112765385,37.07321074761507,36.436697879200906,36.44537538188455,50000
2023-03-09,36.44537538188455,37.40362901128921,36.220374325561224,37.30279534368355,60458
2023-03-10,37.30279534368355,37.7033857930007,37.1855695306716,37.530596769792325,63837
2023-03-13,37.530596769792325,37.864371057887745,37.37023982730708,37.782817560209686,50000
2023-03-14,37.782817560209686,38.13251832193066,37.70996702972261,37.90238639323869,50000
2023-03-15,37.90238639323869,37.981736823248205,37.656948671690905,37.93386667521115,101985
2023-03-16,37.93386667521115,38.466822234761366,37.80764067907883,38.12457214773079,50000
2023-03-17,38.12457214773079,38.272004368961625,37.4711309734808,37.91868530265634,50000
2023-03-20,37.91868530265634,38.0272498580934,37.5073025540966,37.70932553781683,50000
2023-03-21,37.70932553781683,38.529084059636745,37.47497480036722,38.40014485616529,50000
2023-03-22,38.40014485616529,38.86895912547657,38.285374611462444,38.3156244734077,97992
2023-03-23,38.3156244734077,38.466599625188486,38.073907295642215,38.46587341027589,50000
2023-03-24,38.46587341027589,38.82670193443482,37.52007604317636,37.63604788691396,50000
2023-03-27,37.63604788691396,37.84252205992877,37.56430333697937,37.628257818404585,50000
2023-03-28,37.628257818404585,38.436580392617216,37.247006324472586,38.28167232747039,168010
2023-03-29,38.28167232747039,38.69901289042182,38.2394146827424,38.50006877564327,112050
2023-03-30,38.50006877564327,39.259854988719724,38.09026918639735,39.229409185859325,50000
2023-03-31,39.229409185859325,39.40846312620811,39.12087236513449,39.13552761755141,128682
2023-04-03,39.13552761755141,39.40693475607579,38.974811244693775,39.20306930044581,50000
2023-04-04,39.20306930044581,39.3118507960797,38.632540205928734,38.817709613790996,50000
2023-04-05,38.817709613790996,38.84069205160385,38.35882274655476,38.388971318131354,76617
2023-04-06,38.388971318131354,38.71627536771908,38.20431637744572,38.64215015733836,66388
2023-04-07,38.64215015733836,39.566645956535744,38.47722930401839,38.99124857698724,120562
2023-04-10,38.99124857698724,39.102743177768765,38.39189030167929,38.47546388732788,59016
2023-04-11,38.47546388732788,38.56765017363866,38.2884994436079,38.55192410647301,50000
2023-04-12,38.55192410647301,38.754514093030565,37.6401606450081,37.78508985986384,50000
2023-04-13,37.78508985986384,38.08606272240485,37.34036271632968,37.86739314556832,50000
2023-04-14,37.86739314556832,38.31144539908372,37.68806276207293,38.28924637074024,63601
2023-04-17,38.28924637074024,39.25143749462554,38.091368909282096,39.003783479094935,50000
2023-04-18,39.003783479094935,39.206811099549526,38.28093639666822,38.36386689116418,62097
2023-04-19,38.36386689116418,38.90126811073797,38.1719849921087,38.8907404916706,52447
2023-04-20,38.8907404916706,39.39984760432521,38.732437709149906,39.10510081728544,81535
2023-04-21,39.10510081728544,39.479540339214296,38.19419680200013,38.49353643975173,50000
2023-04-24,38.49353643975173,38.85731447800362,38.462437850425886,38.550378402975035,50000
2023-04-25,38.550378402975035,39.03296652810994,38.32920978085216,38.91777244464282,73722
2023-04-26,38.91777244464282,39.412804100326525,38.68962124674948,39.262188250634814,50000
2023-04-27,39.262188250634814,39.40624216752491,38.794749131833676,38.9024977919914,50000
2023-04-28,38.9024977919914,39.04826121953854,38.68110693972077,38.99658793536209,60153
2023-05-01,38.99658793536209,39.04444139803966,38.37016837616947,38.43979076779324,50000
2023-05-02,38.43979076779324,39.05247994527296,38.227922544589504,38.89646774300554,50000
2023-05-03,38.89646774300554,39.19005890339646,38.79589121741494,39.01289048470084,50000
2023-05-04,39.01289048470084,39.18542433685649,38.76142584964116,39.139255996041115,57618
2023-05-05,39.139255996041115,39.63324706959631,38.83625331465136,39.34845599482182,50000
2023-05-08,39.34845599482182,39.74065131813415,39.09499066601494,39.664904739479105,71784
2023-05-09,39.664904739479105,40.00430844519158,39.625495652233056,39.77163010071069,50000
2023-05-10,39.77163010071069,40.01232269642645,39.58685371562499,39.82817882903705,50000
2023-05-11,39.82817882903705,40.20687518812727,39.48802426337181,39.977764370745184,50000
2023-05-12,39.977764370745184,40.38074951824841,39.946074288026,40.04916596458411,50000
2023-05-15,40.04916596458411,40.39866276001318,39.767156361222405,40.35897058695507,59618
2023-05-16,40.35897058695507,40.48920253358457,40.01307568190574,40.256950394570104,50000
2023-05-17,40.256950394570104,40.305552684984974,39.9851691545711,40.02468707374563,50000
2023-05-18,40.02468707374563,40.1409577616121,39.56320481390673,39.84514179743934,50000
2023-05-19,39.84514179743934,40.09460395441553,39.19795496962155,39.34773778311329,50000
2023-05-22,39.34773778311329,39.387769483212516,38.527308312803164,38.650865405276186,50000
2023-05-23,38.650865405276186,38.78727668104972,38.218764668305795,38.6273931036598,50000
2023-05-24,38.6273931036598,39.19444726423638,38.425072401475276,39.114837991123885,50000
2023-05-25,39.114837991123885,39.425293114956155,39.10037903379589,39.363369084587724,51291
2023-05-26,39.363369084587724,39.38714454424381,38.97518259915024,39.1798353247055,50000
2023-05-29,39.1798353247055,39.20183870765083,38.770397551852746,39.16637712142848,50000
2023-05-30,39.16637712142848,39.68573874947023,39.06261681023704,39.56999289448521,50000
2023-05-31,39.56999289448521,39.987652110519974,38.9771311788537,39.379218376215036,50000
2023-06-01,39.379218376215036,39.46927710804982,39.28407019892751,39.31017778990855,50000
2023-06-02,39.31017778990855,39.431154155429695,39.0935894625675,39.252729845870476,58860
2023-06-05,39.252729845870476,39.29591542230969,38.645865462452896,39.142881084659365,50000
2023-06-06,39.142881084659365,39.94315689163404,39.021656083178655,39.68507011857534,50000
2023-06-07,39.68507011857534,39.700503490573894,38.68866860306064,39.19675568181011,50000
2023-06-08,39.19675568181011,39.536002758339656,39.079593098433634,39.37124910593719,50000
2023-06-09,39.37124910593719,39.61322892438299,39.15117940848661,39.5405925405767,67503
2023-06-12,39.5405925405767,39.816994507402256,39.22105100326915,39.42256875662255,50000
2023-06-13,39.42256875662255,40.19216006829747,39.32242455615089,40.013389525792064,50000
2023-06-14,40.013389525792064,40.16398027067625,39.69509666647096,39.70143825293123,50000
2023-06-15,39.70143825293123,39.926767353572174,39.384804702075336,39.38514030145617,50000
2023-06-16,39.38514030145617,39.8379629493625,39.3646424413725,39.72049037416784,50000
2023-06-19,39.72049037416784,40.13467891404816,38.77814947764907,39.02547964413403,50000
2023-06-20,39.02547964413403,39.18787801412226,38.17649961986291,38.69006229135985,50000
2023-06-21,38.69006229135985,39.2937296732279,38.42170917206777,38.901307890155486,50000
2023-06-22,38.901307890155486,39.14947870156719,38.865449842352376,39.09814522937659,55856
2023-06-23,39.09814522937659,39.384462061854116,38.746958706486375,39.04972689735055,50000
2023-06-26,39.04972689735055,39.44212048599446,39.04965305414773,39.18803640922625,94814
2023-06-27,39.18803640922625,39.35095481638862,39.02283114931629,39.094364804607395,50000
2023-06-28,39.094364804607395,39.472037136813185,39.045300680967095,39.31190822578668,50000
2023-06-29,39.31190822578668,39.656440396855885,39.25914550831131,39.620035590535196,50000
2023-06-30,39.620035590535196,40.22112384060769,39.04613324266798,39.408615823129246,53404
2023-07-03,39.408615823129246,39.647188362905794,39.40179193772342,39.596078456876604,50000
2023-07-04,39.596078456876604,40.1672552787575,39.310244114386094,39.37320778865465,64827
2023-07-05,39.37320778865465,39.42141918861012,38.635719266809545,38.72241721876004,50000
2023-07-06,38.72241721876004,39.220996993450676,38.04361825932036,38.063922297046844,50000
2023-07-07,38.063922297046844,38.809151019992456,37.80001610832617,38.759824174726965,50000
2023-07-10,38.759824174726965,39.526780369758384,38.55535037476807,39.22847160652468,50000
2023-07-11,39.22847160652468,39.29728708099126,38.896568376271524,38.93358758419584,50000
2023-07-12,38.93358758419584,39.2705445031908,38.43052093627038,38.65969378579053,50000
2023-07-13,38.65969378579053,39.174315449807175,38.19804250327419,38.86651924993169,50000
2023-07-14,38.86651924993169,39.92585442989946,38.76480169253105,39.755692643529386,88441
2023-07-17,39.755692643529386,39.9676196513353,39.52013402955314,39.80913577731177,50000
2023-07-18,39.80913577731177,40.16306841062947,39.63608974662631,40.07978839167222,79031
2023-07-19,40.07978839167222,40.318200321618484,39.610307604008256,39.63018564150214,50000
2023-07-20,39.63018564150214,40.23736970415157,39.52842714545239,39.79046504974669,55263
2023-07-21,39.79046504974669,40.0832781534987,39.508496794731776,39.85524596159818,50000
2023-07-24,39.85524596159818,40.2146739674795,39.819750385689105,40.125750515172015,50000
2023-07-25,40.125750515172015,40.25723311513478,39.70772702426116,40.017895788729106,60773
2023-07-26,40.017895788729106,40.575539902134615,39.56495356826497,40.399912927902754,50000
2023-07-27,40.399912927902754,40.641062328395684,39.58020068845519,40.08722935302918,50000
2023-07-28,40.08722935302918,40.558768846861675,39.749219497233526,40.33286391706641,50000
2023-07-31,40.33286391706641,40.62443498646732,40.22651707635073,40.39256299930493,50000
2023-08-01,40.39256299930493,40.39820525051529,40.142196927610165,40.39059380054532,50000
2023-08-02,40.39059380054532,40.75843488674674,40.13101891804154,40.420607302154295,68887
2023-08-03,40.420607302154295,40.564906957539336,40.39389222444454,40.55672444289844,71394
2023-08-04,40.55672444289844,40.915898929048915,40.41705190140478,40.61225542293133,50000
2023-08-07,40.61225542293133,40.969700178879116,40.50708035993091,40.85207662200018,50000
2023-08-08,40.85207662200018,41.11542480001617,40.38892899353502,40.897931398981704,186011
2023-08-09,40.897931398981704,40.9967031708573,40.400858412497186,40.96221027993139,50869
2023-08-10,40.96221027993139,41.38210569302288,40.46907110567873,41.229276783134,50000
2023-08-11,41.229276783134,41.44038172771934,41.03450193831797,41.23839004062549,50000
2023-08-14,41.23839004062549,41.305205992036456,40.15357691693372,40.56486903918304,50000
2023-08-15,40.56486903918304,40.85789552752672,40.548385601702115,40.71231909039168,52189
2023-08-16,40.71231909039168,40.72695079872359,39.953902360144646,40.0829932295624,50000
2023-08-17,40.0829932295624,40.551858520475434,40.001728088083816,40.53952100734645,67399
2023-08-18,40.53952100734645,40.8873527948154,40.024836905132865,40.20310194133618,61244
2023-08-21,40.20310194133618,40.29263345463519,39.86419525825222,40.10052775668811,70589
2023-08-22,40.10052775668811,40.660392158311616,39.946269739736785,40.249034465933185,57194
2023-08-23,40.249034465933185,40.37741231664739,40.188525998478724,40.21042173797862,147189
2023-08-24,40.21042173797862,40.36522115971684,39.61392361088502,39.85230972190054,50000
2023-08-25,39.85230972190054,40.255848382294914,39.73326905000341,40.047968730804,78169
2023-08-28,40.047968730804,40.163600326820614,39.723280168540924,39.7700231202519,68237
2023-08-29,39.7700231202519,39.905644361794074,39.27287027760033,39.389455354365616,50000
2023-08-30,39.389455354365616,39.55188562979323,38.70588201076877,38.77485093204688,50000
2023-08-31,38.77485093204688,39.12151389834706,38.74810961993482,39.00689717277957,50000
2023-09-01,39.00689717277957,39.602423187748705,38.98670062674933,39.523687619756686,52513
2023-09-04,39.523687619756686,40.075438326172375,39.45762594340475,40.04644311164218,122236
2023-09-05,40.04644311164218,40.05793615539296,39.41302959729856,39.63173624127836,60016
2023-09-06,39.63173624127836,39.69482481621776,39.37181126176621,39.39748540774462,50000
2023-09-07,39.39748540774462,40.173130928019816,39.345795533877805,40.024544778289034,50000
2023-09-08,40.024544778289034,40.570591687781686,39.99829342184138,40.29411647386491,52503
2023-09-11,40.29411647386491,40.845193732744775,40.084311819831065,40.54492349030627,112583
2023-09-12,40.54492349030627,40.60433530199984,40.182676930399346,40.430897210584,64337
2023-09-13,40.430897210584,40.64017434116775,39.858357192116685,40.24310846211512,50000
2023-09-14,40.24310846211512,40.802323443728724,39.62060956199551,39.86271480909741,73808
2023-09-15,39.86271480909741,39.912201813992375,39.23734770670152,39.3212556587174,50000
2023-09-18,39.3212556587174,39.494592422573945,39.05181394525218,39.468546340440085,50000
2023-09-19,39.468546340440085,39.80412508554549,39.19208448426755,39.687176735081835,50000
2023-09-20,39.687176735081835,40.0957395785228,39.592763937013444,40.033632262827254,50000
2023-09-21,40.033632262827254,40.30288292076158,39.08643218088721,39.507790088380595,235953
2023-09-22,39.507790088380595,40.2894717210079,39.42433140901991,39.82507425190836,103768
2023-09-25,39.82507425190836,40.80859703935222,39.36575902241934,40.50419701224488,50000
2023-09-26,40.50419701224488,40.85294344020702,40.2165718041157,40.70188758862207,85197
2023-09-27,40.70188758862207,40.78843432320473,40.21426776176131,40.61744082689164,50000
2023-09-28,40.61744082689164,40.97480361614727,40.3786328323175,40.82328081707703,79896
2023-09-29,40.82328081707703,41.11721826568793,40.44523841972855,41.09386846503383,50000
2023-10-02,41.09386846503383,41.37696217171042,40.90389159471242,41.25779778298823,50000
2023-10-03,41.25779778298823,41.41894041898487,40.78861217093124,41.07563177187801,50000
2023-10-04,41.07563177187801,41.0868450131355,40.715902747513404,41.015476326632985,80399
2023-10-05,41.015476326632985,41.462138246746555,40.78516063449428,41.33169051428184,90773
2023-10-06,41.33169051428184,42.16936074756997,41.25810390833771,41.56374615560677,95244
2023-10-09,41.56374615560677,42.212129074444746,41.391578576341864,42.1344072347233,51793
2023-10-10,42.1344072347233,42.612530451259644,41.96499048424569,42.58734129678777,50000
2023-10-11,42.58734129678777,43.248011526588414,42.398735211794715,42.91989257410245,50000
2023-10-12,42.91989257410245,43.01927965914435,42.544278986056284,42.61326120232334,50000
2023-10-13,42.61326120232334,43.59370370996863,42.5501246995281,43.354467986527446,50000
2023-10-16,43.354467986527446,43.783439230247865,42.78276255408592,43.022533393439694,50000
2023-10-17,43.022533393439694,43.04899719774876,42.71713275880653,42.78270893890137,79723
2023-10-18,42.78270893890137,42.986940093790935,42.2790213483503,42.37001061129323,50000
2023-10-19,42.37001061129323,42.93120416528977,42.110049691658766,42.543462586485596,80011
2023-10-20,42.543462586485596,43.12025764353021,42.40992260969575,43.01807652879195,50000
2023-10-23,43.01807652879195,44.27086408531245,42.76659581904742,43.901387915073144,50000
2023-10-24,43.901387915073144,44.32967821367835,43.57604521919489,43.642417939170144,50000
2023-10-25,43.642417939170144,43.780517298568626,43.52619373741993,43.70358971808445,50000
2023-10-26,43.70358971808445,43.85262768828074,43.37900917068408,43.578278691087895,54909
2023-10-27,43.578278691087895,44.021791386345626,43.464910640529965,43.99461847129771,50000
2023-10-30,43.99461847129771,44.043259157931786,43.686517703295195,43.871069706884974,50000
2023-10-31,43.871069706884974,44.353123830589055,43.271409431927545,44.10098652624326,50000
2023-11-01,44.10098652624326,44.27776796748401,43.99271182213556,44.166353344230984,50367
2023-11-02,44.166353344230984,44.36698121613881,43.4134164244548,44.33022151421454,50000
2023-11-03,44.33022151421454,44.94040957249043,44.28585269622927,44.757039737139564,50000
2023-11-06,44.757039737139564,44.984577382395635,44.673757086719746,44.82201066591304,73657
2023-11-07,44.82201066591304,45.10036618457883,44.529291390397105,44.74211674550548,50000
2023-11-08,44.74211674550548,44.768460977298155,44.06204656029648,44.364214039007464,50000
2023-11-09,44.364214039007464,44.36497715228187,43.545235193871285,43.99175906073207,79960
2023-11-10,43.99175906073207,44.955723168312176,43.50523694060216,44.465904449857845,86559
2023-11-13,44.465904449857845,44.8222991181584,44.25095472009489,44.77812824589434,50000
2023-11-14,44.77812824589434,44.91628090056558,44.73851368451312,44.80398139973807,140799
2023-11-15,44.80398139973807,44.99351044891411,44.20743460306954,44.75717669108719,50000
2023-11-16,44.75717669108719,45.041424141332286,44.67796847617798,44.94150047074663,50000
2023-11-17,44.94150047074663,45.06909402792088,44.63551700124453,44.93228737220787,62690
2023-11-20,44.93228737220787,45.0123411587793,44.25325460619438,44.67193032532572,50000
2023-11-21,44.67193032532572,44.73611057265302,43.721106732549046,44.04861644413586,50000
2023-11-22,44.04861644413586,44.153113465969554,43.95045472094168,44.111315895317546,50000
2023-11-23,44.111315895317546,44.362752277870065,43.81725344417258,44.21961283565161,50000
2023-11-24,44.21961283565161,45.385860306411665,44.04800760787548,44.833011940872545,50000
2023-11-27,44.833011940872545,44.91009787604637,44.18331842354439,44.38868273279426,51892
2023-11-28,44.38868273279426,44.46851397622505,43.72795865699367,43.943395965808,50000
2023-11-29,43.943395965808,44.86517835892246,43.72408383044325,44.43041218167536,50000
2023-11-30,44.43041218167536,44.5118939016108,44.37584580014267,44.43426124013139,83358
2023-12-01,44.43426124013139,44.51413552911682,43.75133946918653,44.27268363983316,58697
2023-12-04,44.27268363983316,44.79365957797449,43.94473987871177,44.56247073557831,126986
2023-12-05,44.56247073557831,44.728297848344184,44.09947250996197,44.186327202818056,50000
2023-12-06,44.186327202818056,44.432567772359704,44.100545563485646,44.164233767340455,58756
2023-12-07,44.164233767340455,44.47497524402558,43.84409667158281,44.046045207228076,50000
2023-12-08,44.046045207228076,44.34951659412918,43.41909339885767,43.55895544688968,63099
2023-12-11,43.55895544688968,43.60423617452356,43.44925789726556,43.536055116558636,50000
2023-12-12,43.536055116558636,44.45279194094372,43.309212212616224,43.950133243673896,52640
2023-12-13,43.950133243673896,44.16192026212347,43.659393612011804,44.11913180496678,50000
2023-12-14,44.11913180496678,44.2693851283203,43.682232683696505,43.69531846045121,50000
2023-12-15,43.69531846045121,43.77656285100909,43.033450712890634,43.306721590163306,72045
2023-12-18,43.306721590163306,43.603769346067125,43.24475018430188,43.54210248105207,50000
2023-12-19,43.54210248105207,43.879387268780924,43.47133115175757,43.770346516840235,50000
2023-12-20,43.770346516840235,44.110750791629236,43.63973640586217,43.70079552988294,103682
2023-12-21,43.70079552988294,43.72317255532912,43.502995215815865,43.514889004474604,50000
2023-12-22,43.514889004474604,43.683548913433285,42.82516055278975,43.075766134436165,50000
2023-12-25,43.075766134436165,43.40650584550935,43.04270566932216,43.27621192034488,50000
2023-12-26,43.27621192034488,43.64211108692522,43.272340838885576,43.36771883917583,86399
2023-12-27,43.36771883917583,44.1234259347656,43.29646660665492,43.89521591259895,50000
2023-12-28,43.89521591259895,44.05330256699144,43.63225765934344,43.934118456183015,50000
2023-12-29,43.934118456183015,44.77715137878086,43.81687658172811,44.68412438794283,50000
2024-01-01,44.68412438794283,44.99594087184954,44.38526701678646,44.422292920179665,89349
2024-01-02,44.422292920179665,44.69236821044926,44.16890414609494,44.53864774607294,50000
2024-01-03,44.53864774607294,44.68172906830244,44.48803636592571,44.57544814706427,71801
2024-01-04,44.57544814706427,45.387281197052424,44.26597791400344,44.94521160867475,50000
2024-01-05,44.94521160867475,45.1550226231137,44.626271422310495,44.86835651983997,50000
2024-01-08,44.86835651983997,45.29675101437451,44.79591027196911,45.03432347704266,50000
2024-01-09,45.03432347704266,46.07754980905823,44.53886462075785,45.458961494196345,68738
2024-01-10,45.458961494196345,45.604930831503815,44.561237580603695,44.94861700295862,50000
2024-01-11,44.94861700295862,44.96302792914744,44.3070696479141,44.53733838398949,106553
2024-01-12,44.53733838398949,44.77672296603168,44.09196797280435,44.566501664190916,50000
2024-01-15,44.566501664190916,44.78486668936311,44.482092836358,44.60695593201202,124874
2024-01-16,44.60695593201202,45.07862298585472,44.52961301463976,44.576872414781405,50000
2024-01-17,44.576872414781405,45.08137768886351,43.65166252999449,44.38817545418171,82348
2024-01-18,44.38817545418171,44.55011996027997,44.34198738800126,44.52608713826206,73066
2024-01-19,44.52608713826206,44.65898239015526,43.60882066770893,43.72086569501981,52853
2024-01-22,43.72086569501981,43.968030097404665,43.696982851762165,43.85399380240265,50000
2024-01-23,43.85399380240265,44.00103038120061,43.35902187857971,43.36331532769349,72557
2024-01-24,43.36331532769349,43.465405566331235,42.64048816762211,42.716478356663124,50000
2024-01-25,42.716478356663124,42.82135952864855,42.470384390601694,42.56799787703502,58811
2024-01-26,42.56799787703502,43.02813814212745,42.51872191960793,42.86062966426863,54508
2024-01-29,42.86062966426863,43.79955255804355,42.3756379215284,43.2462927856494,50000
2024-01-30,43.2462927856494,44.234142663890154,43.02757178882553,43.605760530387585,50000
2024-01-31,43.605760530387585,43.94102262366017,42.712604219906716,42.992069353073134,50000
2024-02-01,42.992069353073134,43.300190475897445,42.720403233000745,42.87370643800722,50000
2024-02-02,42.87370643800722,43.746859500156994,42.354550148428274,43.36409417161967,50000
2024-02-05,43.36409417161967,43.86418790418997,43.296816015820454,43.71375082312399,183707
2024-02-06,43.71375082312399,44.486905968881366,43.67951598603076,44.03573444575839,50000
2024-02-07,44.03573444575839,44.22817414905529,44.00955721259921,44.19503704471244,50000
2024-02-08,44.19503704471244,44.22554378572918,43.97606140546468,44.06322560892162,50000
2024-02-09,44.06322560892162,44.097652795279764,43.66063783175141,43.80168847904937,76805
2024-02-12,43.80168847904937,44.394670161980436,43.05895137579894,44.24007026173725,50000
2024-02-13,44.24007026173725,44.333565209315765,43.726963399103575,44.11569284321095,50000
2024-02-14,44.11569284321095,44.271910692038055,43.85554571997879,44.19237491563407,173726
2024-02-15,44.19237491563407,44.25345913118074,43.73745798739197,43.97905502881193,50000
2024-02-16,43.97905502881193,44.40976605973823,43.66946770778982,44.1517515666502,50000
2024-02-19,44.1517515666502,44.30000544276797,43.547016573227836,43.92187522688095,50000
2024-02-20,43.92187522688095,44.410606088371765,43.57664012172752,43.99409447106199,50000
2024-02-21,43.99409447106199,44.952181314158025,43.51738468438958,44.81921138849918,50000
2024-02-22,44.81921138849918,45.23429029211881,44.689693909033146,44.96212220764098,50000
2024-02-23,44.96212220764098,45.459693368276426,44.61298016280851,45.077100597093725,50000
2024-02-26,45.077100597093725,45.25232690757767,44.576491465888736,44.74100278786896,50000
2024-02-27,44.74100278786896,44.83603038006777,44.473993815833566,44.665311190345676,50000
2024-02-28,44.665311190345676,44.79098574782898,44.40560126583204,44.58070500006048,80017
2024-02-29,44.58070500006048,45.428029060518604,44.567307742348184,44.99424898079135,169130
2024-03-01,44.99424898079135,45.41114245338184,44.413903438620984,44.419309045887985,50000
2024-03-04,44.419309045887985,44.62178004447045,44.172182772557306,44.17847564746162,62571
2024-03-05,44.17847564746162,45.1392395813748,44.17815241475959,44.52013662346501,50000
2024-03-06,44.52013662346501,44.548326428002014,44.06484549101427,44.37659586378401,50000
2024-03-07,44.37659586378401,44.512598786911944,44.18383553976186,44.48813800690436,67346
2024-03-08,44.48813800690436,44.90183248173937,44.188601473996314,44.62714834919635,50000
2024-03-11,44.62714834919635,44.79475730347234,43.894457422642304,44.12199083342766,50000
2024-03-12,44.12199083342766,44.48454712764223,43.802220908646866,44.06024785161683,105536
2024-03-13,44.06024785161683,44.086396732742365,43.76956549132941,43.827334925502974,64795
2024-03-14,43.827334925502974,44.2967744057226,43.727275288522605,44.22695841731117,50000
2024-03-15,44.22695841731117,44.22951609693814,44.046789684943235,44.0737621176047,50000
2024-03-18,44.0737621176047,44.18275146997585,43.596907848196736,43.8077035563813,130312
2024-03-19,43.8077035563813,43.93608421414182,43.75870748142104,43.90991725742067,77750
2024-03-20,43.90991725742067,44.048047612567395,43.61900284282497,43.806031458666666,94441
2024-03-21,43.806031458666666,44.035673402524594,43.16757941549506,43.65136985562369,50000
2024-03-22,43.65136985562369,43.66215639415598,43.42064765574877,43.63311649277532,53252
2024-03-25,43.63311649277532,43.92289449736877,43.61207775016749,43.77476443617337,50000
2024-03-26,43.77476443617337,44.094764797645794,43.48927910153709,43.84247436790177,50000
2024-03-27,43.84247436790177,43.91900916457825,43.50779984126446,43.86693584968509,50000
2024-03-28,43.86693584968509,43.96187830356895,43.407562417963305,43.94766171818733,80668
2024-03-29,43.94766171818733,44.20962626887554,43.52990124301228,43.75789487515454,50000
2024-04-01,43.75789487515454,43.8823987373088,43.32961166116046,43.757584837681634,50000
2024-04-02,43.757584837681634,43.951736099192765,43.290185445810025,43.949382938728796,57567
2024-04-03,43.949382938728796,44.0013640543289,43.620543517485444,43.77772242892501,69473
2024-04-04,43.77772242892501,44.02827902603848,43.45807086989824,43.59614531539059,50000
2024-04-05,43.59614531539059,43.84895865395965,43.384669633121376,43.64031403524906,54716
2024-04-08,43.64031403524906,44.36007895325122,43.467095389236256,43.83629487097972,113931
2024-04-09,43.83629487097972,44.09226719386371,43.55226733849315,44.0741063270787,50000
2024-04-10,44.0741063270787,44.44300754381352,44.00169415211545,44.25436737160455,142281
2024-04-11,44.25436737160455,44.36266907023081,43.95387254370655,44.09449947916493,50000
2024-04-12,44.09449947916493,44.60064715240414,44.00346736517923,44.339678830377345,50000
2024-04-15,44.339678830377345,44.441830451262824,44.29229034198135,44.30850505253379,50000
2024-04-16,44.30850505253379,44.47005961892029,44.005664692102094,44.38210012633604,50000
2024-04-17,44.38210012633604,44.81462961950746,44.168250422087475,44.76438577365787,50000
2024-04-18,44.76438577365787,44.85645745799526,44.293215516935675,44.51669580577208,50000
2024-04-19,44.51669580577208,44.907871298418826,44.119412065410614,44.4381215377136,60734
2024-04-22,44.4381215377136,44.69099287457581,44.21209134783508,44.54754329776765,50000
2024-04-23,44.54754329776765,45.37079320302143,44.39022242609982,45.12303652324737,50000
2024-04-24,45.12303652324737,45.13565105079134,44.83390066883666,45.07856621289792,101528
2024-04-25,45.07856621289792,45.17355744083163,44.69512653297627,44.97003383474127,50000
2024-04-26,44.97003383474127,45.372400763227986,44.51688404693247,44.56929201101289,50000
2024-04-29,44.56929201101289,45.030518855173554,44.50740486159389,44.809015236631105,50000
2024-04-30,44.809015236631105,45.059389760549244,44.650883490860735,44.87030852357393,50000
2024-05-01,44.87030852357393,44.974082090991104,44.66103292474349,44.689810887182674,83499
2024-05-02,44.689810887182674,45.20243297090596,44.60328866482591,44.642650614957674,50000
2024-05-03,44.642650614957674,44.695738629630064,44.16023229606394,44.26747082174252,50000
2024-05-06,44.26747082174252,44.340394446255296,43.69813296429074,44.06587154691214,60971
2024-05-07,44.06587154691214,44.11895228576043,43.441325013328665,43.7631718944369,50000
2024-05-08,43.7631718944369,44.40332611741873,43.31153663985075,44.000202789623955,50000
2024-05-09,44.000202789623955,44.35380691133162,43.66865859626427,44.32564358088128,50000
2024-05-10,44.32564358088128,44.33818896307881,43.69403573516307,44.174952563011225,50494
2024-05-13,44.174952563011225,44.77921241919374,44.04612046527074,44.10341813847058,50000
2024-05-14,44.10341813847058,44.94310063087116,44.001580285232905,44.417556939369355,50470
2024-05-15,44.417556939369355,44.60479929099927,44.09480039063678,44.11065413752799,167485
2024-05-16,44.11065413752799,44.6571891919523,43.99893420019972,44.3689289521422,50000
2024-05-17,44.3689289521422,44.897258809008456,44.114653805334285,44.47993955944635,50000
2024-05-20,44.47993955944635,44.93648781285324,44.216208856586604,44.65787882849226,94870
2024-05-21,44.65787882849226,45.061967901081154,44.42034227905294,44.71903851421249,50000
2024-05-22,44.71903851421249,45.44987136933694,44.42223177137189,44.86992358245614,50000
2024-05-23,44.86992358245614,45.10088843016716,44.80560991336833,44.9296516410068,50000
2024-05-24,44.9296516410068,45.36792262570254,44.926789586887395,45.03099370458109,50000
2024-05-27,45.03099370458109,45.077254584063894,44.89008940026011,45.0379863608208,50000
2024-05-28,45.0379863608208,45.19230066270736,44.91832890705621,45.08489567399423,50000
2024-05-29,45.08489567399423,45.46945670865558,44.80563069501366,45.29893211967055,50000
2024-05-30,45.29893211967055,45.35984331111462,44.635904947668884,44.734560619592095,50000
2024-05-31,44.734560619592095,45.08952184902348,44.703013018563205,44.86482736441932,50434
2024-06-03,44.86482736441932,44.87705869809246,44.56077203069057,44.836990080503824,50000
2024-06-04,44.836990080503824,45.367862976111404,44.25909934949599,44.57188626754448,115707
2024-06-05,44.57188626754448,45.0894761718805,44.41897695511434,44.862254555279065,50000
2024-06-06,44.862254555279065,45.40857733576757,44.560169878847915,45.15572873975144,50000
2024-06-07,45.15572873975144,45.4248275196453,45.09968305291248,45.24540087787409,50000
2024-06-10,45.24540087787409,45.79335276716729,45.129017516251174,45.59020205425422,50000
2024-06-11,45.59020205425422,46.065733709253465,45.393120042643034,45.71672820847344,50000
2024-06-12,45.71672820847344,46.27152823816355,45.52716039495182,45.95177912461161,104225
2024-06-13,45.95177912461161,46.10528311849705,45.81149415580421,46.009197260256656,70356
2024-06-14,46.009197260256656,46.15801678235778,45.892816298961556,45.97790636148906,67645
2024-06-17,45.97790636148906,46.083534726069935,45.42993970687678,45.4642692455924,120159
2024-06-18,45.4642692455924,45.68266617526203,45.20537908657016,45.66423393098681,193067
2024-06-19,45.66423393098681,45.690196926182544,45.11153999279579,45.67170064832799,89510
2024-06-20,45.67170064832799,46.26633347719679,45.62183515310065,45.89778292407671,50000
2024-06-21,45.89778292407671,46.098041644764514,45.44073836824355,45.695022523285246,59493
2024-06-24,45.695022523285246,46.54444347003288,45.16893328604593,45.494233532624705,51850
2024-06-25,45.494233532624705,46.07219841299555,45.28294070539155,45.73151754394172,77906
2024-06-26,45.73151754394172,45.96315808722301,45.61141226373007,45.61254744517253,50000
2024-06-27,45.61254744517253,45.634967659439944,44.49342563303751,44.78525355443384,50000
2024-06-28,44.78525355443384,45.01079859694032,44.77138766120209,44.971307978095915,50000
2024-07-01,44.971307978095915,45.22692985751802,43.98802688340939,44.52978680923295,107905
2024-07-02,44.52978680923295,44.68590843705211,44.42666153229792,44.439879451469615,50000
2024-07-03,44.439879451469615,45.42281150873617,44.254267132267465,45.0464920469703,50000
2024-07-04,45.0464920469703,45.574894420986354,44.946058654029244,45.34429007276708,50000
2024-07-05,45.34429007276708,45.58232271601764,44.90022786602174,45.17071432891462,50000
2024-07-08,45.17071432891462,45.54205383071825,44.59081815805646,44.83693106330964,94190
2024-07-09,44.83693106330964,45.03664518865188,44.550150618697835,44.856819982260156,50000
2024-07-10,44.856819982260156,45.64234677698474,44.775100180038066,45.48485573210737,50000
2024-07-11,45.48485573210737,45.626068474522604,45.38399064478661,45.495233115142454,50000
2024-07-12,45.495233115142454,45.716579593911916,45.21453784022692,45.29258376720864,57420
2024-07-15,45.29258376720864,46.04296706060694,44.90551603417096,45.750081020590336,59747
2024-07-16,45.750081020590336,46.08203666304046,45.350587915948076,45.61848000567475,50000
2024-07-17,45.61848000567475,45.93017963656991,45.41739772130844,45.85213279607072,50000
2024-07-18,45.85213279607072,46.03795767042867,45.523397957850236,45.714783213471996,50000
2024-07-19,45.714783213471996,46.305746980162574,45.26178828498001,45.45028015853195,50000
2024-07-22,45.45028015853195,45.460813680600225,44.886257851885716,45.08387545683882,50000
2024-07-23,45.08387545683882,45.576685964686604,44.38728523924228,44.435695186416,70089
2024-07-24,44.435695186416,45.01302482509444,44.1382555155438,44.84622251119773,66546
2024-07-25,44.84622251119773,45.27690873829878,44.63132345363438,45.012290791003025,50682
2024-07-26,45.012290791003025,45.084631757615014,44.44529143183021,44.72059734398457,50000
2024-07-29,44.72059734398457,44.744828351447154,44.142156623960815,44.54978815308992,50000
2024-07-30,44.54978815308992,44.614611114810984,44.02833934130459,44.204809987187154,50000
2024-07-31,44.204809987187154,44.96658707779944,44.1519148231093,44.16964554415357,70025
2024-08-01,44.16964554415357,44.47563225982713,44.121409952969834,44.41734880776643,50000
2024-08-02,44.41734880776643,44.60560483716867,43.282209221880464,43.74264141698613,121698
2024-08-05,43.74264141698613,43.92154735146886,43.559922371650416,43.680047500318736,74598
2024-08-06,43.680047500318736,43.962039719797886,43.31149127506376,43.43978911154015,50000
2024-08-07,43.43978911154015,43.83904407069489,42.955973278484734,43.137918601175826,50000
2024-08-08,43.137918601175826,43.47295016720669,42.74751252064699,43.15846356776671,73723
2024-08-09,43.15846356776671,43.665469629087234,42.97268140373891,43.62174974732073,95219
2024-08-12,43.62174974732073,43.82793344283476,43.51644655096612,43.75922255590171,111722
2024-08-13,43.75922255590171,44.364617436222844,43.465019510199134,43.97765649088598,50000
2024-08-14,43.97765649088598,44.284353693707644,43.63921649755339,44.05074600185658,50000
2024-08-15,44.05074600185658,44.55891582419712,43.93155001595742,44.223193186302375,50000
2024-08-16,44.223193186302375,44.534097189537384,44.01650412230689,44.1811725897098,55983
2024-08-19,44.1811725897098,44.47140976143588,44.09656004749072,44.469845773670535,68357
2024-08-20,44.469845773670535,44.51227705137816,44.04623493337246,44.50497897982162,50000
2024-08-21,44.50497897982162,45.013820215492984,44.4813326466941,45.005685104033034,50000
2024-08-22,45.005685104033034,45.03111685641071,44.607610897125184,44.68827882489462,50000
2024-08-23,44.68827882489462,45.02557068247132,44.5384572436757,44.89300291233895,60875
2024-08-26,44.89300291233895,45.417187841196146,44.550438315753624,45.30123437996676,50000
2024-08-27,45.30123437996676,45.38710725466702,45.142864992700055,45.227045818554245,50000
2024-08-28,45.227045818554245,45.31088324104406,45.01194749451002,45.17184932953816,59708
2024-08-29,45.17184932953816,45.88467745611062,44.60577219701231,45.15544501948831,52541
2024-08-30,45.15544501948831,45.20347223810357,44.85120323049956,45.08728060465382,61484
2024-09-02,45.08728060465382,45.59539555792812,44.84390344621786,45.440708321719626,50000
2024-09-03,45.440708321719626,46.026437802932065,45.33466811690148,45.46103766020783,50000
2024-09-04,45.46103766020783,45.68973249667265,45.15057262957922,45.158383555984116,127300
2024-09-05,45.158383555984116,45.470599481682086,44.53076999646234,44.8316101155184,50000
2024-09-06,44.8316101155184,44.86789914208126,44.741906061161494,44.860735434266736,50000
2024-09-09,44.860735434266736,45.886237619977585,44.26846270178372,45.65599166274013,50000
2024-09-10,45.65599166274013,45.662684292041476,45.218892977664034,45.53532341456414,50000
2024-09-11,45.53532341456414,45.88503026647823,45.33308791473608,45.63250224168495,50000
2024-09-12,45.63250224168495,46.514562395798826,45.555080255476405,46.31915955390329,50000
2024-09-13,46.31915955390329,46.57140582057227,46.02297908196118,46.231740704230795,59588
2024-09-16,46.231740704230795,46.839895630679194,46.211865674089935,46.423498979044865,50000
2024-09-17,46.423498979044865,46.596103975322556,46.31059328041179,46.37841625901767,134575
2024-09-18,46.37841625901767,47.17371770455434,45.92270276129364,46.03504000626365,59944
2024-09-19,46.03504000626365,46.310610226982206,45.8584168644847,46.084419262398704,50000
2024-09-20,46.084419262398704,46.794841684047306,45.95351622071566,46.18080524606487,50000
2024-09-23,46.18080524606487,46.43021583410825,45.43467985179073,45.88299409968929,62537
2024-09-24,45.88299409968929,46.10785135953438,45.415876023251144,46.02130463268724,50000
2024-09-25,46.02130463268724,46.62637376517179,45.377721029311566,46.48447116185976,50000
2024-09-26,46.48447116185976,46.638837583511254,46.30071367555989,46.44625467268263,50000
2024-09-27,46.44625467268263,46.54748749536271,45.75374462692082,45.93991517562572,50000
2024-09-30,45.93991517562572,46.18820304582656,45.69043647277464,45.76339759115206,50000
2024-10-01,45.76339759115206,46.65581913246082,45.731540963043905,46.60979744918397,50000
2024-10-02,46.60979744918397,46.93474131662235,46.58684153784898,46.89488611391171,50000
2024-10-03,46.89488611391171,46.932979285344096,46.24906215055958,46.68957076075061,50000
2024-10-04,46.68957076075061,47.32907638949998,46.55081316648242,47.13873720226225,50000
2024-10-07,47.13873720226225,47.79142534478081,47.02321007301266,47.12508160690651,62460
2024-10-08,47.12508160690651,47.27351205817386,46.651312002829926,46.8869106319121,50000
2024-10-09,46.8869106319121,47.009166827609334,46.550933284293336,46.65083118887996,87025
2024-10-10,46.65083118887996,46.88134249490458,46.309683710389635,46.7581844954053,50000
2024-10-11,46.7581844954053,46.98787986182738,46.068609788551235,46.35625450365555,50000
2024-10-14,46.35625450365555,46.37099688110051,45.697785439145484,46.14822524414677,50000
2024-10-15,46.14822524414677,46.4314651000764,45.89388285571801,46.25390384785322,224840
2024-10-16,46.25390384785322,46.36496590053185,46.240798659135436,46.271053873244696,50000
2024-10-17,46.271053873244696,46.448663057982984,45.89359526779344,46.19331323565145,50000
2024-10-18,46.19331323565145,46.55753179040958,45.60531281934717,45.74646907767312,50000
2024-10-21,45.74646907767312,45.94301079017189,45.391091491542326,45.859846544646416,50000
2024-10-22,45.859846544646416,45.97779254610592,45.140886862852135,45.656985089158205,50000
2024-10-23,45.656985089158205,46.25296072398095,45.541187667973475,46.07760559642879,50000
2024-10-24,46.07760559642879,46.273551943443806,45.08582515336491,45.60116785928033,50000
2024-10-25,45.60116785928033,46.074195051058275,45.206621775588665,45.27342854276673,50000
2024-10-28,45.27342854276673,45.7320421628041,45.13721167333526,45.45130803929777,50000
2024-10-29,45.45130803929777,45.73628145662017,45.385710638266126,45.72848227820768,54470
2024-10-30,45.72848227820768,46.49509669480815,45.42346684898484,45.551086810495256,50000
2024-10-31,45.551086810495256,46.089624002667755,45.47091189731347,45.82573109624555,50000
2024-11-01,45.82573109624555,46.20920574754727,45.48610171067598,45.9996405470264,50000
2024-11-04,45.9996405470264,46.03535930133173,45.78390156505189,45.88703211078805,50000
2024-11-05,45.88703211078805,46.100959170385735,45.43894273371056,45.70873050285277,95953
2024-11-06,45.70873050285277,46.40238058809448,45.093634192389494,45.305637650848595,50000
2024-11-07,45.305637650848595,45.46924221972665,44.88137372596612,44.97933695117411,50000
2024-11-08,44.97933695117411,45.46063181837731,44.64956745163521,44.913374969542474,50000
2024-11-11,44.913374969542474,45.19311177637501,44.5887744943633,44.668628600183794,234305
2024-11-12,44.668628600183794,44.989744290319784,44.4249285093389,44.845389582946666,50000
2024-11-13,44.845389582946666,44.98242406335115,44.46166589109365,44.59769663351902,50000
2024-11-14,44.59769663351902,45.29562423673205,44.37972646517763,44.83172495227121,50000
2024-11-15,44.83172495227121,45.22086386485597,44.474744210544316,44.63099535339092,50000
2024-11-18,44.63099535339092,45.186360946879226,44.04868074517487,44.999221501063964,258706
2024-11-19,44.999221501063964,45.39601586928977,44.71382301387891,44.83846752821221,50000
2024-11-20,44.83846752821221,45.310867428641295,44.57522607710062,45.044323147248484,50000
2024-11-21,45.044323147248484,45.5705774392278,44.830612776435764,44.844721156606646,50000
2024-11-22,44.844721156606646,45.059634398314365,44.58071116032874,44.817810419204754,50000
2024-11-25,44.817810419204754,45.22519094220933,44.635130568876846,44.66715005505849,65168
2024-11-26,44.66715005505849,44.99765057883549,44.074544096300926,44.407707467520375,63791
2024-11-27,44.407707467520375,44.91863290478702,43.74671917671342,44.59559307063852,50000
2024-11-28,44.59559307063852,44.92347130729447,44.48544601637964,44.570564283446274,50000
2024-11-29,44.570564283446274,45.37075675696702,44.44432396983578,44.763412428021184,50000
2024-12-02,44.763412428021184,45.06124121298292,43.94066735497049,44.21847099359839,61114
2024-12-03,44.21847099359839,44.506643937531386,43.39572638384776,43.51194146438613,50000
2024-12-04,43.51194146438613,43.70738850105119,43.14927115488716,43.375425170137675,50000
2024-12-05,43.375425170137675,43.83177964831412,43.326866799188146,43.61053300704341,50000
2024-12-06,43.61053300704341,44.054491882457725,43.056173477191095,43.05985461513609,50000
2024-12-09,43.05985461513609,43.26245064912359,42.82304139984272,42.890640645661584,95421
2024-12-10,42.890640645661584,43.94403272756339,42.694734479491544,43.433427901015655,56081
2024-12-11,43.433427901015655,43.85217646334371,42.825506357423954,43.17337469623355,50000
2024-12-12,43.17337469623355,43.48053410129436,42.894377021368996,43.071877899298855,50000
2024-12-13,43.071877899298855,43.56795573593266,42.99276297449004,43.21566811169061,50000
2024-12-16,43.21566811169061,43.66751199014435,43.17928071348791,43.512981656005074,126908
2024-12-17,43.512981656005074,43.63704299390073,42.86134852107107,43.15909165388784,194403
2024-12-18,43.15909165388784,43.510709328250805,43.05506522809308,43.12301365213115,117523
2024-12-19,43.12301365213115,43.29980123298826,42.74896501809704,42.78779376717298,50000
2024-12-20,42.78779376717298,43.96126417279535,42.67839576046627,43.51221324920219,50000
2024-12-23,43.51221324920219,43.72329420020323,42.71889836251657,43.0187093817565,50000
2024-12-24,43.0187093817565,43.1733189129829,42.93255716214719,42.99619325982375,50000
2024-12-25,42.99619325982375,43.04111053030349,42.49877886026383,42.664189543865085,50000
2024-12-26,42.664189543865085,42.88733178169993,42.0233894610697,42.285521265484874,50000
2024-12-27,42.285521265484874,43.09684847586154,42.22848231402233,42.927553040213034,50000
2024-12-30,42.927553040213034,43.393266343650296,42.57391847767256,43.333444720372086,50000
2024-12-31,43.333444720372086,43.785111831838,43.13442420601017,43.57745714412644,67650
2025-01-01,43.57745714412644,43.8985631623802,42.9834790336384,43.27277598067126,50000
2025-01-02,43.27277598067126,43.2743824409261,42.25873425168539,42.396823558155845,50000
2025-01-03,42.396823558155845,42.631118114835665,42.1089195302913,42.538955740288905,50000
2025-01-06,42.538955740288905,42.87950118836096,42.13402523906938,42.51179227239431,186008
2025-01-07,42.51179227239431,42.75007434440681,41.94101195780514,41.98392101913568,50000
2025-01-08,41.98392101913568,42.2337096778865,41.58800467794528,42.07128974309276,52098
2025-01-09,42.07128974309276,43.048727242129445,41.580070321514015,42.69462856580628,50000
2025-01-10,42.69462856580628,42.919056914461535,41.89433609271145,42.788459422732465,50000
2025-01-13,42.788459422732465,42.90551594607202,42.58117959615097,42.80896215150879,50000
2025-01-14,42.80896215150879,43.06530277127184,42.28723326894265,42.44986425764801,50000
2025-01-15,42.44986425764801,42.641899270028716,42.280147673237906,42.637090132136976,50000
2025-01-16,42.637090132136976,42.85470565676866,42.18418390199032,42.76445351188747,50000
2025-01-17,42.76445351188747,43.464931786999664,42.71210671601074,43.30789247213742,50000
2025-01-20,43.30789247213742,43.89149093588516,43.0707586366671,43.43203504399783,71923
2025-01-21,43.43203504399783,43.594722727246854,42.45017195828735,42.927895644629544,50000
2025-01-22,42.927895644629544,43.370748176993416,42.49688248281656,42.49764217706172,50000
2025-01-23,42.49764217706172,42.797728162912186,42.38892292372995,42.463920194322974,50000
2025-01-24,42.463920194322974,42.46520343003915,42.02796931507975,42.45884926654621,50000
2025-01-27,42.45884926654621,42.82845345596692,42.401779842945395,42.730277620559534,50000
2025-01-28,42.730277620559534,42.95630925930859,42.616474061746054,42.73801684305864,51661
2025-01-29,42.73801684305864,43.08248202124463,42.44784170311217,42.83873833294861,60525
2025-01-30,42.83873833294861,42.9881714076981,42.7161983498842,42.795502705531085,50000
2025-01-31,42.795502705531085,43.18848055496032,42.54866463828612,42.839392811551036,68752
2025-02-03,42.839392811551036,43.17525791693125,42.64341957758054,43.084920567469894,50000
2025-02-04,43.084920567469894,43.70638514311263,42.54889568364081,43.340302018740076,50000
2025-02-05,43.340302018740076,43.96292892867005,43.264040123068526,43.44008540170487,50000
2025-02-06,43.44008540170487,43.817041296460246,43.32259550836057,43.73155525042194,50000
2025-02-07,43.73155525042194,44.413718204396325,43.72737396989537,43.80817625744778,50000
2025-02-10,43.80817625744778,43.88059373761015,43.58762447737657,43.6354179562925,50000
2025-02-11,43.6354179562925,43.749064672792436,42.904977548661044,43.344083845229875,50000
2025-02-12,43.344083845229875,43.99078573920711,43.2214751279421,43.529549707421985,50000
2025-02-13,43.529549707421985,43.892224708844324,43.41271689849157,43.87108783291048,50000
2025-02-14,43.87108783291048,44.342279077184706,43.58849950395761,43.709299937492894,54792
2025-02-17,43.709299937492894,44.258635367227505,43.426369233361015,44.12292098789421,50000
2025-02-18,44.12292098789421,44.4961689883005,43.61232266072691,43.69571842198365,50000
2025-02-19,43.69571842198365,43.72617288447093,43.55427263013214,43.58955114002015,50000
2025-02-20,43.58955114002015,43.69683871817832,43.03415463553376,43.5009489798307,50000
2025-02-21,43.5009489798307,43.63920333933242,43.04981957109996,43.26189614530263,70209
2025-02-24,43.26189614530263,44.10318047684673,43.13085472222003,43.95489628646094,68979
2025-02-25,43.95489628646094,44.06940541566266,43.38797854277633,43.9955682554927,50000
2025-02-26,43.9955682554927,44.15160657840848,43.88912722504482,44.091725883815215,108846
2025-02-27,44.091725883815215,44.706064384473486,43.78102154605853,44.34722449122821,50000
2025-02-28,44.34722449122821,44.92489969341421,43.74739968790749,43.93154248468883,50000
2025-03-03,43.93154248468883,44.70608668437632,43.59990105780103,43.64498836500211,55540
2025-03-04,43.64498836500211,44.17223731013267,43.21584337254892,43.95122956336722,64168
2025-03-05,43.95122956336722,43.999791194726065,43.41108029381128,43.87246597584537,50000
2025-03-06,43.87246597584537,44.20038837927426,43.21455407770469,43.6207292248457,90904
2025-03-07,43.6207292248457,44.45499606902548,43.29991414550195,44.24077371321675,50000
2025-03-10,44.24077371321675,45.089887647560836,44.226157981030916,44.76231795313473,50000
2025-03-11,44.76231795313473,45.67517230152859,44.6245904732459,44.95228264902167,50000
2025-03-12,44.95228264902167,45.08258170675921,44.78246845961533,45.05388018516627,50000
2025-03-13,45.05388018516627,45.710508836013986,44.72340132831286,45.36032691486371,50000
2025-03-14,45.36032691486371,45.46256882050796,44.690480472005355,45.139946587348255,50000
2025-03-17,45.139946587348255,45.32334628857944,44.687487425911335,44.829464011232346,50000
2025-03-18,44.829464011232346,44.86627567756534,44.81972924405309,44.84576575788239,60050
2025-03-19,44.84576575788239,44.862516315693696,44.553680386938325,44.73101475806744,50000
2025-03-20,44.73101475806744,44.89118347187093,43.99627086078919,44.39914755440469,79220
2025-03-21,44.39914755440469,44.50008435075687,43.622319273075156,43.77178680712915,50000
2025-03-24,43.77178680712915,43.90272771463716,43.37134705644338,43.76975504250705,105718
2025-03-25,43.76975504250705,44.00894355609689,43.61359118515113,43.75390136586168,97429
2025-03-26,43.75390136586168,44.276700449473,43.691819767342885,44.17486633588533,50000
2025-03-27,44.17486633588533,44.40859839287837,43.51440833017268,43.97987289011677,50000
2025-03-28,43.97987289011677,44.37865255204952,43.64202744596693,44.240689751988455,50000
2025-03-31,44.240689751988455,44.655492990438404,44.23237735024755,44.296508737094165,56322
2025-04-01,44.296508737094165,44.57463332246806,43.91633826938761,44.527074175709224,121673
2025-04-02,44.527074175709224,45.07999430373516,44.4377172694173,44.88003164739913,74158
2025-04-03,44.88003164739913,45.54747117644013,44.614212849728766,45.22159949928366,50000
2025-04-04,45.22159949928366,45.47103788251337,44.828673460784756,45.35558514446699,50000
2025-04-07,45.35558514446699,45.43646278258711,44.918152775033555,45.364051006956124,50000
2025-04-08,45.364051006956124,45.656491276706184,45.33397627552313,45.41083095607577,50000
2025-04-09,45.41083095607577,45.893365459242325,45.05480929957302,45.16933229369385,50000
2025-04-10,45.16933229369385,45.2564349244152,44.845100252294614,44.88501717828549,208707
2025-04-11,44.88501717828549,45.07457797294069,44.376387812768726,44.544140075425766,50000
2025-04-14,44.544140075425766,44.600519301514645,44.067603471436314,44.17971189592255,50000
2025-04-15,44.17971189592255,44.85755510521908,44.02045388409173,44.39416818777409,50000
2025-04-16,44.39416818777409,44.66976482970165,44.16129034532748,44.59549968796918,50000
2025-04-17,44.59549968796918,45.079972073171454,44.19926730615787,44.44019655017654,50000
2025-04-18,44.44019655017654,44.88277643365439,44.32362832184203,44.47192419083738,50000
2025-04-21,44.47192419083738,44.53219105983396,44.021009500944665,44.24000309369898,50000
2025-04-22,44.24000309369898,44.336494643806944,43.70541571356516,43.91662039521343,50000
2025-04-23,43.91662039521343,44.03322613543037,43.695381643130915,43.80551678984417,248647
2025-04-24,43.80551678984417,44.04012827786255,43.168407121510356,44.02616156699738,50000
2025-04-25,44.02616156699738,44.533919181231816,43.59879222299262,43.80098116385389,50000
2025-04-28,43.80098116385389,43.8803332164984,43.400005205452906,43.59952956213465,52500
2025-04-29,43.59952956213465,43.684991934291254,43.17577576007119,43.37202227024277,50000
2025-04-30,43.37202227024277,43.53886616701943,43.039777018665966,43.12669443694089,53962
2025-05-01,43.12669443694089,43.213181150798896,42.731475665331494,42.85621394099089,50000
2025-05-02,42.85621394099089,43.30735159658737,42.30327696286436,43.28306512080696,69596
2025-05-05,43.28306512080696,43.85656387952142,42.65261834203548,43.697570156683085,191431
2025-05-06,43.697570156683085,43.934305617170246,43.662657199619055,43.789564498883564,85463
2025-05-07,43.789564498883564,44.53683527160139,43.520554000026095,44.53051964812205,194237
2025-05-08,44.53051964812205,44.88009414173391,44.23058839507865,44.7336700658908,50000
2025-05-09,44.7336700658908,45.331608013820166,44.69848060262452,44.995960386734765,50000
2025-05-12,44.995960386734765,45.18657143737908,44.606618394909226,44.90423707796051,61596
2025-05-13,44.90423707796051,45.15546921998345,44.21871734796473,44.647561376348335,200464
2025-05-14,44.647561376348335,44.72046122275145,44.29090800868491,44.54411493323639,50000
2025-05-15,44.54411493323639,45.263017228078816,44.487658526645525,45.187063747946134,50000
2025-05-16,45.187063747946134,45.68961415295579,45.01991079353451,45.23667928819075,158502
2025-05-19,45.23667928819075,45.24764711812842,44.772202443291114,45.18527117911672,50000
2025-05-20,45.18527117911672,45.566940899416835,44.916372424117654,45.374817914367256,50000
2025-05-21,45.374817914367256,46.08543769312719,45.34877643916583,45.81741527401875,50000
2025-05-22,45.81741527401875,46.16871197608302,45.6964640258077,45.86412104447723,50000
2025-05-23,45.86412104447723,46.05113369202656,45.77358058421775,45.99244144889975,50000
2025-05-26,45.99244144889975,46.644631463408764,45.95087292478705,46.445247265832,50000
2025-05-27,46.445247265832,47.096750450350996,46.173282652281415,46.746549449544645,50000
2025-05-28,46.746549449544645,47.37404334826032,46.69135315400459,46.74491679489121,50000
2025-05-29,46.74491679489121,47.16961165549738,46.70500331879219,47.13407202446538,50000
2025-05-30,47.13407202446538,47.55824197932611,46.983470763262524,47.36204886287328,50000
2025-06-02,47.36204886287328,47.882601703892085,47.215963751277975,47.36284625221315,50009
2025-06-03,47.36284625221315,47.51489566664457,46.55289672828712,46.83628116419846,50000
2025-06-04,46.83628116419846,46.96533058619295,46.20371358450499,46.479588267630845,60443
2025-06-05,46.479588267630845,46.84245529770796,45.94731818066773,46.07810411097393,50000
2025-06-06,46.07810411097393,46.15232454187501,45.90179042073529,45.928987419390815,76685
2025-06-09,45.928987419390815,45.986924868122,45.427342432471626,45.596035641988664,50000
2025-06-10,45.596035641988664,46.61475336965464,45.533606140195054,46.11663567581442,50000
2025-06-11,46.11663567581442,46.58752392434584,46.013732253369206,46.45307060566462,50000
2025-06-12,46.45307060566462,47.011098240902626,46.378783839928815,46.740673176581296,50000
2025-06-13,46.740673176581296,47.003971075200006,46.44284922875435,46.464886920074775,63972
2025-06-16,46.464886920074775,46.60690289635985,46.29303126575068,46.600192872414006,132114
2025-06-17,46.600192872414006,47.416308673865444,46.490654203712154,46.92100862174222,88180
2025-06-18,46.92100862174222,47.77803061932782,46.73857812482419,47.06372458251309,50000
2025-06-19,47.06372458251309,47.09067615158323,46.505812879420134,46.51596707513586,50000
2025-06-20,46.51596707513586,47.1019105436263,46.29373283957491,46.704794596342055,121966
2025-06-23,46.704794596342055,47.64416394362983,46.67415456368811,47.28947197017511,50000
2025-06-24,47.28947197017511,47.304960678330765,46.983256993145375,47.1955653122393,50000
2025-06-25,47.1955653122393,47.217335618325926,45.95224156668851,46.58445868467138,50000
2025-06-26,46.58445868467138,47.173198094528814,46.03345823886502,46.873198021147644,50000
2025-06-27,46.873198021147644,47.113562987578334,46.47347710974284,47.085809588593946,50000
2025-06-30,47.085809588593946,47.30683223243405,46.66744541589117,46.88674852665534,50000
2025-07-01,46.88674852665534,46.96264655247638,46.031653627032654,46.63289459040567,50000
2025-07-02,46.63289459040567,46.8423061519789,45.87420844642195,46.1690984163942,50000
2025-07-03,46.1690984163942,46.31221574927092,45.57411892116144,45.60482630500086,50000
2025-07-04,45.60482630500086,45.94120689265895,45.548045098780676,45.80857011278657,50000
2025-07-07,45.80857011278657,45.93248255703005,45.70776316255013,45.739258401978184,50000
2025-07-08,45.739258401978184,45.78659817693584,45.49382382868985,45.571684040819605,58666
2025-07-09,45.571684040819605,45.679344331661376,44.787463793660294,45.20110729980713,50000
2025-07-10,45.20110729980713,45.67232147753339,44.91382875814637,45.417023680202206,50000
2025-07-11,45.417023680202206,46.48040502934501,44.99813330099883,45.97577763614919,54039
2025-07-14,45.97577763614919,46.04577081164843,45.923930071818276,45.97812369316382,50000
2025-07-15,45.97812369316382,46.44653403280035,45.8710364762858,46.361399086069795,50000
2025-07-16,46.361399086069795,46.36282841265439,45.779148959731074,46.00348877302759,53497
2025-07-17,46.00348877302759,46.2903364271991,45.881795095389734,46.23181005296889,61893
2025-07-18,46.23181005296889,46.296713730206555,45.86262065953932,46.06826353142982,50000
2025-07-21,46.06826353142982,46.60344529752512,45.6469521606064,46.533322705782425,50000
2025-07-22,46.533322705782425,47.12369688884954,45.97700678124425,46.95140489781764,50000
2025-07-23,46.95140489781764,47.5179610329918,46.57999159712017,47.0829833202098,50000
2025-07-24,47.0829833202098,47.5727731626464,47.06121257241001,47.34899604748159,50000
2025-07-25,47.34899604748159,47.80120441215472,47.16622668813126,47.44379692351071,148814
2025-07-28,47.44379692351071,47.83603012265601,47.05083352080519,47.68001262723103,50000
2025-07-29,47.68001262723103,48.008927730836255,47.511296025365176,47.82706716370142,50000
2025-07-30,47.82706716370142,48.15854595862176,47.80458701229896,47.854773761149545,89516
2025-07-31,47.854773761149545,47.99151383743242,47.53101393590946,47.94594859931077,50000
2025-08-01,47.94594859931077,48.345788939349085,47.652497634817195,48.31109945866654,74015
2025-08-04,48.31109945866654,48.97805786140019,47.54233632299373,48.17449667875087,50000
2025-08-05,48.17449667875087,48.38452704433768,48.01976944565272,48.07444213830109,56619
2025-08-06,48.07444213830109,48.25114950850375,47.490666657282496,48.05615662138018,50000
2025-08-07,48.05615662138018,48.20119385015856,47.116834125939526,47.33442786282594,50000
2025-08-08,47.33442786282594,47.40878059594323,47.10960449232799,47.123880086896264,50000
2025-08-11,47.123880086896264,47.59037240686322,47.10955602204344,47.319509307933,68045
2025-08-12,47.319509307933,47.39769792177346,46.99146114123164,47.11613650730776,143132
2025-08-13,47.11613650730776,47.797161557929186,46.940801679170924,47.364478430143784,87010
2025-08-14,47.364478430143784,47.425111589344176,46.586400590635215,46.815892583923734,50000
2025-08-15,46.815892583923734,47.11833696889256,45.97342498767348,46.42268629715362,50000
2025-08-18,46.42268629715362,46.42308210378518,45.51110989029665,45.52251528322834,55081
2025-08-19,45.52251528322834,45.769072955730586,45.27362574097261,45.390832828990284,66945
2025-08-20,45.390832828990284,45.51239902388723,45.22173948961529,45.28552961016072,50000
2025-08-21,45.28552961016072,45.59107298015209,44.6842405733425,45.22933866873611,50000
2025-08-22,45.22933866873611,45.54507672304195,45.085082945318554,45.537967867437935,79432
2025-08-25,45.537967867437935,45.674447048303044,45.45767542416674,45.49022445200393,50000
2025-08-26,45.49022445200393,45.54566465997406,45.45778422503212,45.46001890196901,50000
2025-08-27,45.46001890196901,45.55855609945438,45.359406457619514,45.4819215959209,50000
2025-08-28,45.4819215959209,46.03756135516963,45.299712486824184,45.83761629597591,51588
2025-08-29,45.83761629597591,45.843790040720044,45.60324656594683,45.62303931325412,54391
2025-09-01,45.62303931325412,45.88642573315254,45.25944958026923,45.53147189615618,50000
2025-09-02,45.53147189615618,45.765514616707,44.83090095743932,44.997336561672086,50000
2025-09-03,44.997336561672086,45.580674068938,44.807669649396495,45.348717249332715,50000
2025-09-04,45.348717249332715,45.54730575607855,45.27650664294019,45.38349964860863,50000
2025-09-05,45.38349964860863,46.05609138777536,45.35955071476156,45.872885483657754,50000
2025-09-08,45.872885483657754,46.62333438915246,45.62617759945696,46.33867040252135,50000
2025-09-09,46.33867040252135,46.594218919670475,46.08214624254155,46.451043220927446,50000
2025-09-10,46.451043220927446,46.99516875943838,45.94837503382122,46.33339913440171,50000
2025-09-11,46.33339913440171,47.07774283604732,45.73502857366253,46.496875036321406,55777
2025-09-12,46.496875036321406,46.72351256109797,45.985113363428816,46.1641732676585,80315
2025-09-15,46.1641732676585,46.56329935357971,46.05768205601235,46.25346109359222,50000
2025-09-16,46.25346109359222,46.647014129806266,45.942733353628704,46.549357941939846,50000
2025-09-17,46.549357941939846,46.89596808148911,46.528262334812226,46.68325526839647,59128
2025-09-18,46.68325526839647,46.897756564320446,46.20802318310089,46.78567989808829,50000
2025-09-19,46.78567989808829,47.17907957871765,46.52279468660708,46.80212705179106,50000
2025-09-22,46.80212705179106,46.99041079580834,46.40760444625291,46.77949274106602,50000
2025-09-23,46.77949274106602,47.052947849604536,46.45738408554692,46.46635476650525,50000
2025-09-24,46.46635476650525,46.97440871365159,46.110202655859766,46.81964711222082,94015
2025-09-25,46.81964711222082,47.14327430648481,46.123947236947686,46.47414911885703,50000
2025-09-26,46.47414911885703,46.88558982435702,45.87819576459548,46.59509771252423,50000
2025-09-29,46.59509771252423,46.82497145915034,45.44750269443103,45.71942678939089,50000
2025-09-30,45.71942678939089,46.485642856257684,45.70910913389632,46.093114129798046,69072
2025-10-01,46.093114129798046,46.64831083438736,45.45051580494713,46.58008397168621,54871
2025-10-02,46.58008397168621,46.74354058152295,45.70036287118492,45.93632958253271,50000
2025-10-03,45.93632958253271,46.818874596150614,45.61439730542378,46.33779538755965,50000
2025-10-06,46.33779538755965,46.676875268384435,46.17755417677279,46.45433279725156,87431
2025-10-07,46.45433279725156,46.59206363335366,46.26700897172234,46.270153486695975,50000
2025-10-08,46.270153486695975,46.79051285247499,45.89987152793123,46.671382286386056,50000
2025-10-09,46.671382286386056,46.76273353660742,46.263851755574485,46.31552876554346,50000
2025-10-10,46.31552876554346,47.02765889885905,45.63090710441933,46.22621492272775,50000
2025-10-13,46.22621492272775,47.19616801340453,45.97298211412295,46.92488307541611,50000
2025-10-14,46.92488307541611,47.7640678832943,46.65237223727252,47.321646952977865,146242
2025-10-15,47.321646952977865,47.5875877314763,46.891314069515715,47.014240255515126,73074
2025-10-16,47.014240255515126,47.22904151330443,46.362520297614026,46.69598790393205,50000
2025-10-17,46.69598790393205,46.77726309714848,46.53704733123744,46.56577559258669,67219
2025-10-20,46.56577559258669,46.96575163143598,46.534101212704535,46.80932346405485,50000
2025-10-21,46.80932346405485,47.4528106450089,45.90828873688687,46.326742971918335,177463
2025-10-22,46.326742971918335,46.86178572760966,45.87779291770925,46.677178510442396,50000
2025-10-23,46.677178510442396,47.29724755777578,46.582288979329476,46.90573997894317,75435
2025-10-24,46.90573997894317,46.953307739510464,46.74091701167066,46.88145763782579,50000
2025-10-27,46.88145763782579,47.29706002166101,46.39637901905973,47.01274750948193,54133
2025-10-28,47.01274750948193,47.392135687630066,47.007179938993644,47.03305149979501,51818
2025-10-29,47.03305149979501,47.38368222343252,46.93563142706473,47.0333040862186,50000
2025-10-30,47.0333040862186,47.090771424249986,46.50454773717008,46.567570108958996,50000
2025-10-31,46.567570108958996,47.42891606265936,46.514696706523935,47.21965077251038,50000
2025-11-03,47.21965077251038,47.30322719230148,46.17350875505539,46.98008982599962,50000
2025-11-04,46.98008982599962,47.66901088215648,46.7556451067669,47.450763175661855,59762
2025-11-05,47.450763175661855,48.14288121167341,47.05365844158268,47.302259604169215,95012
2025-11-06,47.302259604169215,47.36427977952003,46.696004539732904,46.81524167543154,60084
2025-11-07,46.81524167543154,47.03692219244114,46.13717687649405,46.63079986284216,50000
2025-11-10,46.63079986284216,47.43678895543941,46.2509810092235,47.12757171996159,57877
2025-11-11,47.12757171996159,47.472107623045886,47.02732187496753,47.31376136015513,67971
2025-11-12,47.31376136015513,47.654375577052214,47.08427807749381,47.13374473018607,89695
2025-11-13,47.13374473018607,47.56242422905299,46.74815640846012,47.264916142545445,55500
2025-11-14,47.264916142545445,47.284750725846344,47.019544378540616,47.246118723860455,50000
2025-11-17,47.246118723860455,48.78433058162033,47.05673417112913,48.23418127505747,54008
2025-11-18,48.23418127505747,48.70351354859534,48.026198874328045,48.530424256069935,50000
2025-11-19,48.530424256069935,48.64183406523358,48.41461721054181,48.53523218493693,50000
2025-11-20,48.53523218493693,48.76109135046141,48.387659383126994,48.67738197103509,52649
2025-11-21,48.67738197103509,48.72686357795838,48.11368982977976,48.14046160622072,76303
2025-11-24,48.14046160622072,48.46522842452266,47.78079058504326,48.04962906657105,63029
2025-11-25,48.04962906657105,49.42303464437615,47.71697736597845,49.133983810576794,70541
2025-11-26,49.133983810576794,49.57308720947856,49.02182282861645,49.24630792679516,50000
2025-11-27,49.24630792679516,49.578495187564805,48.682331891538475,48.75964173158845,61538
2025-11-28,48.75964173158845,49.278040745941006,48.33997503693895,49.111515361070815,50711
2025-12-01,49.111515361070815,50.245694383545036,48.94380333636002,49.859685503334276,50000
2025-12-02,49.859685503334276,50.22631531304112,49.78751935477971,50.028117178950595,50000
2025-12-03,50.028117178950595,50.15765452242584,49.81737201789932,49.92470323580805,269724
2025-12-04,49.92470323580805,50.181090337469925,49.44784557884715,49.887177101637995,95992
2025-12-05,49.887177101637995,49.918613932717435,49.67108879520515,49.78816535618551,50000
2025-12-08,49.78816535618551,50.27517346235912,49.7371940134059,50.07369516851164,50000
2025-12-09,50.07369516851164,51.08281161522098,49.97603837810754,51.02822360878329,50000
2025-12-10,51.02822360878329,51.748635524849504,50.964362190531865,51.39748296100779,66999
2025-12-11,51.39748296100779,51.643238981573994,51.2089745859366,51.327978868814824,50000
2025-12-12,51.327978868814824,51.44191140651906,50.99740598589735,51.23838237670635,50000
2025-12-15,51.23838237670635,51.48935676091098,50.60998518622983,51.12867882138249,50000
2025-12-16,51.12867882138249,51.57301465244398,50.77392805421598,51.33270053707527,50000
2025-12-17,51.33270053707527,51.669766035899556,50.412574428510574,50.75570301669565,50000
2025-12-18,50.75570301669565,50.76336244188771,50.09968107959361,50.48479334446047,50000
2025-12-19,50.48479334446047,50.796434006447846,50.33814323443309,50.642526584321715,50000
2025-12-22,50.642526584321715,51.003468563149646,50.25786024041516,50.361169983373955,50000
2025-12-23,50.361169983373955,50.72923413541672,49.70049022691719,49.946847520692955,52177
2025-12-24,49.946847520692955,50.50097335909745,49.92249019330048,50.05059722910838,50000
2025-12-25,50.05059722910838,50.59187754739197,49.78477649756461,50.012811454154786,50000
2025-12-26,50.012811454154786,50.36224527451077,49.93387708342604,50.077229348298786,50000
2025-12-29,50.077229348298786,50.07921489024505,49.56735553108854,49.94948526691843,63150
2025-12-30,49.94948526691843,50.627619029636385,49.713964576321224,50.19983865033986,50000
2025-12-31,50.19983865033986,50.22362099189654,49.9299666644026,50.001567194266215,50000
2026-01-01,50.001567194266215,50.3368727676081,49.50536923335352,49.54992672329002,50000
2026-01-02,49.54992672329002,49.66134551655888,49.00027613484499,49.10584831367904,72598
2026-01-05,49.10584831367904,49.72139967667754,49.05837171453106,49.70908485878647,50000
2026-01-06,49.70908485878647,50.31742413247221,48.74557635163778,49.83066007792708,50000
2026-01-07,49.83066007792708,50.18589080370279,49.37265015375602,49.42431077108829,84457
2026-01-08,49.42431077108829,50.27898809456239,49.40607034373684,49.530116604617525,50000
2026-01-09,49.530116604617525,50.1397735106743,49.35175223682425,49.88145363858698,50000
2026-01-12,49.88145363858698,50.248731599146765,49.69426405871792,49.78763364194901,50000
2026-01-13,49.78763364194901,49.85759169923819,49.42611560274197,49.47767593217125,65052
2026-01-14,49.47767593217125,50.91259245352201,49.44592248853716,50.57859677258449,90223
2026-01-15,50.57859677258449,50.730568852176276,50.37726803328327,50.523375961962955,50000
2026-01-16,50.523375961962955,50.60259298951742,49.91551620449109,50.24406815347294,64657
2026-01-19,50.24406815347294,50.95129535722107,50.02010809313359,50.85204763253311,50000
2026-01-20,50.85204763253311,51.38154155300895,50.83072036157108,51.14443251359124,50000
2026-01-21,51.14443251359124,51.17577620526485,50.692449988907,50.78284288199992,56435
2026-01-22,50.78284288199992,51.526318854459426,50.46515990380155,51.515759297342306,91934
2026-01-23,51.515759297342306,51.852720583429964,51.50462872133818,51.722727177436354,50000
2026-01-26,51.722727177436354,52.26780349302491,51.441304689594105,51.74513251735222,50000
2026-01-27,51.74513251735222,52.35656911209165,51.70551439158827,52.31382919486686,50000
2026-01-28,52.31382919486686,52.357774520234834,51.4497106623048,51.62959221612532,50000
2026-01-29,51.62959221612532,52.391124846751794,51.32692622848565,52.07533420696347,50000
2026-01-30,52.07533420696347,52.34558126776125,51.26591160287522,51.35814784778043,70943
2026-02-02,51.35814784778043,51.405289958881866,51.291983369738674,51.40506273199279,50000
2026-02-03,51.40506273199279,51.6102057969502,50.62005932776602,50.99603132456848,50000
2026-02-04,50.99603132456848,51.3956306299755,50.660398634904794,50.83466269187471,50000
2026-02-05,50.83466269187471,51.54252541133447,50.68480116504346,51.29913592670887,50000
2026-02-06,51.29913592670887,51.70018115195629,50.59780356009964,51.09052411975161,50000
2026-02-09,51.09052411975161,51.51832240090761,50.79657174374418,50.84128130182416,50000
2026-02-10,50.84128130182416,51.259330807361316,50.66853021384397,51.13198718773616,50000
2026-02-11,51.13198718773616,52.04805093475915,51.03308370682785,51.836484838406925,50000
2026-02-12,51.836484838406925,52.38201915686015,51.317360359066676,52.22344605519286,50000
2026-02-13,52.22344605519286,52.53192722548572,51.69331893690635,52.12907781344035,50000
2026-02-16,52.12907781344035,52.80561584274254,51.6189817055202,52.614890232214535,50000
2026-02-17,52.614890232214535,53.61840233624231,52.0647243577055,53.04238458554625,50000
2026-02-18,53.04238458554625,53.62316789767151,52.86558420193731,53.41207369350969,50000
2026-02-19,53.41207369350969,54.02590071121369,53.215159372366045,53.87814205400944,50000
2026-02-20,53.87814205400944,54.33602596953889,53.46920854634438,53.88154874605127,50000
2026-02-23,53.88154874605127,54.10047339575559,53.27757321671869,53.975438727756725,102478
2026-02-24,53.975438727756725,54.27964275851096,53.49019976138696,54.24654954654041,50000
2026-02-25,54.24654954654041,54.64679957384697,53.97588795700761,53.98435043200216,83297
2026-02-26,53.98435043200216,54.57362092657025,53.954766492639244,54.024038549326335,50000
2026-02-27,54.024038549326335,54.4807813188984,53.84509562697717,54.36532494678701,50000
2026-03-02,54.36532494678701,54.722870708617535,54.332422028353015,54.605691894839914,63049
2026-03-03,54.605691894839914,54.66756494319291,53.943168025884994,54.65811923238437,50000
2026-03-04,54.65811923238437,55.182267831502884,54.33482128014835,55.06074328359562,50000
2026-03-05,55.06074328359562,55.227510171091325,54.097100864296166,54.87733000131531,95823
2026-03-06,54.87733000131531,55.7394077743005,54.70684243664505,55.350033954381644,50000
2026-03-09,55.350033954381644,55.657652934771725,55.09405863262704,55.504813764303925,50000
2026-03-10,55.504813764303925,57.02356458881165,55.14815088742291,56.3006755275402,50000
2026-03-11,56.3006755275402,56.35032756680495,55.33973452957223,55.787466943153156,50000
2026-03-12,55.787466943153156,55.87794221446096,55.564972369501696,55.65671575183474,71993
2026-03-13,55.65671575183474,56.638317254606925,55.61730512784508,56.235405926497506,50000
2026-03-16,56.235405926497506,57.425850271980515,55.77656826271536,56.73997314048173,50000
2026-03-17,56.73997314048173,57.621884714187374,56.637052897301636,57.57444688686185,50000
2026-03-18,57.57444688686185,57.94745388483708,57.16148256796005,57.19402749292706,50000
2026-03-19,57.19402749292706,57.73187197939142,56.73476218835609,57.2776979138382,50000
2026-03-20,57.2776979138382,57.98373824806077,57.232457602310475,57.882899652092064,50000
2026-03-23,57.882899652092064,58.345404377526734,57.754340441762,58.13149640526182,55736
2026-03-24,58.13149640526182,58.982597448810964,57.730416238965304,57.84716897896812,50000
2026-03-25,57.84716897896812,59.01733873953867,57.4228250508418,58.42475469866733,50000
2026-03-26,58.42475469866733,58.88866217314004,57.97937300511518,58.792426371210134,50000
2026-03-27,58.792426371210134,59.38743465325637,58.27509920203644,58.711283578207436,50000
2026-03-30,58.711283578207436,58.85663626025764,58.68870481002862,58.78449273138285,50000
2026-03-31,58.78449273138285,59.224450386924595,58.45693110303967,58.780608267770944,50000
2026-04-01,58.780608267770944,59.460592423117575,58.727196509197086,58.93938283704311,50000
2026-04-02,58.93938283704311,59.15773715886226,58.43690084421611,58.85879918461813,50000
2026-04-03,58.85879918461813,59.0503208963648,58.140640533167925,58.45283652731724,50000
2026-04-06,58.45283652731724,58.54218732376653,57.5078754976438,57.988429370887964,70892
2026-04-07,57.988429370887964,58.45959968996758,57.442954814451824,58.045306994471424,50000
2026-04-08,58.045306994471424,58.16370985644103,57.41033670329627,57.66525757353596,50000
2026-04-09,57.66525757353596,57.99047735840104,57.101095529408056,57.90968854799912,50000
2026-04-10,57.90968854799912,58.16274159008931,57.33465356321511,57.60044610976894,104852
