Date,Open,High,Low,Close,Volume
2010-01-01,20.28376669529253,20.34235703899975,20.193694300050765,20.28376669529253,95745
2010-01-04,20.28376669529253,20.454738859833775,19.986955810825183,20.06467794748737,50000
2010-01-05,20.06467794748737,20.469966434421114,20.023170036760433,20.438271954418063,50000
2010-01-06,20.438271954418063,20.658012693284306,20.205348966367822,20.593380581628022,50000
2010-01-07,20.593380581628022,20.62200556164975,20.170042203633763,20.205392992659387,50000
2010-01-08,20.205392992659387,20.240890489000915,19.856057434633957,19.96552412782284,50000
2010-01-11,19.96552412782284,20.111920541472823,19.700108915243707,20.11091431796052,50000
2010-01-12,20.11091431796052,20.38227478429282,19.96231212249096,20.274332702725438,50000
2010-01-13,20.274332702725438,20.344957322348442,20.25463164500085,20.27963091783963,96021
2010-01-14,20.27963091783963,20.45852230237264,19.93392055357304,20.039427950196032,53066
2010-01-15,20.039427950196032,20.349083788037454,19.899737405031523,20.273488009399532,50000
2010-01-18,20.273488009399532,20.83462831344086,20.222834702329,20.724955181346633,50000
2010-01-19,20.724955181346633,20.85766172115372,20.71320242353432,20.775829909332316,50000
2010-01-20,20.775829909332316,20.829191200020254,20.67518805730901,20.727106962788817,50000
2010-01-21,20.727106962788817,21.00246595581055,20.640198365694918,20.86544573157942,50000
2010-01-22,20.86544573157942,20.89480022304242,20.319493223777144,20.412959307307855,104991
2010-01-25,20.412959307307855,20.580905031414588,20.36344750062852,20.49015790830036,50000
2010-01-26,20.49015790830036,20.696064424936484,20.381498055508967,20.655487277647588,177566
2010-01-27,20.655487277647588,20.92109684472338,20.58377796620228,20.830221242894076,50000
2010-01-28,20.830221242894076,20.906560669398015,20.463756355796264,20.49415429856683,50000
2010-01-29,20.49415429856683,20.50996181394311,19.878325963800304,19.93838019038261,50000
2010-02-01,19.93838019038261,20.125874648840508,19.702955385917935,19.920048702890774,95637
2010-02-02,19.920048702890774,20.380400061782705,19.82243847223086,20.210636162671126,59095
2010-02-03,20.210636162671126,20.601364725710944,20.1997714972674,20.20204254437259,50000
2010-02-04,20.20204254437259,20.21627811162947,20.07466935557087,20.161159018843335,50000
2010-02-05,20.161159018843335,20.17463211638709,19.980175617079762,20.09010500764865,64976
2010-02-08,20.09010500764865,20.53462817056231,20.008011172201144,20.357933818703597,51111
2010-02-09,20.357933818703597,20.621228308861944,20.223339733793495,20.557414484509582,50000
2010-02-10,20.557414484509582,20.717194022617452,20.37564200103295,20.42817047005183,50000
2010-02-11,20.42817047005183,20.778719896249267,20.428003908166993,20.606395684640102,50000
2010-02-12,20.606395684640102,20.95278161793016,20.579249015264846,20.824207478303197,85819
2010-02-15,20.824207478303197,21.07975975425059,20.638274994916443,20.827157112231163,50000
2010-02-16,20.827157112231163,21.099732950075307,20.713459011977818,21.0105812681426,50000
2010-02-17,21.0105812681426,21.24031738722971,20.58303662381987,20.670037415009666,137299
2010-02-18,20.670037415009666,20.750806795760074,20.5408008791895,20.722297567006336,87369
2010-02-19,20.722297567006336,21.184125712479783,20.678695479543006,21.159327908222398,50000
2010-02-22,21.159327908222398,21.169854070120678,20.834794198844335,20.995633269867376,119762
2010-02-23,20.995633269867376,21.051026949579576,20.44866403721979,20.5849409560776,50000
2010-02-24,20.5849409560776,20.61217615816445,19.912097751922083,20.10903248059056,61024
2010-02-25,20.10903248059056,20.627087815343916,19.96766408018373,20.36969441877963,51196
2010-02-26,20.36969441877963,20.794099653308585,20.28013673038969,20.565561711431105,73929
2010-03-01,20.565561711431105,21.07393078645938,20.555321862678625,21.04484996183797,70904
2010-03-02,21.04484996183797,21.0508286184694,20.535877227561844,20.704903910824044,76130
2010-03-03,20.704903910824044,20.92120305893758,20.7020950413466,20.87018236826343,50000
2010-03-04,20.87018236826343,20.962228023277888,20.607202863248666,20.736583227483184,110865
2010-03-05,20.736583227483184,20.96561764259299,20.62008055340801,20.96095586295412,50000
2010-03-08,20.96095586295412,21.539252473150555,20.807861028952182,21.365456672547847,50000
2010-03-09,21.365456672547847,21.477709540119744,21.319619870013554,21.45243563875017,82271
2010-03-10,21.45243563875017,21.46235703608426,21.295022361107872,21.40601363508671,95388
2010-03-11,21.40601363508671,21.579555318130012,21.325766779824903,21.422772637067894,50000
2010-03-12,21.422772637067894,21.777488635933793,21.288506337752295,21.317698954836278,51135
2010-03-15,21.317698954836278,21.48019306118363,21.05787224050812,21.417844434779656,51925
2010-03-16,21.417844434779656,21.434383900275122,20.811547857078125,20.88873388018073,66066
2010-03-17,20.88873388018073,21.18208490898728,20.755350913520004,21.07967311976979,50000
2010-03-18,21.07967311976979,21.18838279321192,20.819518187712447,20.96407788874438,67463
2010-03-19,20.96407788874438,20.97852489534263,20.500830535310055,20.60377753553401,50000
2010-03-22,20.60377753553401,20.654907280868905,20.113620228329044,20.187892554098486,50000
2010-03-23,20.187892554098486,20.59983043466611,20.087034538086186,20.49320801285042,50000
2010-03-24,20.49320801285042,20.5224662610309,20.05726123020313,20.080621644001628,65994
2010-03-25,20.080621644001628,20.28941264635585,20.053065793338025,20.280233611581476,50000
2010-03-26,20.280233611581476,20.297104857397734,19.483691278936778,19.51399978524073,50000
2010-03-29,19.51399978524073,19.600022131230425,19.360403214753,19.461281059669517,123179
2010-03-30,19.461281059669517,19.47882274252158,19.060105708631117,19.10244175083205,50000
2010-03-31,19.10244175083205,19.17305966125909,18.760948095374168,18.858133159432782,50000
2010-04-01,18.858133159432782,19.16728976943235,18.782983652923555,19.04999453921603,50000
2010-04-02,19.04999453921603,19.379522806174105,18.882915802207727,19.28239524662287,50000
2010-04-05,19.28239524662287,19.40034348258774,19.152158620292088,19.318240801471077,59994
2010-04-06,19.318240801471077,19.35895853196741,19.273473558478504,19.305857979829728,50000
2010-04-07,19.305857979829728,19.332722670940566,19.08742479656134,19.316755774798136,50000
2010-04-08,19.316755774798136,19.41443288358679,18.784168339477166,18.89115513814606,73330
2010-04-09,18.89115513814606,18.989391583678906,18.30197973345955,18.360224207396463,95292
2010-04-12,18.360224207396463,18.40906142433884,18.106116852642103,18.338550919978122,50000
2010-04-13,18.338550919978122,18.416841856909528,17.72040762009571,17.87781319533829,50000
2010-04-14,17.87781319533829,17.940265834507343,17.51781857555781,17.559428450977602,51913
2010-04-15,17.559428450977602,17.65114597769681,17.374805421059143,17.555662809991823,50000
2010-04-16,17.555662809991823,17.77236946218566,17.469780765211468,17.637136245653924,90725
2010-04-19,17.637136245653924,17.69714931014143,17.324775527363254,17.47678482958965,86416
2010-04-20,17.47678482958965,17.593310170721896,17.145579869840603,17.294476700728097,50535
2010-04-21,17.294476700728097,17.471691585038716,17.09505967617123,17.401758993210855,50000
2010-04-22,17.401758993210855,17.41100803678882,17.294980265363336,17.36471716538082,50000
2010-04-23,17.36471716538082,17.810818090296618,17.259834668145306,17.78455646378815,50000
2010-04-26,17.78455646378815,17.801906384990968,17.54261718869538,17.658912821110622,50000
2010-04-27,17.658912821110622,17.807130522157962,17.621154356684343,17.679987289886213,50000
2010-04-28,17.679987289886213,17.71535003113615,17.581572102517327,17.59700121240683,50000
2010-04-29,17.59700121240683,17.880379618343973,17.23152411168617,17.40756324195065,95554
2010-04-30,17.40756324195065,17.868683967767716,17.399069781479678,17.707993958830187,65694
2010-05-03,17.707993958830187,17.956505122857852,17.69658702537605,17.84911461468019,63099
2010-05-04,17.84911461468019,17.872362109703232,17.771706252281202,17.77762732851733,50000
2010-05-05,17.77762732851733,17.976402658281625,17.60135978735856,17.86040080635558,82616
2010-05-06,17.86040080635558,17.978815370987586,17.811235825631787,17.956094238086422,50000
2010-05-07,17.956094238086422,17.99482127764724,17.847456748304246,17.86591566030146,50000
2010-05-10,17.86591566030146,17.947843460148146,17.82163456439808,17.883378333952976,64616
2010-05-11,17.883378333952976,17.977409728243877,17.534282801777543,17.570069192963025,98418
2010-05-12,17.570069192963025,17.642278935017924,17.55906172309675,17.63678042398167,81150
2010-05-13,17.63678042398167,17.670975525436663,16.804089047843792,16.827631762951903,50000
2010-05-14,16.827631762951903,16.856656111330217,16.55387519997193,16.599424991305526,50000
2010-05-17,16.599424991305526,16.64113053742352,15.977905760943445,16.075064102703553,52695
2010-05-18,16.075064102703553,16.17146862898761,15.985807446566511,16.024394259050393,91663
2010-05-19,16.024394259050393,16.484902109601453,15.852559831914448,16.30517521347776,50000
2010-05-20,16.30517521347776,16.420236383719015,15.831187646869926,15.977592476636962,50000
2010-05-21,15.977592476636962,16.118866953538483,15.725761351134377,15.764033636479294,50000
2010-05-24,15.764033636479294,16.145404027947517,15.758484237418992,15.960760130637619,50000
2010-05-25,15.960760130637619,16.183571160940527,15.940234272531299,16.061448453962168,60881
2010-05-26,16.061448453962168,16.26513912303716,15.920819915243495,16.240944344428843,50000
2010-05-27,16.240944344428843,16.24764432369569,15.615776436760349,15.91904180526591,50000
2010-05-28,15.91904180526591,16.090337528940687,15.75237098729382,16.04418909739546,50000
2010-05-31,16.04418909739546,16.109780453012682,15.72788653949113,15.749271832893893,50000
2010-06-01,15.749271832893893,15.804468877708752,15.451381035425328,15.633973633143093,63564
2010-06-02,15.633973633143093,15.955294159808739,15.587148781309903,15.830582703703358,135019
2010-06-03,15.830582703703358,15.933205064788124,15.69429343776312,15.706989129971591,52030
2010-06-04,15.706989129971591,16.118730337215737,15.541075575077189,16.0720922014687,50000
2010-06-07,16.0720922014687,16.418416677386755,15.956112772674564,16.312266167534553,109725
2010-06-08,16.312266167534553,16.322637555677925,15.897591099996616,16.093950099687458,78592
2010-06-09,16.093950099687458,16.206487239423563,15.42039961571028,15.580176345398549,50000
2010-06-10,15.580176345398549,15.936217495207456,15.55177778077686,15.881557981449898,50000
2010-06-11,15.881557981449898,15.951860737136329,15.67338150489643,15.702433181132404,85421
2010-06-14,15.702433181132404,15.842947148860816,15.359500797148913,15.42056532971835,57177
2010-06-15,15.42056532971835,15.765389425903125,15.410155284659107,15.604827419010512,75827
2010-06-16,15.604827419010512,16.059398875109995,15.529259142124753,15.926467543804478,56760
2010-06-17,15.926467543804478,16.073041452457762,15.645020966247348,15.739785455518579,168097
2010-06-18,15.739785455518579,15.826575352438905,15.676862984262002,15.680683371422196,104977
2010-06-21,15.680683371422196,16.06836187888973,15.187686806245855,15.238759277003517,50000
2010-06-22,15.238759277003517,15.438483131552921,15.23825084889975,15.384045173237801,50000
2010-06-23,15.384045173237801,16.375651606768095,15.38261558236295,16.124256028260977,50000
2010-06-24,16.124256028260977,16.3869152286387,16.08884512298424,16.249748666499038,50000
2010-06-25,16.249748666499038,16.32135713027619,15.853997138246955,16.049452313148265,50000
2010-06-28,16.049452313148265,16.54349830593765,16.048003393784764,16.487636363108574,50000
2010-06-29,16.487636363108574,16.62675687824642,15.968348731571256,15.99046909971859,50000
2010-06-30,15.99046909971859,16.026779827867898,15.744338435688372,15.862380090445239,50000
2010-07-01,15.862380090445239,15.897484111488735,15.564813831537158,15.5776366603104,50000
2010-07-02,15.5776366603104,15.674676086112674,15.536220440982481,15.574052979309313,50000
2010-07-05,15.574052979309313,15.630389846741386,15.520593279766029,15.565741509061112,50000
2010-07-06,15.565741509061112,15.792162838281824,15.458298224074495,15.710355172318087,50000
2010-07-07,15.710355172318087,15.812745611840812,15.54444664234325,15.647570087806862,50000
2010-07-08,15.647570087806862,15.706116561182101,14.872326457424807,15.08840457546382,50000
2010-07-09,15.08840457546382,15.149238158831606,14.429418428310942,14.466461293171303,50000
2010-07-12,14.466461293171303,14.67603135870145,14.382306566421297,14.660374653771166,165229
2010-07-13,14.660374653771166,15.086896620898939,14.590673572804015,14.89327530229782,50000
2010-07-14,14.89327530229782,15.596670632205834,14.774409885074775,15.361456506574685,100078
2010-07-15,15.361456506574685,16.444323349945094,15.327106210198568,16.308038160523495,50000
2010-07-16,16.308038160523495,16.314112835802444,15.94615221097462,15.949355192042242,50000
2010-07-19,15.949355192042242,16.058810744238265,15.357534698287713,15.394540953436321,50000
2010-07-20,15.394540953436321,15.421047011305792,14.734669950368112,14.76973984654258,50000
2010-07-21,14.76973984654258,15.082866066702683,14.765550746073774,15.028435363457797,50000
2010-07-22,15.028435363457797,15.151774867524468,15.02711316442386,15.117634757339095,50000
2010-07-23,15.117634757339095,15.1252172970837,14.790533980435463,14.836592448686181,50000
2010-07-26,14.836592448686181,14.855894852848591,14.708917736254756,14.71414928721294,50000
2010-07-27,14.71414928721294,14.919777207778546,14.709885833371123,14.808698005326972,77708
2010-07-28,14.808698005326972,14.87140143919615,14.746829984664421,14.797522844042854,50000
2010-07-29,14.797522844042854,14.84494040669448,14.354166318765857,14.529477978424717,50000
2010-07-30,14.529477978424717,14.681796444548304,14.228547899181647,14.32137376634827,50000
2010-08-02,14.32137376634827,14.391855962349732,14.14454792647737,14.218078373050059,50000
2010-08-03,14.218078373050059,14.26205091321617,13.792741206276292,13.803132177139732,50000
2010-08-04,13.803132177139732,13.946979151127941,13.74407695152299,13.838293271215901,65941
2010-08-05,13.838293271215901,13.890519253735842,13.724385823696812,13.834506069267464,58419
2010-08-06,13.834506069267464,14.761024434523149,13.821190921872748,14.599049984543168,50000
2010-08-09,14.599049984543168,14.870815363436275,14.555520773664535,14.796279058331663,50000
2010-08-10,14.796279058331663,14.939480728138303,14.734290149838742,14.813518161758466,103786
2010-08-11,14.813518161758466,14.947802257350414,14.74753268603619,14.88431669786161,50000
2010-08-12,14.88431669786161,14.942727861529471,14.71694235844749,14.78592390013689,55053
2010-08-13,14.78592390013689,14.813438520709985,14.293924395129556,14.418456768997169,50000
2010-08-16,14.418456768997169,14.442843650371767,14.075382664387622,14.114630464520438,50000
2010-08-17,14.114630464520438,14.918846847960396,14.027843284209876,14.83325791073346,50000
2010-08-18,14.83325791073346,14.906002994993171,14.660622933441608,14.66890153339396,50000
2010-08-19,14.66890153339396,15.275229879980824,14.469675154063268,15.248314857397505,69279
2010-08-20,15.248314857397505,15.387688983856474,14.993227226536005,15.060446097538351,50000
2010-08-23,15.060446097538351,15.69950686222704,14.992267242406173,15.677258463466528,51265
2010-08-24,15.677258463466528,15.847315132639961,15.549463373224908,15.803237199089132,50000
2010-08-25,15.803237199089132,15.81648465055159,15.70077095510653,15.750914416367982,50000
2010-08-26,15.750914416367982,15.885993959256734,15.395738909311572,15.515163974448685,50000
2010-08-27,15.515163974448685,15.662649038749654,15.347183494056063,15.584019896699333,50000
2010-08-30,15.584019896699333,15.833396567337644,15.504089615529942,15.829798563018434,90795
2010-08-31,15.829798563018434,15.871623278226336,15.555632124901386,15.616210385783186,59521
2010-09-01,15.616210385783186,15.776177951128135,15.611795142764514,15.750121591577543,50000
2010-09-02,15.750121591577543,15.855497862592612,15.290763701889622,15.36649379540304,57732
2010-09-03,15.36649379540304,15.380937208505147,15.304644489834903,15.316898144831631,50000
2010-09-06,15.316898144831631,15.691256170179763,15.259501219767776,15.643033263034383,75001
2010-09-07,15.643033263034383,15.777291534979101,15.50035851325903,15.547812567455379,50000
2010-09-08,15.547812567455379,15.820049283594011,15.36288255191752,15.724192436945097,50000
2010-09-09,15.724192436945097,15.751016032802815,15.573933947957336,15.61589807493287,52657
2010-09-10,15.61589807493287,15.955895093870584,15.60456695671129,15.90475764202645,56941
2010-09-13,15.90475764202645,16.2644898174901,15.695532187991967,16.13095948021575,50807
2010-09-14,16.13095948021575,16.161480236022435,16.027261480840732,16.05639708698751,50000
2010-09-15,16.05639708698751,16.7023000890074,16.039148869120066,16.68449411921201,50000
2010-09-16,16.68449411921201,16.848115687215586,16.613223094497645,16.677832433809648,68921
2010-09-17,16.677832433809648,17.107062246287065,16.67733274025026,16.93689222871684,50379
2010-09-20,16.93689222871684,17.12269438964904,16.859812651274993,16.9713626004747,50000
2010-09-21,16.9713626004747,17.01758365656386,16.300859576954938,16.45570411447966,50000
2010-09-22,16.45570411447966,16.621917374447545,16.319808323641272,16.382828150435643,50000
2010-09-23,16.382828150435643,16.854073845527232,16.26985048114885,16.78578647780075,66142
2010-09-24,16.78578647780075,17.430671521866536,16.749746283769234,17.304322698871825,67913
2010-09-27,17.304322698871825,17.393116277217167,17.250963219041207,17.25921591697827,50000
2010-09-28,17.25921591697827,17.644982423751177,17.244454384011245,17.59516920423962,50000
2010-09-29,17.59516920423962,18.124913132167112,17.51202817465274,18.07373668490628,50000
2010-09-30,18.07373668490628,18.244205555655753,17.32882450500952,17.400239938203125,50000
2010-10-01,17.400239938203125,17.515626137522354,17.310414213872306,17.409582701884414,57328
2010-10-04,17.409582701884414,17.66244653307,17.270258065391186,17.659396232650813,55066
2010-10-05,17.659396232650813,17.81269299808529,17.30922662624999,17.352770499028846,50000
2010-10-06,17.352770499028846,17.42350022168082,16.99255890539332,17.19166396896812,54774
2010-10-07,17.19166396896812,17.212623471032607,16.773318723379244,16.877372603030384,50000
2010-10-08,16.877372603030384,17.130990776999166,16.62304631589867,17.121429465456632,50000
2010-10-11,17.121429465456632,17.758822526985043,16.982815868527126,17.543746553915703,50000
2010-10-12,17.543746553915703,17.833518268680564,17.465150782071014,17.828800864256763,57369
2010-10-13,17.828800864256763,18.01438423695354,17.69370394900567,18.011711362070915,50000
2010-10-14,18.011711362070915,18.051027481135826,17.30901750735596,17.344241689529316,50000
2010-10-15,17.344241689529316,17.387504319190903,17.28142774347835,17.324107968585114,50000
2010-10-18,17.324107968585114,17.344211660626865,17.146961253976105,17.22907605361105,91414
2010-10-19,17.22907605361105,17.343850763643246,17.067215839349558,17.092187221953626,58790
2010-10-20,17.092187221953626,17.179926542154433,16.99741151797748,17.120690831740283,50000
2010-10-21,17.120690831740283,17.326245041739245,16.958412448583193,17.206786570467933,85811
2010-10-22,17.206786570467933,17.758716749990672,17.10441035133648,17.70908413514622,73124
2010-10-25,17.70908413514622,17.71038128591222,17.304972848476485,17.468195102397893,50000
2010-10-26,17.468195102397893,17.52614073343343,17.270398046620432,17.302252797506924,50000
2010-10-27,17.302252797506924,17.354624005883657,16.980817423319632,17.18705345719164,50000
2010-10-28,17.18705345719164,17.30128226895979,16.868778933628942,16.947743495933647,50000
2010-10-29,16.947743495933647,17.501626927710888,16.93957533819623,17.453679719831918,50000
2010-11-01,17.453679719831918,17.707855700534175,17.357811334561678,17.68720359982495,50000
2010-11-02,17.68720359982495,17.822921357682528,17.417593863465726,17.741274705922805,50000
2010-11-03,17.741274705922805,17.75441497315679,17.408745924750654,17.584492402200937,50000
2010-11-04,17.584492402200937,17.608650875690525,17.261274642150667,17.385058575379688,77838
2010-11-05,17.385058575379688,17.49254317407451,17.35538342684618,17.395966493608338,50000
2010-11-08,17.395966493608338,17.43574815763758,17.211407629784553,17.242248801610735,50000
2010-11-09,17.242248801610735,17.4864674627135,17.06033033385224,17.099919433452325,50000
2010-11-10,17.099919433452325,17.107726255151746,16.645834851994756,16.67966130510323,54719
2010-11-11,16.67966130510323,16.831650351580368,16.627038245793607,16.744687236033588,50000
2010-11-12,16.744687236033588,17.183550690990607,16.683781341619234,17.085054729981138,50000
2010-11-15,17.085054729981138,17.896293689903384,17.020479256720368,17.729001630210014,68396
2010-11-16,17.729001630210014,17.9864426512084,17.646328116661063,17.975157262354486,61739
2010-11-17,17.975157262354486,18.162847360873847,17.78392164401181,18.0705209668664,50000
2010-11-18,18.0705209668664,18.301800469799538,18.020177313145393,18.27286031824455,50000
2010-11-19,18.27286031824455,18.273006254535865,17.65504341503443,17.844965200491007,50000
2010-11-22,17.844965200491007,17.902161408021435,17.553965564640993,17.625207500696256,50000
2010-11-23,17.625207500696256,17.85781383069157,17.472774896395407,17.839451019212273,50000
2010-11-24,17.839451019212273,18.18088291729958,17.766735477901424,18.093802042854236,50000
2010-11-25,18.093802042854236,18.156846157959734,17.509678303634203,17.582466130496012,50000
2010-11-26,17.582466130496012,17.75736760102779,17.07880735509082,17.261027501690705,50000
2010-11-29,17.261027501690705,17.29245558715804,16.9227861326115,16.943724059433915,50000
2010-11-30,16.943724059433915,17.145142100440673,16.93105710705739,17.116716390960892,50000
2010-12-01,17.116716390960892,17.27568523279121,16.97841884757345,17.088359919324574,50000
2010-12-02,17.088359919324574,17.193983824429832,16.90431272640563,17.1680405018674,50000
2010-12-03,17.1680405018674,17.19417687397653,16.591334861730385,16.812121410892168,130674
2010-12-06,16.812121410892168,16.9261122747768,16.724278156480874,16.878564242692104,50000
2010-12-07,16.878564242692104,16.984098044368427,16.74202192087493,16.769697799121936,50000
2010-12-08,16.769697799121936,16.886692036100822,16.04312208200456,16.146334620477774,50000
2010-12-09,16.146334620477774,17.07754759265984,16.115830461321547,16.95167892795728,50000
2010-12-10,16.95167892795728,16.992071785878224,16.760689997991502,16.76898715640826,50000
2010-12-13,16.76898715640826,16.786436626063495,16.48785701386619,16.634860205256356,72614
2010-12-14,16.634860205256356,17.16951463063071,16.46204613710059,17.007087101770352,57077
2010-12-15,17.007087101770352,17.624839658864147,16.91093754164479,17.55924873859186,50000
2010-12-16,17.55924873859186,17.858387478326758,17.442560442334646,17.76557281362913,50000
2010-12-17,17.76557281362913,17.97019020719021,17.512875910138128,17.661422577890573,50000
2010-12-20,17.661422577890573,17.803949860048103,17.640187762617828,17.751976616240118,72800
2010-12-21,17.751976616240118,18.04896238205799,17.67065110738392,17.948229617301806,50000
2010-12-22,17.948229617301806,18.094462195155597,17.657240746476557,17.668078925443215,53323
2010-12-23,17.668078925443215,17.839538885735138,17.176003819822522,17.307764794341317,64257
2010-12-24,17.307764794341317,17.335029305618853,17.231417113341685,17.248215822672318,50000
2010-12-27,17.248215822672318,17.645109426759532,17.217248622707423,17.499575104800414,50000
2010-12-28,17.499575104800414,17.873581476310573,17.499025771309483,17.75792189264288,50000
2010-12-29,17.75792189264288,17.845624752503618,17.258401763854717,17.44876916346422,50000
2010-12-30,17.44876916346422,17.583087076781073,16.8484091748117,16.946093276771737,50000
2010-12-31,16.946093276771737,17.1871289688416,16.702318500540457,16.767605090463377,50000
2011-01-03,16.767605090463377,17.111301545740794,16.726336634729392,16.90967137478242,50000
2011-01-04,16.90967137478242,17.21639619033684,16.905420315175633,17.101518994094057,50000
2011-01-05,17.101518994094057,17.247272035639764,16.76692937440712,16.87168435605638,50000
2011-01-06,16.87168435605638,17.45431686796869,16.86040611218271,17.240315666533185,50000
2011-01-07,17.240315666533185,17.266626475564497,16.915550291780995,17.150399344241315,50000
2011-01-10,17.150399344241315,17.274724821698356,16.993239106815736,17.196592153332585,50000
2011-01-11,17.196592153332585,17.493569788878645,17.05894445615013,17.396398997937553,50000
2011-01-12,17.396398997937553,17.424958483065517,17.274967161027384,17.30507073064407,50000
2011-01-13,17.30507073064407,17.42360886108369,17.13663675939081,17.154339078859547,50000
2011-01-14,17.154339078859547,17.157102372076075,17.06145095310019,17.103737752893263,59637
2011-01-17,17.103737752893263,17.351600656069703,16.91097503222319,17.26154314206582,50000
2011-01-18,17.26154314206582,17.35567828268386,16.931430622135796,17.084590351447385,50000
2011-01-19,17.084590351447385,17.92659003946182,16.97881245278708,17.823706514983346,50000
2011-01-20,17.823706514983346,18.297647946093374,17.795439888543463,18.197184568882687,50000
2011-01-21,18.197184568882687,18.320341601415066,18.07530972684409,18.26195250921848,50000
2011-01-24,18.26195250921848,18.295124890034504,18.040737316552587,18.065566852896243,50000
2011-01-25,18.065566852896243,18.303624407616823,17.512800503237344,17.681799432685295,50000
2011-01-26,17.681799432685295,17.796867921197418,17.630580923501757,17.759133825428968,50000
2011-01-27,17.759133825428968,18.129406893658036,17.735990455316532,18.07630186832962,50000
2011-01-28,18.07630186832962,18.514705868611006,18.04326772440737,18.30764527836356,93396
2011-01-31,18.30764527836356,18.366568285878067,17.350518614281768,17.490104242048616,58594
2011-02-01,17.490104242048616,18.23928953010594,17.47650012791965,17.929326428849674,50000
2011-02-02,17.929326428849674,18.062850461256634,17.813262505878917,17.858181328506785,50000
2011-02-03,17.858181328506785,17.96432170037428,17.836037995440638,17.86445125860849,53794
2011-02-04,17.86445125860849,17.911763353621353,17.84981838330906,17.900187842004676,56775
2011-02-07,17.900187842004676,18.099207737187626,17.663336333603393,18.049480148503505,50000
2011-02-08,18.049480148503505,18.222533534127216,17.928500442916082,18.00889160863847,98317
2011-02-09,18.00889160863847,18.05479463314881,17.745689703237367,17.805158982193408,50000
2011-02-10,17.805158982193408,17.828919642137038,17.686556456888937,17.807443335612724,50000
2011-02-11,17.807443335612724,17.838702136254824,17.675609912103997,17.70843025784714,77888
2011-02-14,17.70843025784714,18.005872035313246,17.627552335232203,17.88506956141328,50000
2011-02-15,17.88506956141328,18.341111901112445,17.81716565468648,18.30842499052167,59116
2011-02-16,18.30842499052167,18.321646345113383,17.456186693014065,17.57197134996898,50000
2011-02-17,17.57197134996898,17.596696276865433,17.434565807681405,17.44803297216915,50000
2011-02-18,17.44803297216915,17.688468872387258,17.394268643535064,17.54338912375866,50000
2011-02-21,17.54338912375866,17.716651127421272,17.398844586935965,17.592915879952184,50000
2011-02-22,17.592915879952184,17.596453792223464,17.151958966418086,17.354413296853917,50000
2011-02-23,17.354413296853917,17.386577865157626,16.42212392380802,16.52795656332555,190575
2011-02-24,16.52795656332555,16.57889464507332,16.104200511473923,16.363067157823124,50000
2011-02-25,16.363067157823124,16.93636156429176,16.12674084761163,16.796973543679815,50000
2011-02-28,16.796973543679815,16.831366866480792,16.283595458172687,16.41930292768472,50000
2011-03-01,16.41930292768472,16.517932443976544,16.16978548796877,16.32053788913789,50000
2011-03-02,16.32053788913789,16.55826607223425,16.20015028044411,16.47981566059093,179276
2011-03-03,16.47981566059093,16.981846466672792,16.347072026603684,16.817406573958227,50000
2011-03-04,16.817406573958227,16.913560764423092,16.572794061182613,16.8522767747265,50000
2011-03-07,16.8522767747265,16.868449848758026,16.63870085052403,16.651016421583098,50000
2011-03-08,16.651016421583098,17.06897825847685,16.645464829763657,16.96228504235031,61658
2011-03-09,16.96228504235031,17.129195360423896,16.932794827940373,17.057026746158506,53367
2011-03-10,17.057026746158506,17.67257025784734,17.042294493021807,17.59991725873414,119836
2011-03-11,17.59991725873414,17.93639544522548,17.598339850370056,17.89531814009785,51669
2011-03-14,17.89531814009785,18.343348830786805,17.83826539575987,18.290936381329505,50000
2011-03-15,18.290936381329505,19.123598201284338,18.13804432311346,18.97178901090113,50000
2011-03-16,18.97178901090113,18.99414665636955,18.605367204739913,18.77982141123817,50000
2011-03-17,18.77982141123817,19.071710830175558,18.524426185741437,18.681369357545545,50000
2011-03-18,18.681369357545545,18.746932503212964,18.53063464343928,18.676318242133878,50000
2011-03-21,18.676318242133878,19.26393917015099,18.60911437509744,18.998441699077432,50000
2011-03-22,18.998441699077432,19.04919344492285,18.62655453652803,18.722689248075323,85350
2011-03-23,18.722689248075323,19.10526654268652,18.64862181653521,18.887943041316067,227903
2011-03-24,18.887943041316067,19.15728296689185,18.791501451443565,19.01661885622094,87987
2011-03-25,19.01661885622094,19.34386126469787,19.011927451988413,19.202156573716213,50000
2011-03-28,19.202156573716213,19.52164074543239,19.200881532371994,19.39197013174441,50000
2011-03-29,19.39197013174441,19.69746603120208,19.35827174703718,19.678153260785678,50000
2011-03-30,19.678153260785678,20.132877788734778,19.67227267286704,19.963618607785154,75092
2011-03-31,19.963618607785154,20.568577258416987,19.949289486007334,20.515611983084707,50000
2011-04-01,20.515611983084707,21.021908207099038,20.379905538272325,20.899474258145148,50000
2011-04-04,20.899474258145148,21.16913722102797,20.61165029168843,20.618270996286732,84042
2011-04-05,20.618270996286732,20.84803281192409,20.268482797761553,20.447518993370227,50000
2011-04-06,20.447518993370227,20.467681811056025,20.378276302399776,20.42189318372724,50000
2011-04-07,20.42189318372724,20.899815591447847,20.289520610932502,20.601778946389278,50000
2011-04-08,20.601778946389278,20.833581866347018,20.426610733751495,20.734770275204486,50000
2011-04-11,20.734770275204486,20.77881147401395,20.355791747632473,20.571315175310815,50000
2011-04-12,20.571315175310815,20.605091082897886,20.33437738310385,20.37592002894205,53302
2011-04-13,20.37592002894205,20.466072295980986,20.085764214895033,20.204197943118356,50000
2011-04-14,20.204197943118356,20.635192074690718,20.198252889123467,20.448759061913545,50000
2011-04-15,20.448759061913545,20.475436220251655,20.028835247018982,20.13196369018926,50000
2011-04-18,20.13196369018926,20.383514728334703,19.999671315544543,20.16193747648754,50000
2011-04-19,20.16193747648754,20.338408598061648,20.073271671619832,20.2982988115465,50000
2011-04-20,20.2982988115465,20.701148927491452,20.166345887304644,20.595918543531358,50000
2011-04-21,20.595918543531358,21.11815616757492,20.535568754196955,20.996780790322862,50000
2011-04-22,20.996780790322862,21.27064247426462,20.20163861041467,20.407155762993867,50000
2011-04-25,20.407155762993867,20.547201661046234,20.341740559786096,20.415583320926693,52023
2011-04-26,20.415583320926693,20.51714985041362,20.189786650777688,20.307981935352952,52426
2011-04-27,20.307981935352952,20.642095849370634,20.069616189437056,20.576080925896814,50000
2011-04-28,20.576080925896814,20.776991717897147,20.5326347364602,20.727852682309013,61212
2011-04-29,20.727852682309013,20.849696777668864,20.35370717964434,20.463951586266802,50000
2011-05-02,20.463951586266802,20.597886299347962,20.32158518123305,20.400168264552565,62415
2011-05-03,20.400168264552565,20.55312763252254,20.170265237018377,20.536483705677355,66128
2011-05-04,20.536483705677355,20.650306712931567,20.075794913621127,20.174547119096506,50000
2011-05-05,20.174547119096506,20.581990453613063,20.08258280652733,20.55777893079617,50000
2011-05-06,20.55777893079617,20.789556069615532,20.53567993438527,20.783529265155014,50000
2011-05-09,20.783529265155014,20.95840156227862,20.738236884889588,20.9079455889469,54622
2011-05-10,20.9079455889469,21.211839288762153,20.85880954464447,21.06686994300187,50000
2011-05-11,21.06686994300187,21.400382688261082,20.900599111871873,21.26509488464619,50000
2011-05-12,21.26509488464619,21.744367377734363,21.2063440325223,21.675725661745712,50000
2011-05-13,21.675725661745712,21.84649659576776,21.559297529597696,21.75580436016963,134788
2011-05-16,21.75580436016963,21.944301863022023,21.74945345309715,21.923240003140265,50000
2011-05-17,21.923240003140265,21.970993636311814,21.36038327064556,21.458008440441,50000
2011-05-18,21.458008440441,21.710258611923887,21.223872002587534,21.618993201766948,50000
2011-05-19,21.618993201766948,21.87371398695377,21.361838068192252,21.487433882953454,156242
2011-05-20,21.487433882953454,21.65673048605632,21.15573845006087,21.198629161020225,263199
2011-05-23,21.198629161020225,21.39363451420827,20.94239879986613,21.291079967288148,50000
2011-05-24,21.291079967288148,21.352997114906437,21.24219729768759,21.29470125779898,50000
2011-05-25,21.29470125779898,21.56802555216569,20.709396613819234,20.97420398123923,80247
2011-05-26,20.97420398123923,21.04975795072293,20.637892176803874,20.75891156473488,77455
2011-05-27,20.75891156473488,21.259365938872126,20.626345030850107,21.165924080798618,50000
2011-05-30,21.165924080798618,21.300012237172343,20.79372412240957,20.811977163683014,102073
2011-05-31,20.811977163683014,20.99634679875087,20.395914866072804,20.467772119732967,50000
2011-06-01,20.467772119732967,20.567873936563274,19.995734699944773,20.382319792079368,50000
2011-06-02,20.382319792079368,20.6549428523741,20.381937202945508,20.634553617510004,95086
2011-06-03,20.634553617510004,20.89953361610193,20.550008402481303,20.835369313411675,67636
2011-06-06,20.835369313411675,21.560573290269808,20.803948778284372,21.363013445537252,160356
2011-06-07,21.363013445537252,22.073438872900656,21.272283399291968,21.648772061067344,50000
2011-06-08,21.648772061067344,21.806302036802467,21.528316561168193,21.78348887562849,50000
2011-06-09,21.78348887562849,21.949124158143285,21.611260348834506,21.767022465925898,54738
2011-06-10,21.767022465925898,22.652807870070593,21.656487011734523,22.624080563245357,50000
2011-06-13,22.624080563245357,22.752344673850484,22.409344561365234,22.722401784445985,50000
2011-06-14,22.722401784445985,22.85783914121781,22.41313474642595,22.646400374939144,53602
2011-06-15,22.646400374939144,23.339314451264283,22.527931984122915,23.186959390325594,50000
2011-06-16,23.186959390325594,23.30294153259847,22.90198812079635,23.054971104499362,50000
2011-06-17,23.054971104499362,23.284182915444887,22.995643865767896,23.123704090154256,50000
2011-06-20,23.123704090154256,23.403495081422435,22.92067677649886,23.311067904296447,61409
2011-06-21,23.311067904296447,23.360975696649547,22.9065531499224,22.962674437282505,50000
2011-06-22,22.962674437282505,23.0324009243111,22.399004465230398,22.601235285927785,50000
2011-06-23,22.601235285927785,22.664077059615586,22.051774396429888,22.095013292832256,50000
2011-06-24,22.095013292832256,22.301833326563063,21.926922484069028,22.050658513565555,50000
2011-06-27,22.050658513565555,22.095108269546017,21.93078577811811,21.954651521055208,50000
2011-06-28,21.954651521055208,22.418754858020403,21.872676344944857,22.278516322680645,50000
2011-06-29,22.278516322680645,22.551186072488676,22.17553827924144,22.451087427362207,50000
2011-06-30,22.451087427362207,22.542588759475098,22.07378140786151,22.136606373374644,50000
2011-07-01,22.136606373374644,22.210995448652035,21.59242322031956,21.776223232772683,70774
2011-07-04,21.776223232772683,21.92601372719967,21.536694257217256,21.61021562780875,50000
2011-07-05,21.61021562780875,21.625706859765305,21.356203889751562,21.4598036198369,56189
2011-07-06,21.4598036198369,21.570224561812232,21.420196593600114,21.453686847989903,50000
2011-07-07,21.453686847989903,21.5436144780164,21.23398622154704,21.397351262835212,50000
2011-07-08,21.397351262835212,21.45021604855275,21.373598893702475,21.436719128138797,78261
2011-07-11,21.436719128138797,21.751643191747494,21.27609582407952,21.654441194467953,88477
2011-07-12,21.654441194467953,22.173020561948675,21.555116964048825,22.011471854910788,104464
2011-07-13,22.011471854910788,22.4574745271438,21.844793148032274,22.395847709991273,50000
2011-07-14,22.395847709991273,22.553601994862024,22.15413641762108,22.31613515264744,174301
2011-07-15,22.31613515264744,22.492343511182042,22.306741648158503,22.389164591655128,50000
2011-07-18,22.389164591655128,22.572423785733427,22.13809175818595,22.468849954722927,61524
2011-07-19,22.468849954722927,22.71441356855114,22.385784733653132,22.610079582813942,117859
2011-07-20,22.610079582813942,22.748146535173834,22.439783550244087,22.59691900810984,50000
2011-07-21,22.59691900810984,22.816744508464872,22.522283123211768,22.705485595431917,184584
2011-07-22,22.705485595431917,22.98938937757388,22.692479790136264,22.91309190005269,50000
2011-07-25,22.91309190005269,23.189044611136634,22.86415876332242,23.1610975964497,50000
2011-07-26,23.1610975964497,23.310738366561978,23.141967677582723,23.241902722153338,77018
2011-07-27,23.241902722153338,23.315532104279203,22.68444674228217,22.714012853186233,50000
2011-07-28,22.714012853186233,22.879603866061878,22.3168908856171,22.31796082352897,50000
2011-07-29,22.31796082352897,22.49105251401098,21.559020578913056,21.845630738767483,50000
2011-08-01,21.845630738767483,21.948378683598687,21.28055556380706,21.46024287437252,71607
2011-08-02,21.46024287437252,21.603064599208093,21.33712123868078,21.371216706890685,50000
2011-08-03,21.371216706890685,21.761226597982187,21.317891278675678,21.593979009093378,50000
2011-08-04,21.593979009093378,21.659004407815367,21.591200248594983,21.637869774641246,50000
2011-08-05,21.637869774641246,21.90708721608719,21.6142414974956,21.743800790660963,50000
2011-08-08,21.743800790660963,22.114920341040474,21.546158279886964,22.061355132362095,50000
2011-08-09,22.061355132362095,22.32718316417837,21.920781454093735,22.058919230148337,50000
2011-08-10,22.058919230148337,22.448639082862403,21.942757477484022,22.2905690606774,65481
2011-08-11,22.2905690606774,22.75562645226383,22.252250184734415,22.684668713687515,50000
2011-08-12,22.684668713687515,22.811317606321882,22.58313601103402,22.606127619503102,127258
2011-08-15,22.606127619503102,22.689673860848625,22.376271175265664,22.556330354036117,60099
2011-08-16,22.556330354036117,22.696614161785508,22.133704902160975,22.485725592038122,50000
2011-08-17,22.485725592038122,22.501298696492288,21.848466296042822,22.03121725069175,57124
2011-08-18,22.03121725069175,22.057674832857508,21.379955294087615,21.60850590630645,50000
2011-08-19,21.60850590630645,21.73449596558778,21.436013516747092,21.490876836952722,50000
2011-08-22,21.490876836952722,21.60971198939141,21.341182879319142,21.530129081600368,63344
2011-08-23,21.530129081600368,21.904262186342482,21.432629328658773,21.87307418858452,50820
2011-08-24,21.87307418858452,21.971124158018785,21.609875789308074,21.752612368424867,50000
2011-08-25,21.752612368424867,22.239688547348464,21.74008273098016,22.19916286971063,50000
2011-08-26,22.19916286971063,22.369383248284787,21.7466471388876,21.914297642858934,50000
2011-08-29,21.914297642858934,22.229791920438107,21.85540509143043,22.17486698560505,50000
2011-08-30,22.17486698560505,22.186929559849347,21.650722482766067,21.867245729929238,60258
2011-08-31,21.867245729929238,22.078527330618464,21.37580901734185,21.407465192656602,50000
2011-09-01,21.407465192656602,21.702692775891578,21.327741480529255,21.693368355493448,50000
2011-09-02,21.693368355493448,21.826497287344335,21.371749118134034,21.771644145625906,68584
2011-09-05,21.771644145625906,21.97823398714406,21.761775828950533,21.869501353521773,57884
2011-09-06,21.869501353521773,22.057490613709714,21.59631611612363,21.64140775607145,50000
2011-09-07,21.64140775607145,21.90318244386228,21.637625889718894,21.903098142760488,50000
2011-09-08,21.903098142760488,22.45018476485741,21.87204266680957,22.354158564467298,94479
2011-09-09,22.354158564467298,22.40432648785143,22.076852540779335,22.102937693351937,50000
2011-09-12,22.102937693351937,22.224981182201144,22.09808782254541,22.178351844789944,50000
2011-09-13,22.178351844789944,22.303665607440884,21.911309346081797,22.022022410840083,50000
2011-09-14,22.022022410840083,22.68915431912692,21.826739690517922,22.620464567902033,50000
2011-09-15,22.620464567902033,22.743073733469803,22.28099421586766,22.481893497029926,50000
2011-09-16,22.481893497029926,22.632030785828828,22.083491317880544,22.262531632392825,50000
2011-09-19,22.262531632392825,22.415764373745688,22.125985663533164,22.355039660157406,50000
2011-09-20,22.355039660157406,22.470093475390925,21.903762489581982,22.03998719434427,50000
2011-09-21,22.03998719434427,22.35338967433225,21.926730167912048,22.16957729832521,76929
2011-09-22,22.16957729832521,22.282250602542018,22.16157197576392,22.259120766220413,50000
2011-09-23,22.259120766220413,22.273776213557998,22.014979723130672,22.109384108364797,50000
2011-09-26,22.109384108364797,22.329205173210777,21.958745212926814,22.27252372176092,50000
2011-09-27,22.27252372176092,22.70345898144126,22.189414457516772,22.470232513267412,59875
2011-09-28,22.470232513267412,23.285576106149247,22.27749286960279,23.197023804670096,50000
2011-09-29,23.197023804670096,23.486721909769468,23.187859704545588,23.367649651689515,50000
2011-09-30,23.367649651689515,23.62852996526157,23.131996502313164,23.487178010498734,50000
2011-10-03,23.487178010498734,23.970950405318302,23.47841693981681,23.854388508381867,50000
2011-10-04,23.854388508381867,24.05020710888,23.671086877040437,23.901192302672776,50000
2011-10-05,23.901192302672776,24.288811579203095,23.60779770495528,24.28238494670216,50000
2011-10-06,24.28238494670216,24.386961053535686,23.894411346393856,24.171192390383506,189297
2011-10-07,24.171192390383506,24.24697865041108,24.057102251280803,24.135632806687184,50000
2011-10-10,24.135632806687184,24.401040861819336,23.910477784038854,24.179764659317318,50000
2011-10-11,24.179764659317318,24.442239938546205,23.985711905057748,24.08555352690719,66106
2011-10-12,24.08555352690719,24.212266513213343,23.36547298952949,23.48632930544514,50000
2011-10-13,23.48632930544514,23.564871648248882,23.25691011621,23.471813135840442,50431
2011-10-14,23.471813135840442,23.608470477784824,23.30284484028828,23.377360445031094,50000
2011-10-17,23.377360445031094,23.710993496383605,23.061366074922894,23.59695902374443,50000
2011-10-18,23.59695902374443,23.954142353504785,23.418493631252506,23.882457830009706,50000
2011-10-19,23.882457830009706,24.36472127547818,23.519627497173886,24.241815038021592,50000
2011-10-20,24.241815038021592,24.268443342576802,23.890654953997004,23.905360592462085,211075
2011-10-21,23.905360592462085,24.50371210769269,23.809070073796203,24.37367835061859,64134
2011-10-24,24.37367835061859,24.50468815278995,23.937248863980482,24.056489891418,50000
2011-10-25,24.056489891418,24.268845991793064,23.940824208228143,23.966941600538988,50000
2011-10-26,23.966941600538988,24.695154114556914,23.93246767166447,24.508035575957877,132785
2011-10-27,24.508035575957877,24.958730883837646,24.293430873403484,24.711387653253556,50000
2011-10-28,24.711387653253556,24.753835745618552,24.396233367176883,24.454876554535286,50000
2011-10-31,24.454876554535286,24.71745441941382,24.439375661582858,24.69479895023312,50000
2011-11-01,24.69479895023312,24.863638154033637,24.60307475734132,24.721500219858285,50000
2011-11-02,24.721500219858285,24.99494957193949,24.527446328448722,24.904341406288875,125097
2011-11-03,24.904341406288875,25.836999642837313,24.808695555830045,25.743118189177004,50000
2011-11-04,25.743118189177004,26.19396923406917,25.544613944869358,26.103414444228424,53969
2011-11-07,26.103414444228424,26.73130057161116,25.839999604136064,26.49656229000556,50000
2011-11-08,26.49656229000556,26.52178894909844,26.385161591190663,26.385335480960762,50000
2011-11-09,26.385335480960762,26.722648556069675,26.012816718096918,26.489243011070386,148098
2011-11-10,26.489243011070386,26.679298262875392,26.46152442952769,26.6597207394942,50000
2011-11-11,26.6597207394942,26.921676310573847,26.589696358549638,26.84266562807178,50000
2011-11-14,26.84266562807178,27.23369290550962,26.590485832311177,26.945994354422652,50000
2011-11-15,26.945994354422652,27.17338004507574,26.840787257036396,27.100773020625468,50000
2011-11-16,27.100773020625468,27.102598241918873,26.767218094440558,26.773296448719492,50000
2011-11-17,26.773296448719492,27.0920371776199,26.704570233639696,26.983561621372925,50000
2011-11-18,26.983561621372925,27.208814988629374,26.787880110116983,27.15489663367826,50970
2011-11-21,27.15489663367826,27.40490540858812,27.105362063716942,27.155315719265708,50000
2011-11-22,27.155315719265708,27.28905892696426,26.886634958463738,26.993632556182025,50000
2011-11-23,26.993632556182025,27.21676266756324,26.614869744948116,27.15290607454634,121764
2011-11-24,27.15290607454634,27.271751202024,26.947833064106575,27.136496520155806,50000
2011-11-25,27.136496520155806,27.564249056889597,27.046640562782198,27.388966255438476,50000
2011-11-28,27.388966255438476,27.616143422700045,26.779329047225875,26.84704572099752,50000
2011-11-29,26.84704572099752,27.302595433220358,26.6522779862294,27.198961053801167,81986
2011-11-30,27.198961053801167,27.383136788494657,26.751823445077193,26.98758166199278,50000
2011-12-01,26.98758166199278,27.034693351473642,26.636311121106434,26.727269233633994,50000
2011-12-02,26.727269233633994,27.215266294652128,26.544924161251547,27.21191264029742,50000
2011-12-05,27.21191264029742,27.72269475283497,27.12026500401385,27.595656769239422,50000
2011-12-06,27.595656769239422,27.669955680221936,27.379514786413875,27.61549974796811,50000
2011-12-07,27.61549974796811,27.697186300988783,27.046996197136906,27.14873939787102,65806
2011-12-08,27.14873939787102,27.338239219164993,26.663685998659147,26.832228109887037,50000
2011-12-09,26.832228109887037,27.087249452815474,26.54887049518353,26.750575252082662,50000
2011-12-12,26.750575252082662,27.27742284520448,26.481589557538708,27.217384586333814,78324
2011-12-13,27.217384586333814,27.647901508407845,26.914730355102932,27.37942263083714,63193
2011-12-14,27.37942263083714,27.69137038124343,26.92489419930389,27.156119310547194,65104
2011-12-15,27.156119310547194,27.30257926724151,26.89567641757447,27.216141315773292,65739
2011-12-16,27.216141315773292,27.26622401452998,26.59275919433485,26.62839215087399,50000
2011-12-19,26.62839215087399,26.877458290404427,26.610855612239973,26.748871601873354,50000
2011-12-20,26.748871601873354,26.815132710608836,26.588695783724443,26.605676955724505,50000
2011-12-21,26.605676955724505,26.79130484750393,26.54195014259725,26.558444745519935,50000
2011-12-22,26.558444745519935,26.853345246643077,26.45163638486739,26.82761517178283,50000
2011-12-23,26.82761517178283,27.14188137779771,26.776744591748333,26.916897817546566,50000
2011-12-26,26.916897817546566,27.690412236899487,26.83645938231981,27.478002038409972,50000
2011-12-27,27.478002038409972,28.028766884636916,27.091395401488292,27.60838853347177,50000
2011-12-28,27.60838853347177,28.16300765120367,27.512689365720483,28.085502823193018,52690
2011-12-29,28.085502823193018,28.89273839501239,28.060018912994963,28.802718109472607,50000
2011-12-30,28.802718109472607,29.193625868787727,28.41785898065356,28.61882412447083,50000
2012-01-02,28.61882412447083,28.676810582665123,28.152720260660445,28.254749572758445,50000
2012-01-03,28.254749572758445,28.78188140119209,28.228909978062855,28.642753430237473,98096
2012-01-04,28.642753430237473,28.759895117764984,28.20126074630242,28.21644669409484,121171
2012-01-05,28.21644669409484,28.603139818895595,28.08395847321513,28.42315298275424,50000
2012-01-06,28.42315298275424,28.53417414980234,28.139806029725996,28.146768690201856,50000
2012-01-09,28.146768690201856,28.663502650004407,28.076532735257345,28.648095688855417,151502
2012-01-10,28.648095688855417,29.078558504573632,28.51901537742716,28.862504415222745,50000
2012-01-11,28.862504415222745,29.06887011448859,28.457609666476237,28.770473105832572,50000
2012-01-12,28.770473105832572,29.033944931742287,28.699546923595513,28.9738482628617,50000
2012-01-13,28.9738482628617,29.149366266938124,28.570383417371264,28.594738787402356,50000
2012-01-16,28.594738787402356,28.78271594751032,28.45219811507326,28.528332615485933,50000
2012-01-17,28.528332615485933,28.614842765037018,28.176408761958296,28.261120442972764,53966
2012-01-18,28.261120442972764,28.468272033840133,28.201531115953802,28.43941489968882,50000
2012-01-19,28.43941489968882,28.50157868076427,28.021682427040517,28.155463840769563,50000
2012-01-20,28.155463840769563,28.351059765304036,28.010004062154117,28.203614802079805,50000
2012-01-23,28.203614802079805,28.41120240289807,27.829788397751933,27.862853625789203,50000
2012-01-24,27.862853625789203,28.468421360466685,27.656154055099403,28.28006395754091,106976
2012-01-25,28.28006395754091,28.336792218365044,27.420758612832586,27.607419562416144,50000
2012-01-26,27.607419562416144,27.701692430422042,27.497838785685055,27.532087989013178,50000
2012-01-27,27.532087989013178,27.7353822799535,26.580482950032504,26.819127716737327,50000
2012-01-30,26.819127716737327,26.884999413599154,26.76869639392915,26.847842113883758,50000
2012-01-31,26.847842113883758,27.02452428988658,26.74148573443359,26.98632956036267,188145
2012-02-01,26.98632956036267,27.14969015939197,26.395622079601605,26.531591306768988,50000
2012-02-02,26.531591306768988,26.85044099644982,26.48498687904611,26.54480782150541,50000
2012-02-03,26.54480782150541,26.696203547991303,26.233562548705123,26.370316991677225,50000
2012-02-06,26.370316991677225,27.04082640688531,26.284426731980854,26.6608485893019,50000
2012-02-07,26.6608485893019,26.794031190904914,26.389993636259344,26.43608498725245,50000
2012-02-08,26.43608498725245,27.015365735370917,26.221089104279407,26.860014928666068,50000
2012-02-09,26.860014928666068,27.452392557383593,26.79674336117739,27.332784226057914,50000
2012-02-10,27.332784226057914,28.141993150562346,27.1511330369131,27.87579366539993,51950
2012-02-13,27.87579366539993,28.944861572470025,27.774399956989075,28.602489834483563,50000
2012-02-14,28.602489834483563,28.93888082311675,28.395652216437423,28.7052266041907,50000
2012-02-15,28.7052266041907,29.325665446894135,28.609966309512547,29.255532302138626,50000
2012-02-16,29.255532302138626,29.41087078346322,29.236852030519696,29.390957775729586,50000
2012-02-17,29.390957775729586,29.525960272390787,28.66360439236789,28.772995552797518,50000
2012-02-20,28.772995552797518,29.039804363271877,28.032001129103087,28.362530812361825,69768
2012-02-21,28.362530812361825,28.530868934162793,28.007373688698316,28.015552404729196,50000
2012-02-22,28.015552404729196,28.169292304727037,27.452896475890846,27.704053378953162,132501
2012-02-23,27.704053378953162,27.92657775492186,27.244371068488242,27.366509123498084,50000
2012-02-24,27.366509123498084,27.984711205368754,27.202130099902913,27.91586083545253,50000
2012-02-27,27.91586083545253,28.536279022883765,27.85274507612977,28.31102290485934,50000
2012-02-28,28.31102290485934,28.810314046671948,28.282277815733252,28.792708350461645,50000
2012-02-29,28.792708350461645,29.203711872317253,28.668590680347645,28.68593485684434,73926
2012-03-01,28.68593485684434,29.37251963516728,28.555179664205216,29.114121255732456,50000
2012-03-02,29.114121255732456,29.797105595439167,28.813245292900366,29.737295702631975,50000
2012-03-05,29.737295702631975,29.75749176378131,29.338891421446743,29.55565380077286,50000
2012-03-06,29.55565380077286,29.787110029931135,29.361564875942737,29.40037594039391,78549
2012-03-07,29.40037594039391,29.72148900572813,29.397608418604296,29.687692770620824,84351
2012-03-08,29.687692770620824,29.69085362331817,29.42007944213554,29.652445754801555,50000
2012-03-09,29.652445754801555,29.94274175436653,29.01613853561326,29.095371404451473,57802
2012-03-12,29.095371404451473,29.226675742240477,28.66538088808003,28.984458447438808,50000
2012-03-13,28.984458447438808,29.65279465798818,28.906926497177686,29.183890261278854,55117
2012-03-14,29.183890261278854,29.231634687085254,28.872524605290227,28.90290206205926,50000
2012-03-15,28.90290206205926,29.074296090412528,28.728461454789077,28.871446232695654,50000
2012-03-16,28.871446232695654,28.951146141346843,28.534959509869655,28.800258915598096,56293
2012-03-19,28.800258915598096,29.24228506875474,28.554745372559918,29.075287177435115,95450
2012-03-20,29.075287177435115,29.154061704712433,29.070992594223437,29.14569632425076,50000
2012-03-21,29.14569632425076,29.246016941567856,28.445441129068467,28.860352830524988,50842
2012-03-22,28.860352830524988,29.30623988141225,28.792011484816193,29.204090704499563,68625
2012-03-23,29.204090704499563,29.7664727284994,28.562435921861603,28.626372086195484,271919
2012-03-26,28.626372086195484,28.889629875962584,28.118080206345276,28.444759357538505,50000
2012-03-27,28.444759357538505,28.640430528082256,28.088784754711877,28.33577914474458,50000
2012-03-28,28.33577914474458,28.419742551090014,27.712616461592955,28.007725922513362,154836
2012-03-29,28.007725922513362,28.31997753070656,27.902002243165466,28.28451388223964,50000
2012-03-30,28.28451388223964,28.77900990377221,28.275651773011898,28.72811228023009,50000
2012-04-02,28.72811228023009,29.05708986194358,28.074075712234087,28.220547031853148,50000
2012-04-03,28.220547031853148,28.22771246973296,27.859694385944895,28.147983453871788,50000
2012-04-04,28.147983453871788,28.700112885104343,27.980502688601277,28.49586735379129,50000
2012-04-05,28.49586735379129,28.875788299641112,28.437184717658305,28.833114502611686,53342
2012-04-06,28.833114502611686,28.9054064327813,28.329524902871764,28.378875845819042,138489
2012-04-09,28.378875845819042,28.96403831218626,27.870872224626424,28.657373720673906,53463
2012-04-10,28.657373720673906,29.51503668292111,28.604317676901285,29.243406527306576,89357
2012-04-11,29.243406527306576,29.25974043258987,28.822603261236917,28.85956509216615,259513
2012-04-12,28.85956509216615,29.048966003285038,28.403592501264274,28.585625834658693,50000
2012-04-13,28.585625834658693,28.73150835695842,28.35336581696119,28.449139128886983,50000
2012-04-16,28.449139128886983,28.63360637191124,28.120037552411286,28.51230773124164,50000
2012-04-17,28.51230773124164,28.77453843857407,28.33986286193646,28.697513272540565,50000
2012-04-18,28.697513272540565,28.82550649987425,28.645259131612285,28.737025891008464,50000
2012-04-19,28.737025891008464,29.045722729174585,28.237959654309815,28.532337248070792,65274
2012-04-20,28.532337248070792,28.536081349907036,28.100588791213,28.307122410029905,50000
2012-04-23,28.307122410029905,28.419196740994625,28.041465928866476,28.071775344881804,50000
2012-04-24,28.071775344881804,28.67752977572376,27.905839147102526,28.644622285896954,50000
2012-04-25,28.644622285896954,28.805081585463267,28.502101577004826,28.528697782297986,50000
2012-04-26,28.528697782297986,28.765467597002043,28.243628089162698,28.3216273532451,50000
2012-04-27,28.3216273532451,28.48372867612366,28.08096162125351,28.420845513790884,50000
2012-04-30,28.420845513790884,28.80408958008022,28.319005960599796,28.695100190428523,50000
2012-05-01,28.695100190428523,28.767285129618802,28.527225570032176,28.650079071968804,50000
2012-05-02,28.650079071968804,28.852713982676697,28.020991705999357,28.031985722468885,79826
2012-05-03,28.031985722468885,28.151054862122397,27.952755019590953,28.148375882933212,50000
2012-05-04,28.148375882933212,28.196137645335558,27.959339483704902,28.195474982267605,50000
2012-05-07,28.195474982267605,28.482822827587057,28.015668157186166,28.418852763125553,50000
2012-05-08,28.418852763125553,28.842580785238763,28.32274385520254,28.69635080743325,50000
2012-05-09,28.69635080743325,28.90750731998603,28.18380962656864,28.55831425908965,143246
2012-05-10,28.55831425908965,28.643131504168153,28.325739702684864,28.35442376699707,58121
2012-05-11,28.35442376699707,28.650814787185087,28.02024892256444,28.231592559673825,50000
2012-05-14,28.231592559673825,28.363381111968206,27.977778406247168,28.22081100686301,50000
2012-05-15,28.22081100686301,28.355039680322452,27.873623584830028,28.147975857466363,54806
2012-05-16,28.147975857466363,28.181621042892626,27.78364081886427,28.02321925909718,50000
2012-05-17,28.02321925909718,28.302026436969502,28.019856799932665,28.13701742504901,69540
2012-05-18,28.13701742504901,28.190230065559554,27.978209397563905,28.01860843615138,50000
2012-05-21,28.01860843615138,28.290162587137264,28.012007125022794,28.288896331672085,57466
2012-05-22,28.288896331672085,28.475591232024946,28.124898130349337,28.439044652196422,50000
2012-05-23,28.439044652196422,28.961152920205414,28.428314076024137,28.519316971157433,50000
2012-05-24,28.519316971157433,28.776749645331616,28.501175413679398,28.53085788543855,50000
2012-05-25,28.53085788543855,28.69384962300713,28.21195323152104,28.247927970984154,50000
2012-05-28,28.247927970984154,28.712483649478074,28.172024897294314,28.449521855331522,50000
2012-05-29,28.449521855331522,28.541014004113386,28.287374610037013,28.500035992141285,50000
2012-05-30,28.500035992141285,28.54660636885467,28.008692597896232,28.248480151618896,50000
2012-05-31,28.248480151618896,28.436684270202154,27.42172557192401,27.49866458698463,50000
2012-06-01,27.49866458698463,27.966952477449453,27.424595083008786,27.927561599352224,50000
2012-06-04,27.927561599352224,28.5445412628855,27.862536168758194,28.418114249429113,50000
2012-06-05,28.418114249429113,28.454226775624168,27.85455997978019,28.122881259954998,50000
2012-06-06,28.122881259954998,28.138787387987765,27.446117638183,27.511690482782452,50000
2012-06-07,27.511690482782452,27.586076628323752,27.349599160143608,27.528393016555547,57126
2012-06-08,27.528393016555547,27.770355002619752,27.28186311628354,27.418629166376817,231384
2012-06-11,27.418629166376817,27.54055955280485,26.66184861797348,26.955555532614575,50000
2012-06-12,26.955555532614575,26.98767782296955,26.744971724593285,26.746853243246598,50000
2012-06-13,26.746853243246598,27.525497517019605,26.735614070715354,27.207057375746068,50000
2012-06-14,27.207057375746068,27.508453288050024,27.00180100289703,27.500674762736313,50000
2012-06-15,27.500674762736313,27.575599811174122,27.18343731019262,27.298162823946694,50000
2012-06-18,27.298162823946694,27.54513979505562,27.224434282777015,27.51567766808168,50000
2012-06-19,27.51567766808168,27.81125495019466,27.49650767427789,27.792992358791228,50000
2012-06-20,27.792992358791228,27.869936102551858,27.454761144302115,27.58894228380694,77042
2012-06-21,27.58894228380694,27.983847686925312,27.436030452725536,27.598025486296542,50000
2012-06-22,27.598025486296542,27.74220998324729,27.09453951065345,27.523611299305873,50000
2012-06-25,27.523611299305873,27.757954786678646,27.21087918737138,27.730803359130366,50000
2012-06-26,27.730803359130366,27.788786696184456,27.034471141105936,27.215411280977232,50000
2012-06-27,27.215411280977232,27.6595569367869,27.178055316685075,27.492610502374678,50000
2012-06-28,27.492610502374678,27.522722157731412,27.43819009115799,27.50688761052478,50000
2012-06-29,27.50688761052478,28.494243024930988,27.388751189405696,28.109719876263377,50000
2012-07-02,28.109719876263377,28.113493673616414,27.884491659976,27.89707866524492,69576
2012-07-03,27.89707866524492,28.396254130519253,27.534601243314683,28.294677332175624,50000
2012-07-04,28.294677332175624,28.398421794936183,27.924033641793116,27.985675186280183,50000
2012-07-05,27.985675186280183,28.491087371228712,27.964119386203244,28.36165474800177,50000
2012-07-06,28.36165474800177,28.435979797784963,28.232918655880344,28.340244961852214,50000
2012-07-09,28.340244961852214,28.406502079107703,28.233260412239325,28.33855358894624,50000
2012-07-10,28.33855358894624,28.61982445012995,28.19095512520991,28.427159434164825,50000
2012-07-11,28.427159434164825,28.859158522115866,28.38304258451377,28.822114475428197,50000
2012-07-12,28.822114475428197,28.856942314324222,28.360493799118693,28.486272207917956,50000
2012-07-13,28.486272207917956,28.680834879261457,28.337109573482273,28.415490349316364,50000
2012-07-16,28.415490349316364,28.57308823327021,28.202859271016408,28.244994222220985,62972
2012-07-17,28.244994222220985,28.388403520375235,27.73211694982242,27.841854737666704,74351
2012-07-18,27.841854737666704,28.02630065591199,27.24922171498268,27.55824925591072,50000
2012-07-19,27.55824925591072,27.7337246431249,27.32149520776217,27.340987590437777,50000
2012-07-20,27.340987590437777,27.43627495187576,26.97553420361507,27.008365008719494,50000
2012-07-23,27.008365008719494,27.10502509079818,26.493004354141156,26.578938658867706,50000
2012-07-24,26.578938658867706,26.858538170722408,26.347626296762428,26.660126650049868,50000
2012-07-25,26.660126650049868,26.73014751344123,26.289186403272307,26.50531705673373,50000
2012-07-26,26.50531705673373,26.52068028525927,25.559547720791375,25.679124630029598,50000
2012-07-27,25.679124630029598,26.478461905260698,25.548056647468936,26.42497376187416,50000
2012-07-30,26.42497376187416,26.556309677155426,25.964341093727658,26.060376113629136,180618
2012-07-31,26.060376113629136,26.464864488912635,25.231896692082707,25.482420395489406,50000
2012-08-01,25.482420395489406,25.729629570663334,25.198135799705693,25.20906608357648,78184
2012-08-02,25.20906608357648,26.00330933078855,25.14699860114679,25.82718589700231,50000
2012-08-03,25.82718589700231,26.07926475520422,25.510651996712415,25.88707920048813,50000
2012-08-06,25.88707920048813,27.307068321511554,25.664089900032106,27.102387750713127,56185
2012-08-07,27.102387750713127,27.422723972834316,26.769481277951606,27.348643440356053,50000
2012-08-08,27.348643440356053,27.606977824748892,26.948345766370412,27.222215814849324,50000
2012-08-09,27.222215814849324,27.42101331891767,26.85104714821025,27.083492280423584,138631
2012-08-10,27.083492280423584,27.380822103716536,26.94098789509615,27.206170739032476,50000
2012-08-13,27.206170739032476,27.48099510808226,27.023173840718247,27.433929969012826,85986
2012-08-14,27.433929969012826,28.072625592361785,27.287235604047677,27.938007588348313,50000
2012-08-15,27.938007588348313,27.99131823425932,27.797266527620163,27.81319383919889,63109
2012-08-16,27.81319383919889,27.841156840450456,27.33741816466025,27.412393060738236,50000
2012-08-17,27.412393060738236,27.612564356764786,27.078713562265666,27.169829992442573,50000
2012-08-20,27.169829992442573,27.396912170761343,26.900767524791743,27.389673249074505,50000
2012-08-21,27.389673249074505,27.77774708881611,27.293697767449586,27.633746284206165,50000
2012-08-22,27.633746284206165,27.862758736699604,27.32634187871623,27.49615253220873,50000
2012-08-23,27.49615253220873,27.536223205058125,26.995673863003503,27.127719217577386,50000
2012-08-24,27.127719217577386,27.431707307545217,26.912318385851734,27.352429732230675,50000
2012-08-27,27.352429732230675,27.776741050015872,27.172423000556513,27.774413819414338,50000
2012-08-28,27.774413819414338,27.940826494841968,27.677267817889827,27.91984363240409,50000
2012-08-29,27.91984363240409,28.109228889638846,26.60648466520755,26.7818654552546,50000
2012-08-30,26.7818654552546,26.894227938670618,26.102047944541194,26.305042110919224,50000
2012-08-31,26.305042110919224,26.442157844633876,25.688319765017283,25.701973676871038,50000
2012-09-03,25.701973676871038,25.916047514161335,25.133913330754353,25.227712070236564,50000
2012-09-04,25.227712070236564,25.437483458505493,25.030072663359526,25.279010200761828,72899
2012-09-05,25.279010200761828,25.48207535319449,24.878352400061527,25.03016549454562,116289
2012-09-06,25.03016549454562,25.247128094977082,24.807517334049173,25.17101798025076,50000
2012-09-07,25.17101798025076,25.87336795512969,25.012227180524405,25.705713797256216,50000
2012-09-10,25.705713797256216,25.906714990379694,25.56217427106742,25.795597160711367,50000
2012-09-11,25.795597160711367,25.866703144107692,25.361695863121664,25.75536859025242,50000
2012-09-12,25.75536859025242,25.956774352292644,25.38839849570837,25.596322224509823,50000
2012-09-13,25.596322224509823,25.948522415478784,25.46619319864451,25.874320497162742,50000
2012-09-14,25.874320497162742,26.054495490413643,25.50455680951764,25.520297570415906,53707
2012-09-17,25.520297570415906,25.665023525838098,25.080321124212713,25.28226405647179,53915
2012-09-18,25.28226405647179,25.569915001938533,25.24364018052545,25.49059476007456,97301
2012-09-19,25.49059476007456,25.588681832184367,25.31110388762395,25.403762155259212,51644
2012-09-20,25.403762155259212,25.769228632684015,25.39070733716927,25.598602307334456,50000
2012-09-21,25.598602307334456,25.749692783836508,25.44483544963352,25.6896183810814,50000
2012-09-24,25.6896183810814,25.752550863729258,25.602844197394084,25.702269326295166,50000
2012-09-25,25.702269326295166,25.769269014979564,25.03771245093031,25.180296959013546,50000
2012-09-26,25.180296959013546,25.884221541038656,25.179361996994064,25.63826930516964,50000
2012-09-27,25.63826930516964,25.811562339099,25.42226339419847,25.73422897018582,50000
2012-09-28,25.73422897018582,25.97891120391597,25.382628677108652,25.497513472418415,50000
2012-10-01,25.497513472418415,25.70744242058365,24.936347785388634,24.97749837668097,50000
2012-10-02,24.97749837668097,25.432829697003474,24.81617141127177,25.06766635749754,50000
2012-10-03,25.06766635749754,25.206805527772886,24.986061165298185,25.18104448356287,50000
2012-10-04,25.18104448356287,25.360048353188564,24.841019721099993,24.86302968089788,78143
2012-10-05,24.86302968089788,25.09462917995507,24.634737375900997,24.90894591505437,85371
2012-10-08,24.90894591505437,25.619489235354813,24.799840744065666,25.45524407501783,50000
2012-10-09,25.45524407501783,25.542948683333528,24.791973755443074,24.885588333404662,50000
2012-10-10,24.885588333404662,25.088850286510436,24.319078932064315,24.446586266951602,144064
2012-10-11,24.446586266951602,24.553916976462748,24.308458347822533,24.456508107306796,50000
2012-10-12,24.456508107306796,24.783166390376543,24.329216545908913,24.667050403994818,50000
2012-10-15,24.667050403994818,24.89946751605552,24.487203502746524,24.75275484690169,50000
2012-10-16,24.75275484690169,25.523841762767685,24.699584891004555,25.372746357610843,62879
2012-10-17,25.372746357610843,25.683542949772715,25.018481906901844,25.0906908649922,52559
2012-10-18,25.0906908649922,25.432031592532873,25.07891715291199,25.195655874317833,50000
2012-10-19,25.195655874317833,25.572786591224748,25.10792208008506,25.30008882460733,50000
2012-10-22,25.30008882460733,25.497446859014172,25.267363967583613,25.338723559864196,50000
2012-10-23,25.338723559864196,25.920610469975685,25.161071528158878,25.749362605133623,92157
2012-10-24,25.749362605133623,25.997991324261946,25.520751487205267,25.89045099188024,50000
2012-10-25,25.89045099188024,26.23326138042465,25.869945224454707,26.19732436203771,50000
2012-10-26,26.19732436203771,26.61979021581452,25.961353819025938,26.25747911181492,50170
2012-10-29,26.25747911181492,26.410401819116622,26.203493247685753,26.27462706947928,127798
2012-10-30,26.27462706947928,26.49501116368615,26.266986965095352,26.3766023013652,50000
2012-10-31,26.3766023013652,26.403779998547574,25.90339743458108,25.944118793172418,50000
2012-11-01,25.944118793172418,25.974205949583478,25.446397397149752,25.513741245877362,56106
2012-11-02,25.513741245877362,25.70402652233758,25.299983186418302,25.583478991380588,57928
2012-11-05,25.583478991380588,26.198961681654502,25.467221559619578,26.045932197463838,50000
2012-11-06,26.045932197463838,26.06531487982366,25.32529973786841,25.43907775602475,61756
2012-11-07,25.43907775602475,25.450698428891833,24.568478592507383,24.58185524675871,50000
2012-11-08,24.58185524675871,24.620240102937174,24.16940020690008,24.38110917432363,73743
2012-11-09,24.38110917432363,24.916567444036936,24.343901472222292,24.7880807240307,50000
2012-11-12,24.7880807240307,25.6823439952224,24.616553954224777,25.443605013046245,97831
2012-11-13,25.443605013046245,25.526751858920772,24.882468534902422,25.128661945467357,50000
2012-11-14,25.128661945467357,25.165602259503302,24.92129226211182,25.072683085182874,50000
2012-11-15,25.072683085182874,25.244176067968038,25.004807924414404,25.136253684849194,50000
2012-11-16,25.136253684849194,25.430516425238896,25.100883764865117,25.341902726906447,50000
2012-11-19,25.341902726906447,25.357134212583325,25.111639091462134,25.13252859607723,50000
2012-11-20,25.13252859607723,25.156516912529018,24.559664728874214,24.56406010461577,50000
2012-11-21,24.56406010461577,25.615343567141633,24.52764929618701,25.477433634395283,151161
2012-11-22,25.477433634395283,26.309249726468728,25.457545744766485,26.02372278284484,50000
2012-11-23,26.02372278284484,26.388121241470607,25.717175219299452,26.35421665369891,79435
2012-11-26,26.35421665369891,26.488247773380948,26.126371814367584,26.131605833355568,50000
2012-11-27,26.131605833355568,26.54217508824791,25.92836420113389,26.247207424727772,50000
2012-11-28,26.247207424727772,26.59343014316567,26.190710119061283,26.585405551705257,50000
2012-11-29,26.585405551705257,26.871347504148815,26.078702942476294,26.33933758127155,56725
2012-11-30,26.33933758127155,26.498907934343666,26.297152071952475,26.442647067582225,50000
2012-12-03,26.442647067582225,26.764454338727,26.050550405973002,26.699440479977135,50000
2012-12-04,26.699440479977135,27.34718508526585,26.623187858687707,27.167124804165386,50000
2012-12-05,27.167124804165386,27.721564938718878,27.017440942669253,27.622649746808154,74978
2012-12-06,27.622649746808154,27.97796516237989,27.401802692163415,27.772417125235354,87260
2012-12-07,27.772417125235354,27.853403930782175,26.84987094358659,26.95849180318033,50000
2012-12-10,26.95849180318033,27.29795416530863,26.85838809435598,26.902595250149496,50000
2012-12-11,26.902595250149496,27.04684802870133,26.831271897972417,26.945648196761702,50000
2012-12-12,26.945648196761702,27.15384278728684,26.813214496937878,26.85211338752794,50000
2012-12-13,26.85211338752794,27.317750812621327,26.808616830085295,27.3135490573885,50000
2012-12-14,27.3135490573885,27.917769159514602,27.237788582767493,27.884450333719005,50000
2012-12-17,27.884450333719005,28.306073514102632,27.699722101014004,28.247467586767996,73611
2012-12-18,28.247467586767996,28.29195281873163,28.06280931677725,28.159800022835885,59053
2012-12-19,28.159800022835885,28.769590120067733,27.990067523047312,28.737276427103566,50000
2012-12-20,28.737276427103566,28.796217691657322,28.43355091794546,28.635995039756114,50000
2012-12-21,28.635995039756114,28.86174172541636,28.59267513709157,28.84920070115636,65533
2012-12-24,28.84920070115636,28.989394740334152,27.993903978930152,28.258643163711746,50000
2012-12-25,28.258643163711746,28.296647370972657,27.96485518293405,28.059978130529057,50000
2012-12-26,28.059978130529057,28.203491477096588,27.759561367744208,28.008565875228086,50000
2012-12-27,28.008565875228086,28.014706905533203,27.590747730043947,27.627391911078465,59173
2012-12-28,27.627391911078465,27.77134238305973,27.165084545420083,27.202900608496176,50000
2012-12-31,27.202900608496176,27.41974141812149,27.179108314078356,27.26177045336626,54383
2013-01-01,27.26177045336626,27.627132645401208,27.233148200605488,27.626933169119653,104033
2013-01-02,27.626933169119653,28.10770984214007,27.509969677006694,28.026001112597804,103424
2013-01-03,28.026001112597804,28.159060996121667,27.536161810351043,27.57640874014403,148322
2013-01-04,27.57640874014403,28.23122510295134,27.571804976731322,27.93884302039791,51028
2013-01-07,27.93884302039791,28.572498738854264,27.92007831758089,28.10958611021081,236275
2013-01-08,28.10958611021081,28.590798566176634,28.06108720354526,28.467395009104486,50000
2013-01-09,28.467395009104486,28.55797220288864,27.509646678077672,27.698142331151043,50000
2013-01-10,27.698142331151043,27.74287081215358,27.402448050931362,27.562078426367975,50000
2013-01-11,27.562078426367975,27.684137965928098,27.25066487220726,27.394831441996402,66446
2013-01-14,27.394831441996402,27.678520410040186,27.080604375829378,27.12868204459562,50000
2013-01-15,27.12868204459562,27.254096071767336,26.915180530356466,27.019256210591976,50000
2013-01-16,27.019256210591976,27.06624895667112,26.93885949243805,26.98693060066353,50000
2013-01-17,26.98693060066353,27.126797325099112,26.451296024483984,26.73326979788669,50000
2013-01-18,26.73326979788669,26.92580299581539,26.52267774506278,26.599029197345658,50753
2013-01-21,26.599029197345658,27.01468488714852,26.54334970262553,26.890231396868025,81671
2013-01-22,26.890231396868025,27.629795703219383,26.84886560086215,27.378372089935706,50000
2013-01-23,27.378372089935706,27.45603625462745,27.310931488359728,27.375897757734997,128226
2013-01-24,27.375897757734997,27.397962762938377,27.344170067436867,27.379448272803728,50000
2013-01-25,27.379448272803728,27.603745331174185,27.023524358438532,27.231816271126064,50000
2013-01-28,27.231816271126064,27.392002254062543,26.74822381715022,26.93497032857524,50000
2013-01-29,26.93497032857524,27.568454818798497,26.862341075718742,27.320919836493093,50000
2013-01-30,27.320919836493093,27.90167801036569,27.260007750056314,27.76269280459048,72302
2013-01-31,27.76269280459048,28.146809723568996,27.56324667778927,27.980174975225847,51809
2013-02-01,27.980174975225847,28.70736150040436,27.903923257489552,28.552606408423653,57624
2013-02-04,28.552606408423653,28.6689435723836,28.223837000109796,28.619965049821694,77235
2013-02-05,28.619965049821694,28.675484029221042,28.33184265502324,28.410589349478858,50000
2013-02-06,28.410589349478858,28.56676552863533,28.03398537079701,28.31043883687266,50000
2013-02-07,28.31043883687266,28.660335964847032,28.25725311109642,28.621146704638534,186013
2013-02-08,28.621146704638534,28.892705577945655,28.22064504079404,28.25536953096445,82520
2013-02-11,28.25536953096445,28.534122396799805,28.147708544858194,28.410232593569567,101397
2013-02-12,28.410232593569567,28.63669037839907,28.34139676493643,28.58013090150592,90155
2013-02-13,28.58013090150592,28.888210013947983,28.472480875337265,28.666534459413647,154036
2013-02-14,28.666534459413647,28.848979444281433,28.188309642544198,28.347500860311726,50000
2013-02-15,28.347500860311726,28.436443078887304,28.082028311833295,28.39462780313331,72076
2013-02-18,28.39462780313331,28.468624937748736,27.448828380845026,27.799627794645538,50000
2013-02-19,27.799627794645538,27.990304487503824,27.626956428198184,27.860747785802513,64895
2013-02-20,27.860747785802513,28.294742108475415,27.823952425135452,28.164175167793584,50000
2013-02-21,28.164175167793584,28.33067630217496,27.8807825567903,27.91706380522331,50000
2013-02-22,27.91706380522331,27.9659567024199,27.5239046197882,27.748156472683352,111570
2013-02-25,27.748156472683352,28.596599181926294,27.595523580896227,28.477787522668653,50000
2013-02-26,28.477787522668653,28.498707296069586,27.956503455932562,27.98011357572838,50000
2013-02-27,27.98011357572838,28.025393342550093,27.389815896708996,27.426931080260243,50000
2013-02-28,27.426931080260243,27.448306583143996,26.648979557630955,26.847912745894426,91410
2013-03-01,26.847912745894426,27.026864241871657,26.718605956078992,26.948625650917627,82635
2013-03-04,26.948625650917627,27.121138425809367,26.938483834330434,27.080618804101427,50000
2013-03-05,27.080618804101427,27.22668216372819,26.952926296896905,27.00315058640075,50000
2013-03-06,27.00315058640075,27.424337175451083,26.958695364341146,27.2933499768319,50000
2013-03-07,27.2933499768319,27.408838753090926,26.59317428278142,26.718010014871197,50000
2013-03-08,26.718010014871197,26.903182937219075,26.666901993039705,26.833697873231852,97013
2013-03-11,26.833697873231852,27.628612789118396,26.658462884039547,27.556736954346647,50000
2013-03-12,27.556736954346647,27.680491026419347,26.906581941319626,26.927470567847827,50000
2013-03-13,26.927470567847827,27.090942499367063,26.816606841815094,27.001447308349814,50000
2013-03-14,27.001447308349814,27.006743472288736,26.60208995118669,26.96411788011071,50000
2013-03-15,26.96411788011071,27.11919350612262,26.473269068321056,26.756279635932348,74416
2013-03-18,26.756279635932348,26.909941718521402,26.67558359275817,26.826511851963776,75115
2013-03-19,26.826511851963776,27.75031913829532,26.8147270797696,27.639869145029458,50000
2013-03-20,27.639869145029458,28.33828217193978,27.34473628575111,28.1883087926521,50000
2013-03-21,28.1883087926521,28.347975440914116,27.750705710909,27.97392216715582,50000
2013-03-22,27.97392216715582,28.774683749783318,27.87430392282969,28.501510073832605,50000
2013-03-25,28.501510073832605,28.903243964771764,28.277697665924237,28.352287332489528,91096
2013-03-26,28.352287332489528,28.64964815882236,28.329074949317675,28.525162354833647,50000
2013-03-27,28.525162354833647,28.817987437802493,28.157870896641928,28.284980010799373,50000
2013-03-28,28.284980010799373,28.59676236754307,28.189154121548206,28.49662632813948,50000
2013-03-29,28.49662632813948,28.67567495194791,28.462433977032067,28.643608218345065,50000
2013-04-01,28.643608218345065,29.66012034331392,28.393001255746885,29.435730535231816,50000
2013-04-02,29.435730535231816,30.219865319815842,29.005006241958306,29.836798633939903,50000
2013-04-03,29.836798633939903,29.884785257166424,29.437436062103856,29.59897226190021,50000
2013-04-04,29.59897226190021,30.436151153460987,29.588550239940332,30.347572441340574,50000
2013-04-05,30.347572441340574,30.426766772902152,29.45256682176317,29.51231307584805,174785
2013-04-08,29.51231307584805,29.649820981947826,29.408155341733327,29.599712195721864,50000
2013-04-09,29.599712195721864,29.868734173920068,29.42085138905294,29.61290217442599,50000
2013-04-10,29.61290217442599,30.006696235990535,29.400170771217006,29.604174122588645,50000
2013-04-11,29.604174122588645,29.728090485631256,29.004556419576154,29.29968732003758,89013
2013-04-12,29.29968732003758,29.385131107455866,29.209289970057476,29.342595716848837,120397
2013-04-15,29.342595716848837,29.38619329651518,29.16730513574103,29.363683958567513,50000
2013-04-16,29.363683958567513,29.460136901252998,29.02409853921401,29.12853094428149,50603
2013-04-17,29.12853094428149,29.328725744834458,28.295449001003128,28.441382907957518,50000
2013-04-18,28.441382907957518,28.59255155911312,28.370498333614382,28.48682167929288,50000
2013-04-19,28.48682167929288,28.56029819983526,28.00910962692074,28.18688435104764,50000
2013-04-22,28.18688435104764,28.39408967276898,27.81266802290398,27.825579498644913,82113
2013-04-23,27.825579498644913,27.860010113211015,27.231371203822487,27.674356968665226,50000
2013-04-24,27.674356968665226,28.049614636751755,27.645394172535084,27.89823319212525,101864
2013-04-25,27.89823319212525,27.94579291368763,27.542475078742523,27.743839640321518,50000
2013-04-26,27.743839640321518,28.027658795218592,27.591882146122177,27.786932838270364,50000
2013-04-29,27.786932838270364,27.9023122324434,27.10346068660767,27.175256929523137,50000
2013-04-30,27.175256929523137,27.369646069901307,26.842636093298974,26.848637504366486,50000
2013-05-01,26.848637504366486,26.927197413300533,26.720040879096,26.769002785954783,50000
2013-05-02,26.769002785954783,27.14012015756191,26.554574814276847,26.746262519093303,50000
2013-05-03,26.746262519093303,26.823184920232272,26.219459159366444,26.405125315313292,50000
2013-05-06,26.405125315313292,26.53264876660111,25.81186969470829,25.964231632366875,50000
2013-05-07,25.964231632366875,26.45745518580555,25.92668168966213,26.146959531388127,50000
2013-05-08,26.146959531388127,26.239547448170715,25.93964056790328,26.112030979010903,72181
2013-05-09,26.112030979010903,26.229706212382812,25.266934367641262,25.494832073405682,74376
2013-05-10,25.494832073405682,25.59547522590252,24.681793767276766,24.798590019841118,50000
2013-05-13,24.798590019841118,24.848105156204156,24.65621883325337,24.750669168656675,50000
2013-05-14,24.750669168656675,25.04884021879572,24.74009643490028,24.74277967579678,50000
2013-05-15,24.74277967579678,25.225705845939924,24.724530742606788,25.039557744751868,50000
2013-05-16,25.039557744751868,25.21753092557283,24.90967367839095,25.104280974391777,53748
2013-05-17,25.104280974391777,25.199136320361323,24.870079478102927,24.884538163011708,148518
2013-05-20,24.884538163011708,25.37292811539067,24.83112857871701,25.143241968785627,70491
2013-05-21,25.143241968785627,25.34214772539357,24.709988575692826,24.819597602824707,54130
2013-05-22,24.819597602824707,24.93617311259762,24.730159341795968,24.739675983829528,50000
2013-05-23,24.739675983829528,24.87771111965376,24.228769396236657,24.254961397290355,50000
2013-05-24,24.254961397290355,24.812176350253363,24.1832856117952,24.50524082566406,60916
2013-05-27,24.50524082566406,25.32513052502172,24.302401552763783,25.05202712556878,50000
2013-05-28,25.05202712556878,25.09925971227431,24.768496093884036,24.875971607669843,98150
2013-05-29,24.875971607669843,25.015461790124046,23.943962579220052,24.037175385029865,50000
2013-05-30,24.037175385029865,24.26720146634261,23.14402490527057,23.288287899939935,102942
2013-05-31,23.288287899939935,23.345508718513653,22.8681954603711,22.892787415279,50000
2013-06-03,22.892787415279,22.939164380349986,22.85834574480612,22.884435245890984,50000
2013-06-04,22.884435245890984,23.138508139074286,22.44155577603856,22.648835812447434,86342
2013-06-05,22.648835812447434,22.718396809014838,22.574460844125515,22.58218933456713,50000
2013-06-06,22.58218933456713,22.73771100591983,22.18902988113816,22.31529956644806,50000
2013-06-07,22.31529956644806,22.57386254074526,22.304920659889476,22.444181199783415,50000
2013-06-10,22.444181199783415,22.447816946046803,22.18029852578128,22.438585813709736,50000
2013-06-11,22.438585813709736,22.608705720450985,22.233791360929764,22.29124203600819,50000
2013-06-12,22.29124203600819,22.419733508336748,22.021533914301305,22.268881189349425,181741
2013-06-13,22.268881189349425,22.28317593091303,21.714231240210346,21.809594271384995,50000
2013-06-14,21.809594271384995,21.839450972357938,21.58302610641435,21.777472527583893,50000
2013-06-17,21.777472527583893,21.8915929725539,21.748987584447494,21.77234136876731,94465
2013-06-18,21.77234136876731,21.858958013487165,21.66838042141282,21.690041111517587,50000
2013-06-19,21.690041111517587,22.38456089989277,21.668427035401233,22.24893904673304,50000
2013-06-20,22.24893904673304,22.319020707433364,21.97365012767879,22.062710714268984,50000
2013-06-21,22.062710714268984,22.83768314887425,21.973480176031877,22.80487097495782,60015
2013-06-24,22.80487097495782,22.92172723408029,22.2773033995947,22.376190500345064,50000
2013-06-25,22.376190500345064,22.55244087629156,21.499324172843018,21.68923781442139,50000
2013-06-26,21.68923781442139,21.887144653121506,21.16957751609496,21.32971442009899,50000
2013-06-27,21.32971442009899,21.344113543329247,20.71077483508345,20.843369998331262,50000
2013-06-28,20.843369998331262,20.895584796045707,20.300905038624684,20.33723582236469,60833
2013-07-01,20.33723582236469,21.056581295645284,20.30056299844117,21.02985392161175,50000
2013-07-02,21.02985392161175,21.4148960860432,20.853376613210674,21.133277795195735,50000
2013-07-03,21.133277795195735,21.186367692240427,20.441040128822884,20.667191433967506,50000
2013-07-04,20.667191433967506,21.05944806854093,20.511403527401924,21.026954002314277,50000
2013-07-05,21.026954002314277,21.553602910442084,20.89732088479449,21.385153761148757,61581
2013-07-08,21.385153761148757,22.205079830817684,21.228118111655707,22.096872922642028,63115
2013-07-09,22.096872922642028,22.11109447621238,22.029697389008586,22.100437872371362,50000
2013-07-10,22.100437872371362,22.293407528910834,22.099127959299235,22.1915964427079,50000
2013-07-11,22.1915964427079,22.26187346687876,21.388606963920864,21.56982697373702,50000
2013-07-12,21.56982697373702,21.675255069959505,21.542577511094553,21.56952261956453,92499
2013-07-15,21.56952261956453,21.769921781129568,21.05028362660821,21.269823393813553,50000
2013-07-16,21.269823393813553,21.377903706568368,20.78679739682206,20.995488118042918,50000
2013-07-17,20.995488118042918,21.17617572641651,20.624041478682482,20.636823652888022,50000
2013-07-18,20.636823652888022,20.673915739527384,20.29273101460539,20.425277705036716,128753
2013-07-19,20.425277705036716,20.64253403158296,20.402531850848742,20.562309596945685,50000
2013-07-22,20.562309596945685,20.729983159106954,20.275360189644243,20.66312865998418,50000
2013-07-23,20.66312865998418,21.01149404955209,20.598056072625727,20.891597379885926,55219
2013-07-24,20.891597379885926,20.919038322310396,20.48350284718065,20.696031240112784,50000
2013-07-25,20.696031240112784,20.740809928475997,20.583168428247884,20.6963251015832,50000
2013-07-26,20.6963251015832,20.740988074563138,20.61330615083567,20.74096730900274,50000
2013-07-29,20.74096730900274,21.037180840385957,20.684021668520476,20.921357914758538,108352
2013-07-30,20.921357914758538,21.51069675280425,20.793943968702933,21.16946889548276,50000
2013-07-31,21.16946889548276,21.806738601755633,21.13534151279819,21.52111645435312,50000
2013-08-01,21.52111645435312,21.828277011468366,21.503764377786474,21.753143100427824,50000
2013-08-02,21.753143100427824,22.44726542886039,21.744657221268056,22.266414854489653,50000
2013-08-05,22.266414854489653,22.31757480562402,21.6982422549513,21.818964311705457,50000
2013-08-06,21.818964311705457,22.077920107439752,21.687457009198447,22.027638477029676,53183
2013-08-07,22.027638477029676,22.080718143240002,21.58448186154432,21.68400424449677,50000
2013-08-08,21.68400424449677,22.088275030866757,21.599584986434206,21.980562089701934,50000
2013-08-09,21.980562089701934,22.01508236795927,21.78474070588629,21.86415986053894,50000
2013-08-12,21.86415986053894,22.161955984476425,21.764261248857846,22.038843395673304,53580
2013-08-13,22.038843395673304,22.405808243215375,21.841097086803586,22.370905270404574,50000
2013-08-14,22.370905270404574,22.85876091604323,22.10379439960851,22.832521333575407,117010
2013-08-15,22.832521333575407,23.32583626911122,22.71847916448995,23.31292297477887,50000
2013-08-16,23.31292297477887,23.703262622537054,23.297207437196704,23.43123724267742,64834
2013-08-19,23.43123724267742,23.445291142175634,23.298694601457647,23.396198530353395,50000
2013-08-20,23.396198530353395,23.419569504157398,22.559069560240424,22.60943772976824,63461
2013-08-21,22.60943772976824,22.717879077081882,22.464194201665865,22.683221218988535,50000
2013-08-22,22.683221218988535,22.890481426927963,21.75200803343246,21.790339937282223,50000
2013-08-23,21.790339937282223,21.896193971352165,21.275365106917622,21.441538962813656,53489
2013-08-26,21.441538962813656,21.472806025196068,21.317903456516436,21.321482980234762,50000
2013-08-27,21.321482980234762,21.46783987784404,21.17940390312323,21.44259928912543,54122
2013-08-28,21.44259928912543,21.655609430132714,20.753913036306493,20.966953377362177,191218
2013-08-29,20.966953377362177,21.100102996530655,20.50980563750247,20.69295969666271,50000
2013-08-30,20.69295969666271,21.04515645209544,20.61797950697109,20.867773876838815,88159
2013-09-02,20.867773876838815,21.030418506721738,20.80561612772951,20.86263842760926,50000
2013-09-03,20.86263842760926,21.825391041774715,20.821043054551108,21.817474116368167,105086
2013-09-04,21.817474116368167,22.593017542036044,21.594428405274126,22.164439901811658,150720
2013-09-05,22.164439901811658,22.48683020615834,22.045773039486015,22.414330353837308,50000
2013-09-06,22.414330353837308,23.08567500196849,22.29935621286848,22.987513121140854,50000
2013-09-09,22.987513121140854,23.383592592887524,22.919814505617843,23.03306279031657,123256
2013-09-10,23.03306279031657,23.044209372944145,22.3342665767897,22.82167800885618,50000
2013-09-11,22.82167800885618,23.10515096571299,22.76108164374886,22.91245893727778,72947
2013-09-12,22.91245893727778,22.990837062198576,22.78283712399694,22.86578858266081,50000
2013-09-13,22.86578858266081,22.929324708755217,22.719371646999306,22.757993471801356,50000
2013-09-16,22.757993471801356,22.916598238745475,22.28228762564389,22.35793714924555,65844
2013-09-17,22.35793714924555,22.6752425896229,22.32398482640722,22.428914867484743,50000
2013-09-18,22.428914867484743,23.263307834239416,22.414285108615406,23.10641375364145,62681
2013-09-19,23.10641375364145,23.12121880162407,22.898899312661193,22.95713180883389,50000
2013-09-20,22.95713180883389,23.038306680748843,22.62547409145785,22.785787200293328,50000
2013-09-23,22.785787200293328,22.925105467983308,22.45429326497714,22.460460241815646,50000
2013-09-24,22.460460241815646,22.47040835144558,22.254041377019046,22.27427398755294,50000
2013-09-25,22.27427398755294,22.4078595188111,22.210086012898465,22.382032957723833,50000
2013-09-26,22.382032957723833,22.53786656581851,22.15497191236144,22.189645601801217,50000
2013-09-27,22.189645601801217,22.273557879272683,21.723454148729402,21.83796938426386,94929
2013-09-30,21.83796938426386,22.507226499377776,21.756509753103355,22.248562416321654,50000
2013-10-01,22.248562416321654,22.37532382400759,21.973061440287534,22.08229562568177,68444
2013-10-02,22.08229562568177,22.110170190239625,21.82644739993592,21.835964741023155,50000
2013-10-03,21.835964741023155,22.0387723485152,21.06795075220948,21.386909936773126,186674
2013-10-04,21.386909936773126,21.426725585759204,21.293988877871122,21.361584439279145,50000
2013-10-07,21.361584439279145,21.37063632684242,20.532197650830632,20.669386958326953,50000
2013-10-08,20.669386958326953,21.05059790900182,20.504562064368635,20.748849875002676,55094
2013-10-09,20.748849875002676,21.075226357903237,20.634918515047378,20.960598361701607,100829
2013-10-10,20.960598361701607,21.150644505190826,20.959718857932867,21.01525749719142,50000
2013-10-11,21.01525749719142,21.393137770062122,20.82057889073755,21.20509213955454,63652
2013-10-14,21.20509213955454,21.303038544395456,20.80104846324533,20.84204938210166,50000
2013-10-15,20.84204938210166,21.081625337035344,20.684223691391818,21.006724203605085,50000
2013-10-16,21.006724203605085,21.11304009473944,20.481219433961094,20.58477433634041,50000
2013-10-17,20.58477433634041,20.777474445800415,20.4012392382288,20.45970573538618,50000
2013-10-18,20.45970573538618,20.69761869172236,20.136544766643656,20.697131760253416,50000
2013-10-21,20.697131760253416,21.03899073015663,20.556283771262727,20.94955427822244,50000
2013-10-22,20.94955427822244,21.436428044203133,20.83513185384955,21.292358890856985,50000
2013-10-23,21.292358890856985,21.591806309109696,21.232109443649907,21.502140227775527,50000
2013-10-24,21.502140227775527,21.68526743821566,21.09514717203623,21.328609343283837,80995
2013-10-25,21.328609343283837,21.488740083957012,21.291642652941455,21.446729364164224,50000
2013-10-28,21.446729364164224,21.646041409595167,21.37084349092132,21.401779289436583,50000
2013-10-29,21.401779289436583,21.675419718189026,21.259086789560904,21.286342119583733,50000
2013-10-30,21.286342119583733,21.337470979369932,20.993669377998867,21.139257367455425,59338
2013-10-31,21.139257367455425,21.331044303717906,20.837068065366406,21.32539148570051,50000
2013-11-01,21.32539148570051,21.724085042146676,21.148352925161422,21.531121637328408,50000
2013-11-04,21.531121637328408,21.539617755092127,21.33992120827091,21.412067887144406,50000
2013-11-05,21.412067887144406,21.58155451003884,21.1435557434435,21.510371881939886,50000
2013-11-06,21.510371881939886,21.576526273106325,21.29237251965662,21.3728170852189,50000
2013-11-07,21.3728170852189,21.5403819673746,21.28209821904492,21.328900440476612,50000
2013-11-08,21.328900440476612,21.445721245086343,21.111512777214777,21.376185900948006,50000
2013-11-11,21.376185900948006,21.451357996041537,21.31087142215606,21.342004583639273,50000
2013-11-12,21.342004583639273,21.342113431331907,20.80278632249172,20.885446367351495,50000
2013-11-13,20.885446367351495,20.926133285600233,20.65150442340546,20.695356665553682,50000
2013-11-14,20.695356665553682,21.00003790839311,20.578786984785943,20.86499403261784,50000
2013-11-15,20.86499403261784,20.913946475090764,20.25637099948389,20.462732563087318,54567
2013-11-18,20.462732563087318,20.913444764573523,20.457526592452396,20.90809546221012,50000
2013-11-19,20.90809546221012,20.908629868726603,20.49593678736033,20.66271118072683,50000
2013-11-20,20.66271118072683,20.704891703572134,19.97916180017206,20.239935384854032,50000
2013-11-21,20.239935384854032,20.25210386215021,19.918843516428094,20.1102034315838,50000
2013-11-22,20.1102034315838,20.19821569371338,19.831519071939475,19.89261978588808,67366
2013-11-25,19.89261978588808,20.027287570636616,19.641380718282296,19.74165985151611,50000
2013-11-26,19.74165985151611,19.981063176065973,19.224721548745126,19.254326142342418,50000
2013-11-27,19.254326142342418,19.275635779297154,18.575874791004747,18.90493067434105,50000
2013-11-28,18.90493067434105,19.018328251060712,18.839312370148967,18.930447584549285,50000
2013-11-29,18.930447584549285,19.04821447091248,18.875546640731145,19.008861323644958,50000
2013-12-02,19.008861323644958,19.117612168957606,18.640231218698517,18.77491504644382,50000
2013-12-03,18.77491504644382,18.82629894599605,18.709220815673028,18.727565739921765,50000
2013-12-04,18.727565739921765,19.003507779514727,18.617981497269483,18.976044352497325,50000
2013-12-05,18.976044352497325,19.053219787290647,18.116215102679384,18.172766118843874,50000
2013-12-06,18.172766118843874,18.186955002157866,17.834314320066962,17.93954882566891,54034
2013-12-09,17.93954882566891,17.96034853018765,17.678915120433597,17.704053775986498,70072
2013-12-10,17.704053775986498,18.262678311047896,17.556434770190116,18.13827988962313,64434
2013-12-11,18.13827988962313,18.27679516848062,17.99823824790239,18.113858055451626,63029
2013-12-12,18.113858055451626,18.360476458470433,17.923341578796943,18.34080085803038,74192
2013-12-13,18.34080085803038,18.566355200216844,18.22462460789513,18.492571570702584,58073
2013-12-16,18.492571570702584,18.822998913436027,18.36694846819319,18.59871488168261,50000
2013-12-17,18.59871488168261,18.875003335998763,18.482671639854964,18.82520184062689,50000
2013-12-18,18.82520184062689,19.203895191492244,18.61622118723789,18.974955792941834,50000
2013-12-19,18.974955792941834,19.009370170212474,18.28360563827852,18.512215072420695,71137
2013-12-20,18.512215072420695,18.674113114627605,18.16362083836606,18.296795315367415,50000
2013-12-23,18.296795315367415,18.637951315808966,18.216844072982806,18.584122413970057,50000
2013-12-24,18.584122413970057,18.735995268426475,18.250854709917633,18.36841998629484,368070
2013-12-25,18.36841998629484,18.572776495126604,18.324179711752755,18.5701287786581,109038
2013-12-26,18.5701287786581,18.622893811506202,18.468198706355512,18.55072253283493,63917
2013-12-27,18.55072253283493,19.01853024620687,18.19335798951963,18.343013251312126,50000
2013-12-30,18.343013251312126,18.934670623469614,18.24569188285607,18.763253416999405,50000
2013-12-31,18.763253416999405,19.05002391451959,18.73247299220564,19.001954954086266,50000
2014-01-01,19.001954954086266,19.227275353684856,18.893601976205208,19.20882978330455,50000
2014-01-02,19.20882978330455,19.229662068727514,19.072505988000895,19.095766680044385,156413
2014-01-03,19.095766680044385,19.234327734572023,18.515285643661734,18.736429801285688,50403
2014-01-06,18.736429801285688,18.89011284975656,18.503644722016375,18.52104704943061,50000
2014-01-07,18.52104704943061,18.98209587712796,18.43182023150723,18.91252480802527,50000
2014-01-08,18.91252480802527,18.99934877388333,18.56733781590217,18.644337305541203,50000
2014-01-09,18.644337305541203,18.755668324565757,18.46197389567983,18.62002711364232,50000
2014-01-10,18.62002711364232,18.723428965199606,17.726756452658552,17.918772147947326,50000
2014-01-13,17.918772147947326,17.99285263398062,17.663919113006326,17.807032115276314,50000
2014-01-14,17.807032115276314,18.22599818471439,17.61571367789386,18.189239079043517,50000
2014-01-15,18.189239079043517,18.837006646988268,18.061035908337114,18.807191593334093,50000
2014-01-16,18.807191593334093,18.879525212740003,18.64106117090994,18.670311670359975,53971
2014-01-17,18.670311670359975,19.046577751599642,18.480709652437454,19.01870961287322,50000
2014-01-20,19.01870961287322,19.49776640245293,18.894453885442214,19.279793442831597,92896
2014-01-21,19.279793442831597,19.646947938789307,19.120320474311654,19.568205266457984,60868
2014-01-22,19.568205266457984,19.935765433316025,19.54990647173789,19.913196732997122,190100
2014-01-23,19.913196732997122,19.976993011648073,19.481000667412218,19.604274474072284,50000
2014-01-24,19.604274474072284,19.646965516571647,19.171672669400365,19.179841364848123,76479
2014-01-27,19.179841364848123,19.657912191533434,18.97724061095436,19.535626554263107,50000
2014-01-28,19.535626554263107,19.585014743441278,19.327418641622984,19.344322554774354,50000
2014-01-29,19.344322554774354,19.515850829050333,19.251343175959207,19.362998542961105,50000
2014-01-30,19.362998542961105,19.55525263383351,18.517930711728326,18.52862103959939,50000
2014-01-31,18.52862103959939,18.766779266663008,18.35721891185343,18.660290291238873,50000
2014-02-03,18.660290291238873,18.66340012146894,18.15234940662646,18.157167244797964,50000
2014-02-04,18.157167244797964,18.352555026018422,18.010908837415368,18.275146650658332,50000
2014-02-05,18.275146650658332,18.914063841802488,18.252704723094553,18.81709241776455,50000
2014-02-06,18.81709241776455,19.124052802433937,18.77451689260164,18.945149112248696,84406
2014-02-07,18.945149112248696,19.074921642565663,18.887884889898636,18.95892593304189,50000
2014-02-10,18.95892593304189,19.14014239584954,18.63142696288125,18.678167202696034,146246
2014-02-11,18.678167202696034,18.780833073489298,18.37104267997338,18.528171683060833,50000
2014-02-12,18.528171683060833,18.690648463195895,17.713387792528092,17.849797355369024,50000
2014-02-13,17.849797355369024,17.966901761101155,17.6004083415424,17.6181692720203,111154
2014-02-14,17.6181692720203,17.90945641072857,17.466059980399294,17.779446894788144,50000
2014-02-17,17.779446894788144,17.91261933643409,17.656241203317247,17.836495929422117,50000
2014-02-18,17.836495929422117,18.898211502601704,17.73231800774636,18.697565568881934,50000
2014-02-19,18.697565568881934,19.104939678310945,18.671083860974605,19.032225039747072,50000
2014-02-20,19.032225039747072,19.45814953421484,18.6271194972465,19.331727655022856,75839
2014-02-21,19.331727655022856,19.487396972069085,19.20691259431088,19.26038317192291,50000
2014-02-24,19.26038317192291,19.303406628395425,19.184580509571834,19.250098705046053,50000
2014-02-25,19.250098705046053,19.254822205558884,19.126456313873522,19.130156446348213,114714
2014-02-26,19.130156446348213,19.294853970893897,19.032882541444746,19.14505149041063,50799
2014-02-27,19.14505149041063,19.17255096030147,19.029352653007173,19.154299368371007,50000
2014-02-28,19.154299368371007,19.17873854146047,18.91546289672943,19.162063486326062,67466
2014-03-03,19.162063486326062,19.235131269402764,18.803661148990816,18.956858204828865,50000
2014-03-04,18.956858204828865,18.980492091887395,18.835334863720174,18.980280509531685,50000
2014-03-05,18.980280509531685,19.473992688821884,18.935034509424245,19.299396015453777,51677
2014-03-06,19.299396015453777,19.30252226610823,19.04261813558007,19.151173344547512,50000
2014-03-07,19.151173344547512,19.403827463698498,18.801969049648065,18.874364750384178,61567
2014-03-10,18.874364750384178,19.016768024919486,18.35556148448645,18.40285789822449,80984
2014-03-11,18.40285789822449,18.69804985286379,18.181211701412476,18.647523395699952,73159
2014-03-12,18.647523395699952,18.833022001046853,18.469971664300154,18.800017773689138,80432
2014-03-13,18.800017773689138,18.833522598882737,18.508204896178427,18.5717743164058,50000
2014-03-14,18.5717743164058,18.848632561352844,18.449642932199357,18.842373437596144,90055
2014-03-17,18.842373437596144,19.30523667746876,18.663921429513174,19.189556548447996,50000
2014-03-18,19.189556548447996,19.282413288217345,18.710395355480774,18.922941625566754,60054
2014-03-19,18.922941625566754,19.518639834121295,18.745299790161194,19.512023325323216,91804
2014-03-20,19.512023325323216,19.849048851127446,19.48766414726062,19.847294762198327,50000
2014-03-21,19.847294762198327,20.197652360953736,19.721845667029086,20.19759964846528,97779
2014-03-24,20.19759964846528,20.232552576412264,19.921498957656436,20.129028742268545,55208
2014-03-25,20.129028742268545,20.55166063145067,20.018125920504602,20.387989569767612,50000
2014-03-26,20.387989569767612,20.46290203187166,20.131315512664997,20.285956026663136,58671
2014-03-27,20.285956026663136,20.358569818096385,19.708294633411988,19.73312352557289,50000
2014-03-28,19.73312352557289,20.487429267865615,19.538319231183518,20.39117358384343,51270
2014-03-31,20.39117358384343,20.416721044064285,20.09548016948318,20.11369474436529,50000
2014-04-01,20.11369474436529,20.294391635786862,19.94955519358758,20.230188165510828,50000
2014-04-02,20.230188165510828,20.566620682730093,20.15720091656027,20.380848935438916,55049
2014-04-03,20.380848935438916,20.54723607667915,20.31584549299716,20.47773880703723,50000
2014-04-04,20.47773880703723,20.920219968478598,20.472481489935976,20.856576359705862,50000
2014-04-07,20.856576359705862,20.882442262490407,20.61723586147784,20.726607591597197,50000
2014-04-08,20.726607591597197,20.742073963177653,20.189157832799907,20.29172102080402,50000
2014-04-09,20.29172102080402,20.307669795193384,20.159833151712963,20.29681847334144,75788
2014-04-10,20.29681847334144,20.418085862087437,20.28105225393794,20.36039189971415,50000
2014-04-11,20.36039189971415,20.492778925026983,20.136587873968587,20.260490655737563,86449
2014-04-14,20.260490655737563,20.66625527300334,20.161858564803747,20.527513037074268,50000
2014-04-15,20.527513037074268,20.565941591774983,20.352573940805847,20.436156485320673,50000
2014-04-16,20.436156485320673,20.594568733381763,20.36923023542711,20.450660988346286,50000
2014-04-17,20.450660988346286,20.519084818645137,20.274427310113346,20.364933059647445,50000
2014-04-18,20.364933059647445,20.774536634148607,20.139001873247867,20.707400993552895,50000
2014-04-21,20.707400993552895,20.936254878581252,20.555762070425445,20.65697301462881,50000
2014-04-22,20.65697301462881,20.847564771972515,20.441117487623515,20.564223729858803,50000
2014-04-23,20.564223729858803,20.659942178779932,20.39617648439955,20.650211647376,50000
2014-04-24,20.650211647376,20.925217061017104,20.082043351082397,20.32183452334095,50000
2014-04-25,20.32183452334095,20.77839696526322,20.282755533517726,20.654663091695166,50000
2014-04-28,20.654663091695166,21.32931823516456,20.57443055862046,21.236734610960227,67664
2014-04-29,21.236734610960227,21.349587845110587,21.05472499935347,21.332230336139094,50000
2014-04-30,21.332230336139094,21.760513435546972,21.163020531044094,21.70629210740926,50000
2014-05-01,21.70629210740926,21.727352075055535,21.095959781991194,21.167418706688665,50000
2014-05-02,21.167418706688665,21.24948292592714,20.892738863837916,21.03461156513869,56920
2014-05-05,21.03461156513869,21.100605402091087,20.955748609615284,21.06365735596598,50000
2014-05-06,21.06365735596598,21.32643532457407,20.92851844114419,20.93270502212075,90908
2014-05-07,20.93270502212075,21.455141477114644,20.81380556990275,21.417495576109857,50000
2014-05-08,21.417495576109857,21.457161487014393,21.0521061142105,21.144855705190956,50000
2014-05-09,21.144855705190956,21.592235064665676,21.127159780939667,21.344368111819048,50000
2014-05-12,21.344368111819048,21.71051058267555,21.28839412686823,21.523858512111172,50000
2014-05-13,21.523858512111172,21.641345500591296,21.305330495552543,21.32667243755203,76701
2014-05-14,21.32667243755203,21.47675519081866,21.27945386730954,21.43284803895333,50000
2014-05-15,21.43284803895333,21.627754771317484,21.40106358337404,21.60411929243569,50000
2014-05-16,21.60411929243569,22.41107441017911,21.511033078511577,22.15899599245438,50000
2014-05-19,22.15899599245438,22.301352520238375,21.275137690697694,21.314415992427314,50000
2014-05-20,21.314415992427314,21.38714797984636,21.02638929549322,21.04594905264474,50000
2014-05-21,21.04594905264474,21.071635993668824,20.79150810049843,20.922561984109652,50000
2014-05-22,20.922561984109652,21.16975563820848,20.812138898118494,21.086742461791626,50000
2014-05-23,21.086742461791626,21.674179669141395,21.060712801822998,21.35287479792298,50000
2014-05-26,21.35287479792298,21.757565722667955,21.337828137554492,21.505561697768872,50000
2014-05-27,21.505561697768872,21.57431217710554,21.39271960101043,21.42635179041392,50000
2014-05-28,21.42635179041392,21.599078013791324,21.42192573607803,21.527983997437076,52872
2014-05-29,21.527983997437076,21.95367577123812,21.360700171480197,21.828678733588834,57711
2014-05-30,21.828678733588834,22.01337010880903,21.75863491831829,21.998765780689972,50000
2014-06-02,21.998765780689972,22.262579296781105,21.985554646958043,22.175003938844753,50000
2014-06-03,22.175003938844753,22.40877185328345,21.98845226377765,22.34624246563816,67918
2014-06-04,22.34624246563816,22.451913198014445,22.323238305844406,22.36683309538867,50000
2014-06-05,22.36683309538867,22.757557102562192,22.221228978456438,22.749063485924584,50000
2014-06-06,22.749063485924584,22.904561880713228,22.50282851530709,22.68628292883779,50000
2014-06-09,22.68628292883779,22.810238083179513,22.511599141227517,22.743140386911953,50000
2014-06-10,22.743140386911953,23.033671039073887,22.71227786560605,22.89615367628664,50000
2014-06-11,22.89615367628664,22.988031671202382,21.899939418235075,22.17627886996263,76439
2014-06-12,22.17627886996263,22.32085461428262,21.765733553563386,21.766926644747063,50000
2014-06-13,21.766926644747063,21.97691246260328,21.56808405189357,21.862647851838783,50000
2014-06-16,21.862647851838783,21.883614100523225,21.76714528682092,21.83072863125686,50000
2014-06-17,21.83072863125686,21.86711450830583,21.551525189620424,21.56207868901134,50000
2014-06-18,21.56207868901134,21.586390422458127,20.907236306519284,20.952127869549127,50000
2014-06-19,20.952127869549127,21.24679552873407,20.643204383569024,20.842274076247193,50000
2014-06-20,20.842274076247193,20.931212205090205,20.553435752403374,20.633306875622512,50000
2014-06-23,20.633306875622512,21.01840144980393,20.475084668868366,20.813760722981957,50000
2014-06-24,20.813760722981957,21.49399984851232,20.54188254618109,21.331154206459612,50000
2014-06-25,21.331154206459612,21.34825468460243,21.3191946193907,21.345939203340834,54748
2014-06-26,21.345939203340834,21.381879429430455,20.55695883741944,20.849657328336246,56680
2014-06-27,20.849657328336246,20.955951902218956,20.51114971060876,20.576147010455244,50000
2014-06-30,20.576147010455244,20.609113494038667,19.925849797746476,19.96958028646893,50000
2014-07-01,19.96958028646893,20.097359989544806,19.855383128410047,19.9898125196824,50000
2014-07-02,19.9898125196824,20.26876186532138,19.832919251980456,20.164747499171852,53775
2014-07-03,20.164747499171852,20.195410047103817,19.927629882749528,20.186225405821823,50000
2014-07-04,20.186225405821823,20.211801403547,19.608558598392353,19.610391198585212,59221
2014-07-07,19.610391198585212,19.68456940255738,19.13312313864024,19.27856890275623,50000
2014-07-08,19.27856890275623,19.338602867666786,18.97345408357341,19.166056542384823,50000
2014-07-09,19.166056542384823,19.40261789966514,19.090202309744996,19.33621315806541,50000
2014-07-10,19.33621315806541,19.70348293934205,19.25027606534471,19.69949303123567,50000
2014-07-11,19.69949303123567,19.812821250719235,19.148239583257915,19.36910752754753,50000
2014-07-14,19.36910752754753,19.551543806201906,19.22459736588781,19.503357710912844,50000
2014-07-15,19.503357710912844,19.638265277877938,19.4757366510767,19.540231067301313,53413
2014-07-16,19.540231067301313,19.76493788423497,19.430263134814968,19.735362055290384,181936
2014-07-17,19.735362055290384,19.796040278980726,19.370880803302924,19.74134968187843,50000
2014-07-18,19.74134968187843,19.77404422655427,19.309281482586357,19.35838186293238,57340
2014-07-21,19.35838186293238,19.411940436870868,18.764545537952063,19.111281708243123,50000
2014-07-22,19.111281708243123,19.132564010431587,18.914442479309944,18.937491852987762,106296
2014-07-23,18.937491852987762,18.939603306993043,18.77697042688231,18.921020154392277,50000
2014-07-24,18.921020154392277,19.02935907626722,18.678157893796264,18.719263479332678,84725
2014-07-25,18.719263479332678,19.16395011118492,18.608312882385906,19.03543055349452,50000
2014-07-28,19.03543055349452,19.375633330075217,18.906044034047547,19.26221998694276,50000
2014-07-29,19.26221998694276,19.354819745035794,18.96446939318258,19.251951085969885,93537
2014-07-30,19.251951085969885,19.492037417837665,19.217798415193286,19.387056635872597,50000
2014-07-31,19.387056635872597,19.69428395063675,19.22573492883367,19.60030720541065,50000
2014-08-01,19.60030720541065,19.812120147181208,19.588854239813216,19.703280020453843,61124
2014-08-04,19.703280020453843,19.777971180606386,19.06869583261362,19.266891987335885,55263
2014-08-05,19.266891987335885,19.349769321787786,19.102471417929817,19.15651491309483,71160
2014-08-06,19.15651491309483,19.163452683903312,18.997616243316482,19.10592181134161,70410
2014-08-07,19.10592181134161,19.22347149625611,18.550467885754454,18.6925657663092,50000
2014-08-08,18.6925657663092,18.810634546561012,18.185906928858433,18.42257894125434,50000
2014-08-11,18.42257894125434,18.59458999228566,18.03333196126545,18.165457018879163,52917
2014-08-12,18.165457018879163,18.339353426748055,17.9718018137393,18.08006143116675,50000
2014-08-13,18.08006143116675,18.6657558124457,17.904010068128773,18.454457898750338,50000
2014-08-14,18.454457898750338,18.583245867135048,18.33202276644174,18.49482497784655,56292
2014-08-15,18.49482497784655,18.740918584974125,18.248713186052406,18.2642101615884,50000
2014-08-18,18.2642101615884,18.274724520050917,17.98351418633612,17.98455404289426,50000
2014-08-19,17.98455404289426,18.27760352340469,17.978002119925428,18.131180734849718,50000
2014-08-20,18.131180734849718,18.801641654525074,18.115676842539234,18.73534210740243,50000
2014-08-21,18.73534210740243,18.756921055793768,18.34057645606255,18.386817764127777,50000
2014-08-22,18.386817764127777,18.796925634560278,18.372976097279093,18.730331995118124,50000
2014-08-25,18.730331995118124,18.87746649054427,18.614831407126964,18.771347390644227,50000
2014-08-26,18.771347390644227,19.166076427561485,18.592701310044735,18.99348246731871,100228
2014-08-27,18.99348246731871,19.050504094446485,18.473129502755796,18.511462992650454,75600
2014-08-28,18.511462992650454,18.521673611085347,17.610929490190113,17.689249540313572,50000
2014-08-29,17.689249540313572,17.78440077875789,17.432986271851902,17.498300827556278,102731
2014-09-01,17.498300827556278,17.5344445000841,16.927734884849002,17.013228099919026,50000
2014-09-02,17.013228099919026,17.066233329580594,16.5587435449899,16.588565742299433,87168
2014-09-03,16.588565742299433,16.70878588723896,16.32679821692744,16.370640353175197,50000
2014-09-04,16.370640353175197,16.813454810324995,16.339602370837092,16.71748542130174,50000
2014-09-05,16.71748542130174,16.741581241500818,16.54309335156209,16.60045759850893,50000
2014-09-08,16.60045759850893,17.054446117243323,16.573318974996702,17.03478533627141,50000
2014-09-09,17.03478533627141,17.065218725871738,16.947948964992104,17.04828676651841,50000
2014-09-10,17.04828676651841,17.15002064261957,16.71312175900058,16.87787465978356,50000
2014-09-11,16.87787465978356,17.053963532408126,16.325792035444078,16.419871471439098,70398
2014-09-12,16.419871471439098,16.523562362022414,16.24259828038088,16.421971370954118,50000
2014-09-15,16.421971370954118,17.005358080162242,16.417252511188817,16.867014041593897,50000
2014-09-16,16.867014041593897,16.94489270192182,16.743320419887183,16.92043305465262,50000
2014-09-17,16.92043305465262,17.094914641618065,16.882238727676455,16.986353466812535,55095
2014-09-18,16.986353466812535,17.319329382270833,16.964512559644778,17.113072372126148,50000
2014-09-19,17.113072372126148,17.17047938925334,16.913735854971325,17.144883628386452,63556
2014-09-22,17.144883628386452,17.171301139752938,16.801851251836293,16.93269451880308,50000
2014-09-23,16.93269451880308,16.94856061312722,16.71694745135531,16.761759335937494,65368
2014-09-24,16.761759335937494,17.051942691711254,16.58379424097411,16.829096900761602,50000
2014-09-25,16.829096900761602,16.885644273171287,16.620958898062135,16.812615710621944,50000
2014-09-26,16.812615710621944,16.970948202240493,16.469710891701013,16.482755291143885,114271
2014-09-29,16.482755291143885,16.62947814638833,16.398783294074043,16.62869895510248,50000
2014-09-30,16.62869895510248,17.03824638575416,16.59351825381039,16.962316170460408,56526
2014-10-01,16.962316170460408,17.114079220507737,16.935536775306417,17.09984803704749,50000
2014-10-02,17.09984803704749,17.6542389939452,17.07909050693299,17.523532578279347,50000
2014-10-03,17.523532578279347,17.845085876266385,17.45090817868133,17.76615461300548,87457
2014-10-06,17.76615461300548,17.85993567279681,17.44009642244904,17.46015906196046,56408
2014-10-07,17.46015906196046,17.654799091767895,17.45147478333607,17.565589176608825,50000
2014-10-08,17.565589176608825,17.79768103814988,17.378520747344737,17.399171104390533,50000
2014-10-09,17.399171104390533,17.636176784023654,17.380687422971185,17.626340223544425,50000
2014-10-10,17.626340223544425,17.900886879737914,17.614111236158248,17.87582298555761,50000
2014-10-13,17.87582298555761,17.893994067040445,17.771907029908583,17.78845115403616,70489
2014-10-14,17.78845115403616,17.800462666242495,17.289985244614346,17.2996415790196,50000
2014-10-15,17.2996415790196,17.351803348207003,17.003252588448284,17.095179304242443,91728
2014-10-16,17.095179304242443,17.26434722824837,17.09244988416284,17.223102102503663,51910
2014-10-17,17.223102102503663,17.274718949326545,17.16197244482297,17.19911288024565,50000
2014-10-20,17.19911288024565,17.574640650567847,17.148334832417724,17.538444848943765,50000
2014-10-21,17.538444848943765,17.549025877766958,17.299519488853726,17.330989223647006,118145
2014-10-22,17.330989223647006,17.74560590579762,17.25636538302397,17.582549744849928,50000
2014-10-23,17.582549744849928,17.84128072648183,17.136136228157667,17.1869822130672,146957
2014-10-24,17.1869822130672,17.374734843805037,17.090670536871098,17.26379200183755,50000
2014-10-27,17.26379200183755,17.4031476830295,17.182425849028913,17.38189391759277,50000
2014-10-28,17.38189391759277,17.61182622948351,17.048548950729753,17.170877538966465,50000
2014-10-29,17.170877538966465,17.86559084174417,17.039424770273833,17.676050552122085,98089
2014-10-30,17.676050552122085,17.68764105799756,17.49764583190668,17.649603031286176,51019
2014-10-31,17.649603031286176,17.87921811527722,17.62493580460928,17.832569065059154,50000
2014-11-03,17.832569065059154,17.937474411425313,17.31484913045054,17.44110837800109,55408
2014-11-04,17.44110837800109,17.452471844593305,17.381191924897255,17.387551642137616,54973
2014-11-05,17.387551642137616,17.44776232391905,17.19328966537399,17.399978605376216,50000
2014-11-06,17.399978605376216,17.526131866878284,17.36076127044016,17.427055406484882,50000
2014-11-07,17.427055406484882,17.751731180588525,17.353517298506954,17.608220095785324,50000
2014-11-10,17.608220095785324,17.64164669190089,17.198990226812615,17.31171638722195,50000
2014-11-11,17.31171638722195,17.95617350258629,17.086529675432395,17.85199757173566,50000
2014-11-12,17.85199757173566,18.071023917924432,17.767352916154216,18.035249223433947,50000
2014-11-13,18.035249223433947,18.375969302643572,18.032749290833614,18.247895448927068,50000
2014-11-14,18.247895448927068,18.44889519665677,18.204109553185035,18.370808007050645,50000
2014-11-17,18.370808007050645,18.71956513197163,18.35961098366163,18.60611678571549,52320
2014-11-18,18.60611678571549,19.054573442107117,18.53540245240024,18.832951542725148,50000
2014-11-19,18.832951542725148,18.938304495931234,18.663212579958547,18.751331440711134,131567
2014-11-20,18.751331440711134,18.86843647914193,18.62116242553981,18.65313908368461,65271
2014-11-21,18.65313908368461,18.723549835449774,18.458676123207052,18.54767636881861,50000
2014-11-24,18.54767636881861,18.618612795139992,17.89523562383401,18.066721298032533,50000
2014-11-25,18.066721298032533,18.741500645092742,18.01352546310511,18.570958446559782,50000
2014-11-26,18.570958446559782,18.901608078235114,18.325194833669432,18.84647199088942,65682
2014-11-27,18.84647199088942,18.927169640288504,18.602144360448065,18.88435047227325,50000
2014-11-28,18.88435047227325,19.475296962253353,18.682225079275977,19.32668126299926,50000
2014-12-01,19.32668126299926,19.440222976600698,18.543215578822686,18.667371936661567,50000
2014-12-02,18.667371936661567,18.743818557515333,18.414612118418308,18.42876912555306,70035
2014-12-03,18.42876912555306,18.595245023647607,18.339634732755187,18.585698904982706,50000
2014-12-04,18.585698904982706,18.702271666854376,18.070321452389248,18.30397227559071,116520
2014-12-05,18.30397227559071,18.387665650619848,18.13423641730742,18.316098708470257,65790
2014-12-08,18.316098708470257,18.350831001959843,17.885438463883077,17.897357284159824,50000
2014-12-09,17.897357284159824,18.065369217984077,17.897133814731504,18.027440495440842,59352
2014-12-10,18.027440495440842,18.74544743377487,17.982130888336314,18.701840962721704,50000
2014-12-11,18.701840962721704,18.930743770044483,18.471947422822254,18.58484063376023,50000
2014-12-12,18.58484063376023,18.634836444795468,18.477586388276315,18.602412337185758,50000
2014-12-15,18.602412337185758,18.63159087395687,18.443722340627595,18.48345980416141,81300
2014-12-16,18.48345980416141,18.627790919626705,18.462286020549655,18.600713386449602,50000
2014-12-17,18.600713386449602,18.703008733584355,17.788971792425823,17.91200131284842,50000
2014-12-18,17.91200131284842,18.17051075262457,17.77379959554792,18.071522330244985,50000
2014-12-19,18.071522330244985,18.170232418565945,17.839983604318018,18.151927331801225,50000
2014-12-22,18.151927331801225,18.17656048192963,17.67542926341252,17.802375780886727,50000
2014-12-23,17.802375780886727,17.92797068060887,17.75704920819104,17.76711660470633,50000
2014-12-24,17.76711660470633,17.834506586083137,17.488305714549707,17.52727050966299,50000
2014-12-25,17.52727050966299,17.6533026103693,17.203438923109957,17.242545355783275,50000
2014-12-26,17.242545355783275,17.608737406034887,17.135424529361075,17.39317174778447,50000
2014-12-29,17.39317174778447,17.446628297729095,16.798437840623595,16.838721952257828,50000
2014-12-30,16.838721952257828,17.082624607217404,16.672408500052274,17.074662343480018,50000
2014-12-31,17.074662343480018,17.253443872682965,16.94762358834722,17.15464856780067,50000
2015-01-01,17.15464856780067,17.262452785159397,16.92940920029784,17.00707637238431,176515
2015-01-02,17.00707637238431,17.145306725616962,16.144594127979328,16.218187866466554,50000
2015-01-05,16.218187866466554,16.24985240228702,15.753885371216255,15.87824611176313,188222
2015-01-06,15.87824611176313,16.393832537714527,15.750499974818476,16.309703779476404,50000
2015-01-07,16.309703779476404,16.415856001606457,15.40211436440158,15.448565339530603,109997
2015-01-08,15.448565339530603,15.521433449259089,14.85451492148221,15.158817721573836,111199
2015-01-09,15.158817721573836,15.196390948837593,14.885982285050593,15.09170809385803,67941
2015-01-12,15.09170809385803,15.350103568182286,14.980997836406805,15.316226981439481,50000
2015-01-13,15.316226981439481,15.502624599006198,15.234912234158676,15.44341523988953,73618
2015-01-14,15.44341523988953,15.730777544058647,15.395964292467669,15.620888238135603,50000
2015-01-15,15.620888238135603,15.90410936178811,15.506626806769804,15.869905400409884,120185
2015-01-16,15.869905400409884,16.341872101296644,15.814587692617783,16.337333869940178,50000
2015-01-19,16.337333869940178,16.486287507384848,16.33338173597864,16.41588508125223,50550
2015-01-20,16.41588508125223,16.843725599320486,16.296033370270585,16.657269939308698,101777
2015-01-21,16.657269939308698,16.727343494160305,16.393268887783428,16.49528684179185,70484
2015-01-22,16.49528684179185,16.58216391717041,16.394296033842625,16.473250130307047,50000
2015-01-23,16.473250130307047,16.567423310988257,16.38018125568301,16.39450871335118,50000
2015-01-26,16.39450871335118,16.436363081761293,16.040351429385368,16.23700450885856,109964
2015-01-27,16.23700450885856,16.283704771540204,15.896656249246792,15.96643856413371,53343
2015-01-28,15.96643856413371,16.090322497410785,15.889234437944,15.977914138438425,57386
2015-01-29,15.977914138438425,16.00511458769558,15.834670890017112,15.914130126136543,50000
2015-01-30,15.914130126136543,16.022353623311872,15.809249615545227,15.929498233148179,50000
2015-02-02,15.929498233148179,16.17626349899495,15.881322254839517,16.000838310194375,50000
2015-02-03,16.000838310194375,16.095753090952083,15.578093557198201,15.6869591892463,50000
2015-02-04,15.6869591892463,15.720151891554133,15.547739702081486,15.581841834977846,50000
2015-02-05,15.581841834977846,15.989815124877904,15.517308494250111,15.907344443205561,50000
2015-02-06,15.907344443205561,15.962456524200276,15.386854321353644,15.53092983406467,50000
2015-02-09,15.53092983406467,15.602670777564272,15.074057783595041,15.208543241310275,59549
2015-02-10,15.208543241310275,15.458531621287534,15.168601502848743,15.419554501396405,60107
2015-02-11,15.419554501396405,15.565972341770367,14.904696382084543,14.993551916509853,50000
2015-02-12,14.993551916509853,15.239032990906336,14.759879490312311,15.21184752957732,50000
2015-02-13,15.21184752957732,15.920258553203388,15.163287613085432,15.91642053696956,50000
2015-02-16,15.91642053696956,16.16138954998235,15.826747247706567,16.095424535446774,71384
2015-02-17,16.095424535446774,16.119948661532533,15.94464669250849,16.058609864254898,50000
2015-02-18,16.058609864254898,17.012555688472126,16.036439684477887,16.92835145864136,50000
2015-02-19,16.92835145864136,16.97543071671194,16.798327372445492,16.805639056081276,50000
2015-02-20,16.805639056081276,16.823968478235166,16.564859823095386,16.635979644416654,50000
2015-02-23,16.635979644416654,16.6638526303363,16.564509159089976,16.636726454996918,50000
2015-02-24,16.636726454996918,16.683065671338884,16.527362106429585,16.57232456268852,76045
2015-02-25,16.57232456268852,16.734377098702176,16.34890412495327,16.375465130748086,50000
2015-02-26,16.375465130748086,16.38124351249288,15.735332302762092,15.848516827733974,50000
2015-02-27,15.848516827733974,16.7100117654509,15.78271091406317,16.5555455955663,50000
2015-03-02,16.5555455955663,17.23054044759648,16.48723882031459,17.129325246398256,50000
2015-03-03,17.129325246398256,17.213341879581037,16.616446380547274,16.780944212854376,56919
2015-03-04,16.780944212854376,17.24727159781186,16.69773761552162,17.137737382253064,50000
2015-03-05,17.137737382253064,17.242492038785755,17.00719436506805,17.03379509231671,50000
2015-03-06,17.03379509231671,17.084020887955614,16.987111919931635,17.041912225808726,50000
2015-03-09,17.041912225808726,17.043687832602178,16.99458924645729,17.030718710576725,50000
2015-03-10,17.030718710576725,17.19505141237982,16.892561274566,16.914815266930553,50000
2015-03-11,16.914815266930553,16.991663316783246,16.905941418679916,16.935768013181068,50000
2015-03-12,16.935768013181068,17.256177814130524,16.80466422381757,17.212588303155858,52913
2015-03-13,17.212588303155858,17.39427841968096,17.154729299863206,17.351314576819405,123501
2015-03-16,17.351314576819405,17.43597091992712,17.09753679518117,17.170355456927194,100903
2015-03-17,17.170355456927194,17.277170704868443,16.60350372557763,16.700965997249163,50000
2015-03-18,16.700965997249163,16.704404977498886,16.584313173246723,16.589044101548417,50000
2015-03-19,16.589044101548417,16.64343422194903,16.42978258850156,16.572366994899088,50000
2015-03-20,16.572366994899088,16.635735020280123,16.458314191839985,16.497322185112207,50000
2015-03-23,16.497322185112207,16.735367677447265,16.24582228811869,16.555679280447023,58431
2015-03-24,16.555679280447023,16.65965888961412,15.829071092817253,15.954826004862564,91985
2015-03-25,15.954826004862564,16.208211322209095,15.952265465024567,16.07624344928545,50000
2015-03-26,16.07624344928545,16.120554615092242,15.776818020529403,15.887316387185516,50000
2015-03-27,15.887316387185516,16.176878178595395,15.665333678997374,16.151766067197507,50000
2015-03-30,16.151766067197507,16.37551834657267,15.934603760375877,15.95984261017717,50000
2015-03-31,15.95984261017717,16.265589008397015,15.89982037446452,16.23197941345117,52032
2015-04-01,16.23197941345117,16.728044329983767,16.21134010847402,16.704379923862106,54208
2015-04-02,16.704379923862106,16.761390853586835,16.538244809732824,16.644258853915023,50000
2015-04-03,16.644258853915023,16.690241073801435,16.417043460063855,16.56528314295816,92800
2015-04-06,16.56528314295816,16.739057993358532,16.550812648231357,16.720958120128827,50000
2015-04-07,16.720958120128827,16.815882799783388,16.481748209274457,16.496837401633304,50000
2015-04-08,16.496837401633304,16.536017841361645,16.149536610139567,16.21143751216362,107128
2015-04-09,16.21143751216362,16.277987924243938,16.190836516606723,16.247311639060328,50000
2015-04-10,16.247311639060328,16.610152599428492,16.190468769495563,16.60304862211078,121057
2015-04-13,16.60304862211078,16.90986385298686,16.439860901853113,16.884954709756165,50000
2015-04-14,16.884954709756165,17.080562881077043,16.644418200835247,16.689227334799806,50000
2015-04-15,16.689227334799806,16.69243751831275,16.44184792164407,16.486410203834257,50000
2015-04-16,16.486410203834257,16.624556680722886,16.34030008637289,16.61150329099977,50000
2015-04-17,16.61150329099977,16.853163763693328,16.463317459844102,16.815138716702155,50000
2015-04-20,16.815138716702155,16.852348569292623,15.807959833336875,15.917879390042078,50000
2015-04-21,15.917879390042078,16.066138887997965,15.890327464226187,16.045557867570775,55210
2015-04-22,16.045557867570775,16.221378065966825,15.89798204456484,15.934467922899996,50000
2015-04-23,15.934467922899996,16.06922192463996,15.405443657349524,15.5591126980013,50000
2015-04-24,15.5591126980013,15.870727775528811,15.541116344746257,15.74766127381639,50000
2015-04-27,15.74766127381639,16.017882073625817,15.701345812764613,15.927356544796183,50000
2015-04-28,15.927356544796183,15.985152110728473,15.584727929383487,15.655583685557152,70514
2015-04-29,15.655583685557152,15.768782283055975,15.426747616566654,15.483303389573116,131684
2015-04-30,15.483303389573116,15.51806367036215,15.20510180438306,15.31242636266255,50000
2015-05-01,15.31242636266255,15.455068176931407,15.176946360181631,15.275066507611436,50000
2015-05-04,15.275066507611436,15.65212060584268,15.15504444527981,15.642579886588754,50000
2015-05-05,15.642579886588754,15.70483902294337,15.195919917485911,15.26666665449906,96902
2015-05-06,15.26666665449906,15.345975832976103,15.187206037885286,15.255026174312306,50000
2015-05-07,15.255026174312306,15.336230079410774,14.698732038765796,14.75785184581651,52209
2015-05-08,14.75785184581651,15.266216546729348,14.608546946618956,15.248316410389243,50000
2015-05-11,15.248316410389243,15.610858854785432,15.173032862150414,15.547442769909708,50000
2015-05-12,15.547442769909708,15.629184661648397,15.223295914692844,15.31371147214271,50000
2015-05-13,15.31371147214271,15.498428520685312,15.253826427615907,15.390136312184223,50000
2015-05-14,15.390136312184223,15.4197727311854,14.88107737536265,15.00193945772415,50000
2015-05-15,15.00193945772415,15.21425607362411,14.926933939563385,15.21139404285079,68812
2015-05-18,15.21139404285079,15.391956950222218,14.89999803136461,14.96520240777902,87687
2015-05-19,14.96520240777902,15.445703000913248,14.91801403833195,15.347880074057318,50000
2015-05-20,15.347880074057318,15.482440568442971,15.346449648712571,15.426173067685047,50000
2015-05-21,15.426173067685047,15.542304867762283,15.010030706685095,15.24786157352795,50000
2015-05-22,15.24786157352795,15.482129812373955,15.124830401631154,15.392849146985478,90751
2015-05-25,15.392849146985478,15.738604343064027,15.263368859179396,15.7180534751778,121388
2015-05-26,15.7180534751778,16.109659600484804,15.653152177796654,15.966291250447233,50000
2015-05-27,15.966291250447233,16.04751563701454,15.704266620860794,15.82484811765818,50000
2015-05-28,15.82484811765818,15.84389667215485,15.694856135915773,15.714192814567866,50000
2015-05-29,15.714192814567866,15.834178719065092,15.594317331828098,15.625435563624125,50000
2015-06-01,15.625435563624125,16.287252067867513,15.508336391551637,16.094346800706347,50000
2015-06-02,16.094346800706347,16.111452622314538,15.802847642817145,15.866202057353915,50000
2015-06-03,15.866202057353915,16.321510851322053,15.854102419366269,16.270731479705738,50000
2015-06-04,16.270731479705738,16.752013317868176,16.24188266020093,16.719637661598604,50000
2015-06-05,16.719637661598604,16.928091394176242,16.315002206212476,16.49046874114904,50000
2015-06-08,16.49046874114904,17.0271082668322,16.41592972243369,16.95552619892638,50000
2015-06-09,16.95552619892638,17.263614581656682,16.86781621395585,17.17563621343034,54186
2015-06-10,17.17563621343034,17.518565623597564,17.112684382699086,17.51706163248974,58563
2015-06-11,17.51706163248974,17.68665815333472,17.380379877889602,17.675083566098024,69779
2015-06-12,17.675083566098024,17.932415490666152,17.63812649847765,17.92009885838157,62069
2015-06-15,17.92009885838157,18.000566051286906,17.776616747952854,17.873348959711695,50000
2015-06-16,17.873348959711695,18.225170309703977,17.817322513100173,18.191460619400942,50000
2015-06-17,18.191460619400942,18.74837380698121,18.08638324525409,18.604345348299564,50000
2015-06-18,18.604345348299564,18.702080650151267,18.40819748473714,18.65745101445183,64249
2015-06-19,18.65745101445183,18.66256931642609,18.136688635118446,18.2364290522823,50000
2015-06-22,18.2364290522823,18.577380537071647,18.08849179796106,18.57189342679728,50000
2015-06-23,18.57189342679728,18.930736785740415,18.542273475177517,18.85781810605777,65043
2015-06-24,18.85781810605777,19.088025630137928,18.636444078762317,19.066909437066776,50000
2015-06-25,19.066909437066776,19.432394973344056,18.971874182812225,19.240246882104433,50000
2015-06-26,19.240246882104433,19.546498168559392,19.155114046059154,19.427887687959263,50000
2015-06-29,19.427887687959263,19.558868763170175,18.52535095553255,18.774645956084314,50000
2015-06-30,18.774645956084314,18.902532835818075,18.740987907583328,18.811520276785267,50000
2015-07-01,18.811520276785267,18.903745803421277,18.423618550002946,18.4802586547868,50000
2015-07-02,18.4802586547868,18.67511306041849,18.319349135079626,18.526856420181517,111672
2015-07-03,18.526856420181517,18.78425304658417,18.464869182920438,18.72503642953202,50000
2015-07-06,18.72503642953202,18.795278538621783,18.61552545234637,18.666697244192665,50000
2015-07-07,18.666697244192665,18.814635773137297,17.813664235551126,17.92483742010339,50000
2015-07-08,17.92483742010339,18.096651886800345,17.678098460763387,17.764639783086608,50000
2015-07-09,17.764639783086608,17.968249712077657,17.579440036836036,17.853081270481905,50000
2015-07-10,17.853081270481905,18.06142315544714,17.37323648224871,17.48457971253227,50000
2015-07-13,17.48457971253227,17.572641715283208,17.431222095940193,17.53373816193653,72016
2015-07-14,17.53373816193653,17.56006480698566,17.39980900057876,17.422397235500206,50000
2015-07-15,17.422397235500206,17.95740872343875,17.37149394588066,17.93586887147409,81620
2015-07-16,17.93586887147409,17.980288653797786,17.565538277374543,17.65818977155828,50307
2015-07-17,17.65818977155828,17.666987714424753,17.504388261514592,17.534087622794573,50000
2015-07-20,17.534087622794573,18.04124651722261,17.50689911374279,17.98234928974073,64902
2015-07-21,17.98234928974073,18.12614762956969,17.946303404185535,18.051289248697323,50000
2015-07-22,18.051289248697323,18.120186831917586,17.55263181835327,17.59670231804599,50000
2015-07-23,17.59670231804599,17.764239005510117,17.575468501221057,17.579132571510584,131580
2015-07-24,17.579132571510584,17.738296655168636,17.14101441483217,17.314283931823,50000
2015-07-27,17.314283931823,17.60234992948888,17.158111857221904,17.506187972220815,50000
2015-07-28,17.506187972220815,17.64927638306315,17.48132653139752,17.523066690247898,50000
2015-07-29,17.523066690247898,17.599482538123564,17.295312531925866,17.43447734114667,50000
2015-07-30,17.43447734114667,17.6449955529711,17.303049192449183,17.597479968260274,50000
2015-07-31,17.597479968260274,17.685783742455,17.304380582591584,17.31002682567031,72771
2015-08-03,17.31002682567031,17.975238551484896,17.229947217431054,17.968181255097623,50000
2015-08-04,17.968181255097623,18.194103595411406,17.82466337907218,18.179457112747688,52164
2015-08-05,18.179457112747688,18.84133566530625,18.148248582327135,18.733697993509328,50000
2015-08-06,18.733697993509328,18.798339285993322,18.596711511489826,18.698210252869316,50000
2015-08-07,18.698210252869316,19.338395384272655,18.622629514091237,19.215859322779114,50000
2015-08-10,19.215859322779114,19.232822724017453,18.963246066558767,19.102378598194342,50000
2015-08-11,19.102378598194342,19.320148580871603,18.752333649872856,18.827865505948015,50000
2015-08-12,18.827865505948015,19.138550152005926,18.823084114069665,18.92120752631122,50000
2015-08-13,18.92120752631122,19.34517723733872,18.802601890863038,19.166653951810353,50000
2015-08-14,19.166653951810353,19.423371298938715,19.02951822015401,19.319331910916038,77110
2015-08-17,19.319331910916038,19.365264537527654,19.029571383795414,19.184132653317395,50000
2015-08-18,19.184132653317395,19.26281993212161,18.622961404148647,18.736972938714924,50000
2015-08-19,18.736972938714924,18.74135733774156,18.17950940098206,18.3123729797978,50000
2015-08-20,18.3123729797978,18.32774776834129,17.6707690478101,17.727790311434514,50000
2015-08-21,17.727790311434514,18.150852565885774,17.61875086997959,17.988104134080316,50000
2015-08-24,17.988104134080316,18.291080900844708,17.87980790999474,18.24508971226328,50000
2015-08-25,18.24508971226328,18.287863841069395,17.955579487954413,18.014277764005993,50000
2015-08-26,18.014277764005993,18.08256255623577,17.551132550546953,17.554796707608638,139253
2015-08-27,17.554796707608638,17.63516617720447,17.07849722313913,17.312178238668398,50000
2015-08-28,17.312178238668398,17.352538808938924,16.854216842527382,16.905817284179477,62501
2015-08-31,16.905817284179477,17.696928914147517,16.84057904580278,17.43278306812895,50000
2015-09-01,17.43278306812895,17.47832995480168,17.037998098611947,17.20831916267113,50000
2015-09-02,17.20831916267113,17.34143890218816,17.157618332389305,17.308951837072208,50000
2015-09-03,17.308951837072208,17.702161323628342,17.027724266315097,17.514181360490785,50000
2015-09-04,17.514181360490785,17.69810482132688,17.44045417530201,17.634684174727596,66517
2015-09-07,17.634684174727596,17.736922546813183,17.625557224172717,17.704320007654147,77966
2015-09-08,17.704320007654147,17.754931765153884,17.62647755952083,17.662838354375044,76808
2015-09-09,17.662838354375044,17.791224167766163,17.42173831436225,17.543386657031473,50000
2015-09-10,17.543386657031473,17.876268846870246,17.426420124352198,17.715065140342553,50000
2015-09-11,17.715065140342553,17.766124271696356,17.373510928793706,17.473703075951782,50000
2015-09-14,17.473703075951782,17.763469954634186,17.418298570687405,17.756022004314385,50000
2015-09-15,17.756022004314385,17.802534649953085,17.152908493261084,17.41028461918312,58050
2015-09-16,17.41028461918312,17.49234671054001,17.333922057026232,17.49031393173834,58033
2015-09-17,17.49031393173834,17.652731667230384,17.38031758315141,17.421617051275774,50000
2015-09-18,17.421617051275774,17.543352427240205,17.361884888937578,17.442066064954,50000
2015-09-21,17.442066064954,17.65395093676141,17.388831302501867,17.41683013945115,172905
2015-09-22,17.41683013945115,17.496801605549802,17.25674937381997,17.26803175666518,50000
2015-09-23,17.26803175666518,17.275898925419558,16.942256804935212,17.03995488363595,50000
2015-09-24,17.03995488363595,17.13574715300002,16.925098281604807,17.046135719222033,50000
2015-09-25,17.046135719222033,17.082661321938435,16.827931744097338,16.936316464323827,56903
2015-09-28,16.936316464323827,17.545697091631588,16.76950628310976,17.379712889623907,50000
2015-09-29,17.379712889623907,17.53410226783131,17.20917106175683,17.23709443510916,50000
2015-09-30,17.23709443510916,17.44052509862775,17.186549109331438,17.302876588042956,50000
2015-10-01,17.302876588042956,17.354335901346786,17.085557046580032,17.175724976086894,50000
2015-10-02,17.175724976086894,17.209240803752117,16.944629516587593,16.954380271291388,50000
2015-10-05,16.954380271291388,17.027409741372153,16.424317549918417,16.53771446822692,50000
2015-10-06,16.53771446822692,16.939527664332932,16.49556768321408,16.937688590657967,50000
2015-10-07,16.937688590657967,17.10859092951744,16.799167325717782,17.10842935810648,59049
2015-10-08,17.10842935810648,17.214213135409175,16.877463039535158,16.918829982203924,50000
2015-10-09,16.918829982203924,17.12985688135769,16.904578256073094,16.963509657518784,68344
2015-10-12,16.963509657518784,16.98904544206648,16.437139652191263,16.445104042755634,82523
2015-10-13,16.445104042755634,16.458934870053874,15.943083732504189,16.082741070159905,50000
2015-10-14,16.082741070159905,16.65483491742591,15.922310951089925,16.511207181186116,94086
2015-10-15,16.511207181186116,16.71874584909184,16.388620738589456,16.596513361887318,50000
2015-10-16,16.596513361887318,16.756376364274626,16.157913259327636,16.378219794565098,50000
2015-10-19,16.378219794565098,16.69799697868179,16.36675103902986,16.600553388035124,108261
2015-10-20,16.600553388035124,17.139581201024416,16.52873314649344,17.086093358398106,54127
2015-10-21,17.086093358398106,17.11079517157076,16.42111994641943,16.64070254074543,121516
2015-10-22,16.64070254074543,16.81784797568482,16.314878831742227,16.44824470712127,50000
2015-10-23,16.44824470712127,16.834768776425957,16.28345328854034,16.58655863403183,54966
2015-10-26,16.58655863403183,16.734641229894862,16.367881298017302,16.463185728062633,62006
2015-10-27,16.463185728062633,16.71728914833717,16.358898665369733,16.683943930084826,71211
2015-10-28,16.683943930084826,16.796563631822174,16.6607980459199,16.760562108645658,50000
2015-10-29,16.760562108645658,16.78079164318763,16.31894843003598,16.396481045686976,50000
2015-10-30,16.396481045686976,16.522750535181938,16.08005240341749,16.18990776976237,74416
2015-11-02,16.18990776976237,16.19829824948861,15.770358963148892,15.771963163601347,50000
2015-11-03,15.771963163601347,15.853074347237612,15.453533010180406,15.571209599956504,54881
2015-11-04,15.571209599956504,15.679307865344661,15.530728110107518,15.634619040450877,66877
2015-11-05,15.634619040450877,15.796675036253097,15.419575554258238,15.550118075162036,50000
2015-11-06,15.550118075162036,15.873648497652628,15.535131049338194,15.869382547514055,50000
2015-11-09,15.869382547514055,16.242044616193315,15.857008575640952,16.19169595073902,50000
2015-11-10,16.19169595073902,16.235088334863658,16.153542014279804,16.213473097957024,50000
2015-11-11,16.213473097957024,16.2273779203685,15.43808069308804,15.475775108267698,50000
2015-11-12,15.475775108267698,15.855695244404274,15.398442018170595,15.854303615194969,50000
2015-11-13,15.854303615194969,15.99878951116198,15.838439466131193,15.899824589863707,51127
2015-11-16,15.899824589863707,15.947182527763399,15.710283974471732,15.762376421162976,50000
2015-11-17,15.762376421162976,16.163280383798924,15.759988824562006,16.077412945825923,50000
2015-11-18,16.077412945825923,16.083011108322296,15.6362346276065,15.65204074009037,78042
2015-11-19,15.65204074009037,15.98285939060221,15.620265025902707,15.916584053111453,50000
2015-11-20,15.916584053111453,15.960730642666663,15.59763717498279,15.629837323001727,50000
2015-11-23,15.629837323001727,15.779709877932685,15.570176162792043,15.593793608652113,54057
2015-11-24,15.593793608652113,15.727102273087468,14.924597069345035,15.011284920929183,123419
2015-11-25,15.011284920929183,15.040927533041577,14.894533768810252,14.963945436702405,51551
2015-11-26,14.963945436702405,15.70730805290576,14.865556881104508,15.675917429545452,121086
2015-11-27,15.675917429545452,15.733752340650838,15.57796446362288,15.717426867573511,50000
2015-11-30,15.717426867573511,15.910279652418174,15.643890603282689,15.844301748459431,72451
2015-12-01,15.844301748459431,15.854486087716323,15.779368385819764,15.825912084095414,53685
2015-12-02,15.825912084095414,15.917014921466999,15.736287650648178,15.883914690276828,50000
2015-12-03,15.883914690276828,16.204147938291673,15.881391879168737,16.09876894234958,50000
2015-12-04,16.09876894234958,16.323473751683405,16.09860705499076,16.219680210293728,50000
2015-12-07,16.219680210293728,16.499793579770472,15.879698213573493,15.907148005894342,95314
2015-12-08,15.907148005894342,15.912789210828638,15.68110636319191,15.7732742631089,67299
2015-12-09,15.7732742631089,16.128555086187777,15.755112557946715,16.04363912950419,50000
2015-12-10,16.04363912950419,16.44412778261629,16.024803874835413,16.35201796329529,50000
2015-12-11,16.35201796329529,16.53268617209259,15.68808673065865,15.862908730977137,50000
2015-12-14,15.862908730977137,15.88751205623141,15.686054681450516,15.690740579011598,50000
2015-12-15,15.690740579011598,15.7614037027924,15.431431646537758,15.503918764637787,50000
2015-12-16,15.503918764637787,15.619775300930186,15.145857703219612,15.302061718696379,50000
2015-12-17,15.302061718696379,15.30892244972099,15.067738897192589,15.110698774612338,52481
2015-12-18,15.110698774612338,15.252386740922468,15.020104292509519,15.12258465204097,50000
2015-12-21,15.12258465204097,15.17859815277354,14.77859186329554,14.822662897967751,50000
2015-12-22,14.822662897967751,15.063691028904845,14.808019473977067,15.049034786610209,54173
2015-12-23,15.049034786610209,15.524012936081785,15.04226219587225,15.46806640685755,81677
2015-12-24,15.46806640685755,15.669553367825797,15.403066689659935,15.597674245157442,50000
2015-12-25,15.597674245157442,15.644124253363008,15.405194210751196,15.436558976222951,53681
2015-12-28,15.436558976222951,15.581355246897452,15.373046907691796,15.484652968506056,50000
2015-12-29,15.484652968506056,15.594974972732233,14.889892855786158,14.967150767939433,50000
2015-12-30,14.967150767939433,15.19782824945163,14.861076984143558,14.930747402092171,115129
2015-12-31,14.930747402092171,14.988964416792511,14.284822770404865,14.413388517911452,50000
2016-01-01,14.413388517911452,14.521061349837519,13.897866553212246,13.919707668197608,91782
2016-01-04,13.919707668197608,13.963162648017663,13.67526229473206,13.730847031903238,50000
2016-01-05,13.730847031903238,13.884917267265184,13.724220281067588,13.843109146823801,50000
2016-01-06,13.843109146823801,14.069892915060995,13.724576075795335,14.067702824248904,50000
2016-01-07,14.067702824248904,14.072450187389018,13.500559824338177,13.616786055889099,50000
2016-01-08,13.616786055889099,13.807503410668478,13.495667513731062,13.739202247107674,50000
2016-01-11,13.739202247107674,13.926181332879091,13.711128570929693,13.895692544517457,50000
2016-01-12,13.895692544517457,14.244922163533758,13.826549211688413,14.121999677361464,50000
2016-01-13,14.121999677361464,14.43284548157156,14.08563106020504,14.384459711070683,65249
2016-01-14,14.384459711070683,14.441209976051251,13.950852937800162,14.008078222254415,50000
2016-01-15,14.008078222254415,14.058816754253948,13.696536656327767,13.765049518886846,50000
2016-01-18,13.765049518886846,13.915488783360004,13.703052933077894,13.778419489238072,50000
2016-01-19,13.778419489238072,13.981077718701354,13.665730027723681,13.86313867063076,50000
2016-01-20,13.86313867063076,13.886789713837759,13.201197725473664,13.306431802342614,50000
2016-01-21,13.306431802342614,13.42478472588565,12.846618667079827,12.856621609299381,50000
2016-01-22,12.856621609299381,13.382727526418236,12.74803509801257,13.320424322045758,50000
2016-01-25,13.320424322045758,13.35787516931935,13.244957667268775,13.326858957904927,50000
2016-01-26,13.326858957904927,13.577123426817597,13.253841337168062,13.486723196058344,50000
2016-01-27,13.486723196058344,13.567973521332805,13.121687489373414,13.26030077646519,50000
2016-01-28,13.26030077646519,13.39780441516675,12.940140047042727,12.979846943853639,50000
2016-01-29,12.979846943853639,13.102410436349546,12.286922611150727,12.33712149491074,50000
2016-02-01,12.33712149491074,12.34702045817846,11.856359492494787,11.922897053888347,50000
2016-02-02,11.922897053888347,12.243946403474999,11.847381455354649,12.12645001342584,50000
2016-02-03,12.12645001342584,12.140391579470174,11.672681808613474,11.776619275819682,50000
2016-02-04,11.776619275819682,11.805470530804499,11.628153833771348,11.648356777184516,134706
2016-02-05,11.648356777184516,11.700731306720943,11.184815097171988,11.259693598370063,50000
2016-02-08,11.259693598370063,11.266591640032361,10.800189936798963,10.934489519583074,50000
2016-02-09,10.934489519583074,11.033694546889881,10.78085146167131,10.811426003010304,50000
2016-02-10,10.811426003010304,10.829155098867847,10.534864649856475,10.582646327379559,50000
2016-02-11,10.582646327379559,10.604420112884375,10.475774751631926,10.500223584817215,50000
2016-02-12,10.500223584817215,10.615752242909796,10.460131409218267,10.614137183494016,50000
2016-02-15,10.614137183494016,11.004932057455749,10.54472956989391,10.920810474861526,50000
2016-02-16,10.920810474861526,11.175056496773337,10.881317111303966,11.10301381724431,57742
2016-02-17,11.10301381724431,11.489658383208221,10.855474577676251,11.481080747420942,70542
2016-02-18,11.481080747420942,11.501521441883938,11.291525488060376,11.33947244005907,296687
2016-02-19,11.33947244005907,11.47315873374011,11.328805381265441,11.420455679334223,50000
2016-02-22,11.420455679334223,11.465461610439299,11.170852219381624,11.253792841258193,50000
2016-02-23,11.253792841258193,11.784271503974095,11.14260292816248,11.750238560262915,68077
2016-02-24,11.750238560262915,11.830224975672749,11.00814414339724,11.084470723852982,50000
2016-02-25,11.084470723852982,11.217164198602637,10.779506831599852,10.823828105510023,50000
2016-02-26,10.823828105510023,11.462280942182948,10.769579971755988,11.3642264476924,59370
2016-02-29,11.3642264476924,11.623752405155754,11.22272093993567,11.564484630295146,67953
2016-03-01,11.564484630295146,11.707883588580657,11.457834131434778,11.634437715654155,50000
2016-03-02,11.634437715654155,11.745610087572944,11.552105370881298,11.727603956852489,119223
2016-03-03,11.727603956852489,11.783913684295845,11.639997499607645,11.666717234862514,50000
2016-03-04,11.666717234862514,11.824027731263747,11.516171029744775,11.748244049380526,58711
2016-03-07,11.748244049380526,11.917549957362981,11.710361751917047,11.832761618937901,70240
2016-03-08,11.832761618937901,11.847414937467443,11.445494496235316,11.46822200265217,50000
2016-03-09,11.46822200265217,11.518067294000675,11.354544395249103,11.462455466002714,50000
2016-03-10,11.462455466002714,11.534429215659102,11.314992289215624,11.384245140318372,161000
2016-03-11,11.384245140318372,11.73679792812837,11.299096087927008,11.658390652198023,50000
2016-03-14,11.658390652198023,12.429893617150526,11.598683250809202,12.316037549760866,52111
2016-03-15,12.316037549760866,12.422010154638961,11.797743241346167,11.876442161906729,50000
2016-03-16,11.876442161906729,12.103603326572898,11.875333147713587,12.05290295988564,73785
2016-03-17,12.05290295988564,12.143816556699822,11.704139706934393,11.712272618508559,50000
2016-03-18,11.712272618508559,11.849690166527992,11.693482975323844,11.804919787048213,67928
2016-03-21,11.804919787048213,11.903045757072235,11.53665539031781,11.566559045077607,50000
2016-03-22,11.566559045077607,11.595935383802527,11.242438634916605,11.303883287687121,65509
2016-03-23,11.303883287687121,11.424339412681364,11.261289826407982,11.347631731578396,50000
2016-03-24,11.347631731578396,11.652624757618328,11.285435232131222,11.629516683999482,50000
2016-03-25,11.629516683999482,12.308558619990363,11.449987200530881,12.260331057048544,50000
2016-03-28,12.260331057048544,12.309400947957325,11.801680381081223,11.867230015690685,50000
2016-03-29,11.867230015690685,12.09897286633316,11.829141300573461,12.047618266554169,127103
2016-03-30,12.047618266554169,12.096567194829307,11.914916434245345,11.924663320057704,50000
2016-03-31,11.924663320057704,12.11133034334333,11.885642593868955,12.10103480419816,50000
2016-04-01,12.10103480419816,12.115503448302094,11.483990955442616,11.523339301733362,124058
2016-04-04,11.523339301733362,11.612040779953789,11.173626978949937,11.19236006331988,50000
2016-04-05,11.19236006331988,11.795343280751887,11.122186441537371,11.750640508706145,50000
2016-04-06,11.750640508706145,11.77922487071771,11.423843470570953,11.483786680879005,50000
2016-04-07,11.483786680879005,11.61402102345918,11.46967451066915,11.540407168152152,50000
2016-04-08,11.540407168152152,12.021254828233515,11.454456624204335,11.928504888990442,50000
2016-04-11,11.928504888990442,11.949141673390804,11.644500569057861,11.73410776199077,50000
2016-04-12,11.73410776199077,12.213184446716296,11.714509373370133,12.165304320122884,82885
2016-04-13,12.165304320122884,12.400130881225806,12.144767436354782,12.174348352748545,50000
2016-04-14,12.174348352748545,12.27260675201164,11.7921059708173,11.813210692670724,50000
2016-04-15,11.813210692670724,11.84426681310845,10.964913420935918,10.987113322795977,50000
2016-04-18,10.987113322795977,11.074392053912216,10.963488464270286,11.046592435924122,50000
2016-04-19,11.046592435924122,11.100263353294887,10.485650189785959,10.496656386783886,50000
2016-04-20,10.496656386783886,10.571391064340437,10.486148208337184,10.506396797527376,50000
2016-04-21,10.506396797527376,10.508104910571642,9.90559974596548,9.919529573163935,50000
2016-04-22,9.919529573163935,10.056450579764997,9.81081909361756,10.019038542646657,74893
2016-04-25,10.019038542646657,10.476926506011589,9.972964423392067,10.438645018839779,111411
2016-04-26,10.438645018839779,10.707954389896965,10.434934526408046,10.683536280439863,50000
2016-04-27,10.683536280439863,10.792572442007174,10.666260378527507,10.72357406460829,62162
2016-04-28,10.72357406460829,10.916044638549623,10.681675005212128,10.875817288979675,50000
2016-04-29,10.875817288979675,10.895904507727474,10.745908325193081,10.75650400837126,135722
2016-05-02,10.75650400837126,11.218764280094916,10.741414007398273,11.182445287745209,69236
2016-05-03,11.182445287745209,11.285397322118252,11.18121756531064,11.267785902224917,50000
2016-05-04,11.267785902224917,11.36947477563946,11.086135953816944,11.13036615202704,50000
2016-05-05,11.13036615202704,11.226043503466197,10.85235241283135,10.907063411212775,50000
2016-05-06,10.907063411212775,10.935145964325905,10.611673334599711,10.632881762503112,50676
2016-05-09,10.632881762503112,10.74916523913351,10.61250216455247,10.668099194840028,50000
2016-05-10,10.668099194840028,10.709512237804304,10.191494394793146,10.26635070711666,50000
2016-05-11,10.26635070711666,10.572778414285434,10.218243052220208,10.473697077136105,107459
2016-05-12,10.473697077136105,10.893589280168186,10.410955084899388,10.82327450075674,50000
2016-05-13,10.82327450075674,11.733815850199425,10.759480355602376,11.604138402414208,92537
2016-05-16,11.604138402414208,11.61833596776098,11.185144619746529,11.255138675614266,50000
2016-05-17,11.255138675614266,11.28614816829018,11.174166583618021,11.193654661270946,50000
2016-05-18,11.193654661270946,11.778957541327175,11.150712863952721,11.74500308959522,52334
2016-05-19,11.74500308959522,11.977249133337592,11.739967885079738,11.973543390644133,50000
2016-05-20,11.973543390644133,12.144965320866667,11.822966323400463,11.871826331522035,323977
2016-05-23,11.871826331522035,11.877903235790235,11.730307677844475,11.76229655669528,50000
2016-05-24,11.76229655669528,11.866465952624784,11.753581569104595,11.805800448484947,50000
2016-05-25,11.805800448484947,11.868803371487498,11.62334306784607,11.653344087969359,50000
2016-05-26,11.653344087969359,11.724430864826658,11.267116668661606,11.276940346387681,53913
2016-05-27,11.276940346387681,11.314142534798231,10.88218814083219,10.928687711656027,50000
2016-05-30,10.928687711656027,10.971387863953993,10.381030482758531,10.411285991612939,50000
2016-05-31,10.411285991612939,10.465191033317156,10.19418951077865,10.279049137287172,50000
2016-06-01,10.279049137287172,10.375745172016014,10.154449318622659,10.352238079464245,50000
2016-06-02,10.352238079464245,10.405697207771333,10.067934471956846,10.106895126960252,59911
2016-06-03,10.106895126960252,10.11874895257962,9.854517240746864,9.879092796500684,50000
2016-06-06,9.879092796500684,10.059465777963217,9.846671929828203,9.982068168478838,67727
2016-06-07,9.982068168478838,10.279439668290227,9.954113404863461,10.240834988523032,74035
2016-06-08,10.240834988523032,10.250098651594623,10.171394390794608,10.229219718053344,71366
2016-06-09,10.229219718053344,10.255596672116528,10.087414469717102,10.181954887385208,52482
2016-06-10,10.181954887385208,10.26775279927323,9.795597869360378,9.880620060515652,50000
2016-06-13,9.880620060515652,9.906278346771947,9.379481501970313,9.422527052584556,50000
2016-06-14,9.422527052584556,9.471079747763202,9.31237529836738,9.366210314399309,50000
2016-06-15,9.366210314399309,9.676810432312129,9.344779140982714,9.670151534312996,50000
2016-06-16,9.670151534312996,9.713186438134201,9.610562455281789,9.659089775821498,103546
2016-06-17,9.659089775821498,9.682921217097268,9.345703327756107,9.39191670969693,50000
2016-06-20,9.39191670969693,9.407840123271994,9.012138089407477,9.014361617937373,50000
2016-06-21,9.014361617937373,9.175371761974258,8.97350744637604,9.16780128571838,50000
2016-06-22,9.16780128571838,9.223648868099287,9.135114663499229,9.17470478030747,50000
2016-06-23,9.17470478030747,9.447461419360527,9.164859973694332,9.432759780393578,50000
2016-06-24,9.432759780393578,9.460834606788554,9.265092807200956,9.270019131586519,88051
2016-06-27,9.270019131586519,9.310512518019735,8.72692318273412,8.855668702671938,50000
2016-06-28,8.855668702671938,8.993572675581413,8.372494040160369,8.411507888007465,50000
2016-06-29,8.411507888007465,8.469169198337477,8.276315354858536,8.336698961664505,50000
2016-06-30,8.336698961664505,8.348695053898755,7.853638213952012,7.870846342621848,50000
2016-07-01,7.870846342621848,7.902454505688069,7.63246576503177,7.6885227843022,50000
2016-07-04,7.6885227843022,7.812325293642186,7.684793062087227,7.7669970646152455,50000
2016-07-05,7.7669970646152455,8.315810359303862,7.745276552896537,8.281027741980262,52488
2016-07-06,8.281027741980262,8.31214121184509,7.835711831338687,7.840836250369589,50000
2016-07-07,7.840836250369589,7.85498315489391,7.71387300445468,7.782180584537553,50000
2016-07-08,7.782180584537553,7.788700968695501,7.559972230965368,7.572005251290748,161976
2016-07-11,7.572005251290748,7.830258006383849,7.557194976307606,7.815897695171978,93697
2016-07-12,7.815897695171978,7.855405875038523,7.734421056191041,7.822688435167665,50000
2016-07-13,7.822688435167665,7.912006393595531,7.4561370458411975,7.468755290965425,50000
2016-07-14,7.468755290965425,7.682290819382114,7.437649688110451,7.665978384296198,92755
2016-07-15,7.665978384296198,8.360617634243367,7.627767975684774,8.333961850607729,50000
2016-07-18,8.333961850607729,8.38437094338947,8.288932867355147,8.37258500384708,116781
2016-07-19,8.37258500384708,8.7573666726522,8.288817887653265,8.724783057267391,50000
2016-07-20,8.724783057267391,9.247826900823668,8.677309393112928,9.124937416358476,89175
2016-07-21,9.124937416358476,9.22973444189026,9.078149114859208,9.219778907106527,50000
2016-07-22,9.219778907106527,9.305964617850504,9.09001845086591,9.099418181787081,50000
2016-07-25,9.099418181787081,9.174227540877459,8.540070147437905,8.653991553583039,76819
2016-07-26,8.653991553583039,8.844369419339136,8.633905397483622,8.802918352897805,50000
2016-07-27,8.802918352897805,8.863959712312708,8.644292168238687,8.708365852256012,54748
2016-07-28,8.708365852256012,8.71169333949988,8.53356274642134,8.564771349277981,50000
2016-07-29,8.564771349277981,8.615528481416485,8.064013623087444,8.08025236486243,50000
2016-08-01,8.08025236486243,8.107286012191091,7.8465060563273905,7.8970434710464446,50000
2016-08-02,7.8970434710464446,7.980871380935376,7.869904713360405,7.965124716000576,50000
2016-08-03,7.965124716000576,7.9747174401512915,7.8252492061281975,7.830169667358669,76072
2016-08-04,7.830169667358669,7.894496623737324,7.506209453089569,7.5757950595453805,50000
2016-08-05,7.5757950595453805,7.832179911750553,7.5098437003354634,7.756691834928568,84818
2016-08-08,7.756691834928568,7.760676830696672,7.0257104219340984,7.071562826936467,96808
2016-08-09,7.071562826936467,7.0842431187692645,6.870461996625345,6.881966292531817,52621
2016-08-10,6.881966292531817,7.542852061186517,6.866276589982668,7.504078651026619,50000
2016-08-11,7.504078651026619,7.653934955232604,7.400918712542895,7.639711037733869,50000
2016-08-12,7.639711037733869,7.931718029423696,7.56207296756936,7.911848661489213,65879
2016-08-15,7.911848661489213,7.961762601179799,7.751872317251378,7.777551442320799,50000
2016-08-16,7.777551442320799,8.02814562195022,7.754968514333788,7.99849672158658,50000
2016-08-17,7.99849672158658,8.007243429872823,7.843948563150885,7.860753114454334,50000
2016-08-18,7.860753114454334,7.862939664464309,7.775447397102265,7.814644002769664,54341
2016-08-19,7.814644002769664,7.983520024993746,7.293323191486799,7.321843809452311,50000
2016-08-22,7.321843809452311,7.348071223142656,6.807730018873775,6.846286687022939,50000
2016-08-23,6.846286687022939,6.876693240155417,6.766020575341248,6.801184887935701,50000
2016-08-24,6.801184887935701,6.842508463678421,6.110573010148706,6.185635550799552,50000
2016-08-25,6.185635550799552,6.220874288461607,5.759014737110266,5.822132357271493,50000
2016-08-26,5.822132357271493,6.1119155480355545,5.817042254616323,6.109628308300061,93266
2016-08-29,6.109628308300061,6.124008446557539,6.044814705261466,6.0900548407011765,122434
2016-08-30,6.0900548407011765,6.101884326808224,6.006042322940351,6.009427511466409,50000
2016-08-31,6.009427511466409,6.048894192410964,5.68341224827498,5.685405888015888,50000
2016-09-01,5.685405888015888,5.709925424617602,5.664462644523945,5.697561736147467,58516
2016-09-02,5.697561736147467,5.700908445164965,5.204756335738809,5.259202419661798,50000
2016-09-05,5.259202419661798,5.716744632241654,5.252319835863826,5.6790589874134785,50000
2016-09-06,5.6790589874134785,5.784490321214672,5.675774286123029,5.767115505714423,50000
2016-09-07,5.767115505714423,5.8002304492558885,5.255288821766649,5.274912435839703,127828
2016-09-08,5.274912435839703,5.79839798185507,5.242129628423489,5.792462452012116,50000
2016-09-09,5.792462452012116,5.812544848766864,5.530063189986599,5.566869256447811,50000
2016-09-12,5.566869256447811,5.582588841328838,5.154085003405211,5.160669468295345,50000
2016-09-13,5.160669468295345,5.315870103081272,5.124256887527856,5.298210590366404,50000
2016-09-14,5.298210590366404,5.4732532217947325,5.270181328751186,5.447084586656501,50000
2016-09-15,5.447084586656501,5.48893026726332,5.4108961376306235,5.458427295409092,57105
2016-09-16,5.458427295409092,5.620880473810106,5.43544909059324,5.555347865672206,50000
2016-09-19,5.555347865672206,5.579012195959283,5.263340431540269,5.276606631939785,50000
2016-09-20,5.276606631939785,5.333690377201642,4.672617231961052,4.682425660079619,50000
2016-09-21,4.682425660079619,4.729459296411098,4.660455052553532,4.671724467433913,76243
2016-09-22,4.671724467433913,5.1812644647840775,4.668593414426499,5.1735236932458015,50000
2016-09-23,5.1735236932458015,5.202304962420796,5.149612907655833,5.199678319127568,50000
2016-09-26,5.199678319127568,5.7802987827652155,5.186099475073113,5.737345231520503,51729
2016-09-27,5.737345231520503,6.097742284652247,5.724314075812124,6.028318886380577,50000
2016-09-28,6.028318886380577,6.03801295503405,5.781982237940488,5.798196492066224,50000
2016-09-29,5.798196492066224,6.243522566648189,5.780206922553328,6.184349425590043,74185
2016-09-30,6.184349425590043,6.240384645850554,5.7157024929022855,5.76975454833657,50000
2016-10-03,5.76975454833657,5.784118563567491,5.250721779820504,5.296816803642193,50000
2016-10-04,5.296816803642193,5.30550441452014,5.132038324021599,5.179912243738341,50000
2016-10-05,5.179912243738341,5.203029468048169,4.872739657994842,4.886440981403294,50000
2016-10-06,4.886440981403294,4.890631630910166,4.4876154314086705,4.490510128122805,50000
2016-10-07,4.490510128122805,4.620904722021398,4.430842902072093,4.619070467792563,50000
2016-10-10,4.619070467792563,4.622581012760332,4.040484984101145,4.049670965925147,50000
2016-10-11,4.049670965925147,4.285869854235039,4.023316978203801,4.258805966294686,74126
2016-10-12,4.258805966294686,4.28963253019414,3.8172156173927365,3.8479201141314894,50000
2016-10-13,3.8479201141314894,4.820170742980167,3.8018496475551937,4.787724459744775,50000
2016-10-14,4.787724459744775,4.902671880257007,4.771951097371462,4.8866181697285995,50000
2016-10-17,4.8866181697285995,4.91646994502377,4.871514300812653,4.872583378379288,50000
2016-10-18,4.872583378379288,4.8876099609544355,4.5217158354247475,4.553776916255835,50000
2016-10-19,4.553776916255835,5.053067413455948,4.533266886290137,5.047523198353967,51767
2016-10-20,5.047523198353967,5.248005977216684,5.024238969760021,5.231556744186673,50000
2016-10-21,5.231556744186673,5.42198304992281,5.2191140269705505,5.382883411742747,50000
2016-10-24,5.382883411742747,5.447990258430707,5.2716923687927775,5.285493692465746,50000
2016-10-25,5.285493692465746,5.442883976218624,5.28527401711946,5.428139517245551,50000
2016-10-26,5.428139517245551,5.497845642391964,5.099016345395738,5.104146153362875,50000
2016-10-27,5.104146153362875,5.748957128093528,5.066390547747036,5.716617127514831,50000
2016-10-28,5.716617127514831,6.036947472531347,5.666753377040283,6.011675142979135,50234
2016-10-31,6.011675142979135,6.212601890483501,6.004469038522253,6.1743102921112465,50000
2016-11-01,6.1743102921112465,6.198467012026162,5.272968726942906,5.29640748619468,50000
2016-11-02,5.29640748619468,5.303741682160874,4.951921705643192,4.97553092763606,50000
2016-11-03,4.97553092763606,5.17129304809984,4.975319810613413,5.147197318285969,50000
2016-11-04,5.147197318285969,5.445081377363013,5.144999419202625,5.420219146234589,50594
2016-11-07,5.420219146234589,5.483800225737073,5.417615370065166,5.462504744727133,50000
2016-11-08,5.462504744727133,5.509000224902992,5.30675177394956,5.31095468094094,50000
2016-11-09,5.31095468094094,5.533346491604397,5.299109054184953,5.530942646415713,134346
2016-11-10,5.530942646415713,5.766409470066079,5.468679406222501,5.7178365387620005,50000
2016-11-11,5.7178365387620005,5.740908733530788,4.822448592958305,4.854068014640114,53818
2016-11-14,4.854068014640114,5.083556621088411,4.8124991912380395,5.0725178584628265,50000
2016-11-15,5.0725178584628265,5.116403393763143,5.071051809125953,5.115041673882568,50000
2016-11-16,5.115041673882568,5.1234268730189365,4.684509674123552,4.706018580628803,50000
2016-11-17,4.706018580628803,4.72839337252044,4.185181264762648,4.2418760234903585,50000
2016-11-18,4.2418760234903585,4.3803846049826065,4.2181244549587324,4.375991612983049,54866
2016-11-21,4.375991612983049,4.3831819052347,4.247722176189982,4.2590997180486365,50000
2016-11-22,4.2590997180486365,4.2916680117955,3.8493118786139098,3.853521568196991,50000
2016-11-23,3.853521568196991,3.873008638410909,3.1235861105986262,3.155795829064565,50000
2016-11-24,3.155795829064565,3.1567627758752987,2.75470122421362,2.769383109372986,72645
2016-11-25,2.769383109372986,2.9984928273765723,2.7629703946122977,2.9663718087704107,50000
2016-11-28,2.9663718087704107,3.0503511018933938,2.9548822183984247,3.045390466311215,50000
2016-11-29,3.045390466311215,3.076157086981217,2.9886149786067846,2.999364700125386,50000
2016-11-30,2.999364700125386,3.131068628397487,2.9663592596074895,3.106086207089229,50000
2016-12-01,3.106086207089229,3.1232035596363983,2.772463313426576,2.780535767748835,50000
2016-12-02,2.780535767748835,2.7881555975909937,2.4138656611682476,2.4181254989911993,50000
2016-12-05,2.4181254989911993,2.4321305413198897,2.3931957854849646,2.4320773229408927,50000
2016-12-06,2.4320773229408927,2.523082404613563,2.422069729670519,2.518081693358642,50000
2016-12-07,2.518081693358642,2.533478503139422,2.475272204399049,2.5052765039508196,50000
2016-12-08,2.5052765039508196,2.935745951651548,2.49887045719999,2.9347939880674683,195600
2016-12-09,2.9347939880674683,2.9571682197259723,2.794476153746452,2.8003376437151677,50000
2016-12-12,2.8003376437151677,2.8051793924043973,2.5142629370512917,2.539199599466809,50000
2016-12-13,2.539199599466809,2.554498104728797,2.3407968481547514,2.345080589849395,50000
2016-12-14,2.345080589849395,2.350283382696328,2.1964068877631977,2.208588920415001,50000
2016-12-15,2.208588920415001,2.20928994543336,2.180378438258914,2.1817214690423765,50000
2016-12-16,2.1817214690423765,2.190818889481199,1.9661392275821132,1.9827494474437641,57632
2016-12-19,1.9827494474437641,2.2699035128245053,1.968650378429026,2.2623325593086108,50000
2016-12-20,2.2623325593086108,2.472276706746978,2.231855750311416,2.4397071098394973,56588
2016-12-21,2.4397071098394973,2.70385625991714,2.4313717671508623,2.698572726520698,50000
2016-12-22,2.698572726520698,2.705932194383981,2.3269819962906455,2.3369709498945554,50000
2016-12-23,2.3369709498945554,2.3469734004797327,1.6149359792474116,1.6179512443013244,64426
2016-12-26,1.6179512443013244,2.099026068412563,1.6096854559986082,2.0916104864112905,50000
2016-12-27,2.0916104864112905,2.56432501334061,2.086838429396098,2.5532354015124654,65566
2016-12-28,2.5532354015124654,2.665303581680261,2.5390824909271577,2.6609701151331238,50000
2016-12-29,2.6609701151331238,2.661909495998619,2.5412861409866783,2.546758576725757,50000
2016-12-30,2.546758576725757,2.8650400407690255,2.5423114130667743,2.863278025004532,62775
2017-01-02,2.863278025004532,2.8985228518833903,2.857017182895499,2.883225858766129,53937
2017-01-03,2.883225858766129,3.7076380834932605,2.8646986819645246,3.7015433460142635,50000
2017-01-04,3.7015433460142635,3.7166658284181486,3.511063841901156,3.511963354934279,50128
2017-01-05,3.511963354934279,3.5141140750271114,3.4823682990784497,3.4890155066981174,78044
2017-01-06,3.4890155066981174,3.541061089119651,3.4530486242221237,3.5321798779333538,53556
2017-01-09,3.5321798779333538,4.088299783698686,3.514057132091768,4.064487245897912,50000
2017-01-10,4.064487245897912,4.066154639539526,3.7157827439941453,3.755686688512796,50000
2017-01-11,3.755686688512796,4.0080597388187025,3.749953669831473,4.002420310859744,50000
2017-01-12,4.002420310859744,4.452029557559722,3.984740430434789,4.448930359158223,50000
2017-01-13,4.448930359158223,4.459680779672553,3.891535585746109,3.922722160594622,50000
2017-01-16,3.922722160594622,3.925626994299455,3.8143267528132627,3.8200839774709827,50000
2017-01-17,3.8200839774709827,3.8433969633360743,3.6202502705835333,3.629521132613247,50000
2017-01-18,3.629521132613247,4.341234128514499,3.6287639113678747,4.338214215054928,50000
2017-01-19,4.338214215054928,4.341518903012636,4.298357935287055,4.302714728538964,50000
2017-01-20,4.302714728538964,4.321949812436902,4.292488201857273,4.299028561435583,50000
2017-01-23,4.299028561435583,4.530768372693266,4.297506683978713,4.49853596483663,50000
2017-01-24,4.49853596483663,4.786940128195789,4.464945742168822,4.786059068498544,50000
2017-01-25,4.786059068498544,4.823666910583039,4.226238248772021,4.2323882680212375,50000
2017-01-26,4.2323882680212375,4.233598288466786,3.8819912755156354,3.905480518592756,50000
2017-01-27,3.905480518592756,3.929581923371523,3.3923157105147115,3.4146057943972186,50000
2017-01-30,3.4146057943972186,3.4427330439510113,3.2129413047395987,3.2245848508352895,64582
2017-01-31,3.2245848508352895,3.2357146732179314,2.9724818465211675,2.991651400321382,50000
2017-02-01,2.991651400321382,3.0063701432123127,2.6437414166309834,2.65539742453208,50000
2017-02-02,2.65539742453208,2.829418891037075,2.652235158925469,2.811894248708626,141801
2017-02-03,2.811894248708626,2.8223273787317584,2.8011597128216152,2.808885675001798,50000
2017-02-06,2.808885675001798,2.9622199709017734,2.785343200172854,2.9564144159329073,50000
2017-02-07,2.9564144159329073,2.980417679649372,2.576608550379679,2.5830521596891938,60194
2017-02-08,2.5830521596891938,2.861205683813972,2.579314758176044,2.837405588768682,84405
2017-02-09,2.837405588768682,2.842795617492242,2.704269402217701,2.7050026483786502,50730
2017-02-10,2.7050026483786502,2.731423652268623,2.3327785810264063,2.337411426754603,50000
2017-02-13,2.337411426754603,2.3439240969359276,2.0979322818983817,2.1089694721727437,50000
2017-02-14,2.1089694721727437,2.393601407589452,2.0989774130747816,2.3928334562055453,50000
2017-02-15,2.3928334562055453,2.394098462958149,2.28849516629126,2.294464287292564,50000
2017-02-16,2.294464287292564,2.3157558549880357,1.593560571507913,1.6004028031893631,50000
2017-02-17,1.6004028031893631,1.6224787601570922,1.5971899536026808,1.6169306101685321,50000
2017-02-20,1.6169306101685321,1.6512651014867528,1.614623082170279,1.6371238922112732,50000
2017-02-21,1.6371238922112732,2.013843772463375,1.6325514450046157,2.0123961375747124,50000
2017-02-22,2.0123961375747124,2.21789229581501,1.9830372996559968,2.215162159527535,50000
2017-02-23,2.215162159527535,2.777848529525546,2.203996620768374,2.767557249227519,113210
2017-02-24,2.767557249227519,2.771203310120693,2.7482734217112164,2.7630152675625403,50000
2017-02-27,2.7630152675625403,2.7758625582458425,2.5426629269260106,2.5539120744483164,50000
2017-02-28,2.5539120744483164,2.7579594249516655,2.553608526134776,2.73449624981765,50000
2017-03-01,2.73449624981765,2.753318144912785,2.084232378194455,2.089671297502349,50000
2017-03-02,2.089671297502349,2.308119261161822,2.080962201387434,2.2845837368116615,104507
2017-03-03,2.2845837368116615,2.75251279044604,2.2748538399535985,2.749421036410638,50000
2017-03-06,2.749421036410638,2.755137549776503,2.608845271130094,2.6121958094180457,50000
2017-03-07,2.6121958094180457,2.64318605671814,2.4555172221625248,2.4706776394710803,50000
2017-03-08,2.4706776394710803,2.48913057433163,2.0139394109870343,2.0299060306616084,50000
2017-03-09,2.0299060306616084,2.033065758462296,1.7215035842848345,1.7343435098107864,50000
2017-03-10,1.7343435098107864,1.7362050133594356,1.0939889788802346,1.0999830172729637,66096
2017-03-13,1.0999830172729637,1.110334981888814,1.0937839294707208,1.099992175812262,50000
2017-03-14,1.099992175812262,1.8444310537845052,1.096354100953388,1.844211187288833,50000
2017-03-15,1.844211187288833,2.223721063104914,1.8339846921000817,2.20903947470559,63566
2017-03-16,2.20903947470559,2.232473334013467,1.7516953951710454,1.7562096727913152,50000
2017-03-17,1.7562096727913152,1.950198960404293,1.7524537379721363,1.9496153562838794,50000
2017-03-20,1.9496153562838794,2.3635181953954154,1.932500115648171,2.337376314323779,132238
2017-03-21,2.337376314323779,2.348356729943096,2.2785322805969934,2.2838012419338063,56971
2017-03-22,2.2838012419338063,2.729632337217038,2.274311277091696,2.7141788386472703,50000
2017-03-23,2.7141788386472703,2.7211051800427395,1.8362802609632751,1.8392472205749588,73104
2017-03-24,1.8392472205749588,2.119063603026623,1.8358253241140503,2.108275425269136,107277
2017-03-27,2.108275425269136,2.1106039464947726,1.6854179974453145,1.6858987836147066,50000
2017-03-28,1.6858987836147066,1.9870204471162494,1.6758391651079914,1.9764805255728097,50000
2017-03-29,1.9764805255728097,1.9842103661250585,1.6657170849206717,1.6684152157409466,50000
2017-03-30,1.6684152157409466,2.0054032496343703,1.6664001901308056,1.9986878631796414,50000
2017-03-31,1.9986878631796414,2.038437773161777,1.9980469142388306,2.0326813928715977,50000
2017-04-03,2.0326813928715977,2.038328959223133,1.1745501946686456,1.1826921285630008,50000
2017-04-04,1.1826921285630008,1.1976337325430797,1.0936973303549546,1.099662188910169,50000
2017-04-05,1.099662188910169,1.1103518689613838,1.0945161730431034,1.0996118188823631,50000
2017-04-06,1.0996118188823631,1.1001738333722715,1.0923587597825102,1.0995579571786052,118392
2017-04-07,1.0995579571786052,1.1015635970925184,1.0939073451302954,1.0995006056869001,64995
2017-04-10,1.0995006056869001,1.1073610126049762,1.094476432644176,1.0994397664175795,62955
2017-04-11,1.0994397664175795,1.1056990314932797,1.0927940244969359,1.0993754415032324,50000
2017-04-12,1.0993754415032324,1.1059395518796924,1.0926392228569897,1.0993076331986282,55540
2017-04-13,1.0993076331986282,1.1090966413326582,1.0989198661221964,1.0992363438806405,50000
2017-04-14,1.0992363438806405,1.103801079533697,1.0936577258968292,1.0991615760481612,111706
2017-04-17,1.0991615760481612,1.1016188725206233,1.0971140078272394,1.099083332322014,50000
2017-04-18,1.099083332322014,1.1061566699257537,1.0967218581314047,1.0990016154448632,50000
2017-04-19,1.0990016154448632,1.1062111274731983,1.0963638293514488,1.0989164282811161,62272
2017-04-20,1.0989164282811161,1.1120713607311712,1.09376085606372,1.098827773816824,54719
2017-04-21,1.098827773816824,1.1110324712757131,1.0871855715811882,1.0987356551595764,55335
2017-04-24,1.0987356551595764,1.1071421581303649,1.0935063008949277,1.0986400755383927,50000
2017-04-25,1.0986400755383927,1.0997397237043207,1.0887508596727067,1.0985410383036092,50000
2017-04-26,1.0985410383036092,1.1063921882092869,1.0967140236784956,1.0984385469267606,94254
2017-04-27,1.0984385469267606,1.1023456027079384,1.0966075698343865,1.09833260500046,50000
2017-04-28,1.09833260500046,1.1159083137719699,1.0819859288187181,1.098223216238271,50000
2017-05-01,1.098223216238271,1.108067849288678,1.0905338397978144,1.0981103844745794,95243
2017-05-02,1.0981103844745794,1.1032992426070587,1.0910355192702992,1.0979941136644578,50000
2017-05-03,1.0979941136644578,1.1008000005325262,1.0967401247827093,1.0978744078835265,52405
2017-05-04,1.0978744078835265,1.10204439357088,1.0963844538649872,1.0977512713278117,64361
2017-05-05,1.0977512713278117,1.1009826119258914,1.09495199237931,1.0976247083135982,50000
2017-05-08,1.0976247083135982,1.1012684432461435,1.0859643949551472,1.0974947232772774,50000
2017-05-09,1.0974947232772774,1.107219662302733,1.0873729852690326,1.0973613207751922,50000
2017-05-10,1.0973613207751922,1.105418151277728,1.0900057772809364,1.0972245054834777,50000
2017-05-11,1.0972245054834777,1.0980408722361732,1.0937544048835937,1.097084282197897,50000
2017-05-12,1.097084282197897,1.097290870276872,1.0964189713436578,1.0969406558336727,50000
2017-05-15,1.0969406558336727,1.098817159759806,1.0885234685938683,1.096793631425315,50000
2017-05-16,1.096793631425315,1.1023234771197916,1.0929372897604337,1.0966432141264448,50000
2017-05-17,1.0966432141264448,1.099216563933066,1.093992955882448,1.0964894092096145,65786
2017-05-18,1.0964894092096145,1.0992875447222297,1.0860097442120673,1.096332222066121,50000
2017-05-19,1.096332222066121,1.0996981087009359,1.0880750348449275,1.0961716582058183,50000
2017-05-22,1.0961716582058183,1.1008268152064442,1.0932855639527685,1.0960077232569239,50000
2017-05-23,1.0960077232569239,1.1026058191545338,1.0952011222301188,1.095840422965821,50000
2017-05-24,1.095840422965821,1.0994801786701083,1.0753557824389737,1.0956697631968582,50000
2017-05-25,1.0956697631968582,1.0981312593072285,1.0920311845538169,1.095495749932143,50000
2017-05-26,1.095495749932143,1.0956965446236389,1.0848839745047416,1.0953183892713323,50000
2017-05-29,1.0953183892713323,1.0955790037303146,1.0950222472978661,1.0951376874314191,50000
2017-05-30,1.0951376874314191,1.1017353263931973,1.0858251863076998,1.0949536507465134,89948
2017-05-31,1.0949536507465134,1.0991660043255658,1.0916307915321228,1.0947662856676224,50000
2017-06-01,1.0947662856676224,1.1040660645255198,1.0878594977373202,1.0945755987624208,50000
2017-06-02,1.0945755987624208,1.100884724435873,1.090632013642333,1.0943815967150248,50000
2017-06-05,1.0943815967150248,1.1072758468680322,1.0917210138608773,1.094184286325754,50000
2017-06-06,1.094184286325754,1.0995193678827693,1.0936529391632317,1.0939836745108966,138231
2017-06-07,1.0939836745108966,1.0955318940876027,1.0871652817038648,1.0937797683024633,59396
2017-06-08,1.0937797683024633,1.1038034644064423,1.0791545456453933,1.0935725748479435,66334
2017-06-09,1.0935725748479435,1.1080534461696754,1.0895463911129784,1.0933621014100534,72444
2017-06-12,1.0933621014100534,1.0955777981164194,1.0835982267185178,1.0931483553664827,50000
2017-06-13,1.0931483553664827,1.1008614316274201,1.0726012436225183,1.0929313442096344,64820
2017-06-14,1.0929313442096344,1.0993625993876754,1.0847735514182135,1.0927110755463636,70338
2017-06-15,1.0927110755463636,1.0971499408921408,1.0867412106072594,1.0924875570977095,50000
2017-06-16,1.0924875570977095,1.0989905745687039,1.0919845294658816,1.0922607966986262,50000
2017-06-19,1.0922607966986262,1.092694698059278,1.0894786096601896,1.0920308022977063,50000
2017-06-20,1.0920308022977063,1.0956017675762058,1.087562563570716,1.0917975819569046,111891
2017-06-21,1.0917975819569046,1.1049994334816213,1.0789030090253073,1.0915611438512534,77584
2017-06-22,1.0915611438512534,1.0926861133579464,1.0832679408844106,1.0913214962685769,50000
2017-06-23,1.0913214962685769,1.0939199391932635,1.084708892142439,1.0910786476092007,50000
2017-06-26,1.0910786476092007,1.0926674126994635,1.0847198998178205,1.090832606385657,50000
2017-06-27,1.090832606385657,1.1017837367828056,1.0888927645751187,1.0905833812223864,50000
2017-06-28,1.0905833812223864,1.102093976787407,1.0812293178366077,1.0903309808554358,50000
2017-06-29,1.0903309808554358,1.1062603759404601,1.0790145839427152,1.0900754141321516,60212
2017-06-30,1.0900754141321516,1.0951620312491837,1.087893085839444,1.0898166900108708,50000
2017-07-03,1.0898166900108708,1.0953464696369968,1.0876843160874257,1.089554817560605,50000
2017-07-04,1.089554817560605,1.0940085358753482,1.0803952874515403,1.0892898059607243,134791
2017-07-05,1.0892898059607243,1.0922627718867441,1.0867190808895426,1.0890216645006345,50000
2017-07-06,1.0890216645006345,1.0968535940286481,1.0785385581406282,1.0887504025794523,50000
2017-07-07,1.0887504025794523,1.0893698591291772,1.075219041775176,1.088476029705675,64602
2017-07-10,1.088476029705675,1.092242045551523,1.0874314902639217,1.0881985554968483,65698
2017-07-11,1.0881985554968483,1.0950300298059645,1.0846884515811848,1.0879179896792273,55436
2017-07-12,1.0879179896792273,1.096067692834645,1.0796286477161376,1.0876343420874377,50000
2017-07-13,1.0876343420874377,1.0877927699928918,1.0704350279397667,1.0873476226641292,50000
2017-07-14,1.0873476226641292,1.0997584192766479,1.0797039611480597,1.087057841459629,192856
2017-07-17,1.087057841459629,1.0946247118352144,1.0849478778060713,1.0867650086315874,65719
2017-07-18,1.0867650086315874,1.0890047531238936,1.0809888992013732,1.086469134444624,50000
2017-07-19,1.086469134444624,1.0883315436774086,1.083725557505611,1.0861702292699644,50000
2017-07-20,1.0861702292699644,1.0868372869289389,1.0756820034985453,1.0858683035850816,133307
2017-07-21,1.0858683035850816,1.087322292713138,1.0855294057987406,1.0855633679733239,50000
2017-07-24,1.0855633679733239,1.088193261711843,1.0846071401598447,1.0852554331235469,93327
2017-07-25,1.0852554331235469,1.098877022335317,1.080081486835054,1.084944509829738,246989
2017-07-26,1.084944509829738,1.09008152304498,1.0743411779937482,1.0846306089906383,78267
2017-07-27,1.0846306089906383,1.087666063624863,1.083715467862936,1.0843137416093596,50000
2017-07-28,1.0843137416093596,1.0920300951589612,1.0831866028020238,1.0839939187929999,50000
2017-07-31,1.0839939187929999,1.0905341943389544,1.072341394860008,1.0836711517522526,64047
2017-08-01,1.0836711517522526,1.0911081362572064,1.0748283270151628,1.0833454518010162,75749
2017-08-02,1.0833454518010162,1.0863240913574295,1.0781657187577,1.0830168303559946,50000
2017-08-03,1.0830168303559946,1.0832551694930435,1.0766162099966687,1.0826852989362992,50000
2017-08-04,1.0826852989362992,1.0848555744024408,1.0821947222809967,1.0823508691630432,51242
2017-08-07,1.0823508691630432,1.0876074433375673,1.0809274882794144,1.0820135527589367,50000
2017-08-08,1.0820135527589367,1.0833748067219031,1.0816157300464722,1.0816733615478729,50000
2017-08-09,1.0816733615478729,1.085275547787017,1.0772363369075881,1.0813303074545157,50000
2017-08-10,1.0813303074545157,1.0832087824701804,1.07638412744627,1.0809844025038817,50000
2017-08-11,1.0809844025038817,1.087018705259143,1.0743901594754768,1.0806356588209178,50000
2017-08-14,1.0806356588209178,1.0865637878740189,1.0798874679034571,1.0802840886300757,55927
2017-08-15,1.0802840886300757,1.0854768765486786,1.0775320097185415,1.0799297042548857,63372
2017-08-16,1.0799297042548857,1.086317704781875,1.0703265025656887,1.079572518117521,139585
2017-08-17,1.079572518117521,1.0889108396621634,1.074321042303198,1.079212542738367,50000
2017-08-18,1.079212542738367,1.0797677685587643,1.0776666934736188,1.0788497907355783,90145
2017-08-21,1.0788497907355783,1.0913975953084556,1.077428067903098,1.0784842748246388,50000
2017-08-22,1.0784842748246388,1.0887813837061533,1.0662155722138174,1.0781160078179142,55761
2017-08-23,1.0781160078179142,1.0811843950437752,1.0742223771166661,1.077745002624205,51131
2017-08-24,1.077745002624205,1.0816977135405983,1.0710163613445038,1.0773712722482927,50000
2017-08-25,1.0773712722482927,1.0781456774016978,1.0732263467519356,1.076994829790483,50000
2017-08-28,1.076994829790483,1.079057883970006,1.074431979196848,1.076615688446149,50000
2017-08-29,1.076615688446149,1.0809141002785705,1.0742444669615232,1.076233861505268,62916
2017-08-30,1.076233861505268,1.0878467374467207,1.0720307541545775,1.0758493623519525,50000
2017-08-31,1.0758493623519525,1.0760562547422794,1.0735831395599071,1.075462204463986,51233
2017-09-01,1.075462204463986,1.0770827374297443,1.0660578026707446,1.0750724014123478,70211
2017-09-04,1.0750724014123478,1.089659852491273,1.0693743120310986,1.074679966860736,50000
2017-09-05,1.074679966860736,1.0781215653108156,1.0711429851401235,1.0742849145650923,50000
2017-09-06,1.0742849145650923,1.0748303987007757,1.0715403747819734,1.0738872583731172,50000
2017-09-07,1.0738872583731172,1.0793296529705645,1.0724949410358975,1.0734870122237836,50000
2017-09-08,1.0734870122237836,1.0843455230455123,1.071777789938599,1.0730841901468517,50000
2017-09-11,1.0730841901468517,1.0744512656070733,1.067737705078859,1.0726788062623749,54051
2017-09-12,1.0726788062623749,1.0783652963009838,1.0628420695880774,1.0722708747802037,50000
2017-09-13,1.0722708747802037,1.0742322400611368,1.0687723198130203,1.0718604099994908,85908
2017-09-14,1.0718604099994908,1.075350625992905,1.0697805050797207,1.071447426308188,50000
2017-09-15,1.071447426308188,1.0732459495115654,1.0668663861127974,1.0710319381825402,50000
2017-09-18,1.0710319381825402,1.0744579509496859,1.0689658977812158,1.0706139601865823,50000
2017-09-19,1.0706139601865823,1.0784523342799213,1.059228782990403,1.0701935069716253,54980
2017-09-20,1.0701935069716253,1.0731802044206964,1.0660410910289306,1.0697705932757424,67222
2017-09-21,1.0697705932757424,1.077721668855988,1.0643027747518559,1.0693452339232554,50000
2017-09-22,1.0693452339232554,1.072402426064878,1.0656257026936338,1.0689174438242122,158676
2017-09-25,1.0689174438242122,1.0758073206000203,1.0587099740759573,1.068487237973866,50000
2017-09-26,1.068487237973866,1.0708821315962287,1.0651622000534786,1.0680546314521477,50000
2017-09-27,1.0680546314521477,1.0771446076631987,1.062938478778575,1.0676196394231403,97733
2017-09-28,1.0676196394231403,1.0730196534577194,1.067135200748405,1.0671822771345434,123411
2017-09-29,1.0671822771345434,1.0705788415178397,1.0627690810328647,1.0667425599171427,50000
2017-10-02,1.0667425599171427,1.0694677785130735,1.0615851546283068,1.06630050318427,50000
2017-10-03,1.06630050318427,1.073770547127031,1.058885821716866,1.0658561224312648,61333
2017-10-04,1.0658561224312648,1.0690185457190056,1.057686637776402,1.0654094332349278,50000
2017-10-05,1.0654094332349278,1.0729752031855428,1.06475180271011,1.0649604512529798,266487
2017-10-06,1.0649604512529798,1.0693259350233841,1.0635318684142188,1.0645091922235077,50000
2017-10-09,1.0645091922235077,1.0652821603751155,1.0632089978702892,1.0640556719644176,100551
2017-10-10,1.0640556719644176,1.0687238812206958,1.0616323474560396,1.0635999063728765,77872
2017-10-11,1.0635999063728765,1.0702080335606925,1.0558357610383098,1.0631419114247584,57702
2017-10-12,1.0631419114247584,1.0736152515658326,1.0535477944261078,1.06268170317408,50000
2017-10-13,1.06268170317408,1.0678554240485438,1.061985519768444,1.0622192977524434,50000
2017-10-16,1.0622192977524434,1.0622539049207689,1.0539290145299425,1.0617547113684647,50000
2017-10-17,1.0617547113684647,1.0684457746358458,1.0589955530095232,1.0612879603072114,61226
2017-10-18,1.0612879603072114,1.0697896385834877,1.0543690700936739,1.060819060929628,50000
2017-10-19,1.060819060929628,1.0637480323150248,1.0602072757316847,1.0603480296719645,50000
2017-10-20,1.0603480296719645,1.0636178521370134,1.058727205989405,1.0598748830451972,50000
2017-10-23,1.0598748830451972,1.0681444816492218,1.0509174925273388,1.0593996376344545,50000
2017-10-24,1.0593996376344545,1.0608511113658186,1.0543690100411878,1.0589223100984313,59155
2017-10-25,1.0589223100984313,1.0704470403031423,1.0560264251859577,1.0584429171688077,50000
2017-10-26,1.0584429171688077,1.0598547963079188,1.0557671803231843,1.0579614756496618,50000
2017-10-27,1.0579614756496618,1.058360858801958,1.0521949568916438,1.057478002416881,104440
2017-10-30,1.057478002416881,1.0577801161960305,1.0512426638772603,1.0569925144175683,99809
2017-10-31,1.0569925144175683,1.0630648027401604,1.0521417222709526,1.0565050286694517,50000
2017-11-01,1.0565050286694517,1.058533749327556,1.0504981079028821,1.0560155622602847,70492
2017-11-02,1.0560155622602847,1.0603381207581744,1.0463426327948533,1.0555241323472493,50000
2017-11-03,1.0555241323472493,1.0634664404391825,1.0468770968568895,1.0550307561563539,123762
2017-11-06,1.0550307561563539,1.0557158967628184,1.0442210412032715,1.0545354509818299,50000
2017-11-07,1.0545354509818299,1.056251803454985,1.052633104319588,1.054038234185523,50000
2017-11-08,1.054038234185523,1.054731521765813,1.050369040518668,1.0535391231962894,50000
2017-11-09,1.0535391231962894,1.064523115157247,1.0377427032534854,1.0530381355093796,50000
2017-11-10,1.0530381355093796,1.0643774299963118,1.0448691804459995,1.0525352886858292,50000
2017-11-13,1.0525352886858292,1.0576398934424838,1.0465927487038054,1.0520306003518414,90069
2017-11-14,1.0520306003518414,1.0550850807985055,1.045288664360514,1.0515240881981704,50000
2017-11-15,1.0515240881981704,1.061621433647772,1.0484699910762891,1.0510157699794982,66138
2017-11-16,1.0510157699794982,1.0523617527797071,1.0453362159804407,1.050505663513817,50000
2017-11-17,1.050505663513817,1.0533821851570597,1.047705856653895,1.0499937866818,68986
2017-11-20,1.0499937866818,1.0543670133234295,1.0448453694652196,1.0494801574261785,135880
2017-11-21,1.0494801574261785,1.053428681603137,1.038381049048165,1.04896479375111,50000
2017-11-22,1.04896479375111,1.0509654785945426,1.0427246670512909,1.0484477137215495,51567
2017-11-23,1.0484477137215495,1.0485589255859709,1.046941943479166,1.0479289354626133,50000
2017-11-24,1.0479289354626133,1.0558142594776418,1.0432409201253148,1.0474084771589476,50000
2017-11-27,1.0474084771589476,1.0573841520984155,1.0462083677970289,1.0468863570540865,87359
2017-11-28,1.0468863570540865,1.0517221146405809,1.044113933658548,1.0463625934498169,50000
2017-11-29,1.0463625934498169,1.0555498856012444,1.0351256120271994,1.0458372047055342,50000
2017-11-30,1.0458372047055342,1.047546597171144,1.0409681144901648,1.0453102092376003,58913
2017-12-01,1.0453102092376003,1.0500214340293765,1.0435626183223252,1.0447816255186957,93658
2017-12-04,1.0447816255186957,1.0487917575763568,1.0310201575480393,1.0442514720771756,50000
2017-12-05,1.0442514720771756,1.0475997487797253,1.041409332638632,1.0437197674964163,50000
2017-12-06,1.0437197674964163,1.0596304222846218,1.0406545076830556,1.0431865304141674,64427
2017-12-07,1.0431865304141674,1.046254829587395,1.034976796452673,1.0426517795218968,50000
2017-12-08,1.0426517795218968,1.0496308012555184,1.0391107104585484,1.042115533564136,50000
2017-12-11,1.042115533564136,1.0478043728808364,1.0369087928484917,1.0415778113378213,50000
2017-12-12,1.0415778113378213,1.0438753840563342,1.0397168444513085,1.0410386316916387,70403
2017-12-13,1.0410386316916387,1.0459416404610935,1.0368826594151215,1.0404980135253579,59508
2017-12-14,1.0404980135253579,1.0406170107152586,1.0389279486481071,1.0399559757891754,50000
2017-12-15,1.0399559757891754,1.0410849009286574,1.0361249848897574,1.0394125374830467,51442
2017-12-18,1.0394125374830467,1.0415993012434055,1.0272731958584844,1.038867717656022,307187
2017-12-19,1.038867717656022,1.0397629633019523,1.0363763062879592,1.0383215354055755,50000
2017-12-20,1.0383215354055755,1.0458510489355846,1.0324141778709122,1.0377740098769412,66867
2017-12-21,1.0377740098769412,1.037980674335373,1.026867393750873,1.0372251602624356,163638
2017-12-22,1.0372251602624356,1.0504416983779055,1.0315109426889864,1.036675005800791,50000
2017-12-25,1.036675005800791,1.0378501708507788,1.0299006341358559,1.0361235657764767,50000
2017-12-26,1.0361235657764767,1.039653799893089,1.0289774794441577,1.0355708595190256,50000
2017-12-27,1.0355708595190256,1.0367692093369896,1.0254497415339143,1.0350169064023542,50000
2017-12-28,1.0350169064023542,1.0410618310840443,1.03435298997963,1.034461725844086,85158
2017-12-29,1.034461725844086,1.0405909235710702,1.0322448247250398,1.0339053373048708,86475
2018-01-01,1.0339053373048708,1.039311320792739,1.031347711504318,1.0333477602876984,50000
2018-01-02,1.0333477602876984,1.0473551963835088,1.023569073279616,1.0327890143372211,50000
2018-01-03,1.0327890143372211,1.0429837792465184,1.0264658866611958,1.0322291190390653,50000
2018-01-04,1.0322291190390653,1.0364053534519981,1.0257799652285051,1.0316680940191432,50000
2018-01-05,1.0316680940191432,1.0354985463455306,1.0262099177770017,1.0311059589429687,50000
2018-01-08,1.0311059589429687,1.0333121263673397,1.0261163885334184,1.030542733514967,50000
2018-01-09,1.030542733514967,1.0324987086528388,1.0282195369158782,1.0299784374777805,54569
2018-01-10,1.0299784374777805,1.030359052799517,1.0290876649507454,1.029413090611582,147393
2018-01-11,1.029413090611582,1.0332331335981277,1.0188133215795139,1.0288467127333785,51765
2018-01-12,1.0288467127333785,1.0345593799804949,1.0262182341624126,1.028279323696315,63692
2018-01-15,1.028279323696315,1.0327230202484694,1.0276650572114845,1.0277109433889826,50000
2018-01-16,1.0277109433889826,1.0387733498051996,1.025557942539357,1.027141591734719,50000
2018-01-17,1.027141591734719,1.0321533934762284,1.0206052421622156,1.0265712886909084,50000
2018-01-18,1.0265712886909084,1.0283986680765838,1.0238059744686308,1.0260000542482863,70144
2018-01-19,1.0260000542482863,1.0268525286843506,1.021286308686703,1.0254279084302356,50000
2018-01-22,1.0254279084302356,1.0309264241692337,1.0212571973804978,1.0248548712920842,50000
2018-01-23,1.0248548712920842,1.0304082887463704,1.0168576000746485,1.0242809629204046,50000
2018-01-24,1.0242809629204046,1.0281028583400935,1.0147281288731032,1.0237062034323094,50000
2018-01-25,1.0237062034323094,1.029308093157707,1.0180854669837998,1.0231306129747424,50000
2018-01-26,1.0231306129747424,1.0298663937567836,1.020263947722109,1.0225542117237778,50000
2018-01-29,1.0225542117237778,1.02903551628319,1.0182860857256466,1.02197701988391,50000
2018-01-30,1.02197701988391,1.0279371787074747,1.016746184396655,1.021399057687344,50000
2018-01-31,1.021399057687344,1.0286912417483547,1.0011941259395918,1.0208203453932898,50000
2018-02-01,1.0208203453932898,1.0308287439245434,1.013716057069653,1.0202409032872508,50000
2018-02-02,1.0202409032872508,1.0315545414159515,1.0145307254665186,1.01966075168031,50000
2018-02-05,1.01966075168031,1.0206503688544102,1.014464010883742,1.0190799109084223,50000
2018-02-06,1.0190799109084223,1.0287237908172857,1.0125645372452299,1.0184984013317,50000
2018-02-07,1.0184984013317,1.024493946356103,1.014727376100077,1.0179162433336983,50000
2018-02-08,1.0179162433336983,1.0200887428834902,1.0122950822791863,1.0173334573207002,50000
2018-02-09,1.0173334573207002,1.0176896962553743,1.0142086339383232,1.0167500637210052,50000
2018-02-12,1.0167500637210052,1.027269257411664,1.0079348464973976,1.016166082984207,82428
2018-02-13,1.016166082984207,1.0174652292632846,1.015163634861113,1.015581535580483,50000
2018-02-14,1.015581535580483,1.0210471748787187,1.013736406109685,1.0149964419998725,50000
2018-02-15,1.0149964419998725,1.0294971058891562,1.0087554896379232,1.014410822751561,50000
2018-02-16,1.014410822751561,1.0176924801869311,1.0066484049625652,1.0138246983631576,53839
2018-02-19,1.0138246983631576,1.0139949102677006,1.0108889313351381,1.0132380893799815,116339
2018-02-20,1.0132380893799815,1.0195002980652397,1.0100657906661106,1.0126510163643347,50000
2018-02-21,1.0126510163643347,1.0143614500691884,1.0088350019431267,1.0120634998947875,50000
2018-02-22,1.0120634998947875,1.0313051595112557,1.0041555503988602,1.0114755605654537,50000
2018-02-23,1.0114755605654537,1.0175300517937036,1.008997269837088,1.01088721898527,50000
2018-02-26,1.01088721898527,1.015306879740935,1.0058981343997375,1.0102984957772716,50000
2018-02-27,1.0102984957772716,1.011232460310102,1.002132619027687,1.0097094115778726,60398
2018-02-28,1.0097094115778726,1.0131332637510295,0.9888371954793558,1.0091199870361391,50000
2018-03-01,1.0091199870361391,1.013484878161163,1.002395447053259,1.008530242813069,50000
2018-03-02,1.008530242813069,1.0085855576817577,1.003821349836868,1.0079401995808648,50000
2018-03-05,1.0079401995808648,1.0144417186679247,0.9989661805697346,1.0073498780222112,50000
2018-03-06,1.0073498780222112,1.008231534416376,1.0032432763792531,1.006759298829547,50000
2018-03-07,1.006759298829547,1.0079676683205225,1.0053509992452054,1.0061684827043444,50000
2018-03-08,1.0061684827043444,1.00666743913529,1.0054672208730697,1.005577450356378,50000
2018-03-09,1.005577450356378,1.0096354038978417,0.9977053950238123,1.0049862225030033,50000
2018-03-12,1.0049862225030033,1.007458668253277,0.9946144549070687,1.0043948198684292,50000
2018-03-13,1.0043948198684292,1.0054912384573165,1.0025366769655926,1.003803263182991,50000
2018-03-14,1.003803263182991,1.0091077268311641,0.9997414803433461,1.0032115731824218,50000
2018-03-15,1.0032115731824218,1.0060771446279813,0.9938167626106503,1.0026197706071311,50000
2018-03-16,1.0026197706071311,1.0060542651268165,0.9950117248572806,1.0020278762014712,50000
2018-03-19,1.0020278762014712,1.010906391302629,0.9962675542999482,1.0014359107130157,50000
2018-03-20,1.0014359107130157,1.0027361633265766,0.9872090361256959,1.000843894891829,105054
2018-03-21,1.000843894891829,1.0038453003083971,0.9987305644321756,1.0002518494897406,50000
2018-03-22,1.0002518494897406,1.0029095975967033,0.9903823854259297,0.9996597952596143,50000
2018-03-23,0.9996597952596143,1.0030006968970735,0.9802629167338537,0.9990677529546272,50000
2018-03-26,0.9990677529546272,1.0089095073759486,0.9894180617466423,0.9984757433275347,50528
2018-03-27,0.9984757433275347,1.002786246407581,0.9914753285848733,0.9978837871299492,50000
2018-03-28,0.9978837871299492,1.007090231873935,0.9949761046824276,0.9972919051116093,50000
2018-03-29,0.9972919051116093,0.9986580021868051,0.9904610341480877,0.9967001180196544,50000
2018-03-30,0.9967001180196544,0.9975325100636713,0.9909673458597164,0.9961084465978942,50170
2018-04-02,0.9961084465978942,0.99856488568096,0.9900911452914948,0.9955169115860868,56430
2018-04-03,0.9955169115860868,1.0031028341411914,0.9939080866298597,0.9949255337192056,50000
2018-04-04,0.9949255337192056,1.0015925478457324,0.9882083104620905,0.9943343337267181,50000
2018-04-05,0.9943343337267181,0.9971573553752751,0.9875365616878026,0.9937433323318559,50000
2018-04-06,0.9937433323318559,0.9950222702751895,0.9903342810460369,0.9931525502508898,72620
2018-04-09,0.9931525502508898,0.9932054452490491,0.9870194115863301,0.9925620081924013,66011
2018-04-10,0.9925620081924013,0.9999621379334702,0.9888583590945528,0.9919717268565608,50000
2018-04-11,0.9919717268565608,0.9976157341699975,0.9854893004812983,0.991381726934397,50000
2018-04-12,0.991381726934397,0.9978442778561375,0.984237033442256,0.9907920291070765,80909
2018-04-13,0.9907920291070765,0.9925620222887441,0.9859754331887964,0.9902026540451759,50000
2018-04-16,0.9902026540451759,0.9948103897122015,0.9872864564422148,0.9896136224079584,50000
2018-04-17,0.9896136224079584,0.992301422847483,0.9830035477287795,0.9890249548426473,51059
2018-04-18,0.9890249548426473,0.9896707311031715,0.9856956298642785,0.9884366719837068,50000
2018-04-19,0.9884366719837068,0.9920454117228362,0.9865099379853637,0.9878487944521135,50000
2018-04-20,0.9878487944521135,0.9917599179332999,0.9822106626148827,0.9872613428546381,50000
2018-04-23,0.9872613428546381,0.992145782611974,0.9842281613234557,0.9866743377831203,50000
2018-04-24,0.9866743377831203,0.990329201000416,0.9836950897189102,0.9860877998137486,50000
2018-04-25,0.9860877998137486,0.9895725150974163,0.981948824126877,0.9855017495063363,50000
2018-04-26,0.9855017495063363,0.9880713365253,0.9829386256964527,0.9849162074036052,50000
2018-04-27,0.9849162074036052,0.9876187834380744,0.9841392006692344,0.9843311940304607,50000
2018-04-30,0.9843311940304607,0.9915460341020609,0.9780602065717585,0.9837467298932764,67262
2018-05-01,0.9837467298932764,0.9894271394640939,0.9794188960677529,0.9831628354791734,50000
2018-05-02,0.9831628354791734,0.9921429907739141,0.9801496460010811,0.9825795312553026,83310
2018-05-03,0.9825795312553026,0.9847139577764901,0.9789311083623315,0.9819968376681255,50000
2018-05-04,0.9819968376681255,0.9822423401976865,0.9783437271339053,0.9814147751427015,50000
2018-05-07,0.9814147751427015,0.9826547496936255,0.9776694542025502,0.9808333640819666,50000
2018-05-08,0.9808333640819666,0.9813967294605974,0.9766376862283065,0.9802526248660237,50000
2018-05-09,0.9802526248660237,0.9848939809511903,0.9726517482868426,0.9796725778514244,50000
2018-05-10,0.9796725778514244,0.9802892029191376,0.9761046128234331,0.9790932433704577,50000
2018-05-11,0.9790932433704577,0.9830262949654845,0.978121874172775,0.978514641730434,50000
2018-05-14,0.978514641730434,0.9786951985972546,0.9742415368784884,0.977936793212978,50000
2018-05-15,0.977936793212978,0.991425986562035,0.9722284135198614,0.9773597180733148,50000
2018-05-16,0.9773597180733148,0.9774806973988912,0.9705189359593785,0.9767834365395589,50000
2018-05-17,0.9767834365395589,0.9768327488153418,0.9745875629185543,0.9762079688120082,50000
2018-05-18,0.9762079688120082,0.9786642595710964,0.9637092698589027,0.9756333350624348,50000
2018-05-21,0.9756333350624348,0.9764593758276637,0.9721486181708552,0.9750595554333753,57526
2018-05-22,0.9750595554333753,0.9774671843358304,0.970277732094405,0.974486650037429,50000
2018-05-23,0.974486650037429,0.9832946699711995,0.9734328982970046,0.9739146389565508,50000
2018-05-24,0.9739146389565508,0.9812522818975611,0.9706491232176433,0.9733435422413454,50000
2018-05-25,0.9733435422413454,0.9801366479098652,0.9723270120593553,0.9727733799103686,50380
2018-05-28,0.9727733799103686,0.977134671404635,0.9680292101789723,0.9722041719494229,50000
2018-05-29,0.9722041719494229,0.9729933495649473,0.9674869616100645,0.9716359383108558,50000
2018-05-30,0.9716359383108558,0.9831856631629183,0.966795978962162,0.971068698912864,50000
2018-05-31,0.971068698912864,0.9752056067907898,0.968647193003506,0.9705024736387932,103399
2018-06-01,0.9705024736387932,0.9760328603389078,0.9694473535708849,0.969937282336439,50000
2018-06-04,0.969937282336439,0.9719947452122132,0.9676462448997148,0.9693731448173559,50000
2018-06-05,0.9693731448173559,0.9713637094610975,0.965293577347107,0.9688100808561598,50000
2018-06-06,0.9688100808561598,0.9699387776812476,0.9576621294542301,0.9682481101898336,50000
2018-06-07,0.9682481101898336,0.9686235956938559,0.9655722385908474,0.9676872525170389,50000
2018-06-08,0.9676872525170389,0.9682095582021087,0.961802340070863,0.9671275274974241,55058
2018-06-11,0.9671275274974241,0.9674753478136385,0.9582660552432493,0.9665689547509326,50000
2018-06-12,0.9665689547509326,0.9731228559885587,0.9549809628075598,0.9660115538571195,50000
2018-06-13,0.9660115538571195,0.9667759171759827,0.9653147398453882,0.9654553443544625,101122
2018-06-14,0.9654553443544625,0.9687954316249114,0.9579506336598486,0.9649003457396781,50000
2018-06-15,0.9649003457396781,0.9664345044384003,0.9615846481480541,0.964346577467036,59737
2018-06-18,0.964346577467036,0.9655416860158652,0.9599292524362975,0.9637940589476817,50000
2018-06-19,0.9637940589476817,0.965091298689669,0.9453619826106139,0.9632428095489504,50000
2018-06-20,0.9632428095489504,0.9654692712371192,0.9586086601066683,0.962692848593693,75201
2018-06-21,0.962692848593693,0.9634432694843925,0.9559034016107079,0.9621441953595964,114604
2018-06-22,0.9621441953595964,0.9671343675096074,0.96031195833468,0.9615968690785086,254732
2018-06-25,0.9615968690785086,0.9714761780455797,0.9577913100088935,0.9610508889357623,50000
2018-06-26,0.9610508889357623,0.9630523437352227,0.95383849538586,0.960506274069507,69804
2018-06-27,0.960506274069507,0.9656556303430555,0.9553506772592466,0.9599630435700323,50000
2018-06-28,0.9599630435700323,0.9647536136983196,0.9519669915767184,0.9594212164791043,50000
2018-06-29,0.9594212164791043,0.9649097665584803,0.9573023426245073,0.9588808117892949,50000
2018-07-02,0.9588808117892949,0.9644222624493417,0.9566706115310079,0.9583418484433172,129133
2018-07-03,0.9583418484433172,0.9584466441866274,0.9543018000682214,0.9578043453333593,50000
2018-07-04,0.9578043453333593,0.9617808009039932,0.9569787972941517,0.9572683213004268,50000
2018-07-05,0.9572683213004268,0.9581871926676854,0.9533656630549888,0.9567337951336764,50000
2018-07-06,0.9567337951336764,0.9570137230533552,0.955611909520145,0.9562007855697627,115913
2018-07-09,0.9562007855697627,0.9665195345123815,0.9414895507780059,0.9556693112921782,50000
2018-07-10,0.9556693112921782,0.9661228119300523,0.9484713989323219,0.9551393909306,50000
2018-07-11,0.9551393909306,0.9657713803076231,0.952915080170319,0.9546110430602339,65943
2018-07-12,0.9546110430602339,0.9558124429999802,0.9529564029344448,0.9540842862011684,50000
2018-07-13,0.9540842862011684,0.9617017702920716,0.950996169702706,0.9535591388177197,50000
2018-07-16,0.9535591388177197,0.9549939508334956,0.9481653693103891,0.9530356193177895,50000
2018-07-17,0.9530356193177895,0.9558566263661575,0.949258545235889,0.9525137460522165,123829
2018-07-18,0.9525137460522165,0.9537700338671681,0.9487516451037727,0.9519935373141353,52937
2018-07-19,0.9519935373141353,0.9564907864568262,0.9448526606693148,0.9514750113383321,59790
2018-07-20,0.9514750113383321,0.9522653963323552,0.945500940779211,0.9509581863006098,50000
2018-07-23,0.9509581863006098,0.9616402439456659,0.9469784857343417,0.9504430803171465,51361
2018-07-24,0.9504430803171465,0.9509505217590991,0.9378223159802632,0.9499297114438642,50000
2018-07-25,0.9499297114438642,0.9499650389242946,0.9475289222149361,0.9494180976757937,122854
2018-07-26,0.9494180976757937,0.9533239987649988,0.9366120580758631,0.9489082569464449,55482
2018-07-27,0.9489082569464449,0.950665668911804,0.947641558832638,0.9484002071271761,110985
2018-07-30,0.9484002071271761,0.9485358020790325,0.9447924313897197,0.9478939660265714,50000
2018-07-31,0.9478939660265714,0.9563158240559079,0.9423591347794478,0.9473895513898117,61782
2018-08-01,0.9473895513898117,0.9523705756295595,0.9426821108301686,0.9468869808980573,50000
2018-08-02,0.9468869808980573,0.9619715699009266,0.9460496217152925,0.9463862721678251,50000
2018-08-03,0.9463862721678251,0.9479576688064627,0.94182792165516,0.9458874427503727,119667
2018-08-06,0.9458874427503727,0.952681231210461,0.9446845165766794,0.9453905101310806,50000
2018-08-07,0.9453905101310806,0.9536217607197977,0.9440246978193385,0.9448954917288437,50000
2018-08-08,0.9448954917288437,0.9451942455271798,0.9377894647170611,0.9444024048954556,50000
2018-08-09,0.9444024048954556,0.951124097216581,0.9371109766261975,0.9439112669150049,50000
2018-08-10,0.9439112669150049,0.9552001521207625,0.9417380694814597,0.9434220950032669,52333
2018-08-13,0.9434220950032669,0.9511630981915957,0.9355860099323412,0.9429349063071009,104548
2018-08-14,0.9429349063071009,0.9437951698526177,0.9357608030400545,0.9424497179038474,50000
2018-08-15,0.9424497179038474,0.9602050677271811,0.9384882926155598,0.9419665468007329,50000
2018-08-16,0.9419665468007329,0.942090230545851,0.9387172740839143,0.9414854099342702,50000
2018-08-17,0.9414854099342702,0.946945858877271,0.9392959853006049,0.9410063241696675,50000
2018-08-20,0.9410063241696675,0.9421943070677664,0.93990778275368,0.9405293063002356,91942
2018-08-21,0.9405293063002356,0.9445079591826474,0.9331431091182386,0.9400543730468006,50000
2018-08-22,0.9400543730468006,0.9419673938440632,0.937595046502349,0.9395815410571149,50000
2018-08-23,0.9395815410571149,0.942301458235006,0.9365052117659101,0.939110826905278,50000
2018-08-24,0.939110826905278,0.9519028669183018,0.9370750509238818,0.9386422470911511,50000
2018-08-27,0.9386422470911511,0.9453831004898569,0.9324221356339719,0.9381758180397822,50000
2018-08-28,0.9381758180397822,0.9404842617718937,0.9359275182993165,0.9377115561008287,50000
2018-08-29,0.9377115561008287,0.9413719228175439,0.9302309496180161,0.937249477547985,53876
2018-08-30,0.937249477547985,0.945594837138173,0.9280190085937949,0.9367895985784102,50000
2018-08-31,0.9367895985784102,0.943892268652835,0.9305570955581727,0.9363319353121635,68749
2018-09-03,0.9363319353121635,0.9437057434862227,0.934667940152097,0.9358765037916358,57813
2018-09-04,0.9358765037916358,0.9446032587880703,0.9326780256303253,0.9354233199809903,50000
2018-09-05,0.9354233199809903,0.9434125877394177,0.9349124217518935,0.9349723997656012,51617
2018-09-06,0.9349723997656012,0.9397631830473412,0.9282945168713533,0.9345237589514976,50000
2018-09-07,0.9345237589514976,0.9410631181855887,0.9328988746044479,0.934077413264808,70682
2018-09-10,0.934077413264808,0.9343907863491954,0.9278490392667827,0.9336333783512119,50000
2018-09-11,0.9336333783512119,0.9368614376060401,0.9316377777493252,0.9331916697753876,50000
2018-09-12,0.9331916697753876,0.9364193282778897,0.9213882619450362,0.9327523030204705,50000
2018-09-13,0.9327523030204705,0.9368266086784933,0.9303914255522169,0.9323152934875077,139519
2018-09-14,0.9323152934875077,0.9393833357466487,0.9306241515628554,0.93188065649492,50000
2018-09-17,0.93188065649492,0.9398186435221059,0.928777165771166,0.9314484072779619,50000
2018-09-18,0.9314484072779619,0.93241800673388,0.9259166422019429,0.9310185609881918,50000
2018-09-19,0.9310185609881918,0.932899203574019,0.9266108174591222,0.9305911326929369,109286
2018-09-20,0.9305911326929369,0.9351692912978167,0.9274488317628664,0.9301661373747682,50000
2018-09-21,0.9301661373747682,0.9365645482749998,0.9226283254189859,0.9297435899309734,61345
2018-09-24,0.9297435899309734,0.9354419251139335,0.9223216627228132,0.9293235051730359,50000
2018-09-25,0.9293235051730359,0.930374373948773,0.9207685526904421,0.9289058978261133,50000
2018-09-26,0.9289058978261133,0.9335793719109761,0.9219817449192922,0.9284907825285249,67678
2018-09-27,0.9284907825285249,0.9360689270560076,0.9232568061679652,0.9280781738312363,57114
2018-09-28,0.9280781738312363,0.9297695355336415,0.9252120898890254,0.9276680861973479,50000
2018-10-01,0.9276680861973479,0.9309254538696352,0.9251656088614668,0.9272605340015916,50000
2018-10-02,0.9272605340015916,0.929945861876763,0.9206227786700859,0.9268555315298249,50000
2018-10-03,0.9268555315298249,0.9340538464728921,0.9264267966864841,0.926453092978529,107237
2018-10-04,0.926453092978529,0.9301437126065488,0.9211860621366318,0.9260532324543135,59523
2018-10-05,0.9260532324543135,0.9270051830350593,0.9240507076768427,0.9256559639734211,50000
2018-10-08,0.9256559639734211,0.9315953398637412,0.9240900431355157,0.9252613014612345,50000
2018-10-09,0.9252613014612345,0.9311218849955402,0.9215327351950031,0.9248692587517915,50000
2018-10-10,0.9248692587517915,0.9297663271231675,0.9153051403089105,0.924479849587298,50000
2018-10-11,0.924479849587298,0.9344154650300887,0.9227258536173489,0.9240930876176457,53490
2018-10-12,0.9240930876176457,0.9367485534361198,0.9195318890506041,0.9237089863999358,50000
2018-10-15,0.9237089863999358,0.9334644864465059,0.9175059237996538,0.9233275593980027,50000
2018-10-16,0.9233275593980027,0.9258848107858755,0.9135712311739292,0.9229488199819404,50000
2018-10-17,0.9229488199819404,0.9352225778863247,0.9178203178519612,0.9225727814276373,50000
2018-10-18,0.9225727814276373,0.9289579769962291,0.9078662111800316,0.9221994569163083,50000
2018-10-19,0.9221994569163083,0.9245730565171365,0.9181422694482956,0.9218288595340325,50000
2018-10-22,0.9218288595340325,0.9274736417198282,0.9169442927255237,0.9214610022712967,50000
2018-10-23,0.9214610022712967,0.9222840203569295,0.9138239145956831,0.9210958980225384,102619
2018-10-24,0.9210958980225384,0.9312134807902133,0.9123561808044786,0.9207335595856936,55008
2018-10-25,0.9207335595856936,0.9224929376156638,0.9192784854106288,0.9203739996617493,50000
2018-10-26,0.9203739996617493,0.9255440562348884,0.9074550273093026,0.9200172308542978,150067
2018-10-29,0.9200172308542978,0.9242896898456194,0.9188395820628891,0.9196632656690951,102284
2018-10-30,0.9196632656690951,0.9243084805401949,0.9144207119386731,0.9193121165136211,50000
2018-10-31,0.9193121165136211,0.9227600747312821,0.9177995386891131,0.9189637956966477,50000
2018-11-01,0.9189637956966477,0.9234327558447768,0.9174077386837366,0.9186183154278036,50000
2018-11-02,0.9186183154278036,0.9204478318420016,0.9147348103576298,0.9182756878171496,50000
2018-11-05,0.9182756878171496,0.9186740286939264,0.9163535377728554,0.9179359248747526,50000
2018-11-06,0.9179359248747526,0.9218959576025167,0.9161084611861389,0.917599038510265,50000
2018-11-07,0.917599038510265,0.9218610982072714,0.9125647860331025,0.9172650405325056,54361
2018-11-08,0.9172650405325056,0.9233773577561899,0.913931897319153,0.9169339426490488,117897
2018-11-09,0.9169339426490488,0.9173640353424336,0.911853394813759,0.9166057564658112,50000
2018-11-12,0.9166057564658112,0.9248369163869891,0.9146282123288347,0.9162804934866469,51560
2018-11-13,0.9162804934866469,0.9180928963419435,0.914417509486882,0.9159581651129431,79339
2018-11-14,0.9159581651129431,0.9243225795130523,0.9110048992648381,0.9156387826432214,50000
2018-11-15,0.9156387826432214,0.9230315684903132,0.9107083846862541,0.9153223572727396,94262
2018-11-16,0.9153223572727396,0.9160813809062991,0.9097591338221815,0.9150089000931027,50000
2018-11-19,0.9150089000931027,0.9277198262460365,0.9125047127492297,0.9250161901782279,50000
2018-11-20,0.9250161901782279,0.9751720732513108,0.91444552050933,0.9742450008839982,50000
2018-11-21,0.9742450008839982,1.5052839410986618,0.9682751241716786,1.5010750048436001,50000
2018-11-22,1.5010750048436001,1.5235961903257353,1.4887208071835452,1.5188291554982922,52480
2018-11-23,1.5188291554982922,1.54804115081255,1.506197512043482,1.5428830815259154,50000
2018-11-26,1.5428830815259154,1.939592363702882,1.539780908851329,1.9332712942019588,50000
2018-11-27,1.9332712942019588,1.937156376667331,1.596203971559822,1.5975419802990882,61664
2018-11-28,1.5975419802990882,1.604920776121778,1.4402001601903247,1.4403741523156994,75826
2018-11-29,1.4403741523156994,1.451503869380806,0.9136728896808554,0.916886693971423,125937
2018-11-30,0.916886693971423,0.9189825949035697,0.8984404319951025,0.9120399440656056,50000
2018-12-03,0.9120399440656056,0.915981305711984,0.906840541146808,0.9117598390040456,50000
2018-12-04,0.9117598390040456,0.9151703487866266,0.908933786314618,0.9114828270096704,50000
2018-12-05,0.9114828270096704,0.9251858306737718,0.9089676020514877,0.9112089177925331,50000
2018-12-06,0.9112089177925331,1.0849032632718922,0.906677070460377,1.0846984348776505,50000
2018-12-07,1.0846984348776505,1.091322415678337,0.9031580773483174,0.9106704459860466,50000
2018-12-10,0.9106704459860466,0.9150447883894121,0.898510651595578,0.9104059022716572,50000
2018-12-11,0.9104059022716572,0.9142589866219822,0.8995472706743859,0.9101444990837634,50000
2018-12-12,0.9101444990837634,0.9105390124540133,0.9039635445289388,0.9098862455852867,109474
2018-12-13,0.9098862455852867,0.9132032465262001,0.9075424620455679,0.9096311508287421,50000
2018-12-14,0.9096311508287421,0.9101237053690484,0.8968968497899513,0.9093792237559225,50000
2018-12-17,0.9093792237559225,1.3081962949798747,0.9083451951228851,1.3059631369808995,56929
2018-12-18,1.3059631369808995,1.6682409736191532,1.3027240417676116,1.6672497758988103,50000
2018-12-19,1.6672497758988103,1.8275645926104749,1.665638424021311,1.8266224411766225,50000
2018-12-20,1.8266224411766225,2.1407132347627864,1.8079140008039978,2.136680209787668,121641
2018-12-21,2.136680209787668,2.8359432526598396,2.1211510661103197,2.832036244092927,65700
2018-12-24,2.832036244092927,2.8356746941499615,2.499261088679902,2.519368085656414,59779
2018-12-25,2.519368085656414,2.532381655970739,2.158248345638944,2.1630050414407753,129216
2018-12-26,2.1630050414407753,2.367026515981954,2.154270705275595,2.3465186716826896,71085
2018-12-27,2.3465186716826896,2.646501687524585,2.3453772025481374,2.611713286950803,50000
2018-12-28,2.611713286950803,2.6138913889978506,2.3747958488103262,2.388514926235278,71497
2018-12-31,2.388514926235278,2.4140333600778003,2.222052506042715,2.233401389466339,50000
2019-01-01,2.233401389466339,2.237663805521581,2.001196636374172,2.017831697962824,84258
2019-01-02,2.017831697962824,2.5561174929734842,2.008446418430463,2.5552047345218876,50000
2019-01-03,2.5552047345218876,2.9258531380975508,2.542294907202652,2.907833937898894,50000
2019-01-04,2.907833937898894,2.953184602161657,2.907692387745926,2.938969056861753,57409
2019-01-07,2.938969056861753,3.034751336295876,2.9357125253242597,3.006109604768671,50000
2019-01-08,3.006109604768671,3.0177393306117195,2.901063588659211,2.911228354928745,50000
2019-01-09,2.911228354928745,2.914514615094018,2.6305507922090707,2.6575927883543065,70718
2019-01-10,2.6575927883543065,2.686989576559839,2.2847096185704454,2.2866327554459676,50000
2019-01-11,2.2866327554459676,2.2961217569599923,1.5667710224913243,1.5693748420110123,50000
2019-01-14,1.5693748420110123,1.7563018012232132,1.5687396911156672,1.7545741081511188,50000
2019-01-15,1.7545741081511188,1.9651391157291318,1.7525482212123042,1.9588716077167307,53482
2019-01-16,1.9588716077167307,2.4879894611416593,1.9482560550497696,2.4734820906515247,54787
2019-01-17,2.4734820906515247,2.7574700530657026,2.4566423749223536,2.7484580496070805,50000
2019-01-18,2.7484580496070805,3.2636883936358627,2.7457529847105557,3.2071890854383787,50000
2019-01-21,3.2071890854383787,3.6919057922366716,3.1906967098538193,3.6614850130347802,50000
2019-01-22,3.6614850130347802,3.6662215901695494,3.5774787652989137,3.579722924772176,50000
2019-01-23,3.579722924772176,3.7294495276581165,3.5581545656758538,3.713524336153031,59537
2019-01-24,3.713524336153031,4.346860972348214,3.713030127005419,4.308316712348133,50000
2019-01-25,4.308316712348133,4.425332449084933,4.288308417516326,4.413687513481701,109122
2019-01-28,4.413687513481701,4.661178419973638,4.387797122849838,4.6335556243017955,50000
2019-01-29,4.6335556243017955,4.653539628509141,4.090897421484937,4.091947521171326,50000
2019-01-30,4.091947521171326,4.14549187292476,3.894887387212618,3.915866470018125,50000
2019-01-31,3.915866470018125,4.224814053390602,3.8723734792795277,4.218982962378036,50000
2019-02-01,4.218982962378036,4.238415003899247,3.8293466247240198,3.8493134086538383,91051
2019-02-04,3.8493134086538383,3.8993982268371483,3.8286964627781743,3.898173298900052,50000
2019-02-05,3.898173298900052,3.9070323033595313,3.876230244540571,3.902010543897681,89103
2019-02-06,3.902010543897681,4.019723483509017,3.8792872003977665,4.0056779642579725,72899
2019-02-07,4.0056779642579725,4.035930948312423,3.9961496184656684,4.010694893226468,135063
2019-02-08,4.010694893226468,4.042620635699429,3.2561506961612254,3.2567207872815866,50000
2019-02-11,3.2567207872815866,3.772451374399813,3.2284958417351723,3.7686664951987714,50000
2019-02-12,3.7686664951987714,3.786294382328133,3.4076207655843556,3.4089010482984627,51132
2019-02-13,3.4089010482984627,3.523672562474764,3.4021796103007342,3.5125565139711643,50000
2019-02-14,3.5125565139711643,3.514828946832354,3.3636655379414915,3.394387316173086,50000
2019-02-15,3.394387316173086,3.4050308285718374,3.2264103550378067,3.260609343791845,72379
2019-02-18,3.260609343791845,3.2834715874227407,3.0875686829346587,3.092590941586242,86640
2019-02-19,3.092590941586242,3.109503676794154,2.8326011510930313,2.841273561800133,50000
2019-02-20,2.841273561800133,2.842663034056182,2.6003945240064326,2.6047211049347605,64150
2019-02-21,2.6047211049347605,2.62668159571373,2.244364706820804,2.253491044645339,57615
2019-02-22,2.253491044645339,2.263684573166247,1.9621957805093941,1.9781733834283604,50000
2019-02-25,1.9781733834283604,1.9819475349162214,1.54125185629904,1.5521790954652346,50000
2019-02-26,1.5521790954652346,2.018143584826394,1.5414776032896444,1.9976420202137823,100950
2019-02-27,1.9976420202137823,2.518827859755675,1.9649209222596107,2.5026352575579067,50000
2019-02-28,2.5026352575579067,2.516954953714404,2.444166348511804,2.449136483806548,50000
2019-03-01,2.449136483806548,2.451158400574103,2.1082974931340925,2.1239667868092886,50000
2019-03-04,2.1239667868092886,2.2261736853197966,2.105952573963973,2.2222603340003273,50000
2019-03-05,2.2222603340003273,2.240451431021591,1.5440917417060729,1.545585001009114,67547
2019-03-06,1.545585001009114,1.9775719805950023,1.5385004177413606,1.9679510114605658,103775
2019-03-07,1.9679510114605658,2.0437276876704766,1.9508745075529506,2.0341028334284803,50000
2019-03-08,2.0341028334284803,2.044234044086016,1.4814975878119474,1.4865841595392724,50000
2019-03-11,1.4865841595392724,1.4922728603790623,1.3189869843096758,1.3195122600020965,50000
2019-03-12,1.3195122600020965,1.3278824070882478,1.3160467369507227,1.3258935975501676,50000
2019-03-13,1.3258935975501676,1.3606042526931925,1.3225326813341989,1.3519409406090568,51633
2019-03-14,1.3519409406090568,1.4721086690624916,1.3505725974721472,1.4676369686709052,80671
2019-03-15,1.4676369686709052,1.4728032583292516,1.36307664547497,1.3660255052884553,64439
2019-03-18,1.3660255052884553,1.500621980384642,1.3592604432660118,1.4939325301671202,54158
2019-03-19,1.4939325301671202,1.5712374006781633,1.489779838931068,1.5704205912226041,65168
2019-03-20,1.5704205912226041,1.5767481966630164,1.3284786470687353,1.3321444636760362,63009
2019-03-21,1.3321444636760362,1.3323748705299987,1.1922900811768062,1.204282924017524,50000
2019-03-22,1.204282924017524,1.2086075577502757,0.8989212496329123,0.9000244865637175,120578
2019-03-25,0.9000244865637175,0.9078869364525707,0.8976009850912042,0.9000131375493087,89638
2019-03-26,0.9000131375493087,0.904214106202286,0.8970589896005781,0.9000052933571899,50000
2019-03-27,0.9000052933571899,0.9023438108532086,0.8983650381365834,0.9000009542623222,50000
2019-03-28,0.9000009542623222,0.9036258976583565,0.8970254770814694,0.9000001204168031,50000
2019-03-29,0.9000001204168031,0.9036345946042015,0.8996658187478556,0.9000027918498612,50000
2019-04-01,0.9000027918498612,0.9014127469145887,0.8897582462840095,0.9000089684678554,50000
2019-04-02,0.9000089684678554,0.9057803535839201,0.8971084404372337,0.9000186500542776,50000
2019-04-03,0.9000186500542776,0.9070696572932596,0.8985146332481714,0.9000318362697609,50000
2019-04-04,0.9000318362697609,0.9016023067035113,0.8894100175858743,0.9000485266520912,50000
2019-04-05,0.9000485266520912,0.9081637926936934,0.8978189715239575,0.9000687206162232,59324
2019-04-08,0.9000687206162232,0.905963525882354,0.8999321990660275,0.9000924174543016,84800
2019-04-09,0.9000924174543016,0.9021166769436313,0.8971728319687041,0.9001196163356849,50000
2019-04-10,0.9001196163356849,0.9096573122737306,0.8998207156992807,0.9001503163069757,50000
2019-04-11,0.9001503163069757,0.9073601298638618,0.8848666689420052,0.9001845162920531,50000
2019-04-12,0.9001845162920531,0.9133649066684808,0.8889379511744964,0.9002222150921109,50000
2019-04-15,0.9002222150921109,0.9066790193999479,0.8956831073030508,0.9002634113856994,50000
2019-04-16,0.9002634113856994,0.9062312341500216,0.8906681138820919,0.9003081037287722,50000
2019-04-17,0.9003081037287722,0.9006556404798476,0.8999562193121498,0.9003562905547362,50000
2019-04-18,0.9003562905547362,0.9065592153638,0.896616940031792,0.9004079701745069,50000
2019-04-19,0.9004079701745069,0.9027319100418716,0.8905810847437623,0.9004631407765674,86245
2019-04-22,0.9004631407765674,0.9025830303325714,0.8907606188302514,0.9005218004270323,50000
2019-04-23,0.9005218004270323,0.9103779445356812,0.9004835498974341,0.9005839470697148,50000
2019-04-24,0.9005839470697148,0.9042949930661736,0.8928737085756225,0.9006495785261991,50000
2019-04-25,0.9006495785261991,0.9096270943786812,0.8895563521684107,0.9007186924959174,50000
2019-04-26,0.9007186924959174,0.9034217514211695,0.8986316805331721,0.9007912865562295,66789
2019-04-29,0.9007912865562295,0.905034703061004,0.8979974086223542,0.9008673581625083,50000
2019-04-30,0.9008673581625083,0.9054919512641717,0.899249421529263,0.9009469046482289,50000
2019-05-01,0.9009469046482289,0.9076863353368106,0.8998351967199723,0.9010299232250619,50000
2019-05-02,0.9010299232250619,0.9026697915673161,0.8996139850936716,0.9011164109829715,50000
2019-05-03,0.9011164109829715,0.9044067278876006,0.8971161877034235,0.9012063648903171,50000
2019-05-06,0.9012063648903171,0.902098343360143,0.8958478953176461,0.90129978179396,135771
2019-05-07,0.90129978179396,0.9013978210540916,0.8926198136764849,0.9013966584193734,50000
2019-05-08,0.9013966584193734,0.9038868855285837,0.8983774146415894,0.9014969913707579,50000
2019-05-09,0.9014969913707579,0.9029582072552647,0.8958085982333215,0.9016007771311595,50000
2019-05-10,0.9016007771311595,0.9092495638727799,0.9000354761796691,0.9017080120625938,50000
2019-05-13,0.9017080120625938,0.9031762553016347,0.9012243710973511,0.9018186924061733,82180
2019-05-14,0.9018186924061733,0.9102500907518899,0.8916170903596451,0.9019328142822389,50000
2019-05-15,0.9019328142822389,0.9051002135709342,0.9002013665653822,0.9020503736904965,107972
2019-05-16,0.9020503736904965,0.9087095711841011,0.9019150916265325,0.9021713665101558,50000
2019-05-17,0.9021713665101558,0.9038598184469447,0.9005054973825275,0.9022957885000766,50000
2019-05-20,0.9022957885000766,0.9042832388047293,0.8940028942109891,0.9024236352989161,50000
2019-05-21,0.9024236352989161,0.903562209300907,0.8995688254890325,0.9025549024252828,50000
2019-05-22,0.9025549024252828,0.9029383065501403,0.9020040499579769,0.9026895852778922,54910
2019-05-23,0.9026895852778922,0.906469631876143,0.8994321188019083,0.90282767913573,62797
2019-05-24,0.90282767913573,0.9033748571932232,0.8953023205129661,0.9029691791582157,77837
2019-05-27,0.9029691791582157,0.904951539963188,0.8965776536674795,0.9031140803853733,82021
2019-05-28,0.9031140803853733,0.9039637311626676,0.8941712297277211,0.9032623777380049,64391
2019-05-29,0.9032623777380049,0.9046325518685446,0.9023224291446422,0.9034140660178692,50000
2019-05-30,0.9034140660178692,0.9038396516280689,0.9033019601505077,0.9035691399078628,50000
2019-05-31,0.9035691399078628,0.9049945333092206,0.8992194606384522,0.9037275939722075,85754
2019-06-03,0.9037275939722075,0.9125151835177872,0.9032209257450515,0.9038894226566401,81454
2019-06-04,0.9038894226566401,0.910277696380904,0.8983563192891818,0.9040546202886075,167685
2019-06-05,0.9040546202886075,0.9096666546377875,0.8940510177684102,0.9042231810774655,50000
2019-06-06,0.9042231810774655,0.9046515909125823,0.9030476967353785,0.9043950991146821,50000
2019-06-07,0.9043950991146821,0.9085851769898081,0.8974648500467561,0.9045703683740435,50000
2019-06-10,0.9045703683740435,0.9054947732228795,0.896728276703886,0.9047489827118668,50000
2019-06-11,0.9047489827118668,0.9089797572650443,0.898288550325347,0.9049309358672143,50000
2019-06-12,0.9049309358672143,0.9053402294601659,0.8937980581686392,0.9051162214621132,64341
2019-06-13,0.9051162214621132,0.9064094179864625,0.9006790281473914,0.9053048330017793,59612
2019-06-14,0.9053048330017793,0.9074064043758495,0.9029344338593934,0.9054967638748452,50000
2019-06-17,0.9054967638748452,0.9079787458077632,0.9018473855546583,0.9056920073535907,50000
2019-06-18,0.9056920073535907,0.9106403423668563,0.9031187470333428,0.9058905565941796,50000
2019-06-19,0.9058905565941796,0.9121374518345908,0.9016385194520172,0.9060924046368999,50000
2019-06-20,0.9060924046368999,0.9069395282586583,0.9030805369296807,0.9062975444064068,50000
2019-06-21,0.9062975444064068,0.909107780658727,0.8995609099000115,0.9065059687119706,88158
2019-06-24,0.9065059687119706,0.9112194140724852,0.9051036941184961,0.906717670247731,63767
2019-06-25,0.906717670247731,0.907956948905865,0.9034417845715002,0.90693264159295,110787
2019-06-26,0.90693264159295,0.9115721113035601,0.9014300157826148,0.9071508752122736,50000
2019-06-27,0.9071508752122736,0.9153051106004311,0.9049362368918104,0.9073723634559969,50000
2019-06-28,0.9073723634559969,0.9077250127336424,0.8997206117165506,0.9075970985603306,50000
2019-07-01,0.9075970985603306,0.9140981253320922,0.9057776178152179,0.9078250726476731,50000
2019-07-02,0.9078250726476731,0.9081940940470157,0.9013453100451482,0.9080562777268886,58236
2019-07-03,0.9080562777268886,0.9086054177629055,0.9027660182122608,0.908290705693585,50000
2019-07-04,0.908290705693585,0.911464073882408,0.8964545734146102,0.9085283483303989,51164
2019-07-05,0.9085283483303989,0.9133935824235995,0.9079402444076934,0.9087691973072842,51593
2019-07-08,0.9087691973072842,0.9109676031638889,0.9025283832498957,0.909013244181803,50000
2019-07-09,0.909013244181803,0.9122781402027612,0.900883086850511,0.9092604803994219,50000
2019-07-10,0.9092604803994219,0.9225471009922697,0.9052932395951812,0.9095108972938127,91627
2019-07-11,0.9095108972938127,0.9150147797509378,0.9054734398045972,0.9097644860871551,50000
2019-07-12,0.9097644860871551,0.9110963724933445,0.9026578490531256,0.9100212378904442,50000
2019-07-15,0.9100212378904442,0.9124020569073795,0.9054861739966555,0.9102811437038039,51461
2019-07-16,0.9102811437038039,0.9156362790572262,0.9078409406572998,0.9105441944168,50000
2019-07-17,0.9105441944168,0.9139438865325721,0.9034639539088355,0.910810380808761,105961
2019-07-18,0.910810380808761,0.9202917808116406,0.903677525415871,0.9110796935491017,55529
2019-07-19,0.9110796935491017,0.9163665616496309,0.9041282849275424,0.9113521231976484,50000
2019-07-22,0.9113521231976484,0.9174077380187297,0.9090676401213446,0.9116276602049713,288341
2019-07-23,0.9116276602049713,0.9121525485696522,0.905579951739718,0.9119062949127199,50000
2019-07-24,0.9119062949127199,0.91800147632393,0.9066690927367175,0.9121880175539591,148115
2019-07-25,0.9121880175539591,0.9199267389539874,0.9110903301572576,0.9124728182535138,57595
2019-07-26,0.9124728182535138,0.919353060488447,0.9099948073233735,0.9127606870283137,50000
2019-07-29,0.9127606870283137,0.9174560677063602,0.9088260714964307,0.9130516137877448,50000
2019-07-30,0.9130516137877448,0.9167266800504742,0.9044909026281541,0.9133455883340008,72730
2019-07-31,0.9133455883340008,0.919467945726736,0.909745124251485,0.9136426003624432,72270
2019-08-01,0.9136426003624432,0.9201603355236334,0.9135589129027619,0.9139426394619601,50000
2019-08-02,0.9139426394619601,0.9148863978605428,0.9120098248628736,0.9142456951153324,61995
2019-08-05,0.9142456951153324,0.9207857394756314,0.913834327201264,0.9145517566996023,50000
2019-08-06,0.9145517566996023,0.9205480195599661,0.9131191235013394,0.9148608134864463,50000
2019-08-07,0.9148608134864463,0.9199386591883687,0.9110543551571081,0.9151728546425494,50000
2019-08-08,0.9151728546425494,0.9215649159942408,0.9148595192219305,0.9154878692299873,50000
2019-08-09,0.9154878692299873,0.9253278095858293,0.9136960104557934,0.9158058462066074,62261
2019-08-12,0.9158058462066074,0.9175331854633484,0.9095642394788004,0.9161267744264177,60795
2019-08-13,0.9161267744264177,0.9217912104015031,0.9092614912542676,0.9164506426399758,50000
2019-08-14,0.9164506426399758,0.9173672764091982,0.9120589389552107,0.9167774394947859,50000
2019-08-15,0.9167774394947859,0.9231252856413729,0.9131245374803482,0.9171071535356933,50000
2019-08-16,0.9171071535356933,0.9178939617029517,0.9143509685653303,0.917439773205289,50000
2019-08-19,0.917439773205289,0.9217715166039517,0.9159722628780076,0.9177752868443129,50000
2019-08-20,0.9177752868443129,0.92018355459144,0.9156656146344375,0.9181136826920627,93234
2019-08-21,0.9181136826920627,0.9190859981358632,0.9151464342169731,0.918454948886807,121383
2019-08-22,0.918454948886807,0.9192740301475641,0.9147955738564961,0.918799073466201,50000
2019-08-23,0.918799073466201,0.9247571659166322,0.9147940654773535,0.9191460443677045,50000
2019-08-26,0.9191460443677045,0.9273945266772273,0.9094328479928292,0.9194958494290069,50000
2019-08-27,0.9194958494290069,1.1916330714126895,0.9155999256740768,1.1906673742060878,50000
2019-08-28,1.1906673742060878,1.3942715616295847,1.1869784334718234,1.3896326614990815,50000
2019-08-29,1.3896326614990815,1.3938675666571163,1.1265243094854693,1.1408973115342762,50000
2019-08-30,1.1408973115342762,1.1475388939904843,0.9206083174577733,0.9230203353854581,67555
2019-09-02,0.9230203353854581,1.4925608066662224,0.9207944373853031,1.4761212202566891,50000
2019-09-03,1.4761212202566891,1.4911211528332886,1.3666906112762314,1.366885794607061,57983
2019-09-04,1.366885794607061,1.3789591662085217,0.9180314425879714,0.9220227989448488,144306
2019-09-05,0.9220227989448488,0.9977490923624037,0.9206807561467149,0.9877872061712539,57403
2019-09-06,0.9877872061712539,1.0450315187500474,0.977579463667277,1.0404245725566257,50000
2019-09-09,1.0404245725566257,1.049624199631298,0.9190095358579778,0.9231470326496354,50000
2019-09-10,0.9231470326496354,1.1546673915681451,0.9207740831002806,1.1436025898441595,82749
2019-09-11,1.1436025898441595,1.4773830331567985,1.135446588141666,1.476406540773513,50000
2019-09-12,1.476406540773513,1.4780789476207425,1.366919226496264,1.371002766400513,77762
2019-09-13,1.371002766400513,1.5248617922885876,1.36703623316696,1.5235190503863465,50000
2019-09-16,1.5235190503863465,1.7743394841412463,1.5199102047142685,1.7682277664571837,50000
2019-09-17,1.7682277664571837,1.7764134799587812,1.7382995066781965,1.7401800106290142,50000
2019-09-18,1.7401800106290142,1.741167292827068,1.7308287464988985,1.731710987403375,50000
2019-09-19,1.731710987403375,1.798540333568348,1.7068737087215673,1.789771385805409,50000
2019-09-20,1.789771385805409,2.0193545066833383,1.777811631807673,2.012339746248383,54064
2019-09-23,2.012339746248383,2.0316482267866336,1.5428126077613007,1.5492530461025682,67854
2019-09-24,1.5492530461025682,1.5665816714247442,1.3014595355201766,1.3022924174001498,142079
2019-09-25,1.3022924174001498,1.5835383994977423,1.287275025149627,1.581020964736693,50000
2019-09-26,1.581020964736693,1.5833318122497264,1.3420561618124414,1.3541687018368378,50000
2019-09-27,1.3541687018368378,1.6041750359141689,1.344512272172974,1.5796290910361444,50000
2019-09-30,1.5796290910361444,1.7745236154867912,1.5586630349346522,1.7677597012415387,66310
2019-10-01,1.7677597012415387,1.7689266489756315,1.2690126599426466,1.281596643162723,50000
2019-10-02,1.281596643162723,1.5505403269209947,1.2770823504277518,1.523741635779729,50000
2019-10-03,1.523741635779729,1.6540955655202694,1.5128057480331742,1.6466438399877403,50000
2019-10-04,1.6466438399877403,1.652384297673649,1.6192603673844255,1.6249929492510058,50000
2019-10-07,1.6249929492510058,1.6298315567598392,1.3960876821210302,1.4098657824573393,50000
2019-10-08,1.4098657824573393,1.9409627823233657,1.4089121149621742,1.9391289002455465,51733
2019-10-09,1.9391289002455465,1.9504848547481763,1.4413311455282283,1.4429907248396363,50000
2019-10-10,1.4429907248396363,1.913449887191969,1.4406394211466615,1.9114050209923186,50000
2019-10-11,1.9114050209923186,1.9342224262661776,1.2182918061686623,1.2244597445132082,50000
2019-10-14,1.2244597445132082,1.234906429949991,1.201852316864108,1.2140921604555,50000
2019-10-15,1.2140921604555,1.2148647364189666,0.9328843462764473,0.9338658680868699,50000
2019-10-16,0.9338658680868699,0.9378278495210632,0.923295630100216,0.9343111163358895,59279
2019-10-17,0.9343111163358895,0.9458045482550871,0.9273519677239077,0.9347586671660485,50000
2019-10-18,0.9347586671660485,0.9398757285027347,0.9319105837639933,0.9352085048894242,50847
2019-10-21,0.9352085048894242,0.9404899754035755,0.9315297853633931,0.9356606137379332,50000
2019-10-22,0.9356606137379332,0.9410433064670296,0.932396385402283,0.9361149778638808,50000
2019-10-23,0.9361149778638808,0.9387833183672138,0.9295938652853891,0.9365715813405204,61561
2019-10-24,0.9365715813405204,1.2583749887906182,0.9268218334280536,1.2451630575629005,55312
2019-10-25,1.2451630575629005,1.3792624571740493,1.242875578966994,1.3743225548028914,50787
2019-10-28,1.3743225548028914,1.5421357526694626,1.3640459666151685,1.5384991787074271,157508
2019-10-29,1.5384991787074271,1.582138718478358,1.5382727758246728,1.5746533121223771,50000
2019-10-30,1.5746533121223771,1.9780368938739386,1.5621355489250008,1.977449188699091,60606
2019-10-31,1.977449188699091,2.3767514171110813,1.9661163429525312,2.375335167005773,88074
2019-11-01,2.375335167005773,2.376066475810196,1.6634644696108345,1.6718587384793975,50000
2019-11-04,1.6718587384793975,1.6755256159244423,1.5617466667881434,1.5630915373179868,50000
2019-11-05,1.5630915373179868,1.5646274277316794,1.3770785043118712,1.3814221629880366,55090
2019-11-06,1.3814221629880366,1.3882543675741756,1.1950485493114322,1.1969657550481227,57149
2019-11-07,1.1969657550481227,1.9311638199658319,1.188597956146247,1.9212639170900758,59953
2019-11-08,1.9212639170900758,2.860536754755787,1.9163872706961598,2.8259239106077856,73086
2019-11-11,2.8259239106077856,3.3465468082875365,2.8208273525556544,3.315242702573917,50000
2019-11-12,3.315242702573917,3.870980144906809,3.2942409639989894,3.8580612856310927,50000
2019-11-13,3.8580612856310927,3.8690898853685676,3.8510486096203596,3.862828264658313,50000
2019-11-14,3.862828264658313,4.180088341399226,3.8559641169632863,4.174674592692764,58480
2019-11-15,4.174674592692764,4.178632247222412,4.083448681258253,4.142134462924031,50000
2019-11-18,4.142134462924031,4.159877880771103,3.892103012644128,3.906479711511864,50000
2019-11-19,3.906479711511864,3.9389738023671574,3.612488262007674,3.63403468801645,50000
2019-11-20,3.63403468801645,3.87724996029632,3.631929639699187,3.871408841649295,66009
2019-11-21,3.871408841649295,4.348666507197168,3.8485825447436937,4.336910005218607,105465
2019-11-22,4.336910005218607,4.352611897626556,4.194059650502603,4.209410280095499,50000
2019-11-25,4.209410280095499,4.913174844563314,4.18111191763338,4.900216942969006,68401
2019-11-26,4.900216942969006,5.131585914747492,4.887682851441271,5.094659556826596,50000
2019-11-27,5.094659556826596,5.121074842548343,4.581474025324076,4.589513493415997,71360
2019-11-28,4.589513493415997,4.61280856847425,4.545039408155551,4.582660618950409,57135
2019-11-29,4.582660618950409,4.7903925972817705,4.5248738872387255,4.76789810590075,50000
2019-12-02,4.76789810590075,4.808581649479765,4.305843852762271,4.336582933502887,50000
2019-12-03,4.336582933502887,5.028221824939995,4.331689501343686,5.015483186405609,50000
2019-12-04,5.015483186405609,5.05393273303607,4.748259948758006,4.8005043796134625,50000
2019-12-05,4.8005043796134625,4.856250551865419,4.642835933204509,4.690789267743716,184733
2019-12-06,4.690789267743716,4.7334291801406465,4.459235455839967,4.462917198317566,50000
2019-12-09,4.462917198317566,5.024076188838593,4.438628016956276,4.980551565603253,50000
2019-12-10,4.980551565603253,4.985608843909492,4.782620153419226,4.811010175836041,50000
2019-12-11,4.811010175836041,5.015394228265408,4.796299805100963,4.944071971947636,50000
2019-12-12,4.944071971947636,4.953572432299712,4.503597629964433,4.520323573331136,50000
2019-12-13,4.520323573331136,4.57384572094109,4.216539191860209,4.254343018071645,115387
2019-12-16,4.254343018071645,4.603389906113511,4.223895523639663,4.5905982009311925,93834
2019-12-17,4.5905982009311925,4.870903871225304,4.576844272111499,4.789774907575808,52450
2019-12-18,4.789774907575808,4.804982029819159,4.2998586827164695,4.32727319210492,50000
2019-12-19,4.32727319210492,4.745345691519861,4.323478892177529,4.706198111755687,50000
2019-12-20,4.706198111755687,4.734973429488997,4.404199819520928,4.417447466927378,50000
2019-12-23,4.417447466927378,4.703689365560129,4.4148342738929305,4.701761883890572,50000
2019-12-24,4.701761883890572,5.037850140028459,4.663990710248572,5.010263069318817,102805
2019-12-25,5.010263069318817,5.0176935047915245,4.874567175272512,4.877888777815482,51691
2019-12-26,4.877888777815482,4.929798135631054,4.861306825508249,4.924244153705674,50000
2019-12-27,4.924244153705674,4.990147715880975,4.867313604361522,4.975449699962556,50000
2019-12-30,4.975449699962556,5.021004305091174,4.635575671437834,4.654318968715119,50000
2019-12-31,4.654318968715119,4.679786446517699,4.536804787059703,4.552544943549856,52629
2020-01-01,4.552544943549856,4.577283201289308,4.498366029059935,4.540098916045552,50000
2020-01-02,4.540098916045552,4.547761973230819,4.392518312510339,4.424476274068418,57421
2020-01-03,4.424476274068418,4.453237693113637,4.072225794700957,4.073420279795824,50000
2020-01-06,4.073420279795824,4.229260768033394,4.046440492988933,4.168820605280486,138414
2020-01-07,4.168820605280486,4.208986314867137,4.114935485198226,4.126886487689419,50000
2020-01-08,4.126886487689419,4.137753010605477,3.8299463953379163,3.8439324181877654,50000
2020-01-09,3.8439324181877654,3.8497433791712394,3.4270354030407133,3.4310600969691403,96064
2020-01-10,3.4310600969691403,3.4314064336564627,3.233578006131733,3.241551853626901,50000
2020-01-13,3.241551853626901,3.3690256979596875,3.20004651219998,3.3644092428795696,50441
2020-01-14,3.3644092428795696,3.804297406533089,3.3500077997992608,3.7561415133721887,50000
2020-01-15,3.7561415133721887,3.7641158771110437,3.3083174966776947,3.329315199645183,50000
2020-01-16,3.329315199645183,4.012835487108576,3.324022902924933,4.0003585905543835,50000
2020-01-17,4.0003585905543835,4.012007861999112,3.6471620961100353,3.6603938177678557,56242
2020-01-20,3.6603938177678557,3.6900450152951447,3.2130552115788196,3.2389249066262242,50000
2020-01-21,3.2389249066262242,3.6116616275617948,3.2206562584713954,3.589393655856003,50000
2020-01-22,3.589393655856003,3.8379735949465377,3.576397003522555,3.784057222349741,53656
2020-01-23,3.784057222349741,3.7886551256970797,3.640175494868362,3.656399673331687,50000
2020-01-24,3.656399673331687,3.6968803082942987,3.6347793200814005,3.6655149028837717,50000
2020-01-27,3.6655149028837717,4.162638410420441,3.655964279329162,4.148612859096506,50000
2020-01-28,4.148612859096506,4.757179195986484,4.134421969787841,4.7367754265453526,50000
2020-01-29,4.7367754265453526,4.855102304536039,4.7358147071807775,4.843332430153775,50000
2020-01-30,4.843332430153775,4.857962034984286,4.696256641303817,4.701748401813968,86816
2020-01-31,4.701748401813968,4.736369074664242,4.63042707531498,4.669708859983601,50000
2020-02-03,4.669708859983601,4.6957413416508915,4.188019538724046,4.193178657903863,50000
2020-02-04,4.193178657903863,4.19851904726165,4.032858917967415,4.073356299211937,74702
2020-02-05,4.073356299211937,4.362186715109289,4.04564848580993,4.344438225071854,50000
2020-02-06,4.344438225071854,4.831373299121425,4.3300813009761026,4.811353190869416,50000
2020-02-07,4.811353190869416,5.395150192026295,4.804889542609507,5.392849772440751,50000
2020-02-10,5.392849772440751,5.454981969046129,5.389395321408362,5.416825975749595,91082
2020-02-11,5.416825975749595,5.4600445331100085,5.262243376339426,5.313242639881868,63753
2020-02-12,5.313242639881868,5.5278584704392015,5.292872518681372,5.504027134505119,50000
2020-02-13,5.504027134505119,5.521552265403656,5.1739315441609826,5.2053416628488725,102918
2020-02-14,5.2053416628488725,5.645546467551033,5.192768183957289,5.600105312919112,50000
2020-02-17,5.600105312919112,5.606108461914725,5.470669626804113,5.4955363670628,70330
2020-02-18,5.4955363670628,5.514582131186536,5.405049701925075,5.442565581276292,50000
2020-02-19,5.442565581276292,5.450381836564709,5.056372590448354,5.065555343293613,50000
2020-02-20,5.065555343293613,5.338128944647238,5.064134607094582,5.32093341570863,74358
2020-02-21,5.32093341570863,5.358554671193336,5.274262518906044,5.292321519456114,50000
2020-02-24,5.292321519456114,5.687033852307163,5.280309307390826,5.609328294696026,50000
2020-02-25,5.609328294696026,5.627348892995519,5.551904545391522,5.608475932354822,50000
2020-02-26,5.608475932354822,5.864217383494525,5.59234842643095,5.831068252508079,50000
2020-02-27,5.831068252508079,6.470167947659093,5.745921566075877,6.442173983223776,101261
2020-02-28,6.442173983223776,6.490778249358457,6.128681544017893,6.1440076988814445,50000
2020-03-02,6.1440076988814445,6.170499530299185,5.4668760176598825,5.468803876238999,50000
2020-03-03,5.468803876238999,5.864606087697191,5.374634255436978,5.845202491334101,50000
2020-03-04,5.845202491334101,5.845960953895504,5.607724538191675,5.621836582997357,50000
2020-03-05,5.621836582997357,5.723228742618141,5.598920736940429,5.681726890454304,107452
2020-03-06,5.681726890454304,5.685322765549167,5.503959844559849,5.540762201116091,50000
2020-03-09,5.540762201116091,5.885949514879601,5.5233820172880455,5.8754221929169494,91943
2020-03-10,5.8754221929169494,5.8949512228712635,5.728147538779311,5.751867185293028,50000
2020-03-11,5.751867185293028,5.783198138794239,5.488973318130287,5.495144961015206,50000
2020-03-12,5.495144961015206,5.581795761578784,5.463955703123475,5.581124901168314,50000
2020-03-13,5.581124901168314,5.604005351239077,5.240638990008802,5.246488161588851,99008
2020-03-16,5.246488161588851,5.2877581898516794,4.772837611979508,4.777581874712352,54541
2020-03-17,4.777581874712352,4.79472650761411,4.688345997288262,4.721128057582401,50000
2020-03-18,4.721128057582401,4.725037947655935,4.489148871086835,4.510611633719858,50000
2020-03-19,4.510611633719858,4.5337367338192305,4.24251553112256,4.254860880436644,50000
2020-03-20,4.254860880436644,4.273109524123456,4.097036317137361,4.121446706399199,50000
2020-03-23,4.121446706399199,4.155523009481545,3.979552465543846,3.990866887457939,50000
2020-03-24,3.990866887457939,4.011770434154691,3.916907969003134,3.943493310145835,50000
2020-03-25,3.943493310145835,4.082546494896981,3.911503416091844,4.073564759975057,50000
2020-03-26,4.073564759975057,4.37842109086905,4.063515829006856,4.362445074457403,57521
2020-03-27,4.362445074457403,4.5461708207057505,4.334994342576436,4.523781906224357,90142
2020-03-30,4.523781906224357,4.680316760199977,4.505704291389186,4.646571850929781,63002
2020-03-31,4.646571850929781,4.780294812945206,4.626431617169938,4.766099351499738,68051
2020-04-01,4.766099351499738,4.791719201120755,4.692824326875995,4.698098109956215,50000
2020-04-02,4.698098109956215,5.100252105742786,4.6672387075036905,5.086751266605011,84256
2020-04-03,5.086751266605011,5.278879410283831,5.044154297483587,5.231509992837137,50000
2020-04-06,5.231509992837137,5.737997421869601,5.1809606219036795,5.731191675464448,50000
2020-04-07,5.731191675464448,5.801665443037112,5.605262356384995,5.6529768219114,73277
2020-04-08,5.6529768219114,5.7034555013649095,5.180074654329971,5.241428847109619,50000
2020-04-09,5.241428847109619,5.242983505231582,5.2074038509215645,5.235519036462475,50000
2020-04-10,5.235519036462475,5.7822992026426725,5.212730388837383,5.703055458031093,50000
2020-04-13,5.703055458031093,5.73481341990764,5.317170157992849,5.3239138251610525,69760
2020-04-14,5.3239138251610525,5.373943455988614,5.311439630096817,5.357723288701078,50000
2020-04-15,5.357723288701078,5.3664591228249385,5.014456230684919,5.030030313527682,59845
2020-04-16,5.030030313527682,5.067016177824946,4.384190704217846,4.44428941955542,61390
2020-04-17,4.44428941955542,4.483152230083734,4.258428494658349,4.265904323475609,50000
2020-04-20,4.265904323475609,4.267048304747186,3.952050944533974,3.96024851807702,112127
2020-04-21,3.96024851807702,3.974730939655304,3.9502901753461557,3.968272838476016,84541
2020-04-22,3.968272838476016,4.371547693896228,3.9598615822025667,4.362016242735666,50000
2020-04-23,4.362016242735666,4.401764143847363,3.8794814020486648,3.886836411731992,50000
2020-04-24,3.886836411731992,3.9113007100230845,3.596838509149729,3.599744664299355,122423
2020-04-27,3.599744664299355,3.6713505402195405,3.5893953691115597,3.6502078336650934,50000
2020-04-28,3.6502078336650934,3.719698309812873,3.6195209087958515,3.7074669900877617,50000
2020-04-29,3.7074669900877617,3.71976209965476,3.430563914210539,3.4535542416783813,50000
2020-04-30,3.4535542416783813,3.7350144913109804,3.4530028973949594,3.7180265527902527,50000
2020-05-01,3.7180265527902527,4.201606347115116,3.695908053111183,4.138784090305836,50000
2020-05-04,4.138784090305836,4.24240008804788,4.123766360263702,4.2228340805724915,184238
2020-05-05,4.2228340805724915,4.240128246163054,4.010202267859098,4.010898594812056,50000
2020-05-06,4.010898594812056,4.1553670193097165,3.9736374192785897,4.147859961366432,52575
2020-05-07,4.147859961366432,4.149365273155483,3.7620206182738616,3.7745908401025474,53422
2020-05-08,3.7745908401025474,4.228982434043432,3.7497807182800806,4.192096672247402,50000
2020-05-11,4.192096672247402,4.234030395402427,3.815350823209889,3.8154056491909265,50000
2020-05-12,3.8154056491909265,4.3224099857635565,3.7943002609261525,4.31592209210217,50000
2020-05-13,4.31592209210217,5.07742636902274,4.310509321772072,5.0459013556912575,50000
2020-05-14,5.0459013556912575,5.086965441556082,5.013600194425563,5.047498982422377,110054
2020-05-15,5.047498982422377,5.0572516646821395,4.644826120312574,4.693979155023038,50000
2020-05-18,4.693979155023038,4.715841271573504,4.584206431681821,4.614320614858727,50000
2020-05-19,4.614320614858727,4.623042976104269,3.755590791301437,3.7660982301336627,214740
2020-05-20,3.7660982301336627,4.041249924392051,3.7338879668309697,4.017955067922821,50000
2020-05-21,4.017955067922821,4.27500874739126,4.017859145947464,4.269800873613693,50000
2020-05-22,4.269800873613693,4.2807408334233035,4.162842244966643,4.197291433929479,50000
2020-05-25,4.197291433929479,4.702604659971295,4.174005398701635,4.6805630904325835,77949
2020-05-26,4.6805630904325835,4.6965927740346,4.546020414623178,4.550530854659988,50000
2020-05-27,4.550530854659988,4.577093250004977,4.487873836787638,4.496243003130383,50000
2020-05-28,4.496243003130383,4.700436313580567,4.485398425336821,4.698390626626782,68745
2020-05-29,4.698390626626782,4.712701560183571,4.590982018500418,4.678018213108746,50000
2020-06-01,4.678018213108746,4.687699062034213,4.412790034748794,4.418071469134436,50000
2020-06-02,4.418071469134436,4.4311265104201745,4.379242788857049,4.4208981974075625,50000
2020-06-03,4.4208981974075625,4.435980483292449,4.202509595046985,4.219312912080586,54090
2020-06-04,4.219312912080586,4.235206489438844,3.9396045271950135,3.9878287997817132,50000
2020-06-05,3.9878287997817132,3.9907924454152175,3.846507852531843,3.8778810253329863,50000
2020-06-08,3.8778810253329863,4.181617451448313,3.877763430042725,4.166519347124372,50000
2020-06-09,4.166519347124372,4.171881847501254,3.703934687304566,3.714586745597536,50000
2020-06-10,3.714586745597536,4.342874006862233,3.688390552668669,4.315293790843493,50000
2020-06-11,4.315293790843493,4.317184963231521,3.9034745914878246,3.9049438787434045,50000
2020-06-12,3.9049438787434045,3.9146599821968238,3.7192464321732506,3.7289036477014066,50000
2020-06-15,3.7289036477014066,3.7505752122012415,3.524256764607378,3.5492461680805567,50000
2020-06-16,3.5492461680805567,3.593283544327596,3.466312598437853,3.477965705535655,75289
2020-06-17,3.477965705535655,3.668422564081368,3.4444814575578837,3.642084009774418,50000
2020-06-18,3.642084009774418,3.6760906559219553,3.038672156352253,3.0547582200693597,101621
2020-06-19,3.0547582200693597,3.0776374764164744,2.700191228581469,2.7086469213604007,50000
2020-06-22,2.7086469213604007,2.7265467263659957,2.4474303050151973,2.4646952395251716,59148
2020-06-23,2.4646952395251716,2.956047305347966,2.453392551425409,2.9330968320928004,52811
2020-06-24,2.9330968320928004,2.9445321450649513,2.544774484002755,2.5544632547924047,92352
2020-06-25,2.5544632547924047,2.558153796155536,2.238016760914333,2.2465895605448694,50000
2020-06-26,2.2465895605448694,2.2591452003640167,2.094389680730502,2.1032454021645206,58638
2020-06-29,2.1032454021645206,2.108979011225127,1.5948599607524534,1.5968293619848999,50000
2020-06-30,1.5968293619848999,1.604930459761703,1.4159495738295935,1.4337956346207577,50000
2020-07-01,1.4337956346207577,2.333853026880266,1.432914454459841,2.327912858523507,50000
2020-07-02,2.327912858523507,2.9010722791415535,2.3265192417070026,2.8824656178570924,51875
2020-07-03,2.8824656178570924,2.8944589646145507,2.6598757603918144,2.673624837970271,50000
2020-07-06,2.673624837970271,2.695321625872609,2.6568169250795286,2.692697677736661,50000
2020-07-07,2.692697677736661,2.7010760198988626,2.246393266279427,2.265779350309433,50000
2020-07-08,2.265779350309433,2.2691637032684793,2.0985740817181218,2.1196251202489966,50000
2020-07-09,2.1196251202489966,2.403010841668799,2.1173465577589656,2.3919156785465567,89311
2020-07-10,2.3919156785465567,2.6902936757540727,2.3770265903563508,2.6891113939451468,51088
2020-07-13,2.6891113939451468,3.328327837757635,2.6857461910821883,3.314321429169277,50000
2020-07-14,3.314321429169277,3.3456443029194713,3.0824725860756326,3.104813863759423,50000
2020-07-15,3.104813863759423,3.295507575617102,3.0850646186955997,3.2897315543764676,50000
2020-07-16,3.2897315543764676,3.6392188309353353,3.2876489203472987,3.6106572805200026,50000
2020-07-17,3.6106572805200026,3.767544287565289,3.5950695161893957,3.729042493379744,50000
2020-07-20,3.729042493379744,3.739345606557211,3.4759588091109617,3.4976184675916366,82824
2020-07-21,3.4976184675916366,3.501311613748958,3.2056144048549324,3.210506725816363,50000
2020-07-22,3.210506725816363,3.288436539687103,3.20775539398002,3.2707768110756708,50000
2020-07-23,3.2707768110756708,3.6184260920415565,3.2656859995696728,3.6181248468221936,118881
2020-07-24,3.6181248468221936,3.6594169636062666,3.1900806060721676,3.190142477722289,55524
2020-07-27,3.190142477722289,3.2873922562900697,3.180711352816869,3.2842139075903614,50000
2020-07-28,3.2842139075903614,3.300357772919088,2.978484892237288,3.0017322189338724,50000
2020-07-29,3.0017322189338724,3.0075071035416903,2.9703245477825835,2.9812792982798806,85743
2020-07-30,2.9812792982798806,3.0970758770858238,2.9780012727629983,3.095454859461034,50000
2020-07-31,3.095454859461034,3.4825195379038814,3.0890320436787504,3.4680566461814757,50000
2020-08-03,3.4680566461814757,3.503596800421715,2.9081343863971547,2.911483697395461,50000
2020-08-04,2.911483697395461,2.9323439400044475,2.739050356181919,2.75258682485686,50000
2020-08-05,2.75258682485686,3.044060118678191,2.748270744719852,3.0439118205740843,50000
2020-08-06,3.0439118205740843,3.0825882067911046,3.037968837785638,3.0600262772845057,50000
2020-08-07,3.0600262772845057,3.0845840536325433,3.0232636467593323,3.0303169230527462,50000
2020-08-10,3.0303169230527462,3.0475594557728756,2.6017970522456495,2.612338552309843,50000
2020-08-11,2.612338552309843,3.346295674473771,2.6030471637431813,3.3304577841677165,63819
2020-08-12,3.3304577841677165,3.9007208510748246,3.316130683192053,3.89499139882964,50000
2020-08-13,3.89499139882964,4.309544516801025,3.890953505616013,4.296494067457608,63568
2020-08-14,4.296494067457608,4.859323020898494,4.2880716288380185,4.814858853217917,50000
2020-08-17,4.814858853217917,4.872629755972318,4.783342017464282,4.816697287481121,62096
2020-08-18,4.816697287481121,4.8172383313833205,4.58061583297703,4.632766878828738,61006
2020-08-19,4.632766878828738,4.908119346045302,4.610153383060784,4.881692520150447,101393
2020-08-20,4.881692520150447,4.8991168546293595,4.734383368026346,4.752248636022959,50000
2020-08-21,4.752248636022959,5.310203458983696,4.741077810345055,5.24665986406615,65651
2020-08-24,5.24665986406615,5.753202373700878,5.199768571182713,5.733440394115721,50000
2020-08-25,5.733440394115721,5.752691533657833,5.685746532031848,5.687949752754681,57696
2020-08-26,5.687949752754681,6.043820834840031,5.66551985938957,6.007933266072404,50000
2020-08-27,6.007933266072404,6.017413274856719,5.519158313905245,5.524470108769197,73063
2020-08-28,5.524470108769197,6.179913187411385,5.513510486079379,6.117752414995656,50000
2020-08-31,6.117752414995656,6.29466474134575,6.053638433954752,6.28539280573222,50142
2020-09-01,6.28539280573222,6.310433239007097,6.220823364562471,6.307110071741416,50000
2020-09-02,6.307110071741416,6.705029245195982,6.2864967463476455,6.682545330083349,118433
2020-09-03,6.682545330083349,7.039624676709637,6.652205961604006,7.018655921665673,50000
2020-09-04,7.018655921665673,7.027033131878604,6.736334720095207,6.816142736799219,63287
2020-09-07,6.816142736799219,7.011078832655794,6.780066683556682,6.999867649245775,50000
2020-09-08,6.999867649245775,7.031949321362328,6.867820835104771,6.9410320323242525,50000
2020-09-09,6.9410320323242525,6.951343531907936,6.887293146531615,6.93015386396313,85497
2020-09-10,6.93015386396313,6.966315213000999,6.6512909940680025,6.692808784592588,60313
2020-09-11,6.692808784592588,7.0429677725371125,6.640778730896884,7.040877668130686,70084
2020-09-14,7.040877668130686,7.060637554081057,6.770099604492366,6.8056550920488865,50000
2020-09-15,6.8056550920488865,6.814598062176899,6.640903512950998,6.682880602021075,50000
2020-09-16,6.682880602021075,6.7037234104759875,6.665737333549631,6.694412626457899,50000
2020-09-17,6.694412626457899,7.065078408758381,6.653218978948276,7.007123634921321,50000
2020-09-18,7.007123634921321,7.474906424053189,6.983241497895344,7.454660311254502,50000
2020-09-21,7.454660311254502,7.477009549837359,7.129205213406661,7.129382336355702,50000
2020-09-22,7.129382336355702,7.183979453549082,6.820426490746088,6.8740022092729145,58612
2020-09-23,6.8740022092729145,7.2577777274216135,6.85984042395141,7.2553344597826745,80914
2020-09-24,7.2553344597826745,7.399870708760863,7.21588328066641,7.363696548754939,50000
2020-09-25,7.363696548754939,7.630668072264801,7.286759210281303,7.546812220001652,155224
2020-09-28,7.546812220001652,7.840787548756897,7.534370889339803,7.831424798599625,68050
2020-09-29,7.831424798599625,8.061244619972452,7.814224513224096,8.045312565599955,50000
2020-09-30,8.045312565599955,8.099097151635345,7.845063435307546,7.8554754037237995,50000
2020-10-01,7.8554754037237995,7.900881054219311,7.372204702625341,7.387650157439952,50000
2020-10-02,7.387650157439952,7.6422331497441975,7.343337961832983,7.6376142870172945,119496
2020-10-05,7.6376142870172945,8.404789535947849,7.593619499920015,8.324045609025204,148223
2020-10-06,8.324045609025204,8.37427257764382,7.778676519480302,7.795599062911163,50000
2020-10-07,7.795599062911163,7.880107221654873,7.696678305356172,7.714925655147877,79645
2020-10-08,7.714925655147877,7.738608326913984,7.264719328521139,7.288644573187222,62645
2020-10-09,7.288644573187222,7.343312916812916,6.692021312859749,6.777318251263519,54436
2020-10-12,6.777318251263519,6.895720941754478,6.769958880027255,6.8767637081222714,50000
2020-10-13,6.8767637081222714,6.925356265093382,6.827909813452232,6.834607016609729,50000
2020-10-14,6.834607016609729,6.869873192991083,6.718800757836517,6.750489549615086,101687
2020-10-15,6.750489549615086,6.837658731102742,6.694064262016807,6.819611089861239,50000
2020-10-16,6.819611089861239,6.867238616113236,6.670026687737176,6.705041921763954,50000
2020-10-19,6.705041921763954,6.727450309483145,6.133541078548469,6.145453061454045,50000
2020-10-20,6.145453061454045,6.422001214568511,6.123243822953813,6.375014543439261,57632
2020-10-21,6.375014543439261,6.404515919309948,6.303392971455961,6.319055452498151,50000
2020-10-22,6.319055452498151,6.376107857630384,6.318941253030219,6.333009976292373,50000
2020-10-23,6.333009976292373,6.371139665254448,5.98888803838989,6.054256560168911,50000
2020-10-26,6.054256560168911,6.203090003779756,5.997762680248855,6.146295428165894,50000
2020-10-27,6.146295428165894,6.433884387596654,6.140828819317932,6.37613880364582,50000
2020-10-28,6.37613880364582,6.385085987895195,6.175751888069822,6.194652954103507,50000
2020-10-29,6.194652954103507,6.252452452251301,6.161208769324233,6.2258897095158,73542
2020-10-30,6.2258897095158,6.544834826306844,6.204003974443436,6.5173212920219274,267950
2020-11-02,6.5173212920219274,7.511628073485412,6.503463744038533,7.501495995128812,50000
2020-11-03,7.501495995128812,7.865561088315415,7.468971628170005,7.863527494885607,80978
2020-11-04,7.863527494885607,7.954775013008166,7.367854812714723,7.37886186680092,50000
2020-11-05,7.37886186680092,8.151547121433126,7.332994038230914,8.114290478949272,72015
2020-11-06,8.114290478949272,8.281254024171853,8.062947842574488,8.261272622379975,50000
2020-11-09,8.261272622379975,8.672782089046798,8.183963298046104,8.669200826758875,50000
2020-11-10,8.669200826758875,9.04692543734794,8.633820570886902,9.01098097901522,50000
2020-11-11,9.01098097901522,9.046375508770081,8.674930650149038,8.73260022598297,50000
2020-11-12,8.73260022598297,8.775652637115927,8.704458963680477,8.762881272448396,129395
2020-11-13,8.762881272448396,8.830820332094312,8.334609434888378,8.335239813849608,50000
2020-11-16,8.335239813849608,8.87645849118429,8.325703016689491,8.771397593227187,137601
2020-11-17,8.771397593227187,9.03288823542356,8.749393678340406,9.007149294394543,50000
2020-11-18,9.007149294394543,9.324307009127923,8.884233883087992,9.295913595036527,50000
2020-11-19,9.295913595036527,9.310935059906443,9.073013535189679,9.147191727407902,50000
2020-11-20,9.147191727407902,9.204529986677478,8.829856919910624,8.912949187626793,50000
2020-11-23,8.912949187626793,9.349749619071183,8.816818119545847,9.306160878599163,50000
2020-11-24,9.306160878599163,9.3909841886239,9.283254734162547,9.38989280599012,168539
2020-11-25,9.38989280599012,9.474022828877688,9.195235888470775,9.203457213883592,50000
2020-11-26,9.203457213883592,9.322292359956993,9.050739436120596,9.086569829080506,50000
2020-11-27,9.086569829080506,9.293441587447413,9.004817887636856,9.26761595378443,50000
2020-11-30,9.26761595378443,9.278234874930417,8.98711067145606,9.043963849371963,54556
2020-12-01,9.043963849371963,9.399057626363486,9.018151960427115,9.358854257204694,50000
2020-12-02,9.358854257204694,9.658773415698827,9.30807632378895,9.605029825305113,50000
2020-12-03,9.605029825305113,9.643279003943546,9.392448856438312,9.432511046869724,50000
2020-12-04,9.432511046869724,9.496166170381084,9.152507348264763,9.173365697151983,96584
2020-12-07,9.173365697151983,9.685824859098348,9.171210684755405,9.625569577144523,50000
2020-12-08,9.625569577144523,9.936399541963311,9.609698815456335,9.923008804011241,50000
2020-12-09,9.923008804011241,10.374009242717058,9.91776173441006,10.350708845063615,81354
2020-12-10,10.350708845063615,10.35982997128651,9.845720085353776,9.933390791051327,50000
2020-12-11,9.933390791051327,10.409723763698924,9.903397117595345,10.302519447024116,50000
2020-12-14,10.302519447024116,10.368618018727323,10.04396122751696,10.05119835277772,50000
2020-12-15,10.05119835277772,10.39278992474662,10.003073736974251,10.344285485921962,50000
2020-12-16,10.344285485921962,10.414359797954056,10.266396626221644,10.337652624928127,109596
2020-12-17,10.337652624928127,10.37298347831396,10.217816204420691,10.225259486401967,72896
2020-12-18,10.225259486401967,10.26584686451848,9.983121645828572,9.996430468369214,50000
2020-12-21,9.996430468369214,10.070789175525283,9.958298884517555,10.041327906301479,50000
2020-12-22,10.041327906301479,10.072179464800058,9.994978275394486,10.0073963721436,102616
2020-12-23,10.0073963721436,10.743628935876913,9.934975409825928,10.700271342851151,50000
2020-12-24,10.700271342851151,10.713060474046118,10.501916565325958,10.558942246940623,149863
2020-12-25,10.558942246940623,10.795260245234228,10.552758565853397,10.762614693379591,50000
2020-12-28,10.762614693379591,11.238395011102627,10.701899521867498,11.19337088627961,51160
2020-12-29,11.19337088627961,11.775188343623803,11.150127019068774,11.704144896793833,50000
2020-12-30,11.704144896793833,11.741793866208946,11.516776231747466,11.535150502076569,50000
2020-12-31,11.535150502076569,12.060825401999226,11.522674993403331,11.993293333822928,51438
2021-01-01,11.993293333822928,11.99400274063564,11.73139215224425,11.784355036449568,89560
2021-01-04,11.784355036449568,11.9192484439247,11.465093601601417,11.507792622587687,50000
2021-01-05,11.507792622587687,11.70850806434526,11.188032817489987,11.211628259946382,50000
2021-01-06,11.211628259946382,11.24364590916449,10.49615377421718,10.559619019897701,50000
2021-01-07,10.559619019897701,10.565832654455168,10.379695325532849,10.420030946187453,50000
2021-01-08,10.420030946187453,10.42358592205421,9.877592797501478,9.963397308387888,50000
2021-01-11,9.963397308387888,10.081718317319883,9.301859200291526,9.402745135916309,50000
2021-01-12,9.402745135916309,9.451979002325189,9.189667419435962,9.211398074443718,64284
2021-01-13,9.211398074443718,9.233241638198386,9.14797038661017,9.22110744288348,50000
2021-01-14,9.22110744288348,9.708372420851026,9.207301840868055,9.65171867930869,102152
2021-01-15,9.65171867930869,9.77986764435242,9.42985943444836,9.477460464992244,50000
2021-01-18,9.477460464992244,9.838501263600383,9.375402019553011,9.754944464310181,53003
2021-01-19,9.754944464310181,9.799368641825208,9.70282209015782,9.784378514492278,50000
2021-01-20,9.784378514492278,9.947138709527296,9.675862078786471,9.944182750854692,50000
2021-01-21,9.944182750854692,10.29469932939961,9.930724761296519,10.251591469012544,50000
2021-01-22,10.251591469012544,10.803746109883152,10.175816113899662,10.681214446880022,52665
2021-01-25,10.681214446880022,10.764505990349441,10.627256350078135,10.68711365830363,50000
2021-01-26,10.68711365830363,11.319168436779917,10.65067772766028,11.197236645660917,62636
2021-01-27,11.197236645660917,11.19800845061173,10.941737769686421,10.987482404314681,50000
2021-01-28,10.987482404314681,11.388452860074976,10.93464054959211,11.333479286501671,50000
2021-01-29,11.333479286501671,11.343109065985692,11.021516603073934,11.069048357408057,50000
2021-02-01,11.069048357408057,11.432199721379957,11.059712190206548,11.4111774853849,91282
2021-02-02,11.4111774853849,11.554448537528627,11.3635337106478,11.506399775595078,50000
2021-02-03,11.506399775595078,11.509324343758612,10.799352537573574,10.850572264879133,104665
2021-02-04,10.850572264879133,10.892205642696707,10.71336471335018,10.730151216146247,50000
2021-02-05,10.730151216146247,10.817852399919545,10.120291867922344,10.194370248323253,50000
2021-02-08,10.194370248323253,10.619124240424398,10.0378705393493,10.493416220847047,50000
2021-02-09,10.493416220847047,10.62195956945709,10.456623529441213,10.576754874089087,50000
2021-02-10,10.576754874089087,10.579735685147543,10.249307865972101,10.322552218286633,50000
2021-02-11,10.322552218286633,10.683932837345013,10.303519550832624,10.558566139969596,50000
2021-02-12,10.558566139969596,10.82735579205451,10.465587047715603,10.818568981610062,51651
2021-02-15,10.818568981610062,10.87839007479512,10.262658347749863,10.264517773880602,78147
2021-02-16,10.264517773880602,10.294432959558046,9.955370856635932,10.024015600444104,50000
2021-02-17,10.024015600444104,10.03965531529974,9.440101969458553,9.456754711891422,50000
2021-02-18,9.456754711891422,9.640459419531346,9.446247977582527,9.634402102666703,50000
2021-02-19,9.634402102666703,9.984497391412592,9.617678906208978,9.899835521344203,50000
2021-02-22,9.899835521344203,10.224859895745357,9.881976107316659,10.222868123998486,50000
2021-02-23,10.222868123998486,10.298769610860202,10.172028991335424,10.26078209255263,50000
2021-02-24,10.26078209255263,10.31572362589921,9.983390424131132,10.001747939025247,50000
2021-02-25,10.001747939025247,10.649631521926862,9.934287791149481,10.646619186911533,57538
2021-02-26,10.646619186911533,10.723158989247748,10.239117077699385,10.334350122956524,50000
2021-03-01,10.334350122956524,10.854809910764722,10.302823248213832,10.834980632913261,50000
2021-03-02,10.834980632913261,10.915498880294894,10.755865243475672,10.881135093534208,50000
2021-03-03,10.881135093534208,11.013628505075651,9.827332790117966,9.854060216245466,50000
2021-03-04,9.854060216245466,10.171626186709094,9.773174426196798,10.119192130884793,50000
2021-03-05,10.119192130884793,10.56630308757285,10.007875815739585,10.566023410863014,50000
2021-03-08,10.566023410863014,11.531866762584077,10.505442505945116,11.524309602972906,50000
2021-03-09,11.524309602972906,11.907751395568877,11.461002394769187,11.793559431918075,80002
2021-03-10,11.793559431918075,11.95823270722888,11.430124556239962,11.456507774738538,58010
2021-03-11,11.456507774738538,11.47104999248856,11.186279097522371,11.376226889304451,50000
2021-03-12,11.376226889304451,11.563539536343765,11.300985003026671,11.445272103551552,62402
2021-03-15,11.445272103551552,11.48992284891842,11.172537233007107,11.258709339024257,57336
2021-03-16,11.258709339024257,11.315667551344884,10.809871682952918,10.904520864599018,50000
2021-03-17,10.904520864599018,10.916945173633765,10.894788723603366,10.90509631923985,50000
2021-03-18,10.90509631923985,10.98304833692289,10.808928630438135,10.880486994940522,50000
2021-03-19,10.880486994940522,11.281076758843483,10.857923399746435,11.275549462290416,104509
2021-03-22,11.275549462290416,11.908576891588188,11.245742476402572,11.815672739965606,85711
2021-03-23,11.815672739965606,11.938951034002399,11.760034703096377,11.8877962426648,61432
2021-03-24,11.8877962426648,11.936517918043467,11.53933308163946,11.579665883441056,50000
2021-03-25,11.579665883441056,11.642281839197118,11.53967763177106,11.627721015186117,50000
2021-03-26,11.627721015186117,11.646276825674732,11.038377912831988,11.065697200236036,50212
2021-03-29,11.065697200236036,11.495172173763534,11.030938109392071,11.444516379811914,50000
2021-03-30,11.444516379811914,11.506381185684196,11.375489713664576,11.456845870360715,50000
2021-03-31,11.456845870360715,12.347281410355588,11.428564071517288,12.201625611267636,50000
2021-04-01,12.201625611267636,12.242015436482921,11.808725409151483,11.85975534162829,50000
2021-04-02,11.85975534162829,11.917860851776014,11.32030574673911,11.32692633321781,50000
2021-04-05,11.32692633321781,11.392388118594296,10.987644513843184,11.037281481334828,50000
2021-04-06,11.037281481334828,11.74951834241072,10.977024071714581,11.694429328771006,80296
2021-04-07,11.694429328771006,11.725970283246161,10.936981167434464,11.025688951169641,50000
2021-04-08,11.025688951169641,11.051179912881203,10.685715797913517,10.69553097592527,50000
2021-04-09,10.69553097592527,11.085843931324417,10.615749811910622,11.013045681616926,67388
2021-04-12,11.013045681616926,11.471982209485029,11.00268844935478,11.467667750199169,52825
2021-04-13,11.467667750199169,11.748546466920525,11.465377576282352,11.745000658474416,50000
2021-04-14,11.745000658474416,12.046354730062506,11.703243618025903,11.977661660774935,50000
2021-04-15,11.977661660774935,12.084888857436846,11.935604439022141,12.051538360134186,80719
2021-04-16,12.051538360134186,12.477297476778618,11.980919854821762,12.325194935778445,50000
2021-04-19,12.325194935778445,12.843511785281214,12.30091241731789,12.746952911936482,50000
2021-04-20,12.746952911936482,13.02552832148255,12.702392357088723,12.92760903607868,50000
2021-04-21,12.92760903607868,13.43791909964035,12.854688030821798,13.309328248628827,50000
2021-04-22,13.309328248628827,13.86779511919258,13.247117960441084,13.75854696169406,135880
2021-04-23,13.75854696169406,13.871401211578076,13.304143386526981,13.313476808211446,50000
2021-04-26,13.313476808211446,13.573663879040026,13.260960368157583,13.46639521629156,50000
2021-04-27,13.46639521629156,13.528470834058965,13.464638709568726,13.476691402858133,50000
2021-04-28,13.476691402858133,13.579272128827645,12.241694220837465,12.315019188985655,50000
2021-04-29,12.315019188985655,12.348985059327218,11.593347779032486,11.599965611016605,50000
2021-04-30,11.599965611016605,11.692730749348803,11.18266094389911,11.19018999727863,50000
2021-05-03,11.19018999727863,11.30694612593742,11.158827920204486,11.243701703890721,50000
2021-05-04,11.243701703890721,11.643073693719,11.181957827554369,11.588199795483773,50000
2021-05-05,11.588199795483773,11.88738736878272,11.534976600394797,11.885331730684184,50000
2021-05-06,11.885331730684184,12.44685179681432,11.850807784306262,12.33813898025695,50827
2021-05-07,12.33813898025695,12.343174572963376,11.731696323908418,11.738311943586211,50000
2021-05-10,11.738311943586211,11.948395731653514,11.697430798693674,11.892576307589891,127672
2021-05-11,11.892576307589891,12.359701198591742,11.770624590464031,12.315184196118643,50000
2021-05-12,12.315184196118643,12.323979162478393,12.127128147233869,12.229692382352523,57508
2021-05-13,12.229692382352523,12.62290612094916,12.13166454746805,12.56517099512642,55625
2021-05-14,12.56517099512642,12.63939059085945,11.8938368787526,11.95749641270884,50000
2021-05-17,11.95749641270884,12.361266920636723,11.942054196169819,12.313940155621067,66744
2021-05-18,12.313940155621067,12.33568430954104,12.109316837704934,12.150701175974813,61690
2021-05-19,12.150701175974813,12.647529082841729,12.096327113374493,12.615991226796828,59095
2021-05-20,12.615991226796828,12.860541541289008,12.51481951385124,12.734140201424028,88224
2021-05-21,12.734140201424028,13.069131086075023,12.728669046014119,13.042843901782613,50000
2021-05-24,13.042843901782613,13.165316188448163,12.98348817890772,13.05334049328301,124997
2021-05-25,13.05334049328301,13.110073299813296,12.79574041502981,12.91637837757685,50000
2021-05-26,12.91637837757685,12.939239770629591,12.84077641481199,12.874174970223411,50000
2021-05-27,12.874174970223411,13.021513659144738,12.374821459989695,12.37579677121905,50000
2021-05-28,12.37579677121905,12.606511449819783,12.35963871995374,12.514521739794729,57147
2021-05-31,12.514521739794729,12.635352749811732,12.182767454013813,12.204075578964348,85599
2021-06-01,12.204075578964348,12.273283025030048,11.994361275208988,12.097231422371074,50000
2021-06-02,12.097231422371074,12.11375417138136,11.78621965930207,11.873415273029648,50000
2021-06-03,11.873415273029648,12.471234577726708,11.80944288543642,12.405634055157243,50000
2021-06-04,12.405634055157243,12.44779166314425,12.366492684350078,12.367230444747754,50000
2021-06-07,12.367230444747754,13.073528730060639,12.298738265532988,12.97052952450853,50000
2021-06-08,12.97052952450853,13.012724858081683,12.887068436524517,12.983014377313063,50000
2021-06-09,12.983014377313063,13.483837636347708,12.861046139110858,13.411673462931276,50000
2021-06-10,13.411673462931276,13.431009621856925,13.128961466818211,13.168370396889166,52128
2021-06-11,13.168370396889166,13.438568005591186,13.10153939332066,13.41150092936713,50000
2021-06-14,13.41150092936713,13.429013772096265,13.181711497031419,13.217521675315307,50000
2021-06-15,13.217521675315307,13.797268911909093,13.198994500749224,13.764435092706552,50000
2021-06-16,13.764435092706552,13.76888527547363,13.678688973888825,13.693634368494829,50000
2021-06-17,13.693634368494829,14.184213112257629,13.650201989002484,14.1518638789461,128140
2021-06-18,14.1518638789461,14.367486619623582,14.068024502562858,14.266391422400574,57374
2021-06-21,14.266391422400574,15.129402650040745,14.165233151687701,15.098358276711334,80105
2021-06-22,15.098358276711334,15.19670626214111,14.962244088997998,14.98104669594588,50000
2021-06-23,14.98104669594588,15.545582617524165,14.972631352270197,15.499905737492783,61614
2021-06-24,15.499905737492783,15.54233536022574,15.385013066895969,15.540065814772289,50000
2021-06-25,15.540065814772289,15.668071940229183,15.41115419521974,15.445253721084883,50886
2021-06-28,15.445253721084883,15.459271405085401,14.957508788594485,15.008606624359508,60212
2021-06-29,15.008606624359508,15.302143753580358,14.978040339245368,15.27426717502942,50000
2021-06-30,15.27426717502942,15.417971015746952,15.161486188198154,15.396775848313519,50000
2021-07-01,15.396775848313519,15.405914705075112,14.7785589459831,14.881373466743637,53661
2021-07-02,14.881373466743637,15.189920523188912,14.795253088822511,15.111755004180297,56061
2021-07-05,15.111755004180297,15.751901866590181,15.06189739036123,15.695228578484969,50000
2021-07-06,15.695228578484969,16.428143625712934,15.69176930307134,16.341742110579453,50000
2021-07-07,16.341742110579453,16.478157986421124,15.786787507012473,15.87196244654762,50000
2021-07-08,15.87196244654762,15.894355050904743,15.510080310153679,15.649322385384945,50000
2021-07-09,15.649322385384945,15.699969833628062,15.042414431402305,15.090921994357652,84112
2021-07-12,15.090921994357652,15.121572870474381,14.47527336996695,14.487283483726289,50000
2021-07-13,14.487283483726289,14.679875154424249,14.385838392737504,14.525347381393066,50000
2021-07-14,14.525347381393066,14.593896374235301,14.4042635682845,14.463665402487097,50000
2021-07-15,14.463665402487097,14.634865007107297,14.383269673098303,14.5032676659036,154584
2021-07-16,14.5032676659036,15.483368481819566,14.39312174065006,15.449563615134807,50000
2021-07-19,15.449563615134807,15.456762289182192,15.427808878282963,15.451357530206954,50000
2021-07-20,15.451357530206954,15.526523090720344,15.450235051786843,15.454253160846934,50000
2021-07-21,15.454253160846934,15.686232145641277,15.360838927221645,15.562584088813322,50000
2021-07-22,15.562584088813322,16.09988168506648,15.50719993784421,16.03599835271453,50000
2021-07-23,16.03599835271453,16.345791031139612,15.901922454584021,16.254435473131835,132451
2021-07-26,16.254435473131835,16.411756476821843,16.11848268877245,16.147880406970344,103985
2021-07-27,16.147880406970344,16.43191116298418,16.126601676617522,16.279626037289365,50000
2021-07-28,16.279626037289365,16.61765720806584,16.252677845514622,16.566929951583177,50000
2021-07-29,16.566929951583177,16.662550743921944,16.25606998057589,16.34002722940916,80821
2021-07-30,16.34002722940916,16.449862073766788,15.892682454958896,15.954797552603853,50000
2021-08-02,15.954797552603853,16.16503957661878,15.866065508215382,16.092347453325157,50000
2021-08-03,16.092347453325157,16.175349603578848,16.056513006993118,16.148000103359404,50000
2021-08-04,16.148000103359404,16.31710069745365,15.981691326166144,16.279885147829493,50000
2021-08-05,16.279885147829493,16.356496129940297,15.708398676878067,15.895896583815599,92335
2021-08-06,15.895896583815599,15.91002030771453,15.732832803427517,15.765737360153365,63808
2021-08-09,15.765737360153365,16.32509008866003,15.65771313462127,16.180805095403958,50000
2021-08-10,16.180805095403958,16.269568961746444,15.870344592000313,15.976737450425187,66043
2021-08-11,15.976737450425187,15.986326804659017,15.713612114135193,15.809453682913434,50000
2021-08-12,15.809453682913434,16.221517791397154,15.791382246744075,16.186375338082097,130737
2021-08-13,16.186375338082097,16.2383350880065,15.826825459898107,15.883129134725635,55812
2021-08-16,15.883129134725635,16.4355394147226,15.724693420353397,16.369032993663126,56013
2021-08-17,16.369032993663126,16.41155773402515,15.806242170638308,15.987724840978057,50000
2021-08-18,15.987724840978057,16.032119146752493,15.806486526222736,15.920828370963756,50000
2021-08-19,15.920828370963756,16.742148755388623,15.877989628631834,16.6134532125837,50000
2021-08-20,16.6134532125837,16.786176257406307,16.568688211059143,16.652483522308593,119109
2021-08-23,16.652483522308593,17.13920898594789,16.568331025763317,16.965451198640768,50000
2021-08-24,16.965451198640768,17.286889403046146,16.962810087779896,17.277370483048948,50000
2021-08-25,17.277370483048948,17.404890146466627,16.903229067047505,16.965171058062374,50000
2021-08-26,16.965171058062374,17.048824021819016,16.828120793797137,16.881215720930047,50000
2021-08-27,16.881215720930047,17.460972145921655,16.789080845350625,17.372499148241204,50000
2021-08-30,17.372499148241204,17.49545329504253,17.302797771987894,17.342382131305634,50000
2021-08-31,17.342382131305634,17.55516610738576,16.823904702188578,16.877137587988507,50000
2021-09-01,16.877137587988507,16.908806283529753,16.484090377176063,16.796487209057535,119023
2021-09-02,16.796487209057535,17.01838851091679,16.67531405825181,16.684657185088906,50000
2021-09-03,16.684657185088906,16.726505661835365,16.226577177672425,16.262259254465167,50000
2021-09-06,16.262259254465167,16.49716616049126,16.18529553473223,16.47525088422147,50000
2021-09-07,16.47525088422147,16.672358765551476,16.338947098796424,16.66256559800342,103131
2021-09-08,16.66256559800342,17.088710655917374,16.6012985061189,16.982754488818436,50000
2021-09-09,16.982754488818436,17.555269287146064,16.885810636369605,17.328393894274896,62533
2021-09-10,17.328393894274896,17.56983192637788,17.32679081982444,17.567395695699663,50000
2021-09-13,17.567395695699663,17.658447268871168,17.53089463610159,17.648700798977522,50000
2021-09-14,17.648700798977522,17.848176232027175,17.113909073909838,17.248672441681936,50000
2021-09-15,17.248672441681936,17.50277981834039,17.217646583254595,17.382923744177262,50000
2021-09-16,17.382923744177262,17.47884852199557,17.110616157733766,17.21298851781455,50000
2021-09-17,17.21298851781455,17.391426131135177,16.73477173583409,16.86015158627874,50000
2021-09-20,16.86015158627874,16.988072413786668,16.47819943065727,16.530510674768127,50000
2021-09-21,16.530510674768127,16.632168745682296,16.279629575291846,16.305039135193837,50000
2021-09-22,16.305039135193837,16.331355749310397,16.035618235136045,16.192019797172755,50000
2021-09-23,16.192019797172755,16.316474483865065,15.932879818576895,16.281471024549283,50000
2021-09-24,16.281471024549283,16.527881266934955,16.226523925065116,16.514834092977274,104651
2021-09-27,16.514834092977274,16.596614663573735,16.40037202345887,16.423121797457327,50000
2021-09-28,16.423121797457327,17.133056229427797,16.320844543903533,17.051705878533276,50000
2021-09-29,17.051705878533276,17.639334498408257,17.010379977604934,17.540471905142915,63758
2021-09-30,17.540471905142915,17.83563480758235,17.491626704483124,17.631334683263827,50000
2021-10-01,17.631334683263827,17.722896448448758,17.477523616115366,17.665895735184307,50000
2021-10-04,17.665895735184307,17.71851010823851,17.443068589035658,17.506533232608685,275055
2021-10-05,17.506533232608685,17.710631826643343,17.353776913766875,17.697881023903154,50000
2021-10-06,17.697881023903154,18.043962441693097,17.652379785005447,18.011013567083396,50000
2021-10-07,18.011013567083396,18.22787081844698,17.942408354314804,18.130553293209715,94709
2021-10-08,18.130553293209715,18.74936724290405,17.96028158118838,18.6701347023579,50000
2021-10-11,18.6701347023579,18.938154219488325,18.602982360230804,18.924794553302394,50000
2021-10-12,18.924794553302394,18.958723714660653,18.300467029252243,18.337980994752154,50000
2021-10-13,18.337980994752154,19.20795447901017,18.216803134396717,19.093759714336077,86453
2021-10-14,19.093759714336077,19.503242842838848,19.043136923018483,19.48007695968539,50000
2021-10-15,19.48007695968539,19.611241236671297,18.80276036045278,18.915360400123635,50000
2021-10-18,18.915360400123635,19.122815578440758,18.890094235180076,19.069756997234254,133539
2021-10-19,19.069756997234254,19.11400583823983,18.63949151574997,18.64455602058448,50000
2021-10-20,18.64455602058448,18.66621965372461,17.997865965122173,18.046470189870647,50000
2021-10-21,18.046470189870647,18.627253904924807,17.973234168028537,18.452349901038026,50000
2021-10-22,18.452349901038026,18.47598509350347,18.201582228750684,18.21598247851604,50000
2021-10-25,18.21598247851604,18.321497584140843,17.834190212654295,17.860572723242964,50000
2021-10-26,17.860572723242964,17.9817950045945,17.757332618902854,17.792932372202166,50000
2021-10-27,17.792932372202166,17.885668524045055,17.749106794332526,17.813408496779715,104221
2021-10-28,17.813408496779715,17.831505944514394,17.65503101520325,17.83102971666422,85639
2021-10-29,17.83102971666422,17.85675862600371,17.77350221820534,17.81702108465745,50000
2021-11-01,17.81702108465745,17.819752657626037,17.1103960755042,17.146465069575783,80945
2021-11-02,17.146465069575783,17.4287860575444,16.15773545006122,16.31289846586011,50000
2021-11-03,16.31289846586011,16.373436430527008,16.262074219318187,16.360232386703466,50000
2021-11-04,16.360232386703466,16.805376194718484,16.294042639150764,16.701954446523334,50000
2021-11-05,16.701954446523334,16.71304013610255,16.62884038867559,16.653417722535,50000
2021-11-08,16.653417722535,16.702266267201253,16.31232342015629,16.353502734481346,50000
2021-11-09,16.353502734481346,17.14197066083277,16.334386409104944,17.070377892976786,50000
2021-11-10,17.070377892976786,17.16015550750479,16.918274240523232,16.970733593946647,50000
2021-11-11,16.970733593946647,17.2782355379056,16.879857765248907,17.21431438657547,56137
2021-11-12,17.21431438657547,17.257132039722794,17.106870586634223,17.10837553099987,50000
2021-11-15,17.10837553099987,17.48408440181089,16.945749845805086,17.47826152818188,50000
2021-11-16,17.47826152818188,17.69717139757753,17.266153772958525,17.305629339065145,90967
2021-11-17,17.305629339065145,17.80537918772057,17.158971325192056,17.802265459463598,109393
2021-11-18,17.802265459463598,17.84833251826313,17.66356289470965,17.71874556943187,50000
2021-11-19,17.71874556943187,17.89311294215841,17.38718845493241,17.44660447445596,50000
2021-11-22,17.44660447445596,17.686089374816557,17.394120937322235,17.54126229064342,50000
2021-11-23,17.54126229064342,17.842324456593033,17.430434004855435,17.713284756631463,63565
2021-11-24,17.713284756631463,18.315378011384205,17.653911421775607,18.266445367701472,83426
2021-11-25,18.266445367701472,18.3607037675872,17.98515233761141,18.09333623688521,50000
2021-11-26,18.09333623688521,18.140040853234343,18.00108475491787,18.07653394477712,50000
2021-11-29,18.07653394477712,18.172854316409882,18.022311303391948,18.071679077045417,50000
2021-11-30,18.071679077045417,18.158957801153207,17.923901710022353,18.15784160376779,50000
2021-12-01,18.15784160376779,18.191577537066717,17.601721749398394,17.647258212705935,50000
2021-12-02,17.647258212705935,17.83099397267483,17.607552279474834,17.653749691681707,162108
2021-12-03,17.653749691681707,17.892119344124332,17.538338556657095,17.878011651499982,66150
2021-12-06,17.878011651499982,18.027353102805055,17.549009240068905,17.596987141209055,50000
2021-12-07,17.596987141209055,18.260280121769682,17.48332370788337,18.162470786751946,50000
2021-12-08,18.162470786751946,18.595540092562302,18.01207114897579,18.489631104409135,50000
2021-12-09,18.489631104409135,18.62163365234603,18.26720847032224,18.34461549993294,50000
2021-12-10,18.34461549993294,18.530730771675252,18.286877892586563,18.458809901959352,50000
2021-12-13,18.458809901959352,18.48631122407233,18.23254577016303,18.440427773159996,85914
2021-12-14,18.440427773159996,18.44712444107756,18.306217169339657,18.308603524075178,50000
2021-12-15,18.308603524075178,18.364195538564015,17.85534298008026,17.942256706747525,50000
2021-12-16,17.942256706747525,17.945306701224112,17.413413118280296,17.49098466448649,50000
2021-12-17,17.49098466448649,17.771978901392632,17.372427428237906,17.446431481003113,50898
2021-12-20,17.446431481003113,17.660680432745757,17.426149535087774,17.60777071966767,50000
2021-12-21,17.60777071966767,17.881390806280628,17.55329194751584,17.72103101421221,50000
2021-12-22,17.72103101421221,18.029008380188273,17.615808653911927,17.917448728434692,50000
2021-12-23,17.917448728434692,17.931912244242664,17.71529135032506,17.884933538189276,50000
2021-12-24,17.884933538189276,17.95793055900421,17.82731416095006,17.830114157755535,50000
2021-12-27,17.830114157755535,18.156775414496096,17.537481546704235,18.000644600363604,50000
2021-12-28,18.000644600363604,18.13691785679406,17.82760839371226,18.111057457215352,50000
2021-12-29,18.111057457215352,18.17767891508707,17.903870410527027,18.069689633038962,50000
2021-12-30,18.069689633038962,18.090073530415317,17.88234786631672,17.89863048750212,50000
2021-12-31,17.89863048750212,18.183937125135934,17.768171924479844,18.154021613812372,50000
2022-01-03,18.154021613812372,18.41188324209656,18.08837959605737,18.243584258433422,50000
2022-01-04,18.243584258433422,18.30541668252097,18.135088999825193,18.286983032623507,51423
2022-01-05,18.286983032623507,18.39331583207054,18.210393278634914,18.36771896440024,112756
2022-01-06,18.36771896440024,18.56397829024265,18.1322394116823,18.16104474040592,91687
2022-01-07,18.16104474040592,18.25838315698529,17.680806164208764,17.689078054043296,50000
2022-01-10,17.689078054043296,18.237639405093013,17.642028743263516,18.10963624442657,50000
2022-01-11,18.10963624442657,18.201966950021156,18.093173750475543,18.134227862489002,120581
2022-01-12,18.134227862489002,18.598470708471048,18.120140477767396,18.544179660628068,71114
2022-01-13,18.544179660628068,18.831641922628187,18.414023796143923,18.71340179997525,50000
2022-01-14,18.71340179997525,19.056405517264356,18.53374576724068,18.951969134042994,50000
2022-01-17,18.951969134042994,19.918830139097693,18.885819006055176,19.896877660112185,50000
2022-01-18,19.896877660112185,20.063790142265265,19.750839532728325,19.95416760481412,61778
2022-01-19,19.95416760481412,20.36410826881359,19.819682778498727,20.178777950406978,96140
2022-01-20,20.178777950406978,20.44127148053385,20.166704302729837,20.354408352102798,69686
2022-01-21,20.354408352102798,20.404642272080768,19.934397055904157,20.25166481814316,50000
2022-01-24,20.25166481814316,20.513540357157044,20.23030585076356,20.28703120816626,50000
2022-01-25,20.28703120816626,20.509454450646423,20.250720511641063,20.4267796619404,50000
2022-01-26,20.4267796619404,20.854376096112066,20.412788994705558,20.758891030889455,50000
2022-01-27,20.758891030889455,21.037113821307667,20.60993173257356,20.935573170804435,62170
2022-01-28,20.935573170804435,21.329678690353127,20.876445400040183,21.31597754921606,94988
2022-01-31,21.31597754921606,21.41612741454488,21.04865516502383,21.378188065592614,50000
2022-02-01,21.378188065592614,21.516987546768547,21.253942750278426,21.490043053548664,50000
2022-02-02,21.490043053548664,21.79843554156428,21.293064265212482,21.65099023375475,50000
2022-02-03,21.65099023375475,21.695947752841278,21.344623608926213,21.413947117842916,81277
2022-02-04,21.413947117842916,21.428848475778146,21.136623457821234,21.306557095277874,50000
2022-02-07,21.306557095277874,22.442821611232933,21.27749352485574,22.230490585858394,50000
2022-02-08,22.230490585858394,22.398291913817687,22.13019365476004,22.144458784569863,50000
2022-02-09,22.144458784569863,22.149834075682126,21.65711576898111,21.9128823703237,53215
2022-02-10,21.9128823703237,22.29329901494773,21.8283015128542,22.152361280740422,61541
2022-02-11,22.152361280740422,22.39681773861022,22.015763199384505,22.18908939298918,89615
2022-02-14,22.18908939298918,22.443313121740957,21.98779325932531,22.399352196478635,50000
2022-02-15,22.399352196478635,22.66090963320069,22.257816068126907,22.318019442103264,50000
2022-02-16,22.318019442103264,23.113297611077304,22.098966110217084,23.01200933325936,50000
2022-02-17,23.01200933325936,23.178634867854004,22.527377701054167,22.735044520201146,50000
2022-02-18,22.735044520201146,22.842679751504797,22.38250043311563,22.623642146775552,50000
2022-02-21,22.623642146775552,22.659598057091856,22.207887768762582,22.239694525435414,50000
2022-02-22,22.239694525435414,22.44566955834982,21.959979981458464,22.10409921753036,50466
2022-02-23,22.10409921753036,22.205594333455544,21.499409932882262,21.60351278971759,50000
2022-02-24,21.60351278971759,21.652743136129203,20.986839604290576,21.026583089525463,50000
2022-02-25,21.026583089525463,21.311955572890604,20.969370983672427,21.27045519445872,163891
2022-02-28,21.27045519445872,21.515015903581563,21.235506391989325,21.49185044698452,82186
2022-03-01,21.49185044698452,21.637532040058833,21.44622872311073,21.52197109294632,51903
2022-03-02,21.52197109294632,21.785675304876474,21.423940069480192,21.663888351904024,50000
2022-03-03,21.663888351904024,22.262784105894816,21.39445850035312,22.140128452289904,147089
2022-03-04,22.140128452289904,22.291933358338195,21.696818644580997,21.854740266763873,50000
2022-03-07,21.854740266763873,22.2192785146743,21.802570079033348,22.0386920334767,115394
2022-03-08,22.0386920334767,22.094682562471238,21.936684621511624,22.04183360890157,50000
2022-03-09,22.04183360890157,22.3218579168613,21.886573315235314,22.30249576565272,61138
2022-03-10,22.30249576565272,22.361494792249633,22.217419244907227,22.240429436480493,50000
2022-03-11,22.240429436480493,22.302432398101306,21.882328757330495,21.995311310502967,50000
2022-03-14,21.995311310502967,22.00374996856893,21.434788854851256,21.60002993934273,50000
2022-03-15,21.60002993934273,21.827672448345286,21.3435422245152,21.400002902251984,50000
2022-03-16,21.400002902251984,22.0747740382875,21.03404039200372,21.79223721795378,50000
2022-03-17,21.79223721795378,21.937917855400002,21.497366329469138,21.8905937265981,50000
2022-03-18,21.8905937265981,21.913658517949326,21.219502108961965,21.39513745744145,59529
2022-03-21,21.39513745744145,21.620796993907973,21.218817222113852,21.331375827984807,90943
2022-03-22,21.331375827984807,21.411355039126995,21.19094915520948,21.27481483678686,50000
2022-03-23,21.27481483678686,21.45663405333214,21.122087500640394,21.133491493531512,50000
2022-03-24,21.133491493531512,21.306351170673544,20.06650582913474,20.19210856939411,69831
2022-03-25,20.19210856939411,20.343043565896913,19.601718377820436,19.758985052264258,50000
2022-03-28,19.758985052264258,20.04351486206952,19.28087611497692,19.49844930333308,83956
2022-03-29,19.49844930333308,19.611268090326394,18.77557043946417,18.888003386597983,50000
2022-03-30,18.888003386597983,19.02566290259746,18.407831781988435,18.486773435265523,57926
2022-03-31,18.486773435265523,18.71585879613401,18.3869902048767,18.643324874556956,67531
2022-04-01,18.643324874556956,19.030493230098852,18.466622136229276,18.79966162600553,135596
2022-04-04,18.79966162600553,18.98282520707892,18.71151726815188,18.826443340175295,56902
2022-04-05,18.826443340175295,18.842568314592345,18.66088414861018,18.762910302975552,50000
2022-04-06,18.762910302975552,19.161458122642465,18.471671206523613,19.011976492588573,50000
2022-04-07,19.011976492588573,19.070805090320768,18.547250106519474,18.645193518980307,50000
2022-04-08,18.645193518980307,18.673202209378555,18.317350336893533,18.358690432338527,50000
2022-04-11,18.358690432338527,18.898703421153737,18.162305643280757,18.706607154039308,96570
2022-04-12,18.706607154039308,18.817910191356393,18.604202556094233,18.623682758071524,50000
2022-04-13,18.623682758071524,19.259980869677797,18.61244174444798,19.027765693445893,88820
2022-04-14,19.027765693445893,19.053454117966147,18.786671396803893,18.94378397222588,50000
2022-04-15,18.94378397222588,19.001869100023878,18.88325771835708,18.973643021521383,56612
2022-04-18,18.973643021521383,19.026431448469477,18.920099262210133,18.96906924236671,56648
2022-04-19,18.96906924236671,19.05643959773663,18.76437788271241,18.92495872815949,55956
2022-04-20,18.92495872815949,19.3509277443905,18.758149899798063,19.19544604696051,138082
2022-04-21,19.19544604696051,19.216649948229527,18.912437338949196,19.082534149569224,50000
2022-04-22,19.082534149569224,19.202349194882157,18.65356918012094,18.914031987309674,74183
2022-04-25,18.914031987309674,18.980286866924764,18.795253901564124,18.946458166273725,50000
2022-04-26,18.946458166273725,19.121000004660814,18.882107942900276,19.085368423269077,50000
2022-04-27,19.085368423269077,19.110400151347886,18.68282432206953,18.83254226877755,82895
2022-04-28,18.83254226877755,19.152238472820173,18.76732441984408,19.146826990552587,50000
2022-04-29,19.146826990552587,19.468545651963325,19.021468701676827,19.410150267160297,61725
2022-05-02,19.410150267160297,19.642036840382644,18.941263261094896,18.95530737339229,54328
2022-05-03,18.95530737339229,19.26082538615667,18.87797311645567,19.063960925876067,128824
2022-05-04,19.063960925876067,19.364425146500718,18.960555467289353,19.276583908809755,50000
2022-05-05,19.276583908809755,19.59317102743974,19.185607267585766,19.439585165728648,50000
2022-05-06,19.439585165728648,19.686925740380133,19.404663528368403,19.6187066083402,120731
2022-05-09,19.6187066083402,19.848446806138274,19.394007989796318,19.47229909487629,102524
2022-05-10,19.47229909487629,19.624143716691435,18.51143774708458,18.664039660913563,50000
2022-05-11,18.664039660913563,18.728518555000782,17.892119736627503,17.966992278934903,50000
2022-05-12,17.966992278934903,18.05705170859022,17.9010157516164,18.01455054755164,50000
2022-05-13,18.01455054755164,18.381616115662286,17.57840550410258,17.645408782127152,50533
2022-05-16,17.645408782127152,17.830956559062713,17.524174684991735,17.807098199132785,50000
2022-05-17,17.807098199132785,17.961566531237157,17.67558070407489,17.755245468146178,50000
2022-05-18,17.755245468146178,18.118144547880988,17.698126892046012,17.970873302517795,50000
2022-05-19,17.970873302517795,18.079722957409682,17.540984051623585,17.67951997420891,50000
2022-05-20,17.67951997420891,17.912861234611135,17.537062404144276,17.552801637877657,50000
2022-05-23,17.552801637877657,18.44862981143036,17.494759894839767,18.3249310335783,50000
2022-05-24,18.3249310335783,18.40539852739685,18.227471344968837,18.2729774726768,102403
2022-05-25,18.2729774726768,18.67156809594704,18.23461529004274,18.448733428689017,50000
2022-05-26,18.448733428689017,18.653693765998963,17.86295231782193,17.907129717290687,50000
2022-05-27,17.907129717290687,17.985662939467502,17.869687412846964,17.930253198124397,50000
2022-05-30,17.930253198124397,18.448428610444793,17.743835446176163,18.26751176969865,50000
2022-05-31,18.26751176969865,18.684846286339507,18.234166176609364,18.557506142727984,68270
2022-06-01,18.557506142727984,19.122415979514155,18.540680496436245,18.862942567835574,50000
2022-06-02,18.862942567835574,18.897194982905265,18.45736178102996,18.507239341732145,50000
2022-06-03,18.507239341732145,18.993423368578473,18.453129174831446,18.95130054300534,66272
2022-06-06,18.95130054300534,19.03863913222135,18.68007968320506,18.81447118760477,50000
2022-06-07,18.81447118760477,19.127057793736153,18.806139770232242,18.93106705702689,50614
2022-06-08,18.93106705702689,19.08068953219637,18.834411706751187,19.06845095101845,50000
2022-06-09,19.06845095101845,19.15226602624097,19.03734284831462,19.144888990255726,50000
2022-06-10,19.144888990255726,19.195758608452326,18.942171707350624,19.176918993719,50000
2022-06-13,19.176918993719,19.253109774175286,18.990680974305423,19.155409756221246,109488
2022-06-14,19.155409756221246,19.361433725081703,18.804031256820796,18.829160526082056,50000
2022-06-15,18.829160526082056,19.02843033437356,18.74247295910332,19.00922002637606,100804
2022-06-16,19.00922002637606,19.328429737921617,18.960834372200225,19.097799156496382,50000
2022-06-17,19.097799156496382,19.891768675018422,19.037546360804487,19.77054474747384,50000
2022-06-20,19.77054474747384,19.85268419402226,19.72977457267695,19.732348734277142,50000
2022-06-21,19.732348734277142,20.117523914887478,19.547338276328965,20.0407225989088,82785
2022-06-22,20.0407225989088,20.465137610206924,20.011776178105084,20.2730224323655,64255
2022-06-23,20.2730224323655,20.308070200066645,20.042147322718836,20.074451900269153,50000
2022-06-24,20.074451900269153,20.30158623907031,20.04342788176244,20.215749577243024,82313
2022-06-27,20.215749577243024,20.272166590843803,19.96309609374888,19.980752643178334,50000
2022-06-28,19.980752643178334,20.44968421344584,19.842922747803886,20.40071428665984,50000
2022-06-29,20.40071428665984,20.401674841126884,19.816729341624796,19.927770394890114,50000
2022-06-30,19.927770394890114,19.978439350349056,19.56674590762262,19.719479450613502,50000
2022-07-01,19.719479450613502,19.931326545241188,19.617726877560404,19.643039375604666,50000
2022-07-04,19.643039375604666,19.784793151436155,19.090954348965656,19.388341291910788,50000
2022-07-05,19.388341291910788,19.544455374320364,19.26318618771462,19.401284687740187,50000
2022-07-06,19.401284687740187,19.572362326175075,19.272181578254436,19.547062876443583,87233
2022-07-07,19.547062876443583,19.762697933511983,19.443186953735417,19.536432406243623,50000
2022-07-08,19.536432406243623,19.635776144894173,19.438178875701315,19.626190418112046,50000
2022-07-11,19.626190418112046,19.71419520417759,18.525266672799216,18.649301175331864,50000
2022-07-12,18.649301175331864,18.9939472643534,18.475817220974164,18.915370307207308,50000
2022-07-13,18.915370307207308,18.922543837362767,18.710406164760556,18.754146860367463,50000
2022-07-14,18.754146860367463,18.957482607681612,18.19915466173283,18.2260099686719,78622
2022-07-15,18.2260099686719,18.760821445467812,18.1379848948838,18.649965088492095,124084
2022-07-18,18.649965088492095,18.847828931359246,18.526316085617246,18.661204072534527,208753
2022-07-19,18.661204072534527,18.820366930650348,18.264828013578665,18.40936173294303,52000
2022-07-20,18.40936173294303,18.835217051718438,18.389767515635246,18.78086042982288,94218
2022-07-21,18.78086042982288,18.886072350102953,18.593131846013588,18.71340777668878,50000
2022-07-22,18.71340777668878,18.774369395721227,18.48149156048567,18.518765851503655,74471
2022-07-25,18.518765851503655,18.697531834560436,18.437531477252346,18.686169542734543,56622
2022-07-26,18.686169542734543,18.687687531114175,18.02777291170772,18.09642257727649,50000
2022-07-27,18.09642257727649,18.13989626168193,17.752549449566402,17.838754524367754,56820
2022-07-28,17.838754524367754,17.96366379825613,17.646096014276818,17.650573223010053,124346
2022-07-29,17.650573223010053,18.270070034848853,17.59496084695198,18.158158832875763,50000
2022-08-01,18.158158832875763,18.527111104178992,18.070395521237927,18.434827665113588,54825
2022-08-02,18.434827665113588,18.45425111475348,18.391328263460867,18.392707018511036,50000
2022-08-03,18.392707018511036,18.94442039131444,18.270679580569706,18.727642899919267,50000
2022-08-04,18.727642899919267,18.728374168514907,18.520175053167964,18.540429134453284,50000
2022-08-05,18.540429134453284,18.667359298815754,18.46544257566747,18.60524680843532,58049
2022-08-08,18.60524680843532,18.633222571887934,17.81305308809506,18.08548659811222,50000
2022-08-09,18.08548659811222,18.254405286085618,18.071719147837477,18.178658321017114,50000
2022-08-10,18.178658321017114,18.315552776092634,18.057919844882054,18.139020897435685,50000
2022-08-11,18.139020897435685,18.247179513371233,17.85428804888963,17.862329146762423,50000
2022-08-12,17.862329146762423,18.01691837599657,17.750361230930192,17.83123820843269,50000
2022-08-15,17.83123820843269,17.843127821508727,17.58727145402396,17.764021193024988,50000
2022-08-16,17.764021193024988,17.846354602403046,17.663204577347333,17.75158437959044,50000
2022-08-17,17.75158437959044,18.455955256411286,17.71081318325799,18.289395374949933,50000
2022-08-18,18.289395374949933,18.29487221376681,18.040034563787803,18.2737414711359,53374
2022-08-19,18.2737414711359,18.961803423044326,18.23093783921714,18.662094166173695,76020
2022-08-22,18.662094166173695,18.86358548589945,18.615463401320593,18.765530632612368,50000
2022-08-23,18.765530632612368,18.78154930003692,18.749539900733435,18.76720080924012,61391
2022-08-24,18.76720080924012,18.814795386808047,18.57648514812014,18.66865494066988,65979
2022-08-25,18.66865494066988,18.701087187790776,18.495268420147102,18.605541816870844,91277
2022-08-26,18.605541816870844,18.67117713007391,18.388187571494456,18.465545696098737,125028
2022-08-29,18.465545696098737,19.05079711320354,18.46178327598962,18.879433391209325,50000
2022-08-30,18.879433391209325,19.080737977364745,18.833040747755145,19.045684083942568,97648
2022-08-31,19.045684083942568,19.532335492283206,18.98031503872926,19.284260580603977,87503
2022-09-01,19.284260580603977,20.30829321346576,19.270306343458227,20.22291086124677,50000
2022-09-02,20.22291086124677,20.377660702337778,20.12970759352011,20.320808120106776,50000
2022-09-05,20.320808120106776,20.665934617361238,20.266546348944217,20.610961504135,155987
2022-09-06,20.610961504135,21.28045489057718,20.541126863079928,20.97570467757335,85403
2022-09-07,20.97570467757335,21.148845294947215,20.4981753792019,20.585982537740353,144340
2022-09-08,20.585982537740353,20.58988457559212,20.13132566707161,20.430278366123947,85103
2022-09-09,20.430278366123947,20.604926210566106,20.21701525708187,20.29576661004684,50000
2022-09-12,20.29576661004684,20.705033593004792,20.291753463150076,20.673246812676073,50000
2022-09-13,20.673246812676073,20.80165647227562,20.637356310819158,20.740382861725905,71124
2022-09-14,20.740382861725905,20.774464107603208,20.445354059797456,20.646954997666594,50000
2022-09-15,20.646954997666594,20.876652405323718,20.35979884117805,20.566561268480122,50000
2022-09-16,20.566561268480122,20.843955643882197,20.54869350545991,20.825440145442965,73967
2022-09-19,20.825440145442965,20.843172203667404,20.637562778166217,20.807907790179666,50000
2022-09-20,20.807907790179666,20.87831448644739,20.374574753636555,20.620016456374202,50000
2022-09-21,20.620016456374202,20.993718737278673,20.402765550729924,20.96757688338364,50000
2022-09-22,20.96757688338364,21.065825386280217,20.957151209519342,20.99889906056051,50000
2022-09-23,20.99889906056051,21.059650671260858,20.644460339360574,20.72810775179203,154639
2022-09-26,20.72810775179203,20.989611771354088,20.624050244451706,20.674523206174708,50000
2022-09-27,20.674523206174708,20.79193148849835,20.503390913251593,20.78793049706502,50000
2022-09-28,20.78793049706502,21.08882158466866,20.649621217171248,20.99180132369306,50000
2022-09-29,20.99180132369306,21.06033185326803,20.696108129430872,20.747933397697395,157523
2022-09-30,20.747933397697395,20.8441732675471,20.591831406353847,20.790426761643474,50000
2022-10-03,20.790426761643474,20.96787317815913,20.702661282845167,20.87043868332959,50000
2022-10-04,20.87043868332959,20.878387034384293,20.704475771422032,20.78059742737479,50000
2022-10-05,20.78059742737479,20.795103712598316,20.31194671666882,20.402259764652765,50000
2022-10-06,20.402259764652765,20.497033067265686,20.174565905680485,20.312227497278162,50000
2022-10-07,20.312227497278162,20.342439814363182,20.208566324675655,20.308580105881603,50000
2022-10-10,20.308580105881603,20.509983326612122,20.096654130199802,20.15208620795755,50000
2022-10-11,20.15208620795755,20.195916324932835,19.41949418231978,19.636408821072223,81754
2022-10-12,19.636408821072223,19.72389485546735,19.15663576612492,19.29797356362996,66162
2022-10-13,19.29797356362996,19.49257426529358,18.942066097377417,19.08809038993957,50000
2022-10-14,19.08809038993957,19.43729990909993,18.951985549186706,19.157227788031886,50000
2022-10-17,19.157227788031886,19.25506528094695,19.039299413160183,19.042903990362667,53969
2022-10-18,19.042903990362667,19.21405093641996,18.88424445179392,19.193338204933173,50000
2022-10-19,19.193338204933173,19.24062707742013,18.67920174346654,18.85067385711592,50000
2022-10-20,18.85067385711592,18.936807214852383,18.17936341911055,18.224527638191088,50000
2022-10-21,18.224527638191088,18.288055004009447,18.019414686972024,18.233572722787127,85507
2022-10-24,18.233572722787127,18.581570775113864,18.165261783198495,18.455637116330543,155355
2022-10-25,18.455637116330543,19.278380063803667,18.32822250904615,19.1417863911596,50000
2022-10-26,19.1417863911596,19.741333944786135,19.10945741725915,19.58962855263624,50000
2022-10-27,19.58962855263624,19.658797392996544,19.264664398551506,19.315161958846776,50000
2022-10-28,19.315161958846776,19.505442911860044,19.06580053454936,19.071685420825208,50000
2022-10-31,19.071685420825208,19.257160585525288,18.987849155852103,19.22006773768772,50000
2022-11-01,19.22006773768772,19.550364699276024,19.194948178003816,19.509630190196145,62008
2022-11-02,19.509630190196145,19.88039883202176,19.474593328401916,19.729380763743965,50000
2022-11-03,19.729380763743965,19.789782502199852,19.439085488573824,19.47659695857691,142648
2022-11-04,19.47659695857691,19.527650467623307,19.32242117625962,19.358966084014046,141075
2022-11-07,19.358966084014046,19.83739077474523,19.276302247725642,19.705237938936452,50000
2022-11-08,19.705237938936452,19.789564148096986,19.558043033032032,19.77784510980188,82402
2022-11-09,19.77784510980188,19.978366032288662,19.696926738215694,19.795907957054098,50000
2022-11-10,19.795907957054098,19.91605673203252,19.374231474988765,19.39794357788544,50000
2022-11-11,19.39794357788544,19.492565049064513,18.832761398314734,18.89281226418513,69400
2022-11-14,18.89281226418513,18.940356182481008,18.705031806435546,18.821761223815233,50000
2022-11-15,18.821761223815233,19.015522839265667,18.478529198490282,18.62676053959813,68210
2022-11-16,18.62676053959813,18.799758108937443,18.122935750897867,18.166319837984307,50000
2022-11-17,18.166319837984307,18.796940647501113,18.007532194611258,18.73469877563303,50000
2022-11-18,18.73469877563303,19.053896357563453,18.263120884014917,18.44592409248999,50000
2022-11-21,18.44592409248999,18.471283215578588,17.587180484531697,17.63199715256554,50000
2022-11-22,17.63199715256554,17.9932884351821,17.54336415357665,17.88737103756959,77842
2022-11-23,17.88737103756959,17.914823625498236,17.574260525964448,17.598149746760672,61988
2022-11-24,17.598149746760672,17.908852783957443,17.3496161586024,17.844441948816158,50000
2022-11-25,17.844441948816158,17.877043948959734,17.413809845060666,17.457268807824377,50000
2022-11-28,17.457268807824377,17.60161798509696,17.439740994960225,17.481917034587855,50000
2022-11-29,17.481917034587855,17.81780260582069,17.346053136472076,17.6125585779714,109202
2022-11-30,17.6125585779714,17.77322275880004,17.424322512700595,17.66965744771962,50000
2022-12-01,17.66965744771962,18.03755052199423,17.633345673381047,17.89695346578971,106315
2022-12-02,17.89695346578971,17.897355188941876,17.77925061260055,17.779871868336684,50000
2022-12-05,17.779871868336684,17.798124225183024,17.123442905743534,17.288948577857592,62333
2022-12-06,17.288948577857592,17.396777095328037,17.11555768080953,17.208556052491577,50000
2022-12-07,17.208556052491577,17.2410149774401,16.926749194614537,16.940138120012723,64841
2022-12-08,16.940138120012723,17.071108003795395,16.653334599685397,16.676735408592585,50000
2022-12-09,16.676735408592585,16.720321431905834,16.19596815026485,16.21883113520534,50000
2022-12-12,16.21883113520534,16.27799699116735,15.697462025065771,15.78591613944327,50000
2022-12-13,15.78591613944327,15.92527976756762,15.715450299908115,15.790873996550912,50000
2022-12-14,15.790873996550912,15.9169299065311,15.587799953148142,15.604520620428412,82662
2022-12-15,15.604520620428412,15.612690394978824,15.55894853677934,15.56629623405379,50000
2022-12-16,15.56629623405379,15.575039838438347,15.32234645888382,15.346701193256678,50000
2022-12-19,15.346701193256678,15.45952765068331,15.329850747495206,15.35734894084783,84186
2022-12-20,15.35734894084783,15.849435568899532,15.101337269313595,15.6776342386395,50000
2022-12-21,15.6776342386395,15.861737463103077,15.409141717707733,15.466572707590553,50000
2022-12-22,15.466572707590553,15.669852688426522,15.437127777503978,15.62785774012589,50000
2022-12-23,15.62785774012589,15.706579428167203,15.111775344083908,15.233879278121927,50000
2022-12-26,15.233879278121927,15.437408381743829,15.145743372169875,15.37982515210809,50000
2022-12-27,15.37982515210809,15.474639555553729,15.190909384271533,15.26557023116294,166573
2022-12-28,15.26557023116294,15.336807875803373,15.112268541672814,15.147497711320279,50000
2022-12-29,15.147497711320279,15.278840702478773,15.007017384282996,15.077949485761021,69039
2022-12-30,15.077949485761021,15.136328276436135,14.683548657355995,14.688459665726612,50000
2023-01-02,14.688459665726612,14.790361422750351,14.131455525874918,14.217718420312165,61329
2023-01-03,14.217718420312165,14.293075264105793,14.044513373363717,14.062892695736089,50000
2023-01-04,14.062892695736089,14.135361303763283,13.670594346514484,13.759254837796892,51681
2023-01-05,13.759254837796892,13.821422991676931,13.685853097173831,13.74168710356044,50000
2023-01-06,13.74168710356044,14.157790516436648,13.73311076785641,14.13009641689384,74411
2023-01-09,14.13009641689384,14.248311549984436,13.797977977568866,13.874213983826237,198096
2023-01-10,13.874213983826237,14.094546386473084,13.85686085880862,14.02708834327512,57245
2023-01-11,14.02708834327512,14.123155930940372,13.729547427741394,13.730598108751995,72974
2023-01-12,13.730598108751995,13.863171934000611,13.660012456558205,13.806637531356786,50000
2023-01-13,13.806637531356786,13.888364470850197,13.778066630881064,13.801270372793683,126079
2023-01-16,13.801270372793683,14.24347943451049,13.69664599464559,14.106970201600483,50000
2023-01-17,14.106970201600483,14.124289141291754,13.680474237669987,13.7475819477461,50000
2023-01-18,13.7475819477461,13.971962645699865,13.686997731328363,13.806835571993677,50000
2023-01-19,13.806835571993677,13.873291738856908,13.386065583018322,13.448181281755087,50000
2023-01-20,13.448181281755087,13.54534168208914,13.218291382943168,13.246799413537355,50000
2023-01-23,13.246799413537355,13.543868743836367,13.22070075084205,13.540178621629027,50000
2023-01-24,13.540178621629027,13.63238714073027,13.452901470907316,13.610209771320527,62919
2023-01-25,13.610209771320527,13.946006889743176,13.594090523242818,13.813747084534251,51155
2023-01-26,13.813747084534251,13.947525643644559,13.813541766490822,13.946625484185573,50000
2023-01-27,13.946625484185573,14.093809234476634,13.353240927147102,13.44004079385428,50000
2023-01-30,13.44004079385428,13.46385058181348,13.14624772882431,13.159251309500172,50000
2023-01-31,13.159251309500172,13.307517514158114,13.148903346005945,13.2319893592445,50000
2023-02-01,13.2319893592445,13.247674218732758,13.083424614411923,13.134640603751324,72331
2023-02-02,13.134640603751324,13.19855575609741,12.723898422795505,12.731497317709508,65343
2023-02-03,12.731497317709508,12.735171239147652,12.682042862171766,12.695382330355171,50000
2023-02-06,12.695382330355171,12.834090550232007,12.627873456430637,12.75111099611292,50000
2023-02-07,12.75111099611292,13.118918938256366,12.630680873194216,13.087333130632416,50000
2023-02-08,13.087333130632416,13.212773758713142,12.811786258648926,12.817087407299695,50000
2023-02-09,12.817087407299695,13.456199237009871,12.803850129376231,13.37152067682921,50000
2023-02-10,13.37152067682921,13.447777870025266,12.896479501212646,12.921433095876754,50000
2023-02-13,12.921433095876754,13.016814231650462,12.699982530017984,12.834278773742684,59811
2023-02-14,12.834278773742684,12.874996668334768,12.685921224469551,12.816161240260648,50000
2023-02-15,12.816161240260648,13.004224163316396,12.683454532911279,12.935458250681624,67224
2023-02-16,12.935458250681624,13.35205376179784,12.931095120716634,13.333169536215857,115608
2023-02-17,13.333169536215857,13.719739525289143,13.324176543637371,13.654886403838935,57343
2023-02-20,13.654886403838935,13.718189576795654,13.586821430587811,13.682158349327407,72111
2023-02-21,13.682158349327407,13.798521747484795,13.617693327638317,13.72246192447023,50237
2023-02-22,13.72246192447023,14.421636971438563,13.691330997726112,14.307183085045768,50000
2023-02-23,14.307183085045768,14.40614027365958,14.128516704168732,14.185398300958191,50000
2023-02-24,14.185398300958191,14.25700333367298,13.560174715683846,13.599224938761758,50000
2023-02-27,13.599224938761758,13.900920179945095,13.569460263761865,13.817403332564053,50000
2023-02-28,13.817403332564053,13.991626547761287,13.756649911449482,13.958106844009068,71354
2023-03-01,13.958106844009068,14.085226606398345,13.723028558965446,13.743118603880239,50000
2023-03-02,13.743118603880239,13.827298459978634,13.527984220471346,13.59419198005493,82085
2023-03-03,13.59419198005493,13.721597575080938,13.479283454268797,13.583025010004052,50000
2023-03-06,13.583025010004052,13.629533102375005,13.324152764741385,13.398586264856538,75179
2023-03-07,13.398586264856538,13.464245399021076,13.384033429253703,13.410392722689187,50000
2023-03-08,13.410392722689187,13.440343012323,13.38733369926484,13.39397842601574,50000
2023-03-09,13.39397842601574,14.048550058739634,13.38428721267402,13.994068628613332,50000
2023-03-10,13.994068628613332,14.898995389990034,13.759094372379785,14.861558145375911,50000
2023-03-13,14.861558145375911,14.91411952542279,14.493496063487502,14.546403104025236,50000
2023-03-14,14.546403104025236,14.964522228608589,14.528163462200729,14.79018987026325,60175
2023-03-15,14.79018987026325,15.038824399399354,14.734126842500539,14.944930841427965,50000
2023-03-16,14.944930841427965,15.21592769628982,14.789867321311707,15.16113173708299,108332
2023-03-17,15.16113173708299,15.304123397191146,14.987092359357256,14.991150945266925,50000
2023-03-20,14.991150945266925,15.090375151372116,14.824791578951308,14.937843661237874,50000
2023-03-21,14.937843661237874,15.558859773742565,14.825386482573126,15.445209067194456,50000
2023-03-22,15.445209067194456,15.580573677500082,15.241675540111759,15.547538150179784,50000
2023-03-23,15.547538150179784,15.67657677615731,15.511306877862841,15.624164202459562,50000
2023-03-24,15.624164202459562,15.675613372650245,15.221297612129876,15.23195071263842,54768
2023-03-27,15.23195071263842,15.367424681627085,15.101090285262597,15.263367067787831,50000
2023-03-28,15.263367067787831,15.612748922924746,15.253451476877338,15.55074573479012,50000
2023-03-29,15.55074573479012,15.772633642383132,15.475904590491822,15.727957155339874,50000
2023-03-30,15.727957155339874,16.002733037617332,15.721074168386034,15.919956876923607,50000
2023-03-31,15.919956876923607,15.947007830630056,15.605791175085862,15.651544722355474,50000
2023-04-03,15.651544722355474,15.77044117485976,15.631127586308985,15.744837611602671,54207
2023-04-04,15.744837611602671,15.780897105670999,15.379567066231786,15.44792673505436,50000
2023-04-05,15.44792673505436,15.565596025667285,15.194138089708252,15.2764180946978,50000
2023-04-06,15.2764180946978,15.543128645295619,15.180005228326198,15.520135688482803,96898
2023-04-07,15.520135688482803,15.706365811785918,15.496315973391422,15.645713621929358,70929
2023-04-10,15.645713621929358,15.681591308101549,14.981327129279045,15.029387493294204,50000
2023-04-11,15.029387493294204,15.076782320432285,14.480815984208881,14.485240108883692,97690
2023-04-12,14.485240108883692,14.512091705788617,13.724293119791964,13.820651662325364,50000
2023-04-13,13.820651662325364,13.920744025198047,13.65795306385768,13.680410863737531,90466
2023-04-14,13.680410863737531,14.270027133200767,13.65498360742245,14.106190865446482,50000
2023-04-17,14.106190865446482,14.735986782889803,14.058371965298768,14.582395090320881,50000
2023-04-18,14.582395090320881,14.690980670421043,13.866658065897429,13.924820286594661,50000
2023-04-19,13.924820286594661,14.872510651854649,13.810701701988787,14.813089533300586,50000
2023-04-20,14.813089533300586,14.933117187365728,14.755530198211087,14.850732430180669,50000
2023-04-21,14.850732430180669,14.867561223578154,14.553893277205484,14.616407355036952,50000
2023-04-24,14.616407355036952,14.76348594106057,14.07130285761021,14.120126395937277,50000
2023-04-25,14.120126395937277,14.382021422383275,14.0789717251596,14.339148024936005,50000
2023-04-26,14.339148024936005,14.4544635086136,14.215667238195515,14.417041482444676,51738
2023-04-27,14.417041482444676,14.42162607258588,14.108942040616515,14.124728068656054,123783
2023-04-28,14.124728068656054,14.479346249507108,14.069465675946846,14.345925044069679,54651
2023-05-01,14.345925044069679,14.368025117334485,13.654720749224902,13.707391163965038,179525
2023-05-02,13.707391163965038,13.786174350309903,13.699834907264446,13.738147707864277,50000
2023-05-03,13.738147707864277,14.15996532293823,13.682159725497334,14.13119418873721,65683
2023-05-04,14.13119418873721,14.16941458896087,14.029753958664164,14.111721366068158,61683
2023-05-05,14.111721366068158,14.172937251068088,13.752652598048844,13.852112413068506,50000
2023-05-08,13.852112413068506,13.877710102436971,13.783834479768135,13.817809802534665,50000
2023-05-09,13.817809802534665,14.36498725450931,13.77617920821863,14.255640664107531,68537
2023-05-10,14.255640664107531,14.77368626776412,14.190985824208733,14.70498940348599,125485
2023-05-11,14.70498940348599,15.231325448787656,14.668924566256088,15.006676420786711,50000
2023-05-12,15.006676420786711,15.914285544183707,14.796624253982767,15.856565286170149,50000
2023-05-15,15.856565286170149,16.04319222604648,15.816140902484042,16.02053820761315,50000
2023-05-16,16.02053820761315,16.19363951747,15.996128272819984,16.062654974460575,62756
2023-05-17,16.062654974460575,16.36830846701815,15.901049041561436,16.178963938264737,50000
2023-05-18,16.178963938264737,16.22087197833626,15.939480472476083,16.095208536490475,50000
2023-05-19,16.095208536490475,16.34195811053435,16.078364668410725,16.258326528324307,197496
2023-05-22,16.258326528324307,16.428050423653833,16.01481901718061,16.044137484615508,50000
2023-05-23,16.044137484615508,16.112822424152366,15.744403328077032,15.84138171721987,50000
2023-05-24,15.84138171721987,15.859908312874499,15.65886061252404,15.711162656565971,66166
2023-05-25,15.711162656565971,16.313749550080818,15.508603010077977,16.284416979909132,50000
2023-05-26,16.284416979909132,16.38968820983567,16.097445100836776,16.139325670581812,50000
2023-05-29,16.139325670581812,16.491707774843146,15.995015818627957,16.363731712281954,50000
2023-05-30,16.363731712281954,16.6990661932893,16.230360414977614,16.683474830271244,50000
2023-05-31,16.683474830271244,16.708329944106023,16.603726623035325,16.6295200754976,50000
2023-06-01,16.6295200754976,17.008184546776622,16.545907589672574,17.000031759636297,58517
2023-06-02,17.000031759636297,17.076076626949387,16.9180108598211,17.06953430160424,50000
2023-06-05,17.06953430160424,17.218547184452344,16.975948274838977,17.201305775117238,50000
2023-06-06,17.201305775117238,17.484360523162838,17.146205533988947,17.369489476417378,50000
2023-06-07,17.369489476417378,17.455683055207725,16.967448927216687,17.18305304394766,50000
2023-06-08,17.18305304394766,17.211593221807192,17.095036623670815,17.124287919664674,50000
2023-06-09,17.124287919664674,17.721725442129937,17.109716504836502,17.720622417545215,50000
2023-06-12,17.720622417545215,17.80683422772367,17.128995630028076,17.257273061756198,50000
2023-06-13,17.257273061756198,17.367694781573007,17.102403653257745,17.325463252364816,76094
2023-06-14,17.325463252364816,17.621935282657166,17.235254355495385,17.502876185872875,50000
2023-06-15,17.502876185872875,17.670600239735702,17.348611603866217,17.537305749344213,50000
2023-06-16,17.537305749344213,17.959521072371107,17.385775593446194,17.771362565191485,50000
2023-06-19,17.771362565191485,17.89040741782066,17.334576824984794,17.364802882631068,64642
2023-06-20,17.364802882631068,17.506399275649912,17.222146265883186,17.255573389928106,50000
2023-06-21,17.255573389928106,17.867199696607827,17.034532194410122,17.671353883170816,50000
2023-06-22,17.671353883170816,17.88909471298373,17.608930131216738,17.862710555359886,50000
2023-06-23,17.862710555359886,17.89738907041225,17.685151060748098,17.833565449260963,50000
2023-06-26,17.833565449260963,17.861046030119038,17.785657537423198,17.857301933423244,50000
2023-06-27,17.857301933423244,18.12512898165768,17.82913682012287,18.099238883039476,222527
2023-06-28,18.099238883039476,18.105898782927124,17.675940179711795,17.82817220134904,50000
2023-06-29,17.82817220134904,17.96780995184312,17.659337725065164,17.87921653242403,50000
2023-06-30,17.87921653242403,18.179195555523194,17.645477910579572,17.660757914688347,50000
2023-07-03,17.660757914688347,17.700454624823973,17.3195027507911,17.365100886005717,50000
2023-07-04,17.365100886005717,17.377921749348477,17.02528191244902,17.22691515651351,78983
2023-07-05,17.22691515651351,17.313696390839247,16.973782786752487,17.00503747843197,58262
2023-07-06,17.00503747843197,17.00811799744298,16.622217420733772,16.695226843866777,50000
2023-07-07,16.695226843866777,17.120422960114425,16.632744650715317,17.11493287179075,50000
2023-07-10,17.11493287179075,17.190533728590765,17.0691137533034,17.163218979536524,50000
2023-07-11,17.163218979536524,17.213263080579058,16.999586244586826,17.066059035774472,51720
2023-07-12,17.066059035774472,17.11961493876658,16.925987462454998,17.03677568187922,50000
2023-07-13,17.03677568187922,17.076480251746514,17.01188724835718,17.015282663643234,50000
2023-07-14,17.015282663643234,17.501379838569,16.904575595821907,17.49701851424126,50000
2023-07-17,17.49701851424126,17.52893539319673,17.24766681717823,17.388082862429023,50000
2023-07-18,17.388082862429023,17.610329180934237,17.34448947542199,17.499811281472887,122037
2023-07-19,17.499811281472887,18.261646853801018,17.454265267140812,18.093069970795007,50000
2023-07-20,18.093069970795007,18.32872768515825,17.980367635647017,18.01512802502639,54075
2023-07-21,18.01512802502639,18.062750798406373,17.65934559864704,17.668431644805313,50000
2023-07-24,17.668431644805313,17.899735824789545,17.62522164759259,17.797607773979188,75014
2023-07-25,17.797607773979188,17.857226547744734,17.614690412842812,17.71103017370842,50000
2023-07-26,17.71103017370842,18.042116001541412,17.56303942605479,17.95428492975819,50000
2023-07-27,17.95428492975819,17.963608655492404,17.69158900928629,17.833300967717143,59232
2023-07-28,17.833300967717143,17.963075007261786,17.54204914334895,17.657441687972323,50000
2023-07-31,17.657441687972323,17.809391958658104,17.654887225941998,17.738837256164555,170846
2023-08-01,17.738837256164555,17.960693116641256,17.651008672424013,17.74879438843857,223921
2023-08-02,17.74879438843857,17.802201510175152,17.52338907057225,17.62942543319495,50000
2023-08-03,17.62942543319495,17.736352617740167,17.41474104836096,17.48532831996391,50000
2023-08-04,17.48532831996391,17.67949187448861,17.27856818613207,17.392822819697262,91648
2023-08-07,17.392822819697262,17.896884708838996,17.36359846177375,17.88736568365394,108470
2023-08-08,17.88736568365394,18.173030619755078,17.85884805991084,18.131185285164072,50000
2023-08-09,18.131185285164072,18.16468346226977,17.782565512540767,17.9201345617752,75885
2023-08-10,17.9201345617752,18.12504342134035,17.83282730988427,17.95748775641984,50000
2023-08-11,17.95748775641984,18.078775156333755,17.606022541141908,17.670010835743874,82920
2023-08-14,17.670010835743874,17.681247461031855,17.63256742490512,17.649018085885597,50000
2023-08-15,17.649018085885597,18.226681012126097,17.615021895201085,18.21282342682885,63543
2023-08-16,18.21282342682885,18.37187080370103,17.676643164593276,17.854966296454254,50000
2023-08-17,17.854966296454254,18.01368947665653,17.65796409778777,17.896513617139355,50000
2023-08-18,17.896513617139355,17.95853944123475,17.62535593955423,17.715283009208623,50000
2023-08-21,17.715283009208623,17.76452363975336,17.586452174808837,17.599173597561435,50000
2023-08-22,17.599173597561435,17.90181162177294,17.559010671694832,17.8195800498052,50000
2023-08-23,17.8195800498052,18.203136700784444,17.799336975326916,18.124466778893595,50000
2023-08-24,18.124466778893595,18.339714040684083,17.81124229456459,17.9229435076515,50000
2023-08-25,17.9229435076515,18.02731870462257,17.66912448426627,17.984617480378706,81204
2023-08-28,17.984617480378706,18.21077114929603,17.97385532863613,18.08462029283956,50000
2023-08-29,18.08462029283956,18.347396943419156,17.49677693907766,17.556695713411404,79411
2023-08-30,17.556695713411404,17.717375060330834,17.405619173183563,17.522395251863596,50000
2023-08-31,17.522395251863596,17.804301757994775,17.439239956253587,17.704195024793627,55221
2023-09-01,17.704195024793627,18.197177694945413,17.649613438005193,18.120704946675193,50000
2023-09-04,18.120704946675193,18.209036246820556,18.081242380658683,18.168276196367728,50000
2023-09-05,18.168276196367728,18.290057989289583,17.747566808821954,17.78506251063835,50000
2023-09-06,17.78506251063835,18.12821466550189,17.670617880345898,18.021517823917097,50000
2023-09-07,18.021517823917097,18.46413906713483,17.915925291499146,18.425410288071216,50000
2023-09-08,18.425410288071216,18.59243975226105,18.288638641176195,18.515150360750948,50000
2023-09-11,18.515150360750948,18.82679766690344,18.445253006227606,18.688285470655824,50000
2023-09-12,18.688285470655824,19.006785012866644,18.65470328494054,18.963525900768342,92557
2023-09-13,18.963525900768342,19.286591639190625,18.85516090616729,18.93642504440233,50000
2023-09-14,18.93642504440233,19.00065398569243,18.539367175987184,18.555647370846987,58654
2023-09-15,18.555647370846987,18.665617074621437,18.06053948064391,18.11454781741604,50000
2023-09-18,18.11454781741604,18.349753140086897,18.112647737592177,18.21482248789861,50000
2023-09-19,18.21482248789861,18.451064595429273,18.164638381939433,18.43183398764331,50000
2023-09-20,18.43183398764331,18.68730249564966,18.375128832374685,18.485347584989867,90307
2023-09-21,18.485347584989867,18.530673215547257,18.194979434363905,18.223221875105533,50000
2023-09-22,18.223221875105533,18.314080083915496,17.81879327461761,18.069424469146426,50000
2023-09-25,18.069424469146426,18.698522474844513,17.939375644640627,18.583856717448878,56330
2023-09-26,18.583856717448878,18.76507154760359,18.537837957154984,18.71882505373197,50000
2023-09-27,18.71882505373197,18.896603947149533,18.62769632526389,18.868106941091227,138833
2023-09-28,18.868106941091227,19.140670675682497,18.786975908205818,19.07381005055381,50000
2023-09-29,19.07381005055381,19.588128116667175,18.883000647129837,19.58308715857963,50000
2023-10-02,19.58308715857963,19.772908469364456,19.21888707758232,19.269035560973098,50000
2023-10-03,19.269035560973098,19.56709513852817,18.99900675028644,19.484730288334628,103194
2023-10-04,19.484730288334628,19.512939519073583,18.884660628266072,19.00459221722455,66079
2023-10-05,19.00459221722455,19.1330937033583,18.823757153130703,18.828555875319793,50000
2023-10-06,18.828555875319793,19.232208370436336,18.73071553075666,19.177770601006895,50000
2023-10-09,19.177770601006895,19.539561200393962,19.155710633067144,19.46028006191183,50000
2023-10-10,19.46028006191183,19.66411405760153,19.433766811264796,19.659702963028163,50000
2023-10-11,19.659702963028163,19.9172789558607,19.60731989433671,19.88792830185978,50000
2023-10-12,19.88792830185978,20.109056689664143,19.870295967414396,20.04846948703444,50000
2023-10-13,20.04846948703444,20.769799501870306,19.9955118470766,20.76435388790155,50000
2023-10-16,20.76435388790155,20.849716949369693,20.57146803651816,20.666347010532515,50000
2023-10-17,20.666347010532515,20.81134562459837,20.42557968445508,20.463147386621674,50000
2023-10-18,20.463147386621674,20.542687783178817,19.940017813420816,20.022271873013953,79347
2023-10-19,20.022271873013953,20.593796492156493,19.764536594016334,20.397836142623536,87278
2023-10-20,20.397836142623536,20.757114248285053,20.244162765722248,20.721064427920393,54357
2023-10-23,20.721064427920393,21.36317458387547,20.58748209661718,21.26541933611138,50000
2023-10-24,21.26541933611138,21.287201085030024,20.599488646375047,20.695936592529357,50000
2023-10-25,20.695936592529357,20.83915096335762,20.558309105042866,20.632323200188278,50000
2023-10-26,20.632323200188278,20.73331069703515,20.616896933942762,20.688861822033783,92367
2023-10-27,20.688861822033783,21.119403537890854,20.67893812944361,20.778662185195824,50000
2023-10-30,20.778662185195824,20.8919470717552,19.977471697140526,20.19307441417528,112085
2023-10-31,20.19307441417528,20.643562763599558,20.054580471631137,20.555628105083507,81108
2023-11-01,20.555628105083507,20.68961387616035,20.398441970506138,20.50768754301765,50000
2023-11-02,20.50768754301765,20.56420893448274,20.25571101922768,20.386790243255692,50000
2023-11-03,20.386790243255692,20.757164809980356,20.33462123271154,20.6277230238078,50000
2023-11-06,20.6277230238078,20.722261568931884,20.161409805281558,20.33774294255213,50000
2023-11-07,20.33774294255213,20.538331927063716,20.26223488366563,20.44284127511973,97778
2023-11-08,20.44284127511973,20.615955638290465,20.093344120312,20.301261711598283,50000
2023-11-09,20.301261711598283,20.569396310218675,19.67369754561902,19.930057021199282,50000
2023-11-10,19.930057021199282,20.23972506053762,19.690676569034014,20.123600747198985,55413
2023-11-13,20.123600747198985,20.40770153973354,19.969150040798024,20.228363846496272,50000
2023-11-14,20.228363846496272,20.286724994696566,19.864840876321264,19.906537624343734,50000
2023-11-15,19.906537624343734,19.983646495558467,19.668693556287092,19.727045810076838,50000
2023-11-16,19.727045810076838,19.91714866397176,19.65763588573643,19.756424232621487,74854
2023-11-17,19.756424232621487,20.12400575396681,19.668646873894698,20.071456284616875,50000
2023-11-20,20.071456284616875,20.364560074440025,19.651386748105413,19.835933652540234,50000
2023-11-21,19.835933652540234,19.843337479031415,19.466236179640273,19.526900161197627,50000
2023-11-22,19.526900161197627,19.819767606462385,19.41754319090093,19.74099241542632,52264
2023-11-23,19.74099241542632,19.842025592821752,19.546890250688566,19.568040968264864,50000
2023-11-24,19.568040968264864,20.724493207007765,19.435066256577223,20.601660549374547,248054
2023-11-27,20.601660549374547,20.894159111241212,20.293754122775116,20.780535347703147,50000
2023-11-28,20.780535347703147,20.866906838045313,20.512219745510727,20.599595669215176,50000
2023-11-29,20.599595669215176,20.860745676432863,20.435271723113924,20.831602548927727,50000
2023-11-30,20.831602548927727,20.9900948162068,20.80707181912142,20.94297744607908,107010
2023-12-01,20.94297744607908,21.01652063361253,20.774569551328597,20.980951382292556,112355
2023-12-04,20.980951382292556,21.06292672610151,20.785633794655293,21.024180133230566,91480
2023-12-05,21.024180133230566,21.04010645574748,20.616166087143764,20.679364092371344,50000
2023-12-06,20.679364092371344,20.77868299300402,20.671796934451333,20.712814069993218,115455
2023-12-07,20.712814069993218,21.09619574891238,20.693633023699583,20.917798889974204,156863
2023-12-08,20.917798889974204,21.144300594000665,20.518320798830825,20.684544787484608,50000
2023-12-11,20.684544787484608,20.910860108342277,20.62405670549109,20.71572258526769,50000
2023-12-12,20.71572258526769,21.200649219846387,20.681477649437063,21.078989702991578,50000
2023-12-13,21.078989702991578,21.66741172994643,20.93013906270141,21.58727738344318,70284
2023-12-14,21.58727738344318,21.749852837287172,21.26158030684721,21.274710782264858,50000
2023-12-15,21.274710782264858,21.363093331570877,21.116244414171593,21.157886979210378,50000
2023-12-18,21.157886979210378,21.63798875378728,20.960187381881088,21.567014740610176,50000
2023-12-19,21.567014740610176,21.638813755683692,21.478221400102594,21.55635190370857,50000
2023-12-20,21.55635190370857,21.626455925684862,20.883320381051032,21.172480970382537,53311
2023-12-21,21.172480970382537,21.19336724616037,20.62790464553921,20.768998669699812,55830
2023-12-22,20.768998669699812,20.79719453428495,20.37833270909021,20.4405271515805,50000
2023-12-25,20.4405271515805,20.752241507350043,20.3355052716918,20.654996083571366,116202
2023-12-26,20.654996083571366,20.778682460701777,20.620044479960594,20.776996601514295,135460
2023-12-27,20.776996601514295,20.839437738215757,20.680862807394735,20.731181668199802,50000
2023-12-28,20.731181668199802,20.82372042023134,20.496917866728804,20.505464932691087,50000
2023-12-29,20.505464932691087,20.612413353020983,20.304523825188785,20.57778338161023,108060
2024-01-01,20.57778338161023,20.80827389682664,20.3166353192826,20.60315018484781,102877
2024-01-02,20.60315018484781,21.07088752968312,20.4293679791607,21.015747316514986,101454
2024-01-03,21.015747316514986,21.334832397804334,20.936506507294833,21.29810499145385,74431
2024-01-04,21.29810499145385,21.453573459035372,21.111993566558898,21.39556647308128,94364
2024-01-05,21.39556647308128,21.624599960451523,21.345642015026367,21.495789794635893,50000
2024-01-08,21.495789794635893,21.546210544676896,21.458620927008848,21.48061988127685,50000
2024-01-09,21.48061988127685,22.230876609647172,21.390058271440157,22.171828128825442,50000
2024-01-10,22.171828128825442,22.19867941415837,21.867037796289743,21.885290228603694,50000
2024-01-11,21.885290228603694,21.92063885551716,21.78769385165676,21.86938632697063,50000
2024-01-12,21.86938632697063,21.982346916805948,21.824972581783896,21.914220734396245,50000
2024-01-15,21.914220734396245,22.545959949687283,21.792984161152425,22.318309123715963,50000
2024-01-16,22.318309123715963,22.458544777394177,22.22617827310177,22.38247365665584,50000
2024-01-17,22.38247365665584,22.421553803059993,22.267973989443867,22.36441477547325,50000
2024-01-18,22.36441477547325,22.595257148176387,22.255850194873734,22.545510228183772,120394
2024-01-19,22.545510228183772,22.71116826327705,22.525307949662704,22.599220081127765,54984
2024-01-22,22.599220081127765,22.791510236472302,22.44300691282538,22.717345490045656,50000
2024-01-23,22.717345490045656,22.87124371797978,22.269270669708867,22.49161991539542,50000
2024-01-24,22.49161991539542,22.769394085118943,21.85048144102181,22.08179353850588,50000
2024-01-25,22.08179353850588,22.443652189045842,22.07105977881706,22.228966900120643,50000
2024-01-26,22.228966900120643,22.65643585065221,22.164100507945157,22.519895757086193,86970
2024-01-29,22.519895757086193,22.671671470706134,22.344870335375077,22.54004795566448,50000
2024-01-30,22.54004795566448,23.13667750255155,22.488257259678406,22.887487805052835,52522
2024-01-31,22.887487805052835,23.00291477136266,22.441257735924886,22.550631041407403,50000
2024-02-01,22.550631041407403,22.883614711683176,22.21545528012428,22.215940011138105,51446
2024-02-02,22.215940011138105,23.166302623862236,22.085918781581004,23.130120302938753,50000
2024-02-05,23.130120302938753,23.15762731196291,22.770947069094138,22.849475533908475,63790
2024-02-06,22.849475533908475,22.94310559167398,22.8041535814843,22.895692643150014,89380
2024-02-07,22.895692643150014,22.920028785303245,22.61155584168232,22.803986323579352,50000
2024-02-08,22.803986323579352,23.139468490105628,22.78038326774393,23.054422789756416,50000
2024-02-09,23.054422789756416,23.171856011988922,22.59127273341495,22.640006354842495,50000
2024-02-12,22.640006354842495,23.226487333510306,22.36229635511069,23.03173780510284,63571
2024-02-13,23.03173780510284,23.06322541551195,22.77118114241859,22.928800946178562,96005
2024-02-14,22.928800946178562,22.98422111489433,22.478805995786498,22.626231603952693,50000
2024-02-15,22.626231603952693,22.661948714215374,22.49072228022849,22.506071128546314,50000
2024-02-16,22.506071128546314,22.75986335055426,22.40446920365122,22.412326194914233,50000
2024-02-19,22.412326194914233,22.530193278055396,21.88849979715651,21.9587194850267,67085
2024-02-20,21.9587194850267,22.18359924431866,21.9081671402637,22.072107606469448,50000
2024-02-21,22.072107606469448,22.814086159641608,21.842258341307588,22.755420711220317,50000
2024-02-22,22.755420711220317,23.039700882348118,22.685089861583336,23.0250621890597,218835
2024-02-23,23.0250621890597,23.547805563945417,22.988529869066152,23.42205901556341,50000
2024-02-26,23.42205901556341,23.525284891989763,23.13799391021271,23.247367407384335,74401
2024-02-27,23.247367407384335,23.25867821558308,22.61951114171532,22.633146013925174,50000
2024-02-28,22.633146013925174,22.71476226726972,22.26764008564406,22.28211192353418,118154
2024-02-29,22.28211192353418,22.94537795083773,22.082457836554305,22.855356129845397,50000
2024-03-01,22.855356129845397,22.95369131373441,22.69917427287296,22.723215644964757,50000
2024-03-04,22.723215644964757,22.83577189090389,22.433627990270296,22.43595063660669,78519
2024-03-05,22.43595063660669,22.901661479394,22.31501662462165,22.7305879278079,50000
2024-03-06,22.7305879278079,22.824814129166644,22.19100551376944,22.24804123738853,72232
2024-03-07,22.24804123738853,22.34795316504694,21.74352289902646,21.876986750126537,50000
2024-03-08,21.876986750126537,22.158120846795356,21.874676306697815,22.018914135144506,92328
2024-03-11,22.018914135144506,22.046543470128658,21.77394376705602,21.897390505698915,50000
2024-03-12,21.897390505698915,22.064602957814653,21.870237821673246,22.02643181172391,115939
2024-03-13,22.02643181172391,22.35950084862058,21.882826515903076,21.971996868617914,50000
2024-03-14,21.971996868617914,22.23170396889649,21.86772000799883,22.155945757953578,68086
2024-03-15,22.155945757953578,22.348653510941364,21.934851031299797,21.96692949556553,54291
2024-03-18,21.96692949556553,22.04760813276679,21.94557895624303,21.96203674039286,109004
2024-03-19,21.96203674039286,22.00482846055029,21.790438196561343,21.816602181275286,98324
2024-03-20,21.816602181275286,21.899355919611715,21.437217431205884,21.443129325331956,50000
2024-03-21,21.443129325331956,21.612765258728665,21.24249756026678,21.28170569326967,50000
2024-03-22,21.28170569326967,21.39672310325268,21.09806070413684,21.274623889758473,50000
2024-03-25,21.274623889758473,21.786116930863002,21.270181686249455,21.664982599857325,56020
2024-03-26,21.664982599857325,21.788446727208946,21.560791925237886,21.60089657565042,50000
2024-03-27,21.60089657565042,21.774337095260748,21.393116028991212,21.66954568404287,50000
2024-03-28,21.66954568404287,21.7761750169892,21.588612331398124,21.689886613561164,50000
2024-03-29,21.689886613561164,21.733713098969915,21.304057617164183,21.450527478356886,50000
2024-04-01,21.450527478356886,21.655242173090095,21.246861356372758,21.647410201399136,50000
2024-04-02,21.647410201399136,21.655874351205423,21.057779702030953,21.340640629713025,50000
2024-04-03,21.340640629713025,21.471420348231213,21.254874660233,21.42967052863426,50000
2024-04-04,21.42967052863426,21.50239020493419,21.21405274405587,21.22950570758221,50000
2024-04-05,21.22950570758221,21.52897857404139,21.208748735476334,21.41757492517459,50000
2024-04-08,21.41757492517459,22.080560412585925,21.334868902266614,21.90732302778845,50000
2024-04-09,21.90732302778845,22.67747555275702,21.86908553182811,22.370206295749632,71966
2024-04-10,22.370206295749632,22.75939153402418,22.12380032643241,22.692163817112885,67638
2024-04-11,22.692163817112885,22.782768954013992,21.993336396995982,22.366698358634647,138651
2024-04-12,22.366698358634647,22.88103117191429,22.265327892412383,22.853692955441016,57832
2024-04-15,22.853692955441016,22.904424239254677,22.683549324636672,22.866281584462886,68275
2024-04-16,22.866281584462886,23.2784865894077,22.832118151509075,23.232593644249043,86722
2024-04-17,23.232593644249043,23.585068171604988,23.11887673562963,23.524832673317476,50000
2024-04-18,23.524832673317476,23.62236893469535,23.139358050525992,23.26910088129559,50000
2024-04-19,23.26910088129559,23.27507658364836,22.712151121562275,22.74909211789257,52445
2024-04-22,22.74909211789257,22.936144279076526,22.58354535002866,22.882661627205927,66756
2024-04-23,22.882661627205927,24.07300156243416,22.819689021386953,23.991711460167643,50000
2024-04-24,23.991711460167643,24.119852488895965,23.61534254815827,23.797419448358365,50000
2024-04-25,23.797419448358365,24.194202851554053,23.499522602253546,23.84044879722196,50000
2024-04-26,23.84044879722196,24.21973605630755,23.630330078453905,24.20597543880811,50000
2024-04-29,24.20597543880811,24.248976736305405,23.792089287384233,24.00336216092161,50000
2024-04-30,24.00336216092161,24.78971292723622,23.810651045356423,24.538619299328797,50000
2024-05-01,24.538619299328797,24.609615212218262,24.22136959504792,24.222646916675064,50000
2024-05-02,24.222646916675064,24.243324431888425,23.727279686003463,23.951978013231344,68202
2024-05-03,23.951978013231344,24.01954919344522,23.285668444274542,23.458179265010983,50000
2024-05-06,23.458179265010983,23.588618546566394,23.144362267621553,23.247379160787098,50000
2024-05-07,23.247379160787098,23.423336757509155,22.813335442219586,22.85582891903523,50000
2024-05-08,22.85582891903523,23.12422898583932,22.799855522402474,23.025693126593744,50000
2024-05-09,23.025693126593744,23.540034820913213,22.658129854015495,23.53607307770085,50000
2024-05-10,23.53607307770085,23.648096880035165,23.19790985274024,23.277918672195685,56432
2024-05-13,23.277918672195685,23.516715815313077,22.727204688855508,22.882801004775313,55989
2024-05-14,22.882801004775313,23.518023394401858,22.736600016827428,23.368983394011646,50000
2024-05-15,23.368983394011646,23.62771393141291,23.302133755042608,23.44260362771703,50000
2024-05-16,23.44260362771703,23.741462702983725,23.37822418318744,23.72725834555461,84362
2024-05-17,23.72725834555461,23.780767036641148,23.562578651064864,23.585007808751143,104043
2024-05-20,23.585007808751143,23.773406243993676,23.249379732085867,23.362438549622674,136384
2024-05-21,23.362438549622674,23.503693935313343,23.324975393617848,23.494403594021954,69791
2024-05-22,23.494403594021954,23.603450920476966,23.470202004136027,23.58078111447207,50000
2024-05-23,23.58078111447207,23.749795147201155,23.260946652842673,23.348287577380926,59373
2024-05-24,23.348287577380926,23.4518489525403,23.09095950754192,23.121130337578126,50000
2024-05-27,23.121130337578126,23.336391885689075,23.115234317469117,23.189536072634972,50000
2024-05-28,23.189536072634972,23.30627890147902,22.561255187262105,22.767906611211412,52578
2024-05-29,22.767906611211412,23.014143511891405,22.59221163694525,22.607000110007768,50000
2024-05-30,22.607000110007768,22.69061848469896,22.20425651583009,22.271293206579276,104052
2024-05-31,22.271293206579276,22.318625198366767,21.834748387899566,21.865417845068865,51408
2024-06-03,21.865417845068865,21.90289491649485,21.818099811556515,21.887807145206555,50000
2024-06-04,21.887807145206555,21.89532643724179,21.696011187366462,21.769885792880398,50000
2024-06-05,21.769885792880398,21.773751191296306,21.581890437636496,21.737441674973347,70579
2024-06-06,21.737441674973347,21.7385196503456,21.662469595651885,21.734551293331396,60035
2024-06-07,21.734551293331396,22.021862906850508,21.691894372948997,21.96051572331495,50000
2024-06-10,21.96051572331495,22.237997688560114,21.918454440490116,22.09630512467574,50000
2024-06-11,22.09630512467574,22.5758550125992,21.943446362025565,22.531858627612998,50000
2024-06-12,22.531858627612998,22.86954906095777,22.450494956161762,22.80062046309313,82378
2024-06-13,22.80062046309313,23.3358447963862,22.511105933818378,23.317909077658367,94245
2024-06-14,23.317909077658367,23.510177146886313,22.758716015198356,22.79449571319837,50000
2024-06-17,22.79449571319837,23.01329553648634,22.366902466430982,22.43382934075543,50000
2024-06-18,22.43382934075543,22.536299653899277,22.312344978170017,22.519330304864557,50000
2024-06-19,22.519330304864557,23.217338820658505,22.445529896344137,23.011810377396362,50000
2024-06-20,23.011810377396362,23.123388339620835,22.96560727014928,23.05533416422228,50000
2024-06-21,23.05533416422228,23.407860832491885,22.623943091806424,22.774938801591755,50000
2024-06-24,22.774938801591755,22.84207205285551,22.581994252721273,22.816257963681224,66929
2024-06-25,22.816257963681224,23.158947541061202,22.698788438709244,23.036555318464973,50000
2024-06-26,23.036555318464973,23.13023577157747,22.872879158635012,23.128322905699086,50000
2024-06-27,23.128322905699086,23.141769008476626,22.334161012892334,22.388058594478114,50000
2024-06-28,22.388058594478114,22.477907919038,22.15283286527892,22.208313120421245,134800
2024-07-01,22.208313120421245,22.413346898293245,21.663806500487357,21.971050464134656,62972
2024-07-02,21.971050464134656,22.359312602536253,21.7965635576305,22.142457989444857,50000
2024-07-03,22.142457989444857,23.247908028381612,22.060789055268273,23.060675630288664,50000
2024-07-04,23.060675630288664,23.70331099074067,22.9376017025609,23.65561154396924,76110
2024-07-05,23.65561154396924,23.90898357631795,23.175902828010155,23.287937858870745,120080
2024-07-08,23.287937858870745,23.56246557468003,23.286275703635635,23.32970227313166,50000
2024-07-09,23.32970227313166,23.51264975820139,23.005122712611765,23.247868456601502,50000
2024-07-10,23.247868456601502,23.562410325597174,23.17467696168239,23.47884467721367,62525
2024-07-11,23.47884467721367,23.864970407729626,23.293089363091024,23.674648317807268,150405
2024-07-12,23.674648317807268,23.807322987579628,23.316963247794483,23.323051053434536,50000
2024-07-15,23.323051053434536,24.000628880599344,23.264001905978116,23.91924885821611,124518
2024-07-16,23.91924885821611,24.186224855994723,23.882114460706045,23.985004356838626,50000
2024-07-17,23.985004356838626,24.055480926190207,23.823318853319343,23.831811061072134,58563
2024-07-18,23.831811061072134,24.055917159037367,23.075402358978604,23.257354897128007,50000
2024-07-19,23.257354897128007,23.48205510006456,23.16466512209778,23.42962938761598,59954
2024-07-22,23.42962938761598,23.704625968070236,22.96496880168857,22.97672433565193,56330
2024-07-23,22.97672433565193,23.065971801357872,22.776582405259003,22.93209204517808,76276
2024-07-24,22.93209204517808,23.238516183511432,22.788051163767552,23.128393269730417,50000
2024-07-25,23.128393269730417,23.307044107966632,22.975355021241878,23.117718016218234,50000
2024-07-26,23.117718016218234,23.445375244891135,22.628690914932143,22.653647173720657,50000
2024-07-29,22.653647173720657,22.76455342259445,22.330325294244492,22.357642910228467,102841
2024-07-30,22.357642910228467,22.867111656139674,22.192643235781613,22.601105900798846,50000
2024-07-31,22.601105900798846,22.77306197986716,22.371838215319933,22.614913414366004,75345
2024-08-01,22.614913414366004,23.17842657669565,22.50453327368112,22.907421839639348,50000
2024-08-02,22.907421839639348,22.942707723598417,22.24457437591409,22.311281204792007,50000
2024-08-05,22.311281204792007,22.363066999817093,21.95829557456746,22.027015157560232,89098
2024-08-06,22.027015157560232,22.737544092874078,21.914890605479535,22.479549734067987,50000
2024-08-07,22.479549734067987,22.533557461981317,22.207386765137052,22.35519099445827,50000
2024-08-08,22.35519099445827,22.4520204008689,22.022148694924386,22.147541116188634,50000
2024-08-09,22.147541116188634,22.740202631572313,21.87968836163905,22.659859109795057,50000
2024-08-12,22.659859109795057,22.83695997830437,22.508569586563773,22.671260849322984,50000
2024-08-13,22.671260849322984,22.791062951778567,22.453806235702746,22.485600053039455,50000
2024-08-14,22.485600053039455,22.714640161857936,22.216814986351046,22.642685488879145,50000
2024-08-15,22.642685488879145,22.890859404119592,22.63299810008353,22.78745766078443,94382
2024-08-16,22.78745766078443,22.909466319821927,22.773501071865038,22.834539332479412,50000
2024-08-19,22.834539332479412,23.061383064861346,22.772939545134406,22.94843516797458,50000
2024-08-20,22.94843516797458,23.012671148438532,22.861576866857167,22.927423211307723,50000
2024-08-21,22.927423211307723,23.796373619571074,22.80661071010112,23.487780548240437,50000
2024-08-22,23.487780548240437,23.930795524972712,23.225478637279704,23.91429524479439,50000
2024-08-23,23.91429524479439,24.212789407826687,23.636300664126523,24.080357469908545,50000
2024-08-26,24.080357469908545,24.363736033737858,24.065349992855634,24.336513935127474,72052
2024-08-27,24.336513935127474,24.3713436924924,24.249457282814983,24.344920210559973,50000
2024-08-28,24.344920210559973,24.597686597869153,23.806493650942798,23.909502692349342,66357
2024-08-29,23.909502692349342,24.22208260298291,23.497881739142155,23.53872253691489,50000
2024-08-30,23.53872253691489,23.548476881380957,23.273682464732197,23.460464570317964,50000
2024-09-02,23.460464570317964,23.788777493877657,23.23538761372409,23.691270311037858,110664
2024-09-03,23.691270311037858,23.949355958174145,23.59395941729556,23.937773268308746,50000
2024-09-04,23.937773268308746,24.453095745539272,23.776899289506776,24.281850044886045,50000
2024-09-05,24.281850044886045,24.529455749302684,23.868884540949985,23.89863391373157,50000
2024-09-06,23.89863391373157,24.314354771148558,23.620746258195325,23.709845981052204,52632
2024-09-09,23.709845981052204,24.27635691479394,23.58614676126337,24.199131068305853,50000
2024-09-10,24.199131068305853,24.35456315124069,24.070133991228126,24.264738959944015,50000
2024-09-11,24.264738959944015,24.497295771926026,23.693409128861877,23.838859665676058,50000
2024-09-12,23.838859665676058,24.557602320290272,23.735814846405603,24.47919055562881,50000
2024-09-13,24.47919055562881,24.515467907027897,24.272171488533097,24.346874656012037,50000
2024-09-16,24.346874656012037,24.748092520800135,24.136595583430427,24.74035685155195,50000
2024-09-17,24.74035685155195,25.29887625066091,24.712073006694112,25.030528946999723,50000
2024-09-18,25.030528946999723,25.13700424313531,24.705175977680575,24.77670388810789,50000
2024-09-19,24.77670388810789,24.785601491967242,24.71163240801942,24.762434093449396,50000
2024-09-20,24.762434093449396,25.150127923582986,24.471093569386223,24.57987022730171,50000
2024-09-23,24.57987022730171,24.712948603248755,24.428297247647176,24.473610970705465,50000
2024-09-24,24.473610970705465,24.56237687192758,24.381298392613548,24.484304395080535,50000
2024-09-25,24.484304395080535,24.94023551918439,24.330605703777845,24.645649838539843,50000
2024-09-26,24.645649838539843,24.7061288845876,24.435936720137217,24.643027558186755,50000
2024-09-27,24.643027558186755,24.92411007876018,23.36284299200205,23.538009447613913,55023
2024-09-30,23.538009447613913,23.68490835685651,23.253751990540675,23.39988300859603,50000
2024-10-01,23.39988300859603,24.075609736604335,23.152953531541602,24.036165019477796,50000
2024-10-02,24.036165019477796,24.539620311368463,24.000164285226102,24.4893119251449,50000
2024-10-03,24.4893119251449,24.52967599767311,24.469779046414978,24.48472274390672,50000
2024-10-04,24.48472274390672,24.76807265246373,24.378401701779676,24.620125428585013,50000
2024-10-07,24.620125428585013,24.662182502585978,24.39758548669302,24.425266805770917,50000
2024-10-08,24.425266805770917,24.57871592467397,23.857100532472707,23.996692002565947,50000
2024-10-09,23.996692002565947,24.05307175203262,23.789198308311637,23.921945855183555,50000
2024-10-10,23.921945855183555,24.033871333795783,23.657554613529513,23.71812283811091,50000
2024-10-11,23.71812283811091,23.814697385424505,23.133825523884703,23.309626406221,50000
2024-10-14,23.309626406221,23.582650405224513,22.695323847723564,22.768312565820295,66954
2024-10-15,22.768312565820295,22.99247865603538,22.3180462164836,22.577982208964244,368784
2024-10-16,22.577982208964244,22.69189751506505,22.22824626048775,22.34770001068253,50000
2024-10-17,22.34770001068253,22.616553231675574,22.166242522716114,22.527603495414343,50000
2024-10-18,22.527603495414343,22.56252455357736,22.442109074094155,22.44932726611571,91513
2024-10-21,22.44932726611571,22.79876472692615,22.0582439143671,22.67322191612364,61645
2024-10-22,22.67322191612364,22.883764401238224,22.605952702682426,22.748553379489632,50000
2024-10-23,22.748553379489632,23.228884897953602,22.65786414874167,23.11157171074795,50000
2024-10-24,23.11157171074795,23.17984555949317,22.30178732038735,22.329224283992133,50000
2024-10-25,22.329224283992133,22.588444201120282,22.222463307203448,22.540360060744568,102464
2024-10-28,22.540360060744568,22.967834278116054,22.473282664366483,22.8992565444243,74601
2024-10-29,22.8992565444243,23.376599417027716,22.89249549608518,23.319661289364202,167014
2024-10-30,23.319661289364202,23.33010519903202,23.02521961114232,23.084355388898313,53349
2024-10-31,23.084355388898313,23.090668186970657,22.937094797953318,23.0795517280619,50000
2024-11-01,23.0795517280619,23.122637650863066,22.968710657925644,23.096447846145214,65138
2024-11-04,23.096447846145214,23.13920457141111,22.67229641890976,22.76719141718448,64683
2024-11-05,22.76719141718448,22.872643228399234,22.367477191901518,22.622005523764667,50000
2024-11-06,22.622005523764667,22.870930433345393,22.467137653916154,22.84617805309198,50000
2024-11-07,22.84617805309198,23.107911828809723,22.286824226636416,22.464763498229292,107597
2024-11-08,22.464763498229292,22.585929309319745,22.41428677259711,22.434771161239542,50000
2024-11-11,22.434771161239542,22.649198920650147,21.474259411389728,21.69400954257683,50000
2024-11-12,21.69400954257683,21.769082789897936,21.678714148472768,21.728449938132147,50000
2024-11-13,21.728449938132147,21.806705844863192,21.437205380331363,21.561974289834364,76559
2024-11-14,21.561974289834364,21.632824357949534,21.201600949398447,21.238424310503344,52508
2024-11-15,21.238424310503344,21.30925996093464,20.76538965951758,20.938773632007795,50000
2024-11-18,20.938773632007795,21.616957073548246,20.921878891346598,21.513721962325526,90732
2024-11-19,21.513721962325526,21.86132711081756,21.491932228032766,21.71300657244631,50000
2024-11-20,21.71300657244631,22.40440977288156,21.64315116107896,22.378970224216182,54851
2024-11-21,22.378970224216182,22.47968151005277,21.90392298662969,22.04396301207214,50000
2024-11-22,22.04396301207214,22.170241174103825,21.807320528471745,21.9171897611652,50000
2024-11-25,21.9171897611652,22.092937690866783,21.697404844721788,21.97530157648625,50000
2024-11-26,21.97530157648625,22.444925605344196,21.55942334967505,21.615089571758123,50000
2024-11-27,21.615089571758123,21.80933877587802,21.607081638989033,21.671895113603902,50000
2024-11-28,21.671895113603902,21.7201308409693,21.45420579348016,21.469545595920444,172789
2024-11-29,21.469545595920444,21.6197124286453,20.684237107833958,20.74074578204981,50000
2024-12-02,20.74074578204981,20.912353142144486,20.173569116012857,20.211578943195182,50000
2024-12-03,20.211578943195182,20.26010777429606,19.66824291480867,19.748582917197574,123115
2024-12-04,19.748582917197574,19.93383291905126,19.334032159395736,19.471427579553385,50000
2024-12-05,19.471427579553385,20.019378025321114,19.33700983443538,19.92702592006501,66106
2024-12-06,19.92702592006501,20.02294652170412,19.124875815745607,19.244877916586276,50000
2024-12-09,19.244877916586276,19.388584302938504,18.959726389639606,19.07967250897631,50000
2024-12-10,19.07967250897631,19.84330374580696,19.004401479128244,19.782359692050733,50000
2024-12-11,19.782359692050733,19.858441926755216,19.719648692693664,19.817291640673165,50000
2024-12-12,19.817291640673165,20.32909750679179,19.75716568043763,20.16794614856256,50000
2024-12-13,20.16794614856256,20.242584236968103,19.86964202992198,19.910056702354286,58127
2024-12-16,19.910056702354286,20.213449785029326,19.844868642478104,20.071002868062795,50000
2024-12-17,20.071002868062795,20.12870714948429,19.75336367147784,19.78547231748993,50000
2024-12-18,19.78547231748993,20.047893934570308,19.179933918774882,19.371930228559876,50000
2024-12-19,19.371930228559876,19.412577731472158,18.84807313860125,18.969537874654595,52840
2024-12-20,18.969537874654595,19.969016677497848,18.956853582556985,19.915986506046888,50000
2024-12-23,19.915986506046888,19.96469391607358,19.502321601744555,19.647225465410177,149081
2024-12-24,19.647225465410177,19.694476448282423,19.231070802947144,19.33172145101839,50000
2024-12-25,19.33172145101839,19.43872791650711,18.86850021657981,18.982548626866265,51015
2024-12-26,18.982548626866265,19.07297648110068,18.682230022818704,18.772241246565113,50000
2024-12-27,18.772241246565113,18.95163578524794,18.687222249067716,18.872099603034727,50000
2024-12-30,18.872099603034727,19.87407091140984,18.81877939934214,19.84055827630292,50000
2024-12-31,19.84055827630292,19.963584006066007,19.50280028578285,19.72124191335251,50000
2025-01-01,19.72124191335251,19.739825109017154,19.523929573017533,19.57142172482819,74428
2025-01-02,19.57142172482819,19.780809513056266,18.579967854659305,18.661368877327664,50000
2025-01-03,18.661368877327664,18.696607949703004,18.257650041075603,18.44438983333764,50000
2025-01-06,18.44438983333764,18.50645095107774,18.02984296397836,18.213455044655287,60725
2025-01-07,18.213455044655287,18.357485283795615,18.21032353892671,18.257913460231272,50000
2025-01-08,18.257913460231272,18.499783557552874,18.090825850932262,18.41204297766443,119838
2025-01-09,18.41204297766443,18.591894109938174,18.232427909012525,18.379197114701693,74678
2025-01-10,18.379197114701693,18.394928561842473,18.182198499980263,18.302059169825643,50000
2025-01-13,18.302059169825643,18.37963703951861,18.167510244683754,18.253734940319674,50000
2025-01-14,18.253734940319674,18.31887071577193,17.924508673649328,18.018744317191818,50000
2025-01-15,18.018744317191818,18.021424986740953,17.64900865260956,17.782292084329423,50000
2025-01-16,17.782292084329423,17.80682297859515,17.39486550188386,17.58960679913636,50000
2025-01-17,17.58960679913636,17.67589256660091,17.517757125832414,17.558471010952072,60524
2025-01-20,17.558471010952072,17.82693158331583,17.521765282153574,17.610897901354015,50000
2025-01-21,17.610897901354015,17.66802992414654,17.033239506061516,17.055690907150055,50000
2025-01-22,17.055690907150055,17.212818031195077,16.59565400805457,16.65851326694554,50000
2025-01-23,16.65851326694554,16.797123753695733,16.59965922237014,16.6833390634934,50000
2025-01-24,16.6833390634934,16.881113762023595,16.444232088909374,16.469677182446926,50000
2025-01-27,16.469677182446926,16.764724496589604,16.239723252223627,16.680815982727523,50000
2025-01-28,16.680815982727523,16.915488060498806,16.6106822750869,16.8753278045636,50000
2025-01-29,16.8753278045636,17.05391335308137,16.772792246781627,16.9581683495314,50000
2025-01-30,16.9581683495314,17.064361702440415,16.85800574632281,17.006405272714932,50000
2025-01-31,17.006405272714932,17.198840367556006,16.914472167969183,17.15038210584806,50000
2025-02-03,17.15038210584806,17.746679534669404,17.051876548218623,17.657211971165655,78968
2025-02-04,17.657211971165655,17.87764475306161,17.581394028446926,17.873976538532254,54724
2025-02-05,17.873976538532254,17.943280341475095,17.68240571890752,17.88326984967577,50000
2025-02-06,17.88326984967577,18.48059420016753,17.83037847822372,18.457758805294453,50000
2025-02-07,18.457758805294453,18.53822096251858,18.4010295599641,18.520585032082852,50000
2025-02-10,18.520585032082852,18.577418347408535,18.44102185437467,18.50268241974155,66649
2025-02-11,18.50268241974155,18.63184784416223,18.33945049901493,18.546706587391455,53025
2025-02-12,18.546706587391455,18.642790151617127,18.51715905389424,18.64117665447127,50000
2025-02-13,18.64117665447127,19.187848065861548,18.63762464494432,19.15881383511391,50000
2025-02-14,19.15881383511391,19.502335578008147,19.03920992846847,19.33501220738937,73187
2025-02-17,19.33501220738937,19.732667499209324,19.263124235198053,19.69416447359569,51890
2025-02-18,19.69416447359569,19.836702066490705,19.252336915753222,19.284676054952307,54533
2025-02-19,19.284676054952307,19.288314525376293,18.93864574751955,18.992964878795927,50000
2025-02-20,18.992964878795927,19.036611455882806,18.716472307480583,19.00911256440322,51581
2025-02-21,19.00911256440322,19.0627791196033,18.547812699440378,18.583031505162346,50000
2025-02-24,18.583031505162346,19.007826715920256,18.562983637130408,18.912751843463557,50000
2025-02-25,18.912751843463557,19.131965062387568,18.73105369561525,18.9837141602662,51727
2025-02-26,18.9837141602662,19.085763958699836,18.71454513754554,18.869589061337216,93711
2025-02-27,18.869589061337216,19.00654038134494,18.747640726795098,18.774421069170884,50000
2025-02-28,18.774421069170884,18.808859327381928,18.18233634889697,18.220892321423733,50000
2025-03-03,18.220892321423733,18.483365512227852,18.122738030447643,18.308005849678185,50000
2025-03-04,18.308005849678185,18.74418641659112,18.292872973599707,18.510279335952735,50000
2025-03-05,18.510279335952735,18.77956654980157,18.31323887114415,18.38152664485507,50000
2025-03-06,18.38152664485507,18.48362660911901,18.312803289148214,18.355167260596406,50000
2025-03-07,18.355167260596406,18.580834841936333,18.224226131870875,18.41371704496266,58302
2025-03-10,18.41371704496266,19.08898514424681,18.316381423951526,18.908291852079355,50000
2025-03-11,18.908291852079355,19.11140143208884,18.79556892386912,19.05736071954845,50000
2025-03-12,19.05736071954845,19.134253770376226,19.031439641234353,19.112994876153238,50000
2025-03-13,19.112994876153238,19.46982210293496,19.038160202661402,19.324013783115568,71892
2025-03-14,19.324013783115568,19.570484975008302,19.306802917947977,19.50529012547749,67908
2025-03-17,19.50529012547749,19.69850863900901,19.065351983490416,19.093729438798498,50000
2025-03-18,19.093729438798498,19.222940581495482,18.956317630488034,19.07961033964679,50000
2025-03-19,19.07961033964679,19.267053522523415,19.021823984432753,19.10511130960695,50818
2025-03-20,19.10511130960695,19.18525593744958,18.544345989504343,18.629279845578726,50000
2025-03-21,18.629279845578726,18.648738637307716,18.173929912831003,18.220346589346565,50000
2025-03-24,18.220346589346565,18.25023753273283,18.050825250166838,18.22689920463216,68168
2025-03-25,18.22689920463216,18.475985259415676,18.058906101275547,18.47583122858297,50000
2025-03-26,18.47583122858297,19.28513018883059,18.385329056637,19.11239632260305,73321
2025-03-27,19.11239632260305,19.167848737896108,18.604657849667557,18.69520102171264,50000
2025-03-28,18.69520102171264,18.987060201384477,18.55917801493321,18.92016033693856,50000
2025-03-31,18.92016033693856,18.992732346517894,18.593828970453742,18.775974449320614,50000
2025-04-01,18.775974449320614,18.93126352430647,18.711934085058125,18.77136957531514,50000
2025-04-02,18.77136957531514,19.01601400322404,18.77086730841911,18.97056495771208,50000
2025-04-03,18.97056495771208,19.418859467306856,18.815994814253074,19.19348978996982,55904
2025-04-04,19.19348978996982,19.233120223676814,18.93027173156476,19.05640914584078,50000
2025-04-07,19.05640914584078,19.37750463852739,18.47657728475807,18.614140815758812,50000
2025-04-08,18.614140815758812,18.640258579212635,18.532588219842737,18.58364518265532,50000
2025-04-09,18.58364518265532,18.601147092353486,18.25579383816419,18.315354570887912,50000
2025-04-10,18.315354570887912,18.399906452789544,18.129152408971688,18.25559527911614,50000
2025-04-11,18.25559527911614,18.258168210841465,18.026309003081554,18.034661050481215,69201
2025-04-14,18.034661050481215,18.283613726320482,18.032687414679273,18.258136165359748,50000
2025-04-15,18.258136165359748,18.56062499406806,18.23253455433562,18.510609562753437,58754
2025-04-16,18.510609562753437,18.770064027689074,18.368285692706813,18.707984033845083,50000
2025-04-17,18.707984033845083,18.837333475000992,18.283264770425195,18.44151054986373,50000
2025-04-18,18.44151054986373,18.462115981580148,18.281692207459088,18.337186291472843,50000
2025-04-21,18.337186291472843,18.53343203353023,18.304105406920787,18.525062976984977,50164
2025-04-22,18.525062976984977,18.78028733527168,18.43390630380995,18.701689803114345,135115
2025-04-23,18.701689803114345,18.71780364619909,18.65027066305988,18.674844449176863,55654
2025-04-24,18.674844449176863,19.04949132424302,18.65423839177207,19.024591052046517,57578
2025-04-25,19.024591052046517,19.04100776756692,18.456338490743967,18.57879140999644,50000
2025-04-28,18.57879140999644,19.113959040318825,18.572259678784338,19.04740847039439,54773
2025-04-29,19.04740847039439,19.07834901484229,18.897732878826073,19.00821859099719,50000
2025-04-30,19.00821859099719,19.02888015739839,18.33527251133804,18.522692472479218,50000
2025-05-01,18.522692472479218,18.557023363941575,18.27386345764996,18.39855807695789,101800
2025-05-02,18.39855807695789,18.406032098401216,18.35244217830176,18.387075128246938,50000
2025-05-05,18.387075128246938,18.652205398404657,18.239126126063354,18.634711172655138,108496
2025-05-06,18.634711172655138,18.742589135520074,18.262393309638387,18.413649848145198,50000
2025-05-07,18.413649848145198,18.988094822546635,18.41041418331123,18.90024628806924,51201
2025-05-08,18.90024628806924,18.92217651254147,18.693150891308573,18.799988839250787,50000
2025-05-09,18.799988839250787,18.982754291505945,18.70431317722245,18.76082420788142,50000
2025-05-12,18.76082420788142,18.783352609768393,18.648501374384633,18.717778647606863,50000
2025-05-13,18.717778647606863,18.8212404515061,18.604494166468854,18.751645849732903,50000
2025-05-14,18.751645849732903,18.758690960637878,18.214531733353546,18.238915069805948,55563
2025-05-15,18.238915069805948,19.085150426559586,18.188976098712676,19.013881071074145,50000
2025-05-16,19.013881071074145,19.384824202665698,18.874512003522305,19.350113801430464,73975
2025-05-19,19.350113801430464,19.576770647086267,19.293378240740864,19.466020905779516,50000
2025-05-20,19.466020905779516,19.852696613599882,19.457119675197855,19.844180121283966,50000
2025-05-21,19.844180121283966,20.497073178518274,19.6015195779786,20.45480771490357,50000
2025-05-22,20.45480771490357,20.576588581565247,20.383680761841347,20.458630929046006,50000
2025-05-23,20.458630929046006,20.53432085385796,20.409239182900645,20.50405031220164,63199
2025-05-26,20.50405031220164,20.55083425306571,20.38156946026847,20.52285425804756,69430
2025-05-27,20.52285425804756,21.183478233641885,20.23189564918861,20.92111545991066,50000
2025-05-28,20.92111545991066,21.0119706958137,20.732460758617957,20.830182661019094,73600
2025-05-29,20.830182661019094,21.316117597988544,20.823299465518026,21.129976400556313,50000
2025-05-30,21.129976400556313,21.13014430316832,20.98541351581055,21.002716089962586,52148
2025-06-02,21.002716089962586,21.44569389376642,20.880233422971127,21.146408550112717,50000
2025-06-03,21.146408550112717,21.22826016695513,20.409473141640355,20.822723094999976,148716
2025-06-04,20.822723094999976,20.833959745477276,20.39480741786243,20.398071566232797,83299
2025-06-05,20.398071566232797,20.529414960462542,20.056501498197388,20.148181989243064,69053
2025-06-06,20.148181989243064,20.310995786726817,19.562256628146205,19.596064826619706,50000
2025-06-09,19.596064826619706,19.713853418364714,19.3446816329333,19.448780886510185,50000
2025-06-10,19.448780886510185,19.466426516092618,19.297166110622104,19.363093964172858,50000
2025-06-11,19.363093964172858,19.620854264898732,19.294831573419327,19.49939812539217,104025
2025-06-12,19.49939812539217,19.72917686266051,19.484338848433016,19.65647717329436,50000
2025-06-13,19.65647717329436,19.750562200876402,19.162242173793658,19.286218912976803,50000
2025-06-16,19.286218912976803,19.373764580248555,18.70916421255049,18.993701919893446,195961
2025-06-17,18.993701919893446,19.216765242402786,18.91526162833077,19.132139359684736,50000
2025-06-18,19.132139359684736,19.728347586791987,19.02739168132159,19.544542557761872,50000
2025-06-19,19.544542557761872,19.546122086041844,19.243171821643113,19.28112462442381,50000
2025-06-20,19.28112462442381,19.755368510235424,19.15963131075663,19.669895375383287,68332
2025-06-23,19.669895375383287,20.481387809899918,19.58768770354,20.356806606614384,50000
2025-06-24,20.356806606614384,20.63875040351466,20.113596339019324,20.62878297082138,50000
2025-06-25,20.62878297082138,20.72647563854427,20.22684546482501,20.25826428844024,201708
2025-06-26,20.25826428844024,20.341424236975044,19.998806539814353,20.01489772590644,107258
2025-06-27,20.01489772590644,20.033701988842257,19.873262160586986,20.022878544123333,50000
2025-06-30,20.022878544123333,20.77646363970414,19.999317802240952,20.60660129445323,50000
2025-07-01,20.60660129445323,20.847719029929536,20.453033176908722,20.483266025900903,50000
2025-07-02,20.483266025900903,20.54571721047445,20.17055390901795,20.185714140607523,76744
2025-07-03,20.185714140607523,20.351115982962828,19.755478669066285,19.906065509330652,50000
2025-07-04,19.906065509330652,20.308108107233085,19.764458524338266,20.041351842744028,50000
2025-07-07,20.041351842744028,20.1950164363993,19.881374782393205,20.044818425145486,53563
2025-07-08,20.044818425145486,20.072192128752484,19.926052426085867,20.064116633494898,50000
2025-07-09,20.064116633494898,20.25490672328814,20.02272804373964,20.05636230524888,50000
2025-07-10,20.05636230524888,20.497387550544193,19.94670381209941,20.468802424308674,50000
2025-07-11,20.468802424308674,20.984306115011396,20.42490902369961,20.73518994200068,87491
2025-07-14,20.73518994200068,21.002443778733454,20.36156041570435,20.50956211383279,50000
2025-07-15,20.50956211383279,21.021278626972062,20.349456136987037,20.861016934853122,50000
2025-07-16,20.861016934853122,20.92480978377133,20.821076740962443,20.92070876146593,54524
2025-07-17,20.92070876146593,21.16512469620782,20.801278195922656,21.0478760562772,55235
2025-07-18,21.0478760562772,21.05490156993823,20.709374494014714,20.841784793987475,50000
2025-07-21,20.841784793987475,20.891242868265657,20.459703202060794,20.559253100610473,86708
2025-07-22,20.559253100610473,20.697542997210075,20.31703697085048,20.43563313219058,50000
2025-07-23,20.43563313219058,20.896105130919064,20.276185150771802,20.743873594740293,50000
2025-07-24,20.743873594740293,20.780986502876203,20.582353003486222,20.699922420991758,50000
2025-07-25,20.699922420991758,20.86534718065004,20.469734927589176,20.530707701293114,57098
2025-07-28,20.530707701293114,20.804521897516913,20.389829695440373,20.78795288036807,77004
2025-07-29,20.78795288036807,20.845281021554445,20.569478027828694,20.635954383826554,50000
2025-07-30,20.635954383826554,20.666880804526897,20.048022963341833,20.154239752283495,79555
2025-07-31,20.154239752283495,20.21831651306267,19.818319719481494,19.88554281108969,57737
2025-08-01,19.88554281108969,19.962123307029547,19.524694911308497,19.75964181923361,50742
2025-08-04,19.75964181923361,19.764245980578274,19.64785189406298,19.684124396723927,50000
2025-08-05,19.684124396723927,19.74048355613145,19.575927090098336,19.722265341139423,150261
2025-08-06,19.722265341139423,19.976835151121605,19.686882342117638,19.895121026525107,50000
2025-08-07,19.895121026525107,19.920125649315597,19.504114852202058,19.53891899746587,50000
2025-08-08,19.53891899746587,19.560116550097643,19.429198056486918,19.510562045663942,57897
2025-08-11,19.510562045663942,19.610671834793557,19.33532161222161,19.391032163995675,50000
2025-08-12,19.391032163995675,19.470540483720658,19.30110176300487,19.387628579466536,50000
2025-08-13,19.387628579466536,19.816879506463298,19.351957388062363,19.62632440208124,50000
2025-08-14,19.62632440208124,19.63344121036235,18.827664288185098,18.85384016600595,50000
2025-08-15,18.85384016600595,19.31203342087211,18.725294018705124,19.202585156959362,70555
2025-08-18,19.202585156959362,19.31073052661114,18.738947169912063,18.768546600068298,50000
2025-08-19,18.768546600068298,18.7791481557582,18.340650784555574,18.401154208422987,55324
2025-08-20,18.401154208422987,18.469145433187304,17.966090029587125,18.013853299506255,50000
2025-08-21,18.013853299506255,18.159032365515184,17.646735714882453,17.714700201726544,50000
2025-08-22,17.714700201726544,17.86998592949714,17.645577452366116,17.833178157099578,50000
2025-08-25,17.833178157099578,18.285796855531107,17.709109086541094,18.228826533391295,92573
2025-08-26,18.228826533391295,18.4543927885015,18.05658357006522,18.058960033508903,50000
2025-08-27,18.058960033508903,18.090412693429663,17.881536019789838,17.94719438163246,50000
2025-08-28,17.94719438163246,18.481954751748926,17.885461833852805,18.474467691061818,50000
2025-08-29,18.474467691061818,18.50374543426762,18.389140133087132,18.41253390886058,50000
2025-09-01,18.41253390886058,18.415162039519277,18.081455481340278,18.175295410783622,50000
2025-09-02,18.175295410783622,18.20180818968997,17.84563089786774,17.906964220374284,50000
2025-09-03,17.906964220374284,18.00699815377458,17.872853711057367,17.952496916884822,50000
2025-09-04,17.952496916884822,18.1873592359547,17.79464227590979,18.17564432704671,50000
2025-09-05,18.17564432704671,19.32271983936045,18.097421241739053,19.129157539452887,68994
2025-09-08,19.129157539452887,19.204009802279135,18.885503779292907,18.89458493869673,50000
2025-09-09,18.89458493869673,18.968370770445567,18.503205373676444,18.693618584094672,66922
2025-09-10,18.693618584094672,18.737136346797957,18.282076531558467,18.390611383591715,65785
2025-09-11,18.390611383591715,18.466941330413018,18.335143137244355,18.44801378889261,50000
2025-09-12,18.44801378889261,18.496932719225633,17.6150820248808,17.704454893558438,50000
2025-09-15,17.704454893558438,17.827527591157022,17.70396814722505,17.73988215905828,50000
2025-09-16,17.73988215905828,18.22249104779988,17.685085963613055,18.08996384556045,50000
2025-09-17,18.08996384556045,18.09998559047554,18.04520465566874,18.06000542592876,50000
2025-09-18,18.06000542592876,18.081644731436672,17.77412552213661,18.067682012062967,50000
2025-09-19,18.067682012062967,18.584495695365202,18.056908471780208,18.53251356016369,71091
2025-09-22,18.53251356016369,18.627155604626303,18.358782743444756,18.497893914083537,50000
2025-09-23,18.497893914083537,18.599556388554394,18.31009909549556,18.571194879598234,51947
2025-09-24,18.571194879598234,19.56730073703465,18.556595162386326,19.40818506647213,50000
2025-09-25,19.40818506647213,19.53010489884096,19.230216321154458,19.39354808311512,50000
2025-09-26,19.39354808311512,19.531906927577218,19.3144486417036,19.46166146971042,50000
2025-09-29,19.46166146971042,19.670040460783955,18.893751866359782,18.971415436519653,50000
2025-09-30,18.971415436519653,19.333450739893944,18.897624906740997,19.165146263618325,50000
2025-10-01,19.165146263618325,19.53953350457974,19.022758983941333,19.385513865430003,50000
2025-10-02,19.385513865430003,19.44589569320489,19.18517133708715,19.204753861675904,52763
2025-10-03,19.204753861675904,19.550446930188397,19.056780725510244,19.49487709364675,50000
2025-10-06,19.49487709364675,20.150423138649465,19.338196547756112,20.104917622627458,50000
2025-10-07,20.104917622627458,20.225956670731396,19.74787394818301,19.75908577388919,65800
2025-10-08,19.75908577388919,20.01703152929531,19.6781958217714,19.928436815113372,103318
2025-10-09,19.928436815113372,19.984641108345237,19.361205820920215,19.457192537031496,51254
2025-10-10,19.457192537031496,19.702415750220002,19.11598528295239,19.202919868340313,104195
2025-10-13,19.202919868340313,19.806219673322893,19.177753323514807,19.67058283578082,50000
2025-10-14,19.67058283578082,19.96542597223343,19.611728136278348,19.889706394354402,56699
2025-10-15,19.889706394354402,19.952768248480048,19.823307436603894,19.91979697964922,50000
2025-10-16,19.91979697964922,19.925980028857033,19.602644849195045,19.637149451448554,70911
2025-10-17,19.637149451448554,19.669351096179113,19.515304879191817,19.580472005589996,50000
2025-10-20,19.580472005589996,19.914140554407425,19.36288652873562,19.777919231806532,76934
2025-10-21,19.777919231806532,19.947590814677675,19.0015961955578,19.153907328168398,135164
2025-10-22,19.153907328168398,19.626334527612016,19.101205599357634,19.39762607892105,54390
2025-10-23,19.39762607892105,19.45960692430175,19.351134241619935,19.434172101015022,81114
2025-10-24,19.434172101015022,19.43545710489377,19.129729326193853,19.191181198129385,50000
2025-10-27,19.191181198129385,19.81249186217899,19.17874712907917,19.679608880831616,50000
2025-10-28,19.679608880831616,19.847514504335702,18.99803530732628,19.344683530005405,50000
2025-10-29,19.344683530005405,19.53434947374216,19.224035022115892,19.485213982344995,50000
2025-10-30,19.485213982344995,19.573225707723882,18.930360360526038,18.957921389970238,50000
2025-10-31,18.957921389970238,19.23018051811701,18.85583069282865,19.14532449284326,50000
2025-11-03,19.14532449284326,19.36747542769994,18.877344611553752,18.91724498617829,50905
2025-11-04,18.91724498617829,18.995891112268325,18.803165660181403,18.80408395922853,50000
2025-11-05,18.80408395922853,18.92660494540615,18.636623724857284,18.80156106078516,50000
2025-11-06,18.80156106078516,18.844739798563776,18.31707559373615,18.321190535214996,50000
2025-11-07,18.321190535214996,18.48290965711052,18.28525912742741,18.3093537250609,50000
2025-11-10,18.3093537250609,18.96263448600154,18.21539419425681,18.91066091782682,50000
2025-11-11,18.91066091782682,19.332250071903292,18.694823847958048,19.14564004362863,50000
2025-11-12,19.14564004362863,19.16191636340045,18.826335497895144,18.931393799513398,50000
2025-11-13,18.931393799513398,19.579018868096373,18.908630123348296,19.51942805556843,50000
2025-11-14,19.51942805556843,19.550646068937134,19.371209744587002,19.416255806224157,50000
2025-11-17,19.416255806224157,20.866738572097653,19.308690510544963,20.71465628818298,119975
2025-11-18,20.71465628818298,20.970811660510186,20.377877795379195,20.867297827835515,123396
2025-11-19,20.867297827835515,21.165705393267164,20.70464301381626,21.10371293930029,50000
2025-11-20,21.10371293930029,21.37191783227303,21.065295082245232,21.345468282100597,78507
2025-11-21,21.345468282100597,21.53631209636474,21.109256014585174,21.118330941811248,56357
2025-11-24,21.118330941811248,21.318683444668498,21.054602266124103,21.248795520746814,50000
2025-11-25,21.248795520746814,22.226075454139703,21.03775449769445,21.811021673033682,55113
2025-11-26,21.811021673033682,22.147386437124858,21.60882468879698,22.054657640188754,50000
2025-11-27,22.054657640188754,22.08613689760366,21.255099715046093,21.421625898999267,50000
2025-11-28,21.421625898999267,21.664195710384682,21.164325153497433,21.19300233434743,101835
2025-12-01,21.19300233434743,21.836080674715056,21.00799241129661,21.647171577253953,50000
2025-12-02,21.647171577253953,21.74654197881689,21.428498820016987,21.577423516915562,92936
2025-12-03,21.577423516915562,21.73843898517079,21.040920275905695,21.31561782251822,50000
2025-12-04,21.31561782251822,21.481356889430405,20.88628914233272,20.92118848374906,50000
2025-12-05,20.92118848374906,20.947003515951234,20.635294974721806,20.768558784458566,50000
2025-12-08,20.768558784458566,20.79361163966261,20.76601301981844,20.785266825669574,50000
2025-12-09,20.785266825669574,21.00579069001588,20.685318561311803,20.96405025456602,50000
2025-12-10,20.96405025456602,21.195762900379016,20.732332422027937,21.04964608794681,105505
2025-12-11,21.04964608794681,21.322212952751844,20.981412043701724,21.31386450255869,144032
2025-12-12,21.31386450255869,21.487753629160828,20.417590038292065,20.464950092082198,50000
2025-12-15,20.464950092082198,20.59517434652247,20.193520417168447,20.485515526769333,50000
2025-12-16,20.485515526769333,20.65755327248048,20.382127740778195,20.54936711981554,50000
2025-12-17,20.54936711981554,20.597751498223428,19.644243202551184,19.87580807548943,50000
2025-12-18,19.87580807548943,19.905374295610244,19.455337236052554,19.508392091920786,50000
2025-12-19,19.508392091920786,20.060382584076137,19.4974768173033,19.964005592023305,50000
2025-12-22,19.964005592023305,19.984409569951712,19.565489025120733,19.67064656817636,50000
2025-12-23,19.67064656817636,19.838326310326707,19.503406483214878,19.535300627300458,97704
2025-12-24,19.535300627300458,19.94595262454866,19.494625740987253,19.848797465094524,60816
2025-12-25,19.848797465094524,20.206917958835174,19.802863148625153,20.150050232892973,78141
2025-12-26,20.150050232892973,20.475688271085755,20.05096971111498,20.45016287524683,50000
2025-12-29,20.45016287524683,20.753313096181742,20.309417747554573,20.721093799156808,50000
2025-12-30,20.721093799156808,21.022047089442818,20.64482237869875,20.925802176076083,50000
2025-12-31,20.925802176076083,21.010079071719247,20.68571440017239,20.86762370916594,68847
2026-01-01,20.86762370916594,20.91082519519772,20.574052733014575,20.62209471072194,50000
2026-01-02,20.62209471072194,20.664415867292046,20.22930446383877,20.244198701005583,55237
2026-01-05,20.244198701005583,20.412860639781083,20.187459477756878,20.290568964107255,50000
2026-01-06,20.290568964107255,20.732643204753767,20.136945799001662,20.476589231588775,50000
2026-01-07,20.476589231588775,20.51844579141251,19.98677761464794,20.191006417147687,50000
2026-01-08,20.191006417147687,20.30099591723363,19.852056321869256,19.961762621835412,50000
2026-01-09,19.961762621835412,20.125850260936325,19.874780218107716,20.094543783041217,50000
2026-01-12,20.094543783041217,20.249576732630906,20.009237245848375,20.232640458443367,50000
2026-01-13,20.232640458443367,20.259407729007343,19.67834217596959,19.883922169439902,50000
2026-01-14,19.883922169439902,20.9451043034927,19.876002503870332,20.942353904419445,55008
2026-01-15,20.942353904419445,21.440723106549726,20.75824149059863,21.338824574558018,57298
2026-01-16,21.338824574558018,21.448444968269822,21.31477398292166,21.43890020393585,173922
2026-01-19,21.43890020393585,21.504426731180093,21.253998077119128,21.469936385713712,66379
2026-01-20,21.469936385713712,21.786921156580767,21.245145023266403,21.369708861535795,50000
2026-01-21,21.369708861535795,21.567396349659116,20.770959320422133,20.92851021627494,50000
2026-01-22,20.92851021627494,21.62982238121086,20.828153638061018,21.45783596439939,50000
2026-01-23,21.45783596439939,21.848044911009,21.386144817251672,21.743798038773438,50000
2026-01-26,21.743798038773438,22.186944815938897,21.605038944915112,22.181537121144178,50000
2026-01-27,22.181537121144178,22.265137446241567,22.077535189033032,22.21444389525983,61977
2026-01-28,22.21444389525983,22.261328587686837,21.683094604273148,21.728060993951306,50000
2026-01-29,21.728060993951306,22.824110916397647,21.702138389252806,22.595129314175004,50000
2026-01-30,22.595129314175004,22.759207471470745,22.580537144981673,22.58278766647063,77498
2026-02-02,22.58278766647063,22.76624259551703,22.40006315201695,22.51178185171142,50000
2026-02-03,22.51178185171142,22.556083611390562,22.213192052493728,22.28684578547156,50000
2026-02-04,22.28684578547156,22.305836410160243,21.853413936054654,22.00233780919859,50000
2026-02-05,22.00233780919859,22.297802515719898,21.955946804897625,22.101603886460843,50000
2026-02-06,22.101603886460843,22.193152115979434,21.277013122427864,21.482588023502952,61958
2026-02-09,21.482588023502952,21.496487948813506,20.517538107282878,20.72107049461548,69261
2026-02-10,20.72107049461548,20.97875086619692,20.642330069097007,20.893861060327627,50000
2026-02-11,20.893861060327627,21.65675608091454,20.644146981976398,21.562437743389943,73118
2026-02-12,21.562437743389943,21.995636108550503,21.437877893460065,21.938762932264922,50000
2026-02-13,21.938762932264922,22.00053775128798,21.635526879863942,21.71297591497571,50000
2026-02-16,21.71297591497571,22.003616512770147,21.664676994211145,21.858989929239815,111079
2026-02-17,21.858989929239815,22.565936932302186,21.85858098607814,22.40585639137182,57210
2026-02-18,22.40585639137182,22.412340208470024,22.03445658406978,22.137190201427956,50000
2026-02-19,22.137190201427956,22.14862581825736,21.538986624473168,21.674439844136195,50000
2026-02-20,21.674439844136195,21.770880439174906,21.614134635567325,21.687332640860337,50000
2026-02-23,21.687332640860337,21.97832220760866,21.663984399976513,21.861429782038158,53415
2026-02-24,21.861429782038158,22.03948734649652,21.817957829582344,21.979892457898472,74297
2026-02-25,21.979892457898472,21.993218850163597,21.769052474024782,21.833895419217754,51637
2026-02-26,21.833895419217754,22.05864568781074,21.792050582331445,21.896055969475476,50000
2026-02-27,21.896055969475476,22.410089183158735,21.775105493259115,22.381692164354263,50610
2026-03-02,22.381692164354263,22.83880082034504,22.162522422832623,22.65526754855501,50000
2026-03-03,22.65526754855501,22.904998307810484,22.37540615229001,22.887184310958933,50000
2026-03-04,22.887184310958933,23.519660940060742,22.878300414187052,23.470339056995392,50000
2026-03-05,23.470339056995392,23.541769472480134,23.28280277706869,23.52547442965709,71323
2026-03-06,23.52547442965709,23.764941192834485,23.51914240556739,23.742665758518335,50000
2026-03-09,23.742665758518335,23.94103304949045,23.66977708008292,23.8745929202901,57655
2026-03-10,23.8745929202901,25.22763958133909,23.769106066363868,24.974259460871057,50000
2026-03-11,24.974259460871057,25.060470900792357,24.645768694981015,24.88831722902098,50000
2026-03-12,24.88831722902098,24.91305883211335,24.72826608154235,24.77458185782172,50000
2026-03-13,24.77458185782172,24.79411518314254,24.629526495966555,24.763411259253836,50000
2026-03-16,24.763411259253836,25.101419211521247,24.70723362398144,25.06433428658226,50383
2026-03-17,25.06433428658226,25.71617825049855,24.981444132161133,25.668687372311137,50000
2026-03-18,25.668687372311137,25.91516047124426,25.62407061571959,25.74109972043651,77241
2026-03-19,25.74109972043651,26.162893006576557,25.586929191305995,26.005814416493894,50000
2026-03-20,26.005814416493894,26.179371349394007,25.98116319239332,26.128257182690074,50000
2026-03-23,26.128257182690074,26.239799564148566,26.028592729323922,26.11388997004983,72105
2026-03-24,26.11388997004983,26.15444460208179,25.91422098365624,26.021141510024222,98374
2026-03-25,26.021141510024222,26.66174915369901,25.83150809833293,26.518293386145196,151019
2026-03-26,26.518293386145196,27.021753599206786,26.435646100487556,26.85727269878694,50000
2026-03-27,26.85727269878694,27.03502642631474,26.50270730122942,26.52172746848525,50000
2026-03-30,26.52172746848525,26.63897434546422,26.024272757188246,26.05669609215602,50000
2026-03-31,26.05669609215602,26.231519129903962,25.95627882208577,26.185202621558357,59586
2026-04-01,26.185202621558357,26.745997067276225,26.167171905225985,26.553126874543143,51985
2026-04-02,26.553126874543143,26.634518166277775,26.51626522524603,26.541392291333214,97117
2026-04-03,26.541392291333214,26.717798138236244,25.96468577682672,26.2010107896333,50000
2026-04-06,26.2010107896333,26.218870488262443,25.14833336754472,25.513824946566803,50000
2026-04-07,25.513824946566803,25.65311876968385,25.330313945724264,25.524185882155656,50000
2026-04-08,25.524185882155656,25.553435272745954,24.859569071018488,24.96107354061044,159037
2026-04-09,24.96107354061044,25.322237900288272,24.918893218310544,25.045758538505158,50000
2026-04-10,25.045758538505158,25.233884024231035,24.873817643527985,24.963924248168357,69440
