Date,Open,High,Low,Close,Volume
2010-01-01,20.567951818135704,20.71511804973776,20.454286463056544,20.567951818135704,50000
2010-01-04,20.567951818135704,20.603823275639378,19.82433482530142,20.017505045489006,50000
2010-01-05,20.017505045489006,20.359195258243066,19.997701339087005,20.284563120439714,50000
2010-01-06,20.284563120439714,20.6843943022907,20.193974139272697,20.537657728751583,55049
2010-01-07,20.537657728751583,20.66498128689012,20.019298905097198,20.029447970121165,70515
2010-01-08,20.029447970121165,20.036133958572094,19.880489878944513,19.904424022413437,50000
2010-01-11,19.904424022413437,19.971092578099597,19.65747639559191,19.800364798069634,50000
2010-01-12,19.800364798069634,20.141113873052998,19.5703772126466,20.0259743357473,50000
2010-01-13,20.0259743357473,20.06147798414584,19.91355106104436,19.97097658868585,184300
2010-01-14,19.97097658868585,20.105393510394016,19.63719918247335,19.82339903253005,68803
2010-01-15,19.82339903253005,20.22288888014225,19.81416636712615,20.16310763168365,50000
2010-01-18,20.16310763168365,20.659536538501467,20.086052725793703,20.589280302568717,84296
2010-01-19,20.589280302568717,20.704179451667144,20.52314995239341,20.61104346230329,50000
2010-01-20,20.61104346230329,20.888306907903363,20.495782152789417,20.85898728932081,50000
2010-01-21,20.85898728932081,21.354284428591477,20.83729232559628,21.15014258710562,50000
2010-01-22,21.15014258710562,21.31722626664807,20.788254775553014,20.988189759702433,110874
2010-01-25,20.988189759702433,21.261214845337722,20.896730299815694,21.162330900656908,50000
2010-01-26,21.162330900656908,21.17378298554263,21.14029643147736,21.16570310502143,118784
2010-01-27,21.16570310502143,21.331422533042375,21.08485938551253,21.290574121087914,50000
2010-01-28,21.290574121087914,21.567749973280375,21.231215547289846,21.44258438508578,113262
2010-01-29,21.44258438508578,21.844250328847863,21.34801636120582,21.684423388122912,87678
2010-02-01,21.684423388122912,22.006121423094267,21.641246081004333,21.7884480194638,50000
2010-02-02,21.7884480194638,22.549735735952726,21.680053612362233,22.12019153059633,50000
2010-02-03,22.12019153059633,22.128523417461672,21.923238729372,22.004630129140413,50000
2010-02-04,22.004630129140413,22.0511838846698,21.751962194345,21.85381307563988,50000
2010-02-05,21.85381307563988,22.175125801513133,21.849725166585102,21.915473651416182,50000
2010-02-08,21.915473651416182,22.16211200701482,21.668162624963752,21.737580751449944,52407
2010-02-09,21.737580751449944,21.976932534475893,21.669778264517088,21.927271283597605,81012
2010-02-10,21.927271283597605,22.183814470132127,21.85213795229008,21.87452167585402,154291
2010-02-11,21.87452167585402,22.10829600487244,21.86282154554699,22.005879800983063,50000
2010-02-12,22.005879800983063,22.976873524688784,21.908739981824233,22.639407898209022,70238
2010-02-15,22.639407898209022,22.7603511319243,22.539720444246043,22.583067429235317,50000
2010-02-16,22.583067429235317,22.95319033757517,22.13836910912154,22.285058065719596,103091
2010-02-17,22.285058065719596,22.410937127938833,21.933520504037872,21.94471655324427,50000
2010-02-18,21.94471655324427,22.228341821321496,21.85636508142243,22.105628610925763,50000
2010-02-19,22.105628610925763,22.511961641231625,21.992665230455223,22.335977037722774,67421
2010-02-22,22.335977037722774,22.536644762911372,22.14329644056591,22.201167644929,50000
2010-02-23,22.201167644929,22.22085136911768,21.846667310995603,21.87969443728971,82086
2010-02-24,21.87969443728971,22.10266792185101,21.413775521654383,21.528494272403922,50000
2010-02-25,21.528494272403922,21.875876020917485,21.42685377126636,21.62166408671069,50000
2010-02-26,21.62166408671069,21.830351871840655,21.40355137532674,21.71231078875795,50000
2010-03-01,21.71231078875795,21.763411952959082,21.47899934971253,21.66642089131152,72603
2010-03-02,21.66642089131152,21.763344341612594,21.4956973345928,21.56874274869912,50000
2010-03-03,21.56874274869912,21.956505067411612,21.47017583951246,21.947128494871293,57386
2010-03-04,21.947128494871293,22.342838833027496,21.756788147252497,22.28949198048575,166200
2010-03-05,22.28949198048575,22.464469565164038,22.093357628971198,22.370830140117107,50000
2010-03-08,22.370830140117107,22.789357939245235,22.363136035708227,22.541724472785642,50000
2010-03-09,22.541724472785642,22.946182676729087,22.497289720482296,22.813866467589055,50000
2010-03-10,22.813866467589055,23.061736564190237,22.681366472577462,23.025931148201582,50000
2010-03-11,23.025931148201582,23.12936371855164,22.67483531522783,22.78165653247139,50000
2010-03-12,22.78165653247139,22.799559327414606,22.302179059719016,22.59727901888161,145252
2010-03-15,22.59727901888161,23.125128737887856,22.573972120049014,22.979251699171535,50000
2010-03-16,22.979251699171535,23.008025653164303,22.778106087647625,22.930745288690073,50000
2010-03-17,22.930745288690073,22.958910009006757,22.405374611358685,22.636190414818657,66516
2010-03-18,22.636190414818657,22.672854320424236,22.417642772061946,22.540563294806674,50000
2010-03-19,22.540563294806674,22.730524768692817,22.442741514570887,22.487421006062487,50000
2010-03-22,22.487421006062487,22.989855598002404,22.404148268693444,22.657475261260387,50000
2010-03-23,22.657475261260387,23.329878627678475,22.650752058564944,23.284584208353202,51865
2010-03-24,23.284584208353202,23.339386317512215,23.028611667872013,23.108126759816788,50000
2010-03-25,23.108126759816788,23.189407407376294,22.871971779457336,23.170873292755964,58710
2010-03-26,23.170873292755964,23.206513111585075,22.978512636837685,23.192564050740916,50000
2010-03-29,23.192564050740916,23.26917077314522,22.904856692821316,23.141767968515158,50000
2010-03-30,23.141767968515158,23.51803751576315,23.097885730230658,23.15683445445954,50000
2010-03-31,23.15683445445954,23.206487381257528,23.13624750015036,23.16706214747786,63712
2010-04-01,23.16706214747786,23.40016705344618,22.958315167579368,23.333504362958987,50000
2010-04-02,23.333504362958987,24.05246824711067,23.21888518522957,23.926671419685142,54165
2010-04-05,23.926671419685142,24.156055008425167,23.816586124641493,23.981871857315852,52528
2010-04-06,23.981871857315852,24.269394603006802,23.807453461776372,24.163657771344404,50000
2010-04-07,24.163657771344404,24.346208278185657,23.93423423651086,24.33126667744966,50000
2010-04-08,24.33126667744966,24.425254472232602,24.222190273358457,24.328804418454194,50000
2010-04-09,24.328804418454194,24.525803189668018,23.565907001151274,23.870244449781435,57551
2010-04-12,23.870244449781435,24.018973684629046,23.616091795555487,23.64813106311097,50000
2010-04-13,23.64813106311097,23.735446646857532,23.20837268103966,23.218205423198125,50000
2010-04-14,23.218205423198125,23.301885858289445,23.15305050682635,23.27096585840079,62376
2010-04-15,23.27096585840079,23.643144385320007,23.212500985616593,23.430701887529537,50000
2010-04-16,23.430701887529537,23.64879368591376,23.35793122138992,23.627045404253668,50000
2010-04-19,23.627045404253668,23.855543605521603,23.608650546555687,23.809697560840362,81336
2010-04-20,23.809697560840362,24.124049080439473,23.389567454421968,23.489074910558355,84886
2010-04-21,23.489074910558355,23.68219241306679,23.30379175688509,23.599401288505405,50000
2010-04-22,23.599401288505405,23.751612653766717,23.235358241971273,23.301355799947046,50000
2010-04-23,23.301355799947046,23.61518510413285,23.2954892779477,23.39739593804153,50000
2010-04-26,23.39739593804153,23.417604965486195,22.900386468186436,22.904389748958994,82671
2010-04-27,22.904389748958994,23.17572888851447,22.787451613375406,23.070898428521666,51535
2010-04-28,23.070898428521666,23.190180576440895,22.8781676303135,23.098597313107383,78153
2010-04-29,23.098597313107383,23.294487783978077,22.740664403101384,22.875631341511397,50000
2010-04-30,22.875631341511397,23.411399500636275,22.60576140384734,23.200674988309846,50000
2010-05-03,23.200674988309846,23.48737585424946,22.817398630143096,23.48160043699307,54305
2010-05-04,23.48160043699307,23.780104281749107,23.405539136025414,23.52657656320053,50000
2010-05-05,23.52657656320053,23.745331726073964,23.398912218281875,23.4588184929153,50000
2010-05-06,23.4588184929153,24.013888190297855,23.43578953228924,23.85038910355099,50000
2010-05-07,23.85038910355099,24.27244438360303,23.834187901490786,24.084633290252906,50000
2010-05-10,24.084633290252906,24.220503331930676,24.029473796546487,24.151410271836834,66831
2010-05-11,24.151410271836834,24.160416524045097,23.937432864252656,24.11199196502934,62242
2010-05-12,24.11199196502934,24.308584141430966,23.90008568523135,24.228726109023327,50000
2010-05-13,24.228726109023327,24.295796630514094,24.21937658651252,24.276351751224265,50000
2010-05-14,24.276351751224265,24.292054712456608,23.45953779503463,23.68608154672977,50000
2010-05-17,23.68608154672977,23.719333888741453,23.50255801334902,23.52569744467972,50000
2010-05-18,23.52569744467972,23.631611038850664,23.109818412679164,23.186432201185184,50000
2010-05-19,23.186432201185184,23.27921312165063,23.079837722658603,23.0964670075563,50000
2010-05-20,23.0964670075563,23.15421718492309,22.93926666194445,23.0580481237365,180676
2010-05-21,23.0580481237365,23.211166190715804,22.660457483823247,22.78678067914596,50000
2010-05-24,22.78678067914596,23.74655206710523,22.649671453754042,23.425235710491922,50000
2010-05-25,23.425235710491922,23.426951596196723,23.290001029138928,23.342328647344416,50000
2010-05-26,23.342328647344416,23.396075453371076,23.27201164400012,23.341517635672748,50000
2010-05-27,23.341517635672748,23.537095253829044,22.768459012162193,22.980109444155083,50000
2010-05-28,22.980109444155083,22.99717456582412,22.6876510709785,22.821170232641364,50000
2010-05-31,22.821170232641364,22.909803472495522,22.619022803616243,22.678378990109486,89807
2010-06-01,22.678378990109486,22.798629111206992,22.459963590546362,22.49158534453004,50000
2010-06-02,22.49158534453004,22.60613742926436,22.37167184619299,22.59209478561104,50000
2010-06-03,22.59209478561104,22.607702680790396,21.978916129306718,22.062991688237776,258538
2010-06-04,22.062991688237776,22.08225635536935,21.65967470800255,21.926063373590644,50000
2010-06-07,21.926063373590644,22.16733915425346,21.906276212151834,22.148548077021825,50000
2010-06-08,22.148548077021825,22.15391968621498,21.828973760576595,21.927636008540645,50000
2010-06-09,21.927636008540645,22.139663206758097,21.35911146792074,21.364351860774157,105035
2010-06-10,21.364351860774157,21.786420995101064,21.257896568970782,21.740775940067635,99020
2010-06-11,21.740775940067635,21.877730406381488,21.688543026430516,21.857583706482316,50000
2010-06-14,21.857583706482316,21.979700936865527,21.684230075929815,21.95765615988899,50000
2010-06-15,21.95765615988899,22.40361469269623,21.706263976921484,22.36129731030097,50000
2010-06-16,22.36129731030097,22.642902635635597,22.335643932866276,22.567547320533546,50000
2010-06-17,22.567547320533546,22.70567402689527,22.29762038706562,22.37144461291556,55276
2010-06-18,22.37144461291556,22.700973638618784,21.96724884325135,22.009635543381755,86722
2010-06-21,22.009635543381755,22.105758699425287,21.99267293675657,22.014213265636208,120190
2010-06-22,22.014213265636208,22.120169176042957,21.636738385540724,21.771541300229806,95727
2010-06-23,21.771541300229806,22.382089966188484,21.64697199092298,22.315512868344168,50000
2010-06-24,22.315512868344168,22.336999071564723,22.22759345011493,22.32780969807917,50000
2010-06-25,22.32780969807917,23.066671745079955,22.256335451762357,22.950867935384515,188199
2010-06-28,22.950867935384515,23.26117901237942,22.838446564969207,23.14523807289518,50000
2010-06-29,23.14523807289518,23.179783085953172,22.69726224320695,22.733289256863188,117621
2010-06-30,22.733289256863188,22.928341036824147,22.60836241615447,22.7196069460923,56695
2010-07-01,22.7196069460923,22.796493694644074,22.248592041626477,22.3617753539945,50000
2010-07-02,22.3617753539945,22.59348243158887,22.265989813316494,22.53666260313413,50000
2010-07-05,22.53666260313413,22.755936575027707,22.01987460517821,22.044471447550915,50000
2010-07-06,22.044471447550915,22.471129125222415,22.016454981598667,22.445462442741313,50000
2010-07-07,22.445462442741313,22.599960642562547,22.141435270992268,22.230768757761137,50000
2010-07-08,22.230768757761137,22.472774984660052,21.89474096014556,22.040657177460417,50000
2010-07-09,22.040657177460417,22.08144680507082,21.679883146523963,21.7999045237673,50000
2010-07-12,21.7999045237673,22.30978679755592,21.674890986066213,22.098306679921635,50000
2010-07-13,22.098306679921635,22.516900709517696,22.03268482323346,22.41972823797331,88370
2010-07-14,22.41972823797331,22.91760159346389,22.380670071420337,22.805515612680747,50000
2010-07-15,22.805515612680747,23.67323187262283,22.738571712829067,23.600100913421482,50000
2010-07-16,23.600100913421482,24.291575387587415,23.497886075777767,24.06592440532328,50000
2010-07-19,24.06592440532328,24.35681632417124,24.02976626999718,24.1251263822035,54175
2010-07-20,24.1251263822035,24.35855417473711,23.34801619636415,23.490907361516847,50000
2010-07-21,23.490907361516847,23.64575989175699,23.358153907375243,23.609318917011805,50000
2010-07-22,23.609318917011805,23.90615575407557,23.425594225848883,23.731368855012473,50000
2010-07-23,23.731368855012473,24.249288109246265,23.658274866810814,24.19184314590751,50000
2010-07-26,24.19184314590751,24.383264115750777,23.962663469879505,24.06554016528253,50000
2010-07-27,24.06554016528253,24.358258823190003,23.803178000257347,23.839488585056817,56817
2010-07-28,23.839488585056817,24.236043918396472,23.688604928191427,24.064066404428306,50000
2010-07-29,24.064066404428306,24.23146914042776,23.911225007889733,23.927847034947096,50700
2010-07-30,23.927847034947096,24.085549062276034,23.527514598410274,23.63656637621195,50000
2010-08-02,23.63656637621195,23.932881761233055,23.391203286463888,23.790918136639792,56109
2010-08-03,23.790918136639792,23.79436153575707,23.259692982415,23.338907853513106,58733
2010-08-04,23.338907853513106,23.588037338728547,23.063714042812933,23.139958419397598,50000
2010-08-05,23.139958419397598,23.377889187110494,23.016032903445073,23.206106350450618,76754
2010-08-06,23.206106350450618,23.983429038509964,23.08441244899591,23.974768003503772,50000
2010-08-09,23.974768003503772,24.16162742589943,23.674914791521896,23.848141613326785,50000
2010-08-10,23.848141613326785,24.480881390228586,23.753049152696914,24.18022516863881,50000
2010-08-11,24.18022516863881,24.37768040668797,23.9679080448987,24.319924908210822,50000
2010-08-12,24.319924908210822,24.428900209884965,23.938346655670376,24.057769578621123,50000
2010-08-13,24.057769578621123,24.160235168063053,23.752480058530303,24.11059350395335,50000
2010-08-16,24.11059350395335,24.49536338902385,24.009216854464746,24.471751052456792,79755
2010-08-17,24.471751052456792,25.34507714294691,24.4416605640108,25.28650960474466,50000
2010-08-18,25.28650960474466,25.379952357138333,24.874033569606546,24.935293235227302,128796
2010-08-19,24.935293235227302,25.33246822927323,24.90688559846887,25.298774479322173,50000
2010-08-20,25.298774479322173,25.36074374585558,24.68881232030847,24.834851855334403,51207
2010-08-23,24.834851855334403,25.159130411110155,24.798053122274112,24.998291964471445,50000
2010-08-24,24.998291964471445,25.580955219394745,24.688471434747353,25.242227666926432,56596
2010-08-25,25.242227666926432,25.561134198819275,25.163424529580492,25.44726452298886,98631
2010-08-26,25.44726452298886,25.60342770295423,25.380498049907306,25.506980899871493,50000
2010-08-27,25.506980899871493,25.651008240079943,25.46538428103867,25.59708968332249,50000
2010-08-30,25.59708968332249,25.74346972660014,25.35732335634658,25.494800727948977,50000
2010-08-31,25.494800727948977,25.53484245307528,25.34574949271664,25.42046176747935,51098
2010-09-01,25.42046176747935,25.526349295628403,24.786170117910128,24.842903699451504,50000
2010-09-02,24.842903699451504,24.878676137326647,24.384906332481187,24.502290728851577,50000
2010-09-03,24.502290728851577,24.773900731427815,24.32567620246858,24.563106153431022,158620
2010-09-06,24.563106153431022,24.809466665818988,24.50027868829043,24.74194420662673,53649
2010-09-07,24.74194420662673,25.316264964504285,24.741049528636776,25.221921656676248,58516
2010-09-08,25.221921656676248,25.280730864529286,25.09657449177891,25.2301143180317,50000
2010-09-09,25.2301143180317,25.35363641800977,25.154748106607908,25.310816005656935,50000
2010-09-10,25.310816005656935,25.81919631004891,25.026023434167495,25.64184534383298,50000
2010-09-13,25.64184534383298,25.71287585582478,25.206382469128396,25.226662991666704,66193
2010-09-14,25.226662991666704,25.428093154816807,24.800632938139017,25.088203284689488,82145
2010-09-15,25.088203284689488,25.57436802684434,24.99724120933785,25.526626429855437,50000
2010-09-16,25.526626429855437,26.20598334622874,25.318423566443293,26.01688892452861,50000
2010-09-17,26.01688892452861,26.388575716840478,25.85633728882558,26.327490377751374,50000
2010-09-20,26.327490377751374,26.744309955878876,25.96334613987399,26.444909941680432,50000
2010-09-21,26.444909941680432,26.52202546897302,25.611833608922257,25.633342490340358,50000
2010-09-22,25.633342490340358,25.906576102926753,25.101748750526845,25.172988673540058,50000
2010-09-23,25.172988673540058,25.620855594919487,25.100118192939878,25.535820780756012,50000
2010-09-24,25.535820780756012,25.809984651221296,25.324192051001884,25.798171343627356,87937
2010-09-27,25.798171343627356,26.219687086955364,25.694455029992273,26.06229509110761,109546
2010-09-28,26.06229509110761,26.270402299096855,25.794711007547896,25.891754243253743,57896
2010-09-29,25.891754243253743,26.038892931098225,25.737192343047465,25.849247744769894,55195
2010-09-30,25.849247744769894,25.884275879221395,25.644633129191234,25.76612768601928,50000
2010-10-01,25.76612768601928,25.948321836107922,25.005215153321977,25.26886428381892,50000
2010-10-04,25.26886428381892,25.675541817015898,25.066939338846176,25.582993015968718,50000
2010-10-05,25.582993015968718,25.634472579383313,25.154043501610722,25.186232694412148,50000
2010-10-06,25.186232694412148,25.312860990699072,24.82604217797958,24.853682480652274,88122
2010-10-07,24.853682480652274,25.14241730543109,24.57393498046651,24.818398519367058,50000
2010-10-08,24.818398519367058,25.02892337938915,24.727468866301408,24.9442663873672,50000
2010-10-11,24.9442663873672,25.22440461836782,24.913476647585885,25.127942221946533,50000
2010-10-12,25.127942221946533,25.507558165689506,25.004107065531002,25.20874989746878,50000
2010-10-13,25.20874989746878,25.38882039665953,24.51844546202009,24.722155979918863,50000
2010-10-14,24.722155979918863,25.05217269997009,23.889976895998778,23.969454669891327,114111
2010-10-15,23.969454669891327,24.298661134220378,23.79781850384026,24.24978553256855,50000
2010-10-18,24.24978553256855,24.277711201196244,23.764238459706988,23.951684753692827,54982
2010-10-19,23.951684753692827,24.065486142203735,23.883786243181206,23.898857391667132,50000
2010-10-20,23.898857391667132,23.963114759343316,23.360237378155688,23.418736966958143,50000
2010-10-21,23.418736966958143,23.55517140709873,23.266068917856852,23.539237755130706,50000
2010-10-22,23.539237755130706,23.56203912755561,23.126460434710935,23.366743348407038,50000
2010-10-25,23.366743348407038,23.38562650780112,22.59608666064826,22.85594619184858,65006
2010-10-26,22.85594619184858,22.856846920221884,22.609481348093503,22.662739567233672,50000
2010-10-27,22.662739567233672,22.818740183531254,22.430950523835126,22.494992343408477,50000
2010-10-28,22.494992343408477,22.51360051824964,22.348082631038483,22.428089402846634,50000
2010-10-29,22.428089402846634,22.893798395840708,22.367837056706364,22.875523429792356,75300
2010-11-01,22.875523429792356,22.90666183866625,22.14849633369281,22.41668689414092,50000
2010-11-02,22.41668689414092,22.629189218154966,22.34535794628029,22.55546930050496,50000
2010-11-03,22.55546930050496,22.816151160113268,22.40188998724958,22.589946960500306,50000
2010-11-04,22.589946960500306,22.73684283566832,22.28868980529213,22.32165952723283,50000
2010-11-05,22.32165952723283,22.4800275544645,22.297138881568625,22.30651480972567,109053
2010-11-08,22.30651480972567,22.50390342783797,22.191188514602363,22.478805284611628,50000
2010-11-09,22.478805284611628,22.682036827632707,22.037805601393973,22.091904294505067,50000
2010-11-10,22.091904294505067,22.350536314209947,21.960498245299636,22.213833166459622,50000
2010-11-11,22.213833166459622,22.539335348116293,21.97653518720482,22.39669853140509,50000
2010-11-12,22.39669853140509,22.69443921078808,21.940199325039252,22.087853679145983,50000
2010-11-15,22.087853679145983,22.72228526302116,22.00468598992373,22.694093230769635,52049
2010-11-16,22.694093230769635,23.240707925091353,22.616918076619733,23.164563892385726,50000
2010-11-17,23.164563892385726,23.243631440687242,23.009846108012052,23.05938581532251,50000
2010-11-18,23.05938581532251,23.52497511683476,22.923804401436595,23.485656418202172,50000
2010-11-19,23.485656418202172,23.51270280032912,23.111058975537368,23.1124755955149,50000
2010-11-22,23.1124755955149,23.22926878233468,22.63539734487313,22.714780722258272,113009
2010-11-23,22.714780722258272,22.829092343312393,22.628140319292502,22.75052038996546,50000
2010-11-24,22.75052038996546,23.28800174060038,22.524382244603988,23.192116308637807,50000
2010-11-25,23.192116308637807,23.28604814296497,22.697952511604406,22.740470979234317,50000
2010-11-26,22.740470979234317,22.958813646718706,22.44085396959655,22.455439513499705,50000
2010-11-29,22.455439513499705,22.55244869361733,22.10975713044613,22.181192444194924,50000
2010-11-30,22.181192444194924,22.308362916711765,21.94826836377051,22.10661010961988,56529
2010-12-01,22.10661010961988,22.270164454487983,21.777022428800176,21.857781687883957,67195
2010-12-02,21.857781687883957,22.02649311902587,21.7411692905286,21.9430814989512,50000
2010-12-03,21.9430814989512,22.007907199785574,21.522201949875054,21.596312578105064,50000
2010-12-06,21.596312578105064,21.67950307595899,21.386257662014938,21.43004101592219,50000
2010-12-07,21.43004101592219,21.615055440179212,20.920504662340775,21.06542421525015,58089
2010-12-08,21.06542421525015,21.215671448694454,20.462784391708393,20.66754893411333,50000
2010-12-09,20.66754893411333,21.168086693072553,20.639237112688093,20.98618219227637,50000
2010-12-10,20.98618219227637,21.242068181640473,20.7911266406762,21.07566537957199,50000
2010-12-13,21.07566537957199,21.232905835139235,21.05039108495303,21.05247339772035,50000
2010-12-14,21.05247339772035,21.625811353607766,21.003435190134038,21.609431607798737,50000
2010-12-15,21.609431607798737,22.610337774105908,21.384537209677465,22.463366195770224,50000
2010-12-16,22.463366195770224,22.680946896391017,22.406806849911078,22.576555196371597,50000
2010-12-17,22.576555196371597,22.797249350653598,22.497590918783906,22.52843177538984,50000
2010-12-20,22.52843177538984,23.123832706001487,22.374258026727354,23.067128719272283,50000
2010-12-21,23.067128719272283,23.8282910653293,23.05966076891121,23.780741519064517,50000
2010-12-22,23.780741519064517,23.830475493167864,23.121450593408152,23.189940168585533,50000
2010-12-23,23.189940168585533,23.25080899789198,23.116695606396597,23.20943579381981,50000
2010-12-24,23.20943579381981,23.503724150659266,23.153391452313915,23.46212951576126,50000
2010-12-27,23.46212951576126,23.673555989613433,23.363460928714115,23.5755154403439,50000
2010-12-28,23.5755154403439,23.79091832201671,23.488516807997417,23.790439714805544,51797
2010-12-29,23.790439714805544,23.82130630128856,23.4420073608592,23.61004350799264,50000
2010-12-30,23.61004350799264,23.723432063901083,23.242325926618282,23.26847672133523,67136
2010-12-31,23.26847672133523,23.272968101341217,22.92336870956183,23.047736584131894,50000
2011-01-03,23.047736584131894,23.212476710194146,22.72750133913512,22.940993288592914,77672
2011-01-04,22.940993288592914,23.072384041582943,22.785077695622462,22.90308439866374,50000
2011-01-05,22.90308439866374,23.000211249434734,22.8745001964643,22.987980011500582,50000
2011-01-06,22.987980011500582,23.55330161036399,22.80583821573975,23.416747301190597,50000
2011-01-07,23.416747301190597,23.736360703128277,23.239221519471638,23.7311308369236,77417
2011-01-10,23.7311308369236,23.801364555118553,23.648423481968482,23.665742440821433,50000
2011-01-11,23.665742440821433,24.108918997933735,23.55425958667207,23.699649932955275,50000
2011-01-12,23.699649932955275,23.855356840077263,23.489117561417622,23.500598103995284,50000
2011-01-13,23.500598103995284,23.63325473481513,23.399388508295704,23.499769624921957,279803
2011-01-14,23.499769624921957,23.527418377035758,23.335753904592565,23.400118086810963,50000
2011-01-17,23.400118086810963,23.42954423874934,23.176467828730587,23.3820015224284,50000
2011-01-18,23.3820015224284,23.460647865417773,23.169221696695455,23.399465075113863,50000
2011-01-19,23.399465075113863,24.136872470787992,23.285340284911694,24.074020819552906,50000
2011-01-20,24.074020819552906,24.1373439704701,23.982888106794565,24.09620173248697,90315
2011-01-21,24.09620173248697,24.611235983656254,23.996434939898638,24.301306193183397,50000
2011-01-24,24.301306193183397,24.44050560521483,23.923659648160175,24.019496499949764,55638
2011-01-25,24.019496499949764,24.26968078825342,23.591474457665253,23.66969374951269,50000
2011-01-26,23.66969374951269,24.140539357978216,23.66181197812215,24.001818958939275,50000
2011-01-27,24.001818958939275,24.128316992497005,23.962295486789042,24.004716835107683,50000
2011-01-28,24.004716835107683,24.32927508494019,23.736314692695355,24.175490994908657,50000
2011-01-31,24.175490994908657,24.447454983545136,23.403707593704336,23.614112382173523,77191
2011-02-01,23.614112382173523,23.853718616817062,23.288594879336006,23.503393279747357,51342
2011-02-02,23.503393279747357,23.62440941337991,23.48929464655212,23.60412712984306,50000
2011-02-03,23.60412712984306,23.721881564813906,23.153794987192896,23.406006531428552,151608
2011-02-04,23.406006531428552,23.71683627566196,23.34167062075707,23.552897437438627,50000
2011-02-07,23.552897437438627,23.805539223978748,23.354106697335542,23.58695125201223,50000
2011-02-08,23.58695125201223,23.605833673195928,23.457553383668824,23.550465133983995,50000
2011-02-09,23.550465133983995,23.847562588615258,23.518060563219915,23.57098081512579,50000
2011-02-10,23.57098081512579,23.920320974339262,23.549236515787122,23.675408309107368,50000
2011-02-11,23.675408309107368,24.160744630755758,23.5012213869478,23.935628298864078,50000
2011-02-14,23.935628298864078,23.996475187229198,23.714731770278593,23.90207732125392,51788
2011-02-15,23.90207732125392,24.30441807519297,23.85835379138441,24.25664252178093,50000
2011-02-16,24.25664252178093,24.62391524763599,23.28799048638691,23.383174129010616,81109
2011-02-17,23.383174129010616,23.531995479628115,23.116055260104044,23.14727258100387,50000
2011-02-18,23.14727258100387,23.318057930149635,22.98588134556543,23.270244268752865,173643
2011-02-21,23.270244268752865,24.039759746036385,23.103143400995414,23.70115338920809,50000
2011-02-22,23.70115338920809,23.746610974125105,23.334431116969114,23.34394103947317,88363
2011-02-23,23.34394103947317,23.43120603588756,22.867518381442785,23.030989975406353,78813
2011-02-24,23.030989975406353,23.15470571960241,22.974147820080205,22.980772592537548,50000
2011-02-25,22.980772592537548,23.857987831408852,22.8900859155294,23.509394546453038,50000
2011-02-28,23.509394546453038,23.58466516064057,23.131939915065022,23.186956312010512,50000
2011-03-01,23.186956312010512,23.52569757669769,23.118355471575875,23.386331064195716,50000
2011-03-02,23.386331064195716,23.39469962741246,22.98835394842173,22.994929515764525,50000
2011-03-03,22.994929515764525,23.101490673735338,22.45925315411538,22.643701117163282,50000
2011-03-04,22.643701117163282,22.678021649055083,22.04153879897662,22.055151766317355,50000
2011-03-07,22.055151766317355,22.087628293116094,21.82131684016821,21.982284878577182,50000
2011-03-08,21.982284878577182,22.554120743713387,21.861561293204595,22.40454698266775,71393
2011-03-09,22.40454698266775,22.752497354896622,22.19509660236003,22.685210110924814,56740
2011-03-10,22.685210110924814,23.21179848483491,22.60787433912844,23.115796797953962,50000
2011-03-11,23.115796797953962,23.74258738763482,22.994242582433042,23.529726230683977,90677
2011-03-14,23.529726230683977,23.758504009188613,23.346946513837523,23.630933826504283,50000
2011-03-15,23.630933826504283,23.819485644450694,23.60752963146027,23.78341977473193,119094
2011-03-16,23.78341977473193,23.98260491416091,23.751656407671238,23.889012237333706,50000
2011-03-17,23.889012237333706,24.55394431851642,23.87654030059728,24.493001557405798,50000
2011-03-18,24.493001557405798,24.620257309904176,24.220813126889784,24.230776839286886,50000
2011-03-21,24.230776839286886,24.474101737308537,24.089718055091325,24.397428285655877,50000
2011-03-22,24.397428285655877,24.56810620503071,24.320280346748756,24.51202949798122,50000
2011-03-23,24.51202949798122,24.914551133876458,24.30151155378835,24.660139146129865,62028
2011-03-24,24.660139146129865,24.7061071866783,23.9756757324941,24.00556423829988,50000
2011-03-25,24.00556423829988,24.386361756358202,23.925921690134107,24.252034031256116,160522
2011-03-28,24.252034031256116,24.280304526659176,23.952713437329415,23.990667162022813,50000
2011-03-29,23.990667162022813,24.24561529230016,23.545835219657956,24.233425818122562,50000
2011-03-30,24.233425818122562,24.63906049122585,24.037569756011735,24.490679840025166,50000
2011-03-31,24.490679840025166,25.367803580936304,24.22951443554007,25.045283075323546,50000
2011-04-01,25.045283075323546,25.620812138195273,24.84923913389569,25.348259234641727,50000
2011-04-04,25.348259234641727,25.44627394929393,24.886732715255256,24.90086273847549,89181
2011-04-05,24.90086273847549,25.124626466432087,24.780522447188506,24.848374701307296,50000
2011-04-06,24.848374701307296,24.992126947918543,24.16250052565869,24.252584101159336,50000
2011-04-07,24.252584101159336,24.404218856221515,23.978598750506567,24.29392681931417,50000
2011-04-08,24.29392681931417,24.91398783691048,24.192229349454955,24.773614824979926,56427
2011-04-11,24.773614824979926,24.98486754988365,24.555629839625738,24.975504580698313,50000
2011-04-12,24.975504580698313,25.114467823462572,24.896639909330414,25.066485525553585,50000
2011-04-13,25.066485525553585,25.07478475480873,24.801440600283442,24.833743670443194,50000
2011-04-14,24.833743670443194,25.16363646351264,24.394558364292877,24.676790045055256,50000
2011-04-15,24.676790045055256,24.83954527660859,24.16844843224527,24.221835533103008,50000
2011-04-18,24.221835533103008,24.608632314295605,23.99538045653609,24.489538749277223,50000
2011-04-19,24.489538749277223,25.100720638185685,24.442339082047408,24.88959968044456,60324
2011-04-20,24.88959968044456,25.19693181066389,24.63475214644757,25.134032757281624,50000
2011-04-21,25.134032757281624,25.315259699923836,25.02864352190142,25.24890007775042,78589
2011-04-22,25.24890007775042,25.27078104904226,24.348239952117012,24.599592057484266,50000
2011-04-25,24.599592057484266,24.762037300725453,24.179355954751525,24.35286162181457,50000
2011-04-26,24.35286162181457,24.387806858247252,24.25295616841265,24.262218888301536,50000
2011-04-27,24.262218888301536,24.34660270672574,24.164308711588358,24.20633159225261,50000
2011-04-28,24.20633159225261,24.29657300468164,24.186487769446288,24.201004343147623,50000
2011-04-29,24.201004343147623,24.298370878282384,23.416624145438718,23.433691250248547,110171
2011-05-02,23.433691250248547,23.552302226337904,23.13849441890236,23.180828250249196,50000
2011-05-03,23.180828250249196,23.589281803506204,23.106884261858234,23.45417843951608,63927
2011-05-04,23.45417843951608,23.456685102882425,22.654790908583358,22.83234927712576,70781
2011-05-05,22.83234927712576,23.19414388614648,22.63518120970773,23.189857732601915,50000
2011-05-06,23.189857732601915,23.720805752126697,23.030587377585054,23.451877632676613,50000
2011-05-09,23.451877632676613,24.19375426346997,23.397337642606566,23.983791165864567,50000
2011-05-10,23.983791165864567,24.367007066980097,23.763178285167516,24.268825175524242,50000
2011-05-11,24.268825175524242,24.63327174758496,24.137211758448633,24.379540551295786,55424
2011-05-12,24.379540551295786,25.055506213900934,24.312593040457262,24.849332689604225,65186
2011-05-13,24.849332689604225,24.921464166400817,24.617012416502746,24.692786989434165,50000
2011-05-16,24.692786989434165,24.77743296218828,24.407552583589805,24.4293028225006,50000
2011-05-17,24.4293028225006,24.645477874050894,24.339963903558285,24.51113273870182,50000
2011-05-18,24.51113273870182,24.894928219107932,24.361499392350545,24.593799344796526,153900
2011-05-19,24.593799344796526,24.616484488840204,24.352837459830113,24.415996129343757,50000
2011-05-20,24.415996129343757,24.481407732657438,24.203369694262747,24.299949188213837,50000
2011-05-23,24.299949188213837,24.82673478205449,23.916123673729942,24.631572268514745,76578
2011-05-24,24.631572268514745,24.641439594963362,24.199158024003175,24.205707063350626,50000
2011-05-25,24.205707063350626,24.35443309752831,23.76479643541862,23.883793150894018,81243
2011-05-26,23.883793150894018,23.984951817306733,23.680341047900846,23.752040120562537,183453
2011-05-27,23.752040120562537,24.229621630227786,23.39466626265792,23.969728828146224,58510
2011-05-30,23.969728828146224,24.159080261569187,23.760243563252697,23.84333207110899,50000
2011-05-31,23.84333207110899,23.89170656404578,23.766641431596483,23.880676026007865,50000
2011-06-01,23.880676026007865,24.167579304827488,23.631046195369066,23.746549983302224,50000
2011-06-02,23.746549983302224,23.944275200942975,23.587194451694327,23.941144378378223,50000
2011-06-03,23.941144378378223,24.02458509099608,23.890850627791504,23.99761020921103,55623
2011-06-06,23.99761020921103,24.54572577816161,23.884473799298814,24.448008146228435,50000
2011-06-07,24.448008146228435,24.740237024037558,24.36525435368517,24.720104268401816,50000
2011-06-08,24.720104268401816,24.942825030572262,24.45961454517283,24.613423509872927,50000
2011-06-09,24.613423509872927,24.75993663234679,24.489648285933598,24.50929767501098,50000
2011-06-10,24.50929767501098,25.43924026779884,24.503096588270502,25.14632979685748,50000
2011-06-13,25.14632979685748,25.43540243303489,25.107627423942017,25.355900811704878,52052
2011-06-14,25.355900811704878,25.377438880848977,24.85483420573328,25.08148613407776,50000
2011-06-15,25.08148613407776,25.255444398519668,24.99546027421972,25.193612827573457,50000
2011-06-16,25.193612827573457,25.34522603735025,24.699354289414053,24.89705704484143,50000
2011-06-17,24.89705704484143,24.91289104042375,24.714209640799453,24.802341929491952,52971
2011-06-20,24.802341929491952,25.493928519020702,24.64788318185025,25.306791419707277,177714
2011-06-21,25.306791419707277,25.32914650412596,25.06000779434506,25.088773850747764,68657
2011-06-22,25.088773850747764,25.113307303789874,24.377525576355524,24.497126684128645,50000
2011-06-23,24.497126684128645,24.718458602563327,23.85604805810469,24.040692236985063,80475
2011-06-24,24.040692236985063,24.304524762863263,23.902649407996556,23.94510893916436,50000
2011-06-27,23.94510893916436,24.11784967418361,23.511258522892092,23.54896704128161,50000
2011-06-28,23.54896704128161,23.90213094407444,23.425016320901047,23.78602285713512,50000
2011-06-29,23.78602285713512,24.347370881643574,23.783675792272533,24.136846305077697,120199
2011-06-30,24.136846305077697,24.139342163105002,23.559733845276885,23.875428441681358,50000
2011-07-01,23.875428441681358,23.954026153195116,22.89041835570136,23.225384877862883,50000
2011-07-04,23.225384877862883,23.3540305020513,23.12045706195736,23.26493178225094,50000
2011-07-05,23.26493178225094,23.34294907903822,23.19102929602588,23.258131966156093,50000
2011-07-06,23.258131966156093,23.61459564205582,23.252895705851017,23.578252220568864,50000
2011-07-07,23.578252220568864,23.690220263227843,23.517396322342574,23.645529496388253,50000
2011-07-08,23.645529496388253,23.65031958893053,23.63631269612077,23.639517098908616,50000
2011-07-11,23.639517098908616,23.902517792119973,23.55586027156427,23.888604641764772,50000
2011-07-12,23.888604641764772,23.93050557071766,23.795055979892155,23.889202120887116,53131
2011-07-13,23.889202120887116,24.456763666991364,23.715415055376546,24.10903625627006,50000
2011-07-14,24.10903625627006,24.202935464848174,23.656756043349652,23.8595995254761,54267
2011-07-15,23.8595995254761,23.974626277276517,23.162700613563306,23.280623686405853,50000
2011-07-18,23.280623686405853,23.604220661298857,23.03119896192497,23.498901944270195,50000
2011-07-19,23.498901944270195,24.083734154583144,23.435285992158242,23.93858009516816,50000
2011-07-20,23.93858009516816,23.98055377521194,23.458175801176058,23.70331139851266,50000
2011-07-21,23.70331139851266,23.859681075547783,23.5736437563807,23.78507676659743,50000
2011-07-22,23.78507676659743,23.988739876653813,23.756136378153435,23.91572904534325,50000
2011-07-25,23.91572904534325,24.521654142952293,23.758333832732657,24.32656838965772,183019
2011-07-26,24.32656838965772,24.712739077688664,24.195259026073025,24.62622468026722,51877
2011-07-27,24.62622468026722,24.774216629455847,24.341878898803,24.355789612703514,109581
2011-07-28,24.355789612703514,24.402912381785157,23.671923588906115,23.852898869320672,50000
2011-07-29,23.852898869320672,23.9409489415498,22.79116970986947,22.867404692494013,50000
2011-08-01,22.867404692494013,22.901725977833607,22.52946930068841,22.554617982749065,50000
2011-08-02,22.554617982749065,23.10841228297261,22.492869888718076,22.728288684259585,84619
2011-08-03,22.728288684259585,22.857117860676002,22.4436560117577,22.568313727689155,50000
2011-08-04,22.568313727689155,22.594365714400208,22.323038174539704,22.390806074235165,50000
2011-08-05,22.390806074235165,22.543629026685334,22.200803264140152,22.542833806176,81714
2011-08-08,22.542833806176,22.953569839622528,22.535446166747803,22.751653668010036,50000
2011-08-09,22.751653668010036,23.196511894162196,22.73531220674851,23.084207363621687,50000
2011-08-10,23.084207363621687,23.1735497175933,22.501154116754527,22.647870308778074,50000
2011-08-11,22.647870308778074,22.890949430748638,22.500388135455953,22.704868147990663,50000
2011-08-12,22.704868147990663,22.785046161789133,22.5761984779064,22.6507514260584,50000
2011-08-15,22.6507514260584,22.7267301675102,22.354445744922057,22.533806096316503,59470
2011-08-16,22.533806096316503,22.580145217345464,22.281217718008417,22.32842331184418,50000
2011-08-17,22.32842331184418,22.437578524168,21.63200361407532,21.71891155192937,65862
2011-08-18,21.71891155192937,22.073122920376377,21.69610756030058,21.904775248904787,50000
2011-08-19,21.904775248904787,22.193560029153264,21.867240372045927,21.91194305137085,50000
2011-08-22,21.91194305137085,22.313832926932992,21.858622043919304,22.219192861136072,50000
2011-08-23,22.219192861136072,22.650463980499197,22.204384631449322,22.5787847110039,50000
2011-08-24,22.5787847110039,22.660062549944445,21.94520726878285,22.081512376248835,50000
2011-08-25,22.081512376248835,22.168253738334467,21.975726299703275,22.1646270460164,82982
2011-08-26,22.1646270460164,22.257399133394294,21.84016306765751,22.011349381476904,50000
2011-08-29,22.011349381476904,22.426894006276008,21.738994564140167,22.268337541889398,50000
2011-08-30,22.268337541889398,22.601154929310578,22.15568681573647,22.5394627921005,50000
2011-08-31,22.5394627921005,22.63689118961063,22.22600121418228,22.24262100527976,63856
2011-09-01,22.24262100527976,22.468018302004502,22.094298146346993,22.402380165630557,50000
2011-09-02,22.402380165630557,22.541024605380002,22.08905994006519,22.165444491018697,65870
2011-09-05,22.165444491018697,22.66722859727023,22.117120045626688,22.556388033594136,50000
2011-09-06,22.556388033594136,22.670389631738807,21.89417674628037,22.02438108588517,59790
2011-09-07,22.02438108588517,22.226480161168524,21.454403332932948,21.524239362842987,50000
2011-09-08,21.524239362842987,21.817055109931246,21.43725668817314,21.77675234814808,70978
2011-09-09,21.77675234814808,22.193027851330054,21.6699015362023,22.116915419591876,115758
2011-09-12,22.116915419591876,22.206055052139035,21.75430843056455,21.839279141368433,50000
2011-09-13,21.839279141368433,22.187988266856593,21.648723885159946,22.051336370459847,50000
2011-09-14,22.051336370459847,22.796028445325668,21.94432369934544,22.700607894908433,50000
2011-09-15,22.700607894908433,22.718174233977173,22.578470569553787,22.637606860986875,50000
2011-09-16,22.637606860986875,22.700909790226262,22.011533882681093,22.05432387403758,50000
2011-09-19,22.05432387403758,22.09276697061651,21.69683122277146,21.77973080981074,50000
2011-09-20,21.77973080981074,21.94445306760242,21.55080541805009,21.836068902483596,57987
2011-09-21,21.836068902483596,22.139239917179733,21.747269026220465,21.91988453694,52390
2011-09-22,21.91988453694,21.944526293971965,21.728246355521115,21.8918831701198,50000
2011-09-23,21.8918831701198,22.05021934733653,21.684868958914045,21.83748022617556,81264
2011-09-26,21.83748022617556,21.88758975612976,21.796518771952172,21.84436805190831,130429
2011-09-27,21.84436805190831,22.547124856325944,21.59557924890666,22.524772921582116,50000
2011-09-28,22.524772921582116,23.062343201193222,22.354749787194873,23.035155392029367,50000
2011-09-29,23.035155392029367,23.24792511335958,22.945154841700788,23.22483927949274,52583
2011-09-30,23.22483927949274,23.950470142368925,22.92198044677716,23.770742811280595,113775
2011-10-03,23.770742811280595,23.97037530112073,23.629207259845252,23.86824950029836,50000
2011-10-04,23.86824950029836,23.900940675529597,23.58380434091628,23.694650552115387,50000
2011-10-05,23.694650552115387,24.324463416251696,23.654327498633556,24.131980345059105,50000
2011-10-06,24.131980345059105,24.301499048016716,23.973640253835143,24.188429175660712,142160
2011-10-07,24.188429175660712,24.38994046267541,24.161665267279233,24.25558216505777,50000
2011-10-10,24.25558216505777,24.365820711797486,23.86905768375752,23.88969089377245,50000
2011-10-11,23.88969089377245,23.953171344798974,22.99249960497834,23.160647060527705,50000
2011-10-12,23.160647060527705,23.240790107991906,22.48899212302211,22.51278698609244,102006
2011-10-13,22.51278698609244,22.533958900602798,22.246914179799646,22.334933421131897,75799
2011-10-14,22.334933421131897,22.372104643974303,21.829863432827707,21.937888362429074,50000
2011-10-17,21.937888362429074,21.996079291909687,21.819154369868905,21.87553860783209,50000
2011-10-18,21.87553860783209,22.085668618950862,21.74383727031922,21.967523429638355,50000
2011-10-19,21.967523429638355,22.0248508550672,21.87293039925582,21.985929405160267,50000
2011-10-20,21.985929405160267,22.104738832954006,21.573376312405443,21.674732560850142,50000
2011-10-21,21.674732560850142,21.898525813101173,21.518892559026927,21.83230949335048,50000
2011-10-24,21.83230949335048,22.187674672859004,21.775755677533954,22.059568442240707,67106
2011-10-25,22.059568442240707,22.148009875713168,21.82001833258736,22.06414387175554,50000
2011-10-26,22.06414387175554,22.438879056070807,21.715710380166353,21.77287770105855,50000
2011-10-27,21.77287770105855,22.419919790247985,21.688240761304442,22.245197040006115,50000
2011-10-28,22.245197040006115,22.62372366657347,22.242389468551174,22.54385894388512,50000
2011-10-31,22.54385894388512,23.044950063073166,22.432856916189372,22.967690556902575,50000
2011-11-01,22.967690556902575,23.062607142932514,22.54589983142624,22.80585944453693,50000
2011-11-02,22.80585944453693,23.2891783530472,22.774568618826795,22.987165035617146,50000
2011-11-03,22.987165035617146,23.82576836911096,22.94645454072934,23.671312554919812,50000
2011-11-04,23.671312554919812,24.169658090995238,23.650997277246553,24.02225777687678,50000
2011-11-07,24.02225777687678,24.26135449444054,23.862802302329875,24.05211963663636,50000
2011-11-08,24.05211963663636,24.21980633743325,24.007404954931104,24.101771715774607,63518
2011-11-09,24.101771715774607,24.648164912737986,24.06182849219339,24.472662044371855,50000
2011-11-10,24.472662044371855,24.519671473374444,24.15603675704439,24.359477767496838,88802
2011-11-11,24.359477767496838,24.47931514889706,24.08823754551699,24.128081512547094,50000
2011-11-14,24.128081512547094,24.234488482364334,24.11577808353159,24.120238641158444,50000
2011-11-15,24.120238641158444,24.542812337335096,24.04900098523424,24.34041775578015,51217
2011-11-16,24.34041775578015,24.49123119194291,24.094489068899986,24.211082383969345,50000
2011-11-17,24.211082383969345,24.310896103029858,24.143490171533852,24.272301078942917,50000
2011-11-18,24.272301078942917,24.369357928782108,24.069738461696545,24.129733158559812,50000
2011-11-21,24.129733158559812,24.187786172129112,23.6448121528733,23.865193459205937,53692
2011-11-22,23.865193459205937,24.04103480817372,23.63184980483539,23.65591118700364,50000
2011-11-23,23.65591118700364,23.7090364304251,23.582906707434557,23.686714765531704,71614
2011-11-24,23.686714765531704,23.81361745318005,23.375416920274855,23.382903445167088,66676
2011-11-25,23.382903445167088,23.438539115203625,23.209883376337324,23.263877958132692,50000
2011-11-28,23.263877958132692,23.365697490147415,22.788350399107397,23.010154740658866,50000
2011-11-29,23.010154740658866,23.089859877479572,22.712308865463754,23.08524798945779,53021
2011-11-30,23.08524798945779,23.1631131975258,22.155041541179088,22.20217141806065,50000
2011-12-01,22.20217141806065,22.439925549268683,21.8116553632929,22.036947180624935,75243
2011-12-02,22.036947180624935,22.74968660930564,21.647585966342962,22.617054259491944,50000
2011-12-05,22.617054259491944,22.694138378290802,22.563363933281213,22.651592009277383,54209
2011-12-06,22.651592009277383,22.73049339823637,22.401510554671876,22.43433802120209,50000
2011-12-07,22.43433802120209,22.558174354210966,22.080571927078648,22.24083593637713,50000
2011-12-08,22.24083593637713,22.26038669788072,21.32079292942704,21.363416965350627,83019
2011-12-09,21.363416965350627,21.44173535784061,20.782034173616385,20.905708720229786,53270
2011-12-12,20.905708720229786,21.54853918861357,20.848671536577488,21.452723108597066,50000
2011-12-13,21.452723108597066,21.92576229440802,21.36560164083409,21.77389392614106,50215
2011-12-14,21.77389392614106,21.829032629782454,21.531650619224834,21.711634103267027,50000
2011-12-15,21.711634103267027,22.004786960536755,21.559578962249418,21.98078829562387,72368
2011-12-16,21.98078829562387,22.153459261541123,21.64953872193904,21.68716074513032,50000
2011-12-19,21.68716074513032,21.84543822769299,21.422927581628137,21.467746262734853,50844
2011-12-20,21.467746262734853,21.47424228839061,21.290858669060977,21.316392353306234,112183
2011-12-21,21.316392353306234,21.352193139364832,21.10112488880944,21.14243212662991,92743
2011-12-22,21.14243212662991,21.24062781587501,21.064109696550783,21.215999224194917,50000
2011-12-23,21.215999224194917,21.363840444070597,20.997075167076904,21.253153470494595,108062
2011-12-26,21.253153470494595,21.711926729954094,21.229468189481018,21.678025503547836,69313
2011-12-27,21.678025503547836,21.79175321363812,21.65343894340952,21.75368278548012,50000
2011-12-28,21.75368278548012,21.97962727982641,21.72706636620223,21.887245884545198,144057
2011-12-29,21.887245884545198,22.395715815646195,21.788404222684477,22.131149791200325,50000
2011-12-30,22.131149791200325,22.168542206656284,21.476718825378388,21.55671947825187,50000
2012-01-02,21.55671947825187,21.673825588079833,21.02427078061752,21.284518961030575,53435
2012-01-03,21.284518961030575,21.55194441017153,20.89498571370662,21.41456110966662,50000
2012-01-04,21.41456110966662,21.72194653802511,21.41185406569155,21.539349188916347,50000
2012-01-05,21.539349188916347,21.818251110068598,21.348969823657562,21.797200814911594,50000
2012-01-06,21.797200814911594,21.987411980111137,21.63332434213937,21.97655353712077,50000
2012-01-09,21.97655353712077,22.444298209153157,21.904241013258584,22.360319311616998,50000
2012-01-10,22.360319311616998,22.632370213314864,22.21993551446747,22.5202068159256,50000
2012-01-11,22.5202068159256,22.691702639276173,22.151137629343506,22.271465306320863,50000
2012-01-12,22.271465306320863,22.8010731152086,22.21018363378072,22.58350392011665,58607
2012-01-13,22.58350392011665,22.621793796756272,22.075429514939625,22.284713051529533,50000
2012-01-16,22.284713051529533,22.291576331267656,21.948874401183886,22.156657595938672,70058
2012-01-17,22.156657595938672,22.443002450823123,21.905225805657597,22.15034870100942,131371
2012-01-18,22.15034870100942,22.405838401885177,21.803940067307515,22.060605333001078,50000
2012-01-19,22.060605333001078,22.14132746062376,21.916367219538,21.960826835726742,50000
2012-01-20,21.960826835726742,21.976368476709833,21.916883161976205,21.919516883300705,50000
2012-01-23,21.919516883300705,21.99268924376394,21.729330635665544,21.733501758912595,50000
2012-01-24,21.733501758912595,22.179785997881165,21.4914097379104,22.0541316190715,50000
2012-01-25,22.0541316190715,22.22432085306217,21.222630611208405,21.43806119251068,50000
2012-01-26,21.43806119251068,21.564801207483615,21.15254055426889,21.278448830010515,50000
2012-01-27,21.278448830010515,21.345005172468,20.587496038157813,20.66276069380621,50000
2012-01-30,20.66276069380621,20.83402135100733,20.497109789212473,20.558125928186882,102605
2012-01-31,20.558125928186882,20.575412599574232,20.322780740496455,20.403083269256197,116148
2012-02-01,20.403083269256197,20.62620011928211,20.281236781453373,20.52447023265061,137556
2012-02-02,20.52447023265061,20.625940155108175,20.275759248269278,20.38228039399483,50000
2012-02-03,20.38228039399483,20.582003629116958,20.17667943999903,20.501183456200277,50000
2012-02-06,20.501183456200277,20.68299880432365,20.44143329507721,20.589972915089024,68873
2012-02-07,20.589972915089024,20.84035755570936,20.406270731959395,20.47226499823325,67378
2012-02-08,20.47226499823325,20.564849198727217,20.369063193283846,20.528058427562254,50000
2012-02-09,20.528058427562254,20.581123184161946,20.491806090405344,20.555303772329275,50000
2012-02-10,20.555303772329275,21.085918328580988,20.533450427173154,20.940874907232768,53268
2012-02-13,20.940874907232768,21.4693158782785,20.874437526732834,21.15823839792575,50000
2012-02-14,21.15823839792575,21.48393410442471,20.891798967766,21.42694244399663,50000
2012-02-15,21.42694244399663,21.93772326257808,21.244254584793634,21.909847415885856,50000
2012-02-16,21.909847415885856,22.0793220491025,21.551974312268587,21.735108001900535,87484
2012-02-17,21.735108001900535,21.939108556699853,21.496530586801438,21.518449022996432,50000
2012-02-20,21.518449022996432,21.60229652083217,21.454824399303,21.563949311736618,50000
2012-02-21,21.563949311736618,21.635571641390808,21.525680834279196,21.61896888062765,50000
2012-02-22,21.61896888062765,21.758922998395388,21.17217615821137,21.194884446853372,50000
2012-02-23,21.194884446853372,21.23995498328426,20.888185263678157,21.121513486766457,50000
2012-02-24,21.121513486766457,21.29561243026338,21.116484888733158,21.273462237041436,50000
2012-02-27,21.273462237041436,21.489087836429228,21.18547693439472,21.311511439384123,50000
2012-02-28,21.311511439384123,21.643607197628494,21.28126778335825,21.550919998900948,50000
2012-02-29,21.550919998900948,21.818474078134315,21.495198128290593,21.740562851886068,50000
2012-03-01,21.740562851886068,22.39706147241909,21.678120501334337,22.29072794537388,50000
2012-03-02,22.29072794537388,22.713754832835104,22.267843257827668,22.695197711852757,66104
2012-03-05,22.695197711852757,22.816617106934363,22.65473337271526,22.759782252841482,50000
2012-03-06,22.759782252841482,22.864917738968,22.59895547631766,22.61614728861976,82086
2012-03-07,22.61614728861976,23.112565792135843,22.56727189555156,23.042589260350944,160290
2012-03-08,23.042589260350944,23.487976301485876,22.801183142528263,23.292156981393596,50000
2012-03-09,23.292156981393596,23.416025840452363,22.57712006527983,22.60378404555796,50000
2012-03-12,22.60378404555796,23.064946189505775,22.490744689540666,23.061498078149786,118230
2012-03-13,23.061498078149786,23.137908853197672,22.95994650338173,22.98498112365668,50000
2012-03-14,22.98498112365668,23.06479451270837,22.562038016119,22.7708242311002,50000
2012-03-15,22.7708242311002,23.039527763957437,22.231498295630367,22.340300478757065,66391
2012-03-16,22.340300478757065,22.413528724716617,21.810063938332124,21.8624945387853,50000
2012-03-19,21.8624945387853,22.257826939242875,21.709113411373178,22.210875477074346,82872
2012-03-20,22.210875477074346,23.050468252473898,22.104677668381807,22.966847182138462,50000
2012-03-21,22.966847182138462,23.06467930123739,22.67019874697147,22.92821746879842,50000
2012-03-22,22.92821746879842,23.410927175185908,22.698579772663667,23.339892483524558,50000
2012-03-23,23.339892483524558,23.472962912510248,23.058469543234978,23.122302285882444,52434
2012-03-26,23.122302285882444,23.217205990556288,22.984843608953483,22.988350514517897,50000
2012-03-27,22.988350514517897,23.47135887478865,22.882863149647044,23.2311716926309,50000
2012-03-28,23.2311716926309,23.32257677653545,22.841000046081994,22.863622720353355,50000
2012-03-29,22.863622720353355,23.262607026328208,22.631760508076795,23.19917433031559,82796
2012-03-30,23.19917433031559,23.763755416515366,23.087498745899836,23.58809331241788,50000
2012-04-02,23.58809331241788,23.810457966988007,22.83827609870826,22.9770320881732,56477
2012-04-03,22.9770320881732,23.153242824170455,22.272334098259353,22.40560028080516,50000
2012-04-04,22.40560028080516,22.47522665265175,22.149468023667225,22.310370120356513,50000
2012-04-05,22.310370120356513,22.789511922324895,22.15274690036208,22.759032799374584,52177
2012-04-06,22.759032799374584,22.775149181164657,22.431825578530674,22.453612979067895,50000
2012-04-09,22.453612979067895,23.017558236811887,22.408456608050944,22.87081813921552,60924
2012-04-10,22.87081813921552,23.46866618869032,22.69147296990135,23.435910575840474,50000
2012-04-11,23.435910575840474,23.487056964339743,22.853468146770773,22.938952291010494,50000
2012-04-12,22.938952291010494,23.22108563659251,22.791069917972845,22.81138891617274,57925
2012-04-13,22.81138891617274,22.872036507901953,22.525246348621483,22.719019057274547,50000
2012-04-16,22.719019057274547,22.78537934890801,22.44634942368093,22.466184247926574,65398
2012-04-17,22.466184247926574,22.65769184145878,22.459037359333852,22.60398606450472,50000
2012-04-18,22.60398606450472,22.76960910659792,22.579133081283416,22.7335887643926,50000
2012-04-19,22.7335887643926,22.944559150944272,22.290432281210165,22.353494471589784,56865
2012-04-20,22.353494471589784,22.84174311504738,22.067250860493882,22.80132100362289,50000
2012-04-23,22.80132100362289,22.876096047858162,22.477568933002697,22.524418512841404,89728
2012-04-24,22.524418512841404,22.65267729175288,22.493134859583968,22.572674126478308,71608
2012-04-25,22.572674126478308,22.767599237358468,22.418982521461317,22.7539985503366,50000
2012-04-26,22.7539985503366,22.95552672745489,22.73705349594937,22.86122586550215,62888
2012-04-27,22.86122586550215,22.95007481674099,22.751561774862612,22.935941619438506,114860
2012-04-30,22.935941619438506,23.32934064187692,22.82739924077097,23.024763224190504,50000
2012-05-01,23.024763224190504,23.33166037210104,22.952628813558068,23.151580973107365,50000
2012-05-02,23.151580973107365,23.386768193021712,22.689438497905893,22.782314074039036,50000
2012-05-03,22.782314074039036,22.812560584603983,22.55825632744909,22.650808359877274,50000
2012-05-04,22.650808359877274,22.707323087820143,22.379939536583617,22.405945852820334,50000
2012-05-07,22.405945852820334,22.449666301708064,22.155807243233113,22.202491647187667,50000
2012-05-08,22.202491647187667,22.260754172444322,21.729101432655863,21.912377743964743,50000
2012-05-09,21.912377743964743,21.93344242401688,21.841496067205703,21.88352730946093,50000
2012-05-10,21.88352730946093,21.914942149012482,21.63411128410406,21.87321283284688,50000
2012-05-11,21.87321283284688,22.060805407907395,21.16533083032249,21.408619971535444,50000
2012-05-14,21.408619971535444,21.77915417550516,21.339296843691574,21.741546453173086,50000
2012-05-15,21.741546453173086,21.761973600826757,21.361311553213802,21.456733378984826,50000
2012-05-16,21.456733378984826,21.774185382295123,21.316425392492793,21.340284503248633,50000
2012-05-17,21.340284503248633,21.786430873852165,21.32575718914593,21.634847388157194,50000
2012-05-18,21.634847388157194,21.64525543487142,21.464076744884878,21.50686851569825,50000
2012-05-21,21.50686851569825,21.51573290401392,21.260948895517092,21.356030618566535,50000
2012-05-22,21.356030618566535,21.45356593939425,21.31375708879779,21.412416108599945,55535
2012-05-23,21.412416108599945,21.551281688179536,21.021304726334165,21.087774197484475,50000
2012-05-24,21.087774197484475,21.198209450572268,20.96523345368796,21.000407190047326,50000
2012-05-25,21.000407190047326,21.169440603369004,20.550651461867396,20.699015946776115,50000
2012-05-28,20.699015946776115,20.844772201514925,20.61619886891583,20.726975057586955,50000
2012-05-29,20.726975057586955,21.12154298928485,20.715960169487435,20.991574767100563,67138
2012-05-30,20.991574767100563,21.405461833712597,20.87723198401471,21.363973661589927,58753
2012-05-31,21.363973661589927,21.381488871814618,20.558463960487604,20.708599983816907,50000
2012-06-01,20.708599983816907,21.256844943945474,20.647479907468533,21.092425465305894,50000
2012-06-04,21.092425465305894,22.060332815116773,21.074650359965435,21.75535945699535,50000
2012-06-05,21.75535945699535,21.933119015554713,21.45383040646951,21.590727697105066,53644
2012-06-06,21.590727697105066,21.779140397853407,20.975111135448515,21.073855821811694,50000
2012-06-07,21.073855821811694,21.13437987199982,20.673875509491666,20.71096131600574,50000
2012-06-08,20.71096131600574,20.835368906750393,20.3160691593621,20.48796587381077,50000
2012-06-11,20.48796587381077,20.653941643528547,20.44195647436074,20.60488454793144,50000
2012-06-12,20.60488454793144,20.745590914275795,19.895915619532637,20.329567259568307,50000
2012-06-13,20.329567259568307,20.786871399577166,20.134866852635906,20.62453043517735,50000
2012-06-14,20.62453043517735,20.71124889362047,20.201629484710384,20.35352734401438,50000
2012-06-15,20.35352734401438,20.394618672117353,19.961299518380045,20.022852482219665,115123
2012-06-18,20.022852482219665,20.339389736374905,19.897010102261405,20.337275039233518,50000
2012-06-19,20.337275039233518,21.09877155782369,20.292946956355834,21.024359215054492,56490
2012-06-20,21.024359215054492,21.077374297927083,20.52160671083277,20.925170895232373,50000
2012-06-21,20.925170895232373,21.085537967010918,20.522833493114426,20.65653858943471,50000
2012-06-22,20.65653858943471,20.685272648971164,20.531339113585435,20.551293522329594,50000
2012-06-25,20.551293522329594,20.673691297306437,20.51298402492821,20.611658725254788,50000
2012-06-26,20.611658725254788,20.6936754857909,20.045083927454854,20.168275029861597,50000
2012-06-27,20.168275029861597,20.218908445400395,19.96811812858759,20.179808468330783,50000
2012-06-28,20.179808468330783,20.228992646867738,19.92440405760481,20.158405315349587,73256
2012-06-29,20.158405315349587,20.51646675692638,20.119973031054432,20.511018571555468,50000
2012-07-02,20.511018571555468,20.52549958241399,19.910546937608242,20.025557989763268,50000
2012-07-03,20.025557989763268,20.688573952711227,19.930170655821467,20.433619533527274,50000
2012-07-04,20.433619533527274,20.599760638965133,20.333661914718682,20.51658424820514,50000
2012-07-05,20.51658424820514,20.61846606197638,20.37915426656687,20.587272479320923,50000
2012-07-06,20.587272479320923,20.770419438966375,20.306322555343876,20.346887996602206,50000
2012-07-09,20.346887996602206,20.485764689093177,19.909172532039197,20.003249242141692,50583
2012-07-10,20.003249242141692,20.04294258072955,19.664938925111887,19.66856033408047,74026
2012-07-11,19.66856033408047,20.00195126384609,19.444611309343802,19.840404676798364,60365
2012-07-12,19.840404676798364,19.889092174630704,19.38424445139868,19.503411938300292,70707
2012-07-13,19.503411938300292,19.505951971919952,19.247187299126818,19.328567122529176,50000
2012-07-16,19.328567122529176,19.831664925108914,19.31019199476225,19.749639383876843,50000
2012-07-17,19.749639383876843,19.794593873827715,19.747938621717044,19.773352489345005,50000
2012-07-18,19.773352489345005,19.780265184194317,19.267547146330987,19.38232175450526,77622
2012-07-19,19.38232175450526,19.69428916884794,19.25671106084704,19.529561865850358,130800
2012-07-20,19.529561865850358,19.532859676640122,19.094816609945532,19.177869547234447,82118
2012-07-23,19.177869547234447,19.247483500225858,18.67793330750476,18.708977728187556,50000
2012-07-24,18.708977728187556,19.040224867873977,18.531484872420197,18.925982981606666,50000
2012-07-25,18.925982981606666,18.990243239229983,18.465010773947792,18.554939145726838,50000
2012-07-26,18.554939145726838,18.70480407057188,17.945777514496537,18.037412190188334,56372
2012-07-27,18.037412190188334,18.11938681808626,17.77497586520475,17.84714042592172,71564
2012-07-30,17.84714042592172,17.84855308770674,17.587103348132985,17.630599344545967,176612
2012-07-31,17.630599344545967,17.894086479467408,17.539275630601196,17.84027749275884,50000
2012-08-01,17.84027749275884,17.878919794446656,17.50442365102621,17.534151475428555,50000
2012-08-02,17.534151475428555,17.863732955538108,17.48610923705965,17.75650093947599,50000
2012-08-03,17.75650093947599,17.993139591180928,17.576046185535397,17.66946639486325,50000
2012-08-06,17.66946639486325,18.193962703045173,17.48436042061749,18.137656703219648,62072
2012-08-07,18.137656703219648,18.187788476213353,18.02660254503376,18.133226589887645,50000
2012-08-08,18.133226589887645,18.189619550631765,18.015767212828916,18.127581185548618,50000
2012-08-09,18.127581185548618,18.176555776519287,17.88917185865914,18.013694999826043,50000
2012-08-10,18.013694999826043,18.282000973908396,17.893297070082646,18.23916536370087,50000
2012-08-13,18.23916536370087,18.27037489805639,17.99353753339849,18.105215119121983,50000
2012-08-14,18.105215119121983,18.245609582136346,18.01859881856508,18.152321759214605,50000
2012-08-15,18.152321759214605,18.15969040558279,17.996924792318854,18.036862824577355,50000
2012-08-16,18.036862824577355,18.067231872896524,17.85093804038204,17.961434191079583,50000
2012-08-17,17.961434191079583,17.989864499992116,17.82750095956839,17.87107983031459,50000
2012-08-20,17.87107983031459,17.987392200234886,17.850632157624016,17.952948924131096,50000
2012-08-21,17.952948924131096,18.35729505554119,17.740044192576722,18.239944578837008,215642
2012-08-22,18.239944578837008,18.316412673745262,18.114869512363764,18.215914347212273,50000
2012-08-23,18.215914347212273,18.411468936127186,17.815400928118063,17.91832931002755,50000
2012-08-24,17.91832931002755,17.970953372704628,17.75898556434443,17.793878448467954,50000
2012-08-27,17.793878448467954,17.91991916100616,17.66878496305485,17.852181184870183,64547
2012-08-28,17.852181184870183,18.054824706910907,17.809095362428042,18.03732746533478,91078
2012-08-29,18.03732746533478,18.072019487398627,17.534775236817996,17.568269188795696,50000
2012-08-30,17.568269188795696,17.686489500412538,16.8824604248282,17.041949523937106,50000
2012-08-31,17.041949523937106,17.2616048690659,16.754862461580142,16.86651821745202,90918
2012-09-03,16.86651821745202,16.97539254546187,16.31356824709391,16.486858322525084,50000
2012-09-04,16.486858322525084,16.535441678538202,16.22948690406891,16.23361076632108,50000
2012-09-05,16.23361076632108,16.264823272710974,15.94420525522897,16.053077358517886,86306
2012-09-06,16.053077358517886,16.121766593223033,15.43327466317459,15.551991586429319,50000
2012-09-07,15.551991586429319,15.832969668270216,15.449123588104275,15.807413675486304,50000
2012-09-10,15.807413675486304,15.888556586789942,15.462096586330974,15.47923114565837,50000
2012-09-11,15.47923114565837,15.612359227135947,14.939297498468413,15.107270568079539,50000
2012-09-12,15.107270568079539,15.285382288370084,15.051653081478657,15.226597127565652,70349
2012-09-13,15.226597127565652,15.610471953384659,15.124025389923426,15.584448373806476,50000
2012-09-14,15.584448373806476,15.697019889488756,15.174466317763574,15.239932325212333,60722
2012-09-17,15.239932325212333,15.559191284955322,15.162679849060417,15.505877085232699,50000
2012-09-18,15.505877085232699,15.574493215155718,15.297646632727343,15.448405353044665,50145
2012-09-19,15.448405353044665,15.597798296956176,15.225709708028813,15.362775281441195,50000
2012-09-20,15.362775281441195,15.67751179996044,15.318832558070998,15.658936391366128,50000
2012-09-21,15.658936391366128,15.819917020970554,15.598866215865113,15.67955721055053,50000
2012-09-24,15.67955721055053,16.106853052046148,15.645886393904366,16.093597421477693,130384
2012-09-25,16.093597421477693,16.217892998415625,15.7511759547895,15.806766364436998,50000
2012-09-26,15.806766364436998,15.975926988126004,15.374109526493996,15.497464658559041,50000
2012-09-27,15.497464658559041,15.535159042959654,15.332033429757537,15.377104010867166,50000
2012-09-28,15.377104010867166,15.518704185898041,14.963283055835845,14.9669326682659,50000
2012-10-01,14.9669326682659,15.042916114519814,14.65774721378651,14.681499026994956,50000
2012-10-02,14.681499026994956,15.035929864526054,14.670148813028874,14.813473751572204,50000
2012-10-03,14.813473751572204,14.967956715458342,14.387020973724292,14.479398490122767,50000
2012-10-04,14.479398490122767,14.549868910337441,14.459680686857622,14.496752343557787,50000
2012-10-05,14.496752343557787,14.527108997407819,14.277811369195668,14.335128309985812,67569
2012-10-08,14.335128309985812,14.600014557132779,14.308647103478025,14.535128928145374,50000
2012-10-09,14.535128928145374,14.634563409768411,14.22894164526583,14.301994737278672,50154
2012-10-10,14.301994737278672,14.428576187466803,14.016606070438865,14.041696078932901,50000
2012-10-11,14.041696078932901,14.120403174321538,13.759110036433567,13.871494548880074,60862
2012-10-12,13.871494548880074,14.283869001139534,13.813127174542,14.273609504465213,58791
2012-10-15,14.273609504465213,14.440529845384448,14.175435555264958,14.277954024404407,61281
2012-10-16,14.277954024404407,14.733640351554833,14.256918714212173,14.645443334415589,50000
2012-10-17,14.645443334415589,14.683905823111997,14.608988780083093,14.621734042668145,85367
2012-10-18,14.621734042668145,14.777216528085983,14.301010685307459,14.37865051142001,65384
2012-10-19,14.37865051142001,14.515579250221137,14.351120718034167,14.486251561318637,188319
2012-10-22,14.486251561318637,14.600069155735357,14.045115113456236,14.15746178693396,50000
2012-10-23,14.15746178693396,14.214555465459789,13.962701636124546,13.98322267552433,122854
2012-10-24,13.98322267552433,14.307849294169893,13.961229195977435,14.182835894658416,61551
2012-10-25,14.182835894658416,14.541348618309229,14.085227878609585,14.441087160544718,50000
2012-10-26,14.441087160544718,14.682337023219027,14.290143485817008,14.608964950437834,97770
2012-10-29,14.608964950437834,14.93353359183478,14.483588992628043,14.890586347281042,72567
2012-10-30,14.890586347281042,14.988191777385882,14.648889100686123,14.739849750065074,50000
2012-10-31,14.739849750065074,14.792050169710166,14.350726156528442,14.433515213763247,50000
2012-11-01,14.433515213763247,14.473639192663667,13.73889841035999,13.889066328288662,50000
2012-11-02,13.889066328288662,14.180703205394856,13.716004479976887,14.080797973721765,50000
2012-11-05,14.080797973721765,14.441336328884137,14.070705479713679,14.361798565327366,55495
2012-11-06,14.361798565327366,14.38992360983116,13.889991138736043,14.245776132057006,50000
2012-11-07,14.245776132057006,14.30834514552146,13.564514748916805,13.640012274397932,66548
2012-11-08,13.640012274397932,13.874927310928484,13.53110333728916,13.837214584325645,52874
2012-11-09,13.837214584325645,14.108151623829077,13.817024049785664,14.05329570276615,50000
2012-11-12,14.05329570276615,14.844222797781722,14.009600611052047,14.606914944883162,60349
2012-11-13,14.606914944883162,14.662973910278204,14.585114615254563,14.609469453938079,50000
2012-11-14,14.609469453938079,14.63265723808873,14.507118822844769,14.617677113615217,50000
2012-11-15,14.617677113615217,14.740263354123943,14.40489552197635,14.493567933853656,50000
2012-11-16,14.493567933853656,14.532544528172851,14.158200007480104,14.256360623149984,50000
2012-11-19,14.256360623149984,14.28803441995783,14.208081280726322,14.234850336091954,50000
2012-11-20,14.234850336091954,14.325893170384786,13.947140216940257,13.956698961084065,50000
2012-11-21,13.956698961084065,14.951881735335455,13.84029752273994,14.766276683103868,50000
2012-11-22,14.766276683103868,15.26401383915468,14.632911129219966,15.240206122430555,68486
2012-11-23,15.240206122430555,15.38284260583069,15.107015037736842,15.308728724106974,116200
2012-11-26,15.308728724106974,15.422533265301787,14.995457999664733,15.002326722571718,50000
2012-11-27,15.002326722571718,15.06066219220403,14.931143481527515,14.989930253037281,50000
2012-11-28,14.989930253037281,15.625213036190914,14.862137258067339,15.419554966092,50000
2012-11-29,15.419554966092,15.873599778459248,15.369329829301327,15.79542567007176,50000
2012-11-30,15.79542567007176,16.06067152362682,15.764067881732139,15.962296208709533,91246
2012-12-03,15.962296208709533,16.459935055285822,15.959204293353647,16.273260768178165,50000
2012-12-04,16.273260768178165,16.920722259031653,16.17758147855976,16.729150597163958,92948
2012-12-05,16.729150597163958,16.857355521209048,16.564663671817648,16.756983529488977,96417
2012-12-06,16.756983529488977,16.820513559710466,16.361705585227213,16.482909708711777,50000
2012-12-07,16.482909708711777,16.544601025555455,16.133851591769936,16.24029681032944,70299
2012-12-10,16.24029681032944,16.287575300877243,16.236876372252812,16.283028816352708,50000
2012-12-11,16.283028816352708,16.327621763714173,15.91216463429268,16.029340778053548,50000
2012-12-12,16.029340778053548,16.044606497738833,15.746507911273014,15.772710847301143,50000
2012-12-13,15.772710847301143,16.17046283662274,15.659411368609511,16.112896819923712,50000
2012-12-14,16.112896819923712,16.962145849529286,16.09408574277178,16.735460986028095,142279
2012-12-17,16.735460986028095,17.30403968330738,16.682710001841496,17.17642310466652,50000
2012-12-18,17.17642310466652,17.343602004896027,17.097569177898276,17.339708012073025,50000
2012-12-19,17.339708012073025,18.076551637315998,17.292901893198565,17.82742416955729,50000
2012-12-20,17.82742416955729,18.29209567808254,17.68226400113119,18.23948570531091,50000
2012-12-21,18.23948570531091,18.63234660215473,18.232306908650624,18.479965327806113,50000
2012-12-24,18.479965327806113,18.541638993679896,18.455082483499222,18.47633290094178,50000
2012-12-25,18.47633290094178,18.821955624808417,18.24408999798528,18.725213758459137,50000
2012-12-26,18.725213758459137,18.763147264553297,18.522968149016005,18.533375570257558,121673
2012-12-27,18.533375570257558,18.648638717745296,17.89246907060336,18.077665753525523,103490
2012-12-28,18.077665753525523,18.264416417214456,17.978744840915766,18.23105604059503,50000
2012-12-31,18.23105604059503,18.405617347347064,18.214724013413672,18.35637808099962,50000
2013-01-01,18.35637808099962,18.635533206579254,18.298173778170366,18.54762802150022,50000
2013-01-02,18.54762802150022,18.736196852062335,18.455680230071398,18.667010622992176,76124
2013-01-03,18.667010622992176,18.909650355361997,18.610369807737793,18.8190684246026,64933
2013-01-04,18.8190684246026,19.08863347335018,18.815515580765783,18.907790569577543,50000
2013-01-07,18.907790569577543,18.969323719878275,18.77842528524197,18.813682822241756,160602
2013-01-08,18.813682822241756,19.034790608765153,18.781380242091984,18.87217445727261,50000
2013-01-09,18.87217445727261,18.90840051662238,18.388099027900346,18.460330974758595,50000
2013-01-10,18.460330974758595,18.59430081266102,18.353234544518536,18.44476277974281,58234
2013-01-11,18.44476277974281,18.61623458659814,18.275776301146117,18.387644626810623,50000
2013-01-14,18.387644626810623,18.410712949324576,18.08061137478188,18.123868623504723,50000
2013-01-15,18.123868623504723,18.340063488266818,17.989950148625145,18.334248623291483,50000
2013-01-16,18.334248623291483,18.460733372992834,18.300369211203268,18.374655152564024,50250
2013-01-17,18.374655152564024,18.404609375123623,17.95590789672753,18.009108365399833,50000
2013-01-18,18.009108365399833,18.011477766671682,17.906972853699358,17.931332026855333,50000
2013-01-21,17.931332026855333,18.214368899123325,17.879899468432722,18.141976958107797,50000
2013-01-22,18.141976958107797,18.63413914355137,18.03224503875605,18.59642941997512,50000
2013-01-23,18.59642941997512,18.837454265843995,18.58567613542882,18.616403633163813,50000
2013-01-24,18.616403633163813,18.66025408595825,18.43573353253227,18.581259860278013,60074
2013-01-25,18.581259860278013,18.72362304769939,17.98367565618807,18.109038407504027,50000
2013-01-28,18.109038407504027,18.315424413029874,17.901427321594795,18.05122460413806,50000
2013-01-29,18.05122460413806,18.150254522220582,17.92772370572756,18.037980609242677,50000
2013-01-30,18.037980609242677,18.200579271072066,17.993339513231383,18.01950928625136,50000
2013-01-31,18.01950928625136,18.032248898484855,17.768673834709954,17.92638968797729,50000
2013-02-01,17.92638968797729,18.26215294328081,17.816108685682583,18.106118021879524,50000
2013-02-04,18.106118021879524,18.183847362490326,17.567838884581274,17.69980031391188,50000
2013-02-05,17.69980031391188,17.782495233494604,17.290046790820355,17.44964744784062,50000
2013-02-06,17.44964744784062,17.696221132834193,17.270125691754433,17.65183712736707,50000
2013-02-07,17.65183712736707,17.700724054907692,17.633254530871923,17.676127285142208,72564
2013-02-08,17.676127285142208,17.678669282426174,17.513987844853418,17.677444856948373,50000
2013-02-11,17.677444856948373,17.727767179688428,17.197368257274736,17.391068034734563,50000
2013-02-12,17.391068034734563,17.589306595128352,17.37152916022755,17.535686530796536,50000
2013-02-13,17.535686530796536,17.55282558218857,17.442334958216463,17.457125525963633,50000
2013-02-14,17.457125525963633,17.661384429995966,17.181649282568152,17.333156957803777,50000
2013-02-15,17.333156957803777,17.480864056111614,17.267418786118927,17.474677484156885,50000
2013-02-18,17.474677484156885,17.58610817807663,17.116817358278052,17.148666839990632,50000
2013-02-19,17.148666839990632,17.512590508862154,17.09020616406674,17.36237641687607,50000
2013-02-20,17.36237641687607,17.499704929687443,17.25965051489383,17.490871515669763,50000
2013-02-21,17.490871515669763,17.72197488506609,16.94337543572248,17.06587797074924,50000
2013-02-22,17.06587797074924,17.195175240915646,17.04132095225956,17.107364814196334,50000
2013-02-25,17.107364814196334,17.654887994914596,17.077777483480755,17.58441229329068,50000
2013-02-26,17.58441229329068,17.667782710563923,17.201807604643587,17.328694272002306,50000
2013-02-27,17.328694272002306,17.386175132596925,16.97122111384331,16.993975298984697,95039
2013-02-28,16.993975298984697,17.06042697976273,16.73714927096311,16.837646438155264,50000
2013-03-01,16.837646438155264,16.923658213978015,16.765467393954147,16.859424252462432,50000
2013-03-04,16.859424252462432,16.97284225350448,16.646809755235132,16.960343988614998,122691
2013-03-05,16.960343988614998,16.99112696752241,16.639097480898176,16.67506071281696,50000
2013-03-06,16.67506071281696,17.117519249078534,16.650378405358452,17.0664352324597,65199
2013-03-07,17.0664352324597,17.067701322190562,16.592365050794164,16.612961541827016,50000
2013-03-08,16.612961541827016,16.86113468448599,16.578459449489184,16.849973526712137,50000
2013-03-11,16.849973526712137,17.448377979118717,16.812233112532805,17.303165797096188,50000
2013-03-12,17.303165797096188,17.33307543080477,16.88424010246678,17.037942731445874,50000
2013-03-13,17.037942731445874,17.319976716068503,16.8346433307743,17.187678810429617,54440
2013-03-14,17.187678810429617,17.232312295976847,16.89583110276787,16.97729690512611,50000
2013-03-15,16.97729690512611,17.058140077804502,16.531103181764404,16.713294769075805,50000
2013-03-18,16.713294769075805,16.746674079319277,16.406527366469355,16.413291168952636,50000
2013-03-19,16.413291168952636,16.712488331664865,16.369339715929478,16.657809070552098,50000
2013-03-20,16.657809070552098,17.280046850011946,16.552719272947723,17.12395062695301,50000
2013-03-21,17.12395062695301,17.197757258250302,16.627209196010398,16.79217716952385,50000
2013-03-22,16.79217716952385,17.361935447694172,16.756375686242517,17.251747504519475,50000
2013-03-25,17.251747504519475,17.521598895156544,17.19674317943262,17.477683928722318,50000
2013-03-26,17.477683928722318,17.948724535766228,17.408204662718255,17.749068496012416,50000
2013-03-27,17.749068496012416,17.776400230994536,17.60623553315094,17.745096917615708,68240
2013-03-28,17.745096917615708,17.826313668589446,17.547024870238683,17.65566463619312,69585
2013-03-29,17.65566463619312,18.323283300155765,17.602369236221445,18.0633105506099,90907
2013-04-01,18.0633105506099,18.798233402667343,18.05550137257367,18.66268202901278,50000
2013-04-02,18.66268202901278,19.16519179106162,18.503560619347883,19.15524973254658,50000
2013-04-03,19.15524973254658,19.377325544250272,19.147495787040043,19.35040393503569,50000
2013-04-04,19.35040393503569,19.432249212185194,19.154992709815797,19.266941501389063,50000
2013-04-05,19.266941501389063,19.531431978544177,19.157554828445356,19.409734861206708,50000
2013-04-08,19.409734861206708,19.428627823477033,19.138004895871912,19.244736825558054,50000
2013-04-09,19.244736825558054,19.5859456294417,19.19744741928104,19.513635144592772,51374
2013-04-10,19.513635144592772,19.878696322063913,19.473689534533143,19.765459753554545,50000
2013-04-11,19.765459753554545,19.848357895391356,19.594758944025138,19.80096159742157,50000
2013-04-12,19.80096159742157,19.896156706154596,19.710421063497876,19.72544326028581,50000
2013-04-15,19.72544326028581,19.8023312276978,19.542747941310438,19.549493730872555,50000
2013-04-16,19.549493730872555,20.00242963010629,19.37407405973719,19.999358624528924,52396
2013-04-17,19.999358624528924,20.070710095444003,19.404843684242405,19.41600909363844,50000
2013-04-18,19.41600909363844,20.02325836532674,19.383671459934337,19.877244043610208,63826
2013-04-19,19.877244043610208,19.95238184008207,19.74859770454912,19.95116529387537,50000
2013-04-22,19.95116529387537,19.97445734911797,19.682303806076995,19.938841628572522,202244
2013-04-23,19.938841628572522,20.027318383966037,19.59224110432906,19.771435099288173,50000
2013-04-24,19.771435099288173,20.1761881311789,19.60025919363424,19.9727101189284,71142
2013-04-25,19.9727101189284,19.985468695729054,19.80026625428956,19.803100402645573,105814
2013-04-26,19.803100402645573,20.1293737391831,19.742359045776745,20.10434774660744,137069
2013-04-29,20.10434774660744,20.45800124201173,19.830768524270237,20.294436065229448,50000
2013-04-30,20.294436065229448,20.415858300725997,20.226620248237474,20.38783125002447,50000
2013-05-01,20.38783125002447,20.42757284293544,20.250219066213102,20.42397022439858,50000
2013-05-02,20.42397022439858,20.510836492637146,20.09023468828202,20.17791952650771,61442
2013-05-03,20.17791952650771,20.52375608238593,20.07207769780929,20.459355502640367,50000
2013-05-06,20.459355502640367,20.58915098801696,20.42896572463833,20.56224676114111,72669
2013-05-07,20.56224676114111,20.9811355749014,20.505298546413044,20.876856037472116,50000
2013-05-08,20.876856037472116,20.88102330680439,20.510359625115786,20.633834749755902,50000
2013-05-09,20.633834749755902,20.87612698760507,19.842292651685806,19.98138511108852,50000
2013-05-10,19.98138511108852,19.988314489187804,19.35477700185321,19.522649533007723,113187
2013-05-13,19.522649533007723,19.599503443354227,19.44009089893433,19.468292502888772,50000
2013-05-14,19.468292502888772,19.52383255263324,19.35665501918795,19.404663520446203,50000
2013-05-15,19.404663520446203,19.40735536403249,19.173975603504473,19.244705041665082,67284
2013-05-16,19.244705041665082,19.319514905744988,19.110107067227148,19.261638138754297,50000
2013-05-17,19.261638138754297,19.54007670539576,19.06461850932488,19.515337227322195,50000
2013-05-20,19.515337227322195,19.536684172989723,19.46101553805064,19.468003804061972,50000
2013-05-21,19.468003804061972,19.622964674693197,18.97958026374304,19.12930043118254,63363
2013-05-22,19.12930043118254,19.148046642324157,18.95983282448463,18.98149817813928,50000
2013-05-23,18.98149817813928,19.06531415144691,18.63839676363181,18.77085384063375,73495
2013-05-24,18.77085384063375,19.033890617626223,18.76240046007963,19.01822902496008,50000
2013-05-27,19.01822902496008,19.616773984300586,18.982404133413546,19.481789749301512,50000
2013-05-28,19.481789749301512,19.536310702983528,19.379230572072647,19.460303125900626,50000
2013-05-29,19.460303125900626,19.687872076050386,18.872255511252394,19.022999191919116,161881
2013-05-30,19.022999191919116,19.089949715933013,18.579693789390852,18.624894589786397,79322
2013-05-31,18.624894589786397,18.636555207217775,18.313859002658155,18.33544560951938,50856
2013-06-03,18.33544560951938,18.81462536929877,18.232421353795516,18.612454121891936,50000
2013-06-04,18.612454121891936,18.79464916301409,18.55831892451319,18.60074382458804,50000
2013-06-05,18.60074382458804,18.80286644120563,18.402285715458707,18.782577988086086,50000
2013-06-06,18.782577988086086,18.815155420156362,18.529904208150466,18.585707078568717,50000
2013-06-07,18.585707078568717,18.67310659174413,18.493070346420176,18.526904423391557,123596
2013-06-10,18.526904423391557,18.647383673418478,18.276311432869534,18.379314438345688,76756
2013-06-11,18.379314438345688,18.509405290006384,18.07920972644823,18.12944835746225,50000
2013-06-12,18.12944835746225,18.357755694971463,18.07208245724195,18.27010135025381,50000
2013-06-13,18.27010135025381,18.451659430579824,17.84284841623944,17.914354571775647,76711
2013-06-14,17.914354571775647,18.127958112302494,17.83193839792198,18.053225897391055,50000
2013-06-17,18.053225897391055,18.189164200289753,17.982112834118993,18.045910378190847,50000
2013-06-18,18.045910378190847,18.139273701243848,17.930256925236705,18.064226718260525,103298
2013-06-19,18.064226718260525,18.68363145532457,18.002051268478894,18.542023549700687,58085
2013-06-20,18.542023549700687,18.760692740841662,18.496247418173787,18.64245086771998,68777
2013-06-21,18.64245086771998,19.342583864284542,18.63456738987525,19.2016203496768,51817
2013-06-24,19.2016203496768,19.319649167376635,19.061400589805388,19.11559930527861,55740
2013-06-25,19.11559930527861,19.182400993630516,18.768880393720057,18.78760768728619,50000
2013-06-26,18.78760768728619,18.796935934490456,18.744299870168668,18.75349470158266,50000
2013-06-27,18.75349470158266,18.820920154635395,18.383601785522654,18.499848172672117,50000
2013-06-28,18.499848172672117,18.599867822458805,18.047314666703492,18.09909584799076,60387
2013-07-01,18.09909584799076,18.209953796789016,18.088470087849785,18.202329546406276,50000
2013-07-02,18.202329546406276,18.556332315587134,18.098158252555805,18.390109331496802,78547
2013-07-03,18.390109331496802,18.470927382253397,18.05361404863379,18.102679736937624,50000
2013-07-04,18.102679736937624,18.368982675253832,18.087650612176496,18.240965895493655,50000
2013-07-05,18.240965895493655,18.683983729631564,18.12429797839853,18.674178907302935,50000
2013-07-08,18.674178907302935,19.638870564510643,18.625730548617,19.507660593791243,102843
2013-07-09,19.507660593791243,19.60687653840691,19.468989071585632,19.496830058111662,50000
2013-07-10,19.496830058111662,20.12034959827528,19.40419548074954,20.012553309261342,50000
2013-07-11,20.012553309261342,20.015433445775518,19.770059652828436,19.823870132688814,102765
2013-07-12,19.823870132688814,20.44918822652946,19.723404022592742,20.08534077278683,97768
2013-07-15,20.08534077278683,20.23517798821711,19.908458594719292,19.998177315913605,50000
2013-07-16,19.998177315913605,20.138604836371456,19.952265164753285,20.099006248885345,84170
2013-07-17,20.099006248885345,20.11526916673529,19.976442967047824,20.072229604922846,50000
2013-07-18,20.072229604922846,20.1120853305827,20.0479991145565,20.064534919434706,50000
2013-07-19,20.064534919434706,20.478257219608576,19.92899928184337,20.3176970050739,50000
2013-07-22,20.3176970050739,20.435341064122102,20.115669540255034,20.283842694367802,50000
2013-07-23,20.283842694367802,20.432518401647908,20.19856472421555,20.30452394378596,50000
2013-07-24,20.30452394378596,20.3064947972324,20.000881250341443,20.068299314222145,50000
2013-07-25,20.068299314222145,20.18909275595961,19.953180605105914,20.065703042384875,50000
2013-07-26,20.065703042384875,20.443785700955143,19.884188858950047,20.250624700885666,50000
2013-07-29,20.250624700885666,20.42231306904377,20.027745942574725,20.07428382331338,68180
2013-07-30,20.07428382331338,20.077564725017766,19.872302140438496,19.985306800005468,50000
2013-07-31,19.985306800005468,20.8088936082996,19.96166321562418,20.58232641388152,50000
2013-08-01,20.58232641388152,20.661987632269835,20.417762582067244,20.611191911251556,50000
2013-08-02,20.611191911251556,20.876377768038132,20.599360127956746,20.850424350785893,50000
2013-08-05,20.850424350785893,20.942871503541024,20.374587852575022,20.566197267136467,50000
2013-08-06,20.566197267136467,20.778273852974586,20.258916921292784,20.35048883484866,63596
2013-08-07,20.35048883484866,20.98867837330527,20.136586086269208,20.878299223548886,50000
2013-08-08,20.878299223548886,20.884875425126445,20.75087288195619,20.85118473240962,50000
2013-08-09,20.85118473240962,20.923941649797346,20.118215402028646,20.390469052272458,50000
2013-08-12,20.390469052272458,20.47841125718149,20.387711079717405,20.427374120017653,50000
2013-08-13,20.427374120017653,20.73492094194046,20.309240337854458,20.56046006350344,50000
2013-08-14,20.56046006350344,20.820917675054204,20.489389527651785,20.638715571443196,55021
2013-08-15,20.638715571443196,20.700818200286644,20.187838634854018,20.415900575769165,50000
2013-08-16,20.415900575769165,20.46198222733907,20.41322749540288,20.457613746864165,76669
2013-08-19,20.457613746864165,20.612733283704312,20.314471671541263,20.593447660313352,84379
2013-08-20,20.593447660313352,20.606567358119953,19.703445524412473,19.747750282684244,68833
2013-08-21,19.747750282684244,20.37525613224182,19.62691202677595,20.225386072269895,85067
2013-08-22,20.225386072269895,20.463530169430882,19.574626630826497,19.591468508233582,50000
2013-08-23,19.591468508233582,19.758865377577315,19.192099247390676,19.19489292004822,50000
2013-08-26,19.19489292004822,19.557154615990402,19.123460435957877,19.53304609860928,50000
2013-08-27,19.53304609860928,19.727238000276625,19.42475460205702,19.596967732061838,50000
2013-08-28,19.596967732061838,19.865052313971717,19.400942245371454,19.498848507926258,50000
2013-08-29,19.498848507926258,19.766672786095874,19.07388103949058,19.076009400139426,50000
2013-08-30,19.076009400139426,19.463353833447027,18.86729075236718,19.381471613778903,50000
2013-09-02,19.381471613778903,19.406333180330456,18.882123102631887,18.979313524498096,50000
2013-09-03,18.979313524498096,19.942266590309927,18.925766507525463,19.88194548983181,87340
2013-09-04,19.88194548983181,19.890352672647893,19.34692674200275,19.557965953596238,50000
2013-09-05,19.557965953596238,19.579167975261157,19.29904180823227,19.452378101534194,50000
2013-09-06,19.452378101534194,19.93740374332558,19.442384424477915,19.791654668245986,111669
2013-09-09,19.791654668245986,19.853485780856772,19.476672918433017,19.663109271081122,50000
2013-09-10,19.663109271081122,20.07943647473457,19.532440859455527,19.89903837350864,103102
2013-09-11,19.89903837350864,19.99693401669405,19.52714932262449,19.56536895434382,66121
2013-09-12,19.56536895434382,19.70671285464202,19.456122188328262,19.640611344822315,50000
2013-09-13,19.640611344822315,19.746611545211834,19.425038082152074,19.517448230754425,50000
2013-09-16,19.517448230754425,19.9035747602294,19.484074615014798,19.796533857724725,50000
2013-09-17,19.796533857724725,19.892937319173353,19.291493955563926,19.390396935689164,50000
2013-09-18,19.390396935689164,19.432550481614225,19.269895465111375,19.430006141943913,50000
2013-09-19,19.430006141943913,19.720598687240585,19.373157746028525,19.687534812300033,50000
2013-09-20,19.687534812300033,19.747801355085706,19.319946153909047,19.456921896311474,50000
2013-09-23,19.456921896311474,19.498711017437834,19.175966264682977,19.19466538136557,50000
2013-09-24,19.19466538136557,19.309691354847416,18.9132770445931,18.935856488561036,50000
2013-09-25,18.935856488561036,19.30648149471938,18.637391388220244,19.23916462889534,50000
2013-09-26,19.23916462889534,19.443189974356105,19.041845440047233,19.135240555448494,69262
2013-09-27,19.135240555448494,19.237396603672437,18.933846721861983,18.987502148847362,50000
2013-09-30,18.987502148847362,19.286831704473467,18.878343178368965,19.233766948989683,72698
2013-10-01,19.233766948989683,19.270322613274278,18.918619411980163,19.01509605826541,50000
2013-10-02,19.01509605826541,19.143377134062803,18.680929263824034,18.681952950428325,50000
2013-10-03,18.681952950428325,18.744666296358883,18.534551374167606,18.708681527567535,68065
2013-10-04,18.708681527567535,18.7541077198511,18.443197573783188,18.721655554217975,50000
2013-10-07,18.721655554217975,18.834345621087756,18.203549060429303,18.547301346287615,50000
2013-10-08,18.547301346287615,18.895092492004917,18.426164935877278,18.743187250548093,110891
2013-10-09,18.743187250548093,18.950931748188616,18.587455658380915,18.842879122942552,50000
2013-10-10,18.842879122942552,18.943385606628407,18.767235951490118,18.824577074716302,56065
2013-10-11,18.824577074716302,19.016021656982172,18.78935772003662,18.98339791618324,50000
2013-10-14,18.98339791618324,19.09451322358567,18.343102763537267,18.38740612091601,50000
2013-10-15,18.38740612091601,18.536574673034966,18.195175919048417,18.225685066556263,50000
2013-10-16,18.225685066556263,18.44172955880322,18.040106509597198,18.043693696009264,50000
2013-10-17,18.043693696009264,18.15467771817832,18.03402680125214,18.081858765245943,50000
2013-10-18,18.081858765245943,18.545761407831133,18.039053080507315,18.493494361036145,50000
2013-10-21,18.493494361036145,18.948105144469437,18.458683139859673,18.888460361041876,50000
2013-10-22,18.888460361041876,19.524457216648685,18.71053054459614,19.432749406943238,127455
2013-10-23,19.432749406943238,19.443455478352302,19.34528473305114,19.41156357371006,50000
2013-10-24,19.41156357371006,19.71469816149846,19.338181324421427,19.524598318313263,50000
2013-10-25,19.524598318313263,19.593946106723646,19.483493114716353,19.586145101813187,74264
2013-10-28,19.586145101813187,19.79925370512212,19.571201061599155,19.65101661479491,50000
2013-10-29,19.65101661479491,19.684183955922546,19.343659445942315,19.415834767307523,50000
2013-10-30,19.415834767307523,19.540314489707697,18.99341795349298,19.177921896930457,50000
2013-10-31,19.177921896930457,19.712840145997124,18.981155876324106,19.478831847093282,50000
2013-11-01,19.478831847093282,19.751323441208765,19.449914668820952,19.72754064597762,50000
2013-11-04,19.72754064597762,19.943670733524815,19.676603007005806,19.73826793552705,50000
2013-11-05,19.73826793552705,19.904655038750036,18.867852296171268,19.12291287260939,50000
2013-11-06,19.12291287260939,19.422892383094947,19.074705255579218,19.401585856241272,81688
2013-11-07,19.401585856241272,19.598190312696605,19.301217141107994,19.571524993358413,50000
2013-11-08,19.571524993358413,19.905326129639196,19.506442933850654,19.847465937214114,50000
2013-11-11,19.847465937214114,20.269830781062307,19.646655731201243,20.151459767439476,50000
2013-11-12,20.151459767439476,20.227447725052002,19.931653212796256,19.96298341331823,50022
2013-11-13,19.96298341331823,20.218410193840203,19.873849041532573,20.13332318991639,50000
2013-11-14,20.13332318991639,20.371309988308134,19.91825180521731,20.365996634147965,50000
2013-11-15,20.365996634147965,20.417678427121327,19.791952720051484,19.933968816235343,64430
2013-11-18,19.933968816235343,20.524650738199,19.919955379159635,20.37815598502575,143973
2013-11-19,20.37815598502575,20.41287647382588,20.07335018790581,20.215423385272143,50000
2013-11-20,20.215423385272143,20.342447118414945,19.59072601476709,19.69916163920898,50000
2013-11-21,19.69916163920898,19.740524924578143,19.0321921737633,19.340152820859988,50000
2013-11-22,19.340152820859988,19.518833796054764,19.194063893298647,19.303739588631938,50000
2013-11-25,19.303739588631938,19.47545840595957,19.181714600409617,19.438075479114335,59026
2013-11-26,19.438075479114335,19.62781092360079,19.346608283962443,19.53715049972242,50000
2013-11-27,19.53715049972242,19.587510613231444,19.38383426425204,19.549354227278503,174366
2013-11-28,19.549354227278503,19.757049922890555,19.46996845338806,19.69893357597063,50850
2013-11-29,19.69893357597063,19.745293687085802,19.56427306869097,19.743410909147634,50000
2013-12-02,19.743410909147634,19.836280685826345,19.585514082749715,19.680326886553676,50000
2013-12-03,19.680326886553676,19.795295641469444,19.33055383835344,19.478554530318792,50000
2013-12-04,19.478554530318792,19.712861865838697,19.4382633911064,19.681977537237657,54811
2013-12-05,19.681977537237657,19.751748811580047,18.82979550530059,18.841229131813922,50000
2013-12-06,18.841229131813922,18.906409751708548,18.669022312703433,18.88205237895224,50000
2013-12-09,18.88205237895224,19.112202103423545,18.42492038810502,18.487437506856583,50000
2013-12-10,18.487437506856583,18.63241602090774,18.389294623692003,18.623573874505084,58327
2013-12-11,18.623573874505084,18.771125771629706,18.367206957354338,18.676684557300927,50000
2013-12-12,18.676684557300927,18.690417515608267,18.61937434080433,18.676586902754465,50000
2013-12-13,18.676586902754465,19.075416531616554,18.606181283499144,18.97630793320426,50000
2013-12-16,18.97630793320426,19.06563352774091,18.571439757530232,18.67673835086648,50000
2013-12-17,18.67673835086648,18.73794321702488,18.562595084205253,18.56503860007732,50000
2013-12-18,18.56503860007732,18.958308490875456,18.404330151482423,18.779644261346867,50000
2013-12-19,18.779644261346867,19.180659998962877,18.71313071672621,19.071486263725728,57323
2013-12-20,19.071486263725728,19.378081186427583,18.874727611678136,19.310354085071683,50000
2013-12-23,19.310354085071683,19.888165971508855,19.194164954537243,19.862393160490114,170739
2013-12-24,19.862393160490114,19.98809584061038,19.700346139775547,19.812405720116605,50000
2013-12-25,19.812405720116605,20.04248422314611,19.722759144619317,19.77753475552206,152708
2013-12-26,19.77753475552206,19.952076619849123,19.599089782899075,19.8321167401956,50000
2013-12-27,19.8321167401956,19.87755239137018,19.47474039948136,19.58926976144088,261567
2013-12-30,19.58926976144088,20.05708807002104,19.468773413678065,19.97177912869678,82056
2013-12-31,19.97177912869678,20.252435431738206,19.801231632094144,20.228259147773883,93353
2014-01-01,20.228259147773883,20.254063942030893,19.84481386761936,20.056275033320002,88850
2014-01-02,20.056275033320002,20.111299656957247,19.42058526131673,19.433390822728366,60363
2014-01-03,19.433390822728366,19.799181389144245,19.18027488265843,19.268342051008435,124283
2014-01-06,19.268342051008435,19.3706685637918,19.122891409600463,19.30258439467296,83589
2014-01-07,19.30258439467296,19.57697546357097,19.273559070474544,19.489024174686637,50000
2014-01-08,19.489024174686637,19.517363677201363,19.329191868134426,19.462833645411173,84939
2014-01-09,19.462833645411173,19.719131037542947,19.345318245362044,19.56560613946157,50000
2014-01-10,19.56560613946157,19.635530710905066,19.18725340805088,19.202419005222936,50000
2014-01-13,19.202419005222936,19.674354600569476,19.149026411993393,19.297486252157583,50000
2014-01-14,19.297486252157583,19.341856474631314,19.167171147934148,19.33918620439031,50000
2014-01-15,19.33918620439031,19.978219147506728,19.287273033319536,19.968798488476324,50000
2014-01-16,19.968798488476324,20.225463175537698,19.603862655788287,19.623358033675803,149777
2014-01-17,19.623358033675803,19.90821424796247,19.583839929234685,19.901729440800434,50000
2014-01-20,19.901729440800434,20.29907471625827,19.896503221170427,20.23905769239537,50000
2014-01-21,20.23905769239537,20.477078438471455,20.025628430691853,20.421991927404488,54069
2014-01-22,20.421991927404488,20.521827146313314,20.075187942498864,20.220895574599645,50000
2014-01-23,20.220895574599645,20.374904673146755,20.04830950827884,20.363640499503173,83473
2014-01-24,20.363640499503173,20.510511728016247,19.981707787584096,20.110712519872088,50000
2014-01-27,20.110712519872088,20.663766084730224,20.0967749110712,20.610109846377686,50000
2014-01-28,20.610109846377686,20.877740880386344,20.469372269308874,20.786944338360264,50000
2014-01-29,20.786944338360264,21.04612733488976,20.633354853996295,20.95539698548328,108648
2014-01-30,20.95539698548328,20.98745478144632,20.64490483314232,20.653134275342968,86176
2014-01-31,20.653134275342968,20.82308356367276,20.374161262174344,20.498293731644853,178788
2014-02-03,20.498293731644853,20.683920909341293,20.087503934495672,20.178860338070173,50000
2014-02-04,20.178860338070173,20.51200494170717,20.032350855862266,20.482206031806506,50000
2014-02-05,20.482206031806506,20.942891215033058,20.477077211976038,20.92367473725886,58470
2014-02-06,20.92367473725886,21.25433945089826,20.82074816676864,21.149357407604548,57275
2014-02-07,21.149357407604548,21.62911197341613,20.95974250992878,21.58906730517896,50000
2014-02-10,21.58906730517896,21.632944425383293,21.392224731333215,21.429407129213622,70660
2014-02-11,21.429407129213622,21.68195708683223,21.008010891731058,21.226956536513367,66024
2014-02-12,21.226956536513367,21.498459310382394,20.80940907116407,20.84526821060272,50000
2014-02-13,20.84526821060272,20.927133778587407,20.660985337494974,20.779393457449356,50000
2014-02-14,20.779393457449356,20.960450532616502,20.610470313550184,20.857955694903247,73197
2014-02-17,20.857955694903247,21.302424021689674,20.641016840439065,21.259071998774186,92663
2014-02-18,21.259071998774186,21.933214918225914,21.112916401999602,21.8724669278555,50000
2014-02-19,21.8724669278555,22.080483197867302,21.80724787313299,21.98267167378471,50000
2014-02-20,21.98267167378471,22.424453760554645,21.947107854538604,22.403674978040918,69729
2014-02-21,22.403674978040918,22.572461140633862,22.310338675575668,22.53375893745678,50000
2014-02-24,22.53375893745678,22.71706841053539,22.12672512177263,22.278782999814403,50000
2014-02-25,22.278782999814403,22.294906494286185,21.88482308765466,22.027332234174477,50000
2014-02-26,22.027332234174477,22.40487945496871,22.01710468939043,22.21430699885087,89128
2014-02-27,22.21430699885087,22.314421814691162,22.079267699354535,22.149445648327866,50000
2014-02-28,22.149445648327866,22.405761460831876,22.103725016330838,22.343224332997213,58033
2014-03-03,22.343224332997213,22.351775729532818,21.863229429946177,21.88115803943793,50000
2014-03-04,21.88115803943793,21.95403042039918,21.25485704624603,21.37459744360073,50000
2014-03-05,21.37459744360073,21.995988298846274,21.14903501294881,21.639294935011606,50000
2014-03-06,21.639294935011606,21.794945220433025,21.454814261514638,21.49289173100054,50000
2014-03-07,21.49289173100054,21.500174324788073,21.151014230852113,21.364409680635394,50000
2014-03-10,21.364409680635394,21.364668001025354,21.224006302282234,21.252091314669876,50000
2014-03-11,21.252091314669876,21.722648321773327,21.0400919139645,21.641440272015117,78423
2014-03-12,21.641440272015117,21.820910578112066,21.528010107157257,21.655818233283323,50000
2014-03-13,21.655818233283323,21.807017492044142,21.3950250465555,21.48348194718472,79432
2014-03-14,21.48348194718472,21.946765257587042,21.36115499423838,21.92065275924941,74141
2014-03-17,21.92065275924941,22.36101753967091,21.91727691093851,22.28876113045442,55770
2014-03-18,22.28876113045442,22.299485643990494,21.931354515599377,21.960227842017645,50000
2014-03-19,21.960227842017645,22.549791691578175,21.78099499169343,22.44822470005385,50000
2014-03-20,22.44822470005385,22.77427738483719,22.392026802134367,22.636406355452436,50000
2014-03-21,22.636406355452436,22.93358678217401,22.57969146231887,22.78530789485665,93216
2014-03-24,22.78530789485665,22.78678816228959,22.46900548940668,22.539785371674725,50000
2014-03-25,22.539785371674725,22.87507131789339,22.415422038475015,22.69904690654886,59227
2014-03-26,22.69904690654886,22.943728560882256,22.54319534290783,22.798182712020957,50000
2014-03-27,22.798182712020957,22.97094287617025,22.120634575862397,22.434896335615274,51490
2014-03-28,22.434896335615274,22.716873105628178,22.333016680110543,22.658018914639094,50000
2014-03-31,22.658018914639094,22.827977121185086,22.49084552599178,22.520761083557392,50000
2014-04-01,22.520761083557392,22.54987864256827,21.81227895632841,22.042882851412763,67935
2014-04-02,22.042882851412763,22.465362829185242,22.019452211520278,22.449381674861492,105356
2014-04-03,22.449381674861492,22.744889888019465,22.32898633395797,22.606887288187323,50000
2014-04-04,22.606887288187323,22.89828201596761,22.27480764112002,22.739461671930986,50000
2014-04-07,22.739461671930986,23.09323789499668,22.588916133709365,22.90762231800872,50000
2014-04-08,22.90762231800872,22.96517400552186,22.621522840202573,22.62880835747873,50000
2014-04-09,22.62880835747873,22.789859121161413,22.554733320476924,22.771186694495622,50000
2014-04-10,22.771186694495622,23.14927429713986,22.71426834887001,22.946411289878696,50000
2014-04-11,22.946411289878696,23.065872183844128,22.658731948564174,23.034360803509408,50000
2014-04-14,23.034360803509408,23.512193238585798,22.899306754233006,23.46907724702872,50000
2014-04-15,23.46907724702872,23.628933028321562,23.387070928114113,23.394604908685157,50000
2014-04-16,23.394604908685157,23.598710178909062,23.34323695929285,23.581477120590442,50000
2014-04-17,23.581477120590442,23.74111246650496,23.146166333038373,23.370536864476346,150084
2014-04-18,23.370536864476346,23.595905930231304,23.13093939934742,23.441952427183992,72211
2014-04-21,23.441952427183992,23.811168075386934,23.370702993946022,23.636076746941388,50000
2014-04-22,23.636076746941388,23.690312279553552,23.449669696581058,23.544002203276474,50000
2014-04-23,23.544002203276474,23.66131977028254,23.33930292048002,23.49465605177037,50000
2014-04-24,23.49465605177037,23.869495329033768,23.330291206894277,23.791218998713237,107734
2014-04-25,23.791218998713237,24.166069464596877,23.64890305246324,24.09407584115244,50000
2014-04-28,24.09407584115244,24.691992204849136,24.0870246408012,24.552630674860975,50000
2014-04-29,24.552630674860975,24.729218720409992,24.48557209895846,24.70523680170928,50000
2014-04-30,24.70523680170928,24.86030137957293,24.386447307073876,24.49402935303169,50000
2014-05-01,24.49402935303169,24.7560500110942,23.31782091612251,23.48107288800132,50000
2014-05-02,23.48107288800132,23.51867971834704,23.429125194821243,23.45218828058328,50000
2014-05-05,23.45218828058328,23.462091066341316,23.01818426457138,23.136016531130636,50000
2014-05-06,23.136016531130636,23.223772303241983,22.772037544493262,22.854323560934418,50000
2014-05-07,22.854323560934418,23.047709370677076,22.745580897583697,23.011133713215056,50000
2014-05-08,23.011133713215056,23.277468396351487,22.96529376209131,23.202458484398495,50000
2014-05-09,23.202458484398495,23.801748376925794,22.848047781555948,23.736550272727182,105073
2014-05-12,23.736550272727182,23.850813536033954,23.608460032734875,23.786646617275245,50000
2014-05-13,23.786646617275245,24.020118250108073,23.374663050226307,23.52323058382524,50000
2014-05-14,23.52323058382524,23.67352894644368,22.982022463754394,23.182203108994116,70351
2014-05-15,23.182203108994116,23.64446203574551,23.14766392129379,23.569961581225435,50000
2014-05-16,23.569961581225435,24.111010620518392,23.443871827332,24.03310694260441,65462
2014-05-19,24.03310694260441,24.095900248750752,23.65497419160337,23.78582759949702,57317
2014-05-20,23.78582759949702,23.874469423187854,23.133278825374166,23.288249645218215,50000
2014-05-21,23.288249645218215,23.33716053700482,23.097666832139335,23.332332400913113,113629
2014-05-22,23.332332400913113,23.538809300641912,22.99578384980308,23.19892103720613,51271
2014-05-23,23.19892103720613,23.319198247672578,23.1646998051706,23.203631943156765,66593
2014-05-26,23.203631943156765,23.318600255361552,23.106907526048346,23.214060866452485,50000
2014-05-27,23.214060866452485,23.35068963107939,22.641666577004813,22.85464252990456,50000
2014-05-28,22.85464252990456,23.092170125243722,22.75685513380641,23.064045644504077,50000
2014-05-29,23.064045644504077,23.684761844438786,23.02681759119968,23.616126985790114,50000
2014-05-30,23.616126985790114,24.221689431012937,23.439696619666158,24.008488488729224,50000
2014-06-02,24.008488488729224,24.133178145001406,23.974255155064583,24.032411573348806,50000
2014-06-03,24.032411573348806,24.306327271066,23.882621887446753,24.279384163625085,50000
2014-06-04,24.279384163625085,24.29068169179829,23.77991804577658,23.995581751792564,50000
2014-06-05,23.995581751792564,24.47588745145388,23.8155064049564,24.373772970756214,52899
2014-06-06,24.373772970756214,24.777311375123297,24.107214768395792,24.589397489037193,50000
2014-06-09,24.589397489037193,24.69978665016673,24.479776074552046,24.688848197884305,50000
2014-06-10,24.688848197884305,25.33702619847459,24.6381389717758,25.28196059354623,50000
2014-06-11,25.28196059354623,25.319162621304535,24.456305151424942,24.596021041538425,97776
2014-06-12,24.596021041538425,24.696321321507813,23.700735649169815,23.918071149335272,50000
2014-06-13,23.918071149335272,23.94599349236104,23.63049218766953,23.67143789961507,305337
2014-06-16,23.67143789961507,23.770419496397825,23.062498567266086,23.3955248374677,80720
2014-06-17,23.3955248374677,23.4970652662134,23.183078173695392,23.20499299619972,50000
2014-06-18,23.20499299619972,23.30933350033804,22.908154502600134,22.91192338886544,50000
2014-06-19,22.91192338886544,22.946622063981707,22.632681815695204,22.76654705684845,56268
2014-06-20,22.76654705684845,22.909634656459257,22.495116164074883,22.548591280567734,50000
2014-06-23,22.548591280567734,23.08649042230518,22.43685757868037,23.0602242808747,50000
2014-06-24,23.0602242808747,23.117225964934764,22.875275224330483,23.059684888173972,50000
2014-06-25,23.059684888173972,23.092614505792604,22.594995775976244,22.852427163973175,50000
2014-06-26,22.852427163973175,22.980564640147314,22.58682384418926,22.71125587478146,50992
2014-06-27,22.71125587478146,22.733977048561048,22.162623708983535,22.384308218802804,54085
2014-06-30,22.384308218802804,22.44892040590805,21.773677736756863,22.087889597537835,59349
2014-07-01,22.087889597537835,22.39445608232734,22.058690605402347,22.0716027422915,50000
2014-07-02,22.0716027422915,22.14857543500186,21.38267172023028,21.56762756722448,50000
2014-07-03,21.56762756722448,21.60028843584012,21.493137246331692,21.532709137070363,50000
2014-07-04,21.532709137070363,21.59840830494582,20.964951477537856,20.983483778323205,50000
2014-07-07,20.983483778323205,21.08122167242833,20.665103219928294,20.665593707295784,50000
2014-07-08,20.665593707295784,20.755432847227823,20.615252340119362,20.61580707872127,50000
2014-07-09,20.61580707872127,20.648682878835995,20.39775699798581,20.432462553939136,50000
2014-07-10,20.432462553939136,20.972624282726525,20.355429168588593,20.748050084899727,50000
2014-07-11,20.748050084899727,20.87024692811955,20.151176382897358,20.220808557747134,55130
2014-07-14,20.220808557747134,20.402550568082937,20.009446216779878,20.38357521178758,56102
2014-07-15,20.38357521178758,20.440229189753367,20.123458815189554,20.183992593784577,50000
2014-07-16,20.183992593784577,20.221858869403935,20.04703216741385,20.086907689948255,50000
2014-07-17,20.086907689948255,20.502406791668992,19.97512080533765,20.370427412957874,50000
2014-07-18,20.370427412957874,20.538038816796206,20.094535562870675,20.17275047663198,50000
2014-07-21,20.17275047663198,20.357773602247335,19.680217953069068,19.946958339900853,50000
2014-07-22,19.946958339900853,20.268463877961747,19.61517741375206,20.18398443812947,50000
2014-07-23,20.18398443812947,20.45358655347784,20.048680843790464,20.284312044136033,88732
2014-07-24,20.284312044136033,20.324887541972647,20.14767724624123,20.228078152766454,73138
2014-07-25,20.228078152766454,20.686009456247128,20.162582586174366,20.635755435312124,74703
2014-07-28,20.635755435312124,21.426639693821972,20.554870201356255,21.288430999607783,50000
2014-07-29,21.288430999607783,21.365545623572622,20.972093195690178,21.055477828932418,50000
2014-07-30,21.055477828932418,21.51145308494001,20.92676671872143,21.477158387058886,103864
2014-07-31,21.477158387058886,21.71896086255365,21.30132562263765,21.662438566273774,50000
2014-08-01,21.662438566273774,21.966289390763308,21.62669417628606,21.957125464517397,50000
2014-08-04,21.957125464517397,22.221453709002333,21.7943240885891,21.881434639229848,50000
2014-08-05,21.881434639229848,22.020952192884046,21.3939933298735,21.48480818911256,50000
2014-08-06,21.48480818911256,21.920091156280442,21.456657847123452,21.914754201163404,50000
2014-08-07,21.914754201163404,22.103313098874164,21.313362987051942,21.317054755072068,75781
2014-08-08,21.317054755072068,21.48131731578667,20.850996807352185,20.85105371179595,50000
2014-08-11,20.85105371179595,21.05325758888851,20.839439866051656,20.906719923785452,50000
2014-08-12,20.906719923785452,21.491431169481125,20.542509501113038,21.31613507698493,50000
2014-08-13,21.31613507698493,21.36054298114502,20.795725330544645,21.034783328117634,70071
2014-08-14,21.034783328117634,21.052651856851238,20.945065504504868,20.970859117547153,69291
2014-08-15,20.970859117547153,21.199953175129412,20.165354734252883,20.37015713772827,50000
2014-08-18,20.37015713772827,20.572285742273294,20.091025639430615,20.150307054455116,50000
2014-08-19,20.150307054455116,20.27733509580376,19.519116017984437,19.628240577366352,50000
2014-08-20,19.628240577366352,20.438234242010125,19.548527858534605,20.316036245553416,76106
2014-08-21,20.316036245553416,20.31691958105825,20.031522149008296,20.289973604195634,60733
2014-08-22,20.289973604195634,20.680355021390515,20.289128393372938,20.654642559334473,50000
2014-08-25,20.654642559334473,20.772475265773444,20.29419684359843,20.41849237946427,189653
2014-08-26,20.41849237946427,20.432417916286244,20.235514225686526,20.409702787281862,50000
2014-08-27,20.409702787281862,20.413188907292835,19.773928131562577,19.882191168968625,50000
2014-08-28,19.882191168968625,19.92117743280424,19.18211168337947,19.32742653618537,50000
2014-08-29,19.32742653618537,19.33446337859763,18.95075946454155,18.987276829748186,55200
2014-09-01,18.987276829748186,19.186396969502944,18.19733094547511,18.243678917470465,55488
2014-09-02,18.243678917470465,18.317421468545177,17.338603297981848,17.47217284479048,50000
2014-09-03,17.47217284479048,17.501166247636412,17.20690609243744,17.220308583870423,50000
2014-09-04,17.220308583870423,17.973341915957803,17.019175572268047,17.949269992501932,50000
2014-09-05,17.949269992501932,18.305940538760325,17.78528929258871,18.215147232626794,50000
2014-09-08,18.215147232626794,18.42418431175374,18.17291171297453,18.418343545363584,50000
2014-09-09,18.418343545363584,18.60148810691111,18.379788786970398,18.56840734968558,160952
2014-09-10,18.56840734968558,19.286005775996536,18.5245220216618,19.064301231508104,50000
2014-09-11,19.064301231508104,19.08081462277428,18.982318210671377,19.016809798143864,50000
2014-09-12,19.016809798143864,19.282573436143867,18.913972310531957,19.129090343411605,50000
2014-09-15,19.129090343411605,19.62566363179334,19.07479865413101,19.496087357819658,50000
2014-09-16,19.496087357819658,19.80487883847896,19.484611054207036,19.631503769799036,65146
2014-09-17,19.631503769799036,19.91011383493995,19.48103265787648,19.690636276519506,80315
2014-09-18,19.690636276519506,19.690997403750075,19.48713920195674,19.639637253854563,50000
2014-09-19,19.639637253854563,19.675368397601346,19.502102094063588,19.598353741543967,50000
2014-09-22,19.598353741543967,19.635139755106735,18.90553332960956,18.9302311116172,50000
2014-09-23,18.9302311116172,19.003285506889657,18.731379711124895,18.859573592857622,161142
2014-09-24,18.859573592857622,19.02419787388711,18.39831968313637,18.560953008404855,268322
2014-09-25,18.560953008404855,18.698533834246764,18.422882119352458,18.442366915278217,50000
2014-09-26,18.442366915278217,18.511130836922472,17.905064790649433,17.976294626326197,50000
2014-09-29,17.976294626326197,18.03877062266172,17.876370903177374,17.968924421938954,50000
2014-09-30,17.968924421938954,18.25441765498107,17.861712095294077,18.215095389500082,50315
2014-10-01,18.215095389500082,18.468307437472543,18.15514592456857,18.385376800094722,50000
2014-10-02,18.385376800094722,18.587183635924752,18.275863666128526,18.46574102965239,50000
2014-10-03,18.46574102965239,18.84472378223592,18.248284450708443,18.767098402378906,224564
2014-10-06,18.767098402378906,18.85622337159616,18.472284763581317,18.47521107656209,50000
2014-10-07,18.47521107656209,19.068511870802347,18.40367895616263,18.81409229030742,119031
2014-10-08,18.81409229030742,18.875142238250444,18.652733014762443,18.717264376188467,50000
2014-10-09,18.717264376188467,18.94751876332565,18.60558772526917,18.91215129781103,76201
2014-10-10,18.91215129781103,19.110012552850932,18.83329336692956,18.948474892599886,50000
2014-10-13,18.948474892599886,19.049614406613262,18.859215201167522,18.96191766984078,50000
2014-10-14,18.96191766984078,18.994042936373717,18.699241215070224,18.897110595771643,80030
2014-10-15,18.897110595771643,19.39719919653077,18.854267297430336,19.10735471299954,50000
2014-10-16,19.10735471299954,19.14014403709382,18.662852165324086,18.66665515858896,50000
2014-10-17,18.66665515858896,18.935599838584338,18.53965537061567,18.86453350807081,60838
2014-10-20,18.86453350807081,19.383972627870428,18.782309761783814,19.292915702339997,50000
2014-10-21,19.292915702339997,19.401548948399338,18.997622705886705,19.149830136836265,74645
2014-10-22,19.149830136836265,19.167821527652723,18.76628470482001,19.025578470839736,50000
2014-10-23,19.025578470839736,19.142310874046704,18.499738843399356,18.651206446353246,50000
2014-10-24,18.651206446353246,18.729558305775424,18.56986835882306,18.668278216527465,50000
2014-10-27,18.668278216527465,18.83862142123926,18.587697561143816,18.761509258904443,50000
2014-10-28,18.761509258904443,18.94057210550462,18.63010138185889,18.717204377122243,52128
2014-10-29,18.717204377122243,19.468467752585465,18.672046524563395,19.21438342137818,50000
2014-10-30,19.21438342137818,19.278553588614425,19.21246440224406,19.25972152298263,50000
2014-10-31,19.25972152298263,19.418540998811867,19.185527733822266,19.409927678554464,50000
2014-11-03,19.409927678554464,19.76246651328999,19.243987982827893,19.555971744670252,50000
2014-11-04,19.555971744670252,20.222163968357727,19.45765776879904,19.99868895718054,50000
2014-11-05,19.99868895718054,20.024928829276313,19.467377414330976,19.562908549824492,86939
2014-11-06,19.562908549824492,19.63577699387562,19.48970094315605,19.510836407148005,71298
2014-11-07,19.510836407148005,19.63175124284439,19.416131662615033,19.57951556608055,50000
2014-11-10,19.57951556608055,19.705047471058283,19.475730421548743,19.561179738997158,50000
2014-11-11,19.561179738997158,19.694557403963504,19.490399409404876,19.64945555626649,50000
2014-11-12,19.64945555626649,20.016277588885647,19.54477063844751,19.81827507854563,50000
2014-11-13,19.81827507854563,20.43373034586638,19.74344829584969,20.33708060623134,50000
2014-11-14,20.33708060623134,21.28982675081192,20.254854018196234,21.242116156852006,50000
2014-11-17,21.242116156852006,21.46501614224318,21.240282328943707,21.441031725241526,50000
2014-11-18,21.441031725241526,21.66498623154614,21.10217065649459,21.25054518011709,88131
2014-11-19,21.25054518011709,21.367407625485942,21.151383364085046,21.29877686124473,50000
2014-11-20,21.29877686124473,21.446238689862803,21.224899482481028,21.23121325305389,103762
2014-11-21,21.23121325305389,21.50058837925872,21.215152946823974,21.412176647030027,50000
2014-11-24,21.412176647030027,21.495734589039454,21.356279624653215,21.428981399217022,50000
2014-11-25,21.428981399217022,21.770564547716607,21.20869276544693,21.672385502895693,90725
2014-11-26,21.672385502895693,21.726130070468685,21.661634287310804,21.679647869463363,50000
2014-11-27,21.679647869463363,21.828176891603437,21.43659744953472,21.460559648219547,58122
2014-11-28,21.460559648219547,21.948391784097794,21.456652530156372,21.94291267400241,50000
2014-12-01,21.94291267400241,22.06996601353955,21.274681328295028,21.384123289719344,50000
2014-12-02,21.384123289719344,21.445346655758357,20.53693566321902,20.591138376346496,59799
2014-12-03,20.591138376346496,20.908986654727823,20.52162638934452,20.758566991797604,50000
2014-12-04,20.758566991797604,20.806041062236662,20.372703541624844,20.542472177448442,50000
2014-12-05,20.542472177448442,20.66879345815978,20.413381153893,20.46053329171561,50000
2014-12-08,20.46053329171561,20.633458319610824,20.05944159645253,20.064021829773342,96066
2014-12-09,20.064021829773342,20.422256253100247,19.94216977014326,20.26042192415717,62066
2014-12-10,20.26042192415717,20.861247955367844,20.221231011561827,20.608392688684376,50000
2014-12-11,20.608392688684376,20.91711175033565,20.602150408732392,20.843571936209358,50000
2014-12-12,20.843571936209358,21.099279388770384,20.795924103580933,20.966355549429363,50000
2014-12-15,20.966355549429363,21.100284732486838,20.812075663770038,20.86581671124992,50000
2014-12-16,20.86581671124992,20.89399421905287,20.442947781239955,20.638831550105895,67472
2014-12-17,20.638831550105895,20.758046978793246,19.85989503587346,20.05247817221163,50000
2014-12-18,20.05247817221163,20.36916454504573,19.821928460023877,20.16724187713253,50000
2014-12-19,20.16724187713253,20.27246962243989,20.034553213927385,20.253738664044963,50000
2014-12-22,20.253738664044963,20.464128828072,19.45934512557647,19.583300290743757,77712
2014-12-23,19.583300290743757,19.618238196999844,19.320829395667865,19.605148322265165,50000
2014-12-24,19.605148322265165,19.893356359977705,19.41217327506776,19.4233331760929,50000
2014-12-25,19.4233331760929,19.437063131680322,19.07863728105595,19.16824232005689,50000
2014-12-26,19.16824232005689,19.451334562548556,19.10051535182462,19.37553864903601,51936
2014-12-29,19.37553864903601,19.41219992636164,18.7496510205684,18.75257249391288,53554
2014-12-30,18.75257249391288,18.963499608929208,18.537722292925743,18.842813243465198,50000
2014-12-31,18.842813243465198,18.951756800604407,18.60525711623206,18.709360137869634,50000
2015-01-01,18.709360137869634,18.72761898512993,18.38776283674815,18.463215661549267,50000
2015-01-02,18.463215661549267,18.545226494330688,17.73904235726399,17.75397423991953,50000
2015-01-05,17.75397423991953,17.84002814918365,17.25302315944302,17.3707650734382,50000
2015-01-06,17.3707650734382,17.838202673595735,17.31749561650462,17.81798120957711,50000
2015-01-07,17.81798120957711,17.877109958253598,17.178569378149113,17.18800166989787,83800
2015-01-08,17.18800166989787,17.191207477987504,16.795703372158112,16.846046733026707,69135
2015-01-09,16.846046733026707,16.87142133520858,16.63159684485817,16.689394464439406,51464
2015-01-12,16.689394464439406,16.81572073014918,16.57468091096246,16.81228947918017,50000
2015-01-13,16.81228947918017,16.844617567577114,16.53181617695405,16.632145363095074,62424
2015-01-14,16.632145363095074,16.884020410079817,16.62059780442457,16.83253586868019,50000
2015-01-15,16.83253586868019,17.051709373847082,16.71834483897888,16.99360309867666,50000
2015-01-16,16.99360309867666,17.83520254282632,16.856172580456157,17.701547866261354,79006
2015-01-19,17.701547866261354,17.727707922418933,17.20870506187187,17.35915131450251,95761
2015-01-20,17.35915131450251,17.417304448149068,17.03010874728518,17.117979770375324,50000
2015-01-21,17.117979770375324,17.192646462996237,16.672296486040068,16.728659333727208,50000
2015-01-22,16.728659333727208,17.474798899268098,16.63438536505337,17.303064437623153,50000
2015-01-23,17.303064437623153,17.43873797702508,17.137215521928997,17.215394063422142,175023
2015-01-26,17.215394063422142,17.337343025715008,17.126607102591276,17.206720128185783,50000
2015-01-27,17.206720128185783,17.417027627446593,17.062312586460344,17.361739773470855,50000
2015-01-28,17.361739773470855,17.41277890300247,16.90077085970348,17.014867916914472,50000
2015-01-29,17.014867916914472,17.109204033638303,16.955399200964266,17.063618192201936,50000
2015-01-30,17.063618192201936,17.62040069950575,17.002304037054504,17.57387068306182,50000
2015-02-02,17.57387068306182,17.651906318609868,17.310244052138476,17.38233896912066,50000
2015-02-03,17.38233896912066,17.631065750355248,17.154306870967982,17.183087877893644,50000
2015-02-04,17.183087877893644,17.28298995057028,17.097732787958016,17.134919959693736,102181
2015-02-05,17.134919959693736,17.302046952392946,17.03609843098047,17.223110490345253,56901
2015-02-06,17.223110490345253,17.330109415348343,16.89613288194286,16.901537371821373,55386
2015-02-09,16.901537371821373,17.009692182008266,16.679726996656363,16.819625943731925,50000
2015-02-10,16.819625943731925,16.960778493858243,16.606859783024543,16.622816704469653,50000
2015-02-11,16.622816704469653,16.68319783703305,16.525916059758966,16.553541072697403,63786
2015-02-12,16.553541072697403,16.875008866597668,16.441576212798942,16.69016467651145,168474
2015-02-13,16.69016467651145,17.311089235158015,16.67130951732674,17.157197135543463,50000
2015-02-16,17.157197135543463,17.281574449179274,17.109575608481265,17.247940931277295,50000
2015-02-17,17.247940931277295,17.47635040160661,17.19712227233873,17.327183991266406,50000
2015-02-18,17.327183991266406,18.553931013398397,17.234061812775,18.326656605360373,53456
2015-02-19,18.326656605360373,18.36673507025426,18.04532259400387,18.248268267577437,115937
2015-02-20,18.248268267577437,18.260722175925416,17.847869643596628,18.026074785951046,50000
2015-02-23,18.026074785951046,18.3362192488453,17.942013721250948,18.056057075206848,84765
2015-02-24,18.056057075206848,18.07461713212653,17.574797592500712,17.644671749294616,56801
2015-02-25,17.644671749294616,17.6531512825785,17.592900884655528,17.62465122611977,50000
2015-02-26,17.62465122611977,17.749760152457817,17.457837575879527,17.525267049701622,50000
2015-02-27,17.525267049701622,18.431533683040076,17.513760199259092,18.313853254708736,50000
2015-03-02,18.313853254708736,18.454425170472163,18.0553142738789,18.055430932402004,50000
2015-03-03,18.055430932402004,18.08809040950111,17.5789114598567,17.74726180137113,50000
2015-03-04,17.74726180137113,18.10903021226511,17.739727835746212,18.072835246562118,50000
2015-03-05,18.072835246562118,18.32695017752646,17.890290659494344,17.907101364195945,65318
2015-03-06,17.907101364195945,18.0711246984205,17.90608111457678,18.01369373833834,50000
2015-03-09,18.01369373833834,18.42334488941,17.975282451311035,18.26070685340306,50000
2015-03-10,18.26070685340306,18.33361564929208,17.658839470281738,17.710440543881948,50000
2015-03-11,17.710440543881948,18.110311842674047,17.51017981977579,17.84056502149903,66373
2015-03-12,17.84056502149903,18.715704670855043,17.83492953174492,18.59593231242888,50000
2015-03-13,18.59593231242888,18.796480921785534,18.32584571812355,18.689535882212073,88750
2015-03-16,18.689535882212073,18.85103135398547,18.565286691220386,18.651494666353223,50000
2015-03-17,18.651494666353223,18.84110983482668,18.51054611717601,18.824502726844727,50000
2015-03-18,18.824502726844727,18.947834996883202,18.689526712263305,18.80538538811454,145062
2015-03-19,18.80538538811454,19.08013411604794,18.62626366118209,18.85779070262127,50000
2015-03-20,18.85779070262127,19.130166470095045,18.82824703051138,18.99793904467001,50000
2015-03-23,18.99793904467001,19.058327410998228,18.800969186642305,18.866734092745904,105323
2015-03-24,18.866734092745904,18.941753990773396,18.364514114633224,18.60903873322455,139667
2015-03-25,18.60903873322455,18.932711049106498,18.567021818372748,18.897796784174165,50000
2015-03-26,18.897796784174165,19.054607065215944,18.54581488580417,18.6548513285079,50000
2015-03-27,18.6548513285079,18.784300235873836,18.619846138375074,18.684254779730377,50000
2015-03-30,18.684254779730377,18.736764761056126,18.219911909856336,18.331486685989383,50000
2015-03-31,18.331486685989383,18.66354854320961,18.154764954276295,18.652061495098827,50000
2015-04-01,18.652061495098827,18.926581339260725,18.554562680028287,18.91805686126862,50000
2015-04-02,18.91805686126862,19.406648064417773,18.643980726973,19.324195079069643,50000
2015-04-03,19.324195079069643,19.359248581615912,19.119540362524067,19.133294799066835,54382
2015-04-06,19.133294799066835,19.327853486515195,19.109686770741565,19.191585573448947,50000
2015-04-07,19.191585573448947,19.347725051022426,19.127563218562738,19.323633229746793,50000
2015-04-08,19.323633229746793,19.397500240738996,19.094576904348543,19.147659342436988,50000
2015-04-09,19.147659342436988,19.290015230513912,19.051439933072967,19.082986638334155,64963
2015-04-10,19.082986638334155,19.4004559219647,18.92985603051065,19.295133770039072,50000
2015-04-13,19.295133770039072,19.342944289144587,19.1622304068586,19.212839932445572,51822
2015-04-14,19.212839932445572,19.340333123374204,19.16346227200235,19.26426874493637,50000
2015-04-15,19.26426874493637,19.727197239200787,19.2112245848155,19.63830393294421,92231
2015-04-16,19.63830393294421,20.44971791252376,19.57695850408317,20.40879786357685,50000
2015-04-17,20.40879786357685,21.251911980822662,20.36356826233119,21.23247959427704,50000
2015-04-20,21.23247959427704,21.26335763834542,20.42718287693529,20.49861123284735,50000
2015-04-21,20.49861123284735,20.850832777830153,20.40796203683388,20.474315875576377,50000
2015-04-22,20.474315875576377,20.553094051958873,20.43267918293178,20.44792238598884,50000
2015-04-23,20.44792238598884,20.541831171101467,19.857021146502884,19.92938821203751,50000
2015-04-24,19.92938821203751,19.99340625364653,19.42916149798088,19.6233422096963,50000
2015-04-27,19.6233422096963,19.972228224092007,19.585071823601155,19.887450765399798,108975
2015-04-28,19.887450765399798,20.14289254373113,19.684965974066085,19.83164872972383,50298
2015-04-29,19.83164872972383,20.11414395138775,19.75694805286427,19.93741612014798,107646
2015-04-30,19.93741612014798,20.010286503004927,19.734254277972465,19.784872320873617,50000
2015-05-01,19.784872320873617,19.98913621308768,19.628179249113092,19.648348212512563,50000
2015-05-04,19.648348212512563,20.237410233151312,19.634573761822367,20.03813357053139,50000
2015-05-05,20.03813357053139,20.120766891872965,19.80685380994359,19.988837138307435,57304
2015-05-06,19.988837138307435,20.197841501466176,19.95919120405399,20.136970780365516,50000
2015-05-07,20.136970780365516,20.235646036970607,19.10343739664286,19.31099718218557,50000
2015-05-08,19.31099718218557,19.62115159456768,19.01322123634887,19.564823120074387,50000
2015-05-11,19.564823120074387,19.740807641048335,19.470313542230233,19.734597935450473,87836
2015-05-12,19.734597935450473,20.042445604160143,19.686719862612442,19.941268956109727,59017
2015-05-13,19.941268956109727,20.192175435366917,19.657618628602286,20.046283252063514,59827
2015-05-14,20.046283252063514,20.07622702517911,19.93697472369367,20.032546663974866,50000
2015-05-15,20.032546663974866,20.61643959709107,19.896747084491174,20.58153864000063,81530
2015-05-18,20.58153864000063,20.583504084852606,20.110809592272947,20.23568792202775,157241
2015-05-19,20.23568792202775,20.446052353440827,20.15265689352753,20.285135713702807,50000
2015-05-20,20.285135713702807,20.299663018855753,19.927307548421652,19.95446751703061,50000
2015-05-21,19.95446751703061,20.091792874147544,19.57337975200413,19.660792684250147,50000
2015-05-22,19.660792684250147,19.757435021502445,19.581069226414183,19.66627509820481,139694
2015-05-25,19.66627509820481,20.064724383989386,19.41129902053015,19.843173663543414,50000
2015-05-26,19.843173663543414,20.02449329154798,19.786381322618006,19.963917515262658,60875
2015-05-27,19.963917515262658,20.166052616218487,19.935957121910064,20.12677985065484,50000
2015-05-28,20.12677985065484,20.260762271364023,19.826629362027028,19.893061788641827,126544
2015-05-29,19.893061788641827,20.022125413720612,19.76925429706952,19.912359263284298,50000
2015-06-01,19.912359263284298,20.715463953877162,19.777318961401217,20.69890573021207,50000
2015-06-02,20.69890573021207,20.742544916689805,20.2352742366506,20.434113991198394,50000
2015-06-03,20.434113991198394,20.69855383373372,20.249084342105274,20.59991957233794,94983
2015-06-04,20.59991957233794,21.073634794217032,20.523832139885954,21.045371434475534,78094
2015-06-05,21.045371434475534,21.188843663420172,20.89216181128594,20.913269183494744,50000
2015-06-08,20.913269183494744,21.421246267342397,20.82852636078277,21.396682134500743,50000
2015-06-09,21.396682134500743,21.732729322937555,21.273934658869344,21.71791456160856,55761
2015-06-10,21.71791456160856,21.80777661640867,21.57552172675857,21.71073596086131,59605
2015-06-11,21.71073596086131,22.307836942232726,21.48048834007839,22.121343678327978,50000
2015-06-12,22.121343678327978,22.15951198497879,22.055864926061425,22.067485048135193,50000
2015-06-15,22.067485048135193,22.246642495118,21.865052444954628,21.995662221894325,50000
2015-06-16,21.995662221894325,22.333980043913893,21.96734711258764,22.289272562781942,89827
2015-06-17,22.289272562781942,22.537661920293715,22.127047253356984,22.50669429320902,50000
2015-06-18,22.50669429320902,22.6171136184964,22.20824277934367,22.542924111373683,50000
2015-06-19,22.542924111373683,22.651924739489182,22.114680550463603,22.14293977619231,50000
2015-06-22,22.14293977619231,22.21391769244667,21.84589112211584,21.933929424512982,50000
2015-06-23,21.933929424512982,22.332892356091282,21.90413156367727,22.214107385629983,50000
2015-06-24,22.214107385629983,22.37526923811575,22.07865761979052,22.30742437180615,50000
2015-06-25,22.30742437180615,22.762911918057004,22.296592995606176,22.65587292509517,50000
2015-06-26,22.65587292509517,22.71601162045816,22.57837248403929,22.70978032961907,50000
2015-06-29,22.70978032961907,22.864172838978778,21.97856729196619,22.02476361228938,69972
2015-06-30,22.02476361228938,22.08048161309019,21.411983087930743,21.44956851044525,50000
2015-07-01,21.44956851044525,21.484365582259944,21.003166263353588,21.088621876234566,50000
2015-07-02,21.088621876234566,21.299379091394837,21.00767916498993,21.022240738536958,50000
2015-07-03,21.022240738536958,21.156181943006693,20.625123201021623,20.76687054966782,50000
2015-07-06,20.76687054966782,21.179790317623326,20.666527507863545,20.98769780467246,50000
2015-07-07,20.98769780467246,21.15191365419415,20.22714515219831,20.334256175695668,79536
2015-07-08,20.334256175695668,20.37556022327101,19.998812407029178,20.101274246973514,50000
2015-07-09,20.101274246973514,20.579386319653587,20.03492607470355,20.383037345963206,50000
2015-07-10,20.383037345963206,20.61448384362827,20.367980481782798,20.412024686554307,111102
2015-07-13,20.412024686554307,20.768375139060108,20.40832963664033,20.728935649142024,50000
2015-07-14,20.728935649142024,20.793574340973354,20.495942555783614,20.681912681363347,50000
2015-07-15,20.681912681363347,20.797742470801293,20.651004102520123,20.720515968917287,50000
2015-07-16,20.720515968917287,20.84527687664153,20.20483084791827,20.40572128328508,50000
2015-07-17,20.40572128328508,20.66425931630451,20.401470545563026,20.646218954094667,50000
2015-07-20,20.646218954094667,20.989777832221524,20.490339601313817,20.863778214168306,50000
2015-07-21,20.863778214168306,21.35015363036599,20.83403002060388,21.158817640505973,50000
2015-07-22,21.158817640505973,21.26799078982659,20.724653018888336,20.826993707840305,107321
2015-07-23,20.826993707840305,20.95927920818184,20.399031835702157,20.49812893985473,50000
2015-07-24,20.49812893985473,20.591600472649837,19.954216765489733,20.109067937936008,50000
2015-07-27,20.109067937936008,20.73441081095767,20.04120912909979,20.521752804734017,50000
2015-07-28,20.521752804734017,20.787943067846726,20.38636259161763,20.65097487673113,50000
2015-07-29,20.65097487673113,20.737967640032558,20.30917379835228,20.312304773294784,120542
2015-07-30,20.312304773294784,20.57792038087466,20.235474575204982,20.454789816907795,80578
2015-07-31,20.454789816907795,20.609449597296457,20.1221328547766,20.234392416274193,50000
2015-08-03,20.234392416274193,20.706876160416513,20.144851567727876,20.674789965891208,50000
2015-08-04,20.674789965891208,21.154287631757448,20.63039446160579,20.920699777672198,57696
2015-08-05,20.920699777672198,21.447710104505905,20.81764430769135,21.33994010911085,50000
2015-08-06,21.33994010911085,21.393910143670507,20.84762743201616,21.0610553528914,50000
2015-08-07,21.0610553528914,21.69944878302369,20.8287782846949,21.65879240770636,50000
2015-08-10,21.65879240770636,21.683201338240153,21.393106470479918,21.5141286440174,50000
2015-08-11,21.5141286440174,21.622222361289797,20.83524804526946,21.010041054702917,50000
2015-08-12,21.010041054702917,21.6385449363413,20.996697396099364,21.39135789983009,50000
2015-08-13,21.39135789983009,21.482264401877313,21.199730979417478,21.40494698206763,50000
2015-08-14,21.40494698206763,21.59686000292994,21.209525980267717,21.27991484815045,50000
2015-08-17,21.27991484815045,21.343010992939323,20.969398617447787,21.058288493695276,50000
2015-08-18,21.058288493695276,21.16259456251543,20.658888083875297,20.791351152333846,50000
2015-08-19,20.791351152333846,21.036481452352334,20.525142849975477,20.63624390106004,50000
2015-08-20,20.63624390106004,20.6538746058368,20.25780927699841,20.37440210764474,124107
2015-08-21,20.37440210764474,20.405856971816704,20.25403889736985,20.27991948743577,50000
2015-08-24,20.27991948743577,20.327051196284106,19.99394714733768,20.036037211099373,50000
2015-08-25,20.036037211099373,20.122308579734526,19.643036650129385,19.765181190152415,50000
2015-08-26,19.765181190152415,19.92494036673762,19.00094242694414,19.00363017310667,61548
2015-08-27,19.00363017310667,19.142353777486782,18.828875728717083,19.040953884740976,50000
2015-08-28,19.040953884740976,19.318873042673548,18.759316257345887,19.158774386959614,50000
2015-08-31,19.158774386959614,19.81918463160195,19.130494595280965,19.676850078265996,65180
2015-09-01,19.676850078265996,19.8274504331522,19.312054058088226,19.39833333295221,50000
2015-09-02,19.39833333295221,19.711129241564162,19.344552191564905,19.65388798371486,50000
2015-09-03,19.65388798371486,20.023618280157613,19.42583016089513,20.021621224053362,89594
2015-09-04,20.021621224053362,20.392946636090134,19.897531460072994,20.378826593031068,50000
2015-09-07,20.378826593031068,20.94935181005873,20.254752879076,20.85883978041611,50000
2015-09-08,20.85883978041611,21.00173960456606,20.742771818072935,20.94951700951605,50000
2015-09-09,20.94951700951605,21.168551827439522,20.85514448734933,21.087590309017422,50000
2015-09-10,21.087590309017422,21.48650843119964,20.930695745652002,21.462814978312426,50000
2015-09-11,21.462814978312426,21.48482572012882,20.990221970023686,20.99604256705205,50000
2015-09-14,20.99604256705205,21.25736474875495,20.965660272963387,21.07470917149219,50000
2015-09-15,21.07470917149219,21.19269759187564,20.453720420254264,20.534985566375216,50000
2015-09-16,20.534985566375216,20.839916411158974,20.390104280134963,20.66456040872976,69691
2015-09-17,20.66456040872976,20.738050156717,20.419084149177102,20.68804990340231,78274
2015-09-18,20.68804990340231,20.867924417124197,20.57832184080645,20.83072845305863,50000
2015-09-21,20.83072845305863,20.94202687776638,20.763854300618117,20.787863679590483,50000
2015-09-22,20.787863679590483,20.839426534365526,20.645963223580335,20.770084130354604,50000
2015-09-23,20.770084130354604,20.856589351066535,20.002711760811117,20.118227080180773,77576
2015-09-24,20.118227080180773,20.312314294658858,19.639848016001533,19.69459288733316,50000
2015-09-25,19.69459288733316,19.90968895070643,18.85454325632961,18.91788954763197,50000
2015-09-28,18.91788954763197,19.05663691501578,18.852294608911823,18.87287170101502,50000
2015-09-29,18.87287170101502,18.99985385343815,18.450189441495933,18.599626805215934,50000
2015-09-30,18.599626805215934,18.804243348331234,18.503092641985237,18.7865283364963,50000
2015-10-01,18.7865283364963,18.942632487862337,18.610024437251354,18.61153615477884,78703
2015-10-02,18.61153615477884,18.633350187456607,18.479321143204967,18.54378997546516,76057
2015-10-05,18.54378997546516,18.6290427983224,18.489682723556143,18.596328761374988,65893
2015-10-06,18.596328761374988,19.036580179041543,18.466609915170114,19.011215184212933,50000
2015-10-07,19.011215184212933,19.054605800356853,18.879700948273804,18.90798938013303,50000
2015-10-08,18.90798938013303,18.959758606661097,18.570888503854174,18.765414862354692,50000
2015-10-09,18.765414862354692,19.12197421212589,18.655027032775248,19.04196808482792,50000
2015-10-12,19.04196808482792,19.11446538985489,18.339588222870162,18.551060169769976,50000
2015-10-13,18.551060169769976,18.644924074497304,18.476451717878557,18.477107860255277,50000
2015-10-14,18.477107860255277,18.789266173961266,18.45714263674376,18.76943786692041,122925
2015-10-15,18.76943786692041,18.942614424604965,18.534949131445615,18.670165246322064,58030
2015-10-16,18.670165246322064,18.7196558857753,18.407473350521787,18.634809171256617,50000
2015-10-19,18.634809171256617,19.109351804794457,18.45391577806217,18.959081350655644,50000
2015-10-20,18.959081350655644,19.34685021992785,18.83570315807812,19.257807503091918,149430
2015-10-21,19.257807503091918,19.41014024418621,18.87154997956138,18.891398417683465,50000
2015-10-22,18.891398417683465,18.989603521837115,18.622252516283186,18.75562811407015,106421
2015-10-23,18.75562811407015,18.84998551186669,18.630970401198425,18.805662521404503,50000
2015-10-26,18.805662521404503,18.914784186467685,18.688025489110572,18.852191516373875,110516
2015-10-27,18.852191516373875,19.138117543610456,18.72134647689933,19.04953771437838,50000
2015-10-28,19.04953771437838,19.06652626246467,18.644188580816632,18.735603498972914,50000
2015-10-29,18.735603498972914,18.875428799099854,18.343989770049646,18.37561433803079,67716
2015-10-30,18.37561433803079,18.380224914001246,18.039911057001756,18.30240132843885,50000
2015-11-02,18.30240132843885,18.49889109162423,17.382574093259088,17.49718474880336,50000
2015-11-03,17.49718474880336,17.775362706527766,17.48301515659165,17.60500610895516,50000
2015-11-04,17.60500610895516,17.777579313183445,17.422846923397337,17.458157484529725,50000
2015-11-05,17.458157484529725,17.554371126605613,17.080767519706914,17.30196089526016,75894
2015-11-06,17.30196089526016,17.440211462118175,17.265504737789424,17.35696839758236,51078
2015-11-09,17.35696839758236,18.123178567795925,17.259572529081733,17.81359121396549,65942
2015-11-10,17.81359121396549,17.990033439305975,17.59399775125871,17.63557671066435,50000
2015-11-11,17.63557671066435,17.653454190395454,17.049960807108356,17.236236737817656,50000
2015-11-12,17.236236737817656,17.431088246333758,17.188250189143286,17.42693452878302,70929
2015-11-13,17.42693452878302,17.5228975267601,17.318589287559334,17.319030302463283,50000
2015-11-16,17.319030302463283,17.640470780737633,17.30154574916379,17.580197096128423,50000
2015-11-17,17.580197096128423,17.90450153909272,17.33685387842105,17.780116118709426,50000
2015-11-18,17.780116118709426,17.781414070421803,17.531303074633346,17.655442102960905,50000
2015-11-19,17.655442102960905,18.16882067627352,17.55736233114798,18.076285155054716,74463
2015-11-20,18.076285155054716,18.12754834116488,17.95749226843041,17.98264442239524,50000
2015-11-23,17.98264442239524,18.122113279011,17.862109213299718,18.07455894854393,50000
2015-11-24,18.07455894854393,18.191210815913323,17.796554372914578,17.871137961896036,50000
2015-11-25,17.871137961896036,17.963392547742085,17.654890159907172,17.807469016759548,50000
2015-11-26,17.807469016759548,18.22684283571194,17.77601776351374,18.22128453009458,50000
2015-11-27,18.22128453009458,18.316438758254176,17.9397644009398,18.223312094421473,95788
2015-11-30,18.223312094421473,18.601474491472132,18.113440628077644,18.39792821257853,50000
2015-12-01,18.39792821257853,18.587062571767234,18.268303205018476,18.30197749888564,121203
2015-12-02,18.30197749888564,18.32671794696743,18.07731431153177,18.10384978941889,164732
2015-12-03,18.10384978941889,18.627497441091474,18.003358347603537,18.53327860588577,50000
2015-12-04,18.53327860588577,18.74279338945267,18.061236114971237,18.14808923138858,50000
2015-12-07,18.14808923138858,18.163841999850362,17.786134019858096,17.837725762022703,51497
2015-12-08,17.837725762022703,17.972582645929485,17.38683519522521,17.494744810445606,90844
2015-12-09,17.494744810445606,17.84294939449561,17.462578326594755,17.771000357905248,50000
2015-12-10,17.771000357905248,18.10919563038067,17.732304030778234,18.05431576851035,50000
2015-12-11,18.05431576851035,18.10725126978547,17.827615189614484,17.930074887814108,54215
2015-12-14,17.930074887814108,18.006199013119186,17.798016105602624,17.848315456357096,50000
2015-12-15,17.848315456357096,17.92051354730549,17.79715812926226,17.875533891821416,50000
2015-12-16,17.875533891821416,17.909566999065632,17.65334212774392,17.692350016809097,50000
2015-12-17,17.692350016809097,17.831593976589225,17.583016974306805,17.738665494130302,50000
2015-12-18,17.738665494130302,17.9128287399308,17.39796225931033,17.460121433631723,88707
2015-12-21,17.460121433631723,17.546370932572557,17.042517191851744,17.08135731526942,50000
2015-12-22,17.08135731526942,17.660494921826327,17.0466508212076,17.43245304376357,50000
2015-12-23,17.43245304376357,17.52050544635249,17.34067477925436,17.426137661442787,50000
2015-12-24,17.426137661442787,18.062020863020113,17.374797796167165,17.972177817854526,50000
2015-12-25,17.972177817854526,18.034728398338807,17.70058192012216,17.73384566483795,50000
2015-12-28,17.73384566483795,18.057629916461405,17.732267981877786,17.98545476015454,50000
2015-12-29,17.98545476015454,18.21666257514147,17.916808393844317,17.928838811000134,87737
2015-12-30,17.928838811000134,17.983307921065474,17.383858586218633,17.511487422663322,70626
2015-12-31,17.511487422663322,17.550555013438444,17.162101305214446,17.21542478204107,50000
2016-01-01,17.21542478204107,17.276175889382344,17.10276112817904,17.16741473837738,50000
2016-01-04,17.16741473837738,17.269330522340436,16.817835094232354,16.87222010000251,50000
2016-01-05,16.87222010000251,17.02035199561911,16.870876690137642,16.928249882009577,50000
2016-01-06,16.928249882009577,16.96343509085276,16.813130472124246,16.90560762308471,165733
2016-01-07,16.90560762308471,16.92371342144933,16.38036321454805,16.389777267246824,82900
2016-01-08,16.389777267246824,16.55474061364379,15.893702087808526,15.967935192414517,50000
2016-01-11,15.967935192414517,16.034049665585314,15.914037281285069,15.937056746949128,50513
2016-01-12,15.937056746949128,16.023291718125357,15.926206958017397,15.949317167778435,50000
2016-01-13,15.949317167778435,16.000983427280804,15.568715487716359,15.628314562390749,50000
2016-01-14,15.628314562390749,15.687885176742205,15.397454152531322,15.465871280392605,81071
2016-01-15,15.465871280392605,15.489115837786846,15.23842917732019,15.333684886038181,50000
2016-01-18,15.333684886038181,15.48118136346645,15.112956726303329,15.134382143736097,50000
2016-01-19,15.134382143736097,15.176414054625797,14.86215099216055,15.015181682179469,50000
2016-01-20,15.015181682179469,15.095453448377244,14.445440564582386,14.523758156672391,50000
2016-01-21,14.523758156672391,14.661068044499471,14.373827819224685,14.602952858320503,50000
2016-01-22,14.602952858320503,14.650617966982077,14.500510924517025,14.63199166918133,50000
2016-01-25,14.63199166918133,14.698401886712183,14.492983535985378,14.689028555398648,50000
2016-01-26,14.689028555398648,15.24373821881444,14.579129782417391,15.063131226069602,50000
2016-01-27,15.063131226069602,15.139899805603994,14.818219261482739,14.846919150746608,50000
2016-01-28,14.846919150746608,15.137365261393391,14.719294508005543,15.044491891818494,59299
2016-01-29,15.044491891818494,15.073461132803446,14.404170586562453,14.455266499266989,52172
2016-02-01,14.455266499266989,14.547728741261743,14.026375405477165,14.041448949272887,90210
2016-02-02,14.041448949272887,14.366440281749947,14.002132579219193,14.338898324581443,61509
2016-02-03,14.338898324581443,14.405750025084052,13.934935379986477,13.990057122794298,50000
2016-02-04,13.990057122794298,14.010325745658688,13.717520221168023,13.746826110074666,55536
2016-02-05,13.746826110074666,13.866753859526117,13.502957514991664,13.625833308789899,50000
2016-02-08,13.625833308789899,13.78288914494231,12.846098452146611,12.901130932142497,50000
2016-02-09,12.901130932142497,12.975859208047245,12.790738232878143,12.973233296161274,62636
2016-02-10,12.973233296161274,12.975992981433018,12.69427453294329,12.757616676432699,61078
2016-02-11,12.757616676432699,12.77827488089494,12.729185776888052,12.7597978660382,118583
2016-02-12,12.7597978660382,13.152281600803034,12.681012193980983,13.116307965908335,50000
2016-02-15,13.116307965908335,13.857608338677606,13.02553548836158,13.77864004371302,50000
2016-02-16,13.77864004371302,13.795702507279048,13.569110687272337,13.741530777836951,50000
2016-02-17,13.741530777836951,14.077159902575659,13.640894341990114,14.015913150094617,50000
2016-02-18,14.015913150094617,14.017431288047945,13.42944852671466,13.524908174392461,100168
2016-02-19,13.524908174392461,13.559387936637153,13.25745610857752,13.277051978401305,50000
2016-02-22,13.277051978401305,13.325474984567075,13.085736428180919,13.12796681674566,50000
2016-02-23,13.12796681674566,13.37990916520714,13.119915601612028,13.35584245852743,50000
2016-02-24,13.35584245852743,13.417195354225898,12.713536534816503,12.822325725143743,50000
2016-02-25,12.822325725143743,12.915966590577359,12.797274619331834,12.905457927878032,50000
2016-02-26,12.905457927878032,13.160530523055108,12.811092266916322,13.055181503629035,50000
2016-02-29,13.055181503629035,13.415587222997845,12.932038693276814,13.276431051144662,50000
2016-03-01,13.276431051144662,13.277534967210903,13.246221245160552,13.268182857211379,50000
2016-03-02,13.268182857211379,13.343875449406346,13.00799217489252,13.197064640800727,50000
2016-03-03,13.197064640800727,13.231995355077002,13.092756663254251,13.130286295123621,88009
2016-03-04,13.130286295123621,13.261316591993573,12.861342366989838,12.940911557341853,56152
2016-03-07,12.940911557341853,13.025081870389641,12.88229432763939,12.983592017600648,50000
2016-03-08,12.983592017600648,13.071749290381941,12.941241465928492,12.95773725438759,50000
2016-03-09,12.95773725438759,13.360315055048984,12.890559940340278,13.309173553049625,50000
2016-03-10,13.309173553049625,13.309698594505077,13.07624388724154,13.077745897119568,50000
2016-03-11,13.077745897119568,13.129239891762712,12.88935475471559,13.010700084098797,50000
2016-03-14,13.010700084098797,14.0464977129339,12.95180388408011,13.91000230925021,70791
2016-03-15,13.91000230925021,13.971430274356338,13.369138307967779,13.421580356525837,50000
2016-03-16,13.421580356525837,13.810990402958524,13.287792299066414,13.777633183640306,78929
2016-03-17,13.777633183640306,13.918506366244513,13.634878079510774,13.67229506991277,100191
2016-03-18,13.67229506991277,13.779539834937403,13.66058219881807,13.729440652584081,50000
2016-03-21,13.729440652584081,13.78804970430337,13.661040699535068,13.672071693391551,50000
2016-03-22,13.672071693391551,13.784170628073072,13.558615731969157,13.735170628406353,50000
2016-03-23,13.735170628406353,14.164585774794512,13.693687567263742,13.98156967172535,50000
2016-03-24,13.98156967172535,14.24302190981986,13.83047755974742,14.157658862417156,72007
2016-03-25,14.157658862417156,14.721939689113215,14.119620760264562,14.613670642348541,51572
2016-03-28,14.613670642348541,14.67292070628171,14.338275319745001,14.373705223150925,50000
2016-03-29,14.373705223150925,14.851619067244716,14.36905914810132,14.83139797475059,94785
2016-03-30,14.83139797475059,14.888694776595234,14.553861813643945,14.688311937057355,62940
2016-03-31,14.688311937057355,15.019709569313944,14.670969432368448,15.011703891727786,50000
2016-04-01,15.011703891727786,15.060617110106168,14.501021792321778,14.579880615008749,50000
2016-04-04,14.579880615008749,14.645094380490814,14.327462373651256,14.337783881709298,142736
2016-04-05,14.337783881709298,14.679603812554468,14.140308010049473,14.614268627117188,50000
2016-04-06,14.614268627117188,15.04787213724915,14.589653359735966,15.038555096756301,50000
2016-04-07,15.038555096756301,15.142594995445286,14.974826644228425,15.084488976649272,50000
2016-04-08,15.084488976649272,15.584136236947087,15.000545428088518,15.500548791983494,50000
2016-04-11,15.500548791983494,15.630075269130424,15.386261233657633,15.42852730265459,50000
2016-04-12,15.42852730265459,15.486040322006408,15.322503062712022,15.350142180768842,60693
2016-04-13,15.350142180768842,15.460980454853548,15.228385382249359,15.270482706645543,50000
2016-04-14,15.270482706645543,15.352056336569838,15.263953100387104,15.292330575384737,50000
2016-04-15,15.292330575384737,15.422693268890175,14.830145837527276,14.888717270103275,50000
2016-04-18,14.888717270103275,14.940287065079762,14.79255241268759,14.865841781986191,50000
2016-04-19,14.865841781986191,14.908827054647716,14.298388484709875,14.462701538990354,57434
2016-04-20,14.462701538990354,14.859063649135862,14.455645521875507,14.780495203046794,50000
2016-04-21,14.780495203046794,14.802931422408061,14.399012954318863,14.422957399485641,77098
2016-04-22,14.422957399485641,14.482244923273777,14.414052469861934,14.46064625430945,81865
2016-04-25,14.46064625430945,14.5403367007694,14.260355074520476,14.371320602693029,50000
2016-04-26,14.371320602693029,14.775591200949853,14.365794126138129,14.676125403798682,50000
2016-04-27,14.676125403798682,14.89398942557051,14.60866646879452,14.64983338205229,50000
2016-04-28,14.64983338205229,14.696796321641699,14.332222097194,14.632830267359974,50000
2016-04-29,14.632830267359974,14.654456058494292,14.17279502037111,14.20348535314919,76980
2016-05-02,14.20348535314919,14.463017339237298,14.084174417746015,14.448694251418118,50000
2016-05-03,14.448694251418118,14.93307329764685,14.391448940628182,14.853049290707375,50000
2016-05-04,14.853049290707375,15.115962431355259,14.737134739443121,15.05154309308586,64521
2016-05-05,15.05154309308586,15.136972025011762,14.9458095722709,15.130661443944659,50000
2016-05-06,15.130661443944659,15.265440784078766,14.848302574386855,14.95678387171543,50000
2016-05-09,14.95678387171543,15.369142631437377,14.851917834698893,15.306405462564946,50000
2016-05-10,15.306405462564946,15.438660924075238,14.7737889432033,14.81291034934977,50000
2016-05-11,14.81291034934977,14.913546432348827,14.7968094527102,14.804599537798289,51473
2016-05-12,14.804599537798289,14.870220100513654,14.746028777324241,14.76849708133368,250193
2016-05-13,14.76849708133368,15.615434305028574,14.721005296522694,15.53385610482526,109888
2016-05-16,15.53385610482526,15.593946566627169,15.0682992086283,15.166332531445228,50000
2016-05-17,15.166332531445228,15.444318713136092,15.14164852307873,15.305094042332339,50000
2016-05-18,15.305094042332339,15.655484615413474,15.245113962829695,15.589413234679183,50000
2016-05-19,15.589413234679183,15.7516923037517,15.531790155208615,15.63601704692688,60539
2016-05-20,15.63601704692688,15.690063230465153,15.598382273911104,15.636405334122452,50000
2016-05-23,15.636405334122452,15.820795393954135,15.5560754790397,15.697614415447886,50000
2016-05-24,15.697614415447886,15.94647170826029,15.66313554029308,15.855228338672486,50000
2016-05-25,15.855228338672486,16.029191484942,15.6630973292567,15.792024341819173,50000
2016-05-26,15.792024341819173,15.81974032653593,15.570604677240752,15.663813916472542,51461
2016-05-27,15.663813916472542,15.843608770579436,15.322819341739502,15.427890806800844,50000
2016-05-30,15.427890806800844,15.429540685343008,14.844972964242004,14.989351507535503,50000
2016-05-31,14.989351507535503,15.022281734215689,14.950371438502001,14.993628104592489,50000
2016-06-01,14.993628104592489,15.144406307712929,14.932232457593152,15.066688718146096,50000
2016-06-02,15.066688718146096,15.06685535530763,14.74234089809224,14.755359049691835,50000
2016-06-03,14.755359049691835,14.840674675694503,14.162064540151526,14.16635401453291,50000
2016-06-06,14.16635401453291,14.668065687618398,14.163144224509766,14.651752756132646,70102
2016-06-07,14.651752756132646,14.756439737056382,14.633076558065019,14.71553125335928,66487
2016-06-08,14.71553125335928,14.756997164998094,14.142424049735167,14.44136400088938,59936
2016-06-09,14.44136400088938,14.496477104311447,14.167258234141759,14.201164651783907,59010
2016-06-10,14.201164651783907,14.232855878525687,13.677745657851315,13.70437852076273,50000
2016-06-13,13.70437852076273,14.047272428193791,13.63769298750828,13.912337784426175,50000
2016-06-14,13.912337784426175,13.986411275713314,13.822881279410018,13.823315389938301,70991
2016-06-15,13.823315389938301,14.283416718586441,13.761020652411394,14.190502706506448,50000
2016-06-16,14.190502706506448,14.197744847182685,13.829237979477087,13.883716286790804,50000
2016-06-17,13.883716286790804,13.945255347555245,13.84406756593421,13.895621888278074,86103
2016-06-20,13.895621888278074,13.944946483188398,13.618834122557384,13.759465279206125,80063
2016-06-21,13.759465279206125,13.850936033807981,13.742087142396526,13.805252214822861,50000
2016-06-22,13.805252214822861,13.869691394873845,13.523531411897391,13.603662988823848,51161
2016-06-23,13.603662988823848,13.83420187637628,13.60342286625816,13.631246901944664,67931
2016-06-24,13.631246901944664,13.706017314758755,13.327924350074523,13.382825632445797,50000
2016-06-27,13.382825632445797,13.439867832961001,13.078439899995974,13.172248369452337,50000
2016-06-28,13.172248369452337,13.204559298910526,12.928999315734861,13.057565403894243,72938
2016-06-29,13.057565403894243,13.140937964478907,12.847928790579394,12.85987198696865,51033
2016-06-30,12.85987198696865,12.885433044264335,12.358175207206425,12.383027610711142,50000
2016-07-01,12.383027610711142,12.935837383768575,12.376741808091925,12.853106928356052,50000
2016-07-04,12.853106928356052,12.956932843288351,12.722630855098902,12.924643087671313,50000
2016-07-05,12.924643087671313,13.211589041927516,12.886651854434682,13.207430334536808,82830
2016-07-06,13.207430334536808,13.285373692039975,12.920003864365542,12.95302967606943,66134
2016-07-07,12.95302967606943,13.071063984485207,12.913870793312622,13.016198927891837,128724
2016-07-08,13.016198927891837,13.131802215966122,12.89225244130396,12.905203895418314,50000
2016-07-11,12.905203895418314,13.03080198074645,12.502628947219202,12.608990276407013,50000
2016-07-12,12.608990276407013,13.076869558217313,12.548527595118733,12.994679340481634,50000
2016-07-13,12.994679340481634,13.046381403930168,12.63330519297514,12.6371743761614,50000
2016-07-14,12.6371743761614,12.737017765617853,12.541128645188069,12.570065801982658,104862
2016-07-15,12.570065801982658,13.120051089179553,12.543425912104308,13.021611623112518,55662
2016-07-18,13.021611623112518,13.302774994902114,12.979188709183964,13.235994041331384,50000
2016-07-19,13.235994041331384,13.242775576225652,13.129253754993718,13.232328348181237,50000
2016-07-20,13.232328348181237,13.322463546451118,13.180087598212156,13.303670783304607,50000
2016-07-21,13.303670783304607,13.471613398704493,13.226070536449292,13.41100185124154,64928
2016-07-22,13.41100185124154,13.489897596574997,13.29631968221612,13.456611690492794,50000
2016-07-25,13.456611690492794,13.478334776379196,13.16396171921829,13.264753844842806,50000
2016-07-26,13.264753844842806,13.268291475121565,13.083544509426732,13.129265924531062,50000
2016-07-27,13.129265924531062,13.18287098989867,12.949836858688291,13.011129285837512,301081
2016-07-28,13.011129285837512,13.060803539064937,12.787416101649914,12.833494668229875,50000
2016-07-29,12.833494668229875,12.951944716350782,12.740133472834897,12.945218687605426,50000
2016-08-01,12.945218687605426,13.017360116931,12.90736421501579,12.986662113919541,50000
2016-08-02,12.986662113919541,13.019718947829158,12.899211326864434,12.906343318003943,50000
2016-08-03,12.906343318003943,13.219111812488885,12.856052365571284,13.198711371007112,50000
2016-08-04,13.198711371007112,13.37983489928497,12.464465550208397,12.602370187679881,50000
2016-08-05,12.602370187679881,12.805577431942083,12.485947917245415,12.729290776325477,50000
2016-08-08,12.729290776325477,12.838021170172434,12.53641672095966,12.553458314444079,50000
2016-08-09,12.553458314444079,12.595113080865561,12.197086066967438,12.3050804109697,50000
2016-08-10,12.3050804109697,12.890051520306596,12.1534070684907,12.887029272666064,133955
2016-08-11,12.887029272666064,13.197179275829495,12.798953383995492,13.15705390372393,50000
2016-08-12,13.15705390372393,13.162611066945018,13.073611230148254,13.119363856113532,50000
2016-08-15,13.119363856113532,13.155919697121526,12.668144472493651,12.734370150937444,50000
2016-08-16,12.734370150937444,12.739290743161407,12.662540184296402,12.694743601380578,50000
2016-08-17,12.694743601380578,12.958880917466045,12.549913023141908,12.85058997110987,50000
2016-08-18,12.85058997110987,13.255685006231337,12.830045921386034,13.113909845385255,50000
2016-08-19,13.113909845385255,13.129236240835645,12.677072555572414,12.714760877015882,66145
2016-08-22,12.714760877015882,12.782892663907365,12.68279313177394,12.734285967231102,51361
2016-08-23,12.734285967231102,13.035283637808245,12.719532765403327,12.998896802304312,50000
2016-08-24,12.998896802304312,13.027921318496391,12.724652569082762,12.726752551977087,50000
2016-08-25,12.726752551977087,12.800726615056146,12.634900655240093,12.72572639845404,60676
2016-08-26,12.72572639845404,12.861289008416946,12.631198204620276,12.848878022503579,67654
2016-08-29,12.848878022503579,12.860403898171436,12.580796443444108,12.59464158624293,50104
2016-08-30,12.59464158624293,12.665034562170536,12.424519282246798,12.427664174141432,50000
2016-08-31,12.427664174141432,12.455680484924212,12.283778088766567,12.309680392898168,116459
2016-09-01,12.309680392898168,12.586759335907816,12.284643654599245,12.536368378909602,61495
2016-09-02,12.536368378909602,12.577392261373673,12.306624783601832,12.38276212162149,50000
2016-09-05,12.38276212162149,12.707997636946873,12.345559269184683,12.629977998623408,99008
2016-09-06,12.629977998623408,12.836046651881444,12.620656591738575,12.794732785800912,50000
2016-09-07,12.794732785800912,12.931181962304295,12.07155308637684,12.154598633988964,50000
2016-09-08,12.154598633988964,12.587498340287585,12.052643132154628,12.480560618614433,50000
2016-09-09,12.480560618614433,12.535885841914347,12.278449318811706,12.363392646205945,50000
2016-09-12,12.363392646205945,12.544816160144917,12.156691659238122,12.30322508810785,50000
2016-09-13,12.30322508810785,12.78346316265202,12.253774257347814,12.60977558483213,50000
2016-09-14,12.60977558483213,12.637240944999842,12.389295169311756,12.398582715049523,50000
2016-09-15,12.398582715049523,13.176680569428957,12.21588063913302,13.051931211871011,50000
2016-09-16,13.051931211871011,13.16512898627431,12.899109936041116,12.909444021216823,72078
2016-09-19,12.909444021216823,12.917930530697088,12.817658569761257,12.849027452516795,50000
2016-09-20,12.849027452516795,13.069070317072132,12.825606594289479,13.033620474817392,70239
2016-09-21,13.033620474817392,13.142033998617853,13.033029526489337,13.101515200517762,50000
2016-09-22,13.101515200517762,13.742741267285407,13.098255416638416,13.612456816588653,58478
2016-09-23,13.612456816588653,13.87759146830941,13.56269710545046,13.689810833929823,50000
2016-09-26,13.689810833929823,14.363819748155672,13.628265701909314,14.316107153992968,50000
2016-09-27,14.316107153992968,14.665934655537647,14.236389014371348,14.645362124347315,50000
2016-09-28,14.645362124347315,14.679357699344285,14.478403114643662,14.484978712227267,84413
2016-09-29,14.484978712227267,14.557339388695532,14.36893423407133,14.37694598419511,50000
2016-09-30,14.37694598419511,14.477075856643147,14.004518371991905,14.065001371172439,50000
2016-10-03,14.065001371172439,14.071420809902472,13.555357276684871,13.667494155128313,50000
2016-10-04,13.667494155128313,13.833464654398117,13.593426803310003,13.733248979836162,50000
2016-10-05,13.733248979836162,13.812472066715324,13.386911093056643,13.393871177559738,50000
2016-10-06,13.393871177559738,13.431127092416528,13.23060695535158,13.26620195178126,50000
2016-10-07,13.26620195178126,13.31532104810604,13.137526940731153,13.172361300262926,50000
2016-10-10,13.172361300262926,13.187095266423153,12.729483499433448,12.770617204969069,50000
2016-10-11,12.770617204969069,12.782963658507473,12.635007053317745,12.75364972546516,117071
2016-10-12,12.75364972546516,12.801050428698169,12.336650307286291,12.413430071822738,50000
2016-10-13,12.413430071822738,13.002636725850559,12.361074466866057,12.975508718091438,63643
2016-10-14,12.975508718091438,13.003295321937804,12.71350394411845,12.733656487521344,50000
2016-10-17,12.733656487521344,12.849551209462192,12.580477115925682,12.666601299258007,66579
2016-10-18,12.666601299258007,12.763786664221183,12.51496203451457,12.565528786878113,50000
2016-10-19,12.565528786878113,13.034333810064046,12.520385857241475,12.838106683305258,52458
2016-10-20,12.838106683305258,13.200220437010694,12.773775762162604,13.197583303350763,50000
2016-10-21,13.197583303350763,13.434515736498971,13.182791664646897,13.43142395177206,50000
2016-10-24,13.43142395177206,13.53790222395716,13.064355110859408,13.140621513067954,50000
2016-10-25,13.140621513067954,13.255566195113031,13.108668474085857,13.223408699102938,54130
2016-10-26,13.223408699102938,13.230514470690153,12.934356896395599,12.939886313722724,84251
2016-10-27,12.939886313722724,13.251539449364703,12.847413767214217,13.178822716440381,50000
2016-10-28,13.178822716440381,13.272373321668795,13.049584749965911,13.240110437713385,50000
2016-10-31,13.240110437713385,13.402156878886347,13.18724833108331,13.362358734558319,50000
2016-11-01,13.362358734558319,13.491511270088262,13.097821068909289,13.169279469825494,50000
2016-11-02,13.169279469825494,13.209166197930939,12.939361049426898,13.0088624541603,51197
2016-11-03,13.0088624541603,13.029681465827165,12.94597676479851,12.984163802475939,65072
2016-11-04,12.984163802475939,13.740441858661896,12.863495937032242,13.720920458475364,50000
2016-11-07,13.720920458475364,13.952453476038594,13.700844671086495,13.835505603341787,50000
2016-11-08,13.835505603341787,13.901403110199036,13.648858700586024,13.681816637976176,50000
2016-11-09,13.681816637976176,13.807945630492798,13.645454420580368,13.797751782885186,50000
2016-11-10,13.797751782885186,14.455227291418492,13.77523120931947,14.354916644393303,50000
2016-11-11,14.354916644393303,14.399681859968016,13.578567417454495,13.628144847304837,55349
2016-11-14,13.628144847304837,13.780636313342699,13.57768562524191,13.717104085492718,50000
2016-11-15,13.717104085492718,13.751757083911059,13.510016903060274,13.571052116194247,81474
2016-11-16,13.571052116194247,13.600565456076882,13.078404143262732,13.142248780191784,50000
2016-11-17,13.142248780191784,13.226250575213887,12.789992444201706,12.814978554368764,50000
2016-11-18,12.814978554368764,12.95026693269416,12.782730108144973,12.884257351194298,50000
2016-11-21,12.884257351194298,12.892169731041907,12.741087371584793,12.82918263441585,50000
2016-11-22,12.82918263441585,12.958325835980787,12.657001590215893,12.7925371277129,50000
2016-11-23,12.7925371277129,12.867342902388414,12.53272801095307,12.66857553536433,95963
2016-11-24,12.66857553536433,12.753500573380727,12.58155611518882,12.692803782524614,72106
2016-11-25,12.692803782524614,12.81919778478715,12.426223326630288,12.565002244356693,50000
2016-11-28,12.565002244356693,12.58597929393042,12.300746449199679,12.367526657411746,79839
2016-11-29,12.367526657411746,12.400003507160177,12.295120164959238,12.339957461214683,50000
2016-11-30,12.339957461214683,12.34616207681438,12.115482127101163,12.175923192941237,50000
2016-12-01,12.175923192941237,12.375662524062639,12.12537887359799,12.274498910840174,50000
2016-12-02,12.274498910840174,12.357170538307892,11.980523772717024,12.048822718162118,50000
2016-12-05,12.048822718162118,12.054117457410817,11.87755158793797,11.931004114828347,150851
2016-12-06,11.931004114828347,12.209702946993342,11.900902783423904,12.166695066276809,50000
2016-12-07,12.166695066276809,12.310374026297591,11.931601573537256,12.244018187755293,50000
2016-12-08,12.244018187755293,12.558330405037703,12.229892624666888,12.469006533685386,50000
2016-12-09,12.469006533685386,12.48538017024329,11.81473277773434,11.957030033012986,106358
2016-12-12,11.957030033012986,12.01162764863507,11.334222602064225,11.36349413366567,50000
2016-12-13,11.36349413366567,11.62204716499369,11.363219253515558,11.61043690372797,50000
2016-12-14,11.61043690372797,11.650182120135197,11.307333651686347,11.371223485174914,51292
2016-12-15,11.371223485174914,11.545310223936012,11.303751174546901,11.501250236935805,67458
2016-12-16,11.501250236935805,11.52915899411125,11.427182735862585,11.443048715182274,51255
2016-12-19,11.443048715182274,11.596731794285981,11.43695345511751,11.558387988920636,50000
2016-12-20,11.558387988920636,11.580943657975661,11.49355697106147,11.525290039719229,50000
2016-12-21,11.525290039719229,11.663249635090077,11.500380572399507,11.583448517049339,50000
2016-12-22,11.583448517049339,11.643200667296295,11.47738830735147,11.490605642535026,50000
2016-12-23,11.490605642535026,11.493477249640208,10.743021518005962,10.789562577706835,50000
2016-12-26,10.789562577706835,11.01869394186583,10.75150247354766,10.928650529941153,50000
2016-12-27,10.928650529941153,11.267360913865652,10.877137273734604,11.22291839297179,57747
2016-12-28,11.22291839297179,11.85528839676479,11.178479464738233,11.780392400943876,50000
2016-12-29,11.780392400943876,11.92292750505938,11.377860237751085,11.412251332403748,50000
2016-12-30,11.412251332403748,11.852620233862684,11.307687309395993,11.748274034775667,68175
2017-01-02,11.748274034775667,11.997988412684562,11.623461337419048,11.978846440110901,54155
2017-01-03,11.978846440110901,12.15044515206603,11.853471055568761,12.15017153542571,50000
2017-01-04,12.15017153542571,12.160369377787344,11.947755482943624,12.00437621935472,50000
2017-01-05,12.00437621935472,12.200482117217025,11.908984540651595,12.173687454435246,50000
2017-01-06,12.173687454435246,12.478085190263354,12.094277343901851,12.42845176903936,50000
2017-01-09,12.42845176903936,12.508385010986895,12.215591655342946,12.258408823434934,50000
2017-01-10,12.258408823434934,12.346183875631095,12.030170234117014,12.118608501360063,50000
2017-01-11,12.118608501360063,12.342642478166818,12.090837066101654,12.314170880420715,50000
2017-01-12,12.314170880420715,12.602488719699535,12.226673141896857,12.52545900907591,50000
2017-01-13,12.52545900907591,12.526632698038204,12.451439844512247,12.457475979537401,50000
2017-01-16,12.457475979537401,12.791441993534802,12.356070683303635,12.770975126371505,50000
2017-01-17,12.770975126371505,12.772668688883355,12.591270785232487,12.66889392213831,50000
2017-01-18,12.66889392213831,13.213645902463403,12.642530540892981,13.189302511551977,90719
2017-01-19,13.189302511551977,13.203710247515602,13.106842240725282,13.109285542649246,50000
2017-01-20,13.109285542649246,13.207032405386897,12.676607431884763,12.76581107459753,50000
2017-01-23,12.76581107459753,12.766445677351173,12.649922480144378,12.731672797225666,50000
2017-01-24,12.731672797225666,13.05539441146748,12.62279851709947,12.926861771932776,63154
2017-01-25,12.926861771932776,13.04291585628195,12.517567558938593,12.764890921278846,50000
2017-01-26,12.764890921278846,12.781774235729955,12.109306302993412,12.157080789381654,50000
2017-01-27,12.157080789381654,12.16798644523701,11.719553440393513,11.735777531144297,50000
2017-01-30,11.735777531144297,11.809823057179294,11.564991375984025,11.658731470993821,112078
2017-01-31,11.658731470993821,11.695611943705613,11.589020163024212,11.601807406125266,50000
2017-02-01,11.601807406125266,11.786095949369635,11.531297407926571,11.633827357995079,50000
2017-02-02,11.633827357995079,11.819913894753752,11.613097286986038,11.765375452492483,50000
2017-02-03,11.765375452492483,11.795061378938973,11.565325134525446,11.590322672143818,103356
2017-02-06,11.590322672143818,11.652577244674367,11.450651644960253,11.464878589154614,50000
2017-02-07,11.464878589154614,11.564824970820473,11.306954724549787,11.363316655646871,50000
2017-02-08,11.363316655646871,11.589081604260901,11.276001453127828,11.555072991186623,50000
2017-02-09,11.555072991186623,11.870054498184025,11.507676731185184,11.793253134665454,50000
2017-02-10,11.793253134665454,12.109941428826716,11.726723683758628,11.960781631012578,50000
2017-02-13,11.960781631012578,12.058672637877624,11.930120903947035,11.996376175612845,50000
2017-02-14,11.996376175612845,12.405366494165994,11.936845678160992,12.353451842211806,50000
2017-02-15,12.353451842211806,12.355493974482181,12.174087683213967,12.215177920738293,50000
2017-02-16,12.215177920738293,12.312388034576564,11.4499062496923,11.501914798451955,50000
2017-02-17,11.501914798451955,12.355553065612709,11.465669964379803,12.294539343172849,50000
2017-02-20,12.294539343172849,12.367262270238088,12.051441480305257,12.11466812416269,50000
2017-02-21,12.11466812416269,12.414468941645286,12.07994196187926,12.32897970885896,50000
2017-02-22,12.32897970885896,12.611087879042467,12.28844299950252,12.544867623279227,61747
2017-02-23,12.544867623279227,12.987570909910916,12.532548311663128,12.944733362872691,50000
2017-02-24,12.944733362872691,13.164426651508695,12.892255860272572,13.003306029208137,50000
2017-02-27,13.003306029208137,13.281089191003751,12.93696313220169,13.204343326687662,50000
2017-02-28,13.204343326687662,13.36137499899002,13.193633238276377,13.345819208163375,50000
2017-03-01,13.345819208163375,13.44974376555889,13.219223859289272,13.344164886514562,50000
2017-03-02,13.344164886514562,13.366032292644267,13.211326287134234,13.299202248133128,50000
2017-03-03,13.299202248133128,13.358899299238617,13.230821978708256,13.321909515775738,50000
2017-03-06,13.321909515775738,13.412857949068595,12.897677867484537,12.979537207586734,56844
2017-03-07,12.979537207586734,13.100328772495965,12.950352830783087,13.094921334314675,50000
2017-03-08,13.094921334314675,13.10965379219968,13.001475316232593,13.071542014212985,50000
2017-03-09,13.071542014212985,13.112178168496111,12.642672292782605,12.725007554748451,87818
2017-03-10,12.725007554748451,12.761517565497579,12.116655085601012,12.174026787234814,50000
2017-03-13,12.174026787234814,12.400682094052756,12.154936727045161,12.379977089392085,50000
2017-03-14,12.379977089392085,12.735146315143906,12.37003280711065,12.712887156125626,50000
2017-03-15,12.712887156125626,13.059527722036261,12.700485146871586,12.935371218723919,143572
2017-03-16,12.935371218723919,13.019153931758648,12.603934338857478,12.690467038344547,88622
2017-03-17,12.690467038344547,12.850362568532608,12.628907225859509,12.775009250441856,54087
2017-03-20,12.775009250441856,12.968483640412657,12.752734867388439,12.923363064270163,50000
2017-03-21,12.923363064270163,12.994716080540659,12.792709767667379,12.900476389087773,50000
2017-03-22,12.900476389087773,12.949775925033626,12.771744322643238,12.809418605338976,50000
2017-03-23,12.809418605338976,12.84662775908869,12.710473102189944,12.74349775777065,50000
2017-03-24,12.74349775777065,13.075996406790216,12.728951713941134,13.043941792725226,50000
2017-03-27,13.043941792725226,13.329987269147452,12.970433960042229,13.27379460549167,59669
2017-03-28,13.27379460549167,13.29951952280098,13.139636234978132,13.21227316065622,50000
2017-03-29,13.21227316065622,13.216007738077023,12.4743675282705,12.540581186859088,73342
2017-03-30,12.540581186859088,12.831727424708076,12.49641833165552,12.764993260184234,50000
2017-03-31,12.764993260184234,12.77392360228352,12.659219415559901,12.669345745836885,50000
2017-04-03,12.669345745836885,12.746848414141839,12.415340128966424,12.545755259714285,82444
2017-04-04,12.545755259714285,12.550962044556996,12.284733957515794,12.358660449068287,59934
2017-04-05,12.358660449068287,12.49154062554572,12.290800486243349,12.460512922585657,93982
2017-04-06,12.460512922585657,12.730676436617664,12.431807773581756,12.634448850404869,50000
2017-04-07,12.634448850404869,12.809779740378985,12.408196762585474,12.416849934387567,50000
2017-04-10,12.416849934387567,12.437844940491036,12.021535156744916,12.060678907316433,50000
2017-04-11,12.060678907316433,12.16029814393499,12.059073663769317,12.089692154868274,50000
2017-04-12,12.089692154868274,12.116004996182616,12.013739552328053,12.112005173692863,50000
2017-04-13,12.112005173692863,12.15923300530315,11.840659448028624,11.887432505997445,71600
2017-04-14,11.887432505997445,12.0282528438001,11.858208086958282,12.000457299351723,50000
2017-04-17,12.000457299351723,12.290321350567199,11.995915508053235,12.155169405479933,50000
2017-04-18,12.155169405479933,12.322392372323973,12.08618960572524,12.28278421365107,50000
2017-04-19,12.28278421365107,12.37434872354145,12.246594439402735,12.342403869104471,50000
2017-04-20,12.342403869104471,12.448261226596518,12.241977044623535,12.42956999141451,62424
2017-04-21,12.42956999141451,12.504657029445191,11.977675214435003,12.021368460789457,61529
2017-04-24,12.021368460789457,12.089907291187552,11.94583368744915,11.98731552833989,50000
2017-04-25,11.98731552833989,12.434742670442425,11.902346915555391,12.364792408775184,82741
2017-04-26,12.364792408775184,12.509725131716637,12.351552467160706,12.439600535847788,50000
2017-04-27,12.439600535847788,12.598755640747475,12.081753897485985,12.145173257143101,50000
2017-04-28,12.145173257143101,12.294176466036514,11.805502844464325,11.83632595947717,50000
2017-05-01,11.83632595947717,11.848783850530104,11.602893436016426,11.63645509038524,133915
2017-05-02,11.63645509038524,11.897658126410901,11.539487577112604,11.890049337515823,50000
2017-05-03,11.890049337515823,11.897938368439528,11.065517983241511,11.103506828517434,52817
2017-05-04,11.103506828517434,11.517398132246589,11.049235370642418,11.515284444264736,50000
2017-05-05,11.515284444264736,11.56071572189003,10.94747388675536,10.971885734332016,50000
2017-05-08,10.971885734332016,11.012628200289877,10.708824246948168,10.771127816179936,50000
2017-05-09,10.771127816179936,11.146531704428421,10.664060422935204,11.140378008205397,68080
2017-05-10,11.140378008205397,11.175629284509096,11.0341675097372,11.073085936752037,50000
2017-05-11,11.073085936752037,11.12072326536919,10.826693683710502,10.89483303645575,80056
2017-05-12,10.89483303645575,10.969952005390967,10.474759611860208,10.51950842538096,50000
2017-05-15,10.51950842538096,10.791673415704723,10.480916279836014,10.78038474209121,50000
2017-05-16,10.78038474209121,10.848080582187825,10.25364854147572,10.32512835000633,50000
2017-05-17,10.32512835000633,10.435415535150401,10.31649384139564,10.373881896316929,50000
2017-05-18,10.373881896316929,10.374022962754314,10.281360502476621,10.327403106729404,50000
2017-05-19,10.327403106729404,10.432776475104848,10.098303359002179,10.149591682333865,50000
2017-05-22,10.149591682333865,10.195281100645596,10.029376923433514,10.030909001949999,50000
2017-05-23,10.030909001949999,10.259237204082185,10.021716167615141,10.211497069759723,50000
2017-05-24,10.211497069759723,10.411817699232401,10.191364356359113,10.298717740330705,65865
2017-05-25,10.298717740330705,10.4034818486294,10.09890885147546,10.110015113491876,50000
2017-05-26,10.110015113491876,10.150307052876224,9.943707189458133,9.994092978021817,50000
2017-05-29,9.994092978021817,10.056888315909976,9.772175637998204,9.796994391255556,50000
2017-05-30,9.796994391255556,9.810051496991269,9.496248528151026,9.496692827501814,50000
2017-05-31,9.496692827501814,9.833331655909218,9.448845849363133,9.689390153357307,84929
2017-06-01,9.689390153357307,9.919798901336929,9.661872322547904,9.839551499145072,50000
2017-06-02,9.839551499145072,10.141638493167338,9.817696300657627,10.09228094973559,50000
2017-06-05,10.09228094973559,10.346282428908744,10.06268679619872,10.344173789457365,50000
2017-06-06,10.344173789457365,10.45698445222087,10.067690483153473,10.160935188842124,51105
2017-06-07,10.160935188842124,10.216703387909183,10.054792565594486,10.095836601895755,79405
2017-06-08,10.095836601895755,10.195282833478228,9.74632152311409,9.775206703738622,50000
2017-06-09,9.775206703738622,9.950508001955138,9.766732847360121,9.84874042560749,63806
2017-06-12,9.84874042560749,10.075596535166163,9.81163458632998,10.052428360122267,50000
2017-06-13,10.052428360122267,10.09229802664661,9.676768416666759,9.833791327785075,50000
2017-06-14,9.833791327785075,9.837893014120219,9.234816184604043,9.247012426842648,129801
2017-06-15,9.247012426842648,9.254030323439414,9.151437791609306,9.194938529992626,65526
2017-06-16,9.194938529992626,9.252948779153384,8.587161902111982,8.66886110318942,50000
2017-06-19,8.66886110318942,8.679808691546599,8.550854676400332,8.56413106438724,50000
2017-06-20,8.56413106438724,8.59159523673474,8.108149332380343,8.148987471508779,50000
2017-06-21,8.148987471508779,8.170154988311559,7.79536127578758,7.829795855447203,59140
2017-06-22,7.829795855447203,8.769671759253198,7.8002341626242355,8.753990902822833,85665
2017-06-23,8.753990902822833,9.073739329031529,8.703476168695376,9.07012522472973,50000
2017-06-26,9.07012522472973,9.308632585126512,8.9903296063072,9.272525521584784,50000
2017-06-27,9.272525521584784,9.319930613266983,8.825225807769282,8.839541131227845,143865
2017-06-28,8.839541131227845,8.989232908926933,8.791704377420425,8.937485049632278,50000
2017-06-29,8.937485049632278,9.215565891751016,8.886692440063154,9.161981933604675,81537
2017-06-30,9.161981933604675,9.253087941759008,8.857876894214181,8.929379832419752,50000
2017-07-03,8.929379832419752,9.34598601331044,8.88190767892787,9.3274809433613,50000
2017-07-04,9.3274809433613,9.477266972622347,8.990275891738225,9.006633120699757,50000
2017-07-05,9.006633120699757,9.147684746359493,8.974132837223735,9.054946302425066,50000
2017-07-06,9.054946302425066,9.086416677868382,8.951076690351176,8.9968479740329,50000
2017-07-07,8.9968479740329,9.210224883097634,8.95969243888041,9.205879288969658,79552
2017-07-10,9.205879288969658,9.279414569623215,8.462208255733525,8.524417916995054,50000
2017-07-11,8.524417916995054,8.729408570991627,8.49813741406391,8.662349742997991,50000
2017-07-12,8.662349742997991,8.74556319411469,8.631875501412102,8.726131006428611,56968
2017-07-13,8.726131006428611,8.763716920296504,8.472227737625921,8.485111055867286,96539
2017-07-14,8.485111055867286,8.591404022125241,8.413921934816,8.444048311258305,134391
2017-07-17,8.444048311258305,8.517259442590564,8.42263442814752,8.48933159783425,50000
2017-07-18,8.48933159783425,8.54884985294953,8.372920133401045,8.463395781948433,64600
2017-07-19,8.463395781948433,8.489233013406574,8.187689843901481,8.193181934670593,50000
2017-07-20,8.193181934670593,8.298404168412748,8.159856268819222,8.235155915620064,58553
2017-07-21,8.235155915620064,8.321376924092776,8.224521480084485,8.313266258789914,50000
2017-07-24,8.313266258789914,8.411233733281556,8.304392976528993,8.315760109823819,50000
2017-07-25,8.315760109823819,8.545005631752126,8.272450033606688,8.495956829025543,50000
2017-07-26,8.495956829025543,9.146878426200967,8.45701444766876,9.090902843025676,50000
2017-07-27,9.090902843025676,9.162366121251546,8.62309599640099,8.629063187217747,50000
2017-07-28,8.629063187217747,9.09001522813166,8.592775240844958,9.058654293266239,50000
2017-07-31,9.058654293266239,9.170808016798471,8.31859827133217,8.419835820174903,52794
2017-08-01,8.419835820174903,8.507816621992275,8.394479419161387,8.50696033157552,92314
2017-08-02,8.50696033157552,8.918788388566043,8.405152260882707,8.91535929805515,50000
2017-08-03,8.91535929805515,9.039012467389313,8.897652443926697,9.027346254189016,52696
2017-08-04,9.027346254189016,9.06962502802907,8.907345926452699,8.927493344266896,50000
2017-08-07,8.927493344266896,8.955423623043888,8.907539958016088,8.925018140137581,50000
2017-08-08,8.925018140137581,9.082575514981125,8.83680211753233,9.002508302962946,50000
2017-08-09,9.002508302962946,9.01283564737462,8.794297885967625,8.876947290881043,150054
2017-08-10,8.876947290881043,8.996167061962819,8.510028853570947,8.583619333850908,51922
2017-08-11,8.583619333850908,9.046771664025764,8.520641749777765,8.814812499717583,50000
2017-08-14,8.814812499717583,8.845357985836623,8.683060121469635,8.689620797908987,66476
2017-08-15,8.689620797908987,8.740632199804844,8.256525574747258,8.3272580543087,50000
2017-08-16,8.3272580543087,8.349158323053066,7.766299459001129,7.771752106911201,50000
2017-08-17,7.771752106911201,7.847712873430784,7.734848724009075,7.781258732354266,50000
2017-08-18,7.781258732354266,8.296206595041802,7.746814946777197,8.1960674084397,269321
2017-08-21,8.1960674084397,8.352177240631498,8.168819438083945,8.322791291769677,50070
2017-08-22,8.322791291769677,8.667199894483968,8.274185058455885,8.62351991410778,74896
2017-08-23,8.62351991410778,8.87571820982318,8.57690871489709,8.852764206397332,50000
2017-08-24,8.852764206397332,9.076836894248464,8.843235661339575,9.014253205019713,62519
2017-08-25,9.014253205019713,9.062147229829325,8.874677505309622,8.932291462771744,56963
2017-08-28,8.932291462771744,9.003436653821593,8.878647214013402,9.001625964377814,50000
2017-08-29,9.001625964377814,9.078434729278841,8.68201131395748,8.705156365461756,50000
2017-08-30,8.705156365461756,8.800459450050733,8.66612661917965,8.690968134855,57818
2017-08-31,8.690968134855,9.218474871786075,8.690620867320282,9.133866619647925,50000
2017-09-01,9.133866619647925,9.141199385868777,8.868969819764997,8.926483781680652,50000
2017-09-04,8.926483781680652,8.990712502134475,8.54397418134865,8.55750967908161,50000
2017-09-05,8.55750967908161,8.571567710817037,8.486130486076101,8.519121006826781,86937
2017-09-06,8.519121006826781,8.650089568808806,8.451320406670801,8.576484663173524,64618
2017-09-07,8.576484663173524,8.60550866012566,8.129132310364763,8.171633926131763,50000
2017-09-08,8.171633926131763,8.277900395275598,8.168473700940146,8.244877697682794,115464
2017-09-11,8.244877697682794,8.300561788393875,7.902229231105779,7.967781571749621,113492
2017-09-12,7.967781571749621,7.987445283644181,7.4885218712910815,7.502311055652385,50000
2017-09-13,7.502311055652385,7.977529486833977,7.423162972399838,7.902022359648875,50000
2017-09-14,7.902022359648875,8.013164081357177,7.886828686492642,8.005904192663543,50000
2017-09-15,8.005904192663543,8.007131043072706,7.899252062961984,7.955907625109585,50000
2017-09-18,7.955907625109585,8.388230936355512,7.927756654331026,8.318788147062136,50000
2017-09-19,8.318788147062136,8.590118612979007,8.246487685882277,8.457783106217736,79048
2017-09-20,8.457783106217736,8.755629197120562,8.445421215471955,8.706447100255115,50000
2017-09-21,8.706447100255115,9.179980339908122,8.675478026048886,9.054097569124592,181738
2017-09-22,9.054097569124592,9.237496282569598,8.997581066072465,9.186190415536704,50000
2017-09-25,9.186190415536704,9.22089333001986,8.92468779322001,8.995634339424361,50000
2017-09-26,8.995634339424361,9.088088286016463,8.721786386877042,8.81284093326534,50000
2017-09-27,8.81284093326534,8.881428534456239,8.810048187622188,8.869289468134001,50000
2017-09-28,8.869289468134001,9.202038827534086,8.868043711745742,9.124136665968,86440
2017-09-29,9.124136665968,9.238948801214905,9.060907425047118,9.236997839224552,50000
2017-10-02,9.236997839224552,9.28503888894309,9.045647490992424,9.07475285664856,65831
2017-10-03,9.07475285664856,9.273857013180827,9.040885447794837,9.267158242228286,50000
2017-10-04,9.267158242228286,9.294194599739766,9.00915760354707,9.057059358645173,50000
2017-10-05,9.057059358645173,9.091589604612643,8.629216357308737,8.64882033627732,57437
2017-10-06,8.64882033627732,8.713251446987835,8.299664058262106,8.303048490336757,54259
2017-10-09,8.303048490336757,8.328147126716487,8.159752571860265,8.16876458245888,50030
2017-10-10,8.16876458245888,8.203216217619293,7.59226742558181,7.629925120072243,96190
2017-10-11,7.629925120072243,7.8710781876222375,7.606447503612044,7.830491174064453,50000
2017-10-12,7.830491174064453,7.8674822990637345,7.678546166453122,7.744029441844582,50000
2017-10-13,7.744029441844582,8.399613926614805,7.687702509140025,8.29076392433827,50000
2017-10-16,8.29076392433827,8.33362464436575,8.121384969913224,8.160625802584685,50000
2017-10-17,8.160625802584685,8.20464585216564,8.072749442850816,8.13664326196925,189998
2017-10-18,8.13664326196925,8.36643530409343,8.114584586353404,8.312210046905731,50000
2017-10-19,8.312210046905731,8.400352576786378,7.92458598247367,7.944417555045339,105051
2017-10-20,7.944417555045339,8.182294023899495,7.934333908651634,8.145474615450208,53184
2017-10-23,8.145474615450208,8.217938701375203,7.917597326460661,7.961754969097228,82852
2017-10-24,7.961754969097228,8.16925182771111,7.947509735682306,8.16157261111785,50000
2017-10-25,8.16157261111785,8.164489557391502,7.660309665628331,7.6911744471600025,188355
2017-10-26,7.6911744471600025,7.911590031546545,7.676070305375618,7.840558174969787,52436
2017-10-27,7.840558174969787,7.89314126075069,7.800587031124986,7.8684414337949935,50000
2017-10-30,7.8684414337949935,8.241023458907968,7.826458415226031,8.194323690064223,51226
2017-10-31,8.194323690064223,8.441531429847984,8.161125353891006,8.362334988997398,90618
2017-11-01,8.362334988997398,8.392682689227819,8.235344894428835,8.314265723001318,50000
2017-11-02,8.314265723001318,8.372514919989907,7.893020623427002,7.915938798649671,50000
2017-11-03,7.915938798649671,7.955721135911151,7.3875615818365254,7.415154804559598,50000
2017-11-06,7.415154804559598,7.418495265214206,7.343057500806506,7.381255584094297,50000
2017-11-07,7.381255584094297,7.505235875829896,7.3361836147224935,7.44935941148923,50000
2017-11-08,7.44935941148923,7.621975871339606,7.380687045354876,7.620450699903999,50000
2017-11-09,7.620450699903999,7.626368733889574,7.4206824568229095,7.509834380758637,167176
2017-11-10,7.509834380758637,7.614622882244586,7.471346911947197,7.59815480227719,50000
2017-11-13,7.59815480227719,7.611709684124299,7.192847165627407,7.222632290076057,50000
2017-11-14,7.222632290076057,7.67814209053281,7.2167414664136995,7.622153710489704,50269
2017-11-15,7.622153710489704,8.346951793967236,7.543370664145892,8.319064145462724,50000
2017-11-16,8.319064145462724,8.3631201909027,8.168287766426833,8.178881544713548,59966
2017-11-17,8.178881544713548,8.189336184613813,7.996567327815046,8.031216520772746,254646
2017-11-20,8.031216520772746,8.034666724111553,7.9194070980358005,7.986401276509995,62541
2017-11-21,7.986401276509995,8.016707961828622,7.24186370649916,7.313876613718303,50000
2017-11-22,7.313876613718303,7.346048015314501,7.011664009160617,7.033234180198194,77529
2017-11-23,7.033234180198194,7.377845974905127,7.0230132573731225,7.326298969761518,101666
2017-11-24,7.326298969761518,7.366976876283538,6.757021201800585,6.788414265595855,50000
2017-11-27,6.788414265595855,7.271451832733446,6.768769322064084,7.2327211744592255,50000
2017-11-28,7.2327211744592255,7.40326652592172,7.179956747351537,7.347432254690854,50000
2017-11-29,7.347432254690854,7.4153171576677055,7.274772639960976,7.407312772816384,50000
2017-11-30,7.407312772816384,7.439386976982728,7.3428547597267935,7.392901077496415,50000
2017-12-01,7.392901077496415,7.570662907317308,7.313958223241967,7.5358755459951725,50000
2017-12-04,7.5358755459951725,7.937630738216734,7.494079714767532,7.887527291864027,50000
2017-12-05,7.887527291864027,8.278726583001696,7.86070637596288,8.253623053378643,52797
2017-12-06,8.253623053378643,8.540173098830016,8.247439444050261,8.49630871483366,50000
2017-12-07,8.49630871483366,8.501726022038808,8.173274244546493,8.192493680639219,50000
2017-12-08,8.192493680639219,8.436318275240572,8.13362490744474,8.430901169365372,50000
2017-12-11,8.430901169365372,8.514546435926272,8.40227510896136,8.496398735907915,337641
2017-12-12,8.496398735907915,8.531710851931935,8.107297790305815,8.111663403603336,50000
2017-12-13,8.111663403603336,8.156590987575544,7.99395366922678,8.01406524382383,50000
2017-12-14,8.01406524382383,8.184236301656023,7.978430605910542,8.149718587289064,54237
2017-12-15,8.149718587289064,8.165728314703468,7.740658814575944,7.836001025997219,50000
2017-12-18,7.836001025997219,7.8611677016871635,7.759051831306156,7.762964009106442,50000
2017-12-19,7.762964009106442,7.802388210241614,7.394262922341196,7.421156298757148,95480
2017-12-20,7.421156298757148,7.431248595391218,6.937880686469738,6.9937006326188165,50000
2017-12-21,6.9937006326188165,7.0547929788155175,6.815980187892202,6.820466617456913,67264
2017-12-22,6.820466617456913,7.034760152117676,6.7844440676144675,6.971581383985811,78116
2017-12-25,6.971581383985811,7.026067014721751,6.9458069187606855,6.995268858349916,50000
2017-12-26,6.995268858349916,7.064913310785401,6.689605375785764,6.7583317113894426,53913
2017-12-27,6.7583317113894426,7.094421162389816,6.6546470038897825,7.082888690193582,50000
2017-12-28,7.082888690193582,7.240315913982567,7.075714883650423,7.22711360429288,82476
2017-12-29,7.22711360429288,7.5100030690101125,7.204484875827574,7.474635687989172,81959
2018-01-01,7.474635687989172,7.50145393298735,7.2840243352986045,7.329719978264386,54598
2018-01-02,7.329719978264386,7.400819211746289,7.154210858713853,7.188029253334127,73157
2018-01-03,7.188029253334127,7.2036104331618205,7.042398737813776,7.069186309379643,50000
2018-01-04,7.069186309379643,7.217317554663523,7.004460925578184,7.125974695255281,50000
2018-01-05,7.125974695255281,7.300286595407737,7.073557859211444,7.26450291573734,50000
2018-01-08,7.26450291573734,7.490674871156177,7.2068210142210525,7.463359533320193,50000
2018-01-09,7.463359533320193,7.490260050473211,7.4234976548793385,7.485042724526769,50000
2018-01-10,7.485042724526769,7.798988883494838,7.443540651071958,7.70037846564395,50000
2018-01-11,7.70037846564395,7.8713492483264265,7.647154902712586,7.826275505678898,50000
2018-01-12,7.826275505678898,8.113883475967791,7.777215957688293,8.0760378755102,50000
2018-01-15,8.0760378755102,8.596260708984335,8.065612970264217,8.573711322059577,57198
2018-01-16,8.573711322059577,8.617440116928906,8.064910922976669,8.1256120757986,50000
2018-01-17,8.1256120757986,8.129407710349044,7.74156432801129,7.762682651055283,50000
2018-01-18,7.762682651055283,7.862458702514805,7.74792269287571,7.857338499860163,50000
2018-01-19,7.857338499860163,8.068941241777765,7.825196024108584,8.022699154392843,50000
2018-01-22,8.022699154392843,8.07183428961077,7.195734556151807,7.197809494728787,57620
2018-01-23,7.197809494728787,7.218777363994639,7.151083761773249,7.211299722186598,50000
2018-01-24,7.211299722186598,7.507079347940711,7.192528076908332,7.4758750167291295,50000
2018-01-25,7.4758750167291295,7.494309399924183,7.222626904775484,7.225013963605135,50000
2018-01-26,7.225013963605135,7.2299696061864545,7.122215278583466,7.134302646688275,50000
2018-01-29,7.134302646688275,7.9480080647232185,7.093735421322721,7.924772907208503,78848
2018-01-30,7.924772907208503,7.948129234179693,7.665083477558949,7.723294724004439,73622
2018-01-31,7.723294724004439,7.7504656423324025,7.636316963919126,7.638551530769226,50000
2018-02-01,7.638551530769226,7.666979200319569,7.6128037471400765,7.623095959592989,50000
2018-02-02,7.623095959592989,8.283151507815926,7.602979113308607,8.247240820906251,50000
2018-02-05,8.247240820906251,8.795622944474085,8.240525181982463,8.744017447824247,50000
2018-02-06,8.744017447824247,9.087685202641529,8.707208791980253,9.0419667732203,50000
2018-02-07,9.0419667732203,9.382415165189318,9.011256143316555,9.281820353197121,53894
2018-02-08,9.281820353197121,9.394192353770379,9.109426706466687,9.32763961051543,52939
2018-02-09,9.32763961051543,9.38020523665846,9.227505696348947,9.36975423301488,50000
2018-02-12,9.36975423301488,9.434039218966522,9.12701645388643,9.214039998255783,69039
2018-02-13,9.214039998255783,9.253667836047727,9.044969488009626,9.080649702934851,102808
2018-02-14,9.080649702934851,9.254187040355912,9.020017939346818,9.23663664550223,89961
2018-02-15,9.23663664550223,9.736566806504285,9.218496377706128,9.691583040400975,50000
2018-02-16,9.691583040400975,10.20772074740636,9.659019215257642,10.196381350298461,50000
2018-02-19,10.196381350298461,10.336727297682557,10.178490829344147,10.2892400620782,50000
2018-02-20,10.2892400620782,10.318620956778929,9.998091861462795,9.99908599830473,53814
2018-02-21,9.99908599830473,10.119691951237009,9.943182490710704,10.015904779975092,65546
2018-02-22,10.015904779975092,10.15871452395209,9.973573592101395,10.062665800189476,50000
2018-02-23,10.062665800189476,10.283550512259342,10.03558401466129,10.184398973614316,50000
2018-02-26,10.184398973614316,10.686111627519137,10.12867073351015,10.521901160544166,56670
2018-02-27,10.521901160544166,10.63751460561174,10.385568585389946,10.387274429132997,50000
2018-02-28,10.387274429132997,10.54375126279898,10.35092122863738,10.492579213608376,67082
2018-03-01,10.492579213608376,11.552603977745676,10.401568630815978,11.464584912417587,89949
2018-03-02,11.464584912417587,11.578051900458124,11.411808104501045,11.51998573246694,50000
2018-03-05,11.51998573246694,11.926322685861681,11.503527638624018,11.857966942714787,50000
2018-03-06,11.857966942714787,11.904533570664869,11.806451674035891,11.8675616818228,71129
2018-03-07,11.8675616818228,11.936138018548077,11.630029833543796,11.665652171703925,50000
2018-03-08,11.665652171703925,11.68292283461149,11.323339889880105,11.408786330518485,50000
2018-03-09,11.408786330518485,11.562921245792685,11.389896612946083,11.527492051283804,95124
2018-03-12,11.527492051283804,11.691953063292079,11.450160350641534,11.622707892539713,50000
2018-03-13,11.622707892539713,12.33979005985021,11.597084733122479,12.220557101359965,50000
2018-03-14,12.220557101359965,12.387832801535325,12.192375209739911,12.315234923005194,50000
2018-03-15,12.315234923005194,12.822734004304298,12.196020408880146,12.760600604235727,91511
2018-03-16,12.760600604235727,13.095100805853955,12.746979633332554,12.955908684741368,50000
2018-03-19,12.955908684741368,13.273285826197478,12.906849699523956,13.26622958689744,50000
2018-03-20,13.26622958689744,13.930183605803682,13.259893725222486,13.927969257745426,130673
2018-03-21,13.927969257745426,14.111821474353034,13.884129816007723,13.998177056176333,99611
2018-03-22,13.998177056176333,14.303462408358365,13.907212408408977,14.181765310497532,52787
2018-03-23,14.181765310497532,14.238158799987405,13.728180441229744,13.89448946592666,50000
2018-03-26,13.89448946592666,14.02300202199702,13.884692149133862,13.941888803537545,50000
2018-03-27,13.941888803537545,14.455626814766807,13.874941027084356,14.30418321598538,50000
2018-03-28,14.30418321598538,14.333893724095729,13.932177758858893,14.003856202039664,84650
2018-03-29,14.003856202039664,14.130290467760561,13.904900985356125,14.012321795255238,50000
2018-03-30,14.012321795255238,14.094490848764817,13.916945487099552,13.920227803575854,74965
2018-04-02,13.920227803575854,14.27019914516826,13.840398049738281,14.172717229032958,50000
2018-04-03,14.172717229032958,14.438189263440556,14.172371499264878,14.38202605740793,50000
2018-04-04,14.38202605740793,14.476486066739673,14.062388627350048,14.071190266691648,50000
2018-04-05,14.071190266691648,14.334826438044932,14.010181689210285,14.268642368233468,50000
2018-04-06,14.268642368233468,14.28857152444114,14.056024479405256,14.070379623921294,119053
2018-04-09,14.070379623921294,14.390442396208481,13.971053318371128,14.34975077363644,50000
2018-04-10,14.34975077363644,14.397631259542763,14.261575610337498,14.330886520134591,50000
2018-04-11,14.330886520134591,14.457047550635874,14.133258874660331,14.241683690550879,50000
2018-04-12,14.241683690550879,14.319543566460135,13.932957389629447,14.01399959357279,114464
2018-04-13,14.01399959357279,14.034978823712628,13.661160555562889,13.810852187092555,50000
2018-04-16,13.810852187092555,13.844571033160765,13.276963661228606,13.3913015578337,50000
2018-04-17,13.3913015578337,13.67823352538385,13.360141977468798,13.637253815801754,50000
2018-04-18,13.637253815801754,13.67722816149616,13.549139537919594,13.597765197055596,50000
2018-04-19,13.597765197055596,14.071894696981948,13.470695515729776,13.95621993653231,50000
2018-04-20,13.95621993653231,14.408024309317746,13.936301494090902,14.324993883832937,50000
2018-04-23,14.324993883832937,15.161661867699747,14.27063096444661,15.125885164310327,68506
2018-04-24,15.125885164310327,15.223786972544868,14.45147081633699,14.616092910677605,50000
2018-04-25,14.616092910677605,14.691949238395251,14.409768612163495,14.438126148343475,50000
2018-04-26,14.438126148343475,14.508626439749987,14.089442980392528,14.127868575815928,55314
2018-04-27,14.127868575815928,14.151374977029182,13.594695453700954,13.724356497149888,50000
2018-04-30,13.724356497149888,13.794359524149641,13.374879718968565,13.532027892249111,50000
2018-05-01,13.532027892249111,13.572517005996867,13.089559071220615,13.200724959681311,50000
2018-05-02,13.200724959681311,13.262927141020075,12.542143153344524,12.549073432079275,50000
2018-05-03,12.549073432079275,12.81276826069347,12.492771731581728,12.777464314871828,50000
2018-05-04,12.777464314871828,12.99654972907471,12.629596135883912,12.97048497752483,50000
2018-05-07,12.97048497752483,13.197251305096366,12.858387073908847,13.092678658586765,50000
2018-05-08,13.092678658586765,13.193470657967115,12.925998521639396,13.001518692477958,50000
2018-05-09,13.001518692477958,13.04665622632091,12.918453640533835,12.974668112837895,51026
2018-05-10,12.974668112837895,12.976860055460342,12.926445682716356,12.9354476161244,50000
2018-05-11,12.9354476161244,13.646844766290986,12.807591250507707,13.539787856803814,50000
2018-05-14,13.539787856803814,13.586511392062071,13.128493760840351,13.217558720453438,77281
2018-05-15,13.217558720453438,13.286083650257364,12.93050126110579,12.981944984648498,50000
2018-05-16,12.981944984648498,13.117492643595718,12.872092229642943,13.034456141052754,50000
2018-05-17,13.034456141052754,13.150477126181993,12.805768375696273,12.8102447602402,50000
2018-05-18,12.8102447602402,13.02187394302726,12.715390048700682,12.908231598479029,51357
2018-05-21,12.908231598479029,12.98870213213314,12.83158730316202,12.977976038357065,50000
2018-05-22,12.977976038357065,13.315858971072762,12.923338162897114,13.240271265170946,404501
2018-05-23,13.240271265170946,14.020763666497157,13.213993968370422,13.94982161680129,59468
2018-05-24,13.94982161680129,14.277938662281727,13.86894416611034,14.221154602545102,54375
2018-05-25,14.221154602545102,14.459178422782529,14.167485283903194,14.42514162129272,50000
2018-05-28,14.42514162129272,14.464210722294574,14.185148888342823,14.251102108691422,50000
2018-05-29,14.251102108691422,14.316348648628384,13.780405099330109,13.85709257378509,54558
2018-05-30,13.85709257378509,14.054659401846965,13.830233700517853,13.903992766523631,50000
2018-05-31,13.903992766523631,13.947985812969304,13.84891567912714,13.94784988033874,50000
2018-06-01,13.94784988033874,13.958719757367577,13.572589215584175,13.591190392542083,50000
2018-06-04,13.591190392542083,13.608083429115402,13.04024855567928,13.160700445289466,102232
2018-06-05,13.160700445289466,13.23078676501467,13.010537845469944,13.07562490403765,50000
2018-06-06,13.07562490403765,13.248103736629007,12.944921461323302,13.14658495275764,50000
2018-06-07,13.14658495275764,13.370266898345921,13.02014228671582,13.281831457877878,62522
2018-06-08,13.281831457877878,13.597009007712643,13.243774539064567,13.4740466824361,57110
2018-06-11,13.4740466824361,13.532787789247548,13.393431574906348,13.504128996977617,50000
2018-06-12,13.504128996977617,13.520825438917678,13.045054921305749,13.051007450845718,114780
2018-06-13,13.051007450845718,13.632019809220242,13.029613259009754,13.557319478460549,284669
2018-06-14,13.557319478460549,14.02282277678828,13.509674288384987,14.009904882383408,74838
2018-06-15,14.009904882383408,14.468957137667774,14.005813905394543,14.381635153244082,50000
2018-06-18,14.381635153244082,14.63070737664606,14.340890065819348,14.615669875011665,50000
2018-06-19,14.615669875011665,14.764676943465203,14.491157124088714,14.665493755318009,50000
2018-06-20,14.665493755318009,15.092297549840282,14.633744781120038,15.089200390173183,69732
2018-06-21,15.089200390173183,15.460820696382532,15.045791464582104,15.39460363682532,58625
2018-06-22,15.39460363682532,15.721431245647524,15.311412762761423,15.716686445900915,88717
2018-06-25,15.716686445900915,15.923649295369367,15.68468352785717,15.71966959186654,50000
2018-06-26,15.71966959186654,16.2104731254204,15.644304159628057,16.057472848627054,50000
2018-06-27,16.057472848627054,16.75665805444533,16.009068241512143,16.695176435846257,67620
2018-06-28,16.695176435846257,16.818750748839193,16.21316975142791,16.245952826229246,50000
2018-06-29,16.245952826229246,16.29458629677542,16.207253687769267,16.21760534496652,51538
2018-07-02,16.21760534496652,16.277173936898556,15.855515420564014,16.037875100024884,50000
2018-07-03,16.037875100024884,16.167074111920996,15.969733553762902,15.988332087556193,50000
2018-07-04,15.988332087556193,16.019982141651667,15.780622596678366,15.783769190508847,50000
2018-07-05,15.783769190508847,15.862168185407088,15.664668128705125,15.731421536217773,74781
2018-07-06,15.731421536217773,15.750407354921155,15.639429534684918,15.712812045713266,51162
2018-07-09,15.712812045713266,15.71888471459095,15.502105666360467,15.566680131492479,50000
2018-07-10,15.566680131492479,16.14281148419492,15.494610224372709,16.043312870771366,50000
2018-07-11,16.043312870771366,16.15564943210774,15.453743249597515,15.460661993084896,74684
2018-07-12,15.460661993084896,15.968597490503285,15.430305243912532,15.732176128681132,50000
2018-07-13,15.732176128681132,15.777261630116582,15.56789664489668,15.726013987515117,50000
2018-07-16,15.726013987515117,15.761394303543085,15.492986731893822,15.586700580313837,86588
2018-07-17,15.586700580313837,15.773975512328004,15.58621001117675,15.660734098556652,251810
2018-07-18,15.660734098556652,16.728114299623474,15.623973030922635,16.65824817257151,146655
2018-07-19,16.65824817257151,16.71022118910312,16.515301384663296,16.69742938853047,50000
2018-07-20,16.69742938853047,16.94913573259516,16.623445564082747,16.94736041667721,50000
2018-07-23,16.94736041667721,17.06307359178317,16.52350773643704,16.55352735166577,50000
2018-07-24,16.55352735166577,16.62679341682669,16.37595676507675,16.386838636542134,50000
2018-07-25,16.386838636542134,16.93809731181296,16.364738467945706,16.927044202093246,50000
2018-07-26,16.927044202093246,17.052462703566633,16.737720447637194,16.836096365881392,151297
2018-07-27,16.836096365881392,17.012685039256038,16.462286944647218,16.5500922327912,50000
2018-07-30,16.5500922327912,16.7506654437672,16.454653879281924,16.663778256150533,289683
2018-07-31,16.663778256150533,16.76811890211008,16.240105525768392,16.43613975044861,50000
2018-08-01,16.43613975044861,16.530702920123865,16.35158074165993,16.355326277214477,71016
2018-08-02,16.355326277214477,16.48738232498184,16.280097879628613,16.35087426038343,50000
2018-08-03,16.35087426038343,16.720586315877938,16.31279009523318,16.67324074380686,62395
2018-08-06,16.67324074380686,16.695381482267614,16.550669726904076,16.572355269817635,92580
2018-08-07,16.572355269817635,16.625848054670968,16.27349976110029,16.28495671652167,71665
2018-08-08,16.28495671652167,16.91311074673243,16.243967856464092,16.739077917652896,50000
2018-08-09,16.739077917652896,16.990322521334583,16.646403420430975,16.871961256359437,50000
2018-08-10,16.871961256359437,16.8860672914812,16.559426623482256,16.649455745140997,50000
2018-08-13,16.649455745140997,16.653962990168782,16.36828011103199,16.44347418003337,164952
2018-08-14,16.44347418003337,16.49103473777834,16.185808348655957,16.274536730358733,66444
2018-08-15,16.274536730358733,16.649105511662167,16.17897034942176,16.521959675080645,50000
2018-08-16,16.521959675080645,16.7019689986939,16.42392856506816,16.696043255624904,68729
2018-08-17,16.696043255624904,16.721058315000487,16.53155214536666,16.643249340001937,50000
2018-08-20,16.643249340001937,16.807755385651937,16.57338030285878,16.64766012501834,50000
2018-08-21,16.64766012501834,17.017867255845843,16.640351932267837,17.00466007163694,50000
2018-08-22,17.00466007163694,17.17724909643447,16.582207589402344,16.637798801127335,50000
2018-08-23,16.637798801127335,16.910219287250495,16.623654868432922,16.777935674893094,105062
2018-08-24,16.777935674893094,16.802755299560282,16.577584548333856,16.591357345089193,94174
2018-08-27,16.591357345089193,16.620034666542736,15.99761875390829,16.10401611846779,119019
2018-08-28,16.10401611846779,16.10873999907535,16.016180983727043,16.063698491899945,50000
2018-08-29,16.063698491899945,16.112384626047835,15.770838292415013,15.856926454033934,71399
2018-08-30,15.856926454033934,15.882190522860519,15.554424255534474,15.621573829497889,50000
2018-08-31,15.621573829497889,15.663486527962014,14.923710815553369,15.016151638804468,70594
2018-09-03,15.016151638804468,15.14315258089026,15.003174905394582,15.009982049442167,50000
2018-09-04,15.009982049442167,15.092790492322749,14.714625618623355,14.79980543954179,96122
2018-09-05,14.79980543954179,14.801594808864756,14.427682696093475,14.436695166944641,50000
2018-09-06,14.436695166944641,14.78755406885443,14.386690418231831,14.70042151537057,50000
2018-09-07,14.70042151537057,15.03269949073996,14.698411942386803,14.885977396639571,50000
2018-09-10,14.885977396639571,15.372758319535606,14.808602232225121,15.34952536945927,50000
2018-09-11,15.34952536945927,15.846022731094479,15.33351138695911,15.711162859137687,50000
2018-09-12,15.711162859137687,15.890735851036123,14.8701228031036,14.975005565716504,50000
2018-09-13,14.975005565716504,15.104026531317535,14.558427895529311,14.71200703944582,50000
2018-09-14,14.71200703944582,14.851724644622099,14.708353653565682,14.834496437666184,50000
2018-09-17,14.834496437666184,14.920151033805586,14.788172348134594,14.866903569952834,50000
2018-09-18,14.866903569952834,15.262340360812962,14.790648490229856,15.16971524746229,50000
2018-09-19,15.16971524746229,15.338400086869507,15.075075482509423,15.335205980526533,50000
2018-09-20,15.335205980526533,15.484023631507444,15.322774343762706,15.478172770569708,50000
2018-09-21,15.478172770569708,15.588773536243387,14.529254703355175,14.646711949019815,50000
2018-09-24,14.646711949019815,14.676939880881433,14.5380194396073,14.54924735331075,118335
2018-09-25,14.54924735331075,14.893689006387262,14.450173593521136,14.858329727381273,50000
2018-09-26,14.858329727381273,15.085850636149324,14.835393554413669,15.009630154827294,50000
2018-09-27,15.009630154827294,15.1284345006303,14.774180758083741,14.77781300824386,50000
2018-09-28,14.77781300824386,15.17849148976612,14.577552856546614,15.126697292636747,50000
2018-10-01,15.126697292636747,15.153317394312953,14.99981622051813,15.054648121587318,94415
2018-10-02,15.054648121587318,15.616442469232295,14.87412696455098,15.557400034715831,50000
2018-10-03,15.557400034715831,15.738273986457443,15.460361433603607,15.728610555950171,50905
2018-10-04,15.728610555950171,16.158892682372333,15.61314122325574,16.069161444268595,157706
2018-10-05,16.069161444268595,16.095631101629433,15.72862675070378,15.954558455341076,52387
2018-10-08,15.954558455341076,15.968687588694452,15.788824054285634,15.800565925476285,67198
2018-10-09,15.800565925476285,16.411889835407568,15.71152755636331,16.372486028191613,50000
2018-10-10,16.372486028191613,16.700473832926335,16.314804311032397,16.595329029844414,50000
2018-10-11,16.595329029844414,16.758004378817546,16.128551563343695,16.191019578915256,50000
2018-10-12,16.191019578915256,16.60704581318252,16.173481235605987,16.56903659025628,50000
2018-10-15,16.56903659025628,16.60397201057488,16.560147720708066,16.57270899665088,50000
2018-10-16,16.57270899665088,17.268743267661794,16.4920343743367,17.103275268927646,50000
2018-10-17,17.103275268927646,17.172143056061486,16.895056521684698,17.011474815951285,50000
2018-10-18,17.011474815951285,17.46070297517356,16.917450242399507,17.426310561687913,69137
2018-10-19,17.426310561687913,17.735735807105318,17.412156247501603,17.61536469410235,50000
2018-10-22,17.61536469410235,18.278891296701264,17.57589506191914,18.26914682696229,50000
2018-10-23,18.26914682696229,18.37384182688687,17.685327840442042,17.93921597867964,51805
2018-10-24,17.93921597867964,17.994044656095532,17.770445352495024,17.848970895534055,58160
2018-10-25,17.848970895534055,17.854968696187324,17.792701129685913,17.79276244319327,50000
2018-10-26,17.79276244319327,17.879209637676613,17.247114272917603,17.320418130864024,127307
2018-10-29,17.320418130864024,17.34096169154488,17.186949970593854,17.201602944038576,50000
2018-10-30,17.201602944038576,17.25604939062882,16.757116275097363,16.771256891588482,50000
2018-10-31,16.771256891588482,16.953559884980702,16.601115717972306,16.671998757571508,50000
2018-11-01,16.671998757571508,17.27574417817949,16.652127010659157,17.119408526385737,50000
2018-11-02,17.119408526385737,17.309969879103477,17.05387856550468,17.192165958248943,50000
2018-11-05,17.192165958248943,17.9403883945747,17.08079148074558,17.745234798406173,50000
2018-11-06,17.745234798406173,17.83758178978551,17.701639796724216,17.708421780461077,50000
2018-11-07,17.708421780461077,17.90580686969323,17.68092436142119,17.796244066372818,50000
2018-11-08,17.796244066372818,17.94002427702938,17.717479749241026,17.835744843610524,70772
2018-11-09,17.835744843610524,18.108256135263932,17.798752202190357,18.076735048659486,50000
2018-11-12,18.076735048659486,18.210779263872187,17.691168108506105,17.77202100996083,50000
2018-11-13,17.77202100996083,18.058494464351103,17.582610946492768,17.97662252137648,50000
2018-11-14,17.97662252137648,18.016107952739166,17.90640291926179,17.926436151948305,50000
2018-11-15,17.926436151948305,18.33237960838987,17.858500110085718,18.32111131175805,50000
2018-11-16,18.32111131175805,18.37485934674066,18.140990152643862,18.300386863204906,62944
2018-11-19,18.300386863204906,18.40232676098573,17.734639671819526,17.7856591677915,50000
2018-11-20,17.7856591677915,18.26246331243313,17.632628695856848,18.235663645548218,50000
2018-11-21,18.235663645548218,18.597284920085926,18.21684492568458,18.594370736278563,50000
2018-11-22,18.594370736278563,18.69932913885261,18.455329299369815,18.638446462638846,82260
2018-11-23,18.638446462638846,19.17494441693548,18.527175031930568,19.111823901035912,83304
2018-11-26,19.111823901035912,19.953118281289502,19.027848964998043,19.907139256964673,50000
2018-11-27,19.907139256964673,20.086113824930656,19.606870662090852,19.75195776260127,50000
2018-11-28,19.75195776260127,19.837323917511814,19.271834039330493,19.370348061800726,50000
2018-11-29,19.370348061800726,19.3922689905339,18.723656786841858,18.944897042853555,50000
2018-11-30,18.944897042853555,19.001131489289982,18.59695225396718,18.739140694147007,50000
2018-12-03,18.739140694147007,18.842331983641188,18.02495147496229,18.17118746729203,50000
2018-12-04,18.17118746729203,18.7981210074386,18.123867674505185,18.730130700356273,50000
2018-12-05,18.730130700356273,18.899809342532848,18.449989056934918,18.523796325368615,95090
2018-12-06,18.523796325368615,18.708279741345372,18.42477023187617,18.677358042258128,50000
2018-12-07,18.677358042258128,18.79556896791733,18.216962503697246,18.443005628851832,50000
2018-12-10,18.443005628851832,18.597333109167902,17.887100185902185,17.951114089623974,50000
2018-12-11,17.951114089623974,18.34452215664029,17.942140119206908,18.280522945811683,140616
2018-12-12,18.280522945811683,18.581833451548327,18.25553647621956,18.453017059790277,76019
2018-12-13,18.453017059790277,18.897579125653547,18.45177668502477,18.68202702660743,50000
2018-12-14,18.68202702660743,18.9053792406368,18.56745543460912,18.76844050324225,50000
2018-12-17,18.76844050324225,19.776604258232798,18.636137314317914,19.581753820284845,93255
2018-12-18,19.581753820284845,20.135538132406133,19.418023780841697,20.010075058902775,50000
2018-12-19,20.010075058902775,20.431793511951863,19.96507339958919,20.429688799294496,83621
2018-12-20,20.429688799294496,20.804702150198967,20.269276310041093,20.67202986689152,150589
2018-12-21,20.67202986689152,21.26971268915325,20.491677860098648,21.170437898247627,50000
2018-12-24,21.170437898247627,21.303762571490854,21.149347304507053,21.260818089433567,50000
2018-12-25,21.260818089433567,21.276275510300884,20.818201621307537,20.85620941447244,50000
2018-12-26,20.85620941447244,21.019368969817037,20.613791704480526,20.678984523985413,50000
2018-12-27,20.678984523985413,20.70526922482654,20.587472033143857,20.60001965245535,50000
2018-12-28,20.60001965245535,20.74738550203599,20.328363560640376,20.340935769591407,50000
2018-12-31,20.340935769591407,20.452613358472135,20.177166547422544,20.210938973272143,50000
2019-01-01,20.210938973272143,20.33306871724613,19.97716845152659,20.069983411255794,50000
2019-01-02,20.069983411255794,20.330065887852843,20.04289634083925,20.329323807671372,53390
2019-01-03,20.329323807671372,20.85599923823872,20.306330047556383,20.794919503027547,50000
2019-01-04,20.794919503027547,21.285265558338903,20.777082179449344,21.005802542009793,50000
2019-01-07,21.005802542009793,21.366578351763398,20.960870656226497,21.253465280133295,91546
2019-01-08,21.253465280133295,21.378982664840727,21.106592185305743,21.33982372346886,79493
2019-01-09,21.33982372346886,21.4778566919137,21.0769357807707,21.295231361729677,50000
2019-01-10,21.295231361729677,21.60799337877129,21.138525919283886,21.21449100945524,50000
2019-01-11,21.21449100945524,21.42746264490464,20.5589055534878,20.668269518684987,50000
2019-01-14,20.668269518684987,20.789238538372285,20.45967994830212,20.75950461544065,99051
2019-01-15,20.75950461544065,20.8325808501118,20.62400165721368,20.753887170731055,68014
2019-01-16,20.753887170731055,20.97830133311914,20.56019963583367,20.677226965504136,54645
2019-01-17,20.677226965504136,21.507910465877224,20.659664010482224,21.420150010169127,50000
2019-01-18,21.420150010169127,21.977902820309097,21.359999585445138,21.81809784081497,50000
2019-01-21,21.81809784081497,21.87892581016833,21.70729419481257,21.70828516333634,50000
2019-01-22,21.70828516333634,22.14784476377866,21.704296499758154,21.887427995167926,68095
2019-01-23,21.887427995167926,21.975849278870363,21.727853008113012,21.819434046741065,50000
2019-01-24,21.819434046741065,22.36374357943285,21.50577938704416,22.20773690027811,50000
2019-01-25,22.20773690027811,22.407902630297315,22.007992543161762,22.39795007695406,108502
2019-01-28,22.39795007695406,23.204203397931884,22.288722143097516,23.063173402037783,50000
2019-01-29,23.063173402037783,23.185312870596313,22.556588080331146,22.80314067381568,77494
2019-01-30,22.80314067381568,22.872397186279883,22.417225214639593,22.650313413639903,59484
2019-01-31,22.650313413639903,22.885144001901914,22.508365061961637,22.76064086706783,50000
2019-02-01,22.76064086706783,22.989810326391922,22.675730552389016,22.73525769417802,50000
2019-02-04,22.73525769417802,22.779964871121873,22.543537560439944,22.575783937784134,51889
2019-02-05,22.575783937784134,22.72130839821007,22.55417915809924,22.62055369436602,50000
2019-02-06,22.62055369436602,22.98743515182627,22.617614703170798,22.958449155390895,50000
2019-02-07,22.958449155390895,22.982563087689165,22.8770563341738,22.915310545258667,68752
2019-02-08,22.915310545258667,23.024887387342286,22.08513504216976,22.134172394995552,54930
2019-02-11,22.134172394995552,22.4763066025252,21.99766671542851,22.301257631698405,50000
2019-02-12,22.301257631698405,22.5156778005231,21.924099814392406,21.950294827233307,50000
2019-02-13,21.950294827233307,22.19783283123324,21.879157174771304,21.88860090367933,51935
2019-02-14,21.88860090367933,21.89870141619668,21.740631892759033,21.872674929695734,50000
2019-02-15,21.872674929695734,22.082100623291442,21.783186315657613,21.836382622428516,50000
2019-02-18,21.836382622428516,21.857378032144922,21.670647250909834,21.791035865023648,79755
2019-02-19,21.791035865023648,21.82808841163833,21.433848381263974,21.51182459772865,50000
2019-02-20,21.51182459772865,21.64924180871803,20.986060530116863,21.07330733237413,77236
2019-02-21,21.07330733237413,21.332254995625618,21.065937696571986,21.209276109073453,50000
2019-02-22,21.209276109073453,21.289275562929962,20.787177083820872,20.829539072886572,50000
2019-02-25,20.829539072886572,20.877083979493943,20.379681252651928,20.455313185811708,50772
2019-02-26,20.455313185811708,20.583594770517742,20.39828623363212,20.51727636477772,50000
2019-02-27,20.51727636477772,20.743137111047485,20.40529025407323,20.720826430956052,75366
2019-02-28,20.720826430956052,20.978998001343726,20.598914310959522,20.67647448311893,50000
2019-03-01,20.67647448311893,20.84481870431282,20.408725483720385,20.414679025268338,50000
2019-03-04,20.414679025268338,20.44902300901039,20.116292193173827,20.317914888768307,50000
2019-03-05,20.317914888768307,20.49326906112777,19.722823222811012,19.84438788188653,50000
2019-03-06,19.84438788188653,19.95270852763756,19.663587720543816,19.754807895473828,50000
2019-03-07,19.754807895473828,19.854552340994285,19.136290160940014,19.228268105286105,50000
2019-03-08,19.228268105286105,19.320811008646807,18.655913422241827,18.937584983152924,50000
2019-03-11,18.937584983152924,19.10646776277817,18.914100643758264,19.08536294796553,52255
2019-03-12,19.08536294796553,19.712159931251016,19.016348021840056,19.42884038259396,50000
2019-03-13,19.42884038259396,19.429632576604064,19.135975768479202,19.258242295087467,50000
2019-03-14,19.258242295087467,19.50381078012866,19.21208497609759,19.413280626593547,50000
2019-03-15,19.413280626593547,19.64041999136733,19.050156387051832,19.086626332225578,133306
2019-03-18,19.086626332225578,19.563831658694145,19.041513899216827,19.474744068116703,50000
2019-03-19,19.474744068116703,19.605831157431524,19.429268525469737,19.59476939935246,50000
2019-03-20,19.59476939935246,19.767375258341797,19.526823028059763,19.690686999901953,50000
2019-03-21,19.690686999901953,19.767777829791555,19.358670626725484,19.527658268015063,50000
2019-03-22,19.527658268015063,19.57421229884444,18.958953554614187,18.98981019824746,97066
2019-03-25,18.98981019824746,19.35347060786155,18.955379847021682,19.236775593316793,50943
2019-03-26,19.236775593316793,19.623731874316903,19.089476743769087,19.50680936964546,50000
2019-03-27,19.50680936964546,19.809736198730658,18.94102760651656,19.009236035514377,50000
2019-03-28,19.009236035514377,19.059427278783435,18.647717722823963,18.663119838597535,50000
2019-03-29,18.663119838597535,18.72328721823002,18.555465171231674,18.58783129110984,50000
2019-04-01,18.58783129110984,18.99961810050475,18.523610316151235,18.94033325856292,50000
2019-04-02,18.94033325856292,19.134801774466315,18.187039188944546,18.195547712980108,50000
2019-04-03,18.195547712980108,18.294111651198982,17.932099181955483,17.94530332124629,50000
2019-04-04,17.94530332124629,18.441179638821005,17.870598868975993,18.226415302021252,50000
2019-04-05,18.226415302021252,18.711237692254095,18.190322620148834,18.62913593705811,117786
2019-04-08,18.62913593705811,18.76221980730638,18.621535094700143,18.73812424414008,50000
2019-04-09,18.73812424414008,18.884507874319933,18.584964102765063,18.71676923310299,50000
2019-04-10,18.71676923310299,19.03210345997608,18.577261746108437,18.853956314217815,50000
2019-04-11,18.853956314217815,18.888746293172503,18.27178669637508,18.423831714038727,50000
2019-04-12,18.423831714038727,18.492563844110748,18.02664273266077,18.055376181928715,50000
2019-04-15,18.055376181928715,18.160157926396334,17.934517622118218,18.105711638883328,50000
2019-04-16,18.105711638883328,18.536675464030072,18.035718467291396,18.52413792224979,50000
2019-04-17,18.52413792224979,19.14275021121352,18.425413530316472,18.910495300624103,50000
2019-04-18,18.910495300624103,19.087875244081175,18.674900805559474,18.692716013374035,50000
2019-04-19,18.692716013374035,19.334792936398262,18.600850147054086,19.280956057412517,73518
2019-04-22,19.280956057412517,19.900122348173678,19.22618910488722,19.830907615534382,54318
2019-04-23,19.830907615534382,19.92743487243304,19.402648123131048,19.51467224603009,61774
2019-04-24,19.51467224603009,19.61667975630009,19.472272768610896,19.559092600957726,74695
2019-04-25,19.559092600957726,19.86647122726099,19.545554104353297,19.762055347589307,50000
2019-04-26,19.762055347589307,19.925740393596072,19.452204644506537,19.477580558552383,50000
2019-04-29,19.477580558552383,20.260706455318388,19.332847867170585,19.919491304596974,50000
2019-04-30,19.919491304596974,20.034596255233012,19.591960785702796,19.719274442376292,50000
2019-05-01,19.719274442376292,20.203823156232364,19.592748901666674,19.93374111428047,50000
2019-05-02,19.93374111428047,20.119158720679618,19.735999248278453,19.751561366985136,50000
2019-05-03,19.751561366985136,20.094148117272187,19.58390152605749,20.063754769850917,70036
2019-05-06,20.063754769850917,20.214884027731696,19.872876516778717,20.157765185472698,50000
2019-05-07,20.157765185472698,20.23685311312206,19.80034118246208,19.876434565527052,107318
2019-05-08,19.876434565527052,20.302618992955047,19.850705186439306,20.278822131487697,50000
2019-05-09,20.278822131487697,20.305007959524296,19.750345432859373,19.887245582379798,74669
2019-05-10,19.887245582379798,19.981655752059428,19.689702067975592,19.826750277377943,50861
2019-05-13,19.826750277377943,20.061313529876337,19.72846310476972,19.97061859465461,66496
2019-05-14,19.97061859465461,20.142204993865413,19.795508407907146,19.83304806782658,50000
2019-05-15,19.83304806782658,20.01301511846387,19.650729759407355,19.937534018224607,78350
2019-05-16,19.937534018224607,20.341473796065674,19.893995792595007,20.28383877235274,50000
2019-05-17,20.28383877235274,20.59597452850146,20.10418020916794,20.571103979945953,130774
2019-05-20,20.571103979945953,20.67531900916594,20.44027114492265,20.594603161216128,50000
2019-05-21,20.594603161216128,20.66796891897921,20.264834032120593,20.38776813296209,50000
2019-05-22,20.38776813296209,20.497157262897986,19.972821525761113,20.29924688937348,50000
2019-05-23,20.29924688937348,20.631184914481445,20.224753867638327,20.600881970873036,50000
2019-05-24,20.600881970873036,20.911926622583113,20.29791333513098,20.38856432355533,50000
2019-05-27,20.38856432355533,20.50218685580319,20.305657218398057,20.333553148201894,50000
2019-05-28,20.333553148201894,20.41107488999374,20.04326158748319,20.052001237689186,79086
2019-05-29,20.052001237689186,20.077030790201135,19.7437085362,19.844991470457682,63498
2019-05-30,19.844991470457682,19.989882436286592,19.388892358203382,19.545970443624988,50000
2019-05-31,19.545970443624988,19.755263199966492,19.52851668949123,19.65076870164705,58003
2019-06-03,19.65076870164705,20.009523814898476,19.52895655651335,20.003306769164542,50000
2019-06-04,20.003306769164542,20.18614449127906,19.715296736248614,19.725792895882122,50000
2019-06-05,19.725792895882122,19.873615990657843,18.993096186934824,19.23318364125977,84976
2019-06-06,19.23318364125977,19.51961522962057,18.9629300425715,19.1259372892009,50000
2019-06-07,19.1259372892009,19.15088878362947,18.76089325443093,18.873182171511324,50000
2019-06-10,18.873182171511324,19.053513266726362,18.561584408397625,18.633141438097628,50000
2019-06-11,18.633141438097628,18.64115029107201,18.365135296825226,18.625933314048957,50000
2019-06-12,18.625933314048957,18.76715973002113,18.443556700903496,18.47783772344462,93278
2019-06-13,18.47783772344462,18.548642893251195,18.255834444002108,18.374786148966518,50000
2019-06-14,18.374786148966518,18.46585237423835,18.29486326648885,18.412887536773155,50000
2019-06-17,18.412887536773155,18.46801038882292,17.898251053784684,17.9546243185759,50000
2019-06-18,17.9546243185759,18.620834773198684,17.94139069025168,18.523076342120614,50000
2019-06-19,18.523076342120614,18.788427637606887,18.406644494754683,18.710396920503328,50000
2019-06-20,18.710396920503328,18.853675561191704,18.70320965555373,18.85064095134681,50000
2019-06-21,18.85064095134681,18.879371571109342,18.616124323680747,18.667466132734965,50000
2019-06-24,18.667466132734965,18.80627150461131,18.22083895368051,18.315172534936913,50000
2019-06-25,18.315172534936913,18.799454798739465,18.256321361519337,18.7656607969271,50000
2019-06-26,18.7656607969271,19.1306985095397,18.725740666640533,19.09974253230915,50000
2019-06-27,19.09974253230915,19.256464183339755,18.875302089898913,18.878113054813532,50000
2019-06-28,18.878113054813532,19.154888171233345,18.304267797105453,18.439610490366928,50000
2019-07-01,18.439610490366928,18.701188164855136,17.81410514392657,17.836084104343243,50000
2019-07-02,17.836084104343243,17.89868929166429,17.54994851388826,17.667063827839776,50000
2019-07-03,17.667063827839776,17.971753139617853,17.653600871112015,17.809956337140633,50000
2019-07-04,17.809956337140633,17.985126795169517,17.117475953457326,17.26135580284466,183511
2019-07-05,17.26135580284466,17.975534742369145,17.174850258038724,17.974575294705883,50000
2019-07-08,17.974575294705883,18.012828806951852,17.62754044941574,17.629161140464326,51624
2019-07-09,17.629161140464326,17.651756757297484,17.59879409032533,17.632262214211867,60895
2019-07-10,17.632262214211867,17.718144536632558,17.507057915055462,17.59187790661211,50000
2019-07-11,17.59187790661211,17.74936714050355,17.52940083329652,17.743961075988427,50000
2019-07-12,17.743961075988427,17.9285274209261,17.381113386300985,17.40203068065957,113019
2019-07-15,17.40203068065957,17.687274868912432,17.278826732109035,17.649510580840968,72117
2019-07-16,17.649510580840968,17.843474196491517,17.623232938754573,17.682564776148695,52735
2019-07-17,17.682564776148695,18.36738009181449,17.660479036537357,18.25992282463573,81764
2019-07-18,18.25992282463573,18.33649009776506,18.1567202642651,18.276365885031566,94034
2019-07-19,18.276365885031566,18.825161466369508,18.165365750303874,18.72505337764313,50000
2019-07-22,18.72505337764313,18.80189766678545,18.4630786875263,18.565255518652208,50000
2019-07-23,18.565255518652208,19.12305851523277,18.48562418466399,19.029185520873572,50000
2019-07-24,19.029185520873572,19.239342776647625,18.716513588194402,18.8918633953598,61431
2019-07-25,18.8918633953598,19.198705724694356,18.862839791558837,19.12697482482536,50000
2019-07-26,19.12697482482536,19.55227696464056,18.975503256835633,19.44356903185049,71372
2019-07-29,19.44356903185049,19.514197820770086,19.151697076360254,19.483975064173688,84445
2019-07-30,19.483975064173688,19.542410892420374,18.843266623008617,18.843517214778654,68697
2019-07-31,18.843517214778654,18.85725769064328,18.504690151359146,18.67318224155767,50000
2019-08-01,18.67318224155767,18.73579534519522,18.420786368777637,18.692175008145806,50000
2019-08-02,18.692175008145806,19.307048209167952,18.678547144659376,19.12375079472249,50000
2019-08-05,19.12375079472249,19.401768283316308,18.839518688376423,19.25215997807053,50000
2019-08-06,19.25215997807053,19.26985349008794,19.13785886743607,19.246821796374306,50000
2019-08-07,19.246821796374306,19.30622592109076,19.025989234441152,19.19373209598688,92114
2019-08-08,19.19373209598688,19.36610133353976,19.16922725148634,19.263292523726307,50000
2019-08-09,19.263292523726307,19.464203809997514,19.23058890330771,19.310108958415668,146974
2019-08-12,19.310108958415668,19.98891411005043,19.20356354521203,19.93949407407925,77618
2019-08-13,19.93949407407925,20.103097724959728,19.844966979835558,19.854145593513145,50000
2019-08-14,19.854145593513145,20.333035858541486,19.691230080063114,20.293078620672173,50000
2019-08-15,20.293078620672173,20.587265174045093,19.70414726834722,19.811121166995612,54001
2019-08-16,19.811121166995612,19.953779891724142,19.497641258884332,19.50870646243562,50000
2019-08-19,19.50870646243562,20.1496395273809,19.438235362941377,20.050619930977973,50000
2019-08-20,20.050619930977973,20.085565866774605,19.922204265502785,19.955693281936085,51935
2019-08-21,19.955693281936085,20.487281179166033,19.861722009479287,20.243301221831853,50000
2019-08-22,20.243301221831853,20.33988610464243,20.01764323271826,20.303085605003826,50000
2019-08-23,20.303085605003826,20.504785157341615,19.962215323859,20.080492237637813,50000
2019-08-26,20.080492237637813,20.13700894218537,19.944617500116482,19.99913601692178,50000
2019-08-27,19.99913601692178,20.374989929583034,19.95541589753077,20.356722696295837,117762
2019-08-28,20.356722696295837,21.21102152445607,20.32814418491872,21.167690990086726,50000
2019-08-29,21.167690990086726,21.28653380882303,20.68178633882576,20.686012508086726,116503
2019-08-30,20.686012508086726,20.74890858735992,20.422079329891602,20.65998342497812,50000
2019-09-02,20.65998342497812,21.32114346193584,20.649127168936428,21.17364164133458,50000
2019-09-03,21.17364164133458,21.288217446192792,20.98816077660511,21.262807075486535,50000
2019-09-04,21.262807075486535,21.383966656544366,20.957597326087313,21.08265107535166,50000
2019-09-05,21.08265107535166,21.25849446760308,20.893579569356472,21.226953004291932,50000
2019-09-06,21.226953004291932,21.81126289022639,21.10529909470354,21.703154093442766,50000
2019-09-09,21.703154093442766,21.820398900793464,21.432322486446726,21.59419362714608,50000
2019-09-10,21.59419362714608,21.710593344391995,21.46163726857157,21.51760408166319,50000
2019-09-11,21.51760408166319,21.685384845795895,21.31139040121246,21.668159190178702,50000
2019-09-12,21.668159190178702,21.940611575414174,21.298694722618787,21.41267508644374,122562
2019-09-13,21.41267508644374,22.191943626459,21.392137555325217,21.913083347724903,50000
2019-09-16,21.913083347724903,21.921494750609334,21.81222438554901,21.819687148577398,50000
2019-09-17,21.819687148577398,22.102574081172087,21.758734695754278,22.016574738522383,145775
2019-09-18,22.016574738522383,22.41288398913063,21.840702178948973,22.240567778900783,50000
2019-09-19,22.240567778900783,22.317258649407876,21.87730882137501,21.990480783631334,75644
2019-09-20,21.990480783631334,22.0874657724774,21.938260040747913,22.062689472303646,50000
2019-09-23,22.062689472303646,22.066714679457114,21.284411937833553,21.58573051723057,50000
2019-09-24,21.58573051723057,21.630382869597902,21.08355955538172,21.25882349192222,74874
2019-09-25,21.25882349192222,21.358126271730647,20.71949433127044,20.755106179261595,50000
2019-09-26,20.755106179261595,20.947324269765513,20.667783971309515,20.82448699462909,50000
2019-09-27,20.82448699462909,21.063034515585056,20.718813443870406,20.96631212711595,66366
2019-09-30,20.96631212711595,21.24153693303386,20.83118813922148,21.208352352648394,50000
2019-10-01,21.208352352648394,21.2303667972904,20.88836013805548,21.153411717548384,50000
2019-10-02,21.153411717548384,21.468658950348456,20.8712916188904,21.41017491338512,50000
2019-10-03,21.41017491338512,21.56860006536006,21.248566949922093,21.396469897012665,62788
2019-10-04,21.396469897012665,21.553780505024545,21.143179683168515,21.182665472826915,50000
2019-10-07,21.182665472826915,21.288975492356016,20.690964077825,20.794193712339492,51711
2019-10-08,20.794193712339492,21.926737237279415,20.760109142731174,21.740291636785223,50000
2019-10-09,21.740291636785223,21.895557665459865,20.849215539562383,21.086891080117066,50000
2019-10-10,21.086891080117066,21.17229215436795,20.829183271263435,20.972605758396842,50000
2019-10-11,20.972605758396842,20.996582674879214,20.14860563675703,20.324296346180216,50000
2019-10-14,20.324296346180216,20.7339255087425,20.019058677003596,20.6431319076573,50000
2019-10-15,20.6431319076573,20.825436146871972,20.607357285064865,20.765107569139737,90892
2019-10-16,20.765107569139737,20.959964169097823,20.128450287853152,20.18245206706454,52266
2019-10-17,20.18245206706454,20.553298148619355,20.15347374375016,20.495083084076057,50000
2019-10-18,20.495083084076057,20.67106602554296,20.429636571605982,20.60796968751426,50000
2019-10-21,20.60796968751426,20.747590904630542,19.848504748350614,19.961659404859297,62709
2019-10-22,19.961659404859297,20.59386934755838,19.77234836759968,20.315845374440606,50000
2019-10-23,20.315845374440606,20.58776693080781,20.129508685951194,20.521607812913953,50000
2019-10-24,20.521607812913953,21.678274380795617,20.441765665394236,21.576325797641918,107242
2019-10-25,21.576325797641918,22.119899658021172,21.474252725845176,21.974006401397496,52714
2019-10-28,21.974006401397496,22.04842702008928,21.82582913682979,21.90533731270025,50000
2019-10-29,21.90533731270025,22.336601075927504,21.885455669194908,22.297820207699854,88661
2019-10-30,22.297820207699854,22.478143512439537,22.139829750729945,22.35426752898597,117444
2019-10-31,22.35426752898597,22.57717939195696,22.29417405546805,22.54510568830789,59832
2019-11-01,22.54510568830789,22.744992266432078,21.88789200025936,22.06862994999492,50000
2019-11-04,22.06862994999492,22.320418546714997,21.923558738291025,22.260542182952328,62148
2019-11-05,22.260542182952328,22.83262380013054,22.21548748907286,22.752174856951143,55095
2019-11-06,22.752174856951143,22.882573066783987,22.378541662324004,22.428157035385954,60454
2019-11-07,22.428157035385954,22.877268741212983,22.36713795757542,22.86779249280086,50000
2019-11-08,22.86779249280086,24.051852898819952,22.7656834097346,23.83478989722712,50000
2019-11-11,23.83478989722712,23.883542923132786,23.61439422112408,23.63519775122256,115864
2019-11-12,23.63519775122256,23.94022796362767,23.564011664123516,23.938704219449324,77955
2019-11-13,23.938704219449324,24.07864430118178,23.904174460417092,23.924756639441192,164719
2019-11-14,23.924756639441192,24.033653991789432,23.750913773527056,23.853819596845945,50000
2019-11-15,23.853819596845945,24.306975327676717,23.72593508954461,24.1624800385897,51858
2019-11-18,24.1624800385897,24.2901461382365,24.06411920683877,24.15019773496225,66114
2019-11-19,24.15019773496225,24.304465097777303,23.981704625296732,24.11357540307306,50000
2019-11-20,24.11357540307306,24.415955261037258,24.0099522633304,24.354326166989857,50000
2019-11-21,24.354326166989857,24.53440552833464,24.19359357742242,24.503962296162708,51550
2019-11-22,24.503962296162708,24.60695695799585,24.326642422617972,24.37714178814047,50000
2019-11-25,24.37714178814047,24.868125701896062,24.281563299793085,24.789326531757265,50000
2019-11-26,24.789326531757265,24.844781372925887,24.47250167247932,24.62576465958251,50000
2019-11-27,24.62576465958251,24.77215516157815,24.619398809787977,24.67169341281166,50000
2019-11-28,24.67169341281166,24.73620571258382,24.557792171328707,24.5680979494459,50000
2019-11-29,24.5680979494459,24.771918814021507,24.376781613582104,24.583414425955915,73378
2019-12-02,24.583414425955915,25.035515378103515,24.409563063766353,24.811803096408553,137220
2019-12-03,24.811803096408553,25.650238559506253,24.78027955266826,25.45301961164253,50000
2019-12-04,25.45301961164253,25.505702425129794,25.104484145271627,25.433423003226103,50000
2019-12-05,25.433423003226103,25.52661953254227,25.319179581179977,25.434162300602583,51674
2019-12-06,25.434162300602583,25.598245858709767,24.95458188060938,25.181597561192277,50000
2019-12-09,25.181597561192277,26.21562930852828,25.145647987206218,26.057880654822146,54542
2019-12-10,26.057880654822146,26.361933180558143,25.935781394548663,26.179280554944523,50000
2019-12-11,26.179280554944523,26.61018719980927,26.043690124020856,26.492012833162878,50000
2019-12-12,26.492012833162878,26.52938568037563,25.9437712671386,25.981555021996623,125113
2019-12-13,25.981555021996623,26.010747863977013,25.543160670510776,25.695046725336297,50000
2019-12-16,25.695046725336297,26.090289736538914,25.378009461569256,26.05259210694011,50000
2019-12-17,26.05259210694011,26.086301101757723,25.70522843389606,25.80853020493405,50000
2019-12-18,25.80853020493405,26.041880488562185,25.36768023906997,25.367816024699557,121571
2019-12-19,25.367816024699557,25.57192503592366,25.16711576051578,25.536944978091643,50000
2019-12-20,25.536944978091643,25.65413495615853,25.304710973007545,25.42199453932488,50000
2019-12-23,25.42199453932488,25.812038025759218,25.29931324506053,25.724791945457493,84636
2019-12-24,25.724791945457493,26.05413781223331,25.722723574460773,25.801061989471304,50000
2019-12-25,25.801061989471304,25.95217466921362,25.376525118133234,25.49150848460669,50000
2019-12-26,25.49150848460669,26.005115870050975,25.4285171421383,25.94454633857302,157098
2019-12-27,25.94454633857302,26.051769138306206,25.84226947401682,25.864659546053634,50000
2019-12-30,25.864659546053634,25.870863442324193,25.635574644525196,25.810912187985615,50000
2019-12-31,25.810912187985615,26.320300999925138,25.80220682569146,26.01809272041288,64012
2020-01-01,26.01809272041288,26.50045776772144,26.004910171205292,26.171433926516677,53984
2020-01-02,26.171433926516677,26.21246738385868,25.636310349599416,25.839462866207672,50000
2020-01-03,25.839462866207672,25.934549181771,25.23090728398896,25.271391095067553,77485
2020-01-06,25.271391095067553,25.566532925797105,25.144662518166655,25.505145471906467,50000
2020-01-07,25.505145471906467,25.644683242919786,25.220612052718245,25.555663625975804,50000
2020-01-08,25.555663625975804,25.60736356223528,25.3080602966121,25.35719573920085,50000
2020-01-09,25.35719573920085,25.627499224719358,24.573503207782085,24.70669106352711,111209
2020-01-10,24.70669106352711,24.812206540215243,24.657934258579516,24.68397950573792,50000
2020-01-13,24.68397950573792,24.88696612885138,24.476152250934135,24.532167657837036,65430
2020-01-14,24.532167657837036,24.53910440619113,23.943226202583293,24.164518233383138,50000
2020-01-15,24.164518233383138,24.351992793537413,23.76975864795054,23.879362971421177,50000
2020-01-16,23.879362971421177,24.0246347081223,23.842805209775094,24.023531674790203,50000
2020-01-17,24.023531674790203,24.27972584084186,23.79428444756639,24.055014738436398,50000
2020-01-20,24.055014738436398,24.119958683726043,23.77198609671418,23.784115426945252,50000
2020-01-21,23.784115426945252,24.144920270409298,23.541365547870363,24.12335680274583,50000
2020-01-22,24.12335680274583,24.316153575396577,24.02770191271936,24.168921285663323,82825
2020-01-23,24.168921285663323,24.32918169814297,23.987652884830602,24.177944140830146,224599
2020-01-24,24.177944140830146,24.27087885976471,23.62723812425209,23.68240640128386,50000
2020-01-27,23.68240640128386,24.268437032492884,23.516225162026995,24.047713645336547,50000
2020-01-28,24.047713645336547,24.54290271135447,23.604642878427445,24.46444922274493,50000
2020-01-29,24.46444922274493,24.47350587042172,24.09963159552495,24.143821293572362,50000
2020-01-30,24.143821293572362,24.38261621311488,24.10433857400367,24.121806181590433,54140
2020-01-31,24.121806181590433,24.246429707184912,23.794529437596463,24.2456118310737,50000
2020-02-03,24.2456118310737,24.292229742703856,23.591840756354674,23.726594191054314,50000
2020-02-04,23.726594191054314,23.795097095266634,23.628705382050658,23.675793671396036,57664
2020-02-05,23.675793671396036,23.997482820746217,23.39053032609042,23.477757198991988,63188
2020-02-06,23.477757198991988,23.795986580094464,23.469912739367796,23.767260032407094,50000
2020-02-07,23.767260032407094,24.113306021755086,23.558642327013697,24.083872899167343,195224
2020-02-10,24.083872899167343,24.154890591349485,23.523392828808177,23.65984550997827,50000
2020-02-11,23.65984550997827,23.799670733322294,23.626970204458946,23.758592697828206,50000
2020-02-12,23.758592697828206,23.880550687583774,23.6465889764609,23.84562199642227,56766
2020-02-13,23.84562199642227,24.15012771932677,23.74930488504528,23.959368691324467,53983
2020-02-14,23.959368691324467,24.171832634089427,23.690509272642178,24.091200956780636,50000
2020-02-17,24.091200956780636,24.11537766705812,23.831914950313468,23.83352124303147,78534
2020-02-18,23.83352124303147,23.901468940042022,23.80760142331786,23.891200490739596,50000
2020-02-19,23.891200490739596,23.97978624143589,23.83298555156505,23.866372741980122,50000
2020-02-20,23.866372741980122,24.406813460176785,23.72607480782654,24.163831683150125,50000
2020-02-21,24.163831683150125,24.38801729834309,24.142256819815064,24.34093081697778,62763
2020-02-24,24.34093081697778,24.892671673449918,24.318207632738133,24.658841949428602,50000
2020-02-25,24.658841949428602,24.783622491551746,24.245236108706543,24.416440930265818,50000
2020-02-26,24.416440930265818,24.96786324733493,24.40383407871957,24.963114731037187,50000
2020-02-27,24.963114731037187,25.43982846359615,24.831160006080868,25.22775812989719,50000
2020-02-28,25.22775812989719,25.337538443833456,24.705448129824187,24.82266493134368,50462
2020-03-02,24.82266493134368,25.067111931466947,24.127552456957886,24.248182938267988,55223
2020-03-03,24.248182938267988,24.791331586585528,24.21828548369915,24.75499501312387,50000
2020-03-04,24.75499501312387,24.788825786887912,24.563681895063276,24.763064115013922,50000
2020-03-05,24.763064115013922,24.895124493818706,24.633082397049485,24.813651863725312,140650
2020-03-06,24.813651863725312,24.927795064022753,24.561337975195816,24.564536379061195,55810
2020-03-09,24.564536379061195,25.07133172202277,24.47332337959729,24.74047178593125,50000
2020-03-10,24.74047178593125,24.888184728076613,24.344295173479974,24.46463421249272,50000
2020-03-11,24.46463421249272,24.737590147074787,24.239792353622985,24.536731117070268,50000
2020-03-12,24.536731117070268,24.57705092254892,24.28691357544022,24.412849267382573,65870
2020-03-13,24.412849267382573,24.520996902373838,24.039500859608957,24.154460466620982,70830
2020-03-16,24.154460466620982,24.197927124304744,23.42586453754625,23.804415588373345,50000
2020-03-17,23.804415588373345,23.875541947000656,23.568088338710123,23.61965727964632,110368
2020-03-18,23.61965727964632,23.67800283458169,23.121538887235378,23.14614375079101,50000
2020-03-19,23.14614375079101,23.198864820113762,22.87550999989703,22.937639567433465,50000
2020-03-20,22.937639567433465,23.41758731843456,22.764789460602817,23.275986285841046,71099
2020-03-23,23.275986285841046,23.404716932945547,22.81823034996994,22.8214872038623,206379
2020-03-24,22.8214872038623,23.01860714030168,22.6616078339471,22.96865410881548,50000
2020-03-25,22.96865410881548,23.20790621198442,22.71133265097969,23.063843668403297,62663
2020-03-26,23.063843668403297,23.175676558489805,22.795975633020095,22.84663489967381,50000
2020-03-27,22.84663489967381,23.22192283221464,22.624631229262157,23.13509703063091,50000
2020-03-30,23.13509703063091,23.785562487305977,22.988074764561322,23.643204562190633,68310
2020-03-31,23.643204562190633,23.72576720917947,23.324110841877843,23.458221828704655,50000
2020-04-01,23.458221828704655,23.755629091351125,23.446455633689922,23.614535182184778,50000
2020-04-02,23.614535182184778,23.769138193755165,23.463657273201026,23.552967541090467,50000
2020-04-03,23.552967541090467,23.7774715861119,23.45709122167225,23.629398178342154,56026
2020-04-06,23.629398178342154,24.08336677870038,23.427301234024355,23.94573425322822,50000
2020-04-07,23.94573425322822,24.331431901841636,23.872690489628038,24.116815700964192,50000
2020-04-08,24.116815700964192,24.139761327136316,23.876898620942846,23.908833477455268,50000
2020-04-09,23.908833477455268,24.18633441058806,23.81301363236015,23.99380126025499,50000
2020-04-10,23.99380126025499,24.535870824721762,23.88967691486003,24.449357611104052,50000
2020-04-13,24.449357611104052,24.650076084814433,24.09109542708929,24.175889672261444,50000
2020-04-14,24.175889672261444,24.54486892823143,24.162449585849185,24.474376049565286,92377
2020-04-15,24.474376049565286,24.572015514639343,24.40348560839567,24.550143952773215,50000
2020-04-16,24.550143952773215,24.70071564601315,23.84524127576639,24.08477390786856,54510
2020-04-17,24.08477390786856,24.163938670035765,23.853654762080545,23.99208560272064,87375
2020-04-20,23.99208560272064,24.11701007160987,23.72835178764693,23.850307048822486,50000
2020-04-21,23.850307048822486,24.062982619126732,23.742102099784322,24.042746096843363,50000
2020-04-22,24.042746096843363,24.900375457371442,23.87670722340606,24.6411566154576,50000
2020-04-23,24.6411566154576,24.709807035251938,24.258410311282564,24.317415701701677,55799
2020-04-24,24.317415701701677,24.605725507337947,23.68737461891471,23.9971320089198,50000
2020-04-27,23.9971320089198,24.181082689005834,23.61957835284576,23.777582485852022,50000
2020-04-28,23.777582485852022,23.8834979667994,23.56042723953494,23.746779615404108,91357
2020-04-29,23.746779615404108,23.81272058053891,23.68131273553186,23.707436830125275,50000
2020-04-30,23.707436830125275,23.99500513332543,23.56251827460226,23.930046601269574,50000
2020-05-01,23.930046601269574,24.30360224046216,23.91244483348862,24.10948374773294,50000
2020-05-04,24.10948374773294,24.787493334866728,23.843440472534326,24.316352345797025,50000
2020-05-05,24.316352345797025,24.583989407955237,24.17719277243681,24.399563041088193,133221
2020-05-06,24.399563041088193,24.416247100194035,24.34055905028708,24.404579529581365,50000
2020-05-07,24.404579529581365,24.430800762397464,24.147475287111074,24.198794306620464,50000
2020-05-08,24.198794306620464,24.94166400741361,24.14054853161042,24.624884017742573,50000
2020-05-11,24.624884017742573,24.74909132475334,24.356503341924263,24.480770767801822,52488
2020-05-12,24.480770767801822,24.740744019250084,24.288760147263336,24.560812102088587,50000
2020-05-13,24.560812102088587,25.020759152263327,24.402787089129912,24.86622107029598,50000
2020-05-14,24.86622107029598,24.928362726907086,24.636005794957,24.736800893546302,130507
2020-05-15,24.736800893546302,25.012686918336858,24.691646531287123,24.79430230825442,50000
2020-05-18,24.79430230825442,24.93902742170885,24.790336049729405,24.81389278498839,50000
2020-05-19,24.81389278498839,25.017564463471107,24.111398071148212,24.166043006628744,50000
2020-05-20,24.166043006628744,24.264611387198478,23.56684428691978,23.663969369792667,50000
2020-05-21,23.663969369792667,23.697116256139275,23.363488964358055,23.490984657999423,166540
2020-05-22,23.490984657999423,23.58068077294452,23.377289194280245,23.497151715785296,51604
2020-05-25,23.497151715785296,23.7730516976305,23.39515204142892,23.74612520155964,50000
2020-05-26,23.74612520155964,24.12489185282765,23.65420471901682,24.04342490377015,50000
2020-05-27,24.04342490377015,24.125967233771508,23.713786468789355,23.73764309926353,50000
2020-05-28,23.73764309926353,23.775710561995822,23.526237541792607,23.557599691554667,51957
2020-05-29,23.557599691554667,23.619119561823315,23.49345995113671,23.50531098258276,50000
2020-06-01,23.50531098258276,23.574935414706264,23.36152465038923,23.400184136483908,50000
2020-06-02,23.400184136483908,23.81848416220671,23.399119546528123,23.616333018114023,64961
2020-06-03,23.616333018114023,24.17494926033616,23.57078458410715,24.079589453468373,51540
2020-06-04,24.079589453468373,24.273352596891634,23.51207629321451,23.542447490900457,60696
2020-06-05,23.542447490900457,23.663274289295348,23.525140090592263,23.562421306118814,50000
2020-06-08,23.562421306118814,23.818212082772803,23.489604270821697,23.669016034615463,50000
2020-06-09,23.669016034615463,23.68554948172525,23.249802779679204,23.366372125217392,53404
2020-06-10,23.366372125217392,23.663190328369545,23.11563611741707,23.269366508235727,50000
2020-06-11,23.269366508235727,23.58284127595709,23.14187753013134,23.38296001295804,110493
2020-06-12,23.38296001295804,23.672997400779877,23.31360956302912,23.641785591114164,69222
2020-06-15,23.641785591114164,23.89277714057439,23.353311423474576,23.353629809526552,50000
2020-06-16,23.353629809526552,23.469913910505444,23.171509078015312,23.40469291962392,50000
2020-06-17,23.40469291962392,24.180669334828433,23.3133179935015,24.154122257218276,50000
2020-06-18,24.154122257218276,24.194285366847783,23.654737200539035,23.865415203554004,50000
2020-06-19,23.865415203554004,23.870231758305415,23.663094283301586,23.685902486696342,59399
2020-06-22,23.685902486696342,23.690463205272646,23.454962637942455,23.5183847895673,50000
2020-06-23,23.5183847895673,24.115112254763645,23.48435525193234,23.94253974054481,50000
2020-06-24,23.94253974054481,24.107217684315493,23.75584536683384,23.85323923502594,50000
2020-06-25,23.85323923502594,23.962077027953452,23.427905703696208,23.569896582823144,50000
2020-06-26,23.569896582823144,23.641618110376754,23.415675183643966,23.47437031941304,50000
2020-06-29,23.47437031941304,23.480591127046758,23.073010157753675,23.11015690818098,50000
2020-06-30,23.11015690818098,23.119397273717208,22.67713971552713,22.973989710600055,50000
2020-07-01,22.973989710600055,23.413492717116604,22.89660105967756,23.284885200960243,50000
2020-07-02,23.284885200960243,23.557277995253703,23.16020239498109,23.451843401146213,74022
2020-07-03,23.451843401146213,23.578122045959287,22.916231656750504,23.07071047479775,50000
2020-07-06,23.07071047479775,23.101142138288452,23.009725776811198,23.0646955380585,101301
2020-07-07,23.0646955380585,23.252160867620514,22.975843284462602,23.143236426757873,50000
2020-07-08,23.143236426757873,23.1489666531019,22.767265964090175,22.79874732410559,52030
2020-07-09,22.79874732410559,23.305829465171747,22.68163387278787,23.162872762507266,50000
2020-07-10,23.162872762507266,23.31868941572994,22.86034615238633,23.085849650280363,50558
2020-07-13,23.085849650280363,23.31311847495372,23.077582792974955,23.158134503485904,84236
2020-07-14,23.158134503485904,23.18919797121945,22.793473697855028,23.003903935142226,50000
2020-07-15,23.003903935142226,23.06532939107675,22.708529551423037,22.80010931600572,82504
2020-07-16,22.80010931600572,23.33255248942588,22.56722845928953,23.161497721036934,70785
2020-07-17,23.161497721036934,23.336641159055365,23.026478173845977,23.194637259029353,50000
2020-07-20,23.194637259029353,23.334957419497787,22.701068566261565,22.827029204036407,50000
2020-07-21,22.827029204036407,22.9365147041208,22.730405514213345,22.82811902597322,50000
2020-07-22,22.82811902597322,22.83097428258111,22.741224649169784,22.773841675934477,50000
2020-07-23,22.773841675934477,22.936394545960006,22.59885897707038,22.716735124602415,50000
2020-07-24,22.716735124602415,22.939883425930795,21.984276282797907,22.20077539996365,52701
2020-07-27,22.20077539996365,22.28347224791656,22.046718647485992,22.245609791079907,65591
2020-07-28,22.245609791079907,22.857836574610847,22.21739986024259,22.73256951457112,127268
2020-07-29,22.73256951457112,22.86218729811836,22.628082568753964,22.717946272010277,50000
2020-07-30,22.717946272010277,22.73062816776738,22.677525015627786,22.713740319971155,50000
2020-07-31,22.713740319971155,22.841550164814745,22.46531910324562,22.479088054264423,50000
2020-08-03,22.479088054264423,22.774310679241086,22.10057592716276,22.238084081655906,50000
2020-08-04,22.238084081655906,22.3355359117267,22.09326921555376,22.111703270622566,81149
2020-08-05,22.111703270622566,22.32466015876677,21.973072556887576,22.26873096249433,308520
2020-08-06,22.26873096249433,22.37973402267459,21.988833271507445,22.081903265742348,50000
2020-08-07,22.081903265742348,22.165781412216713,21.85709240578269,21.95951292613116,50000
2020-08-10,21.95951292613116,22.07579686073749,21.289625686323838,21.33050924919329,50000
2020-08-11,21.33050924919329,21.789326720695435,21.272182721008168,21.64844910545843,50000
2020-08-12,21.64844910545843,21.906368193573922,21.63649315195938,21.7183096278829,50000
2020-08-13,21.7183096278829,22.152136838546475,21.67784449971596,22.04941853070846,50000
2020-08-14,22.04941853070846,22.683404814054686,22.02151956529227,22.64069332463103,50000
2020-08-17,22.64069332463103,22.951827040392278,22.64067422207081,22.891463929974858,50000
2020-08-18,22.891463929974858,22.98777167876113,22.523950071822313,22.785038170462375,50000
2020-08-19,22.785038170462375,22.989017490786637,22.737911067162962,22.971642921248073,133699
2020-08-20,22.971642921248073,22.98391779970371,22.746187723596154,22.899517847513014,50000
2020-08-21,22.899517847513014,23.723277971052354,22.854063021604222,23.538835926929217,219142
2020-08-24,23.538835926929217,23.83967559141134,23.43294951832701,23.81943219019677,61109
2020-08-25,23.81943219019677,24.196627814431757,23.690347403957336,24.140708276870583,62159
2020-08-26,24.140708276870583,24.197791757799656,24.02761878916096,24.18276333156313,50000
2020-08-27,24.18276333156313,24.426719882791627,23.979336495329274,24.25043276549116,50000
2020-08-28,24.25043276549116,24.614606349177233,24.164002365334902,24.38729881164099,81756
2020-08-31,24.38729881164099,24.488649326216404,23.86047595851373,24.008872090450886,189579
2020-09-01,24.008872090450886,24.302513822385798,23.834546059754572,24.22615783399081,64680
2020-09-02,24.22615783399081,24.682629511688248,24.11720050185873,24.608618592144417,50000
2020-09-03,24.608618592144417,24.890838171309163,24.296206790953956,24.516436688962877,153774
2020-09-04,24.516436688962877,24.660210562769116,24.491308587971087,24.565123475484718,50000
2020-09-07,24.565123475484718,24.57790255965812,24.37100800193952,24.47625885751956,50000
2020-09-08,24.47625885751956,25.18314823812231,24.35572300549277,25.06632760218659,181055
2020-09-09,25.06632760218659,25.159669838747952,24.804939164695302,24.855008250423545,69846
2020-09-10,24.855008250423545,24.894840341057186,24.310430086227267,24.354580271025544,115369
2020-09-11,24.354580271025544,24.553296554343213,24.278420448327626,24.50870265678477,50000
2020-09-14,24.50870265678477,24.591586243462814,24.173377186677286,24.213171574597233,50000
2020-09-15,24.213171574597233,24.343051260250647,24.049454763647084,24.202762641287002,139429
2020-09-16,24.202762641287002,24.34215517786677,23.792771427485967,23.90139182123391,90130
2020-09-17,23.90139182123391,24.027800062798278,23.796857240121614,23.860172811392182,50000
2020-09-18,23.860172811392182,24.34484973754329,23.57475196976703,24.249098570806783,50000
2020-09-21,24.249098570806783,24.49118716265451,24.08163426743022,24.45517857446362,50000
2020-09-22,24.45517857446362,24.56913075381357,24.202770758709914,24.248784208058357,50000
2020-09-23,24.248784208058357,24.551121728323345,24.01691284062736,24.465850235598285,50000
2020-09-24,24.465850235598285,24.515347707684974,23.961215240442534,24.14432962036604,101627
2020-09-25,24.14432962036604,24.396474882535596,23.982207847458163,24.122968049219576,63276
2020-09-28,24.122968049219576,24.389145283119262,23.936159649197812,24.16340401610619,50000
2020-09-29,24.16340401610619,24.562713094714244,23.784986481338457,24.2594546605078,50000
2020-09-30,24.2594546605078,24.421720367218203,23.995189340240366,24.067107044511236,51681
2020-10-01,24.067107044511236,24.143691152617837,23.702495059249816,23.727536278021443,100109
2020-10-02,23.727536278021443,23.890203655027474,23.52108222229575,23.69818059429247,50000
2020-10-05,23.69818059429247,24.17724936723033,23.509264592961692,24.150039733834358,50000
2020-10-06,24.150039733834358,24.289454630046556,23.1530336318064,23.24424627337532,53312
2020-10-07,23.24424627337532,23.481322853567402,23.13075791006986,23.439824117028614,80241
2020-10-08,23.439824117028614,23.451082192098898,22.875238153451157,22.986603056766032,59956
2020-10-09,22.986603056766032,23.129816392388864,22.844989203489636,22.92106086447891,116027
2020-10-12,22.92106086447891,23.14391039933898,22.773987178496743,22.916006841887146,50000
2020-10-13,22.916006841887146,23.06425141455049,22.720890174854354,22.742894349140578,50000
2020-10-14,22.742894349140578,22.78479474452418,22.442919587490618,22.453373442299362,50000
2020-10-15,22.453373442299362,22.67773998258712,22.289227563516363,22.55321871938819,50000
2020-10-16,22.55321871938819,22.62713669234342,22.244030183762238,22.406666034251298,79875
2020-10-19,22.406666034251298,22.455798024110155,21.856087178675953,21.945259205264403,176236
2020-10-20,21.945259205264403,22.053896654342992,21.778950112088374,21.97924822451488,50000
2020-10-21,21.97924822451488,22.309625304494404,21.877585060701268,21.935893187451786,50000
2020-10-22,21.935893187451786,22.23471817198022,21.532834231287914,21.813000441672408,50000
2020-10-23,21.813000441672408,21.89466186089164,21.40326404426307,21.55238454107414,67715
2020-10-26,21.55238454107414,22.083201090549064,21.438369138677334,22.01078469513759,50000
2020-10-27,22.01078469513759,22.251784125062148,21.90475253797721,22.24268751201502,50000
2020-10-28,22.24268751201502,22.349154806273535,22.07592076999885,22.234295165649794,50000
2020-10-29,22.234295165649794,22.268043765866462,22.13115353152755,22.263241890367325,50000
2020-10-30,22.263241890367325,22.542942292142754,22.12669028794647,22.539742775334748,50000
2020-11-02,22.539742775334748,22.965129369406853,22.480954578615542,22.856125389719796,50000
2020-11-03,22.856125389719796,23.63164666412667,22.6946152758572,23.58371634130167,50000
2020-11-04,23.58371634130167,23.832065789348103,23.348011982096104,23.352651927276227,50000
2020-11-05,23.352651927276227,24.142384322435845,23.334792436685746,24.056760044525813,50000
2020-11-06,24.056760044525813,24.113508402552387,23.773175515453566,23.948962696971176,60208
2020-11-09,23.948962696971176,24.125347808806488,23.883493172684883,24.097005065518225,50000
2020-11-10,24.097005065518225,24.118194944235274,23.95842052463777,24.11296839898734,50000
2020-11-11,24.11296839898734,24.16172250749245,23.28844486656096,23.54330062053912,74903
2020-11-12,23.54330062053912,23.647402402150448,23.431845440330022,23.541807785824627,50000
2020-11-13,23.541807785824627,23.850469093866256,22.72664580849693,23.026271935997457,50000
2020-11-16,23.026271935997457,23.36019184617731,22.74762241723455,23.159928887053773,65998
2020-11-17,23.159928887053773,23.374584119916506,22.94328659667809,23.135296338944034,50000
2020-11-18,23.135296338944034,23.570745466101208,23.086084668530017,23.384416842150955,50000
2020-11-19,23.384416842150955,23.447897725705424,23.11564508863164,23.40314250400922,50000
2020-11-20,23.40314250400922,23.579811434104734,23.066953745486817,23.076554480371787,50000
2020-11-23,23.076554480371787,23.38183196118675,22.622477671658267,23.16940561740547,50000
2020-11-24,23.16940561740547,23.243936624767777,23.077752085648793,23.185480089209058,50000
2020-11-25,23.185480089209058,23.30931324924208,23.10374251650981,23.283799634039845,59618
2020-11-26,23.283799634039845,23.341046437105167,22.977293934004127,23.048521812702592,50000
2020-11-27,23.048521812702592,23.25035152332087,22.526215264676175,22.619763763229944,50000
2020-11-30,22.619763763229944,22.726769535117242,22.535000983789715,22.586586304369337,50000
2020-12-01,22.586586304369337,22.80794623013196,22.42510377908761,22.728223911762985,50000
2020-12-02,22.728223911762985,22.835905979004384,22.62626591846141,22.78427396941424,50000
2020-12-03,22.78427396941424,22.787781541252304,22.721043764614063,22.754660871331872,63877
2020-12-04,22.754660871331872,22.913180063991913,22.637869762203962,22.871136511129002,50000
2020-12-07,22.871136511129002,23.597241367438887,22.833696662827357,23.383517599934695,50000
2020-12-08,23.383517599934695,23.767168601882098,23.353223383746325,23.65156312849864,50000
2020-12-09,23.65156312849864,24.186658691265613,23.51643235697971,24.00781894768322,55421
2020-12-10,24.00781894768322,24.01558578431273,23.516624485767668,23.569060545556002,50000
2020-12-11,23.569060545556002,24.260177717207373,23.332939319528375,24.000287420958845,50000
2020-12-14,24.000287420958845,24.134186356586643,23.880102430779896,23.993561820237765,59414
2020-12-15,23.993561820237765,24.20386464714812,23.574147162707405,23.77385781304592,50000
2020-12-16,23.77385781304592,24.199607103365118,23.654662879066358,23.960379325890248,112706
2020-12-17,23.960379325890248,24.208906205939925,23.7476642554547,23.863328236489227,58636
2020-12-18,23.863328236489227,24.14022504441447,23.662194580562335,23.69233655622984,50000
2020-12-21,23.69233655622984,24.405527968232768,23.560269689281924,24.10341416959867,50000
2020-12-22,24.10341416959867,24.265724133544573,23.91271561052542,24.071548090424933,50000
2020-12-23,24.071548090424933,25.04015728464184,24.049867743244405,24.916749788567518,50000
2020-12-24,24.916749788567518,24.95603251024953,24.538368942225812,24.590671713589078,50000
2020-12-25,24.590671713589078,24.63546876486288,24.1668670286634,24.169530517156566,50000
2020-12-28,24.169530517156566,25.01013283406419,24.04065823598297,24.732312683462826,50000
2020-12-29,24.732312683462826,25.030313413106896,24.592691106066045,24.936703501724438,50000
2020-12-30,24.936703501724438,25.180347053138856,24.820389675531402,25.019214548294368,144107
2020-12-31,25.019214548294368,25.43003113622667,24.96351382652022,25.31464867160927,51021
2021-01-01,25.31464867160927,25.65843109599176,24.696805058903504,24.96475092025241,50000
2021-01-04,24.96475092025241,25.02562679574042,24.354158544363166,24.60002037240886,50000
2021-01-05,24.60002037240886,24.768316091098484,23.878766074146355,24.22286245716086,56995
2021-01-06,24.22286245716086,24.330855755151717,23.742822946239354,23.949781097670293,62492
2021-01-07,23.949781097670293,24.271589362826894,23.883516455365644,24.197165590082864,60642
2021-01-08,24.197165590082864,24.334610965519055,23.64180813542616,23.66284720294059,50000
2021-01-11,23.66284720294059,23.839330759608462,23.369825027611462,23.532583145484516,50000
2021-01-12,23.532583145484516,23.59824593650385,23.089741743277852,23.17983228000468,68937
2021-01-13,23.17983228000468,23.255431290004907,22.78205456223784,22.816057296212023,50000
2021-01-14,22.816057296212023,23.093725514891254,22.722591030024297,23.03461379806468,70515
2021-01-15,23.03461379806468,23.075513055531907,22.928882441044617,22.9801331499363,50000
2021-01-18,22.9801331499363,23.191735262543496,22.943425653532437,23.063924507818164,89207
2021-01-19,23.063924507818164,23.23346256970079,22.730952450631083,23.180245092712568,50000
2021-01-20,23.180245092712568,23.519482502571098,23.155355372974295,23.43655423303783,59481
2021-01-21,23.43655423303783,23.66738937959381,23.429108435204807,23.65691324935601,50000
2021-01-22,23.65691324935601,24.048455423347928,23.547894493958367,23.964387194968666,50000
2021-01-25,23.964387194968666,24.056421000287656,23.787833710674445,24.045324234362916,50000
2021-01-26,24.045324234362916,24.519666238321285,23.933085931543655,24.31947200439543,50000
2021-01-27,24.31947200439543,24.50376131788581,23.9950856338031,24.370332264251374,50000
2021-01-28,24.370332264251374,24.660836289299972,24.24745327529696,24.604834327460715,50000
2021-01-29,24.604834327460715,24.634505377971454,24.144922564208574,24.150104819568124,84532
2021-02-01,24.150104819568124,24.59123262599361,24.13173830413891,24.503429455404074,54621
2021-02-02,24.503429455404074,24.738624193195918,24.439410341864175,24.620609415106223,50000
2021-02-03,24.620609415106223,24.86813850557067,24.577612253677763,24.731472076969787,76973
2021-02-04,24.731472076969787,24.949964465496123,24.512070554793407,24.614147202065364,50000
2021-02-05,24.614147202065364,24.62646791817549,24.008420967684692,24.049630253185864,50000
2021-02-08,24.049630253185864,24.264259302871633,23.93834817717614,24.151623304869762,50000
2021-02-09,24.151623304869762,24.221794408574585,23.935915646903588,24.081043879628286,50000
2021-02-10,24.081043879628286,24.172414414318528,23.866539644280795,24.0487900879892,50000
2021-02-11,24.0487900879892,24.20739788936952,23.99054521108125,24.11774677942697,50000
2021-02-12,24.11774677942697,24.134538085970615,23.553782775950072,23.58391776013336,96223
2021-02-15,23.58391776013336,23.669982809686886,23.06136661668192,23.086999608211464,50000
2021-02-16,23.086999608211464,23.428697889724038,23.00042092213364,23.127736059064876,50000
2021-02-17,23.127736059064876,23.3184238763636,22.980649137945793,23.083187557830154,50000
2021-02-18,23.083187557830154,23.164520697510003,22.837137828519964,23.0061241849951,52110
2021-02-19,23.0061241849951,23.17020847332637,22.845940134515157,22.92375621690533,57311
2021-02-22,22.92375621690533,23.15495012796422,22.824304297073756,23.13625746469998,50000
2021-02-23,23.13625746469998,23.43513394445607,23.132060886915987,23.306971735910388,50000
2021-02-24,23.306971735910388,23.310066789396117,22.958946437063663,23.14782304935617,50000
2021-02-25,23.14782304935617,23.440415783910453,22.935057837331954,23.31930437725471,50000
2021-02-26,23.31930437725471,23.33496506802959,23.317569142084757,23.326036725009732,50000
2021-03-01,23.326036725009732,23.780650854107186,23.309945883241816,23.710092358780493,99883
2021-03-02,23.710092358780493,23.809746750233565,23.526441857584118,23.640518376452622,64322
2021-03-03,23.640518376452622,23.66118331753442,22.832756421037644,23.085431881432044,50000
2021-03-04,23.085431881432044,23.55186664936712,22.941247923473185,23.25337431605163,50000
2021-03-05,23.25337431605163,24.00644066414775,23.175047455152548,23.652324773427747,50000
2021-03-08,23.652324773427747,24.302289961381675,23.52680587318021,24.11073454132644,50000
2021-03-09,24.11073454132644,24.36321035858906,23.948388195801115,24.235214903673814,50000
2021-03-10,24.235214903673814,24.417782020382262,23.77826235214645,23.978070196866256,50000
2021-03-11,23.978070196866256,24.294277820911084,23.9027313605033,24.14266273449946,50000
2021-03-12,24.14266273449946,24.242214700299304,23.945712111598812,23.969031808834114,94639
2021-03-15,23.969031808834114,24.00697772760092,23.715801421138256,23.87893526039712,50000
2021-03-16,23.87893526039712,23.92547949938753,23.606273902423585,23.707131320646358,50000
2021-03-17,23.707131320646358,23.71625841761615,23.5187490416033,23.65894318606581,59100
2021-03-18,23.65894318606581,23.73599992137588,23.48698894014365,23.65213122662222,50000
2021-03-19,23.65213122662222,23.898944802139816,23.491282162531416,23.715685659826008,50000
2021-03-22,23.715685659826008,24.261610165891312,23.63675753675883,24.095839791699944,104552
2021-03-23,24.095839791699944,24.20945405652547,23.817322762966217,23.821223641059998,50000
2021-03-24,23.821223641059998,23.925228332032617,23.492447953056228,23.524575595058536,56991
2021-03-25,23.524575595058536,23.596214748362296,23.47944862095769,23.54807474122902,50000
2021-03-26,23.54807474122902,23.763036706481103,23.490685085725318,23.68324513044155,95877
2021-03-29,23.68324513044155,23.8063052597591,23.54934799448088,23.622378793706506,50000
2021-03-30,23.622378793706506,24.079551523845634,23.546390238842665,24.02050934024982,111402
2021-03-31,24.02050934024982,24.333980692547318,23.851657172921612,24.22189680014239,50000
2021-04-01,24.22189680014239,24.308985222949367,23.911694885569,23.94854436624626,50000
2021-04-02,23.94854436624626,23.97054635083486,23.34819600235844,23.383824006866913,50000
2021-04-05,23.383824006866913,23.412530574166038,22.943657357619,22.945330300851207,74834
2021-04-06,22.945330300851207,23.604194883622235,22.85779354285823,23.503108112666514,50000
2021-04-07,23.503108112666514,23.524721595103866,22.998486410924123,23.155574486952172,50000
2021-04-08,23.155574486952172,23.377676837183383,22.81504549730995,22.824034291262663,50000
2021-04-09,22.824034291262663,23.397367914483183,22.674623737098283,23.2486110329631,65509
2021-04-12,23.2486110329631,23.700597467509066,23.0850738750122,23.52284709777488,188352
2021-04-13,23.52284709777488,23.870960079344634,23.343493299597192,23.5683820158103,50000
2021-04-14,23.5683820158103,23.604393129086052,23.465810353552808,23.4839576713418,50000
2021-04-15,23.4839576713418,23.56867242780638,23.21140398630924,23.284896923134305,50000
2021-04-16,23.284896923134305,23.30205886918121,23.040652780181638,23.167397122212833,50000
2021-04-19,23.167397122212833,23.499177121321775,23.10543576917916,23.483525308018912,92651
2021-04-20,23.483525308018912,23.651384540467042,23.31740004430521,23.44879712129533,50000
2021-04-21,23.44879712129533,23.502181492673465,23.304522063891564,23.361030650559634,50000
2021-04-22,23.361030650559634,23.71410383897671,23.04368752042732,23.635415974985424,50000
2021-04-23,23.635415974985424,23.7272778644371,23.429126883586147,23.659987478710043,50000
2021-04-26,23.659987478710043,24.05399619495399,23.48007300409702,24.00174785165831,113399
2021-04-27,24.00174785165831,24.0392408540602,23.735851305460297,23.77035350663892,50000
2021-04-28,23.77035350663892,23.85941844624532,23.221258515365083,23.263195763931446,50000
2021-04-29,23.263195763931446,23.317503732597668,22.479597086508136,22.5633984629606,64813
2021-04-30,22.5633984629606,22.565551753081895,22.234241078826894,22.288332635488683,50000
2021-05-03,22.288332635488683,22.454348275846463,22.25263953045718,22.436891183153623,71547
2021-05-04,22.436891183153623,22.764040138959555,22.316611781379454,22.657704476517647,50000
2021-05-05,22.657704476517647,22.964805988259805,22.575285613849154,22.92605556181052,50000
2021-05-06,22.92605556181052,23.214620657482364,22.702445693601753,23.158442851124583,67155
2021-05-07,23.158442851124583,23.16559978568526,23.00934267499356,23.112771425563125,50000
2021-05-10,23.112771425563125,23.201325861502255,22.616986175723174,22.765984662658404,98674
2021-05-11,22.765984662658404,23.108788331092637,22.69985861551069,22.93218518974878,50000
2021-05-12,22.93218518974878,23.06311913169477,22.478323860437452,22.513774305499123,80649
2021-05-13,22.513774305499123,22.570383260977056,22.461219184281575,22.50033350411128,50000
2021-05-14,22.50033350411128,22.51507475572776,21.643023145785286,21.817347525728632,50000
2021-05-17,21.817347525728632,22.333188050385363,21.662031711329423,22.234799991973485,50000
2021-05-18,22.234799991973485,22.397154950927362,21.987928951635766,22.064889604275177,50000
2021-05-19,22.064889604275177,22.615772020059616,22.015382752140713,22.348761528324705,50000
2021-05-20,22.348761528324705,22.380485903000288,21.66881853676227,21.96373417149016,50000
2021-05-21,21.96373417149016,22.46604033690888,21.87374230678447,22.4660385255251,50000
2021-05-24,22.4660385255251,22.5070324182314,22.20660583323746,22.25873010279547,50000
2021-05-25,22.25873010279547,22.389849995516002,21.9773263557637,22.384270086120633,69561
2021-05-26,22.384270086120633,22.53741360147448,22.240783928461276,22.529297025929083,50000
2021-05-27,22.529297025929083,22.640642753006265,22.427506041011213,22.584586780353124,50000
2021-05-28,22.584586780353124,22.79704380128111,22.576886379024465,22.724240924253664,50000
2021-05-31,22.724240924253664,22.934601359912776,22.24475758863219,22.250089267024585,71398
2021-06-01,22.250089267024585,22.266443513421216,21.792506923952793,21.839182560770038,50000
2021-06-02,21.839182560770038,22.008417501417508,21.747079300588016,21.990064007327977,64658
2021-06-03,21.990064007327977,22.706805497194043,21.91020388691322,22.656756206790416,53296
2021-06-04,22.656756206790416,22.79971838248895,22.197579210372425,22.450426749515085,67669
2021-06-07,22.450426749515085,22.976535244553652,22.381765920226762,22.74623187850331,50000
2021-06-08,22.74623187850331,22.80792093171468,22.390403486915798,22.54682939879771,73690
2021-06-09,22.54682939879771,23.24482660247366,22.41670118089076,23.081974336673326,50000
2021-06-10,23.081974336673326,23.209422918323376,22.576373210334904,22.71229102465467,50000
2021-06-11,22.71229102465467,23.182583849787726,22.498416894808564,22.74464539319879,50000
2021-06-14,22.74464539319879,22.960656444216497,22.685189836658328,22.761295104156332,50000
2021-06-15,22.761295104156332,23.395151402217028,22.71247121638641,23.265409191706016,50000
2021-06-16,23.265409191706016,23.53454974289368,23.18325250083632,23.35180077346842,50000
2021-06-17,23.35180077346842,23.994971820293173,23.2532718647735,23.621362369558213,50000
2021-06-18,23.621362369558213,24.01995901576608,23.56691738136136,23.867468751240718,50000
2021-06-21,23.867468751240718,24.315029699497092,23.813040810806022,24.205711975462258,50000
2021-06-22,24.205711975462258,24.770812466789668,24.14830863393887,24.63379597958231,50000
2021-06-23,24.63379597958231,25.312423635994897,24.444536266870944,25.157124916764985,50000
2021-06-24,25.157124916764985,25.342399800422385,25.120701661031244,25.25338353693136,50000
2021-06-25,25.25338353693136,25.381076335141522,24.904230445448288,24.936472169749234,50000
2021-06-28,24.936472169749234,25.023042823593414,24.54000709021524,24.603239373198218,50000
2021-06-29,24.603239373198218,25.34884606247515,24.422025789986375,25.216311378628845,66580
2021-06-30,25.216311378628845,25.480517892672324,24.758033562229972,25.319462036450194,50000
2021-07-01,25.319462036450194,25.335394033388,25.087257957559256,25.11758993270349,50000
2021-07-02,25.11758993270349,25.32919063081309,24.933264115554515,25.2944957095449,50000
2021-07-05,25.2944957095449,25.817596119534777,25.14939289699157,25.72506490204192,50000
2021-07-06,25.72506490204192,26.38530513847205,25.445037437243457,26.22419548051234,50000
2021-07-07,26.22419548051234,26.33097971097753,25.80722410637771,25.86306270123343,50000
2021-07-08,25.86306270123343,25.8708042893707,25.555717816272697,25.77308804430682,50000
2021-07-09,25.77308804430682,26.108353607521114,25.687934619688633,26.060819522728686,50000
2021-07-12,26.060819522728686,26.18915530226827,25.56001211720088,25.853447536141655,50000
2021-07-13,25.853447536141655,26.293063091783957,25.66543994175592,26.20076675435441,63311
2021-07-14,26.20076675435441,26.316675583103518,25.94879192559574,26.021016176225086,50000
2021-07-15,26.021016176225086,26.453469243600598,25.710844371306756,26.106394084352903,50000
2021-07-16,26.106394084352903,26.64136688260765,25.966314385466386,26.603906376483273,50000
2021-07-19,26.603906376483273,26.732097751604677,26.427167382448495,26.71090265711911,50000
2021-07-20,26.71090265711911,26.732461086558928,26.490953736358406,26.53394829640496,54533
2021-07-21,26.53394829640496,26.716312878024137,26.146643677445166,26.6817631870954,50000
2021-07-22,26.6817631870954,27.277815804186247,26.676255223390136,27.162635536320433,119631
2021-07-23,27.162635536320433,27.430385627786173,27.135853819255367,27.203510602552914,50000
2021-07-26,27.203510602552914,27.267397331254,27.020144641376383,27.244627744672325,50000
2021-07-27,27.244627744672325,27.43990337842841,27.15901726069762,27.43770594206559,51468
2021-07-28,27.43770594206559,28.34042482708212,27.3562405839044,28.00388358614629,50000
2021-07-29,28.00388358614629,28.33973113819358,27.75089084722574,27.757185898655365,55685
2021-07-30,27.757185898655365,27.95462977570559,27.442674598262705,27.75301411656347,50000
2021-08-02,27.75301411656347,28.179845795439,27.534407958383103,28.125442495408908,71613
2021-08-03,28.125442495408908,28.23669773121907,28.048801444509547,28.21634963994375,50000
2021-08-04,28.21634963994375,28.331776083759777,27.850324940313243,27.88840001809828,50000
2021-08-05,27.88840001809828,27.98676488915148,27.502988092746943,27.746075036867282,50000
2021-08-06,27.746075036867282,27.778681660164875,27.421528804466657,27.451862894325156,50000
2021-08-09,27.451862894325156,27.867745363162218,27.37164932745322,27.70196458598313,50000
2021-08-10,27.70196458598313,27.70698724451051,27.091976836016528,27.368967495971717,50000
2021-08-11,27.368967495971717,27.492766658979257,27.140442428117986,27.363785152580544,52327
2021-08-12,27.363785152580544,27.616459412175058,27.1935908196991,27.588463823804297,50000
2021-08-13,27.588463823804297,27.591382001824236,27.327533268969816,27.516504117423523,50000
2021-08-16,27.516504117423523,27.673658009179526,27.22645369141525,27.58048376592443,53481
2021-08-17,27.58048376592443,27.67013838945074,26.900801543565226,27.011616639360284,50000
2021-08-18,27.011616639360284,27.039358554285183,26.648160559107268,26.80631262073978,139047
2021-08-19,26.80631262073978,27.24317946757414,26.718469669761348,27.100864799081602,170323
2021-08-20,27.100864799081602,27.25593903228616,26.823572302862246,26.98398420591853,50000
2021-08-23,26.98398420591853,27.2920122639064,26.896447555361572,27.247259981932945,50000
2021-08-24,27.247259981932945,27.643187315400837,27.153598953848057,27.397059834690456,52032
2021-08-25,27.397059834690456,27.436960873596952,26.98423368643123,27.07960665572209,50000
2021-08-26,27.07960665572209,27.461533395297394,27.058280682126146,27.314941071490555,50000
2021-08-27,27.314941071490555,27.77721953094169,26.920281410795056,27.684568770604248,59857
2021-08-30,27.684568770604248,27.907517272933294,27.440148146928664,27.61272349285823,70826
2021-08-31,27.61272349285823,27.941244592163937,27.322284512423547,27.429777550079336,50000
2021-09-01,27.429777550079336,27.45867095965978,27.20265891874634,27.301041025719876,50000
2021-09-02,27.301041025719876,27.5751269794382,27.226755951486975,27.43917399592053,50000
2021-09-03,27.43917399592053,27.49089022202641,27.383627940221764,27.45756156302598,50000
2021-09-06,27.45756156302598,27.57588519717661,27.451432849418374,27.508644422541494,50000
2021-09-07,27.508644422541494,27.757593227231183,27.136346268128367,27.72331007213188,50000
2021-09-08,27.72331007213188,28.193159283730925,27.65348722301899,27.799832468577453,50000
2021-09-09,27.799832468577453,28.2238923388531,27.685355075509356,28.21858068895706,50000
2021-09-10,28.21858068895706,28.3219094909764,28.196151451790158,28.247258362982976,50000
2021-09-13,28.247258362982976,28.334681659630096,28.062832699650816,28.118266870702485,50000
2021-09-14,28.118266870702485,28.354652690147095,27.851027130946537,28.130935039846786,50000
2021-09-15,28.130935039846786,28.269910460850394,27.98922954909702,28.214843448776854,50000
2021-09-16,28.214843448776854,28.338244597578555,27.777291069533987,27.980102998857102,58879
2021-09-17,27.980102998857102,27.989752568271733,27.876824800580504,27.928931765171168,50000
2021-09-20,27.928931765171168,28.037075813874225,27.542374112608364,27.702017120295366,50000
2021-09-21,27.702017120295366,28.020030086242716,27.54666893150575,27.682161432186035,50000
2021-09-22,27.682161432186035,27.781826104262365,27.386812154449597,27.499247319098416,62311
2021-09-23,27.499247319098416,28.101809349965137,27.317857903938183,27.841908008639898,50000
2021-09-24,27.841908008639898,28.320753827628877,27.824458528115414,28.145549903556585,50000
2021-09-27,28.145549903556585,28.497542847410443,28.042497627409507,28.236759057003688,56633
2021-09-28,28.236759057003688,28.597756196413144,28.21826843025036,28.569764041424417,58150
2021-09-29,28.569764041424417,28.89535194831183,28.364077902770088,28.505614850435943,52972
2021-09-30,28.505614850435943,28.598814646299562,27.99175994730652,28.077636347316968,52302
2021-10-01,28.077636347316968,28.434601679106535,28.07699396380923,28.386996674870293,50000
2021-10-04,28.386996674870293,28.863926477814516,28.266791052731918,28.766222558183742,50000
2021-10-05,28.766222558183742,29.394058684588074,28.59287671939127,29.16416391228238,50000
2021-10-06,29.16416391228238,29.666971366455375,29.038620101792294,29.66296715528938,50000
2021-10-07,29.66296715528938,29.747628130885246,29.55640034007538,29.661378161208926,50000
2021-10-08,29.661378161208926,29.714761080256103,29.192124571720587,29.451761380151684,60620
2021-10-11,29.451761380151684,29.64821357836523,29.365200946987265,29.559197297449803,50000
2021-10-12,29.559197297449803,29.576833651993475,29.260413647433897,29.508660748883724,75452
2021-10-13,29.508660748883724,29.733006554376537,29.405086044963074,29.55099789144465,50000
2021-10-14,29.55099789144465,29.823084776292063,29.38852993031307,29.744982317978995,50000
2021-10-15,29.744982317978995,29.764877627284733,29.560747284660412,29.71616831413767,50000
2021-10-18,29.71616831413767,29.779809067051847,28.90516428448062,29.401337931472323,121459
2021-10-19,29.401337931472323,29.490170497762694,28.990820537116715,29.09174230396077,50000
2021-10-20,29.09174230396077,29.274723889748653,28.493077260470624,28.566022144001415,50184
2021-10-21,28.566022144001415,29.00322084488727,28.557550565707714,28.89629837415233,50000
2021-10-22,28.89629837415233,28.956382700131844,28.860786270681352,28.889136081808314,57481
2021-10-25,28.889136081808314,28.909405979167182,28.52493677329263,28.748364403478604,50000
2021-10-26,28.748364403478604,28.773010149306714,28.591758969074952,28.67122543136079,50000
2021-10-27,28.67122543136079,29.011230195355733,28.07482326110536,28.37713267535253,67018
2021-10-28,28.37713267535253,28.886779418811873,27.85616355020178,28.0968323892283,50000
2021-10-29,28.0968323892283,28.470591611738588,28.034428698918884,28.250557279055215,50000
2021-11-01,28.250557279055215,28.332493620793898,27.9036902755532,27.914853692314338,50000
2021-11-02,27.914853692314338,27.96851525627228,27.670148129798612,27.705569976343046,50000
2021-11-03,27.705569976343046,28.17872200253406,27.64525698828258,28.006512822905137,50000
2021-11-04,28.006512822905137,28.189868258951755,27.842544921367512,28.17138913182074,90307
2021-11-05,28.17138913182074,28.42672865401807,28.095755299887767,28.32676185890169,50000
2021-11-08,28.32676185890169,28.891203870851047,28.204668363541103,28.552555847703754,52804
2021-11-09,28.552555847703754,29.065758299962724,28.210270545656183,28.85194439754759,50000
2021-11-10,28.85194439754759,29.082502116913496,28.702685875557545,28.80552034640359,58226
2021-11-11,28.80552034640359,29.14506793569208,28.520515920751716,28.893767551931376,64447
2021-11-12,28.893767551931376,29.274125869843086,28.75294501855589,29.08361394000042,50000
2021-11-15,29.08361394000042,29.35877667505722,28.855782828491197,28.968395814329693,50000
2021-11-16,28.968395814329693,29.113702113707266,28.717472814711595,28.812137942056175,50000
2021-11-17,28.812137942056175,29.404680115027574,28.713257798777274,29.273450200699244,50000
2021-11-18,29.273450200699244,29.45704054985008,28.961283933965195,29.369111642797645,50000
2021-11-19,29.369111642797645,29.53716444474475,29.16223234853172,29.27530946993013,50000
2021-11-22,29.27530946993013,29.384254163890432,28.514133046298067,28.803216358998682,57835
2021-11-23,28.803216358998682,29.035566765025457,28.78995667849395,28.950020030777505,50000
2021-11-24,28.950020030777505,29.26530872450542,28.823130574538297,29.206633352362182,95989
2021-11-25,29.206633352362182,29.328250173590597,29.045342150683968,29.08828004242848,50000
2021-11-26,29.08828004242848,29.29683001622893,28.725731200424317,28.97479243672808,51473
2021-11-29,28.97479243672808,29.256001887990237,28.959869926975184,29.10542962913637,50000
2021-11-30,29.10542962913637,29.627326815343068,28.828818207197685,29.384577338576992,50000
2021-12-01,29.384577338576992,29.591296882552385,29.162673318394276,29.30027701176937,54433
2021-12-02,29.30027701176937,29.44826006005747,29.011526395073393,29.036296506573972,50000
2021-12-03,29.036296506573972,29.45601499185643,28.88975838583486,29.025860382973356,98627
2021-12-06,29.025860382973356,29.54342132911661,29.013329518265195,29.51217795178389,50000
2021-12-07,29.51217795178389,30.08346489932053,29.41026331230197,29.858766827615295,50000
2021-12-08,29.858766827615295,30.26047034110582,29.681206596871295,30.19919349292399,311406
2021-12-09,30.19919349292399,30.74185093080878,30.022505742790674,30.39556464742459,50000
2021-12-10,30.39556464742459,30.786664586305847,29.93569843818055,30.76280794917632,50000
2021-12-13,30.76280794917632,30.85814705857926,30.543805296461912,30.79476659679818,50000
2021-12-14,30.79476659679818,30.870608557706497,30.44319088058254,30.611696902929822,50000
2021-12-15,30.611696902929822,30.77702754504228,30.274281040562684,30.67299802204513,50000
2021-12-16,30.67299802204513,31.1431851003011,30.51415420329339,30.97047146594449,50000
2021-12-17,30.97047146594449,31.175131173177842,30.859659162561854,30.91632478923908,50000
2021-12-20,30.91632478923908,30.965674152036648,30.77286398926543,30.899656134565845,50000
2021-12-21,30.899656134565845,31.037907768220787,30.576971368555075,31.017911539918757,165579
2021-12-22,31.017911539918757,31.382348792530422,30.98486329478012,31.274362170793744,62728
2021-12-23,31.274362170793744,31.334286029363145,30.98496400502126,31.307761762913337,61867
2021-12-24,31.307761762913337,31.64700697300517,31.10591618797173,31.48753862411053,50000
2021-12-27,31.48753862411053,31.714659626974974,31.216616086931733,31.45124704194439,50000
2021-12-28,31.45124704194439,31.776737332102773,31.17115328562585,31.42409410505462,50000
2021-12-29,31.42409410505462,31.839136927968344,31.005936325955233,31.61873050123627,50000
2021-12-30,31.61873050123627,31.70275956753963,31.615440991010647,31.680277125593367,65363
2021-12-31,31.680277125593367,31.99984923406478,31.63917973714621,31.987525574492604,50000
2022-01-03,31.987525574492604,32.16647855754959,31.362604161630305,31.50464738581383,80333
2022-01-04,31.50464738581383,31.71004025923184,31.500823395269876,31.60725391711708,50000
2022-01-05,31.60725391711708,31.84358331097456,31.302853849638304,31.704349356382014,85034
2022-01-06,31.704349356382014,31.821747531521865,31.225918401872015,31.53529789325467,59828
2022-01-07,31.53529789325467,31.908818939814484,31.169800344033312,31.33345262127516,50000
2022-01-10,31.33345262127516,31.695233040095218,31.207231996655743,31.674455617117445,50000
2022-01-11,31.674455617117445,32.121106409628275,31.42328793012024,31.970169143701835,50000
2022-01-12,31.970169143701835,32.28025573202643,31.81417987360309,32.120202972075155,50000
2022-01-13,32.120202972075155,33.31547334708847,32.087081966879566,33.01722420667774,50000
2022-01-14,33.01722420667774,33.412706431583295,32.75834769366284,32.95112062361484,57215
2022-01-17,32.95112062361484,33.81291215029187,32.745746538046156,33.689898001167805,78030
2022-01-18,33.689898001167805,33.894774118361305,33.29826591806739,33.388068049536706,50000
2022-01-19,33.388068049536706,33.497490920286694,33.302703463379125,33.32075660369411,50000
2022-01-20,33.32075660369411,33.32691339714904,33.17997675577349,33.29070794736982,50000
2022-01-21,33.29070794736982,33.41882337100546,33.05316824051263,33.29164734041931,59214
2022-01-24,33.29164734041931,33.727010014536745,33.28809126480129,33.5871388464146,196519
2022-01-25,33.5871388464146,33.85639424036212,33.45119366592727,33.57158624203287,50000
2022-01-26,33.57158624203287,34.16958210835388,33.560276485454224,33.83848026905881,50000
2022-01-27,33.83848026905881,34.11088946449558,33.808400955045784,34.05505074491838,50000
2022-01-28,34.05505074491838,34.291700573252974,33.948084418837965,34.07538413816808,50000
2022-01-31,34.07538413816808,34.371221434196414,33.91054555657251,33.929539257258334,50000
2022-02-01,33.929539257258334,34.523784755157486,33.642508269588404,34.12435916410427,50000
2022-02-02,34.12435916410427,34.32281841411621,33.990896328181066,34.266986335974615,50000
2022-02-03,34.266986335974615,34.505996251376835,34.15515993943876,34.32913770489385,50000
2022-02-04,34.32913770489385,34.37313507619009,33.99893855736203,34.169769154295686,50000
2022-02-07,34.169769154295686,35.42960520341996,34.03371081890354,35.03247516377243,50000
2022-02-08,35.03247516377243,35.1391134790261,34.685679030588986,34.984797976170846,62259
2022-02-09,34.984797976170846,35.2417843777908,34.52757045409769,34.55665424775132,71094
2022-02-10,34.55665424775132,34.657319985491256,34.517702296111835,34.57716977252516,64731
2022-02-11,34.57716977252516,34.61521254467017,34.41135386200169,34.44950945967279,209717
2022-02-14,34.44950945967279,34.88493743008976,34.42375882278109,34.646383906598665,50000
2022-02-15,34.646383906598665,34.84191164206339,34.392275825993536,34.78795266812544,78284
2022-02-16,34.78795266812544,35.222073187351775,34.73269919165939,34.800553369410345,50000
2022-02-17,34.800553369410345,35.16547421106921,34.631280303275254,34.6414061338394,55596
2022-02-18,34.6414061338394,34.95884626944957,34.37256169468767,34.758149591743944,50000
2022-02-21,34.758149591743944,35.07516083768381,34.13860821497378,34.53059279920568,50000
2022-02-22,34.53059279920568,34.738996995398,34.21686105308979,34.341113908061615,77923
2022-02-23,34.341113908061615,34.54891908515061,33.902004544588884,34.01011037197682,83239
2022-02-24,34.01011037197682,34.04646577097978,33.57656741638328,33.7627164849708,50000
2022-02-25,33.7627164849708,34.082216803208965,33.686971492791145,33.99113811307293,50000
2022-02-28,33.99113811307293,34.69623273764694,33.91616415391815,34.62039886716514,54023
2022-03-01,34.62039886716514,34.88730698243887,34.30474307522302,34.75630306128137,125330
2022-03-02,34.75630306128137,34.900589858272575,34.71252748430627,34.85470317152771,50000
2022-03-03,34.85470317152771,35.53445554192337,34.60504362584747,35.297718065528485,90112
2022-03-04,35.297718065528485,35.403774898034506,35.02565721930866,35.21993054216582,57378
2022-03-07,35.21993054216582,35.67462641987798,35.15315206093814,35.52936100003507,50000
2022-03-08,35.52936100003507,35.85344762090335,35.398625528293294,35.491852606058345,64241
2022-03-09,35.491852606058345,36.198558810517305,35.43052434989075,35.70525845047769,51755
2022-03-10,35.70525845047769,35.854921537334015,35.459883439572636,35.7938544525017,50000
2022-03-11,35.7938544525017,35.82928017866696,35.318418239356326,35.545422970737626,50000
2022-03-14,35.545422970737626,35.56840656634598,34.9283647236368,35.23112503172315,50000
2022-03-15,35.23112503172315,35.510788764622326,34.61647504299385,34.888542491682536,50000
2022-03-16,34.888542491682536,35.24316711879578,34.69111792047935,35.05818951760002,50000
2022-03-17,35.05818951760002,35.46451761151119,35.031353013627886,35.30930760712958,50000
2022-03-18,35.30930760712958,35.53496023033266,34.783743958418974,35.07814198694177,68151
2022-03-21,35.07814198694177,35.49111504591268,35.007484667053234,35.1249721010253,50000
2022-03-22,35.1249721010253,35.22593648821336,34.93619265145909,35.18741224960617,50000
2022-03-23,35.18741224960617,35.33986635689203,34.87948372513343,35.23616148482813,50000
2022-03-24,35.23616148482813,35.42400895887873,34.717001481599596,34.78386454939674,50000
2022-03-25,34.78386454939674,34.869068517012046,34.332761995968134,34.48660885561516,50000
2022-03-28,34.48660885561516,34.65668274437491,34.057299272375914,34.50511759345441,50000
2022-03-29,34.50511759345441,34.708186427848226,34.223187205811946,34.24667674293181,50000
2022-03-30,34.24667674293181,34.27577251282375,34.080068099566475,34.11967635769809,50000
2022-03-31,34.11967635769809,34.3134996399877,33.818605488780854,34.21234208479565,50000
2022-04-01,34.21234208479565,35.13686958778016,34.04986576541386,34.94603961670676,50000
2022-04-04,34.94603961670676,35.02588701903657,34.42310014186934,34.69059494295331,50000
2022-04-05,34.69059494295331,35.03495105603845,34.40067551997037,34.71296628600304,93257
2022-04-06,34.71296628600304,35.514817191801185,34.59618215782661,35.1643822777271,58697
2022-04-07,35.1643822777271,35.229362129218394,35.06727875726088,35.195966389613254,50000
2022-04-08,35.195966389613254,35.19756674837613,34.79577550669324,34.81856626294994,258019
2022-04-11,34.81856626294994,35.2849939766373,34.81239719893921,35.02082766690214,50000
2022-04-12,35.02082766690214,35.22210821782415,34.62147647154244,34.85006756626597,50000
2022-04-13,34.85006756626597,35.04381480701543,34.715157437629024,34.85614058012057,141678
2022-04-14,34.85614058012057,35.32662750862917,34.728698048892234,35.031409789981744,50000
2022-04-15,35.031409789981744,35.05329702304388,34.88575333013714,34.94491732031715,64185
2022-04-18,34.94491732031715,34.96018309131333,34.509656272513766,34.718923435920246,50000
2022-04-19,34.718923435920246,35.347696265588674,34.62713362846628,35.10598613770675,100357
2022-04-20,35.10598613770675,35.87077278137139,34.903430870427925,35.63259648149514,77455
2022-04-21,35.63259648149514,35.770022574277476,35.496621464441716,35.7508610674385,61828
2022-04-22,35.7508610674385,36.058380697964544,35.630222623795085,35.65115166881647,83050
2022-04-25,35.65115166881647,36.11729358571026,35.38084102812967,35.78352396697036,69881
2022-04-26,35.78352396697036,36.116655956234595,35.417828112680034,35.852509651382796,80292
2022-04-27,35.852509651382796,35.97148535970364,35.40869688559966,35.760712735263915,50000
2022-04-28,35.760712735263915,36.26586732980991,35.70159810847369,36.13117840474301,57283
2022-04-29,36.13117840474301,36.87770715765214,36.105607465158165,36.69647782564211,50000
2022-05-02,36.69647782564211,36.76510803299031,36.22872968456962,36.63122324194215,50000
2022-05-03,36.63122324194215,37.10830910035367,36.42692066674355,36.84922305262692,68103
2022-05-04,36.84922305262692,38.090366053123695,36.649009435018264,37.4928663208663,50000
2022-05-05,37.4928663208663,37.800964122103096,37.46104112636598,37.75703681210428,50000
2022-05-06,37.75703681210428,38.25664744368706,37.700098927065305,38.2427829833429,50000
2022-05-09,38.2427829833429,38.765349197305696,38.146702407817834,38.25916019103132,50000
2022-05-10,38.25916019103132,38.335143473925534,37.605236212328634,37.70557288522825,50000
2022-05-11,37.70557288522825,38.05098550904129,37.58369325768399,37.78689019838126,76063
2022-05-12,37.78689019838126,38.097178864117936,37.78239985496989,37.864119025127884,50000
2022-05-13,37.864119025127884,38.06273296591712,37.81384176165192,37.996088825819704,50000
2022-05-16,37.996088825819704,38.042652567632835,37.43710871493351,37.49877214968403,50000
2022-05-17,37.49877214968403,37.789565130592074,37.36830977696955,37.59262405609183,50000
2022-05-18,37.59262405609183,37.73865416305947,37.45293905656368,37.64841396416938,68596
2022-05-19,37.64841396416938,38.03199437065843,37.306806740993366,37.386243132096844,58593
2022-05-20,37.386243132096844,37.57263330572352,37.336315454463765,37.48117038920262,50000
2022-05-23,37.48117038920262,38.042730160852884,37.327426842784035,37.965665461527216,50000
2022-05-24,37.965665461527216,38.02536926255419,37.53611693927618,37.77254757619723,94003
2022-05-25,37.77254757619723,38.268707836905406,37.170329953820705,37.623320164106325,65520
2022-05-26,37.623320164106325,38.16352020532828,37.378837631355125,37.49379163106891,78466
2022-05-27,37.49379163106891,37.78877414057115,37.44284795882261,37.56057764972455,51290
2022-05-30,37.56057764972455,38.14382167060165,37.29178440198797,38.034364155886465,50000
2022-05-31,38.034364155886465,38.10400972950137,37.87119767859026,37.98085123765268,50000
2022-06-01,37.98085123765268,38.319723533940724,37.78378145593112,38.30641080419611,50000
2022-06-02,38.30641080419611,38.37600105722722,37.172424991254616,37.51887636592941,50000
2022-06-03,37.51887636592941,37.73132121987387,37.36680518094165,37.72560272851245,126942
2022-06-06,37.72560272851245,38.074697644654734,37.211417027629246,37.47510386901791,152767
2022-06-07,37.47510386901791,37.63478654853623,37.26078472858438,37.40043394793557,50000
2022-06-08,37.40043394793557,37.66098630693359,37.14834873107409,37.31045824295189,90454
2022-06-09,37.31045824295189,37.87953860996338,37.30241566839224,37.69975725035363,50000
2022-06-10,37.69975725035363,38.01971238840632,37.50673712170021,37.88154213569909,50000
2022-06-13,37.88154213569909,37.909035686101596,37.337124678795725,37.562478273356874,50000
2022-06-14,37.562478273356874,37.68661423297528,36.808942699730764,37.01433650626028,50000
2022-06-15,37.01433650626028,37.417753257387034,37.01380042996684,37.14536466424357,130123
2022-06-16,37.14536466424357,37.868895274811905,37.00942325450294,37.665494876927085,50000
2022-06-17,37.665494876927085,37.873362032030926,37.56015446771442,37.76488756484178,50000
2022-06-20,37.76488756484178,37.92549475426851,37.57547135108316,37.71913493604164,50000
2022-06-21,37.71913493604164,38.02478511890331,37.32721776737766,37.34053554594024,50000
2022-06-22,37.34053554594024,37.37850563890378,37.14639678464679,37.329756355643845,50000
2022-06-23,37.329756355643845,37.581892381203936,37.20906900779257,37.3251200999968,50000
2022-06-24,37.3251200999968,37.51730933320619,36.945155202204134,37.489878314709266,50000
2022-06-27,37.489878314709266,37.64279181664867,37.13463784195499,37.641893171031974,50000
2022-06-28,37.641893171031974,38.04768391225776,37.441136618317216,37.93445277245735,50000
2022-06-29,37.93445277245735,38.030566760068744,37.6984306108393,37.97326726433796,55809
2022-06-30,37.97326726433796,38.12202988180733,37.31983380839106,37.603923297092514,50000
2022-07-01,37.603923297092514,37.62154685427447,37.138203917087516,37.42746839637879,50000
2022-07-04,37.42746839637879,37.64898097656565,37.28093819858828,37.32363532402738,50000
2022-07-05,37.32363532402738,37.55785482269115,37.063645952756886,37.419205969100766,50000
2022-07-06,37.419205969100766,37.84226788479061,37.05820393577452,37.763837486933134,51591
2022-07-07,37.763837486933134,37.905454931327974,37.692673532740905,37.84983553709339,50000
2022-07-08,37.84983553709339,38.91246153382861,37.566792661,38.26178460434277,50161
2022-07-11,38.26178460434277,38.70516545693677,37.3200037191356,37.46223525033746,50000
2022-07-12,37.46223525033746,38.00468123616399,37.25248235734769,37.54397778192274,50000
2022-07-13,37.54397778192274,37.556651423116556,37.10549846741152,37.38607044655872,50000
2022-07-14,37.38607044655872,37.388242882280075,37.13864752312139,37.258818783015215,112131
2022-07-15,37.258818783015215,37.748658217723644,37.09372721377327,37.528489479017345,50000
2022-07-18,37.528489479017345,37.59401005495286,37.29813071760389,37.41391990773865,50000
2022-07-19,37.41391990773865,38.019955640332824,36.76799906582064,37.38667971020539,137789
2022-07-20,37.38667971020539,37.60535867273445,37.31286137889192,37.49431615179481,50000
2022-07-21,37.49431615179481,37.57504841812298,37.07453616520319,37.14033841738235,181001
2022-07-22,37.14033841738235,37.233620526410434,36.61557518854062,36.689403384122635,57551
2022-07-25,36.689403384122635,37.0171937120968,36.45636302552611,36.93826685262975,50000
2022-07-26,36.93826685262975,37.11550333009315,36.486614708564666,36.795049988525406,127400
2022-07-27,36.795049988525406,36.95277552297006,36.267776363373684,36.5129060776116,216066
2022-07-28,36.5129060776116,36.85758528969126,36.41954021681901,36.82241708429376,50000
2022-07-29,36.82241708429376,37.7205400348575,36.641979351141025,37.45094935062117,61021
2022-08-01,37.45094935062117,37.713797489566524,37.232766736944335,37.52662344867231,66587
2022-08-02,37.52662344867231,37.58760569596879,37.02505306934469,37.206105647874324,50000
2022-08-03,37.206105647874324,37.60987260021885,37.03833127772017,37.54973369904145,62395
2022-08-04,37.54973369904145,37.62423467536651,37.44669559491022,37.51525144475977,50000
2022-08-05,37.51525144475977,37.80086506221093,37.237557998343064,37.64077687000446,50000
2022-08-08,37.64077687000446,37.64290526606109,37.55072334318697,37.61384520909526,90929
2022-08-09,37.61384520909526,37.869585895185736,37.48237221035417,37.77918586010858,50000
2022-08-10,37.77918586010858,37.839842241842085,37.59297847198769,37.7149795458755,50000
2022-08-11,37.7149795458755,38.19903328780512,37.55999211906599,37.65481147231958,50000
2022-08-12,37.65481147231958,37.84166194150816,37.354658813891824,37.84051033750225,58893
2022-08-15,37.84051033750225,37.892694409316476,37.4989550966636,37.74986791269432,50000
2022-08-16,37.74986791269432,37.983107861644825,37.45227463859219,37.6522212390541,50000
2022-08-17,37.6522212390541,38.34536863513309,37.4114315558492,38.14024393692336,50000
2022-08-18,38.14024393692336,38.313561868187534,37.81810892511057,38.110415517874635,104059
2022-08-19,38.110415517874635,38.253233728547215,37.87556886755341,38.14759141181124,50000
2022-08-22,38.14759141181124,38.595211101436654,37.84891939682379,38.22871244572053,50000
2022-08-23,38.22871244572053,38.723713287570845,38.09117174205122,38.393713043821094,94395
2022-08-24,38.393713043821094,38.56649304814653,37.72926138551723,38.15626059245398,50000
2022-08-25,38.15626059245398,38.521017662255105,37.97786665005262,38.35212531467798,50000
2022-08-26,38.35212531467798,38.68356456686173,38.30568243872985,38.39754507664195,50000
2022-08-29,38.39754507664195,39.284700126670515,37.77270687715668,38.90676162229103,50000
2022-08-30,38.90676162229103,39.498205807129494,38.74009194141642,39.37547020160229,62548
2022-08-31,39.37547020160229,39.61675027449762,39.313552840647056,39.57573297833658,50000
2022-09-01,39.57573297833658,40.95335579311458,39.38525452166283,40.79912377740514,88510
2022-09-02,40.79912377740514,41.11933813862668,40.67005899168423,41.02438665800885,50000
2022-09-05,41.02438665800885,41.27644275108802,40.70456161649195,41.12237474296366,50000
2022-09-06,41.12237474296366,41.20866603353417,40.956565525960535,41.13228170116281,50000
2022-09-07,41.13228170116281,41.22810221251707,40.8394611040126,40.867520947547746,50000
2022-09-08,40.867520947547746,40.884554908831966,40.332057465796694,40.74063335547727,50000
2022-09-09,40.74063335547727,40.9080939491214,40.31555864194791,40.56159280303277,50000
2022-09-12,40.56159280303277,40.841179183230636,40.45103715623911,40.808453440700944,83627
2022-09-13,40.808453440700944,40.9931097164905,40.59354540252945,40.91279407082618,50000
2022-09-14,40.91279407082618,40.93774455240767,40.69259374068761,40.830695787253916,50000
2022-09-15,40.830695787253916,41.67317168697999,40.74329998561511,41.51659802270016,54261
2022-09-16,41.51659802270016,41.90478439159352,41.337234075296095,41.4874492587954,50000
2022-09-19,41.4874492587954,41.570529136164204,41.447142079892686,41.50863295910522,59272
2022-09-20,41.50863295910522,41.73423432851308,41.1020132485788,41.34006545732318,50000
2022-09-21,41.34006545732318,41.370325366424865,40.93821595455704,41.33817857708184,81667
2022-09-22,41.33817857708184,42.03975316177574,41.26998250881159,41.82183729639354,193900
2022-09-23,41.82183729639354,42.317551327257526,41.671339371660856,41.905196417853126,50000
2022-09-26,41.905196417853126,41.911031260434555,41.3554680123638,41.43375201354744,50000
2022-09-27,41.43375201354744,41.861982967798696,41.094095098595346,41.55336844467057,50000
2022-09-28,41.55336844467057,41.925249042103495,41.49558716321895,41.853520503584264,50000
2022-09-29,41.853520503584264,42.55105399739246,41.63201551102103,42.3302060535653,50000
2022-09-30,42.3302060535653,42.55402044722672,41.90738192168633,42.17672407704781,90263
2022-10-03,42.17672407704781,42.41592824942542,42.00602435879097,42.21335349660061,50000
2022-10-04,42.21335349660061,42.66233012280847,42.176082140780466,42.26473988838982,50000
2022-10-05,42.26473988838982,42.39069637489399,41.369209555967544,41.5870685460478,50000
2022-10-06,41.5870685460478,41.90490175550178,41.28982645793808,41.2908627357684,50000
2022-10-07,41.2908627357684,41.72949074094912,40.88088447699139,41.03815388062684,54626
2022-10-10,41.03815388062684,41.23432266143152,40.974840551129176,41.05690828160026,50000
2022-10-11,41.05690828160026,41.302184544256825,40.39125022822539,40.515734467594164,50000
2022-10-12,40.515734467594164,40.65406586471973,40.248291978466504,40.40588494424982,50000
2022-10-13,40.40588494424982,40.42969551353354,40.09654593670783,40.21208962066957,50000
2022-10-14,40.21208962066957,40.582281573424105,39.797741131757846,40.055904101333375,79035
2022-10-17,40.055904101333375,40.359587640299914,39.75283945919715,40.09385034768509,68471
2022-10-18,40.09385034768509,40.64353349465872,39.83499289634205,40.37400126211457,50000
2022-10-19,40.37400126211457,40.470096808420266,39.75504307995335,39.89125035599122,114121
2022-10-20,39.89125035599122,40.55780354251291,39.5366100981844,40.09899642336757,60689
2022-10-21,40.09899642336757,40.22663592990246,39.83375364443515,40.10564985793263,50000
2022-10-24,40.10564985793263,40.41917468160546,39.73849806799911,39.91412404483076,50000
2022-10-25,39.91412404483076,40.76190199335645,39.79605638842819,40.71003302790837,52687
2022-10-26,40.71003302790837,41.30701155439531,40.580784269657634,41.06651501032184,50000
2022-10-27,41.06651501032184,41.43955376217713,40.618057960328635,40.861735924412905,50000
2022-10-28,40.861735924412905,41.16924356427926,40.411759080125144,40.65103877995748,93252
2022-10-31,40.65103877995748,40.92341761786393,40.52990253081159,40.82017252908187,50000
2022-11-01,40.82017252908187,40.94666349739973,40.37792669390114,40.62653149822992,61965
2022-11-02,40.62653149822992,41.36900398692996,40.481654668799855,41.12955236221703,88225
2022-11-03,41.12955236221703,41.22880964232108,40.52242054586648,40.9423888156859,50000
2022-11-04,40.9423888156859,41.266397363384854,40.89900443358026,41.017453070361505,67784
2022-11-07,41.017453070361505,41.208664650922046,40.673809180933524,40.95784903598163,63551
2022-11-08,40.95784903598163,41.13627990797017,40.80313101108098,40.94793382078848,50000
2022-11-09,40.94793382078848,41.20815101331664,40.63669391076402,40.90269465961332,50000
2022-11-10,40.90269465961332,40.98442477033988,40.66958715110997,40.82942412938523,112687
2022-11-11,40.82942412938523,40.99072022040412,40.013967911472584,40.216066614399615,50000
2022-11-14,40.216066614399615,40.450572220482044,39.92659945496825,40.39589078123096,127420
2022-11-15,40.39589078123096,40.699040305338805,40.12864420776181,40.18952081362037,76386
2022-11-16,40.18952081362037,40.33838809418526,39.54204944079999,40.04792441141612,50000
2022-11-17,40.04792441141612,40.436071894410865,39.7186913534585,39.91820064529088,50000
2022-11-18,39.91820064529088,40.0909592074467,39.74660507347132,39.802306997101034,50000
2022-11-21,39.802306997101034,39.9890369338336,38.99835189674615,39.11155048855684,50000
2022-11-22,39.11155048855684,39.244305700979886,38.983964027241,39.01625733266984,50000
2022-11-23,39.01625733266984,39.319936845854215,38.685574734777084,38.696312433561644,50000
2022-11-24,38.696312433561644,38.77663543697121,38.61343011804325,38.7349055699071,50000
2022-11-25,38.7349055699071,39.10709707213233,38.064769038734184,38.38813968648294,50000
2022-11-28,38.38813968648294,38.49783160010633,37.95129975928279,38.27153574740015,50000
2022-11-29,38.27153574740015,38.639683179374565,38.14948254440268,38.17001307043816,50000
2022-11-30,38.17001307043816,38.6526798384615,37.741167910705585,38.31683466371754,55031
2022-12-01,38.31683466371754,38.51675198188005,37.87771510451869,38.27722856794004,60184
2022-12-02,38.27722856794004,38.46626992179877,38.141758335315416,38.21380039061573,50000
2022-12-05,38.21380039061573,38.22655934670844,37.63362315346747,37.85865428377628,50000
2022-12-06,37.85865428377628,37.90966957821781,37.14486545729422,37.343418719647424,216725
2022-12-07,37.343418719647424,37.57254571637642,37.089528184574675,37.23666917309818,50000
2022-12-08,37.23666917309818,37.44645964476124,36.806466215720135,37.10892758217378,50000
2022-12-09,37.10892758217378,37.440318928482796,36.63258515789259,36.80810833257084,50000
2022-12-12,36.80810833257084,37.508692248854224,36.675502448381195,37.440163718322324,72085
2022-12-13,37.440163718322324,37.80791086422256,37.20960624352426,37.752168794167495,187838
2022-12-14,37.752168794167495,37.76592591798024,37.32098624698027,37.3536088160466,56670
2022-12-15,37.3536088160466,37.354769968125716,37.06844502005561,37.33702468263832,68809
2022-12-16,37.33702468263832,37.36185836888338,36.9708958238684,37.100269956455996,87040
2022-12-19,37.100269956455996,37.12838048066733,36.76940802434981,36.91200264912072,50000
2022-12-20,36.91200264912072,37.66628153482367,36.78780894106644,37.52707088310222,83852
2022-12-21,37.52707088310222,37.82422815930267,37.091815583816675,37.24041842054117,50000
2022-12-22,37.24041842054117,37.71667940162209,36.69211597700835,37.45181375984884,50000
2022-12-23,37.45181375984884,37.803217072038414,37.248919565631084,37.605963579359866,50000
2022-12-26,37.605963579359866,38.13596123678548,37.45542481192531,37.766099209435815,50000
2022-12-27,37.766099209435815,38.05268971037272,37.283315856196154,37.31726677136202,50000
2022-12-28,37.31726677136202,37.396302139163595,37.06989910792803,37.21998516977347,50000
2022-12-29,37.21998516977347,37.84452966485814,36.75045736724736,37.56730849853423,50000
2022-12-30,37.56730849853423,37.65922536848952,37.09744551190982,37.401795893551785,50000
2023-01-02,37.401795893551785,37.5694023329797,36.54780367664951,36.95520700679807,50000
2023-01-03,36.95520700679807,37.26740367170052,36.17322146393853,36.65393610673721,50000
2023-01-04,36.65393610673721,36.93411763756206,36.19321269103097,36.325178297358384,50000
2023-01-05,36.325178297358384,36.978118167974706,36.12830296998634,36.717582515022265,50000
2023-01-06,36.717582515022265,37.238634633827864,36.615350132084934,37.04636659066756,84865
2023-01-09,37.04636659066756,37.384914481563634,36.30547041177367,36.56191189851067,50000
2023-01-10,36.56191189851067,36.851135435557346,36.42145635149622,36.833453038153095,50000
2023-01-11,36.833453038153095,37.17255150265267,36.3574834709193,36.38539615583452,50000
2023-01-12,36.38539615583452,36.500560636738584,35.711897479345026,36.02554380918813,50000
2023-01-13,36.02554380918813,36.08490865429162,35.74265722785692,35.772866847784634,50000
2023-01-16,35.772866847784634,36.3608333484506,35.63647929213649,36.28070810623641,50000
2023-01-17,36.28070810623641,36.323994452867744,36.03297630125776,36.19243415893577,53127
2023-01-18,36.19243415893577,36.96764280023018,35.99613674291359,36.592593980186166,55439
2023-01-19,36.592593980186166,36.71594366829774,36.218154887261,36.30936246187247,96913
2023-01-20,36.30936246187247,36.38283175557402,35.370749866288115,35.89408814251783,50000
2023-01-23,35.89408814251783,35.984894456808455,35.60194946596169,35.73044279771884,54324
2023-01-24,35.73044279771884,36.503157218450035,35.485466958003585,36.312048964477306,50000
2023-01-25,36.312048964477306,37.2137770876385,36.1785389258963,36.79570515176045,50000
2023-01-26,36.79570515176045,36.8920006503173,36.405559287488515,36.85486011182074,78430
2023-01-27,36.85486011182074,36.98077482184905,36.126468457140135,36.20558874215528,50000
2023-01-30,36.20558874215528,36.349664737659815,35.38700028945126,35.4534994675939,129639
2023-01-31,35.4534994675939,35.5045979899535,35.09891705742225,35.44145321079406,50000
2023-02-01,35.44145321079406,35.56883547420155,35.200457986246874,35.23154900380696,53002
2023-02-02,35.23154900380696,35.31013206089543,34.948692888493966,35.14817950637502,63018
2023-02-03,35.14817950637502,35.29908139541248,34.92994208885946,35.135674388695335,66631
2023-02-06,35.135674388695335,35.38380256106222,35.02978195189421,35.249055826732494,50000
2023-02-07,35.249055826732494,35.8200607601429,35.152160834487965,35.658807310235176,78451
2023-02-08,35.658807310235176,35.841362962747304,35.308005411153225,35.502287039903294,55676
2023-02-09,35.502287039903294,35.82336548250064,35.25497769319648,35.69275944482456,50000
2023-02-10,35.69275944482456,35.745138384039294,35.15667031764566,35.310430572240406,70974
2023-02-13,35.310430572240406,35.334953683806454,35.24304942785741,35.26995851992182,50000
2023-02-14,35.26995851992182,36.05479650267189,35.2587877056957,35.71754454480707,50000
2023-02-15,35.71754454480707,35.732316458024926,35.396891011876654,35.39847574402698,50000
2023-02-16,35.39847574402698,36.259697711134855,35.10471426093382,35.998874283715125,50000
2023-02-17,35.998874283715125,36.116295494011865,35.9526986776991,36.092372542421344,50000
2023-02-20,36.092372542421344,36.41509365287404,36.03065232190335,36.338722357047104,50000
2023-02-21,36.338722357047104,36.50554222757431,36.016788108013934,36.30326740116045,50000
2023-02-22,36.30326740116045,37.00225833653894,36.0973810878532,36.77929905505474,50000
2023-02-23,36.77929905505474,36.99801184086154,36.65486376949555,36.95607703922186,50000
2023-02-24,36.95607703922186,37.0800196059158,36.41034636239391,36.48657946790701,50000
2023-02-27,36.48657946790701,36.70735666242452,36.46474091679869,36.49306535155358,50000
2023-02-28,36.49306535155358,36.8611853169966,35.409853601521384,35.993760234341195,88315
2023-03-01,35.993760234341195,36.62269715010521,35.944767044376455,36.361729458144815,50000
2023-03-02,36.361729458144815,36.498341109089864,36.25893699239177,36.2833653792702,50000
2023-03-03,36.2833653792702,36.355030853284035,36.178361918232525,36.30155560902545,50000
2023-03-06,36.30155560902545,36.364146929431534,35.52276401093331,35.92849565705818,50000
2023-03-07,35.92849565705818,35.93903146291632,35.76032212060401,35.843345297032585,50000
2023-03-08,35.843345297032585,35.919044521252346,35.59248586095048,35.756757572498714,60731
2023-03-09,35.756757572498714,36.598802603258804,35.418283754398836,36.38373636640527,50000
2023-03-10,36.38373636640527,37.309191560444695,36.284694535412086,37.16751753540693,50000
2023-03-13,37.16751753540693,37.68597786715148,36.99862049278329,37.38213350759106,50000
2023-03-14,37.38213350759106,37.43039334674083,37.23478564548062,37.42153357328842,50000
2023-03-15,37.42153357328842,37.689331416861265,36.96644345803684,37.523288995927935,50000
2023-03-16,37.523288995927935,38.23910521407861,37.45571991311549,37.847921469548055,50000
2023-03-17,37.847921469548055,38.05793255282087,37.540995942760475,37.54858010141973,50000
2023-03-20,37.54858010141973,37.830584899978874,37.03593556823534,37.06022911380368,50000
2023-03-21,37.06022911380368,37.579719333630585,36.88661543757308,37.26581741707485,50000
2023-03-22,37.26581741707485,37.46292058302096,37.163121068489936,37.27145386069139,70123
2023-03-23,37.27145386069139,37.87523061815114,37.12844164629427,37.65805742957028,50000
2023-03-24,37.65805742957028,37.97920618408978,37.03373621809953,37.07568203560819,50000
2023-03-27,37.07568203560819,37.670459607763775,36.81914037375134,37.63981086450924,65211
2023-03-28,37.63981086450924,38.26667767860971,37.515636760994084,38.24024363659656,50000
2023-03-29,38.24024363659656,38.68856328974317,37.895235902247386,38.50872534237422,50000
2023-03-30,38.50872534237422,38.999022224063175,38.38979902188324,38.97500739976592,50000
2023-03-31,38.97500739976592,39.09636391462229,38.742186826657765,38.753276366591024,83553
2023-04-03,38.753276366591024,38.90759764996594,38.10081466038622,38.53813438134689,50000
2023-04-04,38.53813438134689,38.56885394843759,37.98859364446894,38.169990114104436,60654
2023-04-05,38.169990114104436,38.57263087239544,38.01988156925963,38.317634113812794,78796
2023-04-06,38.317634113812794,38.55000633704072,37.571460073977704,38.120779393949256,50000
2023-04-07,38.120779393949256,38.14874435598196,38.0177247603532,38.0962932382981,50000
2023-04-10,38.0962932382981,38.37698401192681,37.40983760366341,37.50921314902458,50000
2023-04-11,37.50921314902458,37.636788535106696,36.82703612303194,37.24999378545629,50000
2023-04-12,37.24999378545629,37.37528397994235,36.625347379598296,37.222726086949166,50000
2023-04-13,37.222726086949166,37.454709354959846,37.014719966579,37.26128938897227,50000
2023-04-14,37.26128938897227,37.85214695375542,36.82673445860057,37.57457389347821,50000
2023-04-17,37.57457389347821,38.32749589220634,37.35421676829902,38.22743293572843,50000
2023-04-18,38.22743293572843,38.26980130976769,37.78420210259219,37.80074600502656,66880
2023-04-19,37.80074600502656,38.311648919290064,37.371782006474774,37.961629267416896,50000
2023-04-20,37.961629267416896,38.91723523191832,37.572993423375394,38.63126646436054,51348
2023-04-21,38.63126646436054,38.71891160795814,38.27671749769133,38.32252808631093,50000
2023-04-24,38.32252808631093,38.80266315961739,38.06670086079514,38.797174299663986,211454
2023-04-25,38.797174299663986,39.14786927515317,38.74830503110539,38.93690918363351,59698
2023-04-26,38.93690918363351,39.374861763551124,38.77591671304912,39.241740242691144,50000
2023-04-27,39.241740242691144,39.292051868986356,38.860350240018114,39.00231653805675,66900
2023-04-28,39.00231653805675,39.12323033334751,38.26251947287338,38.70247179528361,50000
2023-05-01,38.70247179528361,38.885230816468706,37.83294191515269,37.901786145432496,79590
2023-05-02,37.901786145432496,38.08969712042575,37.64135643834527,37.95701756218445,66610
2023-05-03,37.95701756218445,38.12493647475011,37.69780013904679,38.09741149444315,50000
2023-05-04,38.09741149444315,38.60579759065521,37.65430483461056,37.786934506740735,50000
2023-05-05,37.786934506740735,38.165515600102694,37.3806428503372,37.506683219290395,64206
2023-05-08,37.506683219290395,37.728522697701635,37.21012617962931,37.64458917608998,50000
2023-05-09,37.64458917608998,37.73034406829466,37.46782114136231,37.654403201058194,50000
2023-05-10,37.654403201058194,38.04107590756971,37.358930431363355,37.90245423119516,50000
2023-05-11,37.90245423119516,38.32732840420078,37.76845188813836,38.165263374948175,50000
2023-05-12,38.165263374948175,38.27610732663055,37.740059005514176,38.192926209135436,50000
2023-05-15,38.192926209135436,38.43386536718022,37.82058004753843,37.84459418057837,162570
2023-05-16,37.84459418057837,38.04111430187216,37.510487812098376,37.88620273509388,50000
2023-05-17,37.88620273509388,38.1861215434848,37.53994414285335,37.687459038690875,50000
2023-05-18,37.687459038690875,37.87979591964528,37.56348981641409,37.7124508670331,50000
2023-05-19,37.7124508670331,37.93713662759,37.07022281589863,37.162528406869804,91374
2023-05-22,37.162528406869804,37.32048803047676,36.61361313207624,36.79474704475706,50000
2023-05-23,36.79474704475706,36.86221188194453,36.350223430308844,36.514580448095415,50000
2023-05-24,36.514580448095415,37.00602724309971,36.31524873742214,36.75049564921446,50000
2023-05-25,36.75049564921446,37.34255107884402,36.62237670425376,37.29183373849291,50000
2023-05-26,37.29183373849291,37.56105614096379,36.82197455623619,37.079209981486194,50000
2023-05-29,37.079209981486194,37.304203305973274,37.04040555222564,37.22429697156894,50000
2023-05-30,37.22429697156894,37.54637446243072,36.93081338809528,37.41440315832292,50000
2023-05-31,37.41440315832292,37.67756930144077,37.124965778987274,37.32956409128001,50000
2023-06-01,37.32956409128001,37.39547336218452,37.15150773614878,37.27286241205574,97793
2023-06-02,37.27286241205574,37.53015720900629,36.77483623783543,37.07277727548633,50000
2023-06-05,37.07277727548633,37.47456304960905,36.94359106417704,37.26606502870554,53362
2023-06-06,37.26606502870554,37.61815596402399,37.20461595839109,37.614138712929034,50000
2023-06-07,37.614138712929034,37.63768235704358,37.23038760053607,37.36267292980353,69581
2023-06-08,37.36267292980353,37.9813585365452,37.20011900523866,37.40361787500164,60354
2023-06-09,37.40361787500164,38.29453653605955,36.975808545481414,38.07754850024014,210683
2023-06-12,38.07754850024014,38.24534912323952,37.531546657059444,37.654799815215235,50000
2023-06-13,37.654799815215235,37.69780673720203,37.2464856757843,37.47023478087011,50000
2023-06-14,37.47023478087011,37.98915483391375,37.31077718509575,37.7422947309974,50000
2023-06-15,37.7422947309974,38.0764689959603,37.14120785479889,37.44359920907971,64242
2023-06-16,37.44359920907971,37.903962112911564,37.01127724884531,37.22457847222067,50000
2023-06-19,37.22457847222067,37.58951867180472,36.50674459912313,36.738477844255584,50000
2023-06-20,36.738477844255584,36.80558008294733,36.40514795591225,36.66941651276102,50000
2023-06-21,36.66941651276102,37.26434767968174,36.56589861877765,37.083894678406786,66614
2023-06-22,37.083894678406786,37.57326987570199,36.86817065205312,37.28341517856025,50000
2023-06-23,37.28341517856025,37.66079602266297,37.20006378761674,37.61350355823048,97182
2023-06-26,37.61350355823048,38.04744428219422,37.391300092584636,38.030624387416346,50000
2023-06-27,38.030624387416346,38.17271625930574,37.587974835769465,38.00054844483862,50000
2023-06-28,38.00054844483862,38.228837135181394,37.65167025972276,37.78323058635145,50000
2023-06-29,37.78323058635145,38.350978446598475,37.4464320793977,38.08238876862058,50000
2023-06-30,38.08238876862058,38.14955372739535,37.257025461112384,37.2614397776956,50000
2023-07-03,37.2614397776956,37.654079235690524,37.010694592833346,37.47680713694189,50000
2023-07-04,37.47680713694189,38.06721450857596,37.16905974889421,37.299905122403175,50000
2023-07-05,37.299905122403175,37.57331823782417,36.56813596100482,36.733006887708,50000
2023-07-06,36.733006887708,36.81302538205432,36.410232770208864,36.55104796734204,50000
2023-07-07,36.55104796734204,37.18916179312549,36.52420438862908,36.911475693638096,54029
2023-07-10,36.911475693638096,37.4535705517332,36.68491612740115,37.33682619505054,50000
2023-07-11,37.33682619505054,37.69746416306158,36.95692745079793,37.040864197213224,50000
2023-07-12,37.040864197213224,37.1086242360941,36.55627736643297,36.806405617010626,76514
2023-07-13,36.806405617010626,36.98015455980368,36.49974546983914,36.735194727471246,50000
2023-07-14,36.735194727471246,37.441124836106646,36.651299465837134,37.42230048258415,50000
2023-07-17,37.42230048258415,37.53313322431954,37.33810466131851,37.37852483798462,50000
2023-07-18,37.37852483798462,37.7749085921118,37.34921654791462,37.654258000745436,128642
2023-07-19,37.654258000745436,38.045128611795725,37.48631342447415,37.608617063321304,50000
2023-07-20,37.608617063321304,37.86430676180748,37.608411008682346,37.821284030671094,51806
2023-07-21,37.821284030671094,37.86438204905754,37.454529223698366,37.52489469026593,50000
2023-07-24,37.52489469026593,38.13696910151444,37.29453708112556,37.79752824741637,50000
2023-07-25,37.79752824741637,38.01693951331529,37.633533332117736,37.63913571427156,50000
2023-07-26,37.63913571427156,37.95814306081388,37.42736805610842,37.53880416681744,50000
2023-07-27,37.53880416681744,37.64938087506353,36.946369896901146,37.00708729128989,50000
2023-07-28,37.00708729128989,37.286247089865995,36.88758382961381,37.10679501811047,50000
2023-07-31,37.10679501811047,37.26848493660234,36.883409036622076,37.253213853711415,106491
2023-08-01,37.253213853711415,37.52582120227441,37.07846302258609,37.47861602822164,79495
2023-08-02,37.47861602822164,37.53882488484405,37.286941653170295,37.303305878644345,154294
2023-08-03,37.303305878644345,37.383739640704334,36.98393097240677,37.06582527430864,77809
2023-08-04,37.06582527430864,37.0714637368199,37.003364866644674,37.0369517977063,50000
2023-08-07,37.0369517977063,37.8034769064132,36.98857024039753,37.68809444866352,50000
2023-08-08,37.68809444866352,38.43421150125531,37.44433125657603,37.6857058328504,50000
2023-08-09,37.6857058328504,37.97871597947924,36.94703206798537,36.96363342549361,50000
2023-08-10,36.96363342549361,37.06193428603245,36.54057951821445,37.054046085850665,65140
2023-08-11,37.054046085850665,37.435863289263544,36.80157188035695,36.91650175958798,78442
2023-08-14,36.91650175958798,37.21057633490185,36.20244967788624,36.492735515450576,50000
2023-08-15,36.492735515450576,36.846296816356606,36.33085379161258,36.68801859028361,50000
2023-08-16,36.68801859028361,36.88564119315216,35.79124246589924,35.94310585791801,50000
2023-08-17,35.94310585791801,36.207686885764275,35.595738263055125,35.70853250420986,50000
2023-08-18,35.70853250420986,36.3797968934019,35.680316639562186,36.22009793312606,50000
2023-08-21,36.22009793312606,36.33264560724995,36.166563813193065,36.19322349873056,85631
2023-08-22,36.19322349873056,36.841604642122526,36.02113105054814,36.31709158580909,50000
2023-08-23,36.31709158580909,36.495434213647655,36.19923828653004,36.464527915662536,50000
2023-08-24,36.464527915662536,36.76528627695984,36.15926208872075,36.17902344779403,50000
2023-08-25,36.17902344779403,36.625892506549675,35.851675583401324,36.04366173195493,50000
2023-08-28,36.04366173195493,36.25323455402733,35.87400329472453,36.16575761034421,65894
2023-08-29,36.16575761034421,36.26959277212622,35.627364847542495,35.932577359193104,50000
2023-08-30,35.932577359193104,36.16197183513815,35.738138126117875,36.0105495573282,62350
2023-08-31,36.0105495573282,36.970969515235765,35.93838550828536,36.55615345379512,50000
2023-09-01,36.55615345379512,37.24501689128167,36.45494976468679,37.02180432793035,55484
2023-09-04,37.02180432793035,37.38386379830386,37.00829052715625,37.246086973266145,91030
2023-09-05,37.246086973266145,37.80199173656119,36.7472913411517,36.81798384260428,102938
2023-09-06,36.81798384260428,37.146615115153,36.738456475090445,36.965351122176685,52513
2023-09-07,36.965351122176685,37.292952362138166,36.92339399865101,37.13565621825997,50000
2023-09-08,37.13565621825997,37.38868589023177,37.08843123833918,37.13714543898775,50000
2023-09-11,37.13714543898775,37.500988564910905,36.885347327609644,37.250392780878634,112806
2023-09-12,37.250392780878634,37.32901111902987,37.100067367702685,37.292771181478365,151333
2023-09-13,37.292771181478365,38.012642057734226,37.12884453675022,37.51357154282598,78289
2023-09-14,37.51357154282598,37.61470071980913,37.12212129570288,37.3234878085897,50000
2023-09-15,37.3234878085897,37.58805120212781,36.75610020401048,36.82531855458447,50000
2023-09-18,36.82531855458447,37.050148341425654,36.713352273819226,36.96367046039297,50000
2023-09-19,36.96367046039297,37.34721013126918,36.89343514659993,37.22133413191847,50000
2023-09-20,37.22133413191847,37.355345710954985,36.951771270421915,37.295832970210014,143299
2023-09-21,37.295832970210014,37.372182487594024,36.54300125056563,36.92385818957313,50000
2023-09-22,36.92385818957313,37.503891235197486,36.717469164750355,36.84658230855596,50000
2023-09-25,36.84658230855596,37.431240985000976,36.76190995731076,37.275017019068414,95332
2023-09-26,37.275017019068414,37.341402473942686,37.10013666077833,37.2049526773968,50000
2023-09-27,37.2049526773968,37.709735046570586,36.98896130930156,37.45704810287771,50000
2023-09-28,37.45704810287771,37.62612509747996,37.13284710786373,37.54855315980216,50000
2023-09-29,37.54855315980216,38.081907295581445,37.01360721658457,37.6452031992336,50000
2023-10-02,37.6452031992336,37.76896315695166,37.349668224118574,37.45677690002765,50000
2023-10-03,37.45677690002765,37.691344551273176,37.19807672014369,37.540042301722856,50000
2023-10-04,37.540042301722856,37.70929585167929,37.20590819440815,37.41720231280121,181912
2023-10-05,37.41720231280121,37.54289432106377,37.02864478737235,37.20862024522995,50000
2023-10-06,37.20862024522995,37.46069290643303,36.88195306268689,37.15767842598952,243504
2023-10-09,37.15767842598952,37.53714870114842,37.07003667975159,37.51029605148492,50000
2023-10-10,37.51029605148492,37.987832190266964,37.27139854905999,37.640860728128416,50000
2023-10-11,37.640860728128416,38.105671275771094,37.58603172180646,37.86930377960977,50000
2023-10-12,37.86930377960977,38.10888317607641,37.59702039861211,37.89101952380559,50000
2023-10-13,37.89101952380559,38.7619293444955,37.669394069158535,38.74074931796939,88314
2023-10-16,38.74074931796939,39.073883540204356,38.38337619396236,38.591544402354565,58211
2023-10-17,38.591544402354565,38.783183834780544,38.280554767188235,38.36367391464447,74876
2023-10-18,38.36367391464447,38.64007902283063,37.818212041576544,37.83989942173321,50000
2023-10-19,37.83989942173321,38.073131249067224,37.519559253739274,38.041618685762636,50000
2023-10-20,38.041618685762636,38.23867403354065,38.01127072304386,38.187622623148876,50000
2023-10-23,38.187622623148876,39.18956796697742,37.866286012089596,38.91629104610944,50000
2023-10-24,38.91629104610944,39.06750511904622,38.34216069423325,38.7353825859515,50000
2023-10-25,38.7353825859515,39.70107483335671,38.61355830154219,39.40271619000114,50000
2023-10-26,39.40271619000114,39.7461969271132,39.3832503887813,39.50103553261828,50000
2023-10-27,39.50103553261828,40.15219480444403,39.484451960387034,39.63897636080702,50000
2023-10-30,39.63897636080702,39.86874411221105,38.85152228250745,39.27150239599931,50000
2023-10-31,39.27150239599931,39.99935263972746,39.2063113596337,39.71994239596889,50513
2023-11-01,39.71994239596889,40.15049856469217,39.55365397005105,40.0062932027219,107819
2023-11-02,40.0062932027219,40.06118040971702,39.890551210885896,39.99533919740703,50000
2023-11-03,39.99533919740703,40.42713647902477,39.67972059569491,39.87224392948357,126385
2023-11-06,39.87224392948357,40.19575143660419,39.572914058454494,39.60930056696549,50000
2023-11-07,39.60930056696549,39.8788172750514,39.479795002470624,39.61433666803553,50000
2023-11-08,39.61433666803553,39.825323199157275,39.385414698727544,39.61872435588782,50000
2023-11-09,39.61872435588782,39.78215457940401,39.33590947954601,39.530250141782226,50000
2023-11-10,39.530250141782226,39.75042029187703,39.38085484351616,39.54320396491647,50000
2023-11-13,39.54320396491647,39.94590259546477,39.273548863742306,39.78141505345137,50000
2023-11-14,39.78141505345137,39.876966971263045,39.4138887276882,39.43276553009927,50000
2023-11-15,39.43276553009927,39.675490946578776,39.432020818514076,39.611926351666284,76005
2023-11-16,39.611926351666284,39.866336643151286,39.26646640905321,39.63264335978375,50000
2023-11-17,39.63264335978375,39.82540141337203,39.29647142522816,39.80576440761394,50000
2023-11-20,39.80576440761394,39.97711411376051,39.41512048582676,39.741865641240004,50000
2023-11-21,39.741865641240004,40.13987915425708,39.17269974982872,39.51110407598483,53807
2023-11-22,39.51110407598483,40.039527607829065,39.43316891284108,39.81342722822018,50000
2023-11-23,39.81342722822018,39.84197983726879,39.16125142450714,39.64797150095673,50000
2023-11-24,39.64797150095673,40.22081837756095,39.30411170299914,40.09442560914053,50000
2023-11-27,40.09442560914053,40.44068119358705,39.52924793544693,39.69681427621666,50000
2023-11-28,39.69681427621666,39.86879300636935,39.34925313723516,39.35132068762294,50000
2023-11-29,39.35132068762294,40.11720784205831,38.96171553901541,39.80236531666834,50000
2023-11-30,39.80236531666834,40.357556628555024,39.473422282420586,40.279677527878384,50000
2023-12-01,40.279677527878384,41.03063807487182,39.91137320421992,40.63679011263198,50000
2023-12-04,40.63679011263198,40.96233924634998,40.43018338167716,40.66511921189166,90137
2023-12-05,40.66511921189166,40.99961916532223,40.59634504303468,40.74650456496299,50000
2023-12-06,40.74650456496299,40.899271257316954,40.21267084582571,40.71077795365397,136300
2023-12-07,40.71077795365397,41.24592097813847,40.62572571397813,41.09515052700446,52826
2023-12-08,41.09515052700446,41.343365992086994,40.712309337558274,40.8256634388998,77631
2023-12-11,40.8256634388998,41.06716146416342,40.34038621731215,40.548046594080915,50000
2023-12-12,40.548046594080915,41.44485223854433,40.41480911732604,41.18638411354769,50000
2023-12-13,41.18638411354769,41.74238623162158,40.63330893551092,40.95823455138136,55366
2023-12-14,40.95823455138136,41.4061959142709,40.51949536983348,40.742396636472066,50000
2023-12-15,40.742396636472066,40.938697980695274,40.122819327581205,40.312044681334584,50000
2023-12-18,40.312044681334584,40.840373356603465,40.17432061444436,40.82430279155865,50000
2023-12-19,40.82430279155865,41.28104575314385,40.24581371842166,41.16677411199686,84555
2023-12-20,41.16677411199686,41.3474778158153,41.104698945727215,41.16296896896327,50000
2023-12-21,41.16296896896327,41.26774255721807,40.59190091449865,40.713170328472955,50000
2023-12-22,40.713170328472955,40.74921985529839,40.02392225147761,40.37466580201469,50000
2023-12-25,40.37466580201469,40.71747093201891,40.323988964906476,40.69775928864971,50000
2023-12-26,40.69775928864971,41.24846035383754,40.472966283404574,40.8745306696655,50000
2023-12-27,40.8745306696655,41.40184004242393,40.78565568601892,41.34834254906674,50000
2023-12-28,41.34834254906674,41.58802358155811,41.04494652091593,41.35138343159607,50000
2023-12-29,41.35138343159607,41.47402846449508,41.25946514423603,41.38398542102593,50000
2024-01-01,41.38398542102593,41.879463429151166,41.29966046576541,41.42514271977443,59294
2024-01-02,41.42514271977443,41.66906365710582,41.34968363497959,41.42717051524408,82518
2024-01-03,41.42717051524408,41.84371320847712,41.27983944116834,41.640684794936945,242278
2024-01-04,41.640684794936945,41.725070854046066,40.875242221890915,41.47113231442862,132905
2024-01-05,41.47113231442862,41.663632783621956,41.22237092464053,41.48874421871278,50000
2024-01-08,41.48874421871278,41.61642633602829,41.082799184104644,41.318149362709114,50000
2024-01-09,41.318149362709114,41.80001140362891,41.288528173460705,41.643588140992314,77446
2024-01-10,41.643588140992314,41.754749985754515,40.99480716163901,41.227394162943376,75153
2024-01-11,41.227394162943376,41.64877429927177,40.983739589554894,40.99430923813981,73017
2024-01-12,40.99430923813981,41.461522845735146,40.643300766737696,40.83499251675641,50000
2024-01-15,40.83499251675641,41.3518050871192,40.73413556974677,41.20367773098635,50000
2024-01-16,41.20367773098635,41.309583547055645,41.0965956064171,41.09997796541502,50000
2024-01-17,41.09997796541502,41.269515692987454,40.87863870752017,41.00312522741275,50000
2024-01-18,41.00312522741275,41.22501876209637,40.54868344335516,41.15833863138427,50000
2024-01-19,41.15833863138427,41.422751701085446,40.94863463776917,41.01180700299464,50000
2024-01-22,41.01180700299464,41.07633912542323,40.33077508332132,40.959909904596984,50000
2024-01-23,40.959909904596984,41.05404438216173,40.61123128547335,40.65525832087737,50000
2024-01-24,40.65525832087737,40.801640865762764,40.03202550267375,40.28746905476341,50000
2024-01-25,40.28746905476341,40.37222083585457,39.76112417092631,39.9765281569559,50000
2024-01-26,39.9765281569559,40.35497638033737,39.71660005454314,40.257513039998884,70612
2024-01-29,40.257513039998884,40.34879366026503,39.93926622999367,40.01981115778226,50000
2024-01-30,40.01981115778226,40.67750976589881,39.921323581758664,40.37569906379822,50000
2024-01-31,40.37569906379822,40.53836599401835,39.885358071070584,39.901240403837896,124458
2024-02-01,39.901240403837896,40.00373923566177,39.68094709252885,39.933985220777,59916
2024-02-02,39.933985220777,40.596079608677634,39.90223540808628,40.37976993915771,50000
2024-02-05,40.37976993915771,40.43586070311891,40.19391718203016,40.42594722720246,50000
2024-02-06,40.42594722720246,40.939175209650685,40.200239835324716,40.88439345104556,50000
2024-02-07,40.88439345104556,40.96771205621119,40.5800714420775,40.624149488211074,50000
2024-02-08,40.624149488211074,40.67835494129449,39.902334326643015,40.25015773864807,50000
2024-02-09,40.25015773864807,40.40149934464,40.00688400569404,40.36587533739929,50000
2024-02-12,40.36587533739929,40.81199099238214,40.116189430189756,40.62095348226516,50000
2024-02-13,40.62095348226516,41.0289896564232,40.04871033752212,40.377811634035886,60635
2024-02-14,40.377811634035886,40.788694469145696,39.927264699716154,40.11098854070216,69310
2024-02-15,40.11098854070216,40.511439425999384,39.67647846201145,39.776495779233706,51874
2024-02-16,39.776495779233706,39.91764617813714,39.60548656828487,39.74841660369758,50000
2024-02-19,39.74841660369758,39.776175903464356,39.53362238434491,39.62706160587837,317777
2024-02-20,39.62706160587837,39.96004372485901,39.26279703276637,39.511169550895225,50000
2024-02-21,39.511169550895225,40.23657037780679,39.45506460624107,40.12549212424846,50000
2024-02-22,40.12549212424846,40.44891042396602,40.02111214614983,40.24595981255165,50000
2024-02-23,40.24595981255165,40.88645504819937,40.02334497828362,40.37754817434438,53432
2024-02-26,40.37754817434438,40.48100921595515,40.14697676708961,40.41858326352439,71931
2024-02-27,40.41858326352439,40.46436030212722,39.78334660029211,40.11323937923906,50000
2024-02-28,40.11323937923906,40.34793283797578,39.62830955534093,39.75114241004922,50000
2024-02-29,39.75114241004922,40.066502769455965,39.56205859952411,39.69318087253342,50000
2024-03-01,39.69318087253342,39.91412887676111,39.4268411357558,39.530028501807024,50000
2024-03-04,39.530028501807024,39.68648998298766,39.06149065736518,39.36091035687058,80425
2024-03-05,39.36091035687058,39.6601443303547,39.05333115809526,39.356073570272414,79923
2024-03-06,39.356073570272414,39.496790817182735,38.89853356411935,38.93769516452308,50000
2024-03-07,38.93769516452308,39.04527377140449,38.540106731043146,38.56713846492905,50000
2024-03-08,38.56713846492905,38.64756735893355,38.38475124211321,38.540454668868264,50000
2024-03-11,38.540454668868264,38.71159305240451,38.510748930906125,38.6417338948389,50000
2024-03-12,38.6417338948389,39.14284292307451,38.50031163319942,38.51634639215086,50000
2024-03-13,38.51634639215086,38.65989994326999,37.655613399005915,38.06071708387844,56980
2024-03-14,38.06071708387844,38.3103177164664,37.79102777057157,38.22865770721555,97090
2024-03-15,38.22865770721555,38.275016294351,38.08714519360664,38.16962731222874,50000
2024-03-18,38.16962731222874,38.32603344066641,38.013317535446355,38.02748219625626,50000
2024-03-19,38.02748219625626,38.49075044010828,37.444215624532085,38.33643142045395,50000
2024-03-20,38.33643142045395,38.57088757089681,37.778104319718835,38.54201240570262,50000
2024-03-21,38.54201240570262,38.81655275847518,38.40640939373606,38.739051205874,104770
2024-03-22,38.739051205874,39.02859387576757,38.55375838390259,38.85127545604284,50000
2024-03-25,38.85127545604284,39.413306839355826,38.665226665268115,39.18948245748672,50000
2024-03-26,39.18948245748672,39.20987539679625,38.99439199523204,39.20629938947323,50000
2024-03-27,39.20629938947323,39.418276250666494,38.82597054109776,39.26869251882536,50000
2024-03-28,39.26869251882536,39.7309092762812,38.48178785118025,38.89271522627329,56504
2024-03-29,38.89271522627329,39.266277087680415,38.698300454554314,38.87299590586632,50000
2024-04-01,38.87299590586632,39.14650482844119,38.672512252535675,38.874218135668706,50000
2024-04-02,38.874218135668706,39.006409754829214,38.47705943778171,38.96524461895068,50000
2024-04-03,38.96524461895068,39.4814300525822,38.813121878369884,38.85589064624958,50000
2024-04-04,38.85589064624958,39.72211902941429,38.84040977540891,39.16897856939573,79830
2024-04-05,39.16897856939573,39.51125992237255,38.800314495353305,38.80761591108827,50000
2024-04-08,38.80761591108827,39.61819444108341,38.65336195873054,38.990877983672604,50000
2024-04-09,38.990877983672604,39.36166292865075,38.51608705942365,39.315612881923954,50000
2024-04-10,39.315612881923954,40.07169265044682,39.20021227839136,39.64115168401677,50000
2024-04-11,39.64115168401677,39.85019272874021,39.29915935555203,39.36847617652217,108043
2024-04-12,39.36847617652217,39.81007466413104,39.350676218640864,39.70579218993712,50000
2024-04-15,39.70579218993712,40.32370827905242,39.5225784721848,40.03618853747721,51373
2024-04-16,40.03618853747721,40.68438420949328,39.87131645390654,40.12667699945828,50000
2024-04-17,40.12667699945828,40.24157385125542,40.01252497773214,40.14221984050676,50000
2024-04-18,40.14221984050676,40.81681409198885,39.93845916570758,40.33952161392361,50000
2024-04-19,40.33952161392361,40.42345853085914,40.08038206617707,40.168697106812296,50000
2024-04-22,40.168697106812296,40.922112711502415,39.93463956107508,40.740614613500306,50000
2024-04-23,40.740614613500306,41.71545942382456,40.63640122986065,41.34119490073325,50000
2024-04-24,41.34119490073325,41.447600489118535,40.77680293193263,41.02495671639847,65621
2024-04-25,41.02495671639847,41.390595989654294,40.89208774734456,41.366704539714114,50000
2024-04-26,41.366704539714114,41.53249716820549,41.1767872027011,41.261759430118296,50000
2024-04-29,41.261759430118296,41.74375972628805,41.12104017190175,41.245819002426245,50000
2024-04-30,41.245819002426245,41.38956341624622,40.99746886397368,41.322753163544434,57371
2024-05-01,41.322753163544434,41.56242054565109,40.99203154686026,41.2994382399574,84244
2024-05-02,41.2994382399574,41.536955724005274,41.07019174698104,41.13968160338311,50000
2024-05-03,41.13968160338311,41.86913649835921,40.826985204267885,41.01670485007913,102174
2024-05-06,41.01670485007913,41.45966495684769,40.90118701559834,40.90437896888943,50000
2024-05-07,40.90437896888943,40.91448136238975,40.87491860057343,40.88016273700817,50000
2024-05-08,40.88016273700817,41.288682258077095,40.64037530665947,41.269478510592336,50000
2024-05-09,41.269478510592336,41.86720698694216,40.87421326933935,41.703092858505215,50000
2024-05-10,41.703092858505215,41.946824531713325,41.12747583135104,41.54157322206554,151209
2024-05-13,41.54157322206554,41.78267993434746,40.559769252999864,41.08959900736298,50000
2024-05-14,41.08959900736298,41.48340020690737,40.798504140695236,41.30975036919249,51688
2024-05-15,41.30975036919249,41.578294337083506,41.26219813737977,41.26823970579751,50000
2024-05-16,41.26823970579751,41.546261704001346,41.05676130955574,41.46129768872383,50000
2024-05-17,41.46129768872383,41.58498964318781,41.28532710105096,41.31567351517295,50000
2024-05-20,41.31567351517295,41.91053817627475,40.908417977404376,41.0107845275529,50000
2024-05-21,41.0107845275529,41.2797915896567,40.60111682473644,41.16211603097916,50000
2024-05-22,41.16211603097916,41.280622336676835,40.87482976063859,40.9183722575957,50000
2024-05-23,40.9183722575957,41.16151072346049,40.53519612016305,40.62013235843977,70083
2024-05-24,40.62013235843977,40.62319655461285,40.30689516007284,40.36445433325469,50000
2024-05-27,40.36445433325469,40.39830044771444,40.056344182209706,40.16832882265553,50000
2024-05-28,40.16832882265553,40.87229856901948,39.618573489391295,39.71422530740543,50000
2024-05-29,39.71422530740543,39.75529762373721,39.315976140148635,39.51727522723266,50000
2024-05-30,39.51727522723266,39.66781906824091,39.13871288851962,39.19416906134303,107058
2024-05-31,39.19416906134303,39.277625256408214,38.81793971465864,39.089344340384486,126414
2024-06-03,39.089344340384486,39.66310536367856,38.98385772597989,39.46801876571057,50846
2024-06-04,39.46801876571057,39.777433971163674,39.45145919388348,39.712553745777555,131139
2024-06-05,39.712553745777555,39.866125950737015,39.50308514969636,39.55434983596918,72296
2024-06-06,39.55434983596918,40.085627368127504,39.52108205932142,39.71226079879208,50000
2024-06-07,39.71226079879208,39.727557392836076,39.49515976650106,39.66778286399951,50000
2024-06-10,39.66778286399951,39.89936937524876,39.3832522224926,39.496242958777195,50000
2024-06-11,39.496242958777195,39.73728117523656,39.38126137686802,39.427944059108206,50000
2024-06-12,39.427944059108206,39.606757588416606,39.13264154746715,39.54198974959967,68392
2024-06-13,39.54198974959967,40.146317181870735,39.453240728494215,39.91915349545517,70699
2024-06-14,39.91915349545517,39.936067193791736,39.38396653079047,39.9090379463527,50000
2024-06-17,39.9090379463527,40.32784869721745,39.62781472585619,39.69800386871351,56951
2024-06-18,39.69800386871351,39.739940636538535,39.32101247095565,39.564829779443215,110913
2024-06-19,39.564829779443215,39.618800551614754,39.16019058075767,39.22177027612463,78578
2024-06-20,39.22177027612463,39.46426652263,38.97511414828724,39.20194173899637,50000
2024-06-21,39.20194173899637,39.36855791601545,38.73565891003162,38.9523952640025,50000
2024-06-24,38.9523952640025,39.10943358309024,38.71110307703446,38.98318088144088,50000
2024-06-25,38.98318088144088,39.12058031559591,38.928040099086175,39.04545267792701,50000
2024-06-26,39.04545267792701,39.19670263130772,38.89720699378039,39.06705046847672,50000
2024-06-27,39.06705046847672,39.14609071566547,38.439788498592,38.59105680912609,244123
2024-06-28,38.59105680912609,39.34772085184342,38.18765596305019,38.912541624338814,50000
2024-07-01,38.912541624338814,39.193841420120194,38.36770525398506,38.38842338896668,59732
2024-07-02,38.38842338896668,38.4646778086613,37.72562634249928,37.980404700235695,50000
2024-07-03,37.980404700235695,38.31454008947925,37.695002839862546,38.2116110143752,50000
2024-07-04,38.2116110143752,38.77014772539833,37.69821209749356,38.586057303921294,57139
2024-07-05,38.586057303921294,38.80760293807855,38.217988343873834,38.28603568333294,50000
2024-07-08,38.28603568333294,38.78788808465378,38.11367592683812,38.59641894267303,50000
2024-07-09,38.59641894267303,39.05534583835408,38.23280752926578,38.908510387287606,50000
2024-07-10,38.908510387287606,39.52756702231657,38.8338007923346,39.19788422347402,94194
2024-07-11,39.19788422347402,39.341777818036675,39.04314170136931,39.0569880119001,128833
2024-07-12,39.0569880119001,39.13290299355061,38.97555113547629,39.021533511380845,72073
2024-07-15,39.021533511380845,39.239939699990494,38.87042848536746,39.22173866921931,50000
2024-07-16,39.22173866921931,39.89555491102857,39.162841058418444,39.27463869733655,50000
2024-07-17,39.27463869733655,40.08521231200172,38.98123648227278,39.6517487356154,50000
2024-07-18,39.6517487356154,40.11821695723466,39.09939891213988,39.45378459409614,50000
2024-07-19,39.45378459409614,39.50412819789553,39.284250590036045,39.35252892984715,50000
2024-07-22,39.35252892984715,39.90156154293329,38.86775970639903,39.13447731926497,153764
2024-07-23,39.13447731926497,39.64563968895146,38.29785832746322,38.59842396110103,50827
2024-07-24,38.59842396110103,39.38212626242285,38.526269323612794,39.27393298573321,50000
2024-07-25,39.27393298573321,39.58030150770539,38.69046556178328,38.882889564544,50000
2024-07-26,38.882889564544,39.102356248276486,38.75494253873248,38.98468759308773,50000
2024-07-29,38.98468759308773,39.328360123096765,38.837191141425535,38.860978017433425,80645
2024-07-30,38.860978017433425,38.95509943467217,38.29755667080784,38.54558647750952,50000
2024-07-31,38.54558647750952,39.272278390405916,38.513179817061165,38.88343229079266,74001
2024-08-01,38.88343229079266,39.439062964800144,38.778055886692485,39.236967460522024,50000
2024-08-02,39.236967460522024,39.6052488686322,38.448224227806236,38.62612109798279,50000
2024-08-05,38.62612109798279,38.70943224303947,38.464787024543696,38.5032513708067,62844
2024-08-06,38.5032513708067,38.68409191370914,38.24926129523819,38.309143364022624,50000
2024-08-07,38.309143364022624,38.603309508713544,38.18241703052243,38.28769724071416,50000
2024-08-08,38.28769724071416,38.457916307603654,37.84085767132942,38.17369286912778,81017
2024-08-09,38.17369286912778,38.24334053908104,37.90001197409976,37.95825716439616,50000
2024-08-12,37.95825716439616,37.974643137416884,37.608715113304456,37.68254673911343,50000
2024-08-13,37.68254673911343,37.807316646167635,37.504601414489244,37.75365304002881,50000
2024-08-14,37.75365304002881,38.175533530738726,37.680877529184656,37.70252297290126,50000
2024-08-15,37.70252297290126,37.97721818704523,37.40208305162141,37.9176355684229,50000
2024-08-16,37.9176355684229,37.961763421617846,37.50330941852104,37.81323657965118,50000
2024-08-19,37.81323657965118,38.00004936271123,37.645234978368705,37.74460810767617,50000
2024-08-20,37.74460810767617,37.95578407287048,37.65395817300738,37.8259000246962,50000
2024-08-21,37.8259000246962,38.283659776163915,37.82076387967618,38.21338078545241,69883
2024-08-22,38.21338078545241,38.65131446743379,37.69818507202273,38.11007590504183,84072
2024-08-23,38.11007590504183,38.61929875601981,38.079856090447336,38.419259775027164,50000
2024-08-26,38.419259775027164,39.19170315669948,38.072131261772675,38.82256618297068,50000
2024-08-27,38.82256618297068,39.0255251865797,38.60307230791144,38.80692747518285,50000
2024-08-28,38.80692747518285,39.04515367209432,38.58186188411344,38.58953156539258,50000
2024-08-29,38.58953156539258,38.73077825140949,38.498947814149965,38.61526050210062,50000
2024-08-30,38.61526050210062,38.7429479367268,38.06596105171304,38.42081568427517,50000
2024-09-02,38.42081568427517,38.60412552782334,38.17477138723113,38.36263698850181,50000
2024-09-03,38.36263698850181,38.61848344669274,38.29140694221389,38.41287929255912,50000
2024-09-04,38.41287929255912,38.57737891611429,38.35023232472098,38.540853405544176,50000
2024-09-05,38.540853405544176,38.776526184171914,38.47993077935196,38.730410892906626,120213
2024-09-06,38.730410892906626,38.737781939442094,37.80023653635153,38.15654938215419,113101
2024-09-09,38.15654938215419,38.52231760320938,37.886515815933784,38.31412321864572,50789
2024-09-10,38.31412321864572,38.41447304580682,38.01925808694104,38.02762192492635,50000
2024-09-11,38.02762192492635,38.061356208940865,37.80544616688621,37.99269337086628,50000
2024-09-12,37.99269337086628,38.53003566345951,37.5568302416288,38.46404670937489,63278
2024-09-13,38.46404670937489,38.47760244509155,38.2646879689323,38.33117525079034,50000
2024-09-16,38.33117525079034,38.8838338806044,37.979734703313916,38.621032289348456,54956
2024-09-17,38.621032289348456,38.89479909326869,38.325499196253396,38.58484082586563,98242
2024-09-18,38.58484082586563,38.588782312082614,38.48575394656319,38.583588340167765,65705
2024-09-19,38.583588340167765,39.036786060433975,38.18600021537356,38.864727852146615,109070
2024-09-20,38.864727852146615,38.92906100215853,38.15412393282661,38.45153982457482,50000
2024-09-23,38.45153982457482,38.7136635848311,38.06132638552928,38.53824771318181,50000
2024-09-24,38.53824771318181,38.65736734898923,38.02037214063287,38.33695234763592,75183
2024-09-25,38.33695234763592,38.90436865058025,38.313611811134095,38.78282062472871,50000
2024-09-26,38.78282062472871,39.141749189795156,38.19203510352994,38.6629547062563,77776
2024-09-27,38.6629547062563,38.86975216141805,37.99489989245877,38.139954758240926,61487
2024-09-30,38.139954758240926,38.169179743587456,37.91725297785032,38.07288499296054,86428
2024-10-01,38.07288499296054,38.69389016758407,37.99660836920728,38.6574451844576,50000
2024-10-02,38.6574451844576,39.1606679166113,38.4338158691846,38.8577177503048,50000
2024-10-03,38.8577177503048,38.990348833915164,38.592355632344194,38.88789263180968,50000
2024-10-04,38.88789263180968,39.7318652715845,38.644318422346885,39.548068346928034,50000
2024-10-07,39.548068346928034,40.062203054444524,38.96750011173362,39.187829287175425,50000
2024-10-08,39.187829287175425,39.25582966911281,38.675719258776176,39.03418265528713,50000
2024-10-09,39.03418265528713,39.10652365007761,39.017932549985396,39.057749207286285,50000
2024-10-10,39.057749207286285,39.237230528559685,38.70398409730113,38.98510468811599,87900
2024-10-11,38.98510468811599,39.03183684829944,38.295436402044025,38.30110956724853,50000
2024-10-14,38.30110956724853,38.487853094176,37.54174772965576,37.87151288625266,50000
2024-10-15,37.87151288625266,38.244057423851366,37.67065666177484,37.778164139570244,50000
2024-10-16,37.778164139570244,38.15103483051917,37.708357547468424,37.760241815372005,50600
2024-10-17,37.760241815372005,38.12187395458535,37.55473180461021,38.06286793101774,50000
2024-10-18,38.06286793101774,38.08415948253018,37.57053552942802,37.685328798909914,86996
2024-10-21,37.685328798909914,38.66492961785217,37.61225077046488,38.17385019306639,50000
2024-10-22,38.17385019306639,38.36961728868076,37.8771903914,38.05870883001425,50000
2024-10-23,38.05870883001425,38.76548880413786,38.01017405520461,38.537578665387294,50000
2024-10-24,38.537578665387294,38.74840557676728,37.88121389311451,37.90396203385677,144930
2024-10-25,37.90396203385677,38.0083209469806,37.55638374474474,37.81076574105481,50000
2024-10-28,37.81076574105481,37.90053903267284,37.35487806541394,37.74008187462272,50000
2024-10-29,37.74008187462272,38.02642288645654,37.71668954463256,38.006377524366286,50000
2024-10-30,38.006377524366286,38.36878003748814,37.57553911014231,38.14445534074139,50000
2024-10-31,38.14445534074139,38.550850443973204,38.11312528346742,38.12624685806834,50000
2024-11-01,38.12624685806834,38.22309986593849,38.11834725831739,38.144062862833245,50000
2024-11-04,38.144062862833245,38.327432964803236,37.29058878641373,37.586997679604636,50000
2024-11-05,37.586997679604636,37.67312484660273,37.44269821079847,37.55619804941906,62864
2024-11-06,37.55619804941906,37.88914175173675,37.01682416844498,37.08222990351148,50000
2024-11-07,37.08222990351148,37.08916125316362,36.48504928873224,36.551941550132604,62703
2024-11-08,36.551941550132604,36.60332217942904,36.295870932471644,36.4361793542165,50000
2024-11-11,36.4361793542165,36.57632793403669,36.14133473005845,36.53584638073987,64314
2024-11-12,36.53584638073987,36.796503573118585,36.39690822126677,36.6800013884396,73514
2024-11-13,36.6800013884396,36.968878554067174,36.28306450757206,36.34261471253538,50000
2024-11-14,36.34261471253538,36.78295025052383,36.243989593722276,36.49185931836396,94240
2024-11-15,36.49185931836396,36.558766102486594,36.203340296833595,36.3548126027849,50000
2024-11-18,36.3548126027849,36.85300579206433,36.314411492343716,36.58609887097073,50000
2024-11-19,36.58609887097073,36.81002409093705,36.24524479807773,36.408795663045936,50000
2024-11-20,36.408795663045936,36.766094026367114,36.007832628680916,36.55189588423687,50000
2024-11-21,36.55189588423687,36.825003320457256,36.096404217087844,36.12487862773022,50000
2024-11-22,36.12487862773022,36.981393285873224,35.79369197800775,36.548630269363905,50000
2024-11-25,36.548630269363905,36.790490681818476,36.223707028581266,36.283002029646475,50000
2024-11-26,36.283002029646475,36.4532180258089,36.20471474159266,36.270870262269156,50000
2024-11-27,36.270870262269156,36.40575931047597,36.11741034635692,36.22763380276846,50000
2024-11-28,36.22763380276846,36.26530553418095,35.76373188427001,35.92150285525837,50000
2024-11-29,35.92150285525837,35.92231456736308,35.80633859415222,35.883598736612555,50000
2024-12-02,35.883598736612555,36.13629801620696,35.32592512660109,35.53038538575994,50000
2024-12-03,35.53038538575994,35.54426865254987,34.283177276756355,34.34543244738036,50000
2024-12-04,34.34543244738036,34.750583622004655,33.943856698289764,34.43201383451428,50000
2024-12-05,34.43201383451428,34.75931844475444,34.347335373032,34.647759183636786,50000
2024-12-06,34.647759183636786,34.84167469650026,34.2749840369609,34.42346151607006,50000
2024-12-09,34.42346151607006,34.439481176867154,33.98604222498516,34.0190902376635,50000
2024-12-10,34.0190902376635,34.85752272128874,33.71926844752041,34.61432325788635,50000
2024-12-11,34.61432325788635,34.88266124059688,34.26053416013201,34.29134686506194,50000
2024-12-12,34.29134686506194,34.313107188699945,34.07858226901022,34.10570574793251,50000
2024-12-13,34.10570574793251,34.61529275736105,33.9509272450268,34.4326979410735,50000
2024-12-16,34.4326979410735,34.52162286471266,34.033542941658716,34.37117452409438,60896
2024-12-17,34.37117452409438,34.42217207750775,33.82241531164998,34.12487127407883,50000
2024-12-18,34.12487127407883,34.302172804246794,33.81178151283105,33.988469275092854,50000
2024-12-19,33.988469275092854,34.30845516338818,33.556376726209734,33.72167170438673,50000
2024-12-20,33.72167170438673,34.38303742858178,33.274547193905114,34.307602671558506,117374
2024-12-23,34.307602671558506,34.45935332909188,33.570956551632605,33.80233334347178,50000
2024-12-24,33.80233334347178,34.16827441775289,33.31278601324067,33.945251935954744,50000
2024-12-25,33.945251935954744,34.0846366166134,33.76651002618849,33.7769735255001,50000
2024-12-26,33.7769735255001,34.17069059860381,33.04562771822523,33.04867960289482,50000
2024-12-27,33.04867960289482,33.387982697132635,33.02098700118717,33.30167139746346,50500
2024-12-30,33.30167139746346,33.99645540078354,33.123144133394725,33.95433121745523,70071
2024-12-31,33.95433121745523,34.07693052089892,33.605145607442076,33.8184692736971,50000
2025-01-01,33.8184692736971,33.92350020524503,33.29992926783259,33.42074921402645,50000
2025-01-02,33.42074921402645,33.52556923020106,32.96891097393858,33.11410384472041,50000
2025-01-03,33.11410384472041,33.48050182429109,32.93064028130549,33.11794050569345,50000
2025-01-06,33.11794050569345,33.76435398689057,33.10809510435851,33.41052523234082,50000
2025-01-07,33.41052523234082,33.448663708522275,32.83622300324324,32.98932428469526,50000
2025-01-08,32.98932428469526,33.325048028043135,32.82454125793843,33.17885001129798,50000
2025-01-09,33.17885001129798,33.41941759484602,33.13311154165894,33.190687424155044,50000
2025-01-10,33.190687424155044,33.47276774751807,33.04520959836409,33.31132077592537,60025
2025-01-13,33.31132077592537,33.31315011410773,32.81773001627433,33.00956243165412,81865
2025-01-14,33.00956243165412,33.37318217710418,32.85014921361413,32.91133650295963,84686
2025-01-15,32.91133650295963,32.92623964487774,32.53934454899144,32.82246806477265,50000
2025-01-16,32.82246806477265,33.0106291927414,32.703776786324504,32.862568537025844,50000
2025-01-17,32.862568537025844,33.276335798308835,32.70479939876598,32.949555575154996,62674
2025-01-20,32.949555575154996,33.51836595512599,32.906832454809525,33.3489265305933,50000
2025-01-21,33.3489265305933,33.53113793697246,32.979367820620915,33.03435113139648,50000
2025-01-22,33.03435113139648,33.2723509069086,32.15559797069041,32.35181062988808,50000
2025-01-23,32.35181062988808,32.732274292054626,31.663499673588415,31.901487924064714,50000
2025-01-24,31.901487924064714,32.188361835725374,31.687421136278257,31.7210625680167,50000
2025-01-27,31.7210625680167,31.739723436448507,31.322753167321846,31.48241146475586,52629
2025-01-28,31.48241146475586,31.511511899161405,31.42007885813537,31.444611788316767,50000
2025-01-29,31.444611788316767,31.82966357491416,31.150599964138305,31.393315984857068,90388
2025-01-30,31.393315984857068,31.543278448412586,31.200249886137858,31.523283258105856,50000
2025-01-31,31.523283258105856,31.59001050393241,30.803236524923708,31.11303943833278,50000
2025-02-03,31.11303943833278,31.244055096876885,30.738454810915407,30.857016631473986,72377
2025-02-04,30.857016631473986,31.273104116158937,30.77444553797941,31.087832458126606,57855
2025-02-05,31.087832458126606,31.468660760617595,31.07998038228573,31.119585586805567,84774
2025-02-06,31.119585586805567,31.713963097387516,31.018295677877827,31.470231441880024,50498
2025-02-07,31.470231441880024,31.571091490317055,31.436841361268705,31.464633939803342,50000
2025-02-10,31.464633939803342,31.705287396673732,31.272245204004623,31.627061280877857,50000
2025-02-11,31.627061280877857,31.95215693280124,31.32173803150151,31.486520128406628,54327
2025-02-12,31.486520128406628,31.730751414815472,31.432861788161834,31.706740110857865,73964
2025-02-13,31.706740110857865,32.58384733768682,31.354501050840696,32.06728178374215,50000
2025-02-14,32.06728178374215,32.28861042602068,31.861123487399574,32.270518968780685,208300
2025-02-17,32.270518968780685,32.526392121971575,32.07895926205288,32.296438802074796,50000
2025-02-18,32.296438802074796,32.447031294501386,31.65130527465026,31.80358964484878,50000
2025-02-19,31.80358964484878,31.898522932250817,31.779318716373574,31.824912895485593,50000
2025-02-20,31.824912895485593,31.966378426997853,31.595218933660792,31.68953605681331,50000
2025-02-21,31.68953605681331,31.771814685981735,31.242095126492973,31.581107072440172,50000
2025-02-24,31.581107072440172,32.527518606759116,31.371504766170883,32.379143601778935,50000
2025-02-25,32.379143601778935,32.6515402710184,32.07239033067362,32.084557878181805,55874
2025-02-26,32.084557878181805,32.403151035684836,31.78676113883104,31.921437780399984,50000
2025-02-27,31.921437780399984,32.0531976148317,31.564081400812327,31.66083608146532,50000
2025-02-28,31.66083608146532,31.86849252132792,31.272344204086174,31.404557965777833,50000
2025-03-03,31.404557965777833,31.71044358477114,31.078526696809448,31.2803044868715,50000
2025-03-04,31.2803044868715,31.384665243613533,31.206980800474994,31.36361897056286,80948
2025-03-05,31.36361897056286,31.399491725351194,30.979402242927822,31.198383974058135,50000
2025-03-06,31.198383974058135,31.218736451822245,30.961542438933265,30.992942444538187,81523
2025-03-07,30.992942444538187,31.52082817589405,30.922787662451398,31.421670646937933,50000
2025-03-10,31.421670646937933,31.433447569379396,31.348439422214682,31.423559947013196,107631
2025-03-11,31.423559947013196,31.661851182991132,31.12404137017167,31.294370524273134,50000
2025-03-12,31.294370524273134,31.58453830957676,31.209494654034554,31.411495680322147,50820
2025-03-13,31.411495680322147,31.615831719477725,31.04496589192622,31.40790258927408,83602
2025-03-14,31.40790258927408,31.543283251482784,31.130767054207663,31.444783288166768,50000
2025-03-17,31.444783288166768,31.70211665430096,31.19751685256856,31.273535505436445,50000
2025-03-18,31.273535505436445,31.727758385513148,31.26342328231503,31.40980486191914,50000
2025-03-19,31.40980486191914,31.522224902834477,31.087426996172574,31.508446945198816,50000
2025-03-20,31.508446945198816,31.77888503173201,30.8664424757349,31.11742749585897,50786
2025-03-21,31.11742749585897,31.232687770806233,30.46275870420494,30.89681544825199,50000
2025-03-24,30.89681544825199,30.99692096157814,30.27451925634656,30.648747076702083,69988
2025-03-25,30.648747076702083,30.820072897975013,30.33942681528359,30.458521353265954,50000
2025-03-26,30.458521353265954,31.189791695056215,30.377012090169394,30.779660500503734,50000
2025-03-27,30.779660500503734,31.062151138910608,30.72184460589614,30.845976938135333,80167
2025-03-28,30.845976938135333,31.287478525856454,30.603926639970176,31.170386408737468,50000
2025-03-31,31.170386408737468,31.42277405649501,30.94272348608426,31.155782931151723,81657
2025-04-01,31.155782931151723,31.42406385803158,31.01545489246938,31.241289084551966,50000
2025-04-02,31.241289084551966,31.369504107286563,30.754096711620807,31.253454328823636,50000
2025-04-03,31.253454328823636,31.653597810652773,31.20517800459559,31.42847755384769,50000
2025-04-04,31.42847755384769,31.786365863261334,31.29487874181549,31.514729068135203,50000
2025-04-07,31.514729068135203,32.0688725854441,31.249356569246714,31.92350169343622,92937
2025-04-08,31.92350169343622,32.07422293491835,31.746981105642206,31.77352469415719,50000
2025-04-09,31.77352469415719,31.893479509441985,31.261369517668623,31.52486240148705,50000
2025-04-10,31.52486240148705,31.540503296265147,30.74495673050152,30.938205815525528,195534
2025-04-11,30.938205815525528,31.13202982785593,30.59217031536566,30.65023971350473,50000
2025-04-14,30.65023971350473,30.679541119316763,30.180912228240537,30.492585036674214,51662
2025-04-15,30.492585036674214,30.648240998356414,30.378246839421955,30.53921620607475,50000
2025-04-16,30.53921620607475,31.097904221379686,30.391822238936225,30.877709344596315,50000
2025-04-17,30.877709344596315,31.176921803405794,30.79677767022959,31.04709324862212,50000
2025-04-18,31.04709324862212,31.13666810829549,31.00719861684476,31.044014510953065,50000
2025-04-21,31.044014510953065,31.196006621039842,30.822159404125586,30.95893816403185,50000
2025-04-22,30.95893816403185,31.165121842461307,30.61918252687224,30.74692109390415,50000
2025-04-23,30.74692109390415,30.872046679184642,30.187823739453126,30.35398981734931,50000
2025-04-24,30.35398981734931,30.40250601939569,30.21299885817523,30.38832639583775,50000
2025-04-25,30.38832639583775,30.455105779005354,29.828102224059485,30.11301133273389,50000
2025-04-28,30.11301133273389,30.427413398193462,30.043243343433765,30.255781536505808,50000
2025-04-29,30.255781536505808,30.59473552599189,29.804030966896075,30.00361152879427,50000
2025-04-30,30.00361152879427,30.294414811423238,29.669568211676292,29.90684355458418,50000
2025-05-01,29.90684355458418,29.933513450790063,29.668904360299248,29.7257028743888,53187
2025-05-02,29.7257028743888,29.82660749480232,29.540868806629287,29.558062091107775,50000
2025-05-05,29.558062091107775,29.722335086103776,29.552827951487746,29.62102096790679,50000
2025-05-06,29.62102096790679,30.088959387953228,29.528717652931164,29.95369576626944,50000
2025-05-07,29.95369576626944,30.55629394531941,29.943403873175004,30.55594689429529,50000
2025-05-08,30.55594689429529,30.706330144878983,30.47123282583392,30.635405278699864,50000
2025-05-09,30.635405278699864,30.6822573485581,30.407667888534096,30.556969939029607,166882
2025-05-12,30.556969939029607,30.987826890325618,30.11295441048576,30.47699783829302,50000
2025-05-13,30.47699783829302,30.661945313120132,30.430534591700184,30.65530762898315,50000
2025-05-14,30.65530762898315,30.668086679021325,30.43694358130093,30.450001178945442,50000
2025-05-15,30.450001178945442,30.98574618515857,30.365431372210118,30.86991902543635,80144
2025-05-16,30.86991902543635,31.514257799018516,30.85781528537328,31.34260982373553,54232
2025-05-19,31.34260982373553,31.52769177752327,31.239068558304464,31.288750669158976,50000
2025-05-20,31.288750669158976,31.4329249560324,30.979577219677896,31.389915134390698,50000
2025-05-21,31.389915134390698,32.1864903193628,30.84086052587666,32.003077824634346,50000
2025-05-22,32.003077824634346,32.26357372455557,31.795781276926903,32.13377359496107,86307
2025-05-23,32.13377359496107,32.432647739567834,32.06505403300105,32.39330692741136,77846
2025-05-26,32.39330692741136,33.26796641595863,32.33489421780378,33.03948761174833,50000
2025-05-27,33.03948761174833,33.396284081361216,32.78687844083614,33.143481137669376,50000
2025-05-28,33.143481137669376,33.39868758004431,32.64210247609195,32.839892926757805,50000
2025-05-29,32.839892926757805,33.2725500296581,32.6793993164505,33.0075172507483,56894
2025-05-30,33.0075172507483,33.55698602994163,32.69457752834415,32.84276024121056,53277
2025-06-02,32.84276024121056,32.866810071526864,32.71008099796393,32.85056165873643,50000
2025-06-03,32.85056165873643,32.94141853039604,32.36108426137049,32.641755561285386,50000
2025-06-04,32.641755561285386,32.778777158103516,32.155470111634976,32.51210687582178,72885
2025-06-05,32.51210687582178,32.61479521868185,32.185359635656894,32.279282767228,95280
2025-06-06,32.279282767228,32.34394248184998,31.875752431665244,31.900725680651956,135138
2025-06-09,31.900725680651956,32.08462781206264,31.807883027484227,31.930685309093178,50000
2025-06-10,31.930685309093178,32.24093720276312,31.69564034176603,32.14557080600499,50000
2025-06-11,32.14557080600499,32.25087704858216,31.98174280606112,32.138136207315554,50000
2025-06-12,32.138136207315554,32.47536564916632,31.75724992073406,32.247003396295476,74039
2025-06-13,32.247003396295476,32.73444239798395,31.98900915412999,32.01463238926143,50000
2025-06-16,32.01463238926143,32.29348962547553,31.687515081537814,31.955503826584007,51077
2025-06-17,31.955503826584007,32.07496805050529,31.935954636134774,32.055404437549875,97424
2025-06-18,32.055404437549875,32.18039433221636,31.969409708795443,32.07119237528691,50000
2025-06-19,32.07119237528691,32.080843487095756,31.865109988674845,31.91279467619069,55676
2025-06-20,31.91279467619069,31.992003069702992,31.300549739154846,31.51332093399321,102421
2025-06-23,31.51332093399321,32.23238116165862,31.312306491811935,32.170284585552075,50000
2025-06-24,32.170284585552075,32.32791043919504,31.918455758847355,32.157838346867116,50000
2025-06-25,32.157838346867116,32.43229652659582,31.76428715354891,32.03435341091891,50000
2025-06-26,32.03435341091891,32.092190847316374,31.36881973781842,31.927360745814696,50000
2025-06-27,31.927360745814696,32.01799934634048,31.849844838263312,31.919304316372415,50000
2025-06-30,31.919304316372415,32.189997724221854,31.85836230409457,31.99811634246721,91730
2025-07-01,31.99811634246721,32.08601516743363,31.52548963991141,31.788175184432234,59915
2025-07-02,31.788175184432234,31.91064032235318,31.399648938510204,31.417367581561784,50000
2025-07-03,31.417367581561784,31.938338973742333,31.201994254398215,31.478044072627934,82163
2025-07-04,31.478044072627934,31.927696741504445,31.17288235434616,31.820124714679544,120698
2025-07-07,31.820124714679544,32.44792961500569,31.776725644846053,32.06040315514844,50000
2025-07-08,32.06040315514844,32.12073344770771,31.918442023835883,31.961673181927413,238333
2025-07-09,31.961673181927413,32.357281816777096,31.747095563783724,31.880664217093017,79407
2025-07-10,31.880664217093017,32.30322929705271,31.64855840216886,31.976836831952014,50000
2025-07-11,31.976836831952014,32.27150211800846,31.90500887622208,32.241153338785445,50000
2025-07-14,32.241153338785445,32.331704747781394,32.05563702444031,32.17426983016478,50000
2025-07-15,32.17426983016478,32.63329200300633,32.04535837818369,32.568028666644786,50000
2025-07-16,32.568028666644786,32.60107285824444,32.289049336740455,32.46086621340149,50000
2025-07-17,32.46086621340149,33.011719363214226,32.347573904423115,32.86360558541434,50000
2025-07-18,32.86360558541434,33.038935522011485,32.58645170668515,32.97476054860965,50696
2025-07-21,32.97476054860965,33.18488771205004,32.88371388372763,33.164845691113065,50000
2025-07-22,33.164845691113065,33.2477226624689,32.762858515818564,33.24102029821468,50000
2025-07-23,33.24102029821468,33.42173207431105,33.07959162280031,33.12383772285264,50000
2025-07-24,33.12383772285264,33.2820253278928,33.03940866597018,33.23964125089725,50000
2025-07-25,33.23964125089725,33.493407203347736,32.89887704679987,33.41538160066414,50000
2025-07-28,33.41538160066414,34.44731393392533,33.32795090874782,33.88414185325632,68154
2025-07-29,33.88414185325632,34.041471315217414,33.75243024979178,33.77633529347317,50000
2025-07-30,33.77633529347317,33.78856481950326,33.29189795533296,33.593209609809854,50000
2025-07-31,33.593209609809854,33.64179594344439,33.399744920338726,33.45988515000375,54214
2025-08-01,33.45988515000375,33.82468959546169,33.273710391166674,33.48088940390054,50000
2025-08-04,33.48088940390054,33.5723539102175,32.99197162351956,33.30789200278545,50000
2025-08-05,33.30789200278545,33.37941030295881,32.940704708456536,33.37910421561963,163373
2025-08-06,33.37910421561963,33.55915663055415,33.29890542504307,33.31146803543118,50000
2025-08-07,33.31146803543118,33.36630331591153,32.81204103265025,32.94659185511695,50000
2025-08-08,32.94659185511695,33.092262562798496,32.83638052157329,32.9863738286412,50000
2025-08-11,32.9863738286412,33.2230433892257,32.7357267866624,32.80117123123484,50000
2025-08-12,32.80117123123484,33.1241459292676,32.49720874839229,32.78321474392853,50000
2025-08-13,32.78321474392853,33.1750010241674,32.78190325833429,32.845836928191446,50000
2025-08-14,32.845836928191446,33.050397428455014,32.197589816090456,32.304131771562,191084
2025-08-15,32.304131771562,32.52356459098915,31.941423892748876,32.060711056097205,50000
2025-08-18,32.060711056097205,32.263196853245496,31.10720768816339,31.316385981473477,50000
2025-08-19,31.316385981473477,31.505809426319978,30.791083108097776,31.144584305612728,50000
2025-08-20,31.144584305612728,31.471902220219064,30.688258757385277,31.24703331164756,50000
2025-08-21,31.24703331164756,31.741369593158172,31.05418215459336,31.529546563659558,339027
2025-08-22,31.529546563659558,31.89546516567977,31.414238371776953,31.71435664853427,50000
2025-08-25,31.71435664853427,32.11627879866718,31.591296075552588,32.007059113671886,174136
2025-08-26,32.007059113671886,32.4035246388007,31.941341860897506,32.0220557999679,50000
2025-08-27,32.0220557999679,32.027038944135406,31.61596738247663,31.72614905237351,57002
2025-08-28,31.72614905237351,32.03235420640937,31.65089690835532,31.894573192749707,50000
2025-08-29,31.894573192749707,31.92363273955991,31.54093738189882,31.73396389023001,93761
2025-09-01,31.73396389023001,31.856606520486473,31.393625814802096,31.43712510151512,50000
2025-09-02,31.43712510151512,31.661488231679957,30.804440302516323,31.122025462529102,50000
2025-09-03,31.122025462529102,31.346963125380576,30.957049772093253,31.235448430259314,50000
2025-09-04,31.235448430259314,31.65751831384044,30.895706332956372,31.372159598211436,104660
2025-09-05,31.372159598211436,32.31359035445525,31.072154606410916,32.00998628507773,50000
2025-09-08,32.00998628507773,32.32473154335515,31.776258176742928,31.86496799007941,50000
2025-09-09,31.86496799007941,32.012511012251366,31.693423192325522,31.7617249990652,50000
2025-09-10,31.7617249990652,31.859935674217798,31.628835299569158,31.701079733804256,50000
2025-09-11,31.701079733804256,32.00157011989102,31.448320202256028,31.824800735048953,50000
2025-09-12,31.824800735048953,31.930531414445372,31.13272245397863,31.26130647347964,50000
2025-09-15,31.26130647347964,31.685814593705018,31.02964786398648,31.361898449658465,54912
2025-09-16,31.361898449658465,31.981045524229717,31.084557834402318,31.80760944463936,50000
2025-09-17,31.80760944463936,31.96563198910115,31.795360330430558,31.937396041870493,50000
2025-09-18,31.937396041870493,32.138874129716676,31.933197273339182,31.981705070301707,54311
2025-09-19,31.981705070301707,32.166102363460034,31.83457020019718,32.01799225802596,50000
2025-09-22,32.01799225802596,32.34338941095783,31.58618294365208,32.02958071157497,50000
2025-09-23,32.02958071157497,32.03423810075672,31.59736667004546,31.68182523080756,50000
2025-09-24,31.68182523080756,32.07615399594806,31.566039972757558,32.021871577671966,169704
2025-09-25,32.021871577671966,32.27861328211922,31.924533233033983,32.24642958254025,50000
2025-09-26,32.24642958254025,32.80651564815965,32.14517847611984,32.67209481593086,51326
2025-09-29,32.67209481593086,32.71308823541792,32.26816970914108,32.41887703449185,50000
2025-09-30,32.41887703449185,32.72594989716687,32.3407914272193,32.661625510662724,50000
2025-10-01,32.661625510662724,32.835819637441205,32.286860767650936,32.753471136356694,130346
2025-10-02,32.753471136356694,32.98878579354367,32.74463688098122,32.82105561897741,50000
2025-10-03,32.82105561897741,33.214775240550416,32.42465395140191,33.02182356961343,50000
2025-10-06,33.02182356961343,33.60135814691166,32.5598478933444,33.332762550705425,50000
2025-10-07,33.332762550705425,33.56727058551727,33.011815868251894,33.23170000008338,50000
2025-10-08,33.23170000008338,33.434313022776664,33.06260735364442,33.39728963643873,50000
2025-10-09,33.39728963643873,33.5598763309176,32.92892499063385,33.30316570070306,50000
2025-10-10,33.30316570070306,33.36361166664091,32.8542534524831,32.92243022302378,50000
2025-10-13,32.92243022302378,33.0841056743055,32.62489569263406,32.63405459605619,50000
2025-10-14,32.63405459605619,33.07894172127262,32.44923942855766,32.93839820659413,50000
2025-10-15,32.93839820659413,33.39719760569414,32.84430774885872,32.970948124413844,72229
2025-10-16,32.970948124413844,33.27527138621854,32.4823990851163,32.632813172892284,50000
2025-10-17,32.632813172892284,32.758119564489114,32.24961861451856,32.25478383252098,50000
2025-10-20,32.25478383252098,32.870497243395185,32.06729319727572,32.64513670620911,50000
2025-10-21,32.64513670620911,32.947452292579456,31.99179569596838,32.151432923397365,50000
2025-10-22,32.151432923397365,32.25653872200362,32.037754760412376,32.22979797614656,50000
2025-10-23,32.22979797614656,32.79199407173164,32.088333294160805,32.75705928146375,50000
2025-10-24,32.75705928146375,33.05915824814424,32.6925253420209,32.97189450673559,57770
2025-10-27,32.97189450673559,33.575397554280954,32.88079856414442,33.491020190585495,50000
2025-10-28,33.491020190585495,33.57209191036941,33.04703123491687,33.24586153463541,102646
2025-10-29,33.24586153463541,33.790238651331734,32.97971859427557,33.09308465386519,50000
2025-10-30,33.09308465386519,33.59660980219458,33.05317690672656,33.08606244559712,52177
2025-10-31,33.08606244559712,33.217932620258,32.796867885085064,33.17083626122732,50000
2025-11-03,33.17083626122732,33.27194400924313,32.714063868164324,32.98189133787505,50000
2025-11-04,32.98189133787505,33.24545259047962,32.79011520306908,33.12641132098821,103011
2025-11-05,33.12641132098821,33.30727759165094,32.88613376836414,33.050933606041085,70114
2025-11-06,33.050933606041085,33.238067714112844,32.90797575167803,32.9315753922887,50000
2025-11-07,32.9315753922887,33.121517720740094,32.65271444973225,32.84558342506095,86522
2025-11-10,32.84558342506095,33.33567716490927,32.74567505602858,33.16952053160346,50000
2025-11-11,33.16952053160346,33.39827610860143,32.94040859841453,33.222220168827455,50000
2025-11-12,33.222220168827455,33.296452465005224,32.96954154209733,32.99465707197875,143673
2025-11-13,32.99465707197875,33.28967925477172,32.90004467472117,33.118132756552015,64593
2025-11-14,33.118132756552015,33.671941906688325,33.11166258758605,33.38492855642138,83363
2025-11-17,33.38492855642138,33.92267080990951,33.17433823072356,33.90964544078465,54033
2025-11-18,33.90964544078465,34.05538589311162,33.66934294342262,33.78530556216097,50000
2025-11-19,33.78530556216097,34.257031011686266,33.78383774066093,34.131470802004685,50000
2025-11-20,34.131470802004685,34.63646709394945,34.08839813633216,34.28787435760931,51783
2025-11-21,34.28787435760931,34.522375925610504,33.83932627801501,34.06288254074974,50000
2025-11-24,34.06288254074974,34.28626920334255,33.93233087430285,34.265048151033405,50000
2025-11-25,34.265048151033405,34.5251310317054,33.93215936789748,34.4453960426056,160278
2025-11-26,34.4453960426056,34.57123315594686,33.885736937291064,34.39853410403271,50000
2025-11-27,34.39853410403271,34.50238491585231,33.96330421525514,34.10023963605874,51623
2025-11-28,34.10023963605874,34.314683999133905,33.526232328951515,33.802509941546184,61622
2025-12-01,33.802509941546184,33.99941694848772,33.79285543448573,33.92964009110282,50000
2025-12-02,33.92964009110282,34.44369724703267,33.916764744155486,34.35197605254818,50000
2025-12-03,34.35197605254818,34.38601652828216,33.96551516164507,33.96576570683569,50000
2025-12-04,33.96576570683569,34.03668068998796,33.675490996468014,33.7847216310308,50000
2025-12-05,33.7847216310308,33.80957263734026,33.53371142178416,33.63894127188667,50000
2025-12-08,33.63894127188667,33.782133765119255,33.460310485404484,33.498669462341915,50000
2025-12-09,33.498669462341915,33.83612908035656,33.45285646842319,33.731141135119714,92657
2025-12-10,33.731141135119714,34.82638383455034,33.71149607350383,34.59898466533634,50000
2025-12-11,34.59898466533634,35.329723917325815,34.44138730323564,35.07015344646484,50000
2025-12-12,35.07015344646484,35.314784373013254,34.889571473672135,35.00646228824843,50000
2025-12-15,35.00646228824843,35.44581070033956,34.01563788841968,34.43248990750443,50000
2025-12-16,34.43248990750443,34.61519194029289,33.87270264280635,34.276259156445704,50000
2025-12-17,34.276259156445704,34.32713643920515,34.12640171533282,34.31074016654008,50000
2025-12-18,34.31074016654008,34.76973313911764,34.2673696874521,34.26873486802781,84738
2025-12-19,34.26873486802781,34.284295944822055,34.06665674453213,34.13150665860291,50000
2025-12-22,34.13150665860291,34.133352518976395,33.413912485354196,33.75442173889545,50000
2025-12-23,33.75442173889545,33.82490836925907,33.11201234428999,33.43633010648734,50000
2025-12-24,33.43633010648734,33.81967496145417,33.2830900031282,33.69809682977427,193244
2025-12-25,33.69809682977427,34.19119395841815,33.686047103073186,33.985980846126594,50000
2025-12-26,33.985980846126594,34.634309516822846,33.819651681667985,34.544086407687814,50000
2025-12-29,34.544086407687814,34.62419496104982,34.190585684883615,34.48063970242972,50000
2025-12-30,34.48063970242972,34.59445246396185,34.22200210093906,34.487357812990794,50000
2025-12-31,34.487357812990794,34.591156057641115,34.330782549537666,34.3628027773231,75892
2026-01-01,34.3628027773231,34.572311745434654,34.279045164622,34.56054135026292,103265
2026-01-02,34.56054135026292,34.967257683902965,34.51116113998383,34.86025416578399,56110
2026-01-05,34.86025416578399,35.16219045521736,34.81602717019561,34.983360098198034,50000
2026-01-06,34.983360098198034,35.57650241211904,34.97519860639173,35.45962123326529,50000
2026-01-07,35.45962123326529,35.81031120308785,35.353651313899285,35.41157566514374,50000
2026-01-08,35.41157566514374,35.63102086884109,35.23011504010679,35.46854439803701,50000
2026-01-09,35.46854439803701,35.92525647671927,35.413727725383175,35.70407739119253,71494
2026-01-12,35.70407739119253,36.22297289167301,35.29131665527899,36.129164057560054,50000
2026-01-13,36.129164057560054,36.549206411080434,35.54654792649233,36.38984152804701,50000
2026-01-14,36.38984152804701,37.10070911055908,36.27514534509269,37.06736796098054,50000
2026-01-15,37.06736796098054,37.42278135050269,36.8914152390761,37.192715758398144,50000
2026-01-16,37.192715758398144,37.54156415819854,36.830863165549346,37.45093079555337,61024
2026-01-19,37.45093079555337,38.04037064180497,37.208052509354886,37.90631038686098,50000
2026-01-20,37.90631038686098,38.24003104079168,37.62637340696196,37.755084611640534,50000
2026-01-21,37.755084611640534,38.03598687606293,37.229808086369275,37.58760399703788,50000
2026-01-22,37.58760399703788,38.20176556966701,37.06868443112963,38.1645390531742,50000
2026-01-23,38.1645390531742,38.64461014027653,37.68072518976216,38.62389884668167,141054
2026-01-26,38.62389884668167,39.02428320675381,38.44712671666912,38.948208829559825,50000
2026-01-27,38.948208829559825,39.503103028057886,38.88808953493915,39.22813549188772,50000
2026-01-28,39.22813549188772,39.586907505252476,38.793963292851544,38.951464516905816,50000
2026-01-29,38.951464516905816,39.33169373397025,38.90087920103698,39.18359454788237,76056
2026-01-30,39.18359454788237,39.32304122981139,39.09853655976635,39.19443552183825,68437
2026-02-02,39.19443552183825,39.65925900426912,38.80552163854969,39.507001782110564,50000
2026-02-03,39.507001782110564,39.69064157613406,38.83462051847412,39.125070610687594,69790
2026-02-04,39.125070610687594,39.54765373121848,38.13538767342922,38.336545750892334,50000
2026-02-05,38.336545750892334,38.732814865748104,38.22323905271246,38.511591605241456,50000
2026-02-06,38.511591605241456,38.83109667793521,38.18545470761234,38.31956776225644,60841
2026-02-09,38.31956776225644,38.7970563842817,38.23011317718855,38.25372932463428,202558
2026-02-10,38.25372932463428,38.53747484576262,38.16372854934079,38.20652858781916,62833
2026-02-11,38.20652858781916,38.46063473979174,38.00344978974398,38.28572124617254,50000
2026-02-12,38.28572124617254,38.41741931612631,38.15204982660669,38.2534582253549,50000
2026-02-13,38.2534582253549,38.60080083610823,37.968018725225,37.98811582556893,50000
2026-02-16,37.98811582556893,38.44172352946495,37.947310653827046,38.21731538157369,50000
2026-02-17,38.21731538157369,38.53128710135785,37.93337952703643,38.322203338660984,50000
2026-02-18,38.322203338660984,39.38566566383751,37.94682682301439,38.70604172863304,50000
2026-02-19,38.70604172863304,38.76847044250909,38.20195030462848,38.54788750451877,50000
2026-02-20,38.54788750451877,38.9512746709782,38.35769273666827,38.780526856783105,50000
2026-02-23,38.780526856783105,38.817883924721215,38.32889228753232,38.51566162256428,50000
2026-02-24,38.51566162256428,38.87821588297518,38.47006368120721,38.520051317499714,50000
2026-02-25,38.520051317499714,38.715162293175055,38.49276121218257,38.70276967766652,61710
2026-02-26,38.70276967766652,38.824003583693155,38.60355490666052,38.62982962281578,86302
2026-02-27,38.62982962281578,39.450698189406175,38.571391284534734,39.135151000412144,76960
2026-03-02,39.135151000412144,39.70006474788854,39.08503247617173,39.564173373872016,50000
2026-03-03,39.564173373872016,40.292211640875536,39.461243124455336,39.671969240268595,50000
2026-03-04,39.671969240268595,40.2897272600987,39.63570869562087,39.9759839265009,73084
2026-03-05,39.9759839265009,40.03285598698124,39.66721862193967,39.894453470782906,50000
2026-03-06,39.894453470782906,41.16554512080442,39.89367483484885,40.86363697297364,50000
2026-03-09,40.86363697297364,41.28452813657799,40.72516501235378,41.265744664188766,178472
2026-03-10,41.265744664188766,42.06789189953858,41.16724163029632,42.027341741186916,50000
2026-03-11,42.027341741186916,42.25179375267972,41.49532722668942,41.664068350539964,50000
2026-03-12,41.664068350539964,41.8216208765313,41.22886763355735,41.61350200572205,116156
2026-03-13,41.61350200572205,41.691870988967736,41.16684542126283,41.31397981269302,50000
2026-03-16,41.31397981269302,41.3233283422017,41.246379982540965,41.289857552113084,50000
2026-03-17,41.289857552113084,41.8268454608215,40.96234677536103,41.72442377940077,52550
2026-03-18,41.72442377940077,41.89096054369316,41.13571344111009,41.228122936511554,73978
2026-03-19,41.228122936511554,41.282684148068476,40.99671822091395,41.20424650771823,50000
2026-03-20,41.20424650771823,41.88829295979541,41.16626601014884,41.84576359898767,50000
2026-03-23,41.84576359898767,42.31634882333742,41.70496885793237,42.1424051915906,50000
2026-03-24,42.1424051915906,42.24534008594987,41.64616427528095,41.89744085199448,50000
2026-03-25,41.89744085199448,42.44498547831352,41.57122182463748,42.38924896769849,50000
2026-03-26,42.38924896769849,42.91358404865639,42.216091718407284,42.77975017462096,50000
2026-03-27,42.77975017462096,43.24743121381289,42.28760776798359,42.79144662436559,50000
2026-03-30,42.79144662436559,43.598472763903686,42.6013249880235,43.17663444231784,50000
2026-03-31,43.17663444231784,43.40312999523102,42.6325621842461,42.798312156603465,50000
2026-04-01,42.798312156603465,42.97011726722999,42.58287848801873,42.6580241966684,54477
2026-04-02,42.6580241966684,42.82928623407696,42.40103709790205,42.7744521466079,50000
2026-04-03,42.7744521466079,42.8317759567184,42.76805497227721,42.785420642757664,51887
2026-04-06,42.785420642757664,42.99430879409107,42.27765038325536,42.504193165551264,93684
2026-04-07,42.504193165551264,42.7283380556637,42.086681059782755,42.14032182885737,50000
2026-04-08,42.14032182885737,42.46320502120267,41.86654108851433,41.97623724643453,50000
2026-04-09,41.97623724643453,42.679206116269484,41.97099060228085,42.28394042981048,59026
2026-04-10,42.28394042981048,42.572339111076886,41.94386806353126,42.144203582257504,50000
