Date,Open,High,Low,Close,Volume
2010-01-01,19.373732446884947,19.586117815767455,19.238174966636798,19.373732446884947,98972
2010-01-04,19.373732446884947,19.62404148160864,18.932663575529496,18.975939543734643,50000
2010-01-05,18.975939543734643,19.237120936761496,18.853048616640574,19.169230628577147,198833
2010-01-06,19.169230628577147,19.488059675844795,19.14031963425124,19.405303611538262,50000
2010-01-07,19.405303611538262,19.565231065678997,18.905635397522303,19.046307894820107,50000
2010-01-08,19.046307894820107,19.18817630671928,18.51859534180155,18.594051320953515,50000
2010-01-11,18.594051320953515,19.087859243894496,18.588923108989206,18.868349335627027,50000
2010-01-12,18.868349335627027,19.0357492793308,18.610045657915435,18.97700595650557,79217
2010-01-13,18.97700595650557,19.30959376161932,18.92953819105612,19.167912524957803,50000
2010-01-14,19.167912524957803,19.24781553276176,18.866613943421292,18.94201084662424,92001
2010-01-15,18.94201084662424,19.38922864190067,18.92197879807778,19.09551002079691,141064
2010-01-18,19.09551002079691,19.41140515062575,18.923619978349613,19.408896470221453,50000
2010-01-19,19.408896470221453,19.731610879490606,19.306919363222484,19.640496073242012,50000
2010-01-20,19.640496073242012,19.95783225502862,19.474291124230298,19.9423995935779,50000
2010-01-21,19.9423995935779,20.604406809232355,19.741592472563593,20.5319055868861,50000
2010-01-22,20.5319055868861,20.53932621009511,20.03293619442852,20.18555941249809,200507
2010-01-25,20.18555941249809,20.20652913685233,20.020957007127944,20.15863048582096,50000
2010-01-26,20.15863048582096,20.18654142758196,19.926314312411257,19.95248336839065,50000
2010-01-27,19.95248336839065,20.03121530834782,19.762081178406632,19.907580579478513,50000
2010-01-28,19.907580579478513,19.965961155980832,19.770994095615535,19.778004350902588,50000
2010-01-29,19.778004350902588,20.43190282640264,19.77350963731746,20.249322363225243,50000
2010-02-01,20.249322363225243,20.325974710736794,20.13432690339173,20.146261667924424,61328
2010-02-02,20.146261667924424,20.693048407210025,20.122591126505032,20.48552346617667,50000
2010-02-03,20.48552346617667,20.718607445250914,20.30386788258285,20.623749822873215,50000
2010-02-04,20.623749822873215,20.68165719648854,20.228624300299007,20.28301245960572,50000
2010-02-05,20.28301245960572,20.35935437089414,20.16061655939681,20.16919735651094,50000
2010-02-08,20.16919735651094,20.45848021603345,20.106698200856872,20.33842911325845,50000
2010-02-09,20.33842911325845,20.86770903531764,20.279465358893262,20.691935811823097,50621
2010-02-10,20.691935811823097,20.733072384948535,20.232425626583492,20.343225350890087,50000
2010-02-11,20.343225350890087,20.846057012700026,20.211272986516658,20.80555918205878,50000
2010-02-12,20.80555918205878,21.590555248402374,20.72589982084422,21.371005331592233,66211
2010-02-15,21.371005331592233,21.422339336831342,21.115343767088515,21.122496272324685,50000
2010-02-16,21.122496272324685,21.15305634007137,21.065390705031714,21.08205690159207,92623
2010-02-17,21.08205690159207,21.111075933413904,20.836725705695162,20.96789997609088,55252
2010-02-18,20.96789997609088,21.201126779263014,20.794141268780113,21.190630468023695,50000
2010-02-19,21.190630468023695,21.67735509299248,21.002908177810813,21.493126631397516,50000
2010-02-22,21.493126631397516,21.585059720862937,21.268101100076372,21.355602713431868,94291
2010-02-23,21.355602713431868,21.54485649136519,21.243321061417312,21.370518637974275,50000
2010-02-24,21.370518637974275,21.577029307895778,20.827116034861774,20.84723409524814,50000
2010-02-25,20.84723409524814,20.89876278516008,20.681279180331725,20.87295304974788,67203
2010-02-26,20.87295304974788,21.355480702737662,20.63807192753653,21.26960338556321,50000
2010-03-01,21.26960338556321,21.740079619568387,21.22223952757299,21.644164721870894,50000
2010-03-02,21.644164721870894,21.772328332802154,21.238384275160584,21.365905899576678,82618
2010-03-03,21.365905899576678,21.465797401871264,21.18393824637931,21.412333399062724,50000
2010-03-04,21.412333399062724,21.82051432967164,21.3932607696721,21.567506580507686,51667
2010-03-05,21.567506580507686,21.91996840929156,21.492383672205992,21.86255850332854,50000
2010-03-08,21.86255850332854,22.53937103281553,21.692103815642724,22.44908277818046,50000
2010-03-09,22.44908277818046,22.593298588061664,22.358022772447143,22.510742430543615,164938
2010-03-10,22.510742430543615,22.843694966521156,22.343745390196577,22.789469105721565,50000
2010-03-11,22.789469105721565,22.83436027408217,22.544069507629796,22.675634300626196,57267
2010-03-12,22.675634300626196,22.906914377775653,22.494730786855325,22.79324042358415,50000
2010-03-15,22.79324042358415,23.18327749796741,22.666920289103185,23.167479400165174,50000
2010-03-16,23.167479400165174,23.24093069564769,22.22142194837332,22.52785906968933,50000
2010-03-17,22.52785906968933,22.643554100319722,22.326783451851217,22.49356638049137,51607
2010-03-18,22.49356638049137,22.503085139207048,21.77899809750234,22.015848663797147,50000
2010-03-19,22.015848663797147,22.043767956833207,21.915976908423666,22.03886277108165,50000
2010-03-22,22.03886277108165,22.23991511282041,21.91826604322965,22.10433155894251,50000
2010-03-23,22.10433155894251,22.63179378525793,22.028448744424814,22.590826015296013,50000
2010-03-24,22.590826015296013,22.66276904748409,22.18890128188547,22.203852800512752,50000
2010-03-25,22.203852800512752,22.23470189532201,22.045780540347213,22.146501106675704,50000
2010-03-26,22.146501106675704,22.314940336513093,21.363491253911405,21.442863762217353,54300
2010-03-29,21.442863762217353,21.576136592771046,21.28175131875935,21.48206542808464,50000
2010-03-30,21.48206542808464,21.639129981964604,21.446843727758253,21.52390372612835,50000
2010-03-31,21.52390372612835,21.601137845439496,21.313416337432272,21.540626025046905,82219
2010-04-01,21.540626025046905,22.013375861591797,21.440152751032045,21.971701851449804,61087
2010-04-02,21.971701851449804,22.28397084924598,21.746225631246748,22.203669579899138,50000
2010-04-05,22.203669579899138,22.212049997894557,22.045351776155368,22.063073478366707,50000
2010-04-06,22.063073478366707,22.434313302920042,21.957486393296136,22.39154092303014,50000
2010-04-07,22.39154092303014,22.50524028124613,22.32620930581742,22.450704736939826,51661
2010-04-08,22.450704736939826,22.52305865095321,22.393881325226502,22.50896112646393,111803
2010-04-09,22.50896112646393,22.68749170738288,22.30818976049961,22.555433025740182,142495
2010-04-12,22.555433025740182,22.632004340728955,21.908533467011964,21.999919592880687,50000
2010-04-13,21.999919592880687,22.03138424063663,21.661108560917757,21.696540586268277,50000
2010-04-14,21.696540586268277,22.113686792726835,21.600867314516712,22.02094276454182,68330
2010-04-15,22.02094276454182,22.560437149447793,21.84257528169723,22.429176102999246,63520
2010-04-16,22.429176102999246,22.758551687050428,22.38836543877286,22.680467699378752,50000
2010-04-19,22.680467699378752,23.24825690694448,22.541832875611146,23.071507171392934,53427
2010-04-20,23.071507171392934,23.105551937635408,22.979123738458288,23.002971039506814,50000
2010-04-21,23.002971039506814,23.584726651595624,22.82061092313203,23.556517411478964,100205
2010-04-22,23.556517411478964,23.633379757387317,23.358190879657855,23.510804044218798,68796
2010-04-23,23.510804044218798,23.785886657145053,23.442266070786197,23.533597801019486,50000
2010-04-26,23.533597801019486,23.746507515772315,23.52778320116771,23.564937485746473,52004
2010-04-27,23.564937485746473,23.59672176622506,23.26888212252217,23.461260633457954,50000
2010-04-28,23.461260633457954,23.505337949206673,23.230598529912005,23.379427465483953,50000
2010-04-29,23.379427465483953,23.473234642359543,22.890024088303658,22.99769119473234,50000
2010-04-30,22.99769119473234,23.50225265741192,22.986890266231256,23.37661073463844,50341
2010-05-03,23.37661073463844,23.61107640139988,23.304374921951617,23.50646743582358,56941
2010-05-04,23.50646743582358,23.690864188277544,23.362521417327066,23.594884973809584,56779
2010-05-05,23.594884973809584,24.23668026992154,23.49320942301313,24.17592400758168,50000
2010-05-06,24.17592400758168,24.461268164653784,23.894806828632042,24.37614133433123,50000
2010-05-07,24.37614133433123,24.65810532642053,24.12522772969072,24.606255368213976,50000
2010-05-10,24.606255368213976,24.6601006482535,24.118786671029852,24.308820802333095,74411
2010-05-11,24.308820802333095,24.509854211947616,24.22841241400206,24.36710445392158,50000
2010-05-12,24.36710445392158,24.387325559421726,24.038942061665118,24.369376744394483,57976
2010-05-13,24.369376744394483,24.38072264585376,23.97617804369059,24.02727431925467,50000
2010-05-14,24.02727431925467,24.333636955668513,23.599548784266133,23.694372477093815,50000
2010-05-17,23.694372477093815,23.75623857817681,23.306186564589694,23.3714663207662,50000
2010-05-18,23.3714663207662,23.393262948656727,23.05826401363918,23.23192857434191,50000
2010-05-19,23.23192857434191,23.555077341078736,23.147365679445098,23.532876560936753,52332
2010-05-20,23.532876560936753,23.691874402413426,23.021024950148746,23.283237875281237,54661
2010-05-21,23.283237875281237,23.413170373736538,23.215903331461863,23.31672764090439,50000
2010-05-24,23.31672764090439,23.944265798484103,23.11969914876946,23.847320001647695,50000
2010-05-25,23.847320001647695,24.240151985743598,23.674901219519246,24.081251270662964,50000
2010-05-26,24.081251270662964,24.547291042076914,24.010732853813867,24.532445610825675,144450
2010-05-27,24.532445610825675,24.67218140043258,24.063982280067197,24.16837125645572,50000
2010-05-28,24.16837125645572,24.295583154581013,23.961115640159246,23.96226345492097,50000
2010-05-31,23.96226345492097,24.180473222149597,23.41399070407525,23.739197042662934,50000
2010-06-01,23.739197042662934,23.965499692209868,23.709859776979087,23.867700792573018,66354
2010-06-02,23.867700792573018,23.88542429013992,23.760478746996167,23.835660585044756,50527
2010-06-03,23.835660585044756,23.9959029131345,23.24925566217996,23.2915023365655,67944
2010-06-04,23.2915023365655,23.70398042544664,23.209310245837838,23.641550907315164,50000
2010-06-07,23.641550907315164,23.8893648587824,23.570041240698934,23.8668986330072,91939
2010-06-08,23.8668986330072,23.93048648327858,23.582691292628642,23.681099883015797,50000
2010-06-09,23.681099883015797,23.810998186394237,22.874625287234192,23.01447246090819,50000
2010-06-10,23.01447246090819,23.242977820098094,22.81036562374848,23.084901583438338,86358
2010-06-11,23.084901583438338,23.09860292312053,22.80109082537261,22.806506704748614,53469
2010-06-14,22.806506704748614,23.002540026772383,22.70724046427051,22.71937292325266,50000
2010-06-15,22.71937292325266,23.138433346140996,22.714218681104928,22.859225161176642,50000
2010-06-16,22.859225161176642,23.217112150732973,22.750987622632792,23.173249541444644,50000
2010-06-17,23.173249541444644,23.364981490393426,22.93287928819651,22.944459665667406,50000
2010-06-18,22.944459665667406,22.99738598856166,22.716503709432516,22.727301172306515,50000
2010-06-21,22.727301172306515,22.81509211379171,22.597829593994287,22.720067331765666,50000
2010-06-22,22.720067331765666,22.754294346563988,22.68447188647916,22.7130579775054,50000
2010-06-23,22.7130579775054,23.145111020088457,22.649533280286626,23.138960877914077,110923
2010-06-24,23.138960877914077,23.441293067527003,22.919840025567396,23.31523403140446,50000
2010-06-25,23.31523403140446,23.700325656979846,23.275517673054892,23.692044167947344,50000
2010-06-28,23.692044167947344,24.392106585722814,23.581298945927063,24.31929993742432,50000
2010-06-29,24.31929993742432,24.360467247079892,24.149075541780796,24.161494544878533,50000
2010-06-30,24.161494544878533,24.248438180237567,23.74973488735501,23.844201391759235,52617
2010-07-01,23.844201391759235,23.976258856644254,23.649617287258028,23.93260864602659,75059
2010-07-02,23.93260864602659,24.098750761559845,23.327869965452585,23.417343616234213,50000
2010-07-05,23.417343616234213,23.6119471940056,22.984943570784672,23.013298731446174,50000
2010-07-06,23.013298731446174,23.38780379840219,22.919714950351267,23.33344191093296,50000
2010-07-07,23.33344191093296,23.431840478157532,23.3302921283579,23.340302563017797,50000
2010-07-08,23.340302563017797,23.471684982938566,23.00116379421958,23.12721957390536,69669
2010-07-09,23.12721957390536,23.257115119318204,22.60920183411668,22.66402275638078,75852
2010-07-12,22.66402275638078,22.784478350664344,22.46331440674375,22.534305041640653,50000
2010-07-13,22.534305041640653,22.64489958518627,22.515929085247404,22.637398277643474,50000
2010-07-14,22.637398277643474,23.340135223664113,22.465404762666267,23.27564518070042,96636
2010-07-15,23.27564518070042,23.926467031881142,23.221262936535535,23.923122854395018,50000
2010-07-16,23.923122854395018,24.019797920745287,23.736530168156758,23.81092709239626,50000
2010-07-19,23.81092709239626,23.898809588634208,23.755276374993976,23.799169166603782,113279
2010-07-20,23.799169166603782,23.964687179785074,23.338677967759114,23.35877676823573,50000
2010-07-21,23.35877676823573,23.504021141193785,22.972166472687324,23.40849089763796,50000
2010-07-22,23.40849089763796,23.47085430790754,23.063562812567604,23.075302426829655,50000
2010-07-23,23.075302426829655,23.139267812732523,22.64593013767898,22.828943107735043,119433
2010-07-26,22.828943107735043,22.884001274095493,22.731066192092428,22.747907764905374,50000
2010-07-27,22.747907764905374,22.904591792405405,22.57335510417642,22.68413225085447,50000
2010-07-28,22.68413225085447,22.909753531515634,22.669846424790652,22.768548834701132,50000
2010-07-29,22.768548834701132,23.0135142743462,22.727791577008684,22.822533938293695,50000
2010-07-30,22.822533938293695,23.37514543790863,22.793455666031534,23.103019212235395,60815
2010-08-02,23.103019212235395,23.13534799068525,22.425781244847716,22.56628338540448,50000
2010-08-03,22.56628338540448,22.66287851709393,21.727615420155917,22.032744085830213,50000
2010-08-04,22.032744085830213,22.18376881290526,22.021409605332483,22.134320105678515,50000
2010-08-05,22.134320105678515,22.284673634810282,21.89347497172291,21.98916786173719,50000
2010-08-06,21.98916786173719,22.6167168127673,21.871696705638037,22.453716790347343,189419
2010-08-09,22.453716790347343,22.77795687330029,22.004145247569713,22.171247083429854,50000
2010-08-10,22.171247083429854,22.606175726531237,21.982270894504524,22.55902142211873,50000
2010-08-11,22.55902142211873,22.680003473312002,22.392578117896978,22.489744534637815,50000
2010-08-12,22.489744534637815,22.573260279351736,22.414041656325693,22.48524965134541,50000
2010-08-13,22.48524965134541,22.501278087919207,22.378296861749867,22.440291338345297,50000
2010-08-16,22.440291338345297,22.62501850034889,22.419228802894178,22.500243211393897,67369
2010-08-17,22.500243211393897,23.082666620178646,22.25998933703956,22.872234596737833,53047
2010-08-18,22.872234596737833,23.081294371188786,22.014768331092135,22.284166068484932,50000
2010-08-19,22.284166068484932,22.60184808048982,22.187658558595803,22.577284185559453,180573
2010-08-20,22.577284185559453,22.667175738706465,21.797006345980176,21.977092722124272,50000
2010-08-23,21.977092722124272,22.282552149846843,21.94719167053824,22.118165537450313,50000
2010-08-24,22.118165537450313,22.35008434626199,21.827880513430916,21.929277697169848,50000
2010-08-25,21.929277697169848,22.14417905741013,21.71103333287161,22.136007367332933,50000
2010-08-26,22.136007367332933,22.302987956183262,21.974036288211988,22.235009630283077,50000
2010-08-27,22.235009630283077,22.408127847882383,21.88318652208257,22.029811663686697,50000
2010-08-30,22.029811663686697,22.060677279727333,21.89128051591314,21.892653456018444,50000
2010-08-31,21.892653456018444,21.996745144722443,21.55579932818123,21.644658444401635,50000
2010-09-01,21.644658444401635,21.853321240218815,21.126803328492034,21.163423199931163,53342
2010-09-02,21.163423199931163,21.227981659632228,20.715881428163883,20.718819231093505,54391
2010-09-03,20.718819231093505,20.8343711639049,20.500776998838028,20.81423483848786,50000
2010-09-06,20.81423483848786,21.187658956507846,20.801016727150802,21.1120129912714,50000
2010-09-07,21.1120129912714,21.14337426503064,20.977333160988298,20.992551047488032,57888
2010-09-08,20.992551047488032,21.46137237016918,20.93917791160547,21.324594152922078,50000
2010-09-09,21.324594152922078,21.53721151584057,21.26482536224596,21.347459651222387,50000
2010-09-10,21.347459651222387,21.81056494579022,21.258806056858585,21.719299985096647,144994
2010-09-13,21.719299985096647,21.85222383950227,21.41794949831349,21.53321528945092,50000
2010-09-14,21.53321528945092,21.98892709075385,21.397618436189177,21.808939179274592,73445
2010-09-15,21.808939179274592,22.16290756674429,21.69924185412046,22.146098466385695,50000
2010-09-16,22.146098466385695,22.321924468310222,22.106869007180908,22.22859549595872,50000
2010-09-17,22.22859549595872,22.65666262883965,22.185942362270037,22.640193567309687,104871
2010-09-20,22.640193567309687,22.859131601342558,22.2462017152874,22.77600972118286,57282
2010-09-21,22.77600972118286,22.93668924121223,22.402692009356866,22.49887503287964,50000
2010-09-22,22.49887503287964,22.545377298567928,22.1645187914965,22.322628500456855,229785
2010-09-23,22.322628500456855,23.178273211022553,22.28667245996672,23.0099871697478,59838
2010-09-24,23.0099871697478,23.83049426146869,22.991341302536224,23.59483057884459,58995
2010-09-27,23.59483057884459,23.674007455152825,23.350564784750933,23.579030960365156,53339
2010-09-28,23.579030960365156,23.767414439673196,23.33923325562098,23.67634757580054,53944
2010-09-29,23.67634757580054,24.453490640427965,23.55956249679318,24.33105185414943,50000
2010-09-30,24.33105185414943,24.409425386825628,23.944711033686826,24.063636419307453,50000
2010-10-01,24.063636419307453,24.07845613190869,23.55675100837018,23.60858000945932,50000
2010-10-04,23.60858000945932,23.69978466061137,23.236002738183174,23.35573586811426,50000
2010-10-05,23.35573586811426,23.454393685142374,23.143521119427668,23.29502889857368,106317
2010-10-06,23.29502889857368,23.529281750112965,22.901104626332046,23.05177371956942,50000
2010-10-07,23.05177371956942,23.05654400215754,22.504255757277665,22.78168904589452,50000
2010-10-08,22.78168904589452,22.82046918711935,22.59302245516949,22.718107380956894,50000
2010-10-11,22.718107380956894,23.5605900744972,22.582897519827927,23.482977464814198,57469
2010-10-12,23.482977464814198,23.605556108533605,23.40895670946767,23.495032373067993,50000
2010-10-13,23.495032373067993,23.834852825243814,23.475636191398355,23.72839496989058,50000
2010-10-14,23.72839496989058,23.975382407551788,22.871545734432587,22.924577107092315,56080
2010-10-15,22.924577107092315,23.101786765029043,22.813767825659536,23.016498504112402,50000
2010-10-18,23.016498504112402,23.165896701150047,22.861183409263877,22.99465719673749,50000
2010-10-19,22.99465719673749,23.07007463281027,22.67949438090259,22.719896389762066,57086
2010-10-20,22.719896389762066,22.81856742776796,22.556026233129472,22.56083968045736,50000
2010-10-21,22.56083968045736,22.568976434152397,22.205283474639675,22.33647155226616,71908
2010-10-22,22.33647155226616,22.635539800538375,22.20114063561859,22.480146960706964,50000
2010-10-25,22.480146960706964,22.527174978627478,21.9078572817059,21.918620500898434,50000
2010-10-26,21.918620500898434,22.14363540613828,21.8778182337373,21.903251292717194,50000
2010-10-27,21.903251292717194,22.03842278102456,21.59930216071156,21.67980368365541,55889
2010-10-28,21.67980368365541,21.689313498244477,21.038993560803558,21.17774104329568,103654
2010-10-29,21.17774104329568,21.525691781061738,21.13657311726174,21.268263175531004,50000
2010-11-01,21.268263175531004,21.319523639009077,21.154065731623973,21.161346807436093,50000
2010-11-02,21.161346807436093,21.553046287716448,21.05904173561751,21.29901246774402,50000
2010-11-03,21.29901246774402,21.33245443211942,21.011889319076683,21.045328840520476,50000
2010-11-04,21.045328840520476,21.136566019547747,21.032926607892833,21.09315670973725,54499
2010-11-05,21.09315670973725,21.226690051988612,21.041614362841727,21.08143432477868,50000
2010-11-08,21.08143432477868,21.821842484626053,21.00746104120545,21.595797444400038,50000
2010-11-09,21.595797444400038,21.661945490724545,21.380713102427116,21.592728015020448,50000
2010-11-10,21.592728015020448,21.615860348954932,21.242470917421638,21.446034515938212,106688
2010-11-11,21.446034515938212,21.66343824582904,21.40549639862411,21.57053000916499,50000
2010-11-12,21.57053000916499,22.01791890988627,21.402516530450377,21.618582629307255,50000
2010-11-15,21.618582629307255,22.53983288020112,21.565228253997113,22.32843532170782,50000
2010-11-16,22.32843532170782,22.693176364488018,22.294823600281426,22.637112353469043,50000
2010-11-17,22.637112353469043,22.7260332017342,22.35485389716898,22.373692815703844,50000
2010-11-18,22.373692815703844,22.430402185329406,22.098027317343778,22.222851787178243,87483
2010-11-19,22.222851787178243,22.264283918244338,21.88188635963762,21.985068427059005,50000
2010-11-22,21.985068427059005,22.256032765342884,21.973105344319915,22.0308630767448,50000
2010-11-23,22.0308630767448,22.19591939467121,21.84544395473385,22.059341538042435,50000
2010-11-24,22.059341538042435,22.083551697247305,21.996820363278754,22.075619266225658,50000
2010-11-25,22.075619266225658,22.43766709929298,21.84407402642148,21.99125988562762,50000
2010-11-26,21.99125988562762,22.04087474139284,21.515508526106643,21.723624924126256,79790
2010-11-29,21.723624924126256,21.84252616749715,21.135998447003438,21.241248247350924,148326
2010-11-30,21.241248247350924,21.399477179985546,20.893276203240458,21.306495678176194,50000
2010-12-01,21.306495678176194,21.440887354919138,20.879420827883905,20.995346066277214,81967
2010-12-02,20.995346066277214,21.14580422934067,20.580965227691465,20.6506466955984,50000
2010-12-03,20.6506466955984,20.718901153111556,20.437398725799895,20.677585383312476,50000
2010-12-06,20.677585383312476,20.955192420258804,20.673227149031717,20.796582848349683,50000
2010-12-07,20.796582848349683,20.906540582143375,20.755986731471882,20.800551821975056,50000
2010-12-08,20.800551821975056,20.839202106530127,20.167394763698468,20.303721476736335,54653
2010-12-09,20.303721476736335,21.349411409015826,20.301311338829684,21.23393795337281,60879
2010-12-10,21.23393795337281,21.271171275603887,20.65452340734479,20.729177218965358,50000
2010-12-13,20.729177218965358,20.754759699133487,20.103852279071003,20.401883040208677,50000
2010-12-14,20.401883040208677,20.876886984735624,20.315317958057378,20.688619680080603,57525
2010-12-15,20.688619680080603,21.550886448514657,20.669074890208595,21.54462111300721,131525
2010-12-16,21.54462111300721,21.58144592392619,20.756835589511212,20.867743273254497,50000
2010-12-17,20.867743273254497,21.034272077774453,20.615369358725953,20.68877166602665,86626
2010-12-20,20.68877166602665,20.80665388986483,20.329292279978606,20.431735634941635,63641
2010-12-21,20.431735634941635,21.014949229751213,20.29689383179876,21.01170505051098,103833
2010-12-22,21.01170505051098,21.216862075205082,20.59694989571935,20.75571676676713,136174
2010-12-23,20.75571676676713,20.82929167212031,20.690821200869145,20.792437468576324,50000
2010-12-24,20.792437468576324,21.166749135969248,20.750633150281388,21.138348973453933,50866
2010-12-27,21.138348973453933,21.256973857911255,20.800831002968366,20.982667633221194,50000
2010-12-28,20.982667633221194,21.08534387907241,20.850696085896743,21.048926545459157,51889
2010-12-29,21.048926545459157,21.21563579366054,20.987787552429197,21.013452928378932,50000
2010-12-30,21.013452928378932,21.19508462225238,20.45456874184078,20.59935449823776,102314
2010-12-31,20.59935449823776,20.673276661001825,20.434110887633807,20.478335541109484,92645
2011-01-03,20.478335541109484,20.63279940123885,19.703033349674172,19.957931330338752,58944
2011-01-04,19.957931330338752,20.378529536067003,19.822957312157147,20.327900678101994,50000
2011-01-05,20.327900678101994,20.499037483695364,20.164877702006095,20.214786418568224,50000
2011-01-06,20.214786418568224,20.406627444600947,20.149163132260817,20.359607240156866,50000
2011-01-07,20.359607240156866,21.30589518967155,20.158950277767396,21.083937350768593,50000
2011-01-10,21.083937350768593,21.479224182226044,20.840276837238793,21.47572526285226,52642
2011-01-11,21.47572526285226,21.85146708980183,21.36128955401706,21.753636534307695,50000
2011-01-12,21.753636534307695,22.000702062883658,21.647070179825302,21.907542902454235,50000
2011-01-13,21.907542902454235,21.92911779787191,21.734636665552234,21.893835674757813,50000
2011-01-14,21.893835674757813,22.021284396846465,21.639012927544393,21.664934409288538,56321
2011-01-17,21.664934409288538,21.91605130568992,21.3767241555765,21.900283136116045,53564
2011-01-18,21.900283136116045,21.989563945528925,21.412684176652938,21.775955888434847,53652
2011-01-19,21.775955888434847,22.98399204017693,21.60695385688515,22.78700482973696,50000
2011-01-20,22.78700482973696,23.598198054716846,22.643390054560694,23.44845247541311,50000
2011-01-21,23.44845247541311,24.036674631977323,23.42300812806545,23.97713976850683,50000
2011-01-24,23.97713976850683,24.131798162140804,23.7754803490778,23.87992489114709,50000
2011-01-25,23.87992489114709,23.975863659037525,23.48881372479793,23.519061014404112,50000
2011-01-26,23.519061014404112,23.96579032302078,23.4322153813319,23.892433082879275,50000
2011-01-27,23.892433082879275,24.20263910624709,23.67999678477155,23.75878199560585,50000
2011-01-28,23.75878199560585,23.996285668710357,23.62124361804528,23.92409895112932,166006
2011-01-31,23.92409895112932,24.049242472020644,23.471087320694714,23.589267637233096,54025
2011-02-01,23.589267637233096,24.225698102508506,23.458742669114116,23.809856149479444,50000
2011-02-02,23.809856149479444,23.979716973719427,23.73762537267006,23.977924276995886,50000
2011-02-03,23.977924276995886,24.15352161090991,23.60134265677729,23.654400819140534,50000
2011-02-04,23.654400819140534,23.784308025830114,23.542171104998346,23.696483336358888,50000
2011-02-07,23.696483336358888,23.990547207104527,23.53985800180246,23.897787537871768,50000
2011-02-08,23.897787537871768,24.525403698267542,23.722639022385177,24.36153219336367,50000
2011-02-09,24.36153219336367,24.59922242093452,24.276094378613738,24.384566097727735,50000
2011-02-10,24.384566097727735,24.424511799375615,23.741696704422356,23.90025678742372,50000
2011-02-11,23.90025678742372,24.201063149870528,23.87955573950805,24.124739277573813,50000
2011-02-14,24.124739277573813,24.27230582783823,24.084261458660567,24.268316724018618,72840
2011-02-15,24.268316724018618,24.73086296245826,24.233653705909408,24.632326003458218,105318
2011-02-16,24.632326003458218,24.810007035282613,23.574223669115053,23.695378561282762,255731
2011-02-17,23.695378561282762,23.85966275003517,23.210348007221782,23.258494985414455,50000
2011-02-18,23.258494985414455,23.62316042514757,22.972949417153565,23.324279186783883,69932
2011-02-21,23.324279186783883,23.559219733061155,23.24047693474757,23.472410935207503,64574
2011-02-22,23.472410935207503,23.683351106073722,23.299989336198063,23.318689497728915,50000
2011-02-23,23.318689497728915,23.409425355015415,22.767786463633428,23.00224200185669,64247
2011-02-24,23.00224200185669,23.431993979716555,22.960153860184512,23.32187901912359,52225
2011-02-25,23.32187901912359,24.10621408117301,23.287601588539957,23.967801168662834,50000
2011-02-28,23.967801168662834,24.09990956095936,23.63984697014727,23.74176584746646,50000
2011-03-01,23.74176584746646,24.46979161461397,23.534811632400658,24.36091102107213,83194
2011-03-02,24.36091102107213,24.459700403674194,23.78761511289654,24.032314129799058,50000
2011-03-03,24.032314129799058,24.337350313458295,24.01985015602387,24.20292185951704,50000
2011-03-04,24.20292185951704,24.44285131925734,23.569781829838586,23.757791405855897,50000
2011-03-07,23.757791405855897,23.811088633235187,23.615872644938612,23.644753876752194,50000
2011-03-08,23.644753876752194,23.88243809619175,23.569652211472636,23.87039788385202,50000
2011-03-09,23.87039788385202,23.967881302431643,23.56690255872665,23.782570288032478,68103
2011-03-10,23.782570288032478,24.47313271966136,23.68470995958769,24.419039595266412,90107
2011-03-11,24.419039595266412,24.770000485580937,24.34877458756256,24.76454368241018,50000
2011-03-14,24.76454368241018,24.96862657253091,24.590525840766016,24.926945932822843,50000
2011-03-15,24.926945932822843,25.64352418709125,24.53466747922752,25.58890418156882,93944
2011-03-16,25.58890418156882,25.60981639599238,25.24230931977396,25.326880542511173,50000
2011-03-17,25.326880542511173,25.882982005115963,25.097388658097216,25.702874103429927,53091
2011-03-18,25.702874103429927,25.725863516727653,25.611386214631388,25.63377918335046,68752
2011-03-21,25.63377918335046,25.686054405925073,25.41157239087234,25.64136886959041,50000
2011-03-22,25.64136886959041,25.822671114767914,25.374984281247453,25.452915900335004,50000
2011-03-23,25.452915900335004,25.556989724802825,25.24834662671132,25.328272306807897,50000
2011-03-24,25.328272306807897,25.50738072512274,25.18140270610108,25.195189822219046,50000
2011-03-25,25.195189822219046,25.28713891526241,25.15229416113462,25.275360790008563,50000
2011-03-28,25.275360790008563,25.639423093171704,24.924469941383308,25.101945220028025,50000
2011-03-29,25.101945220028025,25.80546227660408,24.975789828925304,25.617278258380416,68112
2011-03-30,25.617278258380416,26.206022567905965,25.46609387061695,26.02207913053523,50000
2011-03-31,26.02207913053523,26.623265199908765,25.968184984105537,26.471957013238256,50000
2011-04-01,26.471957013238256,26.999182822843096,26.4474515140546,26.928656512948667,64939
2011-04-04,26.928656512948667,27.114067131678265,26.601203319718962,26.668183446511343,50000
2011-04-05,26.668183446511343,26.737973732126115,26.43945335939155,26.520789361244802,62711
2011-04-06,26.520789361244802,26.602553003284523,26.253064734312094,26.281339088529723,50000
2011-04-07,26.281339088529723,26.543622533161294,26.15806836171557,26.470215380522387,50000
2011-04-08,26.470215380522387,27.017185517991898,26.14029670985163,26.98452536156881,50000
2011-04-11,26.98452536156881,27.380852381029065,26.917528866187652,27.057571556933674,50000
2011-04-12,27.057571556933674,27.152107343723173,26.888761308599875,27.076172169274834,61805
2011-04-13,27.076172169274834,27.232471106081412,26.407032137806187,26.814808205716183,50000
2011-04-14,26.814808205716183,26.984842662128806,26.798040680854648,26.83793331664913,50000
2011-04-15,26.83793331664913,27.01044923154098,26.129954843461352,26.291174602705674,50000
2011-04-18,26.291174602705674,26.33837202347062,25.69909772672057,25.845075829885296,106048
2011-04-19,25.845075829885296,26.221299463230647,25.624761123734043,26.13861975345094,52731
2011-04-20,26.13861975345094,26.631266104780316,26.122928615793356,26.409001713055783,50000
2011-04-21,26.409001713055783,26.68828157633897,26.24758993760479,26.44837259916709,50000
2011-04-22,26.44837259916709,26.788847892635662,25.628667387727237,25.656542467330222,50000
2011-04-25,25.656542467330222,26.2922171284422,25.55884015534383,26.12996764741344,50000
2011-04-26,26.12996764741344,26.17056083631115,26.002431195755367,26.025532729799313,50000
2011-04-27,26.025532729799313,26.108659988940257,25.966024635978382,25.98961824867773,50000
2011-04-28,25.98961824867773,26.691025119838606,25.880761003658016,26.605944965944257,62109
2011-04-29,26.605944965944257,26.713153747009773,25.571787989809025,25.731557005785607,50000
2011-05-02,25.731557005785607,25.874432713911766,25.570370699288755,25.712924845200813,61859
2011-05-03,25.712924845200813,26.304572730314796,25.61733896942907,26.020453369622764,50000
2011-05-04,26.020453369622764,26.23030049317374,25.38861388978622,25.569951666869382,85197
2011-05-05,25.569951666869382,25.796911859455136,25.492260834111956,25.741256863141547,50000
2011-05-06,25.741256863141547,25.862906635547958,25.521225352337545,25.837226383715553,50000
2011-05-09,25.837226383715553,26.084107287134422,25.589422293592094,25.97351677333299,58857
2011-05-10,25.97351677333299,26.426871119562158,25.811679749065235,26.32433895480253,56000
2011-05-11,26.32433895480253,26.740321075638406,26.17276875389186,26.73151114659493,50000
2011-05-12,26.73151114659493,27.00326988790545,26.675832044685144,26.949616230318032,50000
2011-05-13,26.949616230318032,27.244407032986985,26.81562284049691,27.219678001649726,50000
2011-05-16,27.219678001649726,27.301299040684867,27.12177970261324,27.274443582511804,50000
2011-05-17,27.274443582511804,27.634471879801175,26.777284011539166,26.863119802308997,50000
2011-05-18,26.863119802308997,26.8906217713494,26.114911260041296,26.41652011083525,50000
2011-05-19,26.41652011083525,26.788663175496595,26.40518627463245,26.510268526949975,60712
2011-05-20,26.510268526949975,26.70162938526657,26.37652129938538,26.50138276063774,70220
2011-05-23,26.50138276063774,26.994378075376265,26.428298793473058,26.730829870034526,50000
2011-05-24,26.730829870034526,26.737136113836556,26.58865616981988,26.668542645051172,50000
2011-05-25,26.668542645051172,26.872240802727426,26.314258258633846,26.3884029200944,50000
2011-05-26,26.3884029200944,26.507788706974967,26.176130234843864,26.443999253098927,50000
2011-05-27,26.443999253098927,26.852204392691984,26.384908541799064,26.70008541643394,64042
2011-05-30,26.70008541643394,26.71188538190733,26.507453379036164,26.675734195181093,50566
2011-05-31,26.675734195181093,26.688219495955998,26.18396650595858,26.454713208183108,50000
2011-06-01,26.454713208183108,26.769226562399275,26.13747399236193,26.67157072696796,50000
2011-06-02,26.67157072696796,27.029637306589144,26.651562505680953,26.989252393714867,50000
2011-06-03,26.989252393714867,27.207880333489204,26.847743371560103,27.100492280186376,50000
2011-06-06,27.100492280186376,27.78034485351248,26.85768914370453,27.649528586807357,50000
2011-06-07,27.649528586807357,28.056149346594175,27.505695266997865,27.981290265197647,50000
2011-06-08,27.981290265197647,28.321170687981148,27.75499507348792,27.99704499981621,50000
2011-06-09,27.99704499981621,28.335639687521684,27.90508838576053,28.17461315431071,50000
2011-06-10,28.17461315431071,29.18740608770531,27.987929160327422,29.003715594373705,50000
2011-06-13,29.003715594373705,29.0914147958127,28.85566789927337,29.01452341561282,50000
2011-06-14,29.01452341561282,29.204403341917015,28.068896230428916,28.150173268096324,50000
2011-06-15,28.150173268096324,28.67770725730111,27.854754687002917,28.63958048613994,50000
2011-06-16,28.63958048613994,28.814777409514754,28.107088332195932,28.207872188840582,50000
2011-06-17,28.207872188840582,28.34054472429849,28.125672554858827,28.324811174601326,115864
2011-06-20,28.324811174601326,28.649880303490015,28.305179414067066,28.58695870858677,50000
2011-06-21,28.58695870858677,28.888048739383528,28.395302972330278,28.42218868402094,50000
2011-06-22,28.42218868402094,28.526583994787305,28.39643767683572,28.487303270079156,50000
2011-06-23,28.487303270079156,28.515674668661628,28.059737022953648,28.183302264019297,50000
2011-06-24,28.183302264019297,28.256277460458918,27.390607888564315,27.42613428217158,50000
2011-06-27,27.42613428217158,27.717209434283717,27.117147999839016,27.307707495349046,50000
2011-06-28,27.307707495349046,27.308521494828454,27.141382235154804,27.28753704530998,58786
2011-06-29,27.28753704530998,27.4515821601972,27.202917592865536,27.203298214831168,73328
2011-06-30,27.203298214831168,27.214805857875977,27.06911589020654,27.214614787320123,50000
2011-07-01,27.214614787320123,27.362440582274058,26.8984891938552,27.02382533151274,50000
2011-07-04,27.02382533151274,27.155990067296624,26.66944885498367,26.713773251210064,50000
2011-07-05,26.713773251210064,26.804080728284628,26.46600734855939,26.548629579012538,50000
2011-07-06,26.548629579012538,26.64518628199455,26.45677741615413,26.58688654841772,50000
2011-07-07,26.58688654841772,27.09930739722117,26.362724894568178,26.84370185102668,50000
2011-07-08,26.84370185102668,26.993438414682096,26.816720085675442,26.840902400346884,252305
2011-07-11,26.840902400346884,27.302338358370868,26.717875584852617,27.1367300849528,50000
2011-07-12,27.1367300849528,27.352388768980763,27.0341005499133,27.226785699487902,50000
2011-07-13,27.226785699487902,27.384332384282853,26.658034440691477,26.863439897569535,50000
2011-07-14,26.863439897569535,27.084185113770236,26.66532665975216,26.805550048886534,50000
2011-07-15,26.805550048886534,26.90675297705875,26.771835678828463,26.875485647315106,50000
2011-07-18,26.875485647315106,26.937476360308345,26.696668280102433,26.787959741510292,50000
2011-07-19,26.787959741510292,27.044096074859954,26.529884388326654,26.980405561130862,50000
2011-07-20,26.980405561130862,27.537086118887107,26.903307999349465,27.240290569539628,50000
2011-07-21,27.240290569539628,27.718859805916107,27.144488069386874,27.573246473018813,50000
2011-07-22,27.573246473018813,27.648792016402297,27.380010564524333,27.59513530028241,50000
2011-07-25,27.59513530028241,27.733533176177446,27.415829953313605,27.62052636905052,50000
2011-07-26,27.62052636905052,27.93598142289573,27.363621576993715,27.560549715948206,50000
2011-07-27,27.560549715948206,27.741859385345187,27.025038480321747,27.094489865168477,113249
2011-07-28,27.094489865168477,27.22751783171579,26.4451354568054,26.547125142029362,50000
2011-07-29,26.547125142029362,26.693304050159814,26.533176825449207,26.632395702658457,50000
2011-08-01,26.632395702658457,26.65313435182547,26.006923498351135,26.158582099183487,50000
2011-08-02,26.158582099183487,26.265457713987306,25.775574199143293,25.78665629954351,50000
2011-08-03,25.78665629954351,26.261695041019834,25.57623030398596,26.10224752157571,50000
2011-08-04,26.10224752157571,26.24332047480216,25.591401557097107,25.87241445258552,50000
2011-08-05,25.87241445258552,26.287605136064993,25.811431023579907,26.058156496965708,50000
2011-08-08,26.058156496965708,26.406629750470714,25.857836875863732,26.394390066703398,50773
2011-08-09,26.394390066703398,27.06890430258264,26.216766911666934,26.826224064408905,50000
2011-08-10,26.826224064408905,26.868938799628893,26.337528202156598,26.661130997216986,50000
2011-08-11,26.661130997216986,27.026037994668755,26.544086258524153,27.02519159421258,132134
2011-08-12,27.02519159421258,27.072522703935622,26.924123563817872,26.96981032383276,112707
2011-08-15,26.96981032383276,27.163878287329982,26.58774424528405,26.62701112766857,54637
2011-08-16,26.62701112766857,26.77539074364922,26.001006051792135,26.221802796459524,50000
2011-08-17,26.221802796459524,26.34089159762736,25.622583614290296,25.723209809141412,51588
2011-08-18,25.723209809141412,25.829894661938454,25.309937311417734,25.415149626824892,50000
2011-08-19,25.415149626824892,25.865769172363038,25.32653755021153,25.862361456301524,152016
2011-08-22,25.862361456301524,26.01968797659096,25.5844388919512,25.88686373138586,50000
2011-08-23,25.88686373138586,26.737937098969468,25.824404596972407,26.7260583141141,65655
2011-08-24,26.7260583141141,26.751391447855823,26.595603879132028,26.704182587603402,101867
2011-08-25,26.704182587603402,26.887016827992568,26.297942305582634,26.49508047984105,50000
2011-08-26,26.49508047984105,26.548852509258452,25.818526919946155,25.907659083418668,51815
2011-08-29,25.907659083418668,26.05687930411528,25.738515626912577,25.96208363651406,50000
2011-08-30,25.96208363651406,26.496213569423457,25.95557643545122,26.31234548386824,50000
2011-08-31,26.31234548386824,26.315158487290432,25.427630451431437,25.47608074074277,50000
2011-09-01,25.47608074074277,25.740422913970374,25.457636226915834,25.471153755547512,50000
2011-09-02,25.471153755547512,25.584852099897635,25.319950036191656,25.41445786126962,50000
2011-09-05,25.41445786126962,25.425332770961873,25.081496097344612,25.232757136330182,50671
2011-09-06,25.232757136330182,25.334326415598763,24.921447655622394,24.951598412767506,50000
2011-09-07,24.951598412767506,25.04032180393253,24.465334835270685,24.598566945870896,50000
2011-09-08,24.598566945870896,24.99240684005281,24.476081810250275,24.803152622195714,50000
2011-09-09,24.803152622195714,24.984935842643598,24.69935030344414,24.94270765694188,50000
2011-09-12,24.94270765694188,25.26735134474746,24.88462870101264,25.233152274253428,50253
2011-09-13,25.233152274253428,25.26756266865151,25.03014007561141,25.2539003350129,50000
2011-09-14,25.2539003350129,25.490136964906927,25.122931518745187,25.46943127037963,50000
2011-09-15,25.46943127037963,25.681526630888378,25.333898931388493,25.633177883063496,53616
2011-09-16,25.633177883063496,25.951473555707583,25.55838656940229,25.72948191905572,97811
2011-09-19,25.72948191905572,26.187756468159055,25.656029368226147,25.893533011474066,50000
2011-09-20,25.893533011474066,26.029889322391586,25.692383812158806,25.759946580450542,66761
2011-09-21,25.759946580450542,26.177211083386034,25.70212659737159,26.059762254508566,50000
2011-09-22,26.059762254508566,26.176878964087393,25.756910365300527,25.985801986635703,50000
2011-09-23,25.985801986635703,26.046912001067735,25.505263436523347,25.722350733316258,50000
2011-09-26,25.722350733316258,25.84811931990818,25.689577140574976,25.761645056198788,50000
2011-09-27,25.761645056198788,26.366305609532287,25.58193719989817,26.211506975338004,50000
2011-09-28,26.211506975338004,26.990671733535034,26.157571683555922,26.865530984939546,50000
2011-09-29,26.865530984939546,27.229460576886932,26.69749340013162,27.124115210863128,50000
2011-09-30,27.124115210863128,27.312512828604795,26.667323860623302,27.157505190387713,57772
2011-10-03,27.157505190387713,27.590315420938175,26.961798225684653,27.440825062610795,50000
2011-10-04,27.440825062610795,27.473368089552295,26.995532648735523,27.27522941327621,50000
2011-10-05,27.27522941327621,27.381399984490024,27.023831097185106,27.371385634789362,68271
2011-10-06,27.371385634789362,27.475599450524605,26.93184797240347,26.958791499462748,50000
2011-10-07,26.958791499462748,27.025557036635163,26.78575193509248,26.89804004804088,103946
2011-10-10,26.89804004804088,26.975941797354924,26.46969035603247,26.5368472437894,98220
2011-10-11,26.5368472437894,26.814858455474468,26.36507219246524,26.43530966594035,50000
2011-10-12,26.43530966594035,26.591788984189257,25.95397152341543,25.964193351739237,126713
2011-10-13,25.964193351739237,26.111757287123496,25.748942050883155,25.798276667954102,69453
2011-10-14,25.798276667954102,26.193645127872312,25.646960499281704,25.966144135414662,50000
2011-10-17,25.966144135414662,26.246164746511592,25.963915148821794,26.23174078837079,66243
2011-10-18,26.23174078837079,27.127393328703153,26.17851337625599,26.85212591611009,50000
2011-10-19,26.85212591611009,27.427324681759263,26.721224226452275,27.37951467431099,74859
2011-10-20,27.37951467431099,27.46896115929453,26.808059537109916,26.937087909535723,50000
2011-10-21,26.937087909535723,27.4132389704831,26.911106637468627,27.398703000752143,50000
2011-10-24,27.398703000752143,27.45590725974069,26.998659360857765,27.003557193489993,50000
2011-10-25,27.003557193489993,27.00441006135131,26.938565353116743,26.98730712769389,50000
2011-10-26,26.98730712769389,27.109254207922557,26.9844870754555,27.04275376854295,50000
2011-10-27,27.04275376854295,27.785264112330555,27.002448069282366,27.497238062521244,50000
2011-10-28,27.497238062521244,27.72412009286662,27.467708254980334,27.555555540334247,50000
2011-10-31,27.555555540334247,27.859354110765878,27.499122888459336,27.702361828114956,71237
2011-11-01,27.702361828114956,27.823375509348857,27.01449547051438,27.211767079665858,50000
2011-11-02,27.211767079665858,27.65651977563577,27.08292623344477,27.54884358170485,50000
2011-11-03,27.54884358170485,28.056968945371086,27.502734282388456,28.01590166216796,50000
2011-11-04,28.01590166216796,28.62249576817938,27.93352601516872,28.37745293830447,50000
2011-11-07,28.37745293830447,29.046252592192175,28.079786021387278,29.01384706417318,66862
2011-11-08,29.01384706417318,29.318197759830003,28.940616990819716,29.215744517331895,50000
2011-11-09,29.215744517331895,29.242969143564324,29.102295492071853,29.19403903524356,50000
2011-11-10,29.19403903524356,29.429682595539642,29.165250722258012,29.354286490134296,50000
2011-11-11,29.354286490134296,29.489591183913028,28.83148045720429,29.032301887925012,50000
2011-11-14,29.032301887925012,29.06805086036893,28.869300269857828,28.98818262538184,50000
2011-11-15,28.98818262538184,29.14273943239787,28.574816297894714,29.120574400107028,50000
2011-11-16,29.120574400107028,29.39516375578894,28.9818244249803,29.034538004474378,50000
2011-11-17,29.034538004474378,29.639495978020534,28.89977235999608,29.534973282213095,83463
2011-11-18,29.534973282213095,30.070356746346707,29.332509860378096,29.733678595416755,90866
2011-11-21,29.733678595416755,29.751772186637936,29.142939801068664,29.579007345176798,50000
2011-11-22,29.579007345176798,29.616712919836658,29.45952371889465,29.60487384507949,135564
2011-11-23,29.60487384507949,29.76009632616313,29.051944942931964,29.329987471402674,50000
2011-11-24,29.329987471402674,29.438802202694184,29.050388034125962,29.163952073568776,50000
2011-11-25,29.163952073568776,29.409438863874893,29.101572211477837,29.402973928919515,85555
2011-11-28,29.402973928919515,29.629576153190875,28.61312280037314,28.67334174112365,51976
2011-11-29,28.67334174112365,28.680247891657395,28.3812157106075,28.525917674300395,50000
2011-11-30,28.525917674300395,28.882919413060534,27.943299474594777,28.084216219412912,50000
2011-12-01,28.084216219412912,28.290255653511732,27.417957494386208,27.563967856999213,50000
2011-12-02,27.563967856999213,28.419688118937035,27.25770396860844,27.960926243228062,50000
2011-12-05,27.960926243228062,28.162042755923736,27.947272353446277,28.04830789089531,50000
2011-12-06,28.04830789089531,28.220236422382612,27.143743659483043,27.36648578643427,50000
2011-12-07,27.36648578643427,27.544471087053537,26.803715121624744,26.97997362965457,96352
2011-12-08,26.97997362965457,27.10382528286924,26.190073250438086,26.31161547767582,75402
2011-12-09,26.31161547767582,26.680343300819228,26.103288653811898,26.460697397010307,86249
2011-12-12,26.460697397010307,26.84144013825417,26.342036436531263,26.77309685718202,50000
2011-12-13,26.77309685718202,27.1405468970074,26.64687438868645,26.83934635823722,50000
2011-12-14,26.83934635823722,26.87468254696463,26.496207925959478,26.615449702801115,50000
2011-12-15,26.615449702801115,26.64271691342165,26.229874536924733,26.260231775737907,133574
2011-12-16,26.260231775737907,26.48624921462599,25.471085796225015,25.477594967934106,50000
2011-12-19,25.477594967934106,25.69655384812251,24.784213072698957,24.78558376027319,50000
2011-12-20,24.78558376027319,25.15886870886018,24.705251996815424,24.871980901494034,50000
2011-12-21,24.871980901494034,25.36546910603073,24.863238292438037,25.062203314250453,63133
2011-12-22,25.062203314250453,25.672745871833406,25.03995295108499,25.376404654033223,50000
2011-12-23,25.376404654033223,25.447390500953514,25.23569307373895,25.295257335979084,50000
2011-12-26,25.295257335979084,25.658290332676536,25.006632569890815,25.303419238516618,92671
2011-12-27,25.303419238516618,25.483163867000158,25.194092335961457,25.21188274612409,50000
2011-12-28,25.21188274612409,25.337839628625368,24.860691461012802,25.335283673077683,50000
2011-12-29,25.335283673077683,25.77713219621911,25.223116216029993,25.732560676148776,50000
2011-12-30,25.732560676148776,25.76888071339455,25.47076015297396,25.523529076611112,50000
2012-01-02,25.523529076611112,25.726012943898628,25.034777470015865,25.135226064539143,50000
2012-01-03,25.135226064539143,25.621313972404945,25.03434204684929,25.439724224608426,50000
2012-01-04,25.439724224608426,25.680627894402463,25.415379462636224,25.542116218954998,50000
2012-01-05,25.542116218954998,26.05719956746514,25.52344655311448,25.976049160182285,50000
2012-01-06,25.976049160182285,26.162538377801877,25.489251253992236,25.515006583351074,50000
2012-01-09,25.515006583351074,26.05842081720785,25.488663871637705,26.048198691341156,50000
2012-01-10,26.048198691341156,26.214789570696972,25.625953025821865,25.67975143203616,68411
2012-01-11,25.67975143203616,25.853879566150734,25.47999587854725,25.539657441425216,112273
2012-01-12,25.539657441425216,25.766379633340946,25.440417645062478,25.756423218157042,50000
2012-01-13,25.756423218157042,26.074873712303116,25.514246828905705,25.871041395095364,50000
2012-01-16,25.871041395095364,26.184719792981806,25.775098085483506,25.981620183190422,54676
2012-01-17,25.981620183190422,26.07123941211474,25.408781739579087,25.476707596681315,53063
2012-01-18,25.476707596681315,25.604994206635816,25.40195415305415,25.562323015157315,75424
2012-01-19,25.562323015157315,25.570141274794196,25.083420554905352,25.236462331622143,94208
2012-01-20,25.236462331622143,25.85767128036966,24.972369954944906,25.60957740168971,97225
2012-01-23,25.60957740168971,25.63819265332912,25.084944677578502,25.10798374194855,89900
2012-01-24,25.10798374194855,25.244604672684392,25.09360575441747,25.22271775923589,50000
2012-01-25,25.22271775923589,25.378040895367903,24.366044800664575,24.40897652806141,59596
2012-01-26,24.40897652806141,24.501827678656205,24.31120710503542,24.33608567583891,67998
2012-01-27,24.33608567583891,24.470381421177283,23.656540406225567,23.7984811540199,122037
2012-01-30,23.7984811540199,23.925644747285794,23.75004431220994,23.85352369448498,50000
2012-01-31,23.85352369448498,23.948476390934143,23.780185127447524,23.821195332191905,59808
2012-02-01,23.821195332191905,23.838006104268555,23.382716044493876,23.538125788544452,62033
2012-02-02,23.538125788544452,23.613269982293332,23.21761312273273,23.511306387632523,89370
2012-02-03,23.511306387632523,23.748442107280543,23.364760249126263,23.45390431667269,50000
2012-02-06,23.45390431667269,23.48170109662862,23.15830258344925,23.288990537340855,91803
2012-02-07,23.288990537340855,23.439921236110777,22.809949738103448,22.964474538230178,69815
2012-02-08,22.964474538230178,23.382184612063863,22.714308674023002,23.25713011315828,50000
2012-02-09,23.25713011315828,23.398828061211688,23.01014056059013,23.038785024129698,50000
2012-02-10,23.038785024129698,23.17459373148904,22.92845085989278,23.12590176389975,50000
2012-02-13,23.12590176389975,23.53326170517836,23.04877225986344,23.385962746410577,50000
2012-02-14,23.385962746410577,23.49842710451263,23.383947036643757,23.47033690413766,50000
2012-02-15,23.47033690413766,24.508900306209654,23.307379853601653,24.19791102739006,50000
2012-02-16,24.19791102739006,24.422301049247437,23.924736318869126,24.193717731619728,58203
2012-02-17,24.193717731619728,24.297245125919954,23.748977063747787,23.788176509335837,50000
2012-02-20,23.788176509335837,23.83437038019145,23.314704644369453,23.37812715795008,50000
2012-02-21,23.37812715795008,23.526103914324246,23.025253960723266,23.083202646654513,50000
2012-02-22,23.083202646654513,23.132413212662478,22.41814475992572,22.544862939843547,54524
2012-02-23,22.544862939843547,22.68836483991301,22.136093734234155,22.185031120268558,50000
2012-02-24,22.185031120268558,22.52795691719866,22.132992902391837,22.51720162401116,50000
2012-02-27,22.51720162401116,22.638717827464433,22.50141423379473,22.570755829485098,50000
2012-02-28,22.570755829485098,22.82905379322982,22.53046099850573,22.712679913804696,50000
2012-02-29,22.712679913804696,22.84063986752843,22.257846363036276,22.297175786241024,57963
2012-03-01,22.297175786241024,22.549631759509065,22.15153942220112,22.512256408058335,72103
2012-03-02,22.512256408058335,22.94678114330848,22.359263021557855,22.912309901949467,50000
2012-03-05,22.912309901949467,23.014632473165868,22.468556908986432,22.69544256735867,73836
2012-03-06,22.69544256735867,22.89973008252395,22.38485086001876,22.488343309439756,50000
2012-03-07,22.488343309439756,22.85852649183118,22.31970938780783,22.7079380801019,50000
2012-03-08,22.7079380801019,22.89211793807804,22.54777814972863,22.75614881184466,50000
2012-03-09,22.75614881184466,22.78706407047868,22.079647172806755,22.22468531907073,50000
2012-03-12,22.22468531907073,22.29139381439186,21.919113803291275,21.977762787453656,91177
2012-03-13,21.977762787453656,22.446794932975653,21.90351603315932,22.428404611742415,50000
2012-03-14,22.428404611742415,22.507855572438146,21.95837994261026,22.05451811824013,50000
2012-03-15,22.05451811824013,22.249101021112935,21.973333683590006,22.202205659943893,50000
2012-03-16,22.202205659943893,22.34404794856695,21.53186833787601,21.676152767217243,66764
2012-03-19,21.676152767217243,22.139187406999472,21.42686993229991,22.002898212736373,122382
2012-03-20,22.002898212736373,22.281816344608835,21.92585331735369,22.168044234084743,51381
2012-03-21,22.168044234084743,22.20514746234882,21.93384671336394,22.086722653892647,76484
2012-03-22,22.086722653892647,22.510034212765706,22.006967828940237,22.376300677880323,99945
2012-03-23,22.376300677880323,22.434147169237196,21.476578747436367,21.56257411335116,50000
2012-03-26,21.56257411335116,21.597757140980995,21.088141028520248,21.170004645177983,80241
2012-03-27,21.170004645177983,21.30998127854375,21.036377821471003,21.188417983984802,50000
2012-03-28,21.188417983984802,21.21059845228533,20.708406599510973,20.7339124244663,73849
2012-03-29,20.7339124244663,21.01994315585441,20.614561325376464,20.923252959508336,56004
2012-03-30,20.923252959508336,21.68848313560461,20.816614684500387,21.61197078422561,56094
2012-04-02,21.61197078422561,21.692375927810875,20.880540417704253,20.97159036341613,50000
2012-04-03,20.97159036341613,21.286723354223863,20.758169345759978,20.89211512226132,50000
2012-04-04,20.89211512226132,21.03510676822417,20.79162707069869,20.86932074722942,50000
2012-04-05,20.86932074722942,21.453076138979682,20.79257606940812,21.21704466170589,106744
2012-04-06,21.21704466170589,21.294658962083844,21.143355772873814,21.157659692099003,50000
2012-04-09,21.157659692099003,21.438702518353914,20.922164322555094,21.372393784907693,65901
2012-04-10,21.372393784907693,22.140940208662872,21.323351379608088,22.117515597183008,55110
2012-04-11,22.117515597183008,22.250376774365726,21.442582514997916,21.718285380441525,50000
2012-04-12,21.718285380441525,21.733039539233786,20.919871438280342,21.096028284417034,50000
2012-04-13,21.096028284417034,21.144751784915528,20.81911739416078,20.92488728618798,50000
2012-04-16,20.92488728618798,21.00256976693824,20.58160715243663,20.74936424746165,50000
2012-04-17,20.74936424746165,21.143808017993763,20.694709363993034,20.963770252653653,50175
2012-04-18,20.963770252653653,21.112531430178546,20.886227283559226,21.094314837531275,50000
2012-04-19,21.094314837531275,21.116088578700385,20.49800880117218,20.525921941228994,50000
2012-04-20,20.525921941228994,20.58320592248948,20.399204476908405,20.409723564678053,50000
2012-04-23,20.409723564678053,20.414842661665258,19.81237743096074,19.947145291589475,80622
2012-04-24,19.947145291589475,20.344974068532252,19.894220400162098,20.258988780157743,62220
2012-04-25,20.258988780157743,20.385191115514488,20.146267056386044,20.352535682285673,88315
2012-04-26,20.352535682285673,20.465532557199047,20.122577552604646,20.251817812472066,50000
2012-04-27,20.251817812472066,20.45630712861697,20.00204404815015,20.394904097616227,50000
2012-04-30,20.394904097616227,20.692003737995208,20.38748830212264,20.626370366384275,143169
2012-05-01,20.626370366384275,20.69275807931869,20.56246177017721,20.64090303440974,82545
2012-05-02,20.64090303440974,20.668559606358066,19.887413869993605,20.06144953070903,50000
2012-05-03,20.06144953070903,20.165690032074107,20.060955090719258,20.149228507582812,61099
2012-05-04,20.149228507582812,20.24057670957985,19.469187629646903,19.510611253413806,93556
2012-05-07,19.510611253413806,19.58396192971088,19.416713369289276,19.486696267054473,50000
2012-05-08,19.486696267054473,19.558443628701166,19.097149961398305,19.13814844788662,50000
2012-05-09,19.13814844788662,19.21273854429202,19.11653061593902,19.164576871986014,75600
2012-05-10,19.164576871986014,19.17406463578711,18.862753516750214,18.936810346879284,50000
2012-05-11,18.936810346879284,19.038956231734062,18.81431961754751,18.95436434905962,68944
2012-05-14,18.95436434905962,19.007095245613577,18.941437530832665,18.959291747733925,50000
2012-05-15,18.959291747733925,19.166398392514655,18.805994897687654,18.919578233456964,50000
2012-05-16,18.919578233456964,19.00486979789517,18.372856445960437,18.423423463200315,50000
2012-05-17,18.423423463200315,19.05062640883472,18.394162302228224,18.822604318877314,50000
2012-05-18,18.822604318877314,18.89195204329388,18.7052827588778,18.78674226274011,71283
2012-05-21,18.78674226274011,19.02285673891847,18.37165910191236,18.46468577435051,64488
2012-05-22,18.46468577435051,18.732048982302434,18.350151476597055,18.66440915190399,56064
2012-05-23,18.66440915190399,18.697787052675878,18.58440230603819,18.65015349497484,50000
2012-05-24,18.65015349497484,18.675634286754327,18.25868399553939,18.26323254052636,50000
2012-05-25,18.26323254052636,18.31364006919091,17.967881465630523,18.284058668252047,50000
2012-05-28,18.284058668252047,18.30731547094626,17.963985349726983,18.12892414517621,58957
2012-05-29,18.12892414517621,18.174991076237106,18.08457002534514,18.15922456789328,57867
2012-05-30,18.15922456789328,18.17997729117153,17.920740601658242,17.950008734925703,63782
2012-05-31,17.950008734925703,18.02474281793693,17.23507730682765,17.34249365123647,50000
2012-06-01,17.34249365123647,17.659391097180222,17.322938619179233,17.642720739329206,50000
2012-06-04,17.642720739329206,18.523319697985517,17.502666260900227,18.41310051016488,50000
2012-06-05,18.41310051016488,18.50846768195492,18.327348382611998,18.342443073834705,50000
2012-06-06,18.342443073834705,18.494822800434903,17.727472645030275,17.81899204280426,73981
2012-06-07,17.81899204280426,18.02987565885958,17.658508151714713,17.94581967510347,50000
2012-06-08,17.94581967510347,17.999273112186984,17.839928047217263,17.851427494884472,72778
2012-06-11,17.851427494884472,17.870257515442525,17.697562864042315,17.734715459944336,50000
2012-06-12,17.734715459944336,17.817560481277322,17.577562695012205,17.711299985779277,50000
2012-06-13,17.711299985779277,17.744600222873007,17.340113140177685,17.37004518619323,50000
2012-06-14,17.37004518619323,17.766975719081437,17.356459137691072,17.609269198246132,92360
2012-06-15,17.609269198246132,17.66633691194255,16.986193747415722,17.30567037302522,50000
2012-06-18,17.30567037302522,17.32915695851154,17.170792279715595,17.207110826485067,50000
2012-06-19,17.207110826485067,17.974325496583518,17.13015396609148,17.876616383624,50220
2012-06-20,17.876616383624,17.90001585127944,17.78852621985301,17.852690168822114,50000
2012-06-21,17.852690168822114,17.902426731245384,17.57032419070661,17.7861518835338,50000
2012-06-22,17.7861518835338,17.83900282399968,17.341251121960166,17.49168803225513,50000
2012-06-25,17.49168803225513,17.77745723128493,17.44530363594008,17.594620156715706,60552
2012-06-26,17.594620156715706,17.793075452929223,16.747445319112643,16.85622714046424,103482
2012-06-27,16.85622714046424,17.033459591043947,16.461384103069733,16.593160483529946,50000
2012-06-28,16.593160483529946,16.74610695771047,16.536060116441934,16.735898812600805,59004
2012-06-29,16.735898812600805,17.295828353385357,16.541690865392923,17.112253505819314,63550
2012-07-02,17.112253505819314,17.22474316644616,17.0326007590281,17.22065398085376,50000
2012-07-03,17.22065398085376,17.893692221601658,17.181529689385453,17.773181134738774,50000
2012-07-04,17.773181134738774,17.85877649375678,17.573177723661072,17.57810292728155,59913
2012-07-05,17.57810292728155,17.81226433714286,17.481951927849135,17.764889261583384,50000
2012-07-06,17.764889261583384,17.771286836838595,17.41421149408644,17.454676297660455,50000
2012-07-09,17.454676297660455,17.46579307982817,16.931646976365272,17.130398663183314,50000
2012-07-10,17.130398663183314,17.47213370665787,16.972947556754303,17.356489518455653,50000
2012-07-11,17.356489518455653,17.845043136611196,17.145560029628808,17.72625307726871,72670
2012-07-12,17.72625307726871,17.782306011041463,17.299082341952996,17.371724126938584,50000
2012-07-13,17.371724126938584,17.518916219353454,17.280352877520794,17.402208165202264,50000
2012-07-16,17.402208165202264,17.584991934901552,17.326843906669883,17.451363795516297,50000
2012-07-17,17.451363795516297,17.623158618017825,16.92071555278611,17.074645724474507,109776
2012-07-18,17.074645724474507,17.13344318168422,16.955700682649677,17.115492382232173,50000
2012-07-19,17.115492382232173,17.212650607476554,16.785628054657415,16.835079003314164,59735
2012-07-20,16.835079003314164,17.063908150066613,16.182827614173238,16.440311349789063,50000
2012-07-23,16.440311349789063,16.65475139749968,15.822028656438201,15.83299463341458,52998
2012-07-24,15.83299463341458,16.157837053506647,15.8118090877274,16.025399122108595,50000
2012-07-25,16.025399122108595,16.0649314957692,15.296464686065514,15.431556475205909,107031
2012-07-26,15.431556475205909,15.46657123823058,14.997511609984823,15.078085145580161,50000
2012-07-27,15.078085145580161,15.559404161568162,15.0453817280418,15.49839358042565,50000
2012-07-30,15.49839358042565,15.543734879332938,15.339993236201728,15.401858460429477,50000
2012-07-31,15.401858460429477,15.460042316409815,15.216754868873414,15.24310955385517,50000
2012-08-01,15.24310955385517,15.28058579930926,14.555225012505929,14.709110613717803,50000
2012-08-02,14.709110613717803,14.893065820930628,14.555306914974341,14.860643589907125,50000
2012-08-03,14.860643589907125,15.200338665093406,14.799612962028888,15.130395497640055,50000
2012-08-06,15.130395497640055,15.826309054127343,15.089858747704813,15.77783372027636,50000
2012-08-07,15.77783372027636,15.791593433829176,15.688103154312687,15.768081663511172,62945
2012-08-08,15.768081663511172,15.83113027206914,15.760384550650128,15.763476268621705,60066
2012-08-09,15.763476268621705,15.945266826443001,15.535826902306093,15.910022944243398,88443
2012-08-10,15.910022944243398,16.043286586414432,15.82368284581365,16.040950794870135,50000
2012-08-13,16.040950794870135,16.23353466524911,16.004139499153407,16.172480542703873,50000
2012-08-14,16.172480542703873,16.201016055935025,16.122530017305465,16.126097079656873,50000
2012-08-15,16.126097079656873,16.339062239421736,15.683063488110541,15.793245502359671,78711
2012-08-16,15.793245502359671,15.836378757856828,15.352155974996174,15.632334170193996,50163
2012-08-17,15.632334170193996,15.747871877961268,15.562902076004015,15.682505082808968,50000
2012-08-20,15.682505082808968,16.1575428232249,15.602830629270297,16.078602580253854,70118
2012-08-21,16.078602580253854,16.513377363026716,15.920366958964477,16.45040158470717,146186
2012-08-22,16.45040158470717,16.45326572063283,16.395268043516108,16.421484720668865,50000
2012-08-23,16.421484720668865,16.64962774087001,16.238224502413914,16.49247893747444,75563
2012-08-24,16.49247893747444,16.803180409789636,16.294805499410074,16.455267704226966,50000
2012-08-27,16.455267704226966,16.46904610049338,16.195002162969246,16.202089779260966,50000
2012-08-28,16.202089779260966,16.584759856164986,16.00658514899586,16.56571048647684,50000
2012-08-29,16.56571048647684,16.589058640119603,15.87584382512594,16.067478097883637,55106
2012-08-30,16.067478097883637,16.213524012640413,15.496799307876524,15.508107937049566,50000
2012-08-31,15.508107937049566,15.526943517469736,14.904768032218819,15.025769474306825,50000
2012-09-03,15.025769474306825,15.046207025636257,14.344041990726177,14.431285640405049,50000
2012-09-04,14.431285640405049,14.457425407376492,13.879299332265521,14.002489972887727,68564
2012-09-05,14.002489972887727,14.00578141008351,13.636341904774477,13.70390193521824,50000
2012-09-06,13.70390193521824,13.92028672554089,13.63703162092821,13.914646286488795,50000
2012-09-07,13.914646286488795,14.38268844479042,13.873016832477958,14.34965835912065,50000
2012-09-10,14.34965835912065,14.38983670629367,14.159279422368314,14.188991781257482,50000
2012-09-11,14.188991781257482,14.22373833324718,13.816654009092192,13.858202757859642,50000
2012-09-12,13.858202757859642,14.087069266446491,13.851071990033331,14.01609482673915,50000
2012-09-13,14.01609482673915,14.29353868198331,13.908249434898547,14.182642885229031,50000
2012-09-14,14.182642885229031,14.29949148008074,14.17850280075926,14.271715770542707,85131
2012-09-17,14.271715770542707,14.30985337572283,14.11146525231986,14.133308384808274,50000
2012-09-18,14.133308384808274,14.277352162275742,14.123530386381368,14.247328369971086,50000
2012-09-19,14.247328369971086,14.340806698027752,14.175775957099965,14.294134589880448,50000
2012-09-20,14.294134589880448,14.637772830657472,14.270925078610055,14.617170163857043,50000
2012-09-21,14.617170163857043,14.815275853299172,14.422701272730933,14.49687758851477,50000
2012-09-24,14.49687758851477,14.91087524711449,14.377001407892308,14.838852334967658,53334
2012-09-25,14.838852334967658,14.852907811711761,14.508180625581685,14.5745612756337,78968
2012-09-26,14.5745612756337,14.57990630809373,14.352825553395073,14.382274010405128,106285
2012-09-27,14.382274010405128,14.389496409637013,14.171836754577996,14.20313926867911,50000
2012-09-28,14.20313926867911,14.314608395747674,13.670566706392478,13.70387666969368,50000
2012-10-01,13.70387666969368,13.867067929807163,13.292708340611943,13.41135219765693,50000
2012-10-02,13.41135219765693,13.452612307808673,13.307351879535974,13.336620258083938,50000
2012-10-03,13.336620258083938,13.418308765310226,12.94449678298026,13.021567591119686,62246
2012-10-04,13.021567591119686,13.083959665180394,12.778744404220008,12.781984168564922,50000
2012-10-05,12.781984168564922,12.961349001923304,12.762103996513224,12.798467486963242,50000
2012-10-08,12.798467486963242,12.993454887933206,12.789377247071503,12.977379005805854,50000
2012-10-09,12.977379005805854,12.982348370300535,12.591140272156686,12.655612952748625,50000
2012-10-10,12.655612952748625,12.793345510616732,12.040695058121113,12.108377992780536,71883
2012-10-11,12.108377992780536,12.17923198008049,12.090528703186022,12.124206760078726,102853
2012-10-12,12.124206760078726,12.292255233306028,12.092682015987595,12.233974555588329,87391
2012-10-15,12.233974555588329,12.37488258538304,12.129020379959604,12.165781872078524,50000
2012-10-16,12.165781872078524,12.603017727668066,12.049148643762756,12.441522449311334,50000
2012-10-17,12.441522449311334,12.463608974600424,12.227213477951436,12.26509353956621,50000
2012-10-18,12.26509353956621,12.325683058861566,11.880880160080102,11.94119372290489,50000
2012-10-19,11.94119372290489,12.250970171553506,11.92431438339505,12.18358145826902,74203
2012-10-22,12.18358145826902,12.20329817270087,11.963256231046797,12.01638759935679,50000
2012-10-23,12.01638759935679,12.402654396900626,11.934440338396938,12.387319297146819,50000
2012-10-24,12.387319297146819,12.804177018034222,12.338366200942248,12.683120696842355,50000
2012-10-25,12.683120696842355,13.014833488509563,12.606424747656423,12.936118695821804,50000
2012-10-26,12.936118695821804,12.946598337849943,12.770643359925824,12.869497730963662,131507
2012-10-29,12.869497730963662,13.082847995697954,12.77387125707298,13.074178508487176,50000
2012-10-30,13.074178508487176,13.312792223984335,12.910042954712628,13.22188103401642,60163
2012-10-31,13.22188103401642,13.309786392467775,12.785797836704514,12.946224560033405,57033
2012-11-01,12.946224560033405,13.01440429854049,12.362529537844784,12.373860543951851,50000
2012-11-02,12.373860543951851,12.415686012651696,12.08140156411327,12.160556775853578,50000
2012-11-05,12.160556775853578,12.720809970597774,12.028328667649447,12.615181519791891,50000
2012-11-06,12.615181519791891,12.72664011593039,12.157178988559846,12.32921806439285,50000
2012-11-07,12.32921806439285,12.364156308072182,12.085899110288876,12.130338061533156,52156
2012-11-08,12.130338061533156,12.204958601932503,12.026965380505127,12.054410751953927,50000
2012-11-09,12.054410751953927,12.360597867082344,11.988531882107882,12.231991568827734,50000
2012-11-12,12.231991568827734,13.007390360966692,12.136324598234122,12.951924933573508,50000
2012-11-13,12.951924933573508,13.38303843603236,12.852014415878264,13.20551501924472,50000
2012-11-14,13.20551501924472,13.224993419060866,13.062932541772252,13.10254022691881,50000
2012-11-15,13.10254022691881,13.12438462286608,12.957643590127809,13.032258589302195,183957
2012-11-16,13.032258589302195,13.037225522456543,12.851680316071109,12.85384508068662,90386
2012-11-19,12.85384508068662,12.964598187034646,12.817149045540262,12.892382289539936,50000
2012-11-20,12.892382289539936,12.924810848148057,12.489822153162505,12.565505763113713,84819
2012-11-21,12.565505763113713,13.430714624686274,12.539743583844347,13.337597904063227,80880
2012-11-22,13.337597904063227,13.863138623164136,13.156912029443847,13.813458952983508,50000
2012-11-23,13.813458952983508,13.91791455870117,13.724714295577597,13.800021595393842,50000
2012-11-26,13.800021595393842,13.951405571668998,13.752620088178233,13.822886685958098,50000
2012-11-27,13.822886685958098,13.879037157898283,13.648228366299756,13.724309516886938,50000
2012-11-28,13.724309516886938,14.343217907737664,13.595844168600438,14.17531941348667,50000
2012-11-29,14.17531941348667,14.248793333771072,14.171146950467378,14.212688045800968,50000
2012-11-30,14.212688045800968,14.59544522749269,14.207449287272151,14.56977759726356,69816
2012-12-03,14.56977759726356,15.163568557183456,14.533248887378432,15.13927185795995,50000
2012-12-04,15.13927185795995,15.435930502863036,15.04582046338404,15.331990674076858,65948
2012-12-05,15.331990674076858,15.775712179160042,15.239576135681158,15.634476591596856,53607
2012-12-06,15.634476591596856,15.917300152941511,15.622329227388056,15.81446635232434,102740
2012-12-07,15.81446635232434,16.00431748122791,15.532184876913325,15.575694461900516,52541
2012-12-10,15.575694461900516,15.905572427490666,15.459096554416394,15.832484798544138,58211
2012-12-11,15.832484798544138,15.967169015466501,15.576135274499348,15.586846153913084,50000
2012-12-12,15.586846153913084,15.699116562198757,15.14405577014461,15.239743183953987,59117
2012-12-13,15.239743183953987,15.67593780374977,15.035746877137727,15.563617613132198,50000
2012-12-14,15.563617613132198,16.127671456422263,15.485829640948495,15.998697571064818,50000
2012-12-17,15.998697571064818,16.389374478030327,15.950274921078629,16.33266037573588,50000
2012-12-18,16.33266037573588,16.436752757624486,16.222559022287243,16.38879981876548,50000
2012-12-19,16.38879981876548,16.955391888794804,16.332247217722617,16.85233591055058,54038
2012-12-20,16.85233591055058,16.853810513069547,16.76628911838478,16.817264056487435,50000
2012-12-21,16.817264056487435,16.883296851382028,16.50064936578599,16.687684154434336,50000
2012-12-24,16.687684154434336,16.775669412278386,16.680747006691497,16.753462091943906,50000
2012-12-25,16.753462091943906,16.832541632461474,16.505152550167576,16.60123467650081,79006
2012-12-26,16.60123467650081,16.788038909587705,16.369850951932094,16.43128760529064,50000
2012-12-27,16.43128760529064,16.483887827443763,16.20724329486293,16.356540800350054,50000
2012-12-28,16.356540800350054,16.452484240221363,16.212188428535015,16.38340571594144,50000
2012-12-31,16.38340571594144,16.473938656460525,16.238195957026914,16.373955968424323,50000
2013-01-01,16.373955968424323,17.218509510432927,16.361539714066087,17.065367076395997,81436
2013-01-02,17.065367076395997,17.33393152746747,17.04715531675085,17.24731325568275,50000
2013-01-03,17.24731325568275,17.39608894976019,17.2194877449944,17.345776182149248,50000
2013-01-04,17.345776182149248,17.422801567508383,17.217482725614374,17.27412267700908,89479
2013-01-07,17.27412267700908,17.442305332031836,17.176015327986093,17.19267620914564,71716
2013-01-08,17.19267620914564,17.19827265346819,16.543734786527107,16.649165972235636,50000
2013-01-09,16.649165972235636,16.68910506164956,16.52540114946868,16.6682252594122,94962
2013-01-10,16.6682252594122,16.76513267770384,16.423842576750804,16.55314050230051,50000
2013-01-11,16.55314050230051,16.873786126221045,16.536090089067375,16.813519267341103,50000
2013-01-14,16.813519267341103,16.995728497955295,16.398674840011854,16.44034719183073,50000
2013-01-15,16.44034719183073,16.510382351904187,16.326630158640068,16.493495940209222,60360
2013-01-16,16.493495940209222,16.623788049382622,16.442775178546626,16.542884820909865,50000
2013-01-17,16.542884820909865,16.69074473246973,16.15559923258208,16.218462932828043,50000
2013-01-18,16.218462932828043,16.974609648472104,16.18861794898107,16.648148718925277,50000
2013-01-21,16.648148718925277,17.199603078310027,16.53851508528811,17.039300275802926,50000
2013-01-22,17.039300275802926,17.591630847297036,16.990981969634962,17.431073127098752,50000
2013-01-23,17.431073127098752,17.81768529688049,17.37425825735953,17.772297391445154,50000
2013-01-24,17.772297391445154,18.11208626515871,17.77149373261544,18.053197341492947,50000
2013-01-25,18.053197341492947,18.111261415572365,17.491337011577514,17.50046694409489,50000
2013-01-28,17.50046694409489,17.622593277196373,17.498617824696243,17.54494546501955,61902
2013-01-29,17.54494546501955,18.065251268877546,17.46119302182622,17.865986562709168,50000
2013-01-30,17.865986562709168,17.95527917859766,17.740908210285,17.784514254504366,50000
2013-01-31,17.784514254504366,18.076045605382166,17.660199502486062,18.01506156382699,50000
2013-02-01,18.01506156382699,18.53700133568878,17.87438122968302,18.524683017508764,52174
2013-02-04,18.524683017508764,18.622256868524055,18.414818039972925,18.425103051399116,50000
2013-02-05,18.425103051399116,18.466261013377586,17.980973905068886,18.03657582632063,50000
2013-02-06,18.03657582632063,18.248874291293767,17.982343730301878,18.062278784789314,140695
2013-02-07,18.062278784789314,18.18923665644947,17.72780073178763,17.841810223760834,50000
2013-02-08,17.841810223760834,17.85616904651805,17.5665995663573,17.6079776547506,76785
2013-02-11,17.6079776547506,17.66149227608351,17.15496043644881,17.316154756089368,50000
2013-02-12,17.316154756089368,17.354857463236673,17.225533787221238,17.24609085569306,50000
2013-02-13,17.24609085569306,17.318934462372614,17.11276161114995,17.14769473095784,50000
2013-02-14,17.14769473095784,17.31339086319603,16.69125908324371,16.74928638425976,50000
2013-02-15,16.74928638425976,16.850931781366608,16.636361718707573,16.808621062344596,50000
2013-02-18,16.808621062344596,16.87254311323265,16.729822414940028,16.83240239232782,50000
2013-02-19,16.83240239232782,16.86199064672797,16.707408529177695,16.75936704831004,193862
2013-02-20,16.75936704831004,16.99911868260832,16.70453958641846,16.788126020394508,68850
2013-02-21,16.788126020394508,16.91317744913919,16.449366143289335,16.640232537198123,50000
2013-02-22,16.640232537198123,16.642873381330215,16.27223843303319,16.305563655273847,50000
2013-02-25,16.305563655273847,16.531468633016722,16.167230325192833,16.457923124958064,59692
2013-02-26,16.457923124958064,16.56664580027283,16.004934404748557,16.223309879841164,50000
2013-02-27,16.223309879841164,16.31118158428995,15.55586131847444,15.563617330001534,50000
2013-02-28,15.563617330001534,15.56581030773629,15.248129214697682,15.28243064202042,50000
2013-03-01,15.28243064202042,15.291728218071642,15.01857414929271,15.11155041836743,101837
2013-03-04,15.11155041836743,15.167424394189094,14.973588108311528,15.043460679068597,50000
2013-03-05,15.043460679068597,15.19611728118205,14.90876344670977,15.04421263736399,86888
2013-03-06,15.04421263736399,15.050721924737912,14.705728402035286,14.7193732217266,57908
2013-03-07,14.7193732217266,14.727313479649977,14.153019666632655,14.23380288848526,61294
2013-03-08,14.23380288848526,14.246660419899962,14.092275225067608,14.17946215779679,50000
2013-03-11,14.17946215779679,14.558139464214456,14.045927083989472,14.554326037568813,50000
2013-03-12,14.554326037568813,14.578936650068163,14.132762402095326,14.177234679456731,50000
2013-03-13,14.177234679456731,14.300710031446856,13.718480980389739,13.783603155990335,50000
2013-03-14,13.783603155990335,13.844575546618609,13.57997375297198,13.6435136702318,50000
2013-03-15,13.6435136702318,13.660794963873055,13.579233479558168,13.583710417440269,50000
2013-03-18,13.583710417440269,13.592862507823867,13.348065110599448,13.381829374920672,96549
2013-03-19,13.381829374920672,13.833699322305648,13.273110508005558,13.78379444932173,53235
2013-03-20,13.78379444932173,14.071125698850976,13.77620416856962,14.068744203896554,50000
2013-03-21,14.068744203896554,14.150598383234849,13.683279028327386,13.875079872639112,50000
2013-03-22,13.875079872639112,14.240780354725288,13.799371334164368,14.202167083320942,50000
2013-03-25,14.202167083320942,14.279357506819988,13.75549787177169,13.899208727199753,91291
2013-03-26,13.899208727199753,14.256860919123458,13.838137325672955,14.171426158806717,50000
2013-03-27,14.171426158806717,14.443374169534582,14.007913907238226,14.263708871517078,50000
2013-03-28,14.263708871517078,14.33371909046322,14.074629208473304,14.155481627073573,50000
2013-03-29,14.155481627073573,14.351097583877154,14.14162875633882,14.327586756366763,50000
2013-04-01,14.327586756366763,15.113768823746053,14.272423392633925,15.06272887933341,50000
2013-04-02,15.06272887933341,15.451960443460878,14.976652416699268,15.41162291852246,50000
2013-04-03,15.41162291852246,15.471652508362016,15.253738621634023,15.324594107249741,50000
2013-04-04,15.324594107249741,15.677170060848338,15.299483585653233,15.646677928464666,50000
2013-04-05,15.646677928464666,15.817694575470979,15.52346422597612,15.771014997748962,50000
2013-04-08,15.771014997748962,15.780491683503028,15.65930889159292,15.762779561066464,50000
2013-04-09,15.762779561066464,15.813207585544585,15.59886279844759,15.657577240224668,73600
2013-04-10,15.657577240224668,15.723798803847851,15.59427634436473,15.615310386559866,50000
2013-04-11,15.615310386559866,15.639010642816324,15.560719211661464,15.563146425465126,73222
2013-04-12,15.563146425465126,15.704487845959898,15.539222408868916,15.682277278872123,63015
2013-04-15,15.682277278872123,15.928847716133204,15.656075176090098,15.897338868566903,50000
2013-04-16,15.897338868566903,15.986076874311113,15.839043779504802,15.949891626194379,50000
2013-04-17,15.949891626194379,15.991602809773452,15.525035497013778,15.623898065879954,50000
2013-04-18,15.623898065879954,15.977554431397104,15.556009514190164,15.783308030397587,50000
2013-04-19,15.783308030397587,15.883584662251463,15.270865872076499,15.317435283302386,141074
2013-04-22,15.317435283302386,15.375491616800252,14.724715129336877,14.806064462590065,53579
2013-04-23,14.806064462590065,15.146460797937529,14.772699413954339,15.034484635176407,50000
2013-04-24,15.034484635176407,15.294177669160465,14.936143120071128,15.197934645761023,92078
2013-04-25,15.197934645761023,15.368201693326737,14.944594159752985,15.085001079866453,105520
2013-04-26,15.085001079866453,15.140513777918228,14.915258803398173,14.992127490206894,184908
2013-04-29,14.992127490206894,15.134839574837597,14.70794445453848,14.784527868762341,50000
2013-04-30,14.784527868762341,15.14373138309724,14.760070475824515,15.073762428384278,51669
2013-05-01,15.073762428384278,15.16469197033972,14.893095416424,14.987551923398366,85138
2013-05-02,14.987551923398366,15.415707461633435,14.954334980958356,15.271648661371486,50000
2013-05-03,15.271648661371486,15.286156195852357,15.16793067132174,15.232866746100413,67622
2013-05-06,15.232866746100413,15.237304433871413,14.614393414308768,14.725509449178718,50000
2013-05-07,14.725509449178718,14.914101824815406,14.646647432040234,14.865679369844974,50000
2013-05-08,14.865679369844974,15.408810676056344,14.776062423867117,15.355906542504234,50000
2013-05-09,15.355906542504234,15.36257451998164,15.042625365514771,15.176005811091732,58072
2013-05-10,15.176005811091732,15.218904215200535,14.777083039417944,14.783121989848189,50000
2013-05-13,14.783121989848189,14.827864659682932,14.514644086243651,14.690694188523608,50000
2013-05-14,14.690694188523608,14.812703150053112,14.582447950298523,14.678726974856248,50000
2013-05-15,14.678726974856248,14.926079991159558,14.589440810114995,14.910381602940408,50000
2013-05-16,14.910381602940408,15.043315245713542,14.742772930401513,14.761096952472338,50496
2013-05-17,14.761096952472338,14.87975566904892,14.70441381937845,14.743489944891694,50000
2013-05-20,14.743489944891694,14.847205495730828,14.640452476975494,14.824959524945442,50000
2013-05-21,14.824959524945442,14.900655554226928,14.697093321449643,14.895570807686966,86401
2013-05-22,14.895570807686966,15.021312956566579,14.445959351900713,14.497254048635064,93796
2013-05-23,14.497254048635064,14.569615386277073,14.122939894998211,14.165587918423412,50000
2013-05-24,14.165587918423412,14.227863101004182,13.672338968070754,13.77903765398153,64833
2013-05-27,13.77903765398153,14.19552791255704,13.655596181091559,13.943732293883965,50000
2013-05-28,13.943732293883965,14.115690585285211,13.539539501402974,13.641216242357542,50000
2013-05-29,13.641216242357542,13.70110966355599,13.275286607721215,13.31148990174578,56197
2013-05-30,13.31148990174578,13.361776024479594,12.958760956063513,13.029782626663865,50000
2013-05-31,13.029782626663865,13.081865795920285,12.730421597885805,12.754278530012565,50000
2013-06-03,12.754278530012565,12.80303705544515,12.749079690649575,12.779139110122253,68350
2013-06-04,12.779139110122253,12.878670135684551,12.758904180608047,12.809580007459513,50000
2013-06-05,12.809580007459513,12.920930800051028,12.538689516734456,12.672666686010166,50000
2013-06-06,12.672666686010166,12.69189607760632,12.448792392578635,12.45620096212996,50000
2013-06-07,12.45620096212996,12.75804654413587,12.441604915446048,12.6993407233551,66690
2013-06-10,12.6993407233551,12.700658156896313,12.489426586841502,12.507280111909258,86732
2013-06-11,12.507280111909258,12.509460784021377,12.37291125995775,12.418510586834357,57793
2013-06-12,12.418510586834357,12.453142469762756,12.387315731413834,12.427718900598203,50000
2013-06-13,12.427718900598203,12.446672871999015,12.2380431479705,12.298364092105437,50000
2013-06-14,12.298364092105437,12.40030261160572,12.152603984617603,12.38026991645797,50000
2013-06-17,12.38026991645797,12.40945608708008,12.289417839536664,12.308733799124523,69391
2013-06-18,12.308733799124523,12.311789819774226,11.94154031964016,12.0228782126973,50000
2013-06-19,12.0228782126973,12.532585859175702,12.001576323165695,12.511417664427118,50000
2013-06-20,12.511417664427118,12.551098629645258,12.341525595433815,12.368346975165753,51389
2013-06-21,12.368346975165753,13.000617549381285,12.329722673449005,12.94648963457466,78316
2013-06-24,12.94648963457466,13.004671238402246,12.835353651111323,12.870561782891683,50000
2013-06-25,12.870561782891683,12.9393307199732,12.242234986412507,12.33103358252452,50000
2013-06-26,12.33103358252452,12.375122290306416,12.01920898384128,12.16338577238752,85975
2013-06-27,12.16338577238752,12.265989908399595,11.899526655158992,11.912407815493212,50000
2013-06-28,11.912407815493212,12.08116529790723,11.876690677814521,12.00010394039293,66399
2013-07-01,12.00010394039293,12.053813675591805,11.639335986925529,11.701408001329153,54264
2013-07-02,11.701408001329153,12.146962629304383,11.670736300425299,12.124212208116374,50467
2013-07-03,12.124212208116374,12.148996761790077,11.762498352726514,11.827329041170321,50000
2013-07-04,11.827329041170321,11.891570979475118,11.749296248161716,11.827828981480698,57992
2013-07-05,11.827828981480698,12.10943139766929,11.745382930133713,12.027034703212234,50000
2013-07-08,12.027034703212234,12.568451049539197,12.017432865167283,12.562400610802484,50000
2013-07-09,12.562400610802484,12.747373419792524,12.407377442889691,12.704489279412163,50000
2013-07-10,12.704489279412163,13.135252147065692,12.687453910946543,13.001128944736015,50000
2013-07-11,13.001128944736015,13.016974134225505,12.699851373904856,12.798399791694703,50000
2013-07-12,12.798399791694703,12.86781098380575,12.729122359950537,12.834474247457193,50000
2013-07-15,12.834474247457193,13.032480987145048,12.378264692489674,12.465787580863266,60756
2013-07-16,12.465787580863266,12.508405562895456,12.171346935730218,12.210730922626068,57699
2013-07-17,12.210730922626068,12.284006005506273,11.71484190267265,11.803209692772766,50000
2013-07-18,11.803209692772766,11.82470033346635,11.264390140156923,11.39656181740039,50000
2013-07-19,11.39656181740039,11.914285612745097,11.280996539817128,11.773902476262844,50000
2013-07-22,11.773902476262844,11.78202934814417,11.395992097093966,11.510086497062495,50000
2013-07-23,11.510086497062495,11.549001277230575,11.224978642835328,11.259596964797575,50000
2013-07-24,11.259596964797575,11.459196197981097,11.22280256931924,11.368413356552875,50941
2013-07-25,11.368413356552875,11.380229025859958,11.302244085392173,11.336897914643385,66939
2013-07-26,11.336897914643385,11.34656593379971,10.915784183753962,10.985030896323527,50000
2013-07-29,10.985030896323527,11.153721822504256,10.984381114766853,11.007161758327404,50000
2013-07-30,11.007161758327404,11.360423234207095,10.95472828501766,11.337444597861515,93702
2013-07-31,11.337444597861515,12.120633826058835,11.328696764376575,12.079556432135195,50000
2013-08-01,12.079556432135195,12.224665709165,12.01056558442264,12.18944605337902,50000
2013-08-02,12.18944605337902,12.376298499589712,12.150845604962155,12.34357240418116,116200
2013-08-05,12.34357240418116,12.417276806718814,12.2116360022729,12.22145142303004,50000
2013-08-06,12.22145142303004,12.241886190668158,12.13491347197218,12.165924058855284,114714
2013-08-07,12.165924058855284,12.359053022284675,12.084416856180857,12.329921854583795,50000
2013-08-08,12.329921854583795,12.535596766126035,12.21875536367538,12.519460053505345,50000
2013-08-09,12.519460053505345,12.62347796994462,12.219318676438963,12.25044423143454,58252
2013-08-12,12.25044423143454,12.416797823966116,12.203546660367921,12.396598800868293,142542
2013-08-13,12.396598800868293,12.410620200586994,12.182816367474434,12.223386535846997,50000
2013-08-14,12.223386535846997,12.492395986604093,12.174836325251139,12.411336977446284,50000
2013-08-15,12.411336977446284,12.48246982246164,12.399264615886802,12.402310710548127,50000
2013-08-16,12.402310710548127,12.471227639605406,12.369799091891675,12.444600880948062,50000
2013-08-19,12.444600880948062,12.550171093493475,12.11102134631419,12.153426814125808,50000
2013-08-20,12.153426814125808,12.19331898988678,11.720077614169556,11.836069699726544,50103
2013-08-21,11.836069699726544,12.02933521266814,11.797371147960853,12.014227930634988,50000
2013-08-22,12.014227930634988,12.135695356824066,11.185291774823593,11.203630671281713,55279
2013-08-23,11.203630671281713,11.21252282256179,10.596001153034287,10.621463855658519,50000
2013-08-26,10.621463855658519,10.716023976436786,10.540172364485146,10.674593717749277,50000
2013-08-27,10.674593717749277,11.149974126926738,10.596649089892779,11.026908958462986,50000
2013-08-28,11.026908958462986,11.112450188194437,10.381054487065084,10.57794159704545,133677
2013-08-29,10.57794159704545,10.592217444684781,10.209100431968672,10.22887084410783,50000
2013-08-30,10.22887084410783,10.605358462336822,10.207414476786397,10.552268842760089,112260
2013-09-02,10.552268842760089,10.661740518677297,10.07710846310949,10.155693267112694,50000
2013-09-03,10.155693267112694,10.973355886323093,10.140419966602735,10.83058187266041,50000
2013-09-04,10.83058187266041,10.840424842762296,10.787905645365429,10.816082166157729,50000
2013-09-05,10.816082166157729,10.938704491540006,10.72140054542146,10.865170649122383,50000
2013-09-06,10.865170649122383,11.29391391069554,10.802051104878341,11.236082525860771,50000
2013-09-09,11.236082525860771,11.51259911852254,11.133460605202924,11.375372628282348,57223
2013-09-10,11.375372628282348,11.452036179071587,11.163131452599057,11.209636251221212,50000
2013-09-11,11.209636251221212,11.262580265703592,11.013537519682327,11.10737359336919,208541
2013-09-12,11.10737359336919,11.284179797727484,11.08931722388239,11.122623202997023,50000
2013-09-13,11.122623202997023,11.206061558237579,10.916472446183613,10.96693179431483,64295
2013-09-16,10.96693179431483,11.039702758312949,10.794215729314397,10.806772106758197,71071
2013-09-17,10.806772106758197,10.850639298166485,10.780711612442934,10.844638948361924,50000
2013-09-18,10.844638948361924,10.929638144251067,10.765325237277978,10.913783430393815,50000
2013-09-19,10.913783430393815,11.184684867808018,10.895336817391941,11.136102933483421,50000
2013-09-20,11.136102933483421,11.222887401893233,11.006625737465448,11.06134401468644,50845
2013-09-23,11.06134401468644,11.132750210953597,10.715332692892474,10.82669435824321,50000
2013-09-24,10.82669435824321,10.870731795724785,10.667026626474458,10.726771851669701,50000
2013-09-25,10.726771851669701,10.865073916990237,10.69355512686394,10.735929739024282,50000
2013-09-26,10.735929739024282,10.799829754969007,10.357572021357544,10.365617270801087,55651
2013-09-27,10.365617270801087,10.467943652866992,10.02357794783308,10.034803861268093,50000
2013-09-30,10.034803861268093,10.050793381804764,9.984102694671286,10.030395649768366,50000
2013-10-01,10.030395649768366,10.131554628544105,9.960900889469345,10.066235209696769,50000
2013-10-02,10.066235209696769,10.094812021375928,9.141761586666806,9.189230985258106,89941
2013-10-03,9.189230985258106,9.431996141783646,9.04930467337563,9.428604823717396,86187
2013-10-04,9.428604823717396,9.568139966202525,9.42440339672333,9.560796340790354,50000
2013-10-07,9.560796340790354,9.573614692114571,9.27549012360877,9.34611866197934,50000
2013-10-08,9.34611866197934,9.396026163108012,9.33055406290791,9.389276739363034,50000
2013-10-09,9.389276739363034,9.68377311507671,9.386085078562276,9.649360110004706,50000
2013-10-10,9.649360110004706,9.909595976428372,9.636344526112563,9.889073645948944,66736
2013-10-11,9.889073645948944,10.066132909101112,9.864641362227374,10.00337831305522,50000
2013-10-14,10.00337831305522,10.142565685279369,9.489039351904305,9.504785559292884,50000
2013-10-15,9.504785559292884,9.769844210644989,9.490189125997269,9.644069875248018,50000
2013-10-16,9.644069875248018,9.673263274423558,9.123865333913551,9.154578506227287,79829
2013-10-17,9.154578506227287,9.19245999771183,8.84275107395022,8.89402332373737,51367
2013-10-18,8.89402332373737,9.099638535529042,8.80348489883185,9.084588286435151,207841
2013-10-21,9.084588286435151,9.532942979594674,8.965966595662183,9.455531322198892,50000
2013-10-22,9.455531322198892,9.675067334570125,9.351805563575189,9.645550210065664,50000
2013-10-23,9.645550210065664,10.038776029530526,9.548754471875856,10.023645621246407,50000
2013-10-24,10.023645621246407,10.18977156659808,10.013600927521985,10.160264101532512,50000
2013-10-25,10.160264101532512,10.779384620564095,10.050700370466904,10.684973309208923,58364
2013-10-28,10.684973309208923,10.992101903522967,10.587324206859037,10.919168187424317,50000
2013-10-29,10.919168187424317,10.980853963873722,10.750825468296798,10.845063422322749,50000
2013-10-30,10.845063422322749,11.212791818293603,10.7883968861825,11.138743584752554,50000
2013-10-31,11.138743584752554,11.310510393308363,11.115415681114346,11.227803318522827,140980
2013-11-01,11.227803318522827,11.292771505654665,10.99961688416131,11.12750586207112,50000
2013-11-04,11.12750586207112,11.155078436503677,11.06867615786513,11.14437378282057,50000
2013-11-05,11.14437378282057,11.512981645182787,11.087931328120046,11.413746443014658,59399
2013-11-06,11.413746443014658,11.661304161902143,11.356371629460478,11.644176672519889,50000
2013-11-07,11.644176672519889,11.655386670025823,11.410128028698349,11.544300318802893,83636
2013-11-08,11.544300318802893,11.97661344758221,11.465043698782377,11.818349865609616,50000
2013-11-11,11.818349865609616,11.906992307449789,11.742166032261727,11.809960810530319,120612
2013-11-12,11.809960810530319,11.891228380259639,11.56672125405166,11.604454279090218,79955
2013-11-13,11.604454279090218,11.804980443079655,11.527222307139473,11.706781031787147,57902
2013-11-14,11.706781031787147,11.972885505004204,11.599579641330056,11.89190522429296,50000
2013-11-15,11.89190522429296,11.961664418157207,11.298693459435741,11.307133131985458,50000
2013-11-18,11.307133131985458,11.48320457667339,11.306801894640783,11.40146743844114,72618
2013-11-19,11.40146743844114,11.41670370577865,11.019160324961588,11.209554834379245,50000
2013-11-20,11.209554834379245,11.309795311020167,10.721349331670195,10.749579687698885,61233
2013-11-21,10.749579687698885,10.7502537646474,10.597324422803876,10.617473412455377,50000
2013-11-22,10.617473412455377,10.705688148831712,10.063849177491207,10.076859189687811,73190
2013-11-25,10.076859189687811,10.378740074418651,10.04680564682884,10.298285899613052,50000
2013-11-26,10.298285899613052,10.33358404722366,10.184038843402526,10.251630394007595,50089
2013-11-27,10.251630394007595,10.380224910598153,10.223729719444464,10.366712413404434,50000
2013-11-28,10.366712413404434,10.533881912207757,10.301611934835659,10.52318708560052,50000
2013-11-29,10.52318708560052,10.753321191576399,10.501091322586394,10.681996329526482,167018
2013-12-02,10.681996329526482,10.932551238784999,10.573318479300596,10.910791916104493,50000
2013-12-03,10.910791916104493,11.345184758992776,10.825758744490003,11.281006906002514,50000
2013-12-04,11.281006906002514,11.298920138781135,11.22845756699215,11.277046609670977,50000
2013-12-05,11.277046609670977,11.297929079256635,11.173638463949418,11.204168911419657,50000
2013-12-06,11.204168911419657,11.45556987837508,11.114511335554928,11.328558627500785,50332
2013-12-09,11.328558627500785,11.374863689047727,10.678774244113002,10.739626733960701,50000
2013-12-10,10.739626733960701,10.815325955130477,10.724099715111523,10.752964034117294,50000
2013-12-11,10.752964034117294,10.793740691874348,10.604360118279311,10.660581417367645,169417
2013-12-12,10.660581417367645,11.059365348091957,10.544290412222553,10.998674304387063,50000
2013-12-13,10.998674304387063,11.06527108252755,10.988071235317515,11.047932816466282,50000
2013-12-16,11.047932816466282,11.191552178671852,10.814919221483915,10.895001635223737,89992
2013-12-17,10.895001635223737,11.005076339876947,10.758786382496552,10.76476884767222,116047
2013-12-18,10.76476884767222,10.828454027239255,10.744810212969336,10.807518221680018,50000
2013-12-19,10.807518221680018,11.320400715404727,10.72571555372275,11.243540319844554,50000
2013-12-20,11.243540319844554,11.509694509642712,11.19941709868158,11.48427927814264,50000
2013-12-23,11.48427927814264,12.035394609171002,11.388308411165683,11.85388691921708,164508
2013-12-24,11.85388691921708,11.906371774633653,11.392839330506034,11.431134148472898,50000
2013-12-25,11.431134148472898,11.679141162299794,11.369147452513397,11.609060948411743,50000
2013-12-26,11.609060948411743,11.892758102009486,11.486866375765672,11.84400977642968,50000
2013-12-27,11.84400977642968,11.888589759068955,11.537043819209659,11.572917046530984,50000
2013-12-30,11.572917046530984,11.989035882744483,11.540760647721976,11.937409443849957,50000
2013-12-31,11.937409443849957,12.218435494362728,11.906677675156175,12.194163354196824,50000
2014-01-01,12.194163354196824,12.289730704598185,12.059864902696535,12.091489161927992,50000
2014-01-02,12.091489161927992,12.21288009893991,11.904561027225938,11.96742598998307,50000
2014-01-03,11.96742598998307,11.995493589193527,11.620664981387687,11.674226232649701,148410
2014-01-06,11.674226232649701,11.685635486835718,11.34765385911916,11.404060422923477,142704
2014-01-07,11.404060422923477,11.592243097375745,11.352862633504795,11.56258102393443,50000
2014-01-08,11.56258102393443,11.588824316180265,10.921940518220053,11.033826663898141,50000
2014-01-09,11.033826663898141,11.055770017203946,10.972723193675863,11.040547691116199,50000
2014-01-10,11.040547691116199,11.110042263734005,10.812285317366424,10.829873038445147,50000
2014-01-13,10.829873038445147,10.83011157680215,10.742662552355464,10.776655787241024,50000
2014-01-14,10.776655787241024,11.174491548042718,10.729166652213834,11.071759020361307,50000
2014-01-15,11.071759020361307,11.88148624182517,11.068902157415696,11.835275599101934,50000
2014-01-16,11.835275599101934,11.894372725568758,11.483859721142768,11.533163560677597,50000
2014-01-17,11.533163560677597,11.891560477326829,11.479089793984087,11.875355311019627,50000
2014-01-20,11.875355311019627,11.90572962358728,11.73812556778249,11.78933884996981,66929
2014-01-21,11.78933884996981,11.803994310662086,11.715782369643987,11.723473395442156,50000
2014-01-22,11.723473395442156,11.982335021307373,11.682815388242071,11.820726786210514,50000
2014-01-23,11.820726786210514,11.98815146945266,11.784491256184351,11.913536080619217,50000
2014-01-24,11.913536080619217,11.933124602862694,11.708868635692577,11.746487808228176,108558
2014-01-27,11.746487808228176,12.371752031564753,11.670034582525398,12.344272202499868,50000
2014-01-28,12.344272202499868,12.420206141536378,12.292962235521257,12.394406616967478,50000
2014-01-29,12.394406616967478,13.149177968732728,12.322465354741775,13.011165654064763,91365
2014-01-30,13.011165654064763,13.056749743221463,12.764743286324144,12.77208211901935,50000
2014-01-31,12.77208211901935,12.845382244929443,12.626470725467183,12.649895692535432,50000
2014-02-03,12.649895692535432,12.77157426535851,12.436491959880767,12.583137887389586,50000
2014-02-04,12.583137887389586,13.156710052541943,12.54280000939062,12.938370840075619,50000
2014-02-05,12.938370840075619,13.330597493251013,12.825881390187028,13.313871273019116,65899
2014-02-06,13.313871273019116,13.456004930202285,13.135809957686527,13.138455616044133,50000
2014-02-07,13.138455616044133,13.15110629390761,12.792234539624058,12.8430862189332,50000
2014-02-10,12.8430862189332,12.873687820964204,12.54509140128922,12.610009800961995,50000
2014-02-11,12.610009800961995,12.667197754614794,12.185524185546873,12.324830373316427,61294
2014-02-12,12.324830373316427,12.44581621013127,12.019733277538787,12.100943665127888,62988
2014-02-13,12.100943665127888,12.167160984352472,11.857228182687908,11.942265497762179,50000
2014-02-14,11.942265497762179,11.954852063194547,11.854069871634804,11.92957717850363,50000
2014-02-17,11.92957717850363,12.307003089058584,11.899220735209735,12.258616200064733,50000
2014-02-18,12.258616200064733,13.11059210986096,12.221958447482658,12.99053272151438,50000
2014-02-19,12.99053272151438,13.075608271306065,12.745634955526938,12.747021977145273,50000
2014-02-20,12.747021977145273,13.15039007725275,12.668049074156345,13.09421993408044,50000
2014-02-21,13.09421993408044,13.433375415032797,13.014943388891629,13.312260217502333,50000
2014-02-24,13.312260217502333,13.342423414297452,13.043375350601801,13.054282970174848,50000
2014-02-25,13.054282970174848,13.37347252549549,12.944041763173606,13.256805014956122,54889
2014-02-26,13.256805014956122,13.270564431514234,12.943743013722177,12.968704799584115,50000
2014-02-27,12.968704799584115,13.215799324312693,12.89383665862946,13.138923253722055,56536
2014-02-28,13.138923253722055,13.19543442772907,12.75050732126317,12.826557507268157,50000
2014-03-03,12.826557507268157,12.901057520760832,11.846924944466739,11.925395339335399,50000
2014-03-04,11.925395339335399,11.981444856198555,11.504891880129044,11.607850714254313,50000
2014-03-05,11.607850714254313,12.071878606139741,11.571975806004419,12.060026295462182,50285
2014-03-06,12.060026295462182,12.322177017065357,12.029712715227154,12.250820732893173,50000
2014-03-07,12.250820732893173,12.473113772828382,12.180014314923817,12.327057541941873,50000
2014-03-10,12.327057541941873,12.447283160132631,12.301267165930428,12.310785787930438,50000
2014-03-11,12.310785787930438,12.71688236393991,12.263225678421142,12.696608223724882,50000
2014-03-12,12.696608223724882,13.159334060457557,12.597640315226784,13.107661850857884,50000
2014-03-13,13.107661850857884,13.129462726104892,13.043869198185694,13.064537533472738,50000
2014-03-14,13.064537533472738,13.394035884896285,12.933751492206339,13.310846482393242,50000
2014-03-17,13.310846482393242,14.04427823388542,13.243571092822437,14.004503537863213,51108
2014-03-18,14.004503537863213,14.12035981163676,13.933089912118689,14.080375871883204,50000
2014-03-19,14.080375871883204,14.47272200590348,14.05601576024135,14.449233689849914,50000
2014-03-20,14.449233689849914,14.65397733862672,14.33568520877924,14.610561936909386,50000
2014-03-21,14.610561936909386,15.052568211626237,14.520064854630887,14.896297481512216,50000
2014-03-24,14.896297481512216,14.973812376992493,14.873569860094012,14.917597151797255,50000
2014-03-25,14.917597151797255,15.076477059644539,14.860869713562229,15.026038970227278,50000
2014-03-26,15.026038970227278,15.071008371324993,14.947335507280224,15.050144813364282,50000
2014-03-27,15.050144813364282,15.075326247047974,14.762638620353922,14.786261375947515,50000
2014-03-28,14.786261375947515,14.831181440375206,14.547051964424337,14.828507731653023,50000
2014-03-31,14.828507731653023,14.925615987195515,14.533731123443589,14.579115115381377,50000
2014-04-01,14.579115115381377,14.72263361531946,14.447589648283495,14.538749121965745,56173
2014-04-02,14.538749121965745,14.903990851050363,14.460012128073865,14.838415550743965,50000
2014-04-03,14.838415550743965,15.288453679355735,14.815876961151133,15.17997250908546,50000
2014-04-04,15.17997250908546,15.773446726536992,15.157894858307227,15.770195678449735,50000
2014-04-07,15.770195678449735,15.79534498647813,15.686885550217683,15.705276614599061,50000
2014-04-08,15.705276614599061,15.724847120681655,15.415815358662472,15.519945020835994,50000
2014-04-09,15.519945020835994,15.657084193061444,15.4651123508089,15.596633067830803,50000
2014-04-10,15.596633067830803,15.771711077033148,15.521185326924916,15.540001422061305,50000
2014-04-11,15.540001422061305,15.668832168176449,15.52427134431327,15.622062159205438,50000
2014-04-14,15.622062159205438,15.62588719906632,15.460936192213518,15.546754687835863,50000
2014-04-15,15.546754687835863,15.637208747145573,15.234814681727757,15.264567581743668,50000
2014-04-16,15.264567581743668,15.358879594723952,15.077799046583927,15.095231928233355,66743
2014-04-17,15.095231928233355,15.105854813019471,14.613532281011647,14.725029557499894,129791
2014-04-18,14.725029557499894,14.778426127753182,14.628612169657345,14.651407322507916,50000
2014-04-21,14.651407322507916,15.02599304076621,14.64697297100668,14.834434039402971,50000
2014-04-22,14.834434039402971,14.94688068209052,14.670224458132278,14.671050980527244,50000
2014-04-23,14.671050980527244,14.720471409583682,14.131123407526642,14.231502494556343,50000
2014-04-24,14.231502494556343,14.358105138363626,14.058380007180666,14.139505581533902,50000
2014-04-25,14.139505581533902,14.332319118881149,13.735373596760313,13.745374702919054,50000
2014-04-28,13.745374702919054,14.44604380780009,13.654577745787973,14.38243013525796,50000
2014-04-29,14.38243013525796,14.438007582776278,14.33690643582085,14.346087982475607,51749
2014-04-30,14.346087982475607,14.427025440447192,13.971207926820828,14.08949771291654,50000
2014-05-01,14.08949771291654,14.18302474013914,13.435613378504273,13.446597084495975,50233
2014-05-02,13.446597084495975,13.481006887848082,13.157908438459554,13.231328095463752,50000
2014-05-05,13.231328095463752,13.299958765147528,13.179213579874167,13.273608526589266,50000
2014-05-06,13.273608526589266,13.28874105224043,12.721242013477863,12.763161776878063,50000
2014-05-07,12.763161776878063,13.309031097490116,12.685820599148098,13.192038807388908,55234
2014-05-08,13.192038807388908,13.27499753387643,12.841144161167696,12.941081709364163,50000
2014-05-09,12.941081709364163,13.061645244469947,12.57426090120535,12.690901974508423,50000
2014-05-12,12.690901974508423,12.698163490035846,12.589238457602361,12.633620791662095,50000
2014-05-13,12.633620791662095,12.75076066370177,12.60489128110267,12.747946742504977,161710
2014-05-14,12.747946742504977,12.959014703816662,12.658115358526183,12.93499839637224,50000
2014-05-15,12.93499839637224,13.115794559067929,12.867367782422034,13.02529590041635,50000
2014-05-16,13.02529590041635,13.541803688850685,13.018181402492687,13.50113615070365,50000
2014-05-19,13.50113615070365,13.50717533516487,12.547442192661125,12.68522477507807,50000
2014-05-20,12.68522477507807,12.769850122196846,12.427481084023263,12.434143946657882,50677
2014-05-21,12.434143946657882,12.501217084724852,12.368781660777778,12.500220223188498,69550
2014-05-22,12.500220223188498,12.53047713932515,12.481126516203048,12.513575407366153,85336
2014-05-23,12.513575407366153,13.052816024893698,12.390675119772672,12.98833866335373,50000
2014-05-26,12.98833866335373,13.146143690934299,12.923917849401194,13.101337302166163,50000
2014-05-27,13.101337302166163,13.18787767799136,13.066248714815668,13.0815058785624,50000
2014-05-28,13.0815058785624,13.10187495703034,12.98497656677056,13.05201580780936,50000
2014-05-29,13.05201580780936,13.637081909020878,12.999861231241498,13.602743875316856,50000
2014-05-30,13.602743875316856,13.638661227922823,13.228141658595083,13.330991560142731,60296
2014-06-02,13.330991560142731,13.47965389017937,13.247158405266227,13.441006599660712,50000
2014-06-03,13.441006599660712,13.49207445048318,13.328809991040178,13.406037552749188,89088
2014-06-04,13.406037552749188,13.425969178981516,13.100477111398956,13.225258736877041,53442
2014-06-05,13.225258736877041,13.483965310744276,13.149928135014111,13.460407203353917,98600
2014-06-06,13.460407203353917,13.619710812285605,13.447268440509449,13.51655463219993,51759
2014-06-09,13.51655463219993,13.574916156312375,13.20500449370213,13.238854107639634,99076
2014-06-10,13.238854107639634,13.529625623773335,13.143509130288525,13.516805352282601,61860
2014-06-11,13.516805352282601,13.591058810902084,12.962546655510469,12.966519907155833,50000
2014-06-12,12.966519907155833,12.997450385904077,12.678021579487078,12.697662748324605,70974
2014-06-13,12.697662748324605,12.803963607275435,12.659095339301125,12.722872224635621,69649
2014-06-16,12.722872224635621,12.965346064206292,12.608909767695016,12.772350336845808,50000
2014-06-17,12.772350336845808,13.026690291257308,12.768718629062825,12.922962491844688,50000
2014-06-18,12.922962491844688,12.999818585688006,12.550983712874752,12.626600205641083,65017
2014-06-19,12.626600205641083,12.695565902010815,12.272652590756843,12.356928257378957,50000
2014-06-20,12.356928257378957,12.395340678068628,11.997508194273818,12.078609525949723,52295
2014-06-23,12.078609525949723,13.100505550610901,12.065832775169518,13.025335795865763,90236
2014-06-24,13.025335795865763,13.778551338842549,12.921519039435408,13.705414809932552,50000
2014-06-25,13.705414809932552,13.794309275384562,12.97938105583931,13.109300066264407,123326
2014-06-26,13.109300066264407,13.283938749078757,13.064894117908926,13.195697470689147,50000
2014-06-27,13.195697470689147,13.196457272539472,12.954491708857072,12.957868836182861,51173
2014-06-30,12.957868836182861,13.07564684123579,12.51294798160127,12.577599751443053,50000
2014-07-01,12.577599751443053,12.745943034368782,12.489113600681362,12.708187019011802,112628
2014-07-02,12.708187019011802,12.733141675354567,12.6159291028557,12.688018224666019,50000
2014-07-03,12.688018224666019,12.750848429234384,12.64719054511346,12.702804577031594,50000
2014-07-04,12.702804577031594,12.856176338989709,12.427293974499433,12.457402056414285,50000
2014-07-07,12.457402056414285,12.672088729658793,12.401147882801455,12.58741615288632,50000
2014-07-08,12.58741615288632,12.603834065567035,12.237221988787283,12.347036268724379,50000
2014-07-09,12.347036268724379,12.401249510388311,12.232830717669746,12.27482352356845,50000
2014-07-10,12.27482352356845,12.432103083115324,12.249933593407121,12.431104456287066,50130
2014-07-11,12.431104456287066,12.431435704811724,11.737711558536992,11.780591798885062,50000
2014-07-14,11.780591798885062,12.01136703688796,11.738731845447512,11.95654465980016,50000
2014-07-15,11.95654465980016,12.163889054322485,11.78254957041908,11.814369234330414,50000
2014-07-16,11.814369234330414,11.967871152993114,11.806980515544971,11.954158525763056,94940
2014-07-17,11.954158525763056,12.056544680899245,11.665590874265423,11.719702974628664,50000
2014-07-18,11.719702974628664,11.829287850903023,10.935737080045891,11.049356236355955,65275
2014-07-21,11.049356236355955,11.108071130612316,10.721151924102212,10.732252174962689,50000
2014-07-22,10.732252174962689,10.846810005873081,10.67478149408577,10.821467642037584,50000
2014-07-23,10.821467642037584,11.036782726476746,10.702427693486834,11.001623639813548,50000
2014-07-24,11.001623639813548,11.197262885876983,10.995886271304716,11.149519815342787,50000
2014-07-25,11.149519815342787,11.506644685563447,11.0976973150403,11.476895233172822,50000
2014-07-28,11.476895233172822,11.568447187908104,11.46986245941771,11.535882490752368,50000
2014-07-29,11.535882490752368,11.699875808284537,11.400152824842076,11.627685905877426,50000
2014-07-30,11.627685905877426,11.935405058614728,11.60698235191275,11.885823458325914,195501
2014-07-31,11.885823458325914,12.510044505758048,11.768357417101658,12.487309994202622,50000
2014-08-01,12.487309994202622,12.890248400691343,12.444104184558762,12.870947871128518,97331
2014-08-04,12.870947871128518,12.932182397207628,12.228718076226397,12.324371479254372,50000
2014-08-05,12.324371479254372,12.397621734591663,11.932783400488065,11.996354643593182,116999
2014-08-06,11.996354643593182,12.036331908710743,11.794956970333525,11.817014984915923,78798
2014-08-07,11.817014984915923,11.843605121007974,11.33518658753224,11.376856157545973,91574
2014-08-08,11.376856157545973,11.437889909479983,10.552544403881765,10.638683097462012,112620
2014-08-11,10.638683097462012,10.722352879828431,10.624282759741904,10.633259854794437,57364
2014-08-12,10.633259854794437,10.780716354162694,10.49826625900722,10.767314823362923,50000
2014-08-13,10.767314823362923,10.990005661071228,10.74823296384232,10.932656866184292,62538
2014-08-14,10.932656866184292,10.963276627828112,10.353493934960591,10.524585085464551,50000
2014-08-15,10.524585085464551,10.532996654624837,10.383174540722061,10.423846989504675,50000
2014-08-18,10.423846989504675,10.438793777351917,10.386079427016137,10.426981734165752,50000
2014-08-19,10.426981734165752,10.455390147025794,9.808937888755402,9.847387531868543,142922
2014-08-20,9.847387531868543,10.487882087388298,9.846752950762781,10.463968189503815,65605
2014-08-21,10.463968189503815,10.717788558873787,10.421450755117522,10.642709668191154,57349
2014-08-22,10.642709668191154,10.83773232014695,10.559263679530446,10.817385045985695,50000
2014-08-25,10.817385045985695,10.856419601637553,10.725264725436487,10.83468163708726,50000
2014-08-26,10.83468163708726,10.887308385407577,10.823560071264229,10.873591484352438,54224
2014-08-27,10.873591484352438,10.930046213374219,10.856494698347344,10.873547636862309,93529
2014-08-28,10.873547636862309,10.894902759806197,9.91419572245482,9.953070906947108,106213
2014-08-29,9.953070906947108,9.959023148677838,9.408197350884526,9.467013482241073,50000
2014-09-01,9.467013482241073,9.526912140533106,8.866308126327393,8.885988092450575,50000
2014-09-02,8.885988092450575,8.91390428686752,8.407335264096893,8.410916813613964,50000
2014-09-03,8.410916813613964,8.420676056984728,8.27452485913524,8.302549931178222,50000
2014-09-04,8.302549931178222,8.687823123289807,8.277925370698366,8.594487735019873,91496
2014-09-05,8.594487735019873,8.781231172609472,8.532754441774465,8.732205263956645,64261
2014-09-08,8.732205263956645,8.771367169959952,8.680071253901346,8.73194179124013,50000
2014-09-09,8.73194179124013,8.767126673826345,8.65244672868473,8.662776615417034,50000
2014-09-10,8.662776615417034,9.039859839801812,8.59880114962864,8.988554867744599,108822
2014-09-11,8.988554867744599,9.07870487623038,8.837589016607106,8.93327714507498,50000
2014-09-12,8.93327714507498,9.198677590019237,8.869083141197754,9.171469228449544,50000
2014-09-15,9.171469228449544,9.347613027435829,9.095334547608418,9.331866346202393,50000
2014-09-16,9.331866346202393,9.376999426667796,9.201958890651994,9.267216823067614,67279
2014-09-17,9.267216823067614,9.360610774450146,9.197450100781541,9.29351654642637,50000
2014-09-18,9.29351654642637,9.545138435106063,9.239181058978367,9.486524376470896,50000
2014-09-19,9.486524376470896,9.571334672438098,9.376644439997516,9.377064183308311,50000
2014-09-22,9.377064183308311,9.395460387985304,9.292156186417401,9.322227867090449,50000
2014-09-23,9.322227867090449,9.344777967486651,9.024345288716221,9.087978876617887,50000
2014-09-24,9.087978876617887,9.218874722848533,9.046343770427304,9.210923735506054,50000
2014-09-25,9.210923735506054,9.456522225405006,9.183165429029277,9.43116497778129,72339
2014-09-26,9.43116497778129,9.44043325771096,9.300339923957868,9.38805238664542,50000
2014-09-29,9.38805238664542,9.489652142642326,9.3468374971136,9.479106896277177,50000
2014-09-30,9.479106896277177,9.672179792654818,9.464205466607007,9.624567635212548,50000
2014-10-01,9.624567635212548,9.940182205003417,9.544719865575555,9.884953534125946,50000
2014-10-02,9.884953534125946,10.089380213898641,9.810404144531132,10.086340409082469,57608
2014-10-03,10.086340409082469,10.657674748006755,10.079383729690798,10.62072263317609,100417
2014-10-06,10.62072263317609,10.658126110755854,10.071706462774314,10.092682961409299,50000
2014-10-07,10.092682961409299,10.635750772924398,10.013255869287386,10.606645839907397,60372
2014-10-08,10.606645839907397,10.627798929144392,10.39893576466681,10.474702981896666,50000
2014-10-09,10.474702981896666,10.99955367782399,10.413304407979869,10.95871023153921,98011
2014-10-10,10.95871023153921,11.004364595404223,10.521802396629713,10.596567915359312,50000
2014-10-13,10.596567915359312,10.6616241924827,10.503373986112242,10.616570220954946,50000
2014-10-14,10.616570220954946,10.665712638276355,10.277356022838532,10.2813973995064,50000
2014-10-15,10.2813973995064,10.634421638720836,10.245520253801674,10.535909133458963,74394
2014-10-16,10.535909133458963,10.569535350436599,9.82406394037298,9.863795493175916,64540
2014-10-17,9.863795493175916,10.212152536584396,9.829643482413632,10.19501947764529,50000
2014-10-20,10.19501947764529,11.095182997023532,10.167768356253134,11.014126602630968,50000
2014-10-21,11.014126602630968,11.057294192165582,10.752043416501891,10.823220393656227,50000
2014-10-22,10.823220393656227,10.82447817752161,10.569509180563301,10.614310789826481,112340
2014-10-23,10.614310789826481,10.672938165895905,10.3617591330225,10.405851920420455,99205
2014-10-24,10.405851920420455,10.508450385962854,9.855904258873743,9.905803065936821,84044
2014-10-27,9.905803065936821,10.56480541441289,9.900898881821544,10.519293561985362,50000
2014-10-28,10.519293561985362,10.584796909517912,10.207299900774858,10.218162343795251,55303
2014-10-29,10.218162343795251,11.106727647184657,10.167163660992895,11.084673185160904,50000
2014-10-30,11.084673185160904,11.15242664534797,10.948539986428857,11.010968002055503,50000
2014-10-31,11.010968002055503,11.678508830077815,11.010239309244017,11.636976131740187,98586
2014-11-03,11.636976131740187,11.755748931260372,10.837827520877825,10.887059898928788,57165
2014-11-04,10.887059898928788,11.02726506434153,10.856073171184578,10.975957037094465,116786
2014-11-05,10.975957037094465,11.126861922905489,10.46272629792975,10.533982435185711,54083
2014-11-06,10.533982435185711,10.54025696523473,10.32138992226984,10.385322391964023,50000
2014-11-07,10.385322391964023,10.440696667919982,10.218264332869797,10.339275036591896,50000
2014-11-10,10.339275036591896,10.444577971112922,10.276786551176745,10.356475226126154,50000
2014-11-11,10.356475226126154,10.82227291465851,10.271849502183127,10.748350139429059,50000
2014-11-12,10.748350139429059,11.250647891969388,10.731573502277131,11.24875240735574,69581
2014-11-13,11.24875240735574,11.532553942501448,11.240000923369342,11.495592537994925,98829
2014-11-14,11.495592537994925,12.432142183943174,11.493617082675101,12.284432338739025,60899
2014-11-17,12.284432338739025,12.616720811017178,12.186536460563211,12.580762072455077,50000
2014-11-18,12.580762072455077,12.608250945090218,12.212425028314408,12.22704918505473,50000
2014-11-19,12.22704918505473,12.602325673775368,12.207459282265367,12.370704410289385,50000
2014-11-20,12.370704410289385,12.387378287958324,12.082223771388442,12.142903703698787,54533
2014-11-21,12.142903703698787,12.414304457522345,12.125420090046003,12.290970340506664,50000
2014-11-24,12.290970340506664,12.296813850136845,11.738035253920971,11.874795398114308,69407
2014-11-25,11.874795398114308,12.36256651329472,11.684146025947957,12.344635147278227,88522
2014-11-26,12.344635147278227,12.569285542945922,12.275320324216356,12.547908398806088,50000
2014-11-27,12.547908398806088,12.561790864202877,12.457465512036215,12.560487501999187,94823
2014-11-28,12.560487501999187,12.68766026605851,12.45510787113956,12.647474045301102,50000
2014-12-01,12.647474045301102,12.750429761126398,11.83328480771238,11.897905753033644,50000
2014-12-02,11.897905753033644,11.954703434269213,11.049812325822781,11.054307571863387,50000
2014-12-03,11.054307571863387,11.439354325276858,11.03366978525376,11.419222863810537,50000
2014-12-04,11.419222863810537,11.489076687796818,11.416420610781081,11.45958888953185,50000
2014-12-05,11.45958888953185,11.616079519987169,11.369055716299572,11.543429325559613,50000
2014-12-08,11.543429325559613,11.5962740087553,11.035849957864489,11.039731329100084,87303
2014-12-09,11.039731329100084,11.133989321865302,10.866283091365062,10.913871670125145,55711
2014-12-10,10.913871670125145,11.986235343439148,10.871809278427719,11.880460900624453,93388
2014-12-11,11.880460900624453,11.930156991816656,11.767664441322383,11.841744028056654,50000
2014-12-12,11.841744028056654,11.894818990162058,11.668044283327523,11.719234062437758,50000
2014-12-15,11.719234062437758,11.736117856250658,11.53550832927667,11.581319160427405,50000
2014-12-16,11.581319160427405,11.641726460359658,11.430895980158608,11.536784751073977,50000
2014-12-17,11.536784751073977,11.612422427296206,11.146303860309075,11.18221505388533,50000
2014-12-18,11.18221505388533,11.248414820183896,11.094852326504046,11.135612731078151,50000
2014-12-19,11.135612731078151,11.223457498578567,11.035612803853622,11.20423244972603,107231
2014-12-22,11.20423244972603,11.442951359461984,10.991296370314418,11.12815577449093,61078
2014-12-23,11.12815577449093,11.174283903496049,10.92992262550314,10.97812594482494,50000
2014-12-24,10.97812594482494,10.992904673793223,10.787778182914609,10.796007181285479,50000
2014-12-25,10.796007181285479,10.825635482002713,10.427727106791268,10.449075126962597,50000
2014-12-26,10.449075126962597,10.459553240630422,10.278728528850507,10.318304362909236,50000
2014-12-29,10.318304362909236,10.326136988167006,9.690887442237175,9.797929483372776,184427
2014-12-30,9.797929483372776,10.122973356208796,9.69694147269641,10.077211817870328,50000
2014-12-31,10.077211817870328,10.152908405886759,10.050603401919023,10.146943068396764,50000
2015-01-01,10.146943068396764,10.23508032897867,9.959543002920368,10.0066160139688,75648
2015-01-02,10.0066160139688,10.012395860848732,9.393325814052405,9.451686419113017,50000
2015-01-05,9.451686419113017,9.45169576322841,8.918923382828734,8.923223940903947,95163
2015-01-06,8.923223940903947,8.992221020463944,8.90487511049607,8.959427914853679,60055
2015-01-07,8.959427914853679,9.012311128232362,8.101136568634066,8.103039162483606,50000
2015-01-08,8.103039162483606,8.142292037923822,8.00586033369931,8.041390837149347,50000
2015-01-09,8.041390837149347,8.148185814510102,7.794136147142586,7.801333430994104,50000
2015-01-12,7.801333430994104,8.450388347405978,7.77147561435527,8.385380990057909,50000
2015-01-13,8.385380990057909,8.436510825190314,8.35991746839148,8.409829733568747,67198
2015-01-14,8.409829733568747,8.412613937466775,8.247065724980251,8.295859650476316,50000
2015-01-15,8.295859650476316,8.389208341632544,8.288017837951063,8.369738363831408,50000
2015-01-16,8.369738363831408,8.903294588225556,8.345749833845291,8.87508247332704,50000
2015-01-19,8.87508247332704,8.889992440378505,8.679513743524359,8.718953393940268,50000
2015-01-20,8.718953393940268,8.933648683203907,8.676850209327176,8.930108374966467,77262
2015-01-21,8.930108374966467,8.931263915608257,8.317676029123747,8.352443167608428,139735
2015-01-22,8.352443167608428,8.900846802517512,8.315437265853053,8.824475741211138,133147
2015-01-23,8.824475741211138,8.864719087265216,8.101611283842807,8.105543799652233,193196
2015-01-26,8.105543799652233,8.108674203873074,7.8067371771561,7.838764265473138,50000
2015-01-27,7.838764265473138,7.899430626309755,7.811439512127383,7.8188388735841485,50000
2015-01-28,7.8188388735841485,7.834523737443969,7.436814150566198,7.476764051996088,50000
2015-01-29,7.476764051996088,7.5554629540651375,7.401773056436226,7.521602403119804,50000
2015-01-30,7.521602403119804,7.671293830156332,7.480402599713695,7.664842626604736,50000
2015-02-02,7.664842626604736,7.760589761607855,7.639711859840921,7.7440310837628985,108765
2015-02-03,7.7440310837628985,7.749215309441441,7.37973949627141,7.3893096199813115,50000
2015-02-04,7.3893096199813115,7.478834514545342,6.82556864186099,6.887109625720343,50000
2015-02-05,6.887109625720343,7.192417377365197,6.8622118599056945,7.122640129064875,50000
2015-02-06,7.122640129064875,7.152750635806887,6.602467092160709,6.6184955450871135,52583
2015-02-09,6.6184955450871135,6.620929931120882,6.052089389868773,6.066680964170812,50000
2015-02-10,6.066680964170812,6.116012032698706,6.063871457416705,6.103231253980476,50000
2015-02-11,6.103231253980476,6.502629396626144,6.088958615130576,6.494582965347565,50000
2015-02-12,6.494582965347565,6.519939643390312,6.4335033107864765,6.46672994260207,50000
2015-02-13,6.46672994260207,7.095975452380862,6.445812728472173,7.077541296820536,50000
2015-02-16,7.077541296820536,7.6060842695702995,7.021197426165159,7.571642779777836,50000
2015-02-17,7.571642779777836,7.584846348035608,7.442066566894244,7.459370460429392,122922
2015-02-18,7.459370460429392,8.148847716820786,7.457829551948128,8.124191750859342,50000
2015-02-19,8.124191750859342,8.415432560615395,8.075270585976284,8.413643313559334,78405
2015-02-20,8.413643313559334,8.444566312857921,8.271731201422348,8.322163222565408,62091
2015-02-23,8.322163222565408,8.326287533075215,8.212985326647994,8.28798476114095,69161
2015-02-24,8.28798476114095,8.510575754260072,8.228065981139316,8.472721526721653,61692
2015-02-25,8.472721526721653,8.764046055916932,8.449389163761811,8.727125755510611,50000
2015-02-26,8.727125755510611,8.759053639352652,8.054633650805672,8.089620939721385,50000
2015-02-27,8.089620939721385,8.945996074173241,8.029559990808131,8.884585250016716,50000
2015-03-02,8.884585250016716,9.03305570887128,8.760200467894473,8.994698226929264,50000
2015-03-03,8.994698226929264,9.012616429454248,8.47304999601929,8.524028722587671,50000
2015-03-04,8.524028722587671,8.902082765373983,8.504271299663246,8.900993239451271,50000
2015-03-05,8.900993239451271,9.225168019764693,8.84421237294288,9.190723336042975,50000
2015-03-06,9.190723336042975,9.318496085108437,9.172987686661438,9.275329082819367,50000
2015-03-09,9.275329082819367,9.49445356763199,9.266429615100625,9.385159035805877,50000
2015-03-10,9.385159035805877,9.385940192163032,9.06910243391984,9.078029468903724,50000
2015-03-11,9.078029468903724,9.181838731893643,8.991203064493279,9.019717140307337,120629
2015-03-12,9.019717140307337,9.81074152866297,9.008742135925797,9.69116526754693,50000
2015-03-13,9.69116526754693,10.240695913675129,9.619197840541077,10.218030520107941,50000
2015-03-16,10.218030520107941,10.289417474190897,9.889196349112758,9.940618028586226,50000
2015-03-17,9.940618028586226,9.977375598891488,9.757315632973981,9.837753472673782,53614
2015-03-18,9.837753472673782,10.03966178498813,9.771641080299915,10.024057420997122,50000
2015-03-19,10.024057420997122,10.049411231162876,9.443711023062507,9.46185555196273,50000
2015-03-20,9.46185555196273,9.7595937730411,9.43782652158037,9.718795219112108,50000
2015-03-23,9.718795219112108,9.733136169136106,9.175179464221001,9.192010717696665,94017
2015-03-24,9.192010717696665,9.220894093530067,9.075038427550261,9.0826065540546,54801
2015-03-25,9.0826065540546,9.77242472390648,9.071488854164725,9.766153639826234,50000
2015-03-26,9.766153639826234,9.808126319535281,9.350993172549597,9.423854036363787,50000
2015-03-27,9.423854036363787,9.436174950282565,9.396884611525444,9.419870174679742,50000
2015-03-30,9.419870174679742,9.49547292297425,9.319620266174743,9.366245176715429,50000
2015-03-31,9.366245176715429,9.789240853087426,9.345317187439441,9.777359515087761,50000
2015-04-01,9.777359515087761,10.057704363050927,9.664398939627441,10.046516286540804,95907
2015-04-02,10.046516286540804,10.339252263975467,9.916761493032897,10.278714533799542,51472
2015-04-03,10.278714533799542,10.299048307291999,9.691918645487338,9.701065965218616,130325
2015-04-06,9.701065965218616,10.35693044158641,9.683572787631057,10.334813733899786,50000
2015-04-07,10.334813733899786,10.717110132161666,10.286528778000209,10.698412886141115,76295
2015-04-08,10.698412886141115,10.78215431976802,10.101448229277459,10.114259103406892,50000
2015-04-09,10.114259103406892,10.136858883897952,10.016695883561946,10.119264583206741,89303
2015-04-10,10.119264583206741,10.165828437931836,9.84667490833715,9.882708228462175,50000
2015-04-13,9.882708228462175,9.92192604635092,9.665346863791074,9.735635464783325,88105
2015-04-14,9.735635464783325,10.146544947187666,9.734025650617918,10.090627088842234,50000
2015-04-15,10.090627088842234,10.637146043815632,10.033169667180927,10.536161712491063,104643
2015-04-16,10.536161712491063,10.541701249382239,10.468063201526467,10.537216624574468,50000
2015-04-17,10.537216624574468,11.261734147000308,10.467464177836511,11.234955739266383,50000
2015-04-20,11.234955739266383,11.269674495858709,9.885070093163693,10.036609818722502,50000
2015-04-21,10.036609818722502,10.249918569801064,10.019835696922849,10.17196532574099,50000
2015-04-22,10.17196532574099,10.184681254780022,9.587189019918181,9.696648344001748,76972
2015-04-23,9.696648344001748,9.71517307914553,9.598191581968157,9.662117572017806,50000
2015-04-24,9.662117572017806,9.714666754998856,9.103115071201827,9.153239497645355,51226
2015-04-27,9.153239497645355,9.940934835621123,9.117583013004499,9.871809908977568,50000
2015-04-28,9.871809908977568,9.883346893359542,9.85453307923203,9.862175243856575,82675
2015-04-29,9.862175243856575,10.226393947191319,9.827095013496779,10.216516994442134,50000
2015-04-30,10.216516994442134,10.25222251269746,9.819300199577404,9.821077933684181,66193
2015-05-01,9.821077933684181,9.84108411992012,9.41035465997083,9.411126979007555,53649
2015-05-04,9.411126979007555,10.060368630014672,9.344756790706871,10.04510078168979,60971
2015-05-05,10.04510078168979,10.073031233182139,9.57575964452234,9.670427910753792,213261
2015-05-06,9.670427910753792,10.008516174077474,9.640379719207763,9.981903425861418,54054
2015-05-07,9.981903425861418,9.991722383357521,9.753741021080062,9.77021618533537,50000
2015-05-08,9.77021618533537,10.275009135907062,9.704530039589004,10.248991292813542,50000
2015-05-11,10.248991292813542,10.402309522135626,10.189654153052345,10.395642398693044,57192
2015-05-12,10.395642398693044,10.453257272244171,10.371511233090704,10.379013039717519,50000
2015-05-13,10.379013039717519,11.123924919461354,10.32280056285451,10.923954125149416,50000
2015-05-14,10.923954125149416,11.022541800615896,10.61119799715657,10.708049695372557,50000
2015-05-15,10.708049695372557,10.93820037734456,10.69807644606056,10.87454671269347,50000
2015-05-18,10.87454671269347,10.915683215296355,10.631764342318661,10.709140314346769,50000
2015-05-19,10.709140314346769,10.952610919064929,10.655934274263556,10.941292371558687,50000
2015-05-20,10.941292371558687,10.994480770526529,10.12302772530328,10.126928364247616,50000
2015-05-21,10.126928364247616,10.15702639761687,9.874622268799733,9.914491554488839,50000
2015-05-22,9.914491554488839,10.307656084456758,9.835424264986779,10.218464442655877,50000
2015-05-25,10.218464442655877,10.269691440378816,9.938518820399649,10.105423925026324,50000
2015-05-26,10.105423925026324,10.53421401749185,10.050774718620529,10.505231558461185,50000
2015-05-27,10.505231558461185,10.608705604904966,10.12109513368312,10.17193262372249,50000
2015-05-28,10.17193262372249,10.46315249231326,10.115194053890031,10.412226733935645,50000
2015-05-29,10.412226733935645,10.442627746125787,10.15828654172842,10.184058793675547,50000
2015-06-01,10.184058793675547,11.005300878546697,10.166855554368214,11.00197948468292,50000
2015-06-02,11.00197948468292,11.034267480048694,10.34788456029124,10.349892351945277,50000
2015-06-03,10.349892351945277,10.69461741090207,10.325763761314086,10.602367470343202,96570
2015-06-04,10.602367470343202,11.405516558500803,10.566210283851579,11.393252461372368,57488
2015-06-05,11.393252461372368,11.39449613109385,11.012874439507934,11.091575950393988,52942
2015-06-08,11.091575950393988,11.857087240621428,10.978188404882847,11.738031447153643,50000
2015-06-09,11.738031447153643,11.874633302806881,11.729243884688398,11.824590033651022,50000
2015-06-10,11.824590033651022,12.252995395650847,11.815339505730392,12.240494102056145,93955
2015-06-11,12.240494102056145,12.307074907775414,11.97525885758876,12.027522538221334,54342
2015-06-12,12.027522538221334,12.133280107929748,11.891934725185182,11.98035266761791,50000
2015-06-15,11.98035266761791,12.022293679426312,11.791143217438657,11.803571394147884,63710
2015-06-16,11.803571394147884,11.971300563129775,11.695969585522038,11.910593808338296,50000
2015-06-17,11.910593808338296,12.591091062935403,11.804646394734341,12.545912794128126,55231
2015-06-18,12.545912794128126,12.59011000839399,12.34491940494494,12.381694425003339,50000
2015-06-19,12.381694425003339,12.461265261508247,11.926406215732467,11.96847943855168,50000
2015-06-22,11.96847943855168,12.027152862547137,11.849654164459023,11.877024034663599,50000
2015-06-23,11.877024034663599,11.888478472456892,11.794501737661065,11.833635735277216,50000
2015-06-24,11.833635735277216,12.285690579273117,11.796105333797419,12.258770700323295,50000
2015-06-25,12.258770700323295,12.2765268318751,12.125877036697046,12.128967699195025,50000
2015-06-26,12.128967699195025,12.292731544090055,12.072224531343856,12.198783162188464,50000
2015-06-29,12.198783162188464,12.25059997710797,12.077196252672694,12.143157490395488,50000
2015-06-30,12.143157490395488,12.363431371332569,12.010216174386612,12.357724186639713,50000
2015-07-01,12.357724186639713,12.418581093963354,11.508499011300344,11.544570490241984,50000
2015-07-02,11.544570490241984,11.594216929901425,11.366382815807533,11.430943326074894,50000
2015-07-03,11.430943326074894,11.577730618184331,11.428604421308792,11.524984512687013,50000
2015-07-06,11.524984512687013,11.657383398624871,11.325725831097786,11.357255500798173,50000
2015-07-07,11.357255500798173,11.441260410968095,11.101278820365968,11.122690524679031,64528
2015-07-08,11.122690524679031,11.147673760033038,10.301923195701951,10.376290121117629,50610
2015-07-09,10.376290121117629,10.828370542683164,10.296723212855769,10.803749804291307,50000
2015-07-10,10.803749804291307,10.864539201827665,10.60075713484894,10.602638867987668,50000
2015-07-13,10.602638867987668,10.635312402111834,10.450506110486891,10.488434659133167,50000
2015-07-14,10.488434659133167,10.571189570585966,10.062435039741793,10.106485100166912,50000
2015-07-15,10.106485100166912,10.579052548687597,10.100750003853353,10.561622155330301,78265
2015-07-16,10.561622155330301,10.599422206946711,9.97602355650161,9.991728559628932,50000
2015-07-17,9.991728559628932,10.43848935151358,9.92242997379053,10.39726167072604,50000
2015-07-20,10.39726167072604,10.981678765400815,10.322059624795623,10.950762124315505,50000
2015-07-21,10.950762124315505,11.355653041636508,10.853235607802413,11.27106075950984,85640
2015-07-22,11.27106075950984,11.481517446417948,11.21945163541515,11.41512398612425,50000
2015-07-23,11.41512398612425,11.46137208764427,11.024861175445917,11.104668940199682,50000
2015-07-24,11.104668940199682,11.225922104775663,11.050490190453457,11.18444268661104,50000
2015-07-27,11.18444268661104,11.271971193618365,11.139411498278037,11.256447320826855,50000
2015-07-28,11.256447320826855,11.521110039856584,11.250278371587676,11.446630874517355,50000
2015-07-29,11.446630874517355,11.671012904821332,11.37826691864917,11.661111917999273,238974
2015-07-30,11.661111917999273,12.257254882315289,11.470186198948376,12.133175716294248,50000
2015-07-31,12.133175716294248,12.527178784041235,12.052385837074285,12.493304279837364,73901
2015-08-03,12.493304279837364,12.997102569543056,12.40033578819015,12.9646295115687,50000
2015-08-04,12.9646295115687,13.033874658755884,12.882141717255143,12.903291144934169,50000
2015-08-05,12.903291144934169,13.711757966320825,12.880546267163178,13.71103252239872,50000
2015-08-06,13.71103252239872,14.029164312119097,13.672050677226252,13.943690571081458,117462
2015-08-07,13.943690571081458,14.458019853618563,13.899258892346433,14.386042044500794,54563
2015-08-10,14.386042044500794,14.630673237977156,14.369331951498607,14.58585960008326,64957
2015-08-11,14.58585960008326,14.67596213113783,14.270147518895357,14.297832237091987,50000
2015-08-12,14.297832237091987,14.378365567443712,14.244491476874533,14.334279993750332,74705
2015-08-13,14.334279993750332,14.6641188786567,14.283384256023115,14.645155025584044,50000
2015-08-14,14.645155025584044,14.863794875189177,14.601273552989136,14.810788876355227,50000
2015-08-17,14.810788876355227,14.925598616605681,14.733067775390827,14.886829643228555,50000
2015-08-18,14.886829643228555,14.978413854902177,14.60969263706184,14.623325817433324,50000
2015-08-19,14.623325817433324,14.717117245133517,14.397073111989403,14.490345050400013,50000
2015-08-20,14.490345050400013,14.525717221906577,14.09874558750688,14.116579170841622,50000
2015-08-21,14.116579170841622,14.207630079673514,13.88324981193913,13.964879212198323,50000
2015-08-24,13.964879212198323,14.353744474204676,13.9440323665696,14.333052522699356,50000
2015-08-25,14.333052522699356,14.393028561867512,14.277760308108336,14.342884190889292,55359
2015-08-26,14.342884190889292,14.373651187078112,13.613705953918629,13.669791944729702,98562
2015-08-27,13.669791944729702,13.737482531523867,13.263642929853395,13.327370687383453,50000
2015-08-28,13.327370687383453,13.428844394090778,13.218883934593732,13.421781286594557,50000
2015-08-31,13.421781286594557,14.044223371319777,13.404992005695615,13.940662986175742,50000
2015-09-01,13.940662986175742,14.000882842530531,13.423946646325158,13.438830930927512,50000
2015-09-02,13.438830930927512,13.538231024305363,13.08664081809588,13.238165578546498,128962
2015-09-03,13.238165578546498,13.83822229250539,13.169574990493532,13.829885044170508,74711
2015-09-04,13.829885044170508,14.233240244502015,13.819273838131195,14.00974242590809,50705
2015-09-07,14.00974242590809,14.269567775188632,13.946595165572072,14.214118322761502,50000
2015-09-08,14.214118322761502,14.316194229764571,13.947065350253649,14.007836062721768,50000
2015-09-09,14.007836062721768,14.552448514605128,13.898262935875202,14.46873869432851,52803
2015-09-10,14.46873869432851,15.137278047197464,14.412106033958555,14.872177586030078,50000
2015-09-11,14.872177586030078,14.872274690193679,14.330745467938794,14.432182177456134,50000
2015-09-14,14.432182177456134,14.83582131209456,14.364601788529239,14.721434397604227,106215
2015-09-15,14.721434397604227,14.807368730806393,14.154296122329807,14.196042461843653,86217
2015-09-16,14.196042461843653,14.398578841079395,14.109184533552218,14.3340780118735,50000
2015-09-17,14.3340780118735,14.495447719391583,14.09093367890937,14.11225512681625,50000
2015-09-18,14.11225512681625,14.281931389935115,14.001834560790307,14.081716635977717,50000
2015-09-21,14.081716635977717,14.166281413178815,13.90821671317507,14.017344617272128,50000
2015-09-22,14.017344617272128,14.057235866623744,13.811324331474456,13.932807185346359,50000
2015-09-23,13.932807185346359,14.15043667111068,13.931946033876466,14.03020470398276,50000
2015-09-24,14.03020470398276,14.119932155848732,13.99211249042091,14.041021946054526,50000
2015-09-25,14.041021946054526,14.073402587623242,13.677402330372615,13.685525153734805,79327
2015-09-28,13.685525153734805,13.95267155496674,13.643331009710828,13.861396306624332,107767
2015-09-29,13.861396306624332,14.00974632204632,13.0973628250637,13.241108884562607,125266
2015-09-30,13.241108884562607,13.253491753184534,13.026244283636128,13.143670106096799,79921
2015-10-01,13.143670106096799,13.159260176894751,12.808955928444433,12.813352971505402,50000
2015-10-02,12.813352971505402,12.944898388621109,12.771795791485559,12.935034684123988,50000
2015-10-05,12.935034684123988,12.968458940528754,12.811519523592285,12.829831075888103,50000
2015-10-06,12.829831075888103,13.104522894405813,12.825403842339652,13.049621491410011,50000
2015-10-07,13.049621491410011,13.23208714565535,12.991915818991313,13.18664075418418,50000
2015-10-08,13.18664075418418,13.291852746352921,12.921150167560468,13.051736254565805,50000
2015-10-09,13.051736254565805,13.130310515112436,13.046597622929225,13.052793726478935,50000
2015-10-12,13.052793726478935,13.110610608426105,12.567445429800504,12.637534653944636,62686
2015-10-13,12.637534653944636,13.051910454588528,12.548452139237067,13.036982898548377,50000
2015-10-14,13.036982898548377,13.490989728236183,12.98439723823574,13.429742289764047,50000
2015-10-15,13.429742289764047,13.542854619942707,13.40637414599614,13.42425327439968,50000
2015-10-16,13.42425327439968,14.139483657634594,13.382295404539436,13.992148937996545,50000
2015-10-19,13.992148937996545,14.140919011999323,13.895275854049828,14.065904030483495,50000
2015-10-20,14.065904030483495,14.359770872667308,14.064858300094652,14.286535285320968,50000
2015-10-21,14.286535285320968,14.297505634032818,13.607441477122899,13.71994626506729,50000
2015-10-22,13.71994626506729,13.721939710467204,13.425926441231386,13.528721007794468,92198
2015-10-23,13.528721007794468,13.600287969919444,13.478842612653152,13.51351994998688,50000
2015-10-26,13.51351994998688,13.592801641601875,13.14474288727707,13.17916973362733,67338
2015-10-27,13.17916973362733,13.916618724006259,13.014599356547897,13.836606192148222,50000
2015-10-28,13.836606192148222,13.998233527421936,13.536978267392357,13.737875531658583,50000
2015-10-29,13.737875531658583,13.740720924030091,13.309483065987763,13.339893440888156,50000
2015-10-30,13.339893440888156,13.38175614949529,12.6274619167269,12.69664045526894,50000
2015-11-02,12.69664045526894,12.711720670531069,11.651710134120444,11.692678418112418,50000
2015-11-03,11.692678418112418,11.850640039964357,11.662931622788827,11.819431558253136,50000
2015-11-04,11.819431558253136,11.972935199044217,11.794740767880857,11.915615277288653,50000
2015-11-05,11.915615277288653,12.001035556932095,11.78351283049492,11.942787460477861,50000
2015-11-06,11.942787460477861,12.401849836169916,11.890333964952552,12.26939333346629,50000
2015-11-09,12.26939333346629,12.743178172147546,12.222949375722447,12.637641286741042,50000
2015-11-10,12.637641286741042,12.793658760444794,12.203860147960182,12.416305716203924,77058
2015-11-11,12.416305716203924,12.480741461194128,11.302754468706441,11.323311886917756,55856
2015-11-12,11.323311886917756,11.577427152863846,11.159349894336549,11.556499420019565,64049
2015-11-13,11.556499420019565,11.782773600330659,11.538814941999608,11.714161522688517,76807
2015-11-16,11.714161522688517,11.97778206526905,11.705353178960719,11.914001660788077,50000
2015-11-17,11.914001660788077,12.471431667449265,11.898263729033653,12.44254350242187,50000
2015-11-18,12.44254350242187,12.443631390428864,12.101067684201796,12.105825536879063,50000
2015-11-19,12.105825536879063,12.905324400188253,11.989229896294127,12.88604283056536,124186
2015-11-20,12.88604283056536,12.89716664747522,12.465739760749024,12.51912943213698,50000
2015-11-23,12.51912943213698,12.892360591083532,12.498201931908666,12.818779255678596,58045
2015-11-24,12.818779255678596,12.884001418288952,12.49624358897829,12.584441968939066,50000
2015-11-25,12.584441968939066,12.629150152445542,12.050122657096308,12.079403985508796,79069
2015-11-26,12.079403985508796,12.206607565395373,11.98404489116702,12.145032684379528,60611
2015-11-27,12.145032684379528,12.355899238495503,12.09445718956502,12.314914489968265,50000
2015-11-30,12.314914489968265,12.421400337617877,12.165981313935081,12.243520903230937,50000
2015-12-01,12.243520903230937,12.333949065568257,12.112977296470666,12.162466992382901,50000
2015-12-02,12.162466992382901,12.18701112458235,11.802475728168027,11.813690911059943,50000
2015-12-03,11.813690911059943,12.263068031247917,11.72609320260036,12.096483096004087,69234
2015-12-04,12.096483096004087,12.360596858133833,12.04240343237523,12.343995501801036,50000
2015-12-07,12.343995501801036,12.348279730845368,11.931424140344053,11.999389043378256,50000
2015-12-08,11.999389043378256,12.09009505537458,11.725741975352397,11.78763461123867,50000
2015-12-09,11.78763461123867,12.184532578081704,11.786982591071302,12.174572985603628,50000
2015-12-10,12.174572985603628,12.504536247509508,12.140101695195536,12.393330596245972,80886
2015-12-11,12.393330596245972,12.410617850395008,11.836388205617286,11.946995267731634,50000
2015-12-14,11.946995267731634,11.951287344057336,11.756584241729806,11.809671221562374,50000
2015-12-15,11.809671221562374,11.907443359862855,11.476501938433799,11.5142838033061,53520
2015-12-16,11.5142838033061,11.623504671718417,11.378297916680669,11.428593221656756,50000
2015-12-17,11.428593221656756,11.504385414717623,10.936304577589068,11.01545949826683,50000
2015-12-18,11.01545949826683,11.102100617530139,10.723308883261915,10.772005004218048,50966
2015-12-21,10.772005004218048,10.785241138556236,10.600193438288583,10.672871923504058,50000
2015-12-22,10.672871923504058,10.882360795669923,10.672484980729129,10.860387376875432,56435
2015-12-23,10.860387376875432,11.106926234956479,10.826812709963528,11.072372672206047,50000
2015-12-24,11.072372672206047,11.18742819333607,11.01489680228064,11.108914592102323,50000
2015-12-25,11.108914592102323,11.2446780701973,11.065795308458382,11.238271475198344,50000
2015-12-28,11.238271475198344,11.292668566591379,11.098893255038629,11.198709892100197,50000
2015-12-29,11.198709892100197,11.219864032987072,10.884347097191817,10.957942680957606,50000
2015-12-30,10.957942680957606,10.976298900302957,10.337712123985105,10.416490669856433,50000
2015-12-31,10.416490669856433,10.458128729589875,10.222470042316889,10.264539268512658,50000
2016-01-01,10.264539268512658,10.369925896558781,10.250220158749823,10.275928459863051,50000
2016-01-04,10.275928459863051,10.387718628090814,9.780236544658361,9.799347565731162,50000
2016-01-05,9.799347565731162,9.805428389804849,9.44866154419815,9.561546766751912,50000
2016-01-06,9.561546766751912,9.779396285274284,9.524255825840893,9.690389962692166,50000
2016-01-07,9.690389962692166,9.700513616952035,9.344567442041544,9.411583199643603,55321
2016-01-08,9.411583199643603,9.57742365900137,9.389372400704787,9.57196308881126,50000
2016-01-11,9.57196308881126,9.706831738165002,9.464359877468892,9.699412953443515,50000
2016-01-12,9.699412953443515,9.897176219410373,9.659162868402312,9.749218967128495,118722
2016-01-13,9.749218967128495,9.904726415648742,9.67875615920625,9.806376872426773,62816
2016-01-14,9.806376872426773,9.821226227269028,9.508618658567977,9.568250690180863,51038
2016-01-15,9.568250690180863,9.59585244635236,9.493977537117571,9.592969633806048,50000
2016-01-18,9.592969633806048,9.703051102772127,9.568351380140767,9.635222924870856,50000
2016-01-19,9.635222924870856,10.323035569945597,9.630274042000035,10.255374714220453,51546
2016-01-20,10.255374714220453,10.304166936986324,9.725298277867934,9.779535988524634,50000
2016-01-21,9.779535988524634,10.022690480943854,9.776966247873267,10.002662377545432,50000
2016-01-22,10.002662377545432,10.838480866045192,9.943063748437561,10.820259011203518,50000
2016-01-25,10.820259011203518,10.925003264890675,10.606659230620153,10.681702856707151,50701
2016-01-26,10.681702856707151,11.128753432060748,10.65733534550897,11.082226589090508,50000
2016-01-27,11.082226589090508,11.237456841929458,10.7645662322244,10.84107573239163,50000
2016-01-28,10.84107573239163,11.013377495865043,10.812866463741798,10.931342123084104,55233
2016-01-29,10.931342123084104,11.028817183496132,10.673830919947312,10.682858755297964,106215
2016-02-01,10.682858755297964,10.783737093024795,10.271478747647103,10.376338834864264,50000
2016-02-02,10.376338834864264,10.560179372463672,10.342482448931284,10.49752010806372,50000
2016-02-03,10.49752010806372,10.585446046877243,10.217470131464575,10.379956709959608,50000
2016-02-04,10.379956709959608,10.430214719891458,10.2192039729809,10.25200289996573,50000
2016-02-05,10.25200289996573,10.348993740986302,9.772443869736493,9.844007223564278,50000
2016-02-08,9.844007223564278,9.930388982644798,9.556125750299318,9.64617495600421,50000
2016-02-09,9.64617495600421,9.664666682347356,9.453203252860314,9.54945987373861,50000
2016-02-10,9.54945987373861,9.632044174496489,9.243007399267114,9.342011760908113,50000
2016-02-11,9.342011760908113,9.388619124940298,9.267771066723594,9.285714019274682,50000
2016-02-12,9.285714019274682,9.657742615500311,9.251933351254499,9.649812924643681,50000
2016-02-15,9.649812924643681,9.954044887701167,9.62606831984967,9.938865013308256,57811
2016-02-16,9.938865013308256,10.035927638027223,9.748724816251274,9.783351862474069,63522
2016-02-17,9.783351862474069,10.259714967186065,9.715330381973148,10.163649355522063,50000
2016-02-18,10.163649355522063,10.192939957134605,9.711124163518283,9.760931207050527,50000
2016-02-19,9.760931207050527,9.830370425996005,9.731577228132922,9.825604922571289,50000
2016-02-22,9.825604922571289,10.309313187390423,9.808555134607943,10.227813902509823,50000
2016-02-23,10.227813902509823,10.728755429062478,10.159779668207145,10.645438780588439,50000
2016-02-24,10.645438780588439,10.70836832010513,10.049485203945782,10.129450629076723,50000
2016-02-25,10.129450629076723,10.198449700106845,9.946076475313903,10.030703216877477,50000
2016-02-26,10.030703216877477,10.229534101692156,9.99185174957917,10.198671489578699,50000
2016-02-29,10.198671489578699,10.22332173916153,10.175219056731056,10.186016139875711,173737
2016-03-01,10.186016139875711,10.210637149412264,10.15587810064506,10.175240486372804,56273
2016-03-02,10.175240486372804,10.175763854523248,9.951344625332005,9.979542637138811,50000
2016-03-03,9.979542637138811,10.001983568699549,9.804632343540929,9.812480771566067,78994
2016-03-04,9.812480771566067,10.282019121161866,9.691699336337445,10.236816716771283,50000
2016-03-07,10.236816716771283,10.33789059051808,10.204332009070622,10.280594799460646,50000
2016-03-08,10.280594799460646,10.33838437906001,9.996932781412935,10.056234872610798,71332
2016-03-09,10.056234872610798,10.240607756745645,10.042006653736886,10.167665024944837,50000
2016-03-10,10.167665024944837,10.245142555338704,10.033315594232649,10.062342846295222,50000
2016-03-11,10.062342846295222,10.416062284219974,10.04307807533727,10.342070607708962,50000
2016-03-14,10.342070607708962,11.195278916946794,10.30748072616092,11.16676292752829,50000
2016-03-15,11.16676292752829,11.248293583035,10.786188250213087,10.809499881620086,50000
2016-03-16,10.809499881620086,10.861594378219165,10.59603153085771,10.650631229031296,51585
2016-03-17,10.650631229031296,10.696893117883823,10.348937225909571,10.363899305705294,50000
2016-03-18,10.363899305705294,10.67588171184454,10.304593447870793,10.622692860554118,50000
2016-03-21,10.622692860554118,10.746729407781187,10.528391872939224,10.639349170139335,50000
2016-03-22,10.639349170139335,10.792330165516683,10.633494038759798,10.67255276871487,134644
2016-03-23,10.67255276871487,11.005879788948532,10.573740469189666,10.906553393020426,83020
2016-03-24,10.906553393020426,10.975967965273757,10.621253409438195,10.698511383295127,70575
2016-03-25,10.698511383295127,11.043074785202352,10.573229400210527,10.990956191356267,50000
2016-03-28,10.990956191356267,11.058464466785766,10.40003681940386,10.461256425823569,112199
2016-03-29,10.461256425823569,11.191630177856553,10.439774225073284,11.163334500225012,50000
2016-03-30,11.163334500225012,11.298467773191064,11.108353251139729,11.145473506656204,50000
2016-03-31,11.145473506656204,11.455651327760668,11.10058000470828,11.405661393834835,73307
2016-04-01,11.405661393834835,11.599925883528394,11.333675755513472,11.521546478243241,102782
2016-04-04,11.521546478243241,11.609823252316207,11.165699506137695,11.22830567129734,50000
2016-04-05,11.22830567129734,11.424945615144535,11.160814036768304,11.404054806883634,50000
2016-04-06,11.404054806883634,11.458853943748545,11.1787661025245,11.222499447907513,57710
2016-04-07,11.222499447907513,11.441706502376633,11.214483982382513,11.408309724917375,50000
2016-04-08,11.408309724917375,11.840908487333001,11.355940711547985,11.825904672565438,50000
2016-04-11,11.825904672565438,11.845999540071546,11.174173080804273,11.197387883034493,50000
2016-04-12,11.197387883034493,11.508910848072517,11.165489923267328,11.44665288002743,50000
2016-04-13,11.44665288002743,11.510930360986697,11.167700763670311,11.169825795546346,198766
2016-04-14,11.169825795546346,11.409386255311356,11.127339497484742,11.357940853053602,50000
2016-04-15,11.357940853053602,11.36396812536704,10.78159136887396,10.813036705409152,50000
2016-04-18,10.813036705409152,11.059544414218019,10.751786882290684,11.034213825768953,50000
2016-04-19,11.034213825768953,11.065623320343525,10.638261505621175,10.716701812403446,55109
2016-04-20,10.716701812403446,11.247452379432543,10.640631244618074,11.182806578476887,50000
2016-04-21,11.182806578476887,11.226504849471935,11.09900330484243,11.13942043175778,50000
2016-04-22,11.13942043175778,11.175715426157865,10.930213699330576,10.942866988453492,50000
2016-04-25,10.942866988453492,11.097195609859192,10.905653646440225,11.089387253949173,50000
2016-04-26,11.089387253949173,11.861228491926651,10.969825544917164,11.841953185121406,50000
2016-04-27,11.841953185121406,11.960085481994648,11.738681060611725,11.782359379737857,50000
2016-04-28,11.782359379737857,11.948265966038319,11.715119534771597,11.92022528106144,59602
2016-04-29,11.92022528106144,12.101613217341754,11.567108651140448,11.579872394912131,50000
2016-05-02,11.579872394912131,11.80007224640037,11.545407764689806,11.684512056378786,111546
2016-05-03,11.684512056378786,11.93134617428342,11.654122407696834,11.883469274124689,50000
2016-05-04,11.883469274124689,11.994031311602813,11.836468637590166,11.970778126197299,50000
2016-05-05,11.970778126197299,11.999769263492741,11.895920469092907,11.913935125322313,50000
2016-05-06,11.913935125322313,11.95930136199931,11.598048722951003,11.606945005045228,50000
2016-05-09,11.606945005045228,11.928765267975088,11.576231224492348,11.902889272829286,50000
2016-05-10,11.902889272829286,11.95306223341129,11.10008575866016,11.140249023711522,50000
2016-05-11,11.140249023711522,11.555451983311574,11.134131475570893,11.529919143707497,50000
2016-05-12,11.529919143707497,11.554551034287348,11.450940768712332,11.526261756564997,55364
2016-05-13,11.526261756564997,12.187386535173927,11.503682607193127,12.154257163196466,50000
2016-05-16,12.154257163196466,12.176053077422626,11.677634109116097,11.757895268869161,50000
2016-05-17,11.757895268869161,11.821282907960926,11.650099055611651,11.811078563129715,50000
2016-05-18,11.811078563129715,12.457053056223772,11.753499755630937,12.250967383562514,50000
2016-05-19,12.250967383562514,12.760597187010832,12.083021738600362,12.65586774600037,50000
2016-05-20,12.65586774600037,12.660377147685864,12.475955501158193,12.578579161749197,50000
2016-05-23,12.578579161749197,12.718494978651323,12.53410861859583,12.66101812793845,98474
2016-05-24,12.66101812793845,13.197993932655402,12.636933354497481,13.050744079513713,50000
2016-05-25,13.050744079513713,13.188925297406705,13.000790817926923,13.181514077498973,50000
2016-05-26,13.181514077498973,13.256132281711874,12.980903630526093,12.992174699871786,50000
2016-05-27,12.992174699871786,13.055011147589248,12.956189575294449,13.001409826451075,50000
2016-05-30,13.001409826451075,13.02535629429149,12.248080282944292,12.338927437067532,62665
2016-05-31,12.338927437067532,12.424857600800904,12.311564484477307,12.39582889880063,66970
2016-06-01,12.39582889880063,12.665613239276682,12.287830234117372,12.58861995504527,50000
2016-06-02,12.58861995504527,12.59211528257246,12.19885220541524,12.340429339605548,56268
2016-06-03,12.340429339605548,12.413648638780234,11.770945890709088,11.794637798198638,50000
2016-06-06,11.794637798198638,12.195389073333867,11.698998296918466,12.189266393957803,50000
2016-06-07,12.189266393957803,12.391732649036706,12.133597420900559,12.382084845402874,73944
2016-06-08,12.382084845402874,12.39232992293129,12.163575165295846,12.258248293657404,76432
2016-06-09,12.258248293657404,12.296030721378889,11.937911615938098,11.948318912872057,64859
2016-06-10,11.948318912872057,12.030153070732556,11.409728416475703,11.410449603457645,66709
2016-06-13,11.410449603457645,11.512998052543773,11.366486038822034,11.482190029354328,59158
2016-06-14,11.482190029354328,11.560128063348659,11.164512744202275,11.180900864313386,64205
2016-06-15,11.180900864313386,11.606278798107146,11.133964289230397,11.584530401923514,115986
2016-06-16,11.584530401923514,11.804474216544076,11.538108458240753,11.613173400603888,50000
2016-06-17,11.613173400603888,12.010590562790345,11.538065352474302,11.895438547201593,50000
2016-06-20,11.895438547201593,11.923675716537494,11.651440565575694,11.729146604903374,50000
2016-06-21,11.729146604903374,11.782278882955955,11.60858941923219,11.686942737319814,50000
2016-06-22,11.686942737319814,11.76280018810869,11.5066954025914,11.591540367849817,50000
2016-06-23,11.591540367849817,11.614213203472941,11.492675296171708,11.527596874586088,50000
2016-06-24,11.527596874586088,11.555740198663862,11.229758180405534,11.262459182660054,50000
2016-06-27,11.262459182660054,11.299736714125386,10.980014934862714,11.004442637141947,59889
2016-06-28,11.004442637141947,11.004734550899807,10.644548580099778,10.675376783444515,50000
2016-06-29,10.675376783444515,10.680021886686488,10.260043057108323,10.348000085667882,50000
2016-06-30,10.348000085667882,10.436681966588214,9.874284747816658,9.911232309970824,50000
2016-07-01,9.911232309970824,10.057199588195823,9.872537346334061,9.906523978363243,67442
2016-07-04,9.906523978363243,10.008907291518662,9.474862064631285,9.524763629336055,50000
2016-07-05,9.524763629336055,10.131708841942203,9.507772846277561,10.1062483448326,55927
2016-07-06,10.1062483448326,10.131826884043427,9.730486500881032,9.762400609888866,62166
2016-07-07,9.762400609888866,10.124842970531445,9.747292241962445,10.070458695992642,50000
2016-07-08,10.070458695992642,10.078747934819072,9.470308800498948,9.490005146925109,54151
2016-07-11,9.490005146925109,9.73497861107174,9.477777722267573,9.703819281160689,62019
2016-07-12,9.703819281160689,9.737682407545421,9.375998865423218,9.456307848636218,50000
2016-07-13,9.456307848636218,9.505661720575521,8.87825185550182,9.002760547061722,104055
2016-07-14,9.002760547061722,9.408885767988856,8.988545242975047,9.392831417087274,50000
2016-07-15,9.392831417087274,9.741900953040616,9.293442100817428,9.721430808093452,50000
2016-07-18,9.721430808093452,9.827421041026305,9.344089071295848,9.440901666643814,50000
2016-07-19,9.440901666643814,9.460510952212928,9.362109420671361,9.445807912056273,50000
2016-07-20,9.445807912056273,9.546607347867683,9.444178887810377,9.499608753457586,50000
2016-07-21,9.499608753457586,9.517516213673575,9.334789177862735,9.337751363571028,50000
2016-07-22,9.337751363571028,9.356032331899865,9.258356090351418,9.353750042904839,50000
2016-07-25,9.353750042904839,9.369225369396142,8.584300896554971,8.672421143396365,57641
2016-07-26,8.672421143396365,8.758210113895974,8.472766236932829,8.48203765892002,50000
2016-07-27,8.48203765892002,8.70075269310106,8.458251442372905,8.67487413334888,50000
2016-07-28,8.67487413334888,8.731034661513323,8.167285542255206,8.230885360167068,50000
2016-07-29,8.230885360167068,8.25749451042092,8.210035035115997,8.256257317302303,50000
2016-08-01,8.256257317302303,8.285439007508538,8.13637590740568,8.183805871639802,61803
2016-08-02,8.183805871639802,8.264069336813556,7.877132629646629,7.905830977625824,65197
2016-08-03,7.905830977625824,8.236133141994635,7.834630295386927,8.189130481398243,50000
2016-08-04,8.189130481398243,8.223809422624113,7.308507396651852,7.337297174147846,57647
2016-08-05,7.337297174147846,7.721144230860589,7.28967152447519,7.68727570513523,142625
2016-08-08,7.68727570513523,7.704459019499753,7.364779497450078,7.396015283106473,50000
2016-08-09,7.396015283106473,7.455102110677305,7.040185798594452,7.150459626744911,50000
2016-08-10,7.150459626744911,7.591154527928284,7.138035701553496,7.582459820649476,50000
2016-08-11,7.582459820649476,7.622561951774943,7.544302422768656,7.561284534695033,50000
2016-08-12,7.561284534695033,7.57347557929583,7.220430103002542,7.240240646633854,50000
2016-08-15,7.240240646633854,7.2806296142704445,6.99125548057182,7.084766713178334,50000
2016-08-16,7.084766713178334,7.108550166057243,6.711231701781993,6.739471613143513,70140
2016-08-17,6.739471613143513,6.793773328987754,6.601817262265513,6.673525966422487,69491
2016-08-18,6.673525966422487,6.747634900203127,6.651665791068771,6.7254980523066745,50000
2016-08-19,6.7254980523066745,6.814710091867135,6.683792620476196,6.772030345403438,50000
2016-08-22,6.772030345403438,6.774043544309623,6.7694704675367925,6.769532579735384,50000
2016-08-23,6.769532579735384,6.845003206232913,6.756986311106632,6.805765687447033,52837
2016-08-24,6.805765687447033,6.816187997770042,6.676273023637595,6.7075866826725665,125944
2016-08-25,6.7075866826725665,6.780919082291988,6.687837423664182,6.752042250152965,50000
2016-08-26,6.752042250152965,7.004076470563082,6.691724598510527,6.971040859384526,50000
2016-08-29,6.971040859384526,6.973963172011487,6.09020150787267,6.107961525511921,50000
2016-08-30,6.107961525511921,6.277370128091522,6.027520262272637,6.242400796088113,65774
2016-08-31,6.242400796088113,6.30833671663176,5.893925329838257,5.90458452598505,81614
2016-09-01,5.90458452598505,6.0589540523591054,5.895839851368681,6.036379864971324,50000
2016-09-02,6.036379864971324,6.047859346391406,5.51867789418136,5.579265503749185,73298
2016-09-05,5.579265503749185,5.787036514822451,5.57772831871672,5.753200569881634,50000
2016-09-06,5.753200569881634,5.840265083589257,5.717498534443801,5.826448068643879,50000
2016-09-07,5.826448068643879,5.837286081221627,5.303092582864057,5.32408431049806,50000
2016-09-08,5.32408431049806,5.350076460237077,5.278294985964869,5.348416139811762,53438
2016-09-09,5.348416139811762,5.393905066863765,5.343205660277664,5.3770597827957305,50000
2016-09-12,5.3770597827957305,5.7168025797380855,5.366142615474687,5.702159176228547,233781
2016-09-13,5.702159176228547,5.893962849880871,5.689322123149967,5.864345143993116,50000
2016-09-14,5.864345143993116,5.9142134019720745,5.352876487563586,5.393732692864197,55505
2016-09-15,5.393732692864197,5.610300601564468,5.362898685028084,5.5035094427696825,50000
2016-09-16,5.5035094427696825,5.531451377225884,5.29631732598386,5.313926013435052,50000
2016-09-19,5.313926013435052,5.342049592007862,4.63763611260181,4.698244875089819,50000
2016-09-20,4.698244875089819,4.879132415183455,4.656107138235789,4.8710054317268145,50000
2016-09-21,4.8710054317268145,4.875946903262998,4.779085617129105,4.8012040779253775,50000
2016-09-22,4.8012040779253775,5.0138626217890385,4.746356954449606,5.008117584342274,120078
2016-09-23,5.008117584342274,5.094983717108228,4.980331176686038,5.089963314996947,50000
2016-09-26,5.089963314996947,5.276120304437542,5.08142521447948,5.246383385665951,50000
2016-09-27,5.246383385665951,6.22293114219676,5.231995006341578,6.215471085022731,50982
2016-09-28,6.215471085022731,6.22029305273786,6.042648068991801,6.058060875653875,61175
2016-09-29,6.058060875653875,6.063070054960284,5.719694715732817,5.794359780442748,110627
2016-09-30,5.794359780442748,5.798652833447712,5.427377991057224,5.503616149242876,50000
2016-10-03,5.503616149242876,5.556965205282855,5.349101530344423,5.365218073866664,50000
2016-10-04,5.365218073866664,5.404957350620512,5.311707573002439,5.312216482396248,50000
2016-10-05,5.312216482396248,5.317836483755151,5.157238405307382,5.180875685335342,55280
2016-10-06,5.180875685335342,5.186729267743774,4.838927418367463,4.8444623368427,50000
2016-10-07,4.8444623368427,4.856385894708881,4.705947311380772,4.706261880738736,181024
2016-10-10,4.706261880738736,4.727209825817184,4.248712685059909,4.264075950361624,50000
2016-10-11,4.264075950361624,4.365849842364021,4.225247558412534,4.317007356142544,81031
2016-10-12,4.317007356142544,4.325057817406192,4.060211097740724,4.076538094344026,50000
2016-10-13,4.076538094344026,4.746969270861688,4.067155127290177,4.74670611679617,234124
2016-10-14,4.74670611679617,4.77493467778009,4.470981023522895,4.480023779823902,50000
2016-10-17,4.480023779823902,4.80452364597021,4.46380588397225,4.78881751510057,75090
2016-10-18,4.78881751510057,4.911904295279418,4.780663036268204,4.848222926235823,73729
2016-10-19,4.848222926235823,5.08075365752713,4.838841452565913,5.0776949777227705,50000
2016-10-20,5.0776949777227705,5.492480621604016,5.069861117055708,5.432774717117519,108340
2016-10-21,5.432774717117519,5.451127548194424,5.282085135791876,5.3202847472796035,50000
2016-10-24,5.3202847472796035,5.346159306451561,5.150398518633424,5.174556602582847,84229
2016-10-25,5.174556602582847,5.37202564705771,5.169037574689185,5.336798479212928,50000
2016-10-26,5.336798479212928,5.339731864903485,4.994507583247749,5.023389400012456,50000
2016-10-27,5.023389400012456,5.340378841098013,4.9655792214279275,5.3178203670991735,107922
2016-10-28,5.3178203670991735,5.6038334824640845,5.290592196250007,5.589960530462548,69841
2016-10-31,5.589960530462548,5.707278309180392,5.541610327382635,5.678824509258766,50000
2016-11-01,5.678824509258766,5.686668428503546,4.9192240887460486,4.929837624839251,50000
2016-11-02,4.929837624839251,4.954588928232088,4.842491629442072,4.8704918182491355,50000
2016-11-03,4.8704918182491355,5.472988313462371,4.836008465539142,5.4038454879629425,50000
2016-11-04,5.4038454879629425,5.42179331092146,5.064499761708766,5.1164848166600345,50000
2016-11-07,5.1164848166600345,5.532024228719951,5.0864945002662525,5.492246366870661,50000
2016-11-08,5.492246366870661,5.5287815728508285,5.018119843643523,5.019686153200676,107132
2016-11-09,5.019686153200676,5.276037356705546,4.9689802768353,5.247446906144653,79461
2016-11-10,5.247446906144653,5.390379486130726,5.241469463834361,5.3568045023547874,72257
2016-11-11,5.3568045023547874,5.4432063653881855,5.152575088812733,5.173477454501369,50000
2016-11-14,5.173477454501369,5.242426948456669,5.079164773234121,5.08341523270719,50000
2016-11-15,5.08341523270719,5.161821764423601,5.035337674154375,5.158031030505564,100745
2016-11-16,5.158031030505564,5.252786626264764,5.149176115731536,5.221618393886177,50000
2016-11-17,5.221618393886177,5.229761125927158,4.740646134176046,4.76059243721706,52708
2016-11-18,4.76059243721706,4.772750856014841,4.210754609702874,4.242339304776474,50000
2016-11-21,4.242339304776474,4.245483363803998,3.9754376875266186,3.976938556663936,50000
2016-11-22,3.976938556663936,4.035900301626789,3.9098080820355032,3.9277667651807286,165038
2016-11-23,3.9277667651807286,3.941856693654447,3.853180466582826,3.8854634661737126,99749
2016-11-24,3.8854634661737126,3.9130717820969187,3.7737479485296586,3.789721101915144,50000
2016-11-25,3.789721101915144,3.920693326905205,3.774960822802979,3.9136207199314703,50000
2016-11-28,3.9136207199314703,4.003088831355593,3.878726200852389,4.001026904737292,50000
2016-11-29,4.001026904737292,4.070045158972925,3.972690502335526,4.068669169170744,55630
2016-11-30,4.068669169170744,4.090519104981968,3.839636397873285,3.85824623770465,88350
2016-12-01,3.85824623770465,3.883474641282554,3.6557389786076984,3.703110250412913,50000
2016-12-02,3.703110250412913,3.70577205086758,3.4732313683644187,3.477279820459266,59914
2016-12-05,3.477279820459266,3.5080199932267955,3.338469274468629,3.361353646582129,50000
2016-12-06,3.361353646582129,3.3791534173334052,3.1819720735412282,3.2005907677940524,50000
2016-12-07,3.2005907677940524,3.2044981442129807,3.0056425783265395,3.0333495075945165,54709
2016-12-08,3.0333495075945165,3.4555234909372845,3.0043919724177814,3.4221466877443456,50000
2016-12-09,3.4221466877443456,3.428735904145545,2.911078525688192,2.9384983692336326,88761
2016-12-12,2.9384983692336326,2.943697741500686,2.5610357033356044,2.580084105926475,50000
2016-12-13,2.580084105926475,2.629415101253402,2.57856813163316,2.6239962629318345,72939
2016-12-14,2.6239962629318345,2.6264625435353692,2.540092132386035,2.55333562008579,50000
2016-12-15,2.55333562008579,2.9397628769626962,2.5398697566966693,2.936541235543801,50000
2016-12-16,2.936541235543801,2.972788997917336,2.797979156113317,2.811801722885823,88342
2016-12-19,2.811801722885823,3.1979253568593133,2.7716345739762605,3.1768875156777012,50000
2016-12-20,3.1768875156777012,3.4460164845444012,3.159649536769818,3.4321642859747654,50000
2016-12-21,3.4321642859747654,3.4596013672356034,3.358303096746018,3.3738420572258043,61992
2016-12-22,3.3738420572258043,3.403752807878846,3.146784359828481,3.148913044495127,50000
2016-12-23,3.148913044495127,3.168002829034115,2.5523732460008963,2.5639013796951393,50000
2016-12-26,2.5639013796951393,2.874782535163463,2.5525474203334912,2.8591756293620265,50000
2016-12-27,2.8591756293620265,3.1240596681621167,2.838275571592397,3.114546458600447,56564
2016-12-28,3.114546458600447,3.320587892976851,3.112135546818004,3.3106500493476396,50000
2016-12-29,3.3106500493476396,3.312063352508803,3.12539131800294,3.140721157342261,50000
2016-12-30,3.140721157342261,3.1430593290863094,2.985652296063486,2.9892779505198153,50000
2017-01-02,2.9892779505198153,2.9988080370717856,2.599628942169221,2.607625457851369,110145
2017-01-03,2.607625457851369,2.9159563983045675,2.5906127615678995,2.8891210607047166,50000
2017-01-04,2.8891210607047166,2.971576617760652,2.882351311814651,2.9634093132469173,50000
2017-01-05,2.9634093132469173,3.0989192517053357,2.9540801734339084,3.0819206847782317,50000
2017-01-06,3.0819206847782317,3.1069824163290996,2.9890269371971083,3.0033756641503375,50000
2017-01-09,3.0033756641503375,3.0037213894917407,2.6990316890688466,2.716385475067526,50000
2017-01-10,2.716385475067526,2.7165058847911325,2.4664574771300636,2.4881760889568034,90182
2017-01-11,2.4881760889568034,2.6122522550803335,2.487803151117118,2.5848441776056093,50000
2017-01-12,2.5848441776056093,2.6528309627320814,2.570918631865344,2.6476349451444943,73615
2017-01-13,2.6476349451444943,2.748770536441227,2.6204486517719072,2.7287670966051074,61757
2017-01-16,2.7287670966051074,2.7522221790142916,2.4698844813954683,2.482616033891061,84872
2017-01-17,2.482616033891061,2.497083782444819,2.4572555858645395,2.4605922643528553,66686
2017-01-18,2.4605922643528553,2.7926004521562713,2.4591257699065263,2.77548721004897,50000
2017-01-19,2.77548721004897,2.7812025598848633,2.4986595619005376,2.520853390326451,50000
2017-01-20,2.520853390326451,2.6867808528633446,2.5171084800608425,2.6587627584081783,102495
2017-01-23,2.6587627584081783,2.675262262682248,2.534492080597419,2.555920663645131,50000
2017-01-24,2.555920663645131,3.218531871865523,2.5415407446820018,3.2114451482105046,50000
2017-01-25,3.2114451482105046,3.213752139957156,2.8848521241972063,2.8974366442083253,50000
2017-01-26,2.8974366442083253,2.9059971778705114,2.6143071983581714,2.6196698331585653,50000
2017-01-27,2.6196698331585653,2.632044890534287,1.9526253410967016,1.9603093536827287,50000
2017-01-30,1.9603093536827287,1.9813634336915553,1.8947754588459647,1.9047420832130493,50000
2017-01-31,1.9047420832130493,1.9159944719395934,1.5820414950421777,1.5861818073410365,50000
2017-02-01,1.5861818073410365,1.6106464638934734,1.4041232517320426,1.4043859156694716,55796
2017-02-02,1.4043859156694716,1.410974790642561,1.271525115061997,1.2784967585281601,50000
2017-02-03,1.2784967585281601,1.2875270179072684,1.0896124699744683,1.0994661724722563,102195
2017-02-06,1.0994661724722563,1.099805400470736,0.9065343315495762,0.9093069746876034,50000
2017-02-07,0.9093069746876034,1.0785904713729255,0.9038311224770132,1.070952077525727,50000
2017-02-08,1.070952077525727,1.3821085913945577,1.0667863527844395,1.3735643969752995,50000
2017-02-09,1.3735643969752995,1.3739483203581868,1.2090951788068154,1.21255227750287,50000
2017-02-10,1.21255227750287,1.215995994775618,0.8993192679263978,0.9083348133216991,50000
2017-02-13,0.9083348133216991,0.990123373533202,0.9018793013825731,0.9883692208632964,50000
2017-02-14,0.9883692208632964,1.5968419966453058,0.9779140810304099,1.5931621252881942,59005
2017-02-15,1.5931621252881942,1.7638792967929608,1.5856106624862984,1.7396847603624706,50000
2017-02-16,1.7396847603624706,1.7435188961867154,1.4236745236461075,1.430163675216329,50000
2017-02-17,1.430163675216329,2.113967990215001,1.4282234033198675,2.1108196266876655,50000
2017-02-20,2.1108196266876655,2.123548752002282,1.8749406309873276,1.897240365924613,50000
2017-02-21,1.897240365924613,2.3222601327970147,1.8955391678392624,2.3027274030451204,95372
2017-02-22,2.3027274030451204,2.4669081215720516,2.2978967183592505,2.4606647779697646,50000
2017-02-23,2.4606647779697646,2.475012321316159,2.4219632607636,2.4315211153095517,50000
2017-02-24,2.4315211153095517,2.4454657858896534,2.430317901027016,2.442608782258202,53431
2017-02-27,2.442608782258202,2.4678135508403694,2.435360260109561,2.439645821905343,52191
2017-02-28,2.439645821905343,2.853952457291575,2.4384329807227827,2.844205413127946,65087
2017-03-01,2.844205413127946,2.852908941217612,2.79331256107774,2.813746567494496,50000
2017-03-02,2.813746567494496,3.259463714854579,2.789924639155964,3.2246215126950952,50000
2017-03-03,3.2246215126950952,3.374414178804488,3.215193495938554,3.368456459716618,50000
2017-03-06,3.368456459716618,3.4793012454509014,3.364646519735007,3.4315817797633645,62197
2017-03-07,3.4315817797633645,3.4381587993547438,3.4169707683854478,3.42533142574192,50000
2017-03-08,3.42533142574192,3.428183855900676,3.3419277267129734,3.3616897589372168,84137
2017-03-09,3.3616897589372168,3.4094712199406803,3.163536541432648,3.1747899244912685,50000
2017-03-10,3.1747899244912685,3.177976750825627,2.631388090524449,2.671401006266929,50000
2017-03-13,2.671401006266929,2.7633822646144863,2.669065304005159,2.755922036711719,50000
2017-03-14,2.755922036711719,3.220298686538888,2.720298438357998,3.1891497688032118,50000
2017-03-15,3.1891497688032118,3.6232671124558804,3.170319123363781,3.62213192854807,61164
2017-03-16,3.62213192854807,3.63723127376224,3.216969958675995,3.2382402878312875,50000
2017-03-17,3.2382402878312875,3.465112622431849,3.226662026148737,3.4554752941282465,50000
2017-03-20,3.4554752941282465,4.007212022635481,3.4394698328602944,4.0048450557372375,50000
2017-03-21,4.0048450557372375,4.040549541473887,3.586555064648279,3.615907992624256,50000
2017-03-22,3.615907992624256,3.6242375878690316,3.499420042620291,3.532667666720574,50000
2017-03-23,3.532667666720574,3.544732571101928,3.2496499234140916,3.2550979316509396,50000
2017-03-24,3.2550979316509396,3.5288046324019993,3.2518743554992136,3.517019457498912,50000
2017-03-27,3.517019457498912,3.547809391593259,3.4388088167542445,3.4536719738769754,55364
2017-03-28,3.4536719738769754,3.4698286718481786,3.28193150084546,3.3213486640551437,86416
2017-03-29,3.3213486640551437,3.3578654959875887,3.0970906823180195,3.1058742633753913,50000
2017-03-30,3.1058742633753913,3.167434190666341,3.065366596022693,3.143464656303198,50000
2017-03-31,3.143464656303198,3.399973474285948,3.1396595364596376,3.396266807894467,50000
2017-04-03,3.396266807894467,3.3985753047035616,2.865314878616767,2.8801960681227787,50000
2017-04-04,2.8801960681227787,2.8996471104497163,2.781598509116504,2.80798945910429,50000
2017-04-05,2.80798945910429,2.817663902114357,2.363973591981752,2.3681823623469396,50000
2017-04-06,2.3681823623469396,2.372388261133593,2.325901834083779,2.338397693137711,50000
2017-04-07,2.338397693137711,2.3407588646812294,2.1985497942650363,2.202813811269456,54250
2017-04-10,2.202813811269456,2.2191317134029833,1.9864235930290643,1.9948826323971738,50000
2017-04-11,1.9948826323971738,2.338226899790144,1.9719184476535083,2.3274958694511363,122254
2017-04-12,2.3274958694511363,2.341980751133011,2.2171542972960747,2.220798905140041,50000
2017-04-13,2.220798905140041,2.2242576342216647,1.8653687371194487,1.8671097161129873,54087
2017-04-14,1.8671097161129873,1.8742148455911276,1.511254216895696,1.5207672790908526,92606
2017-04-17,1.5207672790908526,1.6870736556836483,1.5205224000883215,1.6720662061719955,50000
2017-04-18,1.6720662061719955,2.059370594843126,1.6710698173428369,2.048595950702849,56889
2017-04-19,2.048595950702849,2.091528373447779,2.045032186619985,2.0888350489690293,50000
2017-04-20,2.0888350489690293,2.143243961880439,2.079291132029743,2.1383582598606186,50000
2017-04-21,2.1383582598606186,2.1392874220350926,1.7585446546654708,1.7782636576884492,65246
2017-04-24,1.7782636576884492,1.782906664372809,1.5856860036704423,1.5909869341502154,50000
2017-04-25,1.5909869341502154,1.703880727196296,1.5803895846074059,1.6961772055186353,50000
2017-04-26,1.6961772055186353,1.6999809481290182,1.4694759802615633,1.4769703555068316,50000
2017-04-27,1.4769703555068316,1.4816382573041582,1.401421906776054,1.4055744363776974,50000
2017-04-28,1.4055744363776974,1.4148167798005298,1.0405378448700466,1.0446538477430878,96551
2017-05-01,1.0446538477430878,1.345926094583023,1.0399497487089748,1.3370768203152636,80073
2017-05-02,1.3370768203152636,1.3383328721063048,1.2140843484370551,1.2167960511466733,50000
2017-05-03,1.2167960511466733,1.2366468484558286,0.8957390207602799,0.9002296381610693,50000
2017-05-04,0.9002296381610693,0.9031538491224054,0.8929946762427023,0.9001912865179452,50000
2017-05-05,0.9001912865179452,0.9061913410394009,0.8943176446519445,0.900156433452486,50000
2017-05-08,0.900156433452486,0.9037981168981785,0.8981337183297736,0.90012508018639,50000
2017-05-09,0.90012508018639,0.9125890279305627,0.8970206214192734,0.9000972278186781,78790
2017-05-10,0.9000972278186781,0.9078928506471984,0.8956365977415633,0.9000728773256542,50991
2017-05-11,0.9000728773256542,0.9077686822725871,0.8985361554330434,0.9000520295608724,61360
2017-05-12,0.9000520295608724,0.9025311712672213,0.8999709662302449,0.9000346852551054,50000
2017-05-15,0.9000346852551054,0.9040920629752398,0.8964022727398456,0.9000208450163205,89371
2017-05-16,0.9000208450163205,0.9004340720433041,0.8978817919607476,0.9000105093296569,112060
2017-05-17,0.9000105093296569,0.9057660201768716,0.893606915425887,0.9000036785574099,50000
2017-05-18,0.9000036785574099,0.9030487443688704,0.8977642735167722,0.9000003529390171,50000
2017-05-19,0.9000003529390171,0.905894408296339,0.8952513460585442,0.9000005325910512,50000
2017-05-22,0.9000005325910512,0.9018989857345004,0.8975208302454943,0.9000042175072147,50000
2017-05-23,0.9000042175072147,0.9016308812152952,0.8912643528390018,0.9000114075583407,52758
2017-05-24,0.9000114075583407,0.9090958849155193,0.8998118367972312,0.9000221024923979,50000
2017-05-25,0.9000221024923979,0.9066915054891245,0.8966476509545563,0.9000363019344984,50000
2017-05-26,0.9000363019344984,0.9037446735759843,0.894359267072348,0.9000540053869116,50000
2017-05-29,0.9000540053869116,0.9013719786884298,0.8921239904908966,0.9000752122290816,50000
2017-05-30,0.9000752122290816,0.9041288868220317,0.8912057902539348,0.9000999217176483,50000
2017-05-31,0.9000999217176483,0.9030411746061315,0.8901349617239408,0.9001281329864745,50000
2017-06-01,0.9001281329864745,0.9004172218521275,0.895861040203514,0.9001598450466755,50000
2017-06-02,0.9001598450466755,0.9075239002211328,0.8978044090426421,0.9001950567866537,50000
2017-06-05,0.9001950567866537,0.9024127178051293,0.8896269221145703,0.9002337669721382,50000
2017-06-06,0.9002337669721382,0.9003464537086503,0.8952446538379052,0.9002759742462273,50000
2017-06-07,0.9002759742462273,0.9032492556941697,0.8976615805279144,0.900321677129437,157088
2017-06-08,0.900321677129437,0.9047856030769663,0.8991331008335601,0.9003708740197518,50000
2017-06-09,0.9003708740197518,0.9093301253335793,0.8977455218506348,0.9004235631926816,50000
2017-06-12,0.9004235631926816,0.9028415638923347,0.899151327112301,0.9004797428013218,50000
2017-06-13,0.9004797428013218,0.9045775372000194,0.8936371650895699,0.9005394108764184,50000
2017-06-14,0.9005394108764184,0.9030073549284546,0.8987337738921285,0.9006025653264367,50000
2017-06-15,0.9006025653264367,0.9026023709428909,0.8954119609242025,0.9006692039376342,59247
2017-06-16,0.9006692039376342,0.9035741046916588,0.8923089137171606,0.9007393243741395,50000
2017-06-19,0.9007393243741395,0.9014383195136624,0.8953755273818342,0.9008129241780329,96659
2017-06-20,0.9008129241780329,0.9079376503021126,0.899250361434337,0.9008900007694333,59598
2017-06-21,0.9008900007694333,0.9010887107277955,0.8939702156591858,0.900970551446588,50000
2017-06-22,0.900970551446588,0.9047589714839728,0.9007997954049494,0.901054573385968,107545
2017-06-23,0.901054573385968,0.9027216538106918,0.9006738865219961,0.9011420636423664,50000
2017-06-26,0.9011420636423664,0.9016553204048444,0.8935339916430134,0.901233019149003,50000
2017-06-27,0.901233019149003,0.906077743339472,0.8956408351742668,0.9013274367176296,50000
2017-06-28,0.9013274367176296,0.9127955140424998,0.8955240693242458,0.9014253130386435,52780
2017-06-29,0.9014253130386435,0.9063144360988956,0.8890940216588199,0.9015266446812028,50000
2017-06-30,0.9015266446812028,0.9064642678870567,0.9011074726579552,0.9016314280933471,50000
2017-07-03,0.9016314280933471,0.9058812722709266,0.8996675544714022,0.9017396596021209,82522
2017-07-04,0.9017396596021209,0.9058477768802776,0.8977279631162216,0.9018513354137043,50000
2017-07-05,0.9018513354137043,0.9020878320210636,0.8994683510128706,0.9019664516135443,50000
2017-07-06,0.9019664516135443,0.9021700512578205,0.899881442339379,0.9020850041664923,68759
2017-07-07,0.9020850041664923,0.9044169790861385,0.8910468258530655,0.9022069889169462,50000
2017-07-10,0.9022069889169462,0.9025855500292902,0.8941680285877661,0.9023324015889954,50000
2017-07-11,0.9023324015889954,0.906143725969428,0.8967571703494354,0.9024612377865708,50000
2017-07-12,0.9024612377865708,0.9063794070552526,0.8925492740827663,0.9025934929936,50000
2017-07-13,0.9025934929936,0.9052700858841557,0.9022451761299715,0.9027291625741637,106762
2017-07-14,0.9027291625741637,0.9077172729575235,0.899797500420765,0.9028682417726592,76162
2017-07-17,0.9028682417726592,0.9087669760568087,0.9014233449574575,0.9030107257139677,50000
2017-07-18,0.9030107257139677,0.9048295328872537,0.8991055379662044,0.9031566094036237,50000
2017-07-19,0.9031566094036237,0.9122415305237289,0.8982206368411247,0.9033058877279916,50000
2017-07-20,0.9033058877279916,0.9106328984725095,0.9024603915437023,0.9034585554544433,71787
2017-07-21,0.9034585554544433,0.9067286610272,0.9001792403663524,0.9036146072315443,52257
2017-07-24,0.9036146072315443,0.9050779721452998,0.9007691717382789,0.903774037589238,50000
2017-07-25,0.903774037589238,0.906497622870069,0.8993805207530973,0.9039368409390396,98839
2017-07-26,0.9039368409390396,0.910713671663085,0.8966543373048326,0.904103011574231,50000
2017-07-27,0.904103011574231,0.9054144360872223,0.9023857600217924,0.9042725436700614,96941
2017-07-28,0.9042725436700614,0.9062099953946208,0.9034159563628905,0.9044454312839522,50000
2017-07-31,0.9044454312839522,0.9110916666833316,0.8981016113622728,0.9046216683557029,112961
2017-08-01,0.9046216683557029,0.9083658867474016,0.9021938125259028,0.9048012487077062,50000
2017-08-02,0.9048012487077062,0.9117540024494751,0.9014173722293362,0.9049841660451625,50000
2017-08-03,0.9049841660451625,0.9096161520417636,0.9016195965908657,0.905170413956302,50000
2017-08-04,0.905170413956302,0.9114278253080935,0.9008661305678739,0.9053599859126088,131208
2017-08-07,0.9053599859126088,0.9075003662512856,0.89864474010086,0.9055528752690492,50000
2017-08-08,0.9055528752690492,0.909271409889516,0.8987000069269246,0.9057490752643065,50000
2017-08-09,0.9057490752643065,0.9090948536066429,0.9004315798881822,0.9059485790210158,53992
2017-08-10,0.9059485790210158,0.9176183725800638,0.9015488064581569,0.9061513795460062,50000
2017-08-11,0.9061513795460062,0.9110690621630468,0.9056705220886536,0.9063574697305458,50000
2017-08-14,0.9063574697305458,0.9095844216649762,0.9058184538068048,0.9065668423505902,50000
2017-08-15,0.9065668423505902,0.9091281568462153,0.9061808693160707,0.9067794900670378,50000
2017-08-16,0.9067794900670378,0.9072169469876326,0.9028276064763949,0.9069954054259848,50000
2017-08-17,0.9069954054259848,0.9134343926492083,0.9066579395019692,0.9072145808589869,78131
2017-08-18,0.9072145808589869,0.9139428443711085,0.9057385618292352,0.9074370086833252,89464
2017-08-21,0.9074370086833252,0.9109707664324169,0.904046902468443,0.9076626811022759,50000
2017-08-22,0.9076626811022759,0.9120586191024889,0.9024882176449859,0.9078915902053821,112555
2017-08-23,0.9078915902053821,0.908414064474382,0.9033061919115857,0.9081237279687321,50000
2017-08-24,0.9081237279687321,0.9172411553666048,0.9049530637613137,0.9083590862552418,50000
2017-08-25,0.9083590862552418,0.9172529632143871,0.9081027633347475,0.908597656814937,50000
2017-08-28,0.908597656814937,0.9128270588288417,0.9036540252925895,0.908839431285245,50000
2017-08-29,0.908839431285245,0.9163386729295235,0.9060580783155472,0.9090844011912871,50000
2017-08-30,0.9090844011912871,0.9157717123845162,0.9085033487069477,0.9093325579461745,50000
2017-08-31,0.9093325579461745,0.9101175472427778,0.9092057955398661,0.9095838928513124,50951
2017-09-01,0.9095838928513124,0.9138711884099346,0.8979836923880967,0.9098383970967009,50000
2017-09-04,0.9098383970967009,0.9129021111635934,0.9081627405637223,0.9100960617612466,50000
2017-09-05,0.9100960617612466,0.9121290342576553,0.9044250014502614,0.9103568778130744,50000
2017-09-06,0.9103568778130744,0.9162952875785598,0.906541473211707,0.9106208361098439,50000
2017-09-07,0.9106208361098439,0.9118401755828835,0.9046792399454205,0.9108879273990705,76538
2017-09-08,0.9108879273990705,0.9122954148751605,0.907959775151965,0.9111581423184485,50000
2017-09-11,0.9111581423184485,0.9182566859804704,0.9048487541494468,0.911431471396182,50000
2017-09-12,0.911431471396182,0.9142071415033995,0.9038006956838959,0.9117079050513133,50000
2017-09-13,0.9117079050513133,0.9200055919772552,0.9115002833486984,0.911987433594061,50000
2017-09-14,0.911987433594061,0.9135478600233713,0.9077938783053204,0.9122700472261592,50000
2017-09-15,0.9122700472261592,0.9142177108343461,0.9083948202269895,0.9125557360412002,50000
2017-09-18,0.9125557360412002,0.9191305681147018,0.9104368252174182,0.9128444900249846,50000
2017-09-19,0.9128444900249846,0.9228608885368069,0.9092861156125019,0.9131362990558677,115798
2017-09-20,0.9131362990558677,0.9157172396143805,0.906911749671436,0.9134311529051179,50000
2017-09-21,0.9134311529051179,0.9157928893860825,0.8978031593152563,0.9137290412372739,68885
2017-09-22,0.9137290412372739,0.9149703108512086,0.9117102254310203,0.9140299536105074,50000
2017-09-25,0.9140299536105074,0.9208066818005006,0.9118257826826873,0.9143338794769885,50000
2017-09-26,0.9143338794769885,0.9164122348801926,0.9083628423032031,0.9146408081832555,50000
2017-09-27,0.9146408081832555,0.9206319341496283,0.9074288966899983,0.9149507289705907,137585
2017-09-28,0.9149507289705907,0.9206081343544833,0.9104085055023523,0.9152636309753933,52686
2017-09-29,0.9152636309753933,0.9164224773350743,0.9150594559917856,0.9155795032295632,50000
2017-10-02,0.9155795032295632,0.9272124694438368,0.9106886499783947,0.9158983346608844,50000
2017-10-03,0.9158983346608844,0.9164231139435924,0.9145539375216842,0.9162201140934132,50000
2017-10-04,0.9162201140934132,0.9201237330597295,0.9076251171673836,0.9165448302478717,50000
2017-10-05,0.9165448302478717,0.9207104220448155,0.9112114299195432,0.9168724717420398,82889
2017-10-06,0.9168724717420398,0.9182328999924341,0.910335222948851,0.9172030270911564,50000
2017-10-09,0.9172030270911564,0.9216367082854132,0.9126436647317732,0.9175364847083218,50000
2017-10-10,0.9175364847083218,0.9194556799736664,0.9058184948495865,0.9178728329049037,50000
2017-10-11,0.9178728329049037,0.9202141773567359,0.9084628810903962,0.9182120598909463,50000
2017-10-12,0.9182120598909463,0.9188971096305365,0.9163929031737019,0.9185541537755839,50000
2017-10-13,0.9185541537755839,0.9232375911225708,0.9159267998018943,0.9188991025674598,68188
2017-10-16,0.9188991025674598,0.9315128095102104,0.9171193381970147,0.9192468941751426,50000
2017-10-17,0.9192468941751426,0.9203380568518458,0.9134560431121758,0.9195975164075528,50000
2017-10-18,0.9195975164075528,0.9213568046958083,0.9183183108838208,0.9199509569743899,50000
2017-10-19,0.9199509569743899,0.9239404936546362,0.9188843551771392,0.9203072034865614,91550
2017-10-20,0.9203072034865614,0.9326259757377068,0.9181912352506606,0.9206662434566213,50000
2017-10-23,0.9206662434566213,0.9233096328916893,0.9132028843618143,0.9210280642992025,50000
2017-10-24,0.9210280642992025,0.9308153966435312,0.9199220728085931,0.9213926533314613,50000
2017-10-25,0.9213926533314613,0.9264491291081504,0.9145298655691392,0.9217599977735209,50000
2017-10-26,0.9217599977735209,0.9250608448763447,0.9207961933846642,0.92213008474892,50000
2017-10-27,0.92213008474892,0.9227839380564219,0.9215906213891287,0.9225029012850634,50000
2017-10-30,0.9225029012850634,0.933571107382392,0.9116483933771657,0.9228784343136762,62669
2017-10-31,0.9228784343136762,0.9257378766729054,0.9223688986911939,0.9232566706712656,76779
2017-11-01,0.9232566706712656,0.9239762531851213,0.9102380929247559,0.9236375970995767,50000
2017-11-02,0.9236375970995767,0.925696274047216,0.9214380268227675,0.924021200246061,50000
2017-11-03,0.924021200246061,0.9387146267395426,0.9145456654804233,0.9244074666643435,50000
2017-11-06,0.9244074666643435,0.9259398142010729,0.9167271696178478,0.9247963828146937,50000
2017-11-07,0.9247963828146937,0.9254497103281314,0.9217494810636542,0.9251879350644997,147397
2017-11-08,0.9251879350644997,0.9290332182465177,0.9214875893427291,0.9255821096887499,78486
2017-11-09,0.9255821096887499,0.9263338140343568,0.9211620638524043,0.9259788928705079,74935
2017-11-10,0.9259788928705079,0.9275175911610004,0.9247217166212562,0.9263782707014013,50000
2017-11-13,0.9263782707014013,0.9308955267551295,0.9198134793620046,0.9267802291821075,50000
2017-11-14,0.9267802291821075,0.9328443876832327,0.9204461514592144,0.9271847542228451,50000
2017-11-15,0.9271847542228451,0.9290537965255468,0.9139994055978948,0.9275918316438663,93838
2017-11-16,0.9275918316438663,0.9384568651901721,0.9264765423700683,0.9280014471759584,58319
2017-11-17,0.9280014471759584,0.9338671326814387,0.9255314981766624,0.9284135864609377,50000
2017-11-20,0.9284135864609377,0.931552474094876,0.9233205702360511,0.9288282350521566,50000
2017-11-21,0.9288282350521566,0.9394221656046807,0.9275976895964978,0.9292453784150094,50000
2017-11-22,0.9292453784150094,0.9361171864758726,0.9289915806578202,0.9296650019274416,50000
2017-11-23,0.9296650019274416,0.9387308883770517,0.9272765054194863,0.9300870908804613,50000
2017-11-24,0.9300870908804613,0.9327794820519968,0.9268274214334015,0.9305116304786591,50000
2017-11-27,0.9305116304786591,0.9338920148276147,0.9304296958408722,0.9309386058407206,50000
2017-11-28,0.9309386058407206,0.9330219466902878,0.9264277691726434,0.9313680019999517,52733
2017-11-29,0.9313680019999517,0.9352670074443952,0.9229493812587957,0.9317998039048028,50000
2017-11-30,0.9317998039048028,0.9393234100725181,0.9284454171726072,0.932233996419396,76672
2017-12-01,0.932233996419396,0.9386347808697456,0.9312180328165611,0.9326705643240557,50000
2017-12-04,0.9326705643240557,0.9343427567876329,0.9280074365986667,0.9331094923158412,53885
2017-12-05,0.9331094923158412,0.9351416596934892,0.9207923871506387,0.9335507650090873,50000
2017-12-06,0.9335507650090873,0.9487581548850783,0.9319106226807493,0.9339943669359371,50000
2017-12-07,0.9339943669359371,0.936382013342455,0.9287286446036331,0.9344402825468885,55835
2017-12-08,0.9344402825468885,0.9369947826776502,0.9207222358578265,0.9348884962113384,406758
2017-12-11,0.9348884962113384,0.940529208703302,0.9227287937244169,0.9353389922181291,50000
2017-12-12,0.9353389922181291,0.9379021184015743,0.9323521289310742,0.9357917547761039,50000
2017-12-13,0.9357917547761039,0.9416893278281204,0.9295929040062899,0.9362467680146536,50000
2017-12-14,0.9362467680146536,0.9432986733083033,0.9315438152464758,0.9367040159842772,50000
2017-12-15,0.9367040159842772,0.942007233006806,0.9275631228267871,0.9371634826571407,56065
2017-12-18,0.9371634826571407,0.9433970771180493,0.9347517717901463,0.9376251519276375,50000
2017-12-19,0.9376251519276375,0.9414439927998036,0.9350523578168247,0.9380890076129542,50000
2017-12-20,0.9380890076129542,0.9400653904956449,0.9259371471454467,0.9385550334536361,50000
2017-12-21,0.9385550334536361,0.9418389878152862,0.9323587957500002,0.9390232131141619,50000
2017-12-22,0.9390232131141619,0.9415283988669957,0.9387440522708128,0.9394935301835093,50000
2017-12-25,0.9394935301835093,0.9467675007524601,0.9333194894838911,0.9399659681757351,50000
2017-12-26,0.9399659681757351,0.9454674154916095,0.9320052437132978,0.9404405105305513,124394
2017-12-27,0.9404405105305513,0.946306718669716,0.940296453316495,0.9409171406139056,50000
2017-12-28,0.9409171406139056,0.9503578405795925,0.939354282275485,0.9413958417185677,50000
2017-12-29,0.9413958417185677,0.9464672311016112,0.9382983497250947,0.9418765970647092,50000
2018-01-01,0.9418765970647092,0.9433953075367288,0.9414268962432218,0.9423593898004954,196414
2018-01-02,0.9423593898004954,0.9471871176062121,0.938499409472672,0.9428442030026758,50000
2018-01-03,0.9428442030026758,0.943478663111308,0.9361019402710015,0.9433310196771765,50000
2018-01-04,0.9433310196771765,0.9518300364023735,0.935036694877283,0.9438198227596963,109923
2018-01-05,0.9438198227596963,0.944489182921795,0.9336303910419785,0.9443105951163039,50000
2018-01-08,0.9443105951163039,0.9515654595957984,0.936735686574674,0.9448033195440424,175033
2018-01-09,0.9448033195440424,0.9520142157850103,0.9447113572042969,0.9452979787715261,50000
2018-01-10,0.9452979787715261,0.9495579067594044,0.9417823006272067,0.9457945554595502,59654
2018-01-11,0.9457945554595502,0.9549562755643772,0.9420370849024892,0.9462930322016975,134453
2018-01-12,0.9462930322016975,0.9515036339866791,0.9415526936312966,0.9467933915249472,91372
2018-01-15,0.9467933915249472,0.9490392811390063,0.9452866760681301,0.9472956158902927,50393
2018-01-16,0.9472956158902927,0.9548896969522248,0.9420491136347284,0.9477996876933481,63777
2018-01-17,0.9477996876933481,0.9544471414549653,0.947108462692129,0.9483055892649714,68486
2018-01-18,0.9483055892649714,0.9492096936342912,0.9397377169531526,0.948813302871882,113836
2018-01-19,0.948813302871882,0.9553620538843255,0.947647773611168,0.949322810717282,56792
2018-01-22,0.949322810717282,0.9536511772587303,0.9480691653028048,0.9498340949414804,70496
2018-01-23,0.9498340949414804,0.9519247766049332,0.9411862779274279,0.9503471376225182,50000
2018-01-24,0.9503471376225182,0.9556392794409251,0.9333527737940105,0.950861920776801,50000
2018-01-25,0.950861920776801,0.9516857791088683,0.9473951240128415,0.9513784263597221,50000
2018-01-26,0.9513784263597221,0.956028104795136,0.9481672879882541,0.9518966362663004,50000
2018-01-29,0.9518966362663004,0.9555976673740734,0.9480451346451961,0.952416532331813,52157
2018-01-30,0.952416532331813,0.9576289344265609,0.9453604256053485,0.9529380963324312,50000
2018-01-31,0.9529380963324312,0.958146745215325,0.9448413349789662,0.9534613099858644,50000
2018-02-01,0.9534613099858644,0.9579560605860018,0.9415617025877338,0.9539861549519933,50000
2018-02-02,0.9539861549519933,0.9546779864645094,0.94818670253053,0.9545126128335175,50000
2018-02-05,0.9545126128335175,0.955123052327576,0.9451994842024519,0.9550406651765994,133274
2018-02-06,0.9550406651765994,0.956560981848776,0.9535660915646765,0.9555702934715109,64814
2018-02-07,0.9555702934715109,0.9584133715904035,0.9491793674437078,0.9561014791532827,78439
2018-02-08,0.9561014791532827,0.9578397168914087,0.9465143745213795,0.9566342036023532,50000
2018-02-09,0.9566342036023532,0.9636496034376173,0.9542464959423251,0.9571684481452264,53489
2018-02-12,0.9571684481452264,0.9591080218027277,0.954603104419098,0.957704194055119,50000
2018-02-13,0.957704194055119,0.9604665411982846,0.9533403211039071,0.9582414225526217,50000
2018-02-14,0.9582414225526217,0.9704524731430271,0.9551370410414168,0.9587801148063565,50000
2018-02-15,0.9587801148063565,0.9696443265166923,0.95845518668695,0.959320251933635,50000
2018-02-16,0.959320251933635,0.9661057985102374,0.9585748385938818,0.9598618150011263,50000
2018-02-19,0.9598618150011263,0.9617986692077147,0.9546765239739168,0.9604047850255119,72736
2018-02-20,0.9604047850255119,0.9680643530651575,0.9572079182660236,0.9609491429741568,50000
2018-02-21,0.9609491429741568,0.9647035557308977,0.9602683818716767,0.9614948697657756,50000
2018-02-22,0.9614948697657756,0.9678363664918467,0.9568769457717311,0.962041946271101,50000
2018-02-23,0.962041946271101,0.9692852069365435,0.9563359203848568,0.9625903533135541,50000
2018-02-26,0.9625903533135541,0.9654254366298679,0.9602628616959096,0.9631400716699162,50000
2018-02-27,0.9631400716699162,0.972259645162273,0.9596885812342778,0.9636910820710068,50000
2018-02-28,0.9636910820710068,0.9652359919166487,0.9590571331620256,0.9642433652023519,241313
2018-03-01,0.9642433652023519,0.9659978054486422,0.9608230204571179,0.9647969017048657,50000
2018-03-02,0.9647969017048657,0.9701617202979602,0.9627776960331976,0.9653516721755284,139168
2018-03-05,0.9653516721755284,0.9672373614084089,0.9600162667371177,0.9659076571680649,50000
2018-03-06,0.9659076571680649,0.9768882385416388,0.9657972903558354,0.9664648371936316,50000
2018-03-07,0.9664648371936316,0.9830050387942114,0.9637888346108513,0.9670231927214915,50000
2018-03-08,0.9670231927214915,0.9717181481610286,0.9638798468685961,0.9675827041797043,50000
2018-03-09,0.9675827041797043,0.9681601292314873,0.9624975262159411,0.9681433519558111,50000
2018-03-12,0.9681433519558111,0.9736875819414574,0.9678383911528704,0.968705116397522,50000
2018-03-13,0.968705116397522,0.9719112761924794,0.9673244312987923,0.9692679778134043,50000
2018-03-14,0.9692679778134043,0.971723322459186,0.9621453260537419,0.9698319164735728,58658
2018-03-15,0.9698319164735728,0.9761881047197719,0.967708424329865,0.9703969126103849,50000
2018-03-16,0.9703969126103849,0.9714086218959328,0.970110603875048,0.970962946419127,50000
2018-03-19,0.970962946419127,0.9733953974081107,0.967367952100754,0.9715299980587134,69703
2018-03-20,0.9715299980587134,0.9778083428847234,0.9701330725861705,0.9720980476523805,50000
2018-03-21,0.9720980476523805,0.9738545393063571,0.9698753616424278,0.9726670752883836,50000
2018-03-22,0.9726670752883836,0.9778592998405746,0.9708945315367657,0.9732370610206935,142420
2018-03-23,0.9732370610206935,0.9779975324296251,0.9664970330945664,0.9738079848697012,50000
2018-03-26,0.9738079848697012,0.9777773320388923,0.9734650495168526,0.9743798268229097,57896
2018-03-27,0.9743798268229097,0.9770103165753738,0.9640451459566425,0.9749525668356414,50000
2018-03-28,0.9749525668356414,0.9778818421398345,0.967809426549503,0.9755261848317393,60502
2018-03-29,0.9755261848317393,0.9845652990751632,0.9673397298909412,0.9761006607042703,189134
2018-03-30,0.9761006607042703,0.9782873043675816,0.9714591106544253,0.9766759743162291,60430
2018-04-02,0.9766759743162291,0.9810547693172404,0.971627811034332,0.9772521055012495,50000
2018-04-03,0.9772521055012495,0.9801211393381509,0.9714166830305491,0.9778290340643027,95062
2018-04-04,0.9778290340643027,0.9815029313088401,0.9743655818807574,0.978406739782411,50000
2018-04-05,0.978406739782411,0.9853808961593792,0.9746980518803945,0.9789852024053554,74561
2018-04-06,0.9789852024053554,0.9819145869133552,0.9746904508164461,0.9795644016563848,62261
2018-04-09,0.9795644016563848,0.9866835751877049,0.9775264318736828,0.9801443172329264,50000
2018-04-10,0.9801443172329264,0.9862794630085121,0.9793876920607424,0.9807249288073019,58558
2018-04-11,0.9807249288073019,0.9873787005257985,0.9807205239191298,0.9813062160274322,50000
2018-04-12,0.9813062160274322,0.985960984768885,0.9802259136491386,0.9818881585175564,50000
2018-04-13,0.9818881585175564,0.9860366771651919,0.9781156264561942,0.9824707358789445,50000
2018-04-16,0.9824707358789445,0.9890404228007141,0.9773937001857103,0.9830539276906126,50000
2018-04-17,0.9830539276906126,0.9847778764957511,0.9728228205064914,0.9836377135100383,50000
2018-04-18,0.9836377135100383,0.9848297200941314,0.9817478121221958,0.9842220728738763,50000
2018-04-19,0.9842220728738763,0.9952280417787567,0.9793300646284202,0.9848069852986812,50000
2018-04-20,0.9848069852986812,0.9867635785286892,0.9718724529216218,0.9853924302816169,150117
2018-04-23,0.9853924302816169,1.6535483380438047,0.9746707547415814,1.6473984248310423,75297
2018-04-24,1.6473984248310423,1.650103186529732,1.1568583795209135,1.1633136371692452,50000
2018-04-25,1.1633136371692452,1.1655776680542587,1.0835060730496962,1.0851416368852502,62512
2018-04-26,1.0851416368852502,1.0852438925879977,0.9872322640511464,0.9877391250997168,50000
2018-04-27,0.9877391250997168,0.9891539892756414,0.9858011121930187,0.9883269247026091,85763
2018-04-30,0.9883269247026091,0.9954900604339004,0.9875526880341743,0.9889151334798018,50000
2018-05-01,0.9889151334798018,1.0013975899576186,0.9834474865209181,0.9895037308129138,50000
2018-05-02,0.9895037308129138,0.9988084038692274,0.9823470724494776,0.9900926960699441,50000
2018-05-03,0.9900926960699441,0.9938146154462612,0.9861249725612669,0.9906820086059948,76121
2018-05-04,0.9906820086059948,0.9963804666779401,0.9847147098938382,0.9912716477639936,142334
2018-05-07,0.9912716477639936,0.9941439652055536,0.9911752817396298,0.9918615928754233,50000
2018-05-08,0.9918615928754233,0.9954894415250348,0.9882088499240524,0.992451823261038,50000
2018-05-09,0.992451823261038,1.0045888445581963,0.9846220371426422,0.9930423182315935,50000
2018-05-10,0.9930423182315935,0.9960800999199436,0.982191640363719,0.9936330570885711,50000
2018-05-11,0.9936330570885711,1.6068819978371114,0.9928868075624677,1.5995124822247033,50000
2018-05-14,1.5995124822247033,1.600638118264682,1.5132267402970907,1.51469088987442,170063
2018-05-15,1.51469088987442,1.5190475533837922,0.9937828632852589,0.9954065298689713,50000
2018-05-16,0.9954065298689713,1.0055411534536147,0.9941046052021328,0.9959980371263625,50000
2018-05-17,0.9959980371263625,1.0029437776785481,0.9837881435701451,0.9965896846638699,84300
2018-05-18,0.9965896846638699,0.9981495666416097,0.9926130675671552,0.9971814517425741,62537
2018-05-21,0.9971814517425741,1.0114398100307802,0.9915590540939729,0.9977733176193655,50000
2018-05-22,0.9977733176193655,1.0038921141567871,0.9970682050806464,0.99836526154767,65245
2018-05-23,0.99836526154767,1.0113355533598283,0.9977563078591192,0.9989572627781818,50000
2018-05-24,0.9989572627781818,1.0009489328817591,0.9947839603675298,0.9995493005595819,50000
2018-05-25,0.9995493005595819,1.0017351384006328,0.9921554667141723,1.000141354139272,50000
2018-05-28,1.000141354139272,1.002777519818556,0.994575902996639,1.0007334027640997,50000
2018-05-29,1.0007334027640997,1.0126181874281726,0.9910485554523594,1.0013254256810853,50000
2018-05-30,1.0013254256810853,1.006875011298626,0.993837717872119,1.0019174021381536,50000
2018-05-31,1.0019174021381536,1.0033799862960602,0.9932269014049492,1.0025093113848549,50000
2018-06-01,1.0025093113848549,1.0081286888562009,0.9963882414099621,1.0031011326730956,50000
2018-06-04,1.0031011326730956,1.0108200301877897,1.001853679468143,1.0036928452578662,50000
2018-06-05,1.0036928452578662,1.0062335177292907,0.9975919830620891,1.0042844283979673,50000
2018-06-06,1.0042844283979673,1.0136270211545215,1.001924069382458,1.0048758613567368,50000
2018-06-07,1.0048758613567368,1.0065492026485248,0.9979415661902138,1.0054671234027754,50000
2018-06-08,1.0054671234027754,1.0112708589712949,1.00182711525163,1.0060581938106792,50000
2018-06-11,1.0060581938106792,1.0146044812809658,0.9979902345890233,1.0066490518617575,53858
2018-06-12,1.0066490518617575,1.0081355174716162,1.0039482648854068,1.0072396768447647,50000
2018-06-13,1.0072396768447647,1.017372666227375,0.9988323527743936,1.007830048056625,87139
2018-06-14,1.007830048056625,1.0107592580924276,1.0058354699464127,1.0084201448031558,50000
2018-06-15,1.0084201448031558,1.0097932316552662,1.0062370119243857,1.009009946399801,62495
2018-06-18,1.009009946399801,1.0102631198844856,0.999567523215489,1.0095994321723447,81767
2018-06-19,1.0095994321723447,1.0145858916993775,1.0000838756254082,1.010188581457644,50000
2018-06-20,1.010188581457644,1.0121367651338782,1.0060064431985556,1.0107773736043497,76922
2018-06-21,1.0107773736043497,1.0140419237592637,1.007844868997176,1.0113657879736326,59688
2018-06-22,1.0113657879736326,1.0191551309461429,0.9975643571003122,1.0119538039399048,81295
2018-06-25,1.0119538039399048,1.0230711844584945,1.011058400258069,1.0125414008915423,50000
2018-06-26,1.0125414008915423,1.0206478604994451,1.0116356693868767,1.013128558231613,84898
2018-06-27,1.013128558231613,1.0145295777804384,1.0107661306070945,1.0137152553785904,50000
2018-06-28,1.0137152553785904,1.015235872563788,1.0040735911845717,1.0143014717670804,50000
2018-06-29,1.0143014717670804,1.0724084205179356,1.0112625043244776,1.0694144863855772,50000
2018-07-02,1.0694144863855772,1.0724419368607996,1.012685316820893,1.0154723800919996,73527
2018-07-03,1.0154723800919996,1.0212888852183881,1.0124410748475372,1.0160570309847823,50000
2018-07-04,1.0160570309847823,1.0218651996864325,1.014740589047756,1.0166411190332199,50000
2018-07-05,1.0166411190332199,1.0269709109863434,0.9997680986231825,1.0172246237633746,50000
2018-07-06,1.0172246237633746,1.0214250054631886,1.0164430107476286,1.0178075247217555,96746
2018-07-09,1.0178075247217555,1.0235749290731935,1.0085895516538887,1.0183898014760355,50000
2018-07-10,1.0183898014760355,1.0228558865732964,1.0173265799324664,1.0189714336157676,55900
2018-07-11,1.0189714336157676,1.0203956384315283,1.0183324172668757,1.0195524007530994,50000
2018-07-12,1.0195524007530994,1.0241367263611125,1.0147695141673256,1.0201326825234922,50000
2018-07-13,1.0201326825234922,1.0257986944975204,1.0118947436296013,1.020712258586428,50000
2018-07-16,1.020712258586428,1.023698435999454,1.0195956194753335,1.021291108626126,50000
2018-07-17,1.021291108626126,1.034867216734713,1.0134235355245742,1.0218692123522561,54254
2018-07-18,1.0218692123522561,1.0229424941615541,1.0185938139559132,1.0224465495006474,52583
2018-07-19,1.0224465495006474,1.0289602929702617,1.0180701815284907,1.0230230998339989,59513
2018-07-20,1.0230230998339989,1.0257590850629452,1.0224201771941641,1.0235988431425935,66548
2018-07-23,1.0235988431425935,1.0245370812893881,1.022532365971762,1.024173759244999,69908
2018-07-24,1.024173759244999,1.0250260415081944,1.0203227076506463,1.02474782798878,80794
2018-07-25,1.02474782798878,1.0286915667846614,1.0057341223465495,1.0253210292512036,84835
2018-07-26,1.0253210292512036,1.0472512270403527,1.0231056369981069,1.0421736205273715,50000
2018-07-27,1.0421736205273715,1.0464701892534014,1.0246457883888351,1.0264647489937881,50000
2018-07-30,1.0264647489937881,1.029241075823442,1.0129130344565545,1.027035227383339,64158
2018-07-31,1.027035227383339,1.0317592073014383,1.0258990092536266,1.027604758111715,137133
2018-08-01,1.027604758111715,1.0406151606053744,1.018075394010069,1.0281733212152535,50000
2018-08-02,1.0281733212152535,1.0339669588472178,1.0213760755610437,1.0287408967642095,50000
2018-08-03,1.0287408967642095,1.0814422065150708,1.028283653808393,1.077886553957153,72256
2018-08-06,1.077886553957153,1.0803376572843195,1.0289021045652669,1.0298730056531753,50000
2018-08-07,1.0298730056531753,1.034177281244496,1.026597938999539,1.0304374993095682,50000
2018-08-08,1.0304374993095682,1.0327050494144556,1.0263793513809214,1.0310009260455335,50000
2018-08-09,1.0310009260455335,1.03242298444374,1.0291879754257156,1.031563266111371,51093
2018-08-10,1.031563266111371,1.0382888215123538,1.0281111452396057,1.0321244997954708,50000
2018-08-13,1.0321244997954708,1.03821265544649,1.0309775008808661,1.0326846074250053,50000
2018-08-14,1.0326846074250053,1.0521223515438265,1.0299856290415028,1.0332435693666167,50000
2018-08-15,1.0332435693666167,1.0369296898343388,1.0234111472284495,1.033801366027111,73029
2018-08-16,1.033801366027111,1.0414150621883227,1.0306728945474066,1.0343579778541363,50000
2018-08-17,1.0343579778541363,1.0433906793206584,1.0320867576098278,1.0349133853368742,50000
2018-08-20,1.0349133853368742,1.0355806585186078,1.0299053040971642,1.0354675690067214,50000
2018-08-21,1.0354675690067214,1.0365097694074388,1.030695709955184,1.0360205094379735,50000
2018-08-22,1.0360205094379735,1.0426433017450767,1.0340530832592179,1.036572187248503,50000
2018-08-23,1.036572187248503,1.0427617507540363,1.0297990816218976,1.0371225831004451,50000
2018-08-24,1.0371225831004451,1.0402342244555234,1.0260745858908076,1.0376716777008677,50000
2018-08-27,1.0376716777008677,1.044751849575451,1.028151377379297,1.0382194518024521,50000
2018-08-28,1.0382194518024521,1.0404957159552892,1.0294258984353748,1.0387658862041669,50000
2018-08-29,1.0387658862041669,1.0411666890575737,1.035326720455961,1.039310961751941,50000
2018-08-30,1.039310961751941,1.0445184152265354,1.036213227027759,1.0398546593393347,63529
2018-08-31,1.0398546593393347,1.0495389617780808,1.0381493642717399,1.0403969599082092,82314
2018-09-03,1.0403969599082092,1.0425866592202258,1.0333442763400267,1.0409378444493984,59290
2018-09-04,1.0409378444493984,1.0480882136387584,1.0340764959094038,1.041477294003368,50000
2018-09-05,1.041477294003368,1.047627667386636,1.036807835803632,1.042015289660886,61947
2018-09-06,1.042015289660886,1.0480193784357281,1.0360215852387702,1.0425518125636828,50905
2018-09-07,1.0425518125636828,1.0449909116373206,1.0416062252976737,1.043086843905112,126661
2018-09-10,1.043086843905112,1.0441755383527536,1.0430190202389562,1.043620364930815,50000
2018-09-11,1.043620364930815,1.0451700590212691,1.0354306760759844,1.0441523569393694,50000
2018-09-12,1.0441523569393694,1.0493605675588613,1.0367650910416346,1.044682801282951,50000
2018-09-13,1.044682801282951,1.0492440798911513,1.0446698277698068,1.0452116793679855,50000
2018-09-14,1.0452116793679855,1.0571062270846847,1.03380711478284,1.0457389726558004,78052
2018-09-17,1.0457389726558004,1.0520228800909623,1.043761090145795,1.0462646626632748,68333
2018-09-18,1.0462646626632748,1.0480574223418262,1.036564178085746,1.0467887309634858,50000
2018-09-19,1.0467887309634858,1.0480851419033992,1.0405824009127322,1.0473111591863602,50000
2018-09-20,1.0473111591863602,1.054356566105536,1.0401434021809173,1.0478319290193099,50000
2018-09-21,1.0478319290193099,1.060261174790933,1.0363990612416876,1.0483510222078796,50000
2018-09-24,1.0483510222078796,1.0513048897504116,1.0376534647505333,1.0488684205563852,50000
2018-09-25,1.0488684205563852,1.0498455083685851,1.0429748458368084,1.0493841059285498,50000
2018-09-26,1.0493841059285498,1.057583132077312,1.0352982987171424,1.0498980602481458,50000
2018-09-27,1.0498980602481458,1.053071967504381,1.0456949639879831,1.050410265499619,50000
2018-09-28,1.050410265499619,1.0562130994265424,1.0491913291067705,1.0509207037287271,50000
2018-10-01,1.0509207037287271,1.0593354680436986,1.0355370407646576,1.051429357043167,50000
2018-10-02,1.051429357043167,1.0544981780479938,1.051327293953179,1.0519362076132008,50000
2018-10-03,1.0519362076132008,1.052955832069724,1.0503913564069098,1.0524412376722834,50000
2018-10-04,1.0524412376722834,1.0573163243974997,1.046765170611145,1.0529444295176815,50000
2018-10-05,1.0529444295176815,1.0553085811072989,1.0471710577365643,1.0534457655111,50000
2018-10-08,1.0534457655111,1.0558494704886712,1.0465053531982687,1.053945228079294,50000
2018-10-09,1.053945228079294,1.0553813933954739,1.0440556393148255,1.0544427997146875,50000
2018-10-10,1.0544427997146875,1.0589809380529178,1.0460038297271992,1.0549384629759877,50000
2018-10-11,1.0549384629759877,1.058454997839084,1.052206307098957,1.0554322004887946,50000
2018-10-12,1.0554322004887946,1.0587279246718646,1.0478564446484122,1.0559239949462143,50000
2018-10-15,1.0559239949462143,1.0596828955351403,1.0458928085079324,1.0564138291094587,50000
2018-10-16,1.0564138291094587,1.0577927634205433,1.051108197448458,1.056901685808456,67097
2018-10-17,1.056901685808456,1.0624883155947369,1.0520506050021836,1.0573875479424484,50213
2018-10-18,1.0573875479424484,1.0628825771195127,1.0516519615890787,1.0578713984805945,56147
2018-10-19,1.0578713984805945,1.061371749431794,1.0484971696009633,1.0583532204625645,91521
2018-10-22,1.0583532204625645,1.986320491024623,1.0500118080839056,1.9616539761703482,50000
2018-10-23,1.9616539761703482,1.965363801926148,1.6414270381140783,1.6419090992742489,77834
2018-10-24,1.6419090992742489,1.651398584292724,1.514999710064796,1.5203201119799252,50000
2018-10-25,1.5203201119799252,1.5336913092279862,1.5134960972698555,1.5319700545827206,50000
2018-10-26,1.5319700545827206,1.5352602340344992,1.4057087977995164,1.4098921727742184,50000
2018-10-29,1.4098921727742184,1.4149340669094121,1.0629815042024573,1.0700899789352478,50000
2018-10-30,1.0700899789352478,1.0769815879904592,1.0539656346945983,1.061667765176781,67508
2018-10-31,1.061667765176781,1.066914047859268,1.061012042791046,1.0621327567939556,50000
2018-11-01,1.0621327567939556,1.0651847112422599,1.0486211765741278,1.062595570482294,50000
2018-11-02,1.062595570482294,1.068285194865809,1.0542966453062053,1.063056190018868,50000
2018-11-05,1.063056190018868,1.0660740962959354,1.056520505027186,1.06351459925766,50000
2018-11-06,1.06351459925766,1.069534506143086,1.055949119809657,1.0639707821301299,50000
2018-11-07,1.0639707821301299,1.0693322245127201,1.0610814293004567,1.0644247226457768,50000
2018-11-08,1.0644247226457768,1.2935907848680326,1.0644203258385463,1.2812114480399026,94570
2018-11-09,1.2812114480399026,1.3436106276747959,1.2784738693562705,1.341485705946877,108702
2018-11-12,1.341485705946877,1.4427495702081776,1.3348315822174774,1.4209205929869042,50000
2018-11-13,1.4209205929869042,1.8722537224712623,1.409268075589215,1.8600042111784705,50000
2018-11-14,1.8600042111784705,2.2576981609843014,1.8496962654079951,2.242088896165405,50000
2018-11-15,2.242088896165405,2.424446950058974,2.2222444575502176,2.4195973539201914,50000
2018-11-16,2.4195973539201914,2.7004490382991344,2.3849668306821683,2.664541038642389,50000
2018-11-19,2.664541038642389,2.685836682231911,2.595144541545372,2.6047539040610896,50000
2018-11-20,2.6047539040610896,2.9650182227543502,2.5966371323253603,2.957528364033934,50000
2018-11-21,2.957528364033934,3.9990972188130836,2.9525449715116356,3.9805827836268315,50000
2018-11-22,3.9805827836268315,4.017015547031724,3.4379767304399755,3.4576947166375884,50000
2018-11-23,3.4576947166375884,3.664330316689117,3.4214254517512503,3.644541695057268,58429
2018-11-26,3.644541695057268,4.1478593066892016,3.635621385845907,4.146391082676684,50000
2018-11-27,4.146391082676684,4.756146127639066,4.124353947167662,4.754441919806154,50000
2018-11-28,4.754441919806154,4.799886417051324,4.695216788681646,4.705168773767263,50000
2018-11-29,4.705168773767263,4.728542921150691,4.356206890875149,4.364550508179345,50000
2018-11-30,4.364550508179345,4.665337800577272,4.362827174472647,4.6512183091634505,50000
2018-12-03,4.6512183091634505,4.675969217019299,3.802130955889673,3.8453886238591135,50000
2018-12-04,3.8453886238591135,4.058415311413618,3.797758539257319,4.0479840584197255,70455
2018-12-05,4.0479840584197255,4.0664852171651376,4.011799757293463,4.030373374602996,50000
2018-12-06,4.030373374602996,4.390222149341636,4.002736093394407,4.384356371854718,50000
2018-12-07,4.384356371854718,4.393864563142098,4.082692883222552,4.094364693995773,50000
2018-12-10,4.094364693995773,4.096680469401479,3.476656152099324,3.499912260665335,50000
2018-12-11,3.499912260665335,3.5138916898266994,3.470588600619599,3.4926909586770747,50000
2018-12-12,3.4926909586770747,4.2039317553527145,3.4902473020450038,4.195828534374364,191446
2018-12-13,4.195828534374364,4.325877363438865,4.184915769576096,4.292897785933485,50000
2018-12-14,4.292897785933485,4.332349893616328,4.258168463056942,4.259718455184384,194506
2018-12-17,4.259718455184384,5.23087008739823,4.244933896755621,5.227914296707652,50000
2018-12-18,5.227914296707652,5.335822796052809,5.207819737186801,5.334189405086681,50000
2018-12-19,5.334189405086681,5.752290432182026,5.327780871395855,5.735605355766752,86658
2018-12-20,5.735605355766752,6.1224815910321535,5.710271820060394,6.085709654559751,72759
2018-12-21,6.085709654559751,6.705441978343591,6.06732834201991,6.683398537545669,76459
2018-12-24,6.683398537545669,6.7106346489570425,6.587352655078228,6.611150596997236,84937
2018-12-25,6.611150596997236,6.613164386996205,6.213093704271161,6.223198496836832,50713
2018-12-26,6.223198496836832,6.232628709019494,6.074871287572705,6.092566672196392,50000
2018-12-27,6.092566672196392,6.1541323477410375,6.066043151047562,6.0918564398032835,50000
2018-12-28,6.0918564398032835,6.094259988085456,5.599534526270937,5.663201131497175,50000
2018-12-31,5.663201131497175,5.677445301563372,5.452921637272757,5.485209466930126,50000
2019-01-01,5.485209466930126,5.511192332098867,5.314402196003975,5.314888216325186,50000
2019-01-02,5.314888216325186,6.068815980009683,5.310486837443117,6.031128127016845,53525
2019-01-03,6.031128127016845,6.312390275532281,5.982661632954309,6.2912871623717965,50000
2019-01-04,6.2912871623717965,6.603933671393638,6.2604694185976175,6.5373943464170505,50000
2019-01-07,6.5373943464170505,6.680971351028834,6.533962706831295,6.66303885400783,87273
2019-01-08,6.66303885400783,6.847478741864576,6.620350998720982,6.835426571068358,62218
2019-01-09,6.835426571068358,6.84036390961977,6.584717679286974,6.656306452783248,50000
2019-01-10,6.656306452783248,6.666904983083765,6.455801854651783,6.5182623027742554,50000
2019-01-11,6.5182623027742554,6.559842365145992,5.6825463142014705,5.705775627959015,50000
2019-01-14,5.705775627959015,5.843953762240571,5.688093083351851,5.83956722161303,85291
2019-01-15,5.83956722161303,5.975767113134217,5.796940001231534,5.89130572063902,50000
2019-01-16,5.89130572063902,6.546060330071269,5.863289787322075,6.524809931602851,50000
2019-01-17,6.524809931602851,7.438570473249825,6.503027078703714,7.379750617887672,50000
2019-01-18,7.379750617887672,7.807629051683914,7.327143733727432,7.757876481548989,50000
2019-01-21,7.757876481548989,7.810516463817157,7.519434422586054,7.54761590432134,88023
2019-01-22,7.54761590432134,7.644240351959192,7.506092598165343,7.643135098080754,50000
2019-01-23,7.643135098080754,7.795788233558774,7.628253250804981,7.763612685818665,50000
2019-01-24,7.763612685818665,8.380215298339346,7.683781099519849,8.361384080962978,416847
2019-01-25,8.361384080962978,8.60421855221366,8.322299890971784,8.598698279680086,50000
2019-01-28,8.598698279680086,9.050220582837019,8.562831909887281,9.026755058554862,50000
2019-01-29,9.026755058554862,9.071031133325011,8.879613252942574,8.9756055975432,50000
2019-01-30,8.9756055975432,9.122245445645872,8.834708877740539,9.09939541314225,50000
2019-01-31,9.09939541314225,9.424082850326203,9.034777240665225,9.30189078640668,50000
2019-02-01,9.30189078640668,9.308132143563597,8.981793779733328,9.052021782180676,56811
2019-02-04,9.052021782180676,9.447936950097573,8.99546298335849,9.400882951385592,50000
2019-02-05,9.400882951385592,9.455643093416572,9.299284719524644,9.314676113987126,50000
2019-02-06,9.314676113987126,10.096673922440727,9.25385834970179,10.010272449121098,50000
2019-02-07,10.010272449121098,10.128572768995257,9.536842451736668,9.563615453029954,50000
2019-02-08,9.563615453029954,9.640690907136785,8.73050531954232,8.742570170428404,58248
2019-02-11,8.742570170428404,8.976786430129314,8.731178536008928,8.958528450926966,57230
2019-02-12,8.958528450926966,9.019711816804806,8.53972071204017,8.603663922696924,50000
2019-02-13,8.603663922696924,8.690964163693083,8.428001356191874,8.485933111314319,50000
2019-02-14,8.485933111314319,8.543427418211907,8.23275412316766,8.25803684193048,50000
2019-02-15,8.25803684193048,8.355944830227548,7.979908240302598,8.015295151314763,60378
2019-02-18,8.015295151314763,8.697547495770616,7.999803703015502,8.583956310002863,50000
2019-02-19,8.583956310002863,8.681906269450065,8.40384884293882,8.441313148140136,50000
2019-02-20,8.441313148140136,8.46951905176176,7.918535899622743,7.991364432060794,90074
2019-02-21,7.991364432060794,8.555722767868856,7.907266228159067,8.499684839233128,58917
2019-02-22,8.499684839233128,8.557248517479072,8.33287968337269,8.450785951287536,50000
2019-02-25,8.450785951287536,8.46949765166859,8.162159024729071,8.188598028891413,50000
2019-02-26,8.188598028891413,8.405582910283215,8.079389044367023,8.389872393379141,50000
2019-02-27,8.389872393379141,8.542283783507333,8.345903954209486,8.48984570659588,50000
2019-02-28,8.48984570659588,8.534756162821191,7.872373558991588,7.918120916106794,50000
2019-03-01,7.918120916106794,7.96618246920913,7.144732544961577,7.195643997792106,53332
2019-03-04,7.195643997792106,7.61264778787374,7.181111249539578,7.54846584593009,77270
2019-03-05,7.54846584593009,7.553191091334875,7.483811432250128,7.526880992334172,50000
2019-03-06,7.526880992334172,7.721471920421691,7.479000153673149,7.694702854026186,50000
2019-03-07,7.694702854026186,7.72885770505674,7.50778302004882,7.525372593144806,54524
2019-03-08,7.525372593144806,7.5524123991015015,6.834352697094293,6.899822143481953,50000
2019-03-11,6.899822143481953,6.9213502019577415,6.63500830890448,6.657433366109031,50000
2019-03-12,6.657433366109031,7.014221250281282,6.592923124590734,6.984963826553732,124518
2019-03-13,6.984963826553732,7.019769007751307,6.666344795601571,6.691233429682819,50000
2019-03-14,6.691233429682819,6.942318419897172,6.650657351227049,6.936941265436011,115367
2019-03-15,6.936941265436011,7.016343261122201,6.8729463487884646,6.906802289603023,50000
2019-03-18,6.906802289603023,7.410363452248094,6.888659117923401,7.408563349858884,50000
2019-03-19,7.408563349858884,7.4855228725374605,7.3807273394833866,7.475298391507392,50000
2019-03-20,7.475298391507392,7.5332624423306545,7.415031571252622,7.4355423071280535,50000
2019-03-21,7.4355423071280535,7.489821371373272,7.412851820827442,7.4205935868035935,195076
2019-03-22,7.4205935868035935,7.4222532590955455,6.890421352541505,6.92768895270754,101412
2019-03-25,6.92768895270754,6.997002394832115,6.6768881217627625,6.7458220133680316,50000
2019-03-26,6.7458220133680316,6.754265280301442,6.621250255622166,6.636754517159346,56687
2019-03-27,6.636754517159346,6.637878709508126,5.959183389348198,5.969065983422814,50000
2019-03-28,5.969065983422814,6.154112835498499,5.954093880645308,6.135587997127811,165767
2019-03-29,6.135587997127811,6.158457470480104,5.91565212480155,5.942609011671859,50000
2019-04-01,5.942609011671859,6.2593075565431056,5.927636710787387,6.235220526740008,50000
2019-04-02,6.235220526740008,6.239302410342752,5.65207605246694,5.673383726980175,50000
2019-04-03,5.673383726980175,5.729563110770551,5.2895219531342335,5.318600781097002,64892
2019-04-04,5.318600781097002,5.657368983262407,5.23901918620849,5.632266712210118,87585
2019-04-05,5.632266712210118,6.160423851589636,5.62862801565129,6.132224439463084,50000
2019-04-08,6.132224439463084,6.154656281782604,5.660867802610291,5.683880909747723,50000
2019-04-09,5.683880909747723,5.7900467990555375,5.661135385620132,5.779461100791985,50000
2019-04-10,5.779461100791985,5.8238563048564735,5.618333389833669,5.641197205148618,80822
2019-04-11,5.641197205148618,5.651099832045183,5.441795562523791,5.448501060395628,50000
2019-04-12,5.448501060395628,5.475158317098147,4.766904563405001,4.812472118735768,50000
2019-04-15,4.812472118735768,5.149380806067313,4.800260362743017,5.142153240237819,50000
2019-04-16,5.142153240237819,5.6043521187071965,5.117607496819796,5.556107929264889,50000
2019-04-17,5.556107929264889,5.654670512528301,5.52041446914662,5.627199027192193,50000
2019-04-18,5.627199027192193,5.75427947604651,5.5624919649327005,5.732380278062891,50000
2019-04-19,5.732380278062891,5.770056823458403,5.724391392204444,5.767350539311884,50000
2019-04-22,5.767350539311884,6.077745977816975,5.736128764103725,6.047438053750606,50000
2019-04-23,6.047438053750606,6.1121862718036315,5.887345186802756,5.891432383593458,95747
2019-04-24,5.891432383593458,6.169264680270201,5.849217989186664,6.168044976245025,50000
2019-04-25,6.168044976245025,6.44375198602328,6.14901039965555,6.426001841526627,50000
2019-04-26,6.426001841526627,6.447256609196701,6.149843862793618,6.168255673729258,50000
2019-04-29,6.168255673729258,6.477548648857306,6.098483534816903,6.456945716343853,50000
2019-04-30,6.456945716343853,6.4737935885422315,6.2517744441899925,6.287889310859725,50000
2019-05-01,6.287889310859725,6.477411881062184,6.23188206179512,6.443905512957734,50000
2019-05-02,6.443905512957734,6.474362935546967,5.990931784712605,6.030578671493708,50000
2019-05-03,6.030578671493708,6.058455150259327,5.77187673073277,5.77698738961449,50000
2019-05-06,5.77698738961449,5.8002925277091935,5.371589610152956,5.386040543205541,69574
2019-05-07,5.386040543205541,5.418971422060527,5.359911479141436,5.39274822666048,50000
2019-05-08,5.39274822666048,5.74478021636618,5.3503069514714054,5.740104337064637,50000
2019-05-09,5.740104337064637,5.812907617690444,5.625114437142349,5.640915638245763,50000
2019-05-10,5.640915638245763,5.770208080182203,5.637427128509011,5.763589242281618,50000
2019-05-13,5.763589242281618,6.093313251677626,5.695848471444798,6.081216549035089,50000
2019-05-14,6.081216549035089,6.264101019884226,6.052270837592154,6.262995239903287,50000
2019-05-15,6.262995239903287,6.70738600253303,6.186675669807142,6.706564787260476,50000
2019-05-16,6.706564787260476,6.927994380435542,6.69980712232537,6.821917690938661,58127
2019-05-17,6.821917690938661,7.8398494043974996,6.8201121040503985,7.823162488809373,50000
2019-05-20,7.823162488809373,7.884604699243994,7.530289588226586,7.564165772603107,50000
2019-05-21,7.564165772603107,7.5813877289009435,7.416674335575434,7.437948195586548,50000
2019-05-22,7.437948195586548,7.6710987118295115,7.387947260926125,7.620027700135021,72252
2019-05-23,7.620027700135021,8.137652513970426,7.6072006905803375,8.093009840128436,59747
2019-05-24,8.093009840128436,8.093889440883313,7.969228775558214,8.028923866393875,179024
2019-05-27,8.028923866393875,8.082474756515007,7.844589889422744,7.876364032123236,50000
2019-05-28,7.876364032123236,7.971975117497201,7.820706525633504,7.835751867850144,58982
2019-05-29,7.835751867850144,7.907176419414264,7.642604731759407,7.645479266481148,60994
2019-05-30,7.645479266481148,7.7173568049939,7.632447134393094,7.704962924798173,92626
2019-05-31,7.704962924798173,7.71649362916736,7.492195806789433,7.549580332392251,50000
2019-06-03,7.549580332392251,8.434164157779435,7.526004499719867,8.42579883195203,80084
2019-06-04,8.42579883195203,8.468029406242263,7.671417826573391,7.671604578087928,50000
2019-06-05,7.671604578087928,7.705849831196223,7.0870061777300135,7.096045985964481,50000
2019-06-06,7.096045985964481,7.110187687933222,6.813680694525266,6.820970506623651,68249
2019-06-07,6.820970506623651,6.870130680039684,6.3809008895628585,6.4184247122577816,50000
2019-06-10,6.4184247122577816,6.426117273876174,5.890659676054909,5.918649788452631,50000
2019-06-11,5.918649788452631,6.029345509404501,5.846131586419582,5.98933803826413,83819
2019-06-12,5.98933803826413,6.0037314113337175,5.673009890819139,5.677193603401293,50000
2019-06-13,5.677193603401293,5.850793982907216,5.610694724619094,5.810753291614713,52491
2019-06-14,5.810753291614713,5.820041101773926,5.655328199171048,5.663022262428891,68993
2019-06-17,5.663022262428891,5.675352661233453,5.125804460913898,5.158828813911561,50000
2019-06-18,5.158828813911561,5.288756249097052,5.1493437399930295,5.276241394289875,50000
2019-06-19,5.276241394289875,5.30941263784744,5.2075035526135,5.229050958828526,50000
2019-06-20,5.229050958828526,5.612952898002762,5.169074994691184,5.588053297090605,50000
2019-06-21,5.588053297090605,5.690652425318967,5.534591413394682,5.662092406482323,61805
2019-06-24,5.662092406482323,5.679453644957145,5.623066472133704,5.643950061885723,50000
2019-06-25,5.643950061885723,5.671119133052695,5.605112366417512,5.610227001426267,54038
2019-06-26,5.610227001426267,5.633035560421882,5.561989320527123,5.579367838386442,50000
2019-06-27,5.579367838386442,5.615260485896825,5.362880969008236,5.37104020989107,63986
2019-06-28,5.37104020989107,5.4372877180318335,5.202912070885799,5.22697926932933,74075
2019-07-01,5.22697926932933,5.229924588833077,4.891975201217078,4.919834883641555,50000
2019-07-02,4.919834883641555,5.157420014337817,4.91978326588317,5.151830790149556,52392
2019-07-03,5.151830790149556,5.397546578885965,5.140591922554845,5.363382313727764,50000
2019-07-04,5.363382313727764,5.433446870995804,5.186147694416735,5.188707017192461,50000
2019-07-05,5.188707017192461,5.558452493379543,5.133973728377055,5.536140278921444,50000
2019-07-08,5.536140278921444,5.571262819293668,5.12788523496416,5.134962091590949,50000
2019-07-09,5.134962091590949,5.345741496104864,5.133652017543099,5.320522310901018,57179
2019-07-10,5.320522310901018,5.370541649860701,5.182941194893498,5.183418788583787,62123
2019-07-11,5.183418788583787,5.190152693105271,4.656342796053006,4.6657409292721175,63554
2019-07-12,4.6657409292721175,4.691661579073694,4.431050029887651,4.475200767046238,135339
2019-07-15,4.475200767046238,4.9627667160840545,4.447752200729782,4.929734887443002,54815
2019-07-16,4.929734887443002,5.204295813150158,4.91253950724807,5.173475212908208,63325
2019-07-17,5.173475212908208,5.579814507628004,5.172223435782618,5.578096300477058,50000
2019-07-18,5.578096300477058,5.603738283773364,5.5589293592944,5.582733087903037,50000
2019-07-19,5.582733087903037,5.64550398801463,5.533708906491326,5.600089084588612,50000
2019-07-22,5.600089084588612,5.602720715618838,5.484077547259141,5.484907377254038,68803
2019-07-23,5.484907377254038,6.021807356902743,5.441821541391918,5.996647622885277,50000
2019-07-24,5.996647622885277,6.008542601976001,5.8029187577370696,5.8758224117773,78729
2019-07-25,5.8758224117773,6.38595376095491,5.849810699396603,6.340730206480126,50000
2019-07-26,6.340730206480126,6.824202676951901,6.3202602865347774,6.7972100196563865,50000
2019-07-29,6.7972100196563865,6.809080442989696,6.6753296377309255,6.692734025525325,50000
2019-07-30,6.692734025525325,6.757120048975043,5.695238208002609,5.746770972368629,50000
2019-07-31,5.746770972368629,5.767881043624637,5.73789633712204,5.753836714762893,50000
2019-08-01,5.753836714762893,5.775763900843947,5.6416838304328,5.653403868240601,50000
2019-08-02,5.653403868240601,6.085070723382659,5.6201539522676525,6.05107891836119,50000
2019-08-05,6.05107891836119,6.612058404123789,6.010173167372124,6.581866212464136,50000
2019-08-06,6.581866212464136,6.9678220869095675,6.514873276047635,6.872458051148033,56656
2019-08-07,6.872458051148033,7.0832432677546855,6.829222459954104,7.007582996172374,50000
2019-08-08,7.007582996172374,7.407352193919126,6.960395458814984,7.381605303772988,80524
2019-08-09,7.381605303772988,7.9815132582940205,7.323596386965056,7.939544621448444,50000
2019-08-12,7.939544621448444,8.456378591913573,7.918385819592415,8.446953043614467,224586
2019-08-13,8.446953043614467,8.789554045660783,8.422721280495898,8.731393375725988,55704
2019-08-14,8.731393375725988,8.796253518434574,8.696208654862918,8.774387399586223,50000
2019-08-15,8.774387399586223,8.860854077708787,8.086891234733892,8.189710282305485,50000
2019-08-16,8.189710282305485,8.194318280190606,7.822604189343963,7.829816927500231,50000
2019-08-19,7.829816927500231,8.503010397496162,7.783744631985102,8.472915676837895,50000
2019-08-20,8.472915676837895,8.832236117019937,8.467658594276962,8.798177868732585,50000
2019-08-21,8.798177868732585,8.989707394343023,8.753947755193893,8.915630469611003,50000
2019-08-22,8.915630469611003,9.073275917048859,8.869616223935314,9.044204952438031,117818
2019-08-23,9.044204952438031,9.082819079286743,8.636738065864485,8.67604340523391,50000
2019-08-26,8.67604340523391,8.731984641547934,8.591334431428761,8.668406477074946,63857
2019-08-27,8.668406477074946,9.036895471635603,8.653977511066833,8.90776371059419,50000
2019-08-28,8.90776371059419,9.41909095641702,8.890444376137628,9.387517534816443,92556
2019-08-29,9.387517534816443,9.389502398878605,8.631987147840272,8.671002246710245,101706
2019-08-30,8.671002246710245,8.98553202291864,8.666916383283054,8.983193376317,82760
2019-09-02,8.983193376317,9.684759639585117,8.933030584179527,9.6142417717313,50000
2019-09-03,9.6142417717313,9.666788881377395,9.355984399790133,9.437486655522928,50000
2019-09-04,9.437486655522928,9.441437037199913,9.124638449332737,9.13034286140651,86592
2019-09-05,9.13034286140651,10.092595665066156,9.125170488500801,10.038291230923974,76417
2019-09-06,10.038291230923974,10.395325070463574,10.018784798283372,10.30825944477487,50000
2019-09-09,10.30825944477487,10.791311730607289,10.234832965699505,10.766207217388352,50000
2019-09-10,10.766207217388352,10.898279993483303,10.752239829750936,10.857955180524753,50000
2019-09-11,10.857955180524753,11.330586529833274,10.73133296060411,11.320590097189369,50000
2019-09-12,11.320590097189369,11.432682629313435,11.175986173642368,11.267808405047505,50000
2019-09-13,11.267808405047505,11.531097540680486,11.260275618181542,11.504819555686382,50000
2019-09-16,11.504819555686382,11.574323808998699,11.497730290314678,11.57007547161264,50000
2019-09-17,11.57007547161264,12.043959878974649,11.518389872735815,11.985528338147917,76558
2019-09-18,11.985528338147917,12.26865987807428,11.853693775480968,12.175775227337935,50000
2019-09-19,12.175775227337935,12.433535158742876,12.11433681783037,12.308117618380901,50000
2019-09-20,12.308117618380901,12.56712933147866,12.285802937665723,12.515623388768597,50000
2019-09-23,12.515623388768597,12.523421536850314,12.29065556159186,12.410989411141319,50000
2019-09-24,12.410989411141319,12.52698819338605,11.966294381679313,12.048639073445692,65169
2019-09-25,12.048639073445692,12.295940636222898,11.909255275543195,12.137675471522408,69782
2019-09-26,12.137675471522408,12.583841185532728,12.078454458243241,12.52394491426838,50000
2019-09-27,12.52394491426838,12.821681219644473,12.42742181566772,12.712966247994268,50000
2019-09-30,12.712966247994268,12.964492822228925,12.684156349140558,12.864072351106627,50000
2019-10-01,12.864072351106627,12.925335897682187,12.464970370506322,12.496557897069914,58671
2019-10-02,12.496557897069914,12.793391325989004,12.425362680235997,12.725302987515631,50000
2019-10-03,12.725302987515631,12.739523447506611,12.623241908076588,12.696536762276173,50000
2019-10-04,12.696536762276173,12.784878479776046,12.113082877983848,12.19442763584488,50000
2019-10-07,12.19442763584488,12.364605586524052,12.149127360426544,12.353761153293469,50000
2019-10-08,12.353761153293469,12.739558857575007,12.330895606793806,12.681140360538954,50000
2019-10-09,12.681140360538954,12.806101854165352,12.329527694443968,12.443960914872719,50000
2019-10-10,12.443960914872719,12.572432114042153,12.432552111520446,12.562884267931063,50000
2019-10-11,12.562884267931063,12.574954288048001,11.961260960594144,12.08878057447334,50000
2019-10-14,12.08878057447334,12.090614321760325,11.966801879467203,11.980107747096774,235906
2019-10-15,11.980107747096774,12.040728854368488,11.746875167506625,11.76752524744783,69762
2019-10-16,11.76752524744783,11.779669651858617,11.04298924615478,11.055472099786085,50000
2019-10-17,11.055472099786085,11.098840280557603,10.911030796101645,11.017443927036277,50000
2019-10-18,11.017443927036277,11.200427070916318,10.917284519883598,11.039427918553898,62693
2019-10-21,11.039427918553898,11.078502324809476,10.233001487577871,10.292716018768141,50000
2019-10-22,10.292716018768141,10.663134147718818,10.290392877224747,10.650157981988539,50000
2019-10-23,10.650157981988539,11.258283651336559,10.646661335199024,11.08853798539634,50000
2019-10-24,11.08853798539634,11.236104233190364,11.060094373177039,11.212506636411279,54047
2019-10-25,11.212506636411279,11.23863470649083,11.095064476298031,11.117117608627375,50000
2019-10-28,11.117117608627375,11.239074706429006,11.03647824959446,11.193844225007851,50000
2019-10-29,11.193844225007851,11.4361646183239,11.084151256700526,11.399277898522927,50000
2019-10-30,11.399277898522927,12.109341522878474,11.297352736684891,12.062128857153985,50000
2019-10-31,12.062128857153985,12.721121113721114,12.019503508951896,12.608875957129133,50000
2019-11-01,12.608875957129133,12.690377903559385,12.439334057905478,12.444498674280506,50000
2019-11-04,12.444498674280506,12.806831489419821,12.429064560423962,12.732293029004534,54917
2019-11-05,12.732293029004534,13.179108239119236,12.729353504507202,13.054265677248884,50000
2019-11-06,13.054265677248884,13.073140054741703,12.971353498422413,13.007112667212645,50000
2019-11-07,13.007112667212645,13.396242159910217,13.000420674363438,13.38353409059711,50000
2019-11-08,13.38353409059711,14.109799893701634,13.34982572392783,14.042317416492898,50000
2019-11-11,14.042317416492898,14.321209959159871,13.974983244633735,14.270606346908638,50000
2019-11-12,14.270606346908638,14.86032644680235,14.212097165017951,14.76570999389062,50000
2019-11-13,14.76570999389062,14.917306480953084,14.61768646908516,14.817625657003282,180550
2019-11-14,14.817625657003282,14.94497870994643,14.500133481161235,14.537298855964577,69699
2019-11-15,14.537298855964577,14.898011939835072,14.383696846819673,14.836040175347735,89785
2019-11-18,14.836040175347735,14.854857264308764,14.712052342680128,14.755237076411614,50000
2019-11-19,14.755237076411614,14.793720231407734,14.30651432136978,14.47079394811106,50000
2019-11-20,14.47079394811106,15.044763433877325,14.377416284016702,14.952054137857546,81206
2019-11-21,14.952054137857546,15.004088653172667,14.901107213932809,14.910370242579654,50000
2019-11-22,14.910370242579654,15.019479191431303,14.485633500236576,14.523244210118909,50000
2019-11-25,14.523244210118909,14.875491420599316,14.376013020776838,14.8745110631716,50000
2019-11-26,14.8745110631716,14.990414832073562,14.515547296941865,14.559284322262226,50000
2019-11-27,14.559284322262226,15.06210028576269,14.396619194436914,14.926355304107101,50000
2019-11-28,14.926355304107101,15.076107546203662,14.550180976881666,14.737922402043159,50000
2019-11-29,14.737922402043159,15.277680004026413,14.701273216634663,15.12639372367461,67460
2019-12-02,15.12639372367461,15.449318486807643,15.069131186250338,15.425237987702674,50000
2019-12-03,15.425237987702674,15.705657583812359,15.273985957917487,15.564169302262375,50000
2019-12-04,15.564169302262375,15.59780404216186,15.50753318180069,15.560702244017307,89272
2019-12-05,15.560702244017307,16.00235883901305,15.526454648709581,15.82998974693689,70842
2019-12-06,15.82998974693689,15.847328889798035,15.714597046466803,15.833628731135098,50000
2019-12-09,15.833628731135098,16.435267291738946,15.830331131365972,16.4273524385255,50000
2019-12-10,16.4273524385255,16.43101045338984,16.340021583284017,16.350706779564288,50000
2019-12-11,16.350706779564288,16.60104688556162,16.334550288754777,16.5482197605387,50000
2019-12-12,16.5482197605387,16.737831970697158,16.19694994041626,16.271287723071474,71041
2019-12-13,16.271287723071474,16.39531094687454,15.923247641960913,15.95766514000058,50000
2019-12-16,15.95766514000058,16.479082988144484,15.827468180014044,16.41974973779375,50000
2019-12-17,16.41974973779375,16.578567907553104,16.413450595713215,16.444895820576168,50000
2019-12-18,16.444895820576168,16.506012930624227,15.765691310847144,15.879885154684613,50000
2019-12-19,15.879885154684613,16.21548463996398,15.846655142778777,16.035843485194807,50000
2019-12-20,16.035843485194807,16.160330402143767,15.589206915535767,15.592085762855918,50000
2019-12-23,15.592085762855918,15.670828863957981,15.556184575392425,15.561979172794302,50000
2019-12-24,15.561979172794302,15.899022666007072,15.459317397908649,15.852393929630345,50000
2019-12-25,15.852393929630345,15.975028311494956,15.758004510410816,15.824601909014701,50000
2019-12-26,15.824601909014701,16.233240055033335,15.803830215187292,16.212398372154624,50000
2019-12-27,16.212398372154624,16.307455036470262,15.901619047602189,16.01299415027291,50000
2019-12-30,16.01299415027291,16.060506090529003,15.492399491721248,15.643301845682426,50000
2019-12-31,15.643301845682426,15.662164147193893,15.61179394030201,15.619200540093514,50000
2020-01-01,15.619200540093514,16.146672009232045,15.546338175575316,16.09441194429234,78711
2020-01-02,16.09441194429234,16.276642957934364,15.481399827201232,15.599392601723112,55053
2020-01-03,15.599392601723112,15.657653734569974,14.95524023396533,15.0004015743632,50000
2020-01-06,15.0004015743632,15.14332000880371,14.928063569531057,15.030023119271743,111886
2020-01-07,15.030023119271743,15.336376355087085,14.894621145295153,15.301286745419887,50000
2020-01-08,15.301286745419887,15.497924001603952,14.89127801468529,15.064426262825778,87757
2020-01-09,15.064426262825778,15.224885152992005,14.757074170739578,14.803033770842575,76763
2020-01-10,14.803033770842575,14.989061138576293,14.678187092114426,14.75994849861987,50000
2020-01-13,14.75994849861987,14.938459340789711,14.712427652390039,14.932807575383366,50000
2020-01-14,14.932807575383366,15.372426875339531,14.84484156564347,15.353328694352788,50000
2020-01-15,15.353328694352788,15.368854507159506,15.155220934568984,15.281952369402235,50000
2020-01-16,15.281952369402235,15.681342179933246,15.183978377468193,15.676850019698794,50000
2020-01-17,15.676850019698794,15.736144343115125,15.636380362339102,15.727556993240896,50000
2020-01-20,15.727556993240896,15.830872139967214,15.53017945074721,15.625980241343552,50000
2020-01-21,15.625980241343552,15.902865612724689,15.580416242169917,15.747650439987886,50000
2020-01-22,15.747650439987886,15.78148626505468,15.428395724690906,15.617820688801633,202266
2020-01-23,15.617820688801633,15.77941304698219,15.116144834748862,15.12886811491332,75662
2020-01-24,15.12886811491332,15.324988627652688,15.029225756758068,15.265726725153456,117292
2020-01-27,15.265726725153456,15.706613046911162,15.252541597127342,15.697419758860546,50000
2020-01-28,15.697419758860546,16.515321206526735,15.56598023119113,16.304928450495684,80612
2020-01-29,16.304928450495684,16.414934067444612,16.08988243017725,16.158246575054125,50000
2020-01-30,16.158246575054125,16.31489295282521,15.799915712296213,15.842015814529024,50251
2020-01-31,15.842015814529024,16.03103420731136,15.82304350053743,15.984659261110671,50000
2020-02-03,15.984659261110671,15.99604611972662,15.116657147254568,15.30688953311453,50000
2020-02-04,15.30688953311453,15.33898177977882,15.124843580520691,15.23375700928218,50000
2020-02-05,15.23375700928218,15.343955814333437,15.154380803641924,15.298968477699804,50000
2020-02-06,15.298968477699804,15.89976251490671,15.287685337795535,15.874279987311102,69004
2020-02-07,15.874279987311102,16.428511937876458,15.7512388920721,16.424600739951902,50000
2020-02-10,16.424600739951902,16.636231551364954,15.981247228788844,16.188374488482417,106922
2020-02-11,16.188374488482417,16.282157647551397,15.544944882272949,15.785227297072268,50000
2020-02-12,15.785227297072268,15.918654435727248,15.56870939389321,15.727616489332249,50000
2020-02-13,15.727616489332249,15.913797148009746,15.594782808169068,15.898051140366722,50000
2020-02-14,15.898051140366722,16.164768395680735,15.888142171945567,16.064577934181692,50000
2020-02-17,16.064577934181692,16.265969507780813,16.02098765239808,16.02125174812071,50000
2020-02-18,16.02125174812071,16.06369257362441,15.711081808595333,15.721702253277558,50000
2020-02-19,15.721702253277558,15.815159802658322,15.6431520511136,15.812302649253983,50000
2020-02-20,15.812302649253983,16.007076935848453,15.668310425072,15.920562360761316,101364
2020-02-21,15.920562360761316,15.99103398953896,15.82336745506859,15.900928213511712,50000
2020-02-24,15.900928213511712,16.567973995638084,15.74396956333322,16.535161055523258,50000
2020-02-25,16.535161055523258,16.568398777390797,16.30731868352787,16.37103888406355,50000
2020-02-26,16.37103888406355,16.614181328311716,16.31430852013191,16.49352127859696,50000
2020-02-27,16.49352127859696,17.03882868433847,16.437309901138264,16.997465677327718,56596
2020-02-28,16.997465677327718,17.01279924630247,16.57978592034667,16.61351485718908,50000
2020-03-02,16.61351485718908,16.73789077553847,16.00776567240509,16.020616134442154,50000
2020-03-03,16.020616134442154,16.12041536108465,15.953780639726023,16.0532288819913,50000
2020-03-04,16.0532288819913,16.077302950163133,15.53792412860028,15.566571317005828,66414
2020-03-05,15.566571317005828,15.56848014242116,15.394592345158744,15.41740201370544,50000
2020-03-06,15.41740201370544,15.571001642292796,15.37003476386672,15.461099377483531,50000
2020-03-09,15.461099377483531,15.671473004134809,15.412936915059158,15.585080687506784,50000
2020-03-10,15.585080687506784,15.666957626551604,15.023111340556584,15.139036022135787,50000
2020-03-11,15.139036022135787,15.227696135370799,15.051018139403359,15.053931937204712,50000
2020-03-12,15.053931937204712,15.400419735309843,14.972335686437397,15.342810757695176,92722
2020-03-13,15.342810757695176,15.439008168706565,14.712993964228732,14.83161650040261,50000
2020-03-16,14.83161650040261,14.848642297563368,14.423422209825876,14.464027056699955,50000
2020-03-17,14.464027056699955,14.487954187100847,13.838832334899799,13.939833905135654,50000
2020-03-18,13.939833905135654,14.05722786824849,13.58385785525268,13.65894420333721,50000
2020-03-19,13.65894420333721,13.722713973665766,13.328477777675223,13.375751799906771,50000
2020-03-20,13.375751799906771,13.450993456268836,13.180084618267848,13.21516855133916,50000
2020-03-23,13.21516855133916,13.260466190609707,12.990640978974456,13.110572001427643,50000
2020-03-24,13.110572001427643,13.194808416646493,13.062627331124274,13.17913783150246,50000
2020-03-25,13.17913783150246,13.434511169630635,13.128461043573946,13.299861873014411,50000
2020-03-26,13.299861873014411,13.362433898222257,12.709553658128005,12.768048499092282,50000
2020-03-27,12.768048499092282,13.06185070120568,12.750163477296399,12.94356764199702,50000
2020-03-30,12.94356764199702,13.944745089237003,12.89148182034112,13.83542255123386,50000
2020-03-31,13.83542255123386,13.895843283751043,13.714138999089858,13.785628786645226,50000
2020-04-01,13.785628786645226,13.872347014163871,13.699428908552822,13.712522642315047,50000
2020-04-02,13.712522642315047,13.908008174674281,13.467918979435382,13.487753983098328,50000
2020-04-03,13.487753983098328,13.765810027452291,13.452532650727044,13.690911414979047,67418
2020-04-06,13.690911414979047,14.484070867354731,13.485111615486161,14.416889831306463,50000
2020-04-07,14.416889831306463,14.468059817802574,13.969763674058074,14.071131688893837,50000
2020-04-08,14.071131688893837,14.087182878192635,13.386571768885675,13.431726703730215,64174
2020-04-09,13.431726703730215,13.544475229235369,13.305879584568029,13.405590848119123,74578
2020-04-10,13.405590848119123,13.640649802184635,13.291919367277165,13.603612403547102,111257
2020-04-13,13.603612403547102,13.711777485482365,13.265574088587739,13.33238903046163,50000
2020-04-14,13.33238903046163,13.686892068530158,13.240875164199304,13.62975270813595,52779
2020-04-15,13.62975270813595,13.69484006542724,13.507508166377107,13.568749559693991,59310
2020-04-16,13.568749559693991,13.623007898802904,12.814935771195511,12.838782380171821,133595
2020-04-17,12.838782380171821,12.931890743691849,12.806891282346387,12.854608032539822,50000
2020-04-20,12.854608032539822,12.880820710971948,12.222820695869027,12.232903412264072,66947
2020-04-21,12.232903412264072,12.487455733362465,12.198800812575499,12.383151948071927,50000
2020-04-22,12.383151948071927,12.694144209922657,12.175678638206923,12.645045195161075,50000
2020-04-23,12.645045195161075,12.789856740965961,11.966799987587565,11.994442895488048,50000
2020-04-24,11.994442895488048,12.078270962903035,11.968712964514927,12.077324105922331,50000
2020-04-27,12.077324105922331,12.403661465846984,12.016957667211406,12.307187677380531,63400
2020-04-28,12.307187677380531,12.468027343567176,12.172765643016309,12.224386217159092,50000
2020-04-29,12.224386217159092,12.316969946459453,12.206819100817462,12.261420731921088,50000
2020-04-30,12.261420731921088,12.66114902365678,12.142091070660515,12.59411924919366,110141
2020-05-01,12.59411924919366,13.23774986557864,12.55723866527749,13.117245849254415,50000
2020-05-04,13.117245849254415,13.227435554516607,12.929334930589278,12.950585177214043,50000
2020-05-05,12.950585177214043,13.023130023366353,12.145436453002974,12.21661717501346,71985
2020-05-06,12.21661717501346,12.493515885286433,12.112765372666246,12.435358404584443,50000
2020-05-07,12.435358404584443,12.436658530184943,11.839387666513217,11.8775778139884,50000
2020-05-08,11.8775778139884,11.99469028668799,11.787627577236023,11.87211898426791,50000
2020-05-11,11.87211898426791,11.906491169498247,11.545109638780975,11.552637837662347,60217
2020-05-12,11.552637837662347,11.73373503861458,11.542168452626525,11.620111321645373,62438
2020-05-13,11.620111321645373,11.84382956041939,11.60814678817436,11.793119594372765,50000
2020-05-14,11.793119594372765,12.263586203482225,11.748797552059704,12.245533382082547,51769
2020-05-15,12.245533382082547,12.412661732334849,12.200939272329661,12.398719000754909,60295
2020-05-18,12.398719000754909,12.497893867490658,12.323777789857786,12.458137940997261,50000
2020-05-19,12.458137940997261,12.49946797441174,11.35428359753884,11.404979768960992,50198
2020-05-20,11.404979768960992,11.505484717944004,11.224896848274502,11.343099189434588,50000
2020-05-21,11.343099189434588,11.350841646424788,11.27755094482606,11.342266638336252,50000
2020-05-22,11.342266638336252,11.386698651697278,11.207527103610195,11.320109814879979,92168
2020-05-25,11.320109814879979,11.449586266444985,11.317428249734505,11.441255371776766,62181
2020-05-26,11.441255371776766,11.525150626334964,11.353737413368226,11.507211383029267,50000
2020-05-27,11.507211383029267,11.613814451804796,10.992517601084398,11.080503763137983,50000
2020-05-28,11.080503763137983,11.154342081288643,10.966177800337318,11.00048269274965,50000
2020-05-29,11.00048269274965,11.040020935464064,10.874817132375034,10.88729744335824,223767
2020-06-01,10.88729744335824,10.95913296722861,10.830825477531315,10.839563843141628,50000
2020-06-02,10.839563843141628,11.07420243996433,10.827304869665069,11.063055954944296,58395
2020-06-03,11.063055954944296,11.58491063657037,10.992245959570802,11.469327845933345,50000
2020-06-04,11.469327845933345,11.546993142743775,11.250639188485854,11.294692203582773,50000
2020-06-05,11.294692203582773,11.5645380363792,11.141249315426764,11.538042118690788,131608
2020-06-08,11.538042118690788,11.958721906351826,11.53158999853872,11.937253612037695,87149
2020-06-09,11.937253612037695,12.026315420344758,11.164408627871909,11.19206300115816,50000
2020-06-10,11.19206300115816,11.28599239031204,11.120994905861345,11.2398220803466,50000
2020-06-11,11.2398220803466,11.584322482938102,11.2333421926654,11.498983316048031,51985
2020-06-12,11.498983316048031,11.550959928825264,11.156450492788727,11.157570549790202,50000
2020-06-15,11.157570549790202,11.182528094878379,10.840987123531557,10.857497873250335,82040
2020-06-16,10.857497873250335,10.914322121130583,10.50241264096194,10.531652827782622,65285
2020-06-17,10.531652827782622,10.878309284633987,10.515163967377553,10.872657025762166,50000
2020-06-18,10.872657025762166,11.047295292606087,10.856932068312716,10.984847267632247,50000
2020-06-19,10.984847267632247,11.056669476414195,10.925158598277,10.937329310411423,50000
2020-06-22,10.937329310411423,10.999996309860967,10.595140366887637,10.595154920508124,79444
2020-06-23,10.595154920508124,11.46737312609201,10.495478879167417,11.426016690336219,50000
2020-06-24,11.426016690336219,11.457095122524958,11.356529638607881,11.373944517298062,65918
2020-06-25,11.373944517298062,11.41921660726421,11.365445667332612,11.41770686570618,50000
2020-06-26,11.41770686570618,11.511603621610421,11.358930674128773,11.51076578774507,50000
2020-06-29,11.51076578774507,11.554982628515718,11.382439765052538,11.407680253879697,50000
2020-06-30,11.407680253879697,11.408371839413004,11.298401304540725,11.364689373669012,50000
2020-07-01,11.364689373669012,12.004295365549526,11.33055619652534,11.951265810938693,50000
2020-07-02,11.951265810938693,12.142990708333535,11.929390070201196,12.115695237944536,50000
2020-07-03,12.115695237944536,12.120380905829387,11.850340192615688,12.047187565272027,50000
2020-07-06,12.047187565272027,12.327240544129161,11.893050185083515,12.223183668970577,50000
2020-07-07,12.223183668970577,12.289229736976838,11.976285191932227,12.01387391018908,52992
2020-07-08,12.01387391018908,12.066046762540774,11.836437832457502,11.928494224331002,50000
2020-07-09,11.928494224331002,12.001843615337238,11.869414753374084,11.987960690292171,50000
2020-07-10,11.987960690292171,12.390075313238272,11.973339052325574,12.276550974182669,256900
2020-07-13,12.276550974182669,12.61471906475334,12.186380727391965,12.555520560583341,50000
2020-07-14,12.555520560583341,12.581092855164881,12.373733622804174,12.397387032824353,76171
2020-07-15,12.397387032824353,12.442580072754975,12.154051045223746,12.31780832860074,50000
2020-07-16,12.31780832860074,13.093807735392266,12.244855129445973,13.038721623732437,103865
2020-07-17,13.038721623732437,13.147322308011933,12.867819539222193,13.113919251305324,50000
2020-07-20,13.113919251305324,13.159164343290161,12.763081934429119,12.784435163512038,50000
2020-07-21,12.784435163512038,12.832063387529379,12.453792401844204,12.559999077899487,133801
2020-07-22,12.559999077899487,12.722831307955822,12.441520319271477,12.649735399175025,51035
2020-07-23,12.649735399175025,12.833806702103676,12.630799604463075,12.796047858153221,76031
2020-07-24,12.796047858153221,12.861600983524214,12.369292686259184,12.384369219045622,50000
2020-07-27,12.384369219045622,12.756705482470688,12.360181044286255,12.721631620908035,50000
2020-07-28,12.721631620908035,12.820484450683614,12.544892885554312,12.59756921799766,54813
2020-07-29,12.59756921799766,13.003581812744462,12.539996406896991,12.935202356708796,50000
2020-07-30,12.935202356708796,13.104873692345034,12.912294313673415,13.075617047441343,50000
2020-07-31,13.075617047441343,13.225511006311617,12.644003193319364,12.665718618127082,50000
2020-08-03,12.665718618127082,12.759173947802257,12.143517274935336,12.242372239504181,70218
2020-08-04,12.242372239504181,12.500218819772499,12.241415687581805,12.43595442849984,50000
2020-08-05,12.43595442849984,12.544273069974585,12.26639329080543,12.324562864950707,50000
2020-08-06,12.324562864950707,12.608349421100407,12.318136724488356,12.523178468798674,102163
2020-08-07,12.523178468798674,12.540951000824062,12.317932518843778,12.426590836981267,50000
2020-08-10,12.426590836981267,12.493951424613124,12.124249076930777,12.126664131550395,90061
2020-08-11,12.126664131550395,12.800637858973476,12.10730480479519,12.752477272923223,50000
2020-08-12,12.752477272923223,13.396919722125068,12.636618937958255,13.189309899587753,50000
2020-08-13,13.189309899587753,13.695029776352223,13.139767956901478,13.603989496444049,50000
2020-08-14,13.603989496444049,13.855731775811261,13.520927671929325,13.77900056690048,102993
2020-08-17,13.77900056690048,14.324704334877888,13.766540062930748,14.244692422651067,148370
2020-08-18,14.244692422651067,14.271731181847093,13.948182566304759,13.949394711256934,50000
2020-08-19,13.949394711256934,13.966369503626087,13.542253668890277,13.692923391577079,50000
2020-08-20,13.692923391577079,13.707899262820739,13.437977907112671,13.508997819545158,96993
2020-08-21,13.508997819545158,14.060044162775304,13.50653161181452,14.03493311259841,50000
2020-08-24,14.03493311259841,14.336758300955092,14.0309530678007,14.295643649322388,50000
2020-08-25,14.295643649322388,14.455491425199751,14.106887856817645,14.35125637601263,50000
2020-08-26,14.35125637601263,14.437380188993751,14.264187603561785,14.311856826111697,50000
2020-08-27,14.311856826111697,14.401166813643666,13.893368442972418,14.036742841105237,50000
2020-08-28,14.036742841105237,14.758877680840621,13.991850897112073,14.64045815686889,50000
2020-08-31,14.64045815686889,14.679310682046156,14.454371063563357,14.544568989795556,50000
2020-09-01,14.544568989795556,14.563594147372786,14.388003337395327,14.538561242152895,63602
2020-09-02,14.538561242152895,15.348991108452232,14.44825236421021,15.187156637485858,113631
2020-09-03,15.187156637485858,15.213146793680755,14.948351736025186,15.03365292979586,50000
2020-09-04,15.03365292979586,15.075433171147335,15.019298281948238,15.07143665190105,211581
2020-09-07,15.07143665190105,15.192745140997326,14.909933978708988,15.167055004879543,50000
2020-09-08,15.167055004879543,15.275061854275384,15.056604701172644,15.178533745796122,50000
2020-09-09,15.178533745796122,15.401950026319854,15.115879113017787,15.286543722190597,50000
2020-09-10,15.286543722190597,15.31359847502359,15.019012431092891,15.142650791912613,50000
2020-09-11,15.142650791912613,15.294169422244648,15.084420572824548,15.25053498697313,56634
2020-09-14,15.25053498697313,15.31115841506636,15.190511465802146,15.19088546023091,50000
2020-09-15,15.19088546023091,15.225682918636911,14.672700173383959,14.782796694793673,142716
2020-09-16,14.782796694793673,14.807854954922504,14.77397268952367,14.791139051176636,118062
2020-09-17,14.791139051176636,15.009101437969958,14.7884014497673,14.946425199936533,50000
2020-09-18,14.946425199936533,15.117387504112349,14.928691782225314,15.046658829932106,50000
2020-09-21,15.046658829932106,15.119271533810753,14.973724770671431,15.03911583979629,66884
2020-09-22,15.03911583979629,15.283161660946826,14.83034971164791,15.231479081300131,50000
2020-09-23,15.231479081300131,15.831085134452536,15.186397100259656,15.757922246846926,50000
2020-09-24,15.757922246846926,15.83470499295614,15.068283195312064,15.141943066868723,50000
2020-09-25,15.141943066868723,15.268812956481188,15.013536909261857,15.071022429109563,120009
2020-09-28,15.071022429109563,15.320586357973996,14.957123959450724,15.320471516409345,50000
2020-09-29,15.320471516409345,15.773103912517364,15.277767804355655,15.726767208181535,79939
2020-09-30,15.726767208181535,15.862103684592928,15.366191829088919,15.415533269342905,50000
2020-10-01,15.415533269342905,15.44970232103699,15.254351133758368,15.256380931707758,50000
2020-10-02,15.256380931707758,15.288841254451805,14.970355906044302,15.061615161360018,50000
2020-10-05,15.061615161360018,15.758976382482139,15.017821231142674,15.655834339978869,50000
2020-10-06,15.655834339978869,15.68581952270968,14.994782268957664,15.076565283376008,82351
2020-10-07,15.076565283376008,15.228070784695271,14.843740202860321,14.873268300465721,50000
2020-10-08,14.873268300465721,14.877313615271534,14.622097621757433,14.678664425612865,50000
2020-10-09,14.678664425612865,14.948010070676592,14.609063936147772,14.791379500737685,50000
2020-10-12,14.791379500737685,14.895145013419175,14.567766892622645,14.695779527990528,199843
2020-10-13,14.695779527990528,14.909121226594747,14.677828459179455,14.738504063453057,54904
2020-10-14,14.738504063453057,14.907731976568384,14.493016165999267,14.8762985759606,50000
2020-10-15,14.8762985759606,15.12973933153491,14.783549402072728,15.079932400983619,50000
2020-10-16,15.079932400983619,15.187571738047998,14.713852155413901,14.765909887179637,50000
2020-10-19,14.765909887179637,14.77236992271555,14.361735365633788,14.454995148052973,50000
2020-10-20,14.454995148052973,14.767241269905004,14.429704975353102,14.731731849516388,50000
2020-10-21,14.731731849516388,14.855262713208596,14.584696703174059,14.845855965918437,84046
2020-10-22,14.845855965918437,15.22219068574251,14.679762383448656,15.166890223340614,50000
2020-10-23,15.166890223340614,15.225941753797894,14.610615212918903,14.696737364369698,50000
2020-10-26,14.696737364369698,14.82054382864486,14.629022891450784,14.774597805704898,54049
2020-10-27,14.774597805704898,14.903037441157375,14.728475715582665,14.85696869119375,50000
2020-10-28,14.85696869119375,14.922709144667124,14.812449296627376,14.835611713787944,50000
2020-10-29,14.835611713787944,14.922608215186214,14.803676493797294,14.816795126059711,50000
2020-10-30,14.816795126059711,14.817309781373709,14.417564531090887,14.440925570440163,50000
2020-11-02,14.440925570440163,14.978476091592809,14.411537710648274,14.89851266653507,62806
2020-11-03,14.89851266653507,15.620028233598518,14.725354829742178,15.593160539920891,147127
2020-11-04,15.593160539920891,15.671618464811965,15.064988858255434,15.125158784571337,50000
2020-11-05,15.125158784571337,16.06803078296298,15.116193675026874,16.01318019574371,50000
2020-11-06,16.01318019574371,16.058445090018044,15.719802084402472,15.86274669852093,126491
2020-11-09,15.86274669852093,16.47717880917045,15.831127937575266,16.30039541556019,50000
2020-11-10,16.30039541556019,16.595552252413825,16.300079323578583,16.534857593948193,51353
2020-11-11,16.534857593948193,16.59196690527861,16.472126540251026,16.58433985020101,50000
2020-11-12,16.58433985020101,16.62030893709671,16.557701018974676,16.578730560590838,50000
2020-11-13,16.578730560590838,16.67544288998224,16.470807372852338,16.57571413657487,50000
2020-11-16,16.57571413657487,16.9340390928746,16.553373033005705,16.81013103869675,50000
2020-11-17,16.81013103869675,16.893712504762547,16.651174881800255,16.66370437489496,50000
2020-11-18,16.66370437489496,16.66569172570791,16.46149184501284,16.6465196506404,50000
2020-11-19,16.6465196506404,16.743522058765954,16.603365687307388,16.695120475504694,112027
2020-11-20,16.695120475504694,16.78241692637874,16.484265945153453,16.72622785581518,50000
2020-11-23,16.72622785581518,16.89992210124506,16.667298304670275,16.875576551787255,50000
2020-11-24,16.875576551787255,16.89478488794901,16.60128970841755,16.727167867875547,50000
2020-11-25,16.727167867875547,16.842342495181168,16.55368390810565,16.770568644541676,164570
2020-11-26,16.770568644541676,16.878508495838084,16.44703342652569,16.59865229032683,50000
2020-11-27,16.59865229032683,16.695474688249785,16.51101722288383,16.579379103671563,50000
2020-11-30,16.579379103671563,16.680026105521232,16.39602768812253,16.497008916024903,50000
2020-12-01,16.497008916024903,16.71167372447751,16.444774526213216,16.593444101249652,50000
2020-12-02,16.593444101249652,16.789460131900743,16.49044868332068,16.633622958147324,50000
2020-12-03,16.633622958147324,16.91392149772539,16.63113880378696,16.727734059335123,98265
2020-12-04,16.727734059335123,16.86195483489453,16.67947451718644,16.78821512382682,86747
2020-12-07,16.78821512382682,17.461128641487996,16.700841657510505,17.394400608764652,50000
2020-12-08,17.394400608764652,18.05932897201258,17.33204562535561,18.035031280217204,50000
2020-12-09,18.035031280217204,18.184838406230806,17.753375523609794,18.13611703419448,50000
2020-12-10,18.13611703419448,18.17219669261836,17.807370838546348,17.978951317951818,57623
2020-12-11,17.978951317951818,18.166006766485975,17.760282392699644,18.08149627697211,50000
2020-12-14,18.08149627697211,18.11796494091432,17.67416769392122,17.88065200435615,136581
2020-12-15,17.88065200435615,18.337156854551175,17.818964761777334,18.221783217694554,106442
2020-12-16,18.221783217694554,18.26040544086208,17.932606482072647,18.059378552104466,81311
2020-12-17,18.059378552104466,18.29229482480167,17.94995005523001,18.140899441790687,50000
2020-12-18,18.140899441790687,18.20727959304487,17.708449341699733,17.741250816043177,94557
2020-12-21,17.741250816043177,17.976367422653087,17.60565009239087,17.89199832316859,50000
2020-12-22,17.89199832316859,18.008151297956413,17.749263532588536,17.74960146275749,92366
2020-12-23,17.74960146275749,18.478526603738846,17.744247350951255,18.445625361657008,50000
2020-12-24,18.445625361657008,18.52956597479632,17.941528708621046,18.05984729424323,50000
2020-12-25,18.05984729424323,18.151763379099823,17.789811858007976,17.812428090491398,50000
2020-12-28,17.812428090491398,17.824456925559335,17.615515863478326,17.62646161733181,50000
2020-12-29,17.62646161733181,18.262940266263232,17.58144217793376,18.18726788092024,77572
2020-12-30,18.18726788092024,18.219869193557784,17.854785207226506,17.920828346814947,50000
2020-12-31,17.920828346814947,18.030684109557487,17.849304308396498,17.858344978986413,117559
2021-01-01,17.858344978986413,17.880444889980858,17.102385963346677,17.225276522329082,50000
2021-01-04,17.225276522329082,17.23051986349034,16.811321373996606,16.853575683512137,50000
2021-01-05,16.853575683512137,16.913096630935193,16.71734680190163,16.736193563187534,50000
2021-01-06,16.736193563187534,16.796455052226865,15.939733488637662,15.962676698872576,89931
2021-01-07,15.962676698872576,16.232815029287618,15.89846844990112,16.142268438161654,53107
2021-01-08,16.142268438161654,16.25412235003307,15.714250787220672,15.80681212405275,50000
2021-01-11,15.80681212405275,15.90609453147992,15.228832904565513,15.232726477470887,68524
2021-01-12,15.232726477470887,15.271302004136215,15.016842409702729,15.185246534391277,65984
2021-01-13,15.185246534391277,15.195045345949259,14.924528068920823,14.976537687800517,60921
2021-01-14,14.976537687800517,15.013846195217626,14.890861257052551,14.979321356616907,50000
2021-01-15,14.979321356616907,15.009984771764476,14.862908266506201,14.958444393775086,70107
2021-01-18,14.958444393775086,14.97507781532283,14.80838369938196,14.882741994140812,50000
2021-01-19,14.882741994140812,15.330861905556278,14.75384728601941,15.150674674569581,54407
2021-01-20,15.150674674569581,15.688862724920574,15.138461213709972,15.565494322756393,59802
2021-01-21,15.565494322756393,15.720656434608888,15.535575136455098,15.636692918558337,55364
2021-01-22,15.636692918558337,15.832518408530845,15.595128514260315,15.66988135423774,83961
2021-01-25,15.66988135423774,15.793764970102048,15.578561642075778,15.787312661279795,122178
2021-01-26,15.787312661279795,16.119414904460804,15.709385297560289,16.050462896206003,50000
2021-01-27,16.050462896206003,16.05178860594046,15.900557203738092,15.93039978720831,50000
2021-01-28,15.93039978720831,16.012270711563634,15.496942585125524,15.555670626310368,50000
2021-01-29,15.555670626310368,15.620852517049558,15.021710118377065,15.176835811751259,50000
2021-02-01,15.176835811751259,15.328922830989928,15.05302787371436,15.324101340697736,50000
2021-02-02,15.324101340697736,15.384781074830228,15.265953820347162,15.274829001983337,51102
2021-02-03,15.274829001983337,15.28305333918302,15.05697316733309,15.073083105284963,76327
2021-02-04,15.073083105284963,15.096409327820833,14.859061471274046,14.968078710800679,79854
2021-02-05,14.968078710800679,15.056590850382959,14.39254126054373,14.406912025192103,74496
2021-02-08,14.406912025192103,14.662644373385389,14.38268456257578,14.617559599687672,50000
2021-02-09,14.617559599687672,14.679388091445366,14.55834258545269,14.599525172193974,50000
2021-02-10,14.599525172193974,14.682878498199862,14.296223573763527,14.297066384010785,64895
2021-02-11,14.297066384010785,14.59387444210855,14.110519065435945,14.502868622936568,213285
2021-02-12,14.502868622936568,14.515852749516565,14.441691729976258,14.449664852226753,50000
2021-02-15,14.449664852226753,14.468961359756891,13.997470108529322,14.051958510657858,50000
2021-02-16,14.051958510657858,14.149495465756313,13.97107605948462,14.132369926436626,50000
2021-02-17,14.132369926436626,14.17918018196928,13.824344235604778,13.834155129703054,54525
2021-02-18,13.834155129703054,13.842013060003568,13.601112565792478,13.60186251086804,50000
2021-02-19,13.60186251086804,13.606453000790083,13.374106112536051,13.585387503823227,50000
2021-02-22,13.585387503823227,13.681675699257724,13.431289766084106,13.680056644845124,71230
2021-02-23,13.680056644845124,13.71142648750038,13.475138014880644,13.593265905841603,50000
2021-02-24,13.593265905841603,13.71462500707229,13.110294723175251,13.191847129901912,52706
2021-02-25,13.191847129901912,13.340519948121331,13.161938629488349,13.186996434689362,50000
2021-02-26,13.186996434689362,13.274344468466841,12.793359905219258,12.861347417059662,50000
2021-03-01,12.861347417059662,13.0678895117103,12.79547448668796,12.918704503043408,50000
2021-03-02,12.918704503043408,12.920792945031131,12.680321295845555,12.735946136202617,50000
2021-03-03,12.735946136202617,12.74822133218434,12.218741674783498,12.29515736439482,50000
2021-03-04,12.29515736439482,12.638025010637916,12.262308931756994,12.625407586418156,50000
2021-03-05,12.625407586418156,12.95166399121038,12.586005664758988,12.795235212001307,84399
2021-03-08,12.795235212001307,13.451878457888355,12.764828198903881,13.444196246049286,50000
2021-03-09,13.444196246049286,13.949809441461664,13.32552159318471,13.821936385341854,50000
2021-03-10,13.821936385341854,13.881017776520366,13.487843713756673,13.520453886118148,191746
2021-03-11,13.520453886118148,13.668500891011558,13.410857165840918,13.570773050484854,50000
2021-03-12,13.570773050484854,13.653391630124675,13.398127981854994,13.445739685462186,50000
2021-03-15,13.445739685462186,13.456384261961825,13.314130345179997,13.31950911864826,50000
2021-03-16,13.31950911864826,13.405340336245011,13.08367561883919,13.175704532723552,68706
2021-03-17,13.175704532723552,13.220428286637778,12.962912425706385,12.963131091820484,50000
2021-03-18,12.963131091820484,13.033870972260942,12.738324937526285,12.826494093843033,50000
2021-03-19,12.826494093843033,13.047932927901154,12.738997556599513,13.028796426398111,50000
2021-03-22,13.028796426398111,13.398167389358864,12.967216509238732,13.264831991784114,121730
2021-03-23,13.264831991784114,13.43546211537914,13.012028676351315,13.046902777609898,50000
2021-03-24,13.046902777609898,13.254695814552496,12.85899550296824,12.914614001154444,187162
2021-03-25,12.914614001154444,13.17816349242745,12.906753924684839,13.097903811999187,67009
2021-03-26,13.097903811999187,13.216257647314258,12.604685550175367,12.73038037505096,57936
2021-03-29,12.73038037505096,13.078444896909577,12.684863344536861,13.03798135745062,63621
2021-03-30,13.03798135745062,13.277261173209162,12.909222652943512,13.155893170005575,50000
2021-03-31,13.155893170005575,13.52378645925853,13.151682251847943,13.49373076005704,50000
2021-04-01,13.49373076005704,13.604551006716939,13.341566952080047,13.424037434402736,144230
2021-04-02,13.424037434402736,13.458480597232887,12.47827773071093,12.548625719138292,153881
2021-04-05,12.548625719138292,12.62102963402309,12.076159952600788,12.118792172093302,50000
2021-04-06,12.118792172093302,12.140384003188329,12.029442945039682,12.072120917907888,50000
2021-04-07,12.072120917907888,12.256387564376386,12.050551416416102,12.20833590027738,79410
2021-04-08,12.20833590027738,12.306280314872053,12.161420454226597,12.183610542439402,161865
2021-04-09,12.183610542439402,12.484548356690256,12.079356435078768,12.425909777316054,50000
2021-04-12,12.425909777316054,12.691285886811766,12.395905130490917,12.671169479892738,71452
2021-04-13,12.671169479892738,12.767346723219617,12.589467260143183,12.727011160325112,54605
2021-04-14,12.727011160325112,12.809799473071557,12.702629512658289,12.80779496119674,50000
2021-04-15,12.80779496119674,12.824781935458939,12.259373850075656,12.295947776202102,118916
2021-04-16,12.295947776202102,12.352261596672038,12.232871230137844,12.305686629228331,50000
2021-04-19,12.305686629228331,12.732509213400737,12.196607947597586,12.653223618371491,78806
2021-04-20,12.653223618371491,12.855384618785482,12.649279106365729,12.854481999560889,71439
2021-04-21,12.854481999560889,13.151620284130429,12.794611796878335,13.144346321577341,50000
2021-04-22,13.144346321577341,13.50400851727347,13.123007099394455,13.484033784678884,50000
2021-04-23,13.484033784678884,13.53115817563954,13.097667908401984,13.211187828161394,50000
2021-04-26,13.211187828161394,13.65341216192578,13.1608928659682,13.435841885394725,72027
2021-04-27,13.435841885394725,13.642995310551642,13.349709368576079,13.586081603530465,50000
2021-04-28,13.586081603530465,13.647122565780514,12.907575674934842,13.099123194075277,121704
2021-04-29,13.099123194075277,13.133441265301501,12.232824562210707,12.271164265721469,267008
2021-04-30,12.271164265721469,12.336557762971081,11.60680172906199,11.719070766253932,50000
2021-05-03,11.719070766253932,11.854557370134913,11.570380133044576,11.779491563778514,50000
2021-05-04,11.779491563778514,12.081163680211832,11.676484576907287,11.99371936264935,50000
2021-05-05,11.99371936264935,12.104569364462733,11.872313174738338,12.032478563746993,50000
2021-05-06,12.032478563746993,12.485147785660644,12.009343147661532,12.330200910830252,50000
2021-05-07,12.330200910830252,12.365724519384194,11.578404565033772,11.717770997133295,76375
2021-05-10,11.717770997133295,11.81685215294484,11.647828289061831,11.807044741212072,53080
2021-05-11,11.807044741212072,12.173304423524884,11.790609269274286,12.16846810954845,50000
2021-05-12,12.16846810954845,12.24245180361911,11.866506153834516,11.944750649656141,61937
2021-05-13,11.944750649656141,11.982012428376898,11.91695235744061,11.963202963811627,53331
2021-05-14,11.963202963811627,12.102547507868028,11.436896548046407,11.461421016283529,50000
2021-05-17,11.461421016283529,11.814796149958468,11.446041582102954,11.749725977486344,50000
2021-05-18,11.749725977486344,11.802496299262218,11.632053753398687,11.662249614537537,50000
2021-05-19,11.662249614537537,12.195983058239412,11.550596643339006,12.140295688945045,50000
2021-05-20,12.140295688945045,12.288448712394684,12.095903570933157,12.21897797890514,50000
2021-05-21,12.21897797890514,12.548961947706045,12.20839915077821,12.495590921897834,50000
2021-05-24,12.495590921897834,12.804250795408967,12.37181397991318,12.774142165848138,50000
2021-05-25,12.774142165848138,13.178451511329046,12.688190632131064,13.133646841580985,50000
2021-05-26,13.133646841580985,13.189936920771622,12.967699298153196,12.98942616643209,50000
2021-05-27,12.98942616643209,13.140963265241568,12.684806320464169,12.748175811245668,50000
2021-05-28,12.748175811245668,12.841113426550876,12.718543999591631,12.763459324722353,50000
2021-05-31,12.763459324722353,12.8127041458023,12.46242929215126,12.662211908006666,50000
2021-06-01,12.662211908006666,12.939273705337259,12.62913340933396,12.837933839775678,50000
2021-06-02,12.837933839775678,12.894586661115149,12.260889610698163,12.326454513391827,113278
2021-06-03,12.326454513391827,13.380866186005324,12.292381483429304,13.28556399418904,50000
2021-06-04,13.28556399418904,13.7035321831395,13.24813950146563,13.425964856856098,50000
2021-06-07,13.425964856856098,13.70577863829288,13.391866264974484,13.567225247778659,50000
2021-06-08,13.567225247778659,13.591620033429026,13.414036744510351,13.500490039955949,50000
2021-06-09,13.500490039955949,13.723439610126649,13.316277762161688,13.686879855395265,50000
2021-06-10,13.686879855395265,13.706097411672095,13.329673318342563,13.384101425467561,83283
2021-06-11,13.384101425467561,13.483256270999297,13.350008019499866,13.410674107886473,50000
2021-06-14,13.410674107886473,13.482421153078187,13.31699130775326,13.4646394859354,50000
2021-06-15,13.4646394859354,13.749801320446457,13.270983965158448,13.708307462839846,50000
2021-06-16,13.708307462839846,13.761542931966455,13.660314948679103,13.667509252552696,50000
2021-06-17,13.667509252552696,13.888442569940866,13.585424257314061,13.886913370637117,50000
2021-06-18,13.886913370637117,14.228266907022002,13.867994439378116,14.068934473373984,50000
2021-06-21,14.068934473373984,14.8919635203331,14.01815992239881,14.852870361929702,50000
2021-06-22,14.852870361929702,15.037109195247773,14.751817265997103,14.95534026283086,60859
2021-06-23,14.95534026283086,15.876186866024282,14.947908759575405,15.747722851718754,50000
2021-06-24,15.747722851718754,15.89298048352367,15.5523531586652,15.722297205265647,50000
2021-06-25,15.722297205265647,15.893339761472538,15.392022948843156,15.401673370401092,50000
2021-06-28,15.401673370401092,15.439912456052935,14.98159685052828,15.207937852920564,50000
2021-06-29,15.207937852920564,15.730225058500045,15.151155078688397,15.67847350068816,50000
2021-06-30,15.67847350068816,15.872028862054606,15.184487689733109,15.281532188145944,50000
2021-07-01,15.281532188145944,15.426330878434696,15.109161099047906,15.165618336529695,81209
2021-07-02,15.165618336529695,15.38963701307765,15.098366338589472,15.28181247310997,64711
2021-07-05,15.28181247310997,15.661531237114742,15.181382605222087,15.585213885565704,67330
2021-07-06,15.585213885565704,16.089543797432597,15.579566949669637,16.069423041519943,50000
2021-07-07,16.069423041519943,16.16048423601916,15.644184668028082,15.761008449024166,69563
2021-07-08,15.761008449024166,15.82041832919851,15.512322856801143,15.557466653846639,161536
2021-07-09,15.557466653846639,15.790956892001097,15.472819830766941,15.704247554554463,56686
2021-07-12,15.704247554554463,15.740133381139374,15.274957419750187,15.300248550689538,50000
2021-07-13,15.300248550689538,15.765808683677875,15.269876152295854,15.728885617765744,50000
2021-07-14,15.728885617765744,15.76462422265062,15.570699308276948,15.677408999729266,50000
2021-07-15,15.677408999729266,15.701938842759871,15.425913500310362,15.50777914029894,50000
2021-07-16,15.50777914029894,16.196961141452203,15.494888314959457,16.082521686060872,50000
2021-07-19,16.082521686060872,16.1895858133944,15.794962388220195,15.928813112113223,50000
2021-07-20,15.928813112113223,15.946071448557053,15.801254833795348,15.86684510654382,50000
2021-07-21,15.86684510654382,15.965560759102958,15.796710364332212,15.933425969852772,50000
2021-07-22,15.933425969852772,16.327258004999322,15.709267758398312,16.29569694609045,50000
2021-07-23,16.29569694609045,16.31695699391953,16.221923655292333,16.27004246672203,50000
2021-07-26,16.27004246672203,16.373843244857863,15.817662194499869,16.0020363069251,50000
2021-07-27,16.0020363069251,16.082346627031345,15.80956359890705,16.022351992633894,50000
2021-07-28,16.022351992633894,16.52444242429293,15.970129110548639,16.518176437890233,50000
2021-07-29,16.518176437890233,16.55292138921664,15.923960325986759,16.076333715839173,50000
2021-07-30,16.076333715839173,16.099404436128996,15.73261767055558,15.886761073883546,50000
2021-08-02,15.886761073883546,16.29238252119593,15.638421459374404,16.24194698002013,50000
2021-08-03,16.24194698002013,16.724713772004886,16.169211348162474,16.558474548426453,50000
2021-08-04,16.558474548426453,16.617365068971367,16.18845859821813,16.23939507430397,70971
2021-08-05,16.23939507430397,16.336007168451093,16.220988382017264,16.23579047746525,72383
2021-08-06,16.23579047746525,16.31342514372382,16.029616728437386,16.046958723240234,50000
2021-08-09,16.046958723240234,16.59313830488926,16.026179704253195,16.454600766754986,55363
2021-08-10,16.454600766754986,16.54506696706282,16.088465747526104,16.116214968783854,50000
2021-08-11,16.116214968783854,16.172208555623754,15.438926877165738,15.586202424336891,69555
2021-08-12,15.586202424336891,15.876276958280627,15.365452207954997,15.829926788286409,53811
2021-08-13,15.829926788286409,16.027026176411038,15.801092652203513,15.876611038702073,50000
2021-08-16,15.876611038702073,15.935518763758086,15.819771803941164,15.906513730294867,50000
2021-08-17,15.906513730294867,15.921255979307318,15.412358513167142,15.427498981794411,50000
2021-08-18,15.427498981794411,15.631921798699917,15.414071473504691,15.580831691251243,90601
2021-08-19,15.580831691251243,15.912527416596447,15.543913538116897,15.839604936527374,50000
2021-08-20,15.839604936527374,15.902972242625504,15.68905415645706,15.743144681179594,50000
2021-08-23,15.743144681179594,15.778984093377538,15.642043073780256,15.725355803498141,50000
2021-08-24,15.725355803498141,15.92599078061978,15.537839232980348,15.663517347531037,67562
2021-08-25,15.663517347531037,15.746554824887582,15.302892311384262,15.364525544586085,50000
2021-08-26,15.364525544586085,15.5372965813098,15.35539649616691,15.464999177052771,50000
2021-08-27,15.464999177052771,16.211065543008587,15.426565187170816,16.210295459250503,50000
2021-08-30,16.210295459250503,16.23830782978556,15.93819581674465,15.974152889323408,50000
2021-08-31,15.974152889323408,16.075270145011753,15.756550135522707,15.789419478182644,56154
2021-09-01,15.789419478182644,15.884118843078731,15.513682699896819,15.535672127113237,50000
2021-09-02,15.535672127113237,15.594291250903057,15.327766716066586,15.4675493678837,68427
2021-09-03,15.4675493678837,15.593559432081083,15.41116385603376,15.481977759706245,133773
2021-09-06,15.481977759706245,15.594060917740839,15.394443843101133,15.52054749135351,63134
2021-09-07,15.52054749135351,15.957882385411178,15.461537496487653,15.949405648730071,50000
2021-09-08,15.949405648730071,16.542154592458715,15.91844569654689,16.427270072117516,61846
2021-09-09,16.427270072117516,16.801988055198873,16.37762689041773,16.74955729958774,95019
2021-09-10,16.74955729958774,16.862501905583144,16.700009531276546,16.735983160981885,50000
2021-09-13,16.735983160981885,16.94809530516133,16.355077665966938,16.44499979438339,50000
2021-09-14,16.44499979438339,16.68624484184983,16.352283857387654,16.413921690832332,123595
2021-09-15,16.413921690832332,16.42710132283717,16.35512365954053,16.380164584936637,54995
2021-09-16,16.380164584936637,16.578102497364377,16.351450736783963,16.423265743218266,106104
2021-09-17,16.423265743218266,16.553385833311232,15.965241745842405,16.029356315329395,92596
2021-09-20,16.029356315329395,16.159194622682215,16.015281401392425,16.113568593570253,50000
2021-09-21,16.113568593570253,16.31399844565019,16.04869539808044,16.04934067197774,50000
2021-09-22,16.04934067197774,16.121937516159665,15.488163358972326,15.489687322640261,50000
2021-09-23,15.489687322640261,15.551857320958904,15.134700062915357,15.272771011087972,50000
2021-09-24,15.272771011087972,15.76070388122642,15.098692753691557,15.732616717539948,50000
2021-09-27,15.732616717539948,15.76446625637338,15.590530341089464,15.641397433148656,54536
2021-09-28,15.641397433148656,16.255240028418203,15.562750968113837,16.141010258384462,50000
2021-09-29,16.141010258384462,16.252575806610853,16.074953510602306,16.08183464214359,105628
2021-09-30,16.08183464214359,16.15224692243167,16.058040627501917,16.151002365905523,50000
2021-10-01,16.151002365905523,16.25388365979661,15.810963608591903,15.90555231207082,50000
2021-10-04,15.90555231207082,16.075504152641454,15.874338783549684,15.991870831235971,63284
2021-10-05,15.991870831235971,16.09443057006797,15.91881615520353,16.090197609565127,50000
2021-10-06,16.090197609565127,16.855336138566084,16.0298732538088,16.793298429362025,50000
2021-10-07,16.793298429362025,16.927286465439714,16.254746857166577,16.44991478721184,50780
2021-10-08,16.44991478721184,16.488349879890226,16.259190674798855,16.340286695729432,50000
2021-10-11,16.340286695729432,16.402969738396695,16.114433946040435,16.19742821069458,50000
2021-10-12,16.19742821069458,16.286097417987843,15.799665402052764,16.022727609488204,50000
2021-10-13,16.022727609488204,16.732068734073327,15.795656213354597,16.567154681980554,50000
2021-10-14,16.567154681980554,16.958103967288274,16.549371967635498,16.95757789648706,50000
2021-10-15,16.95757789648706,17.007027660305322,16.74158972366312,16.753145734941004,50000
2021-10-18,16.753145734941004,16.805974484795517,16.455925752066307,16.482826023958562,69128
2021-10-19,16.482826023958562,16.606147136533846,16.19804540269903,16.20637901451391,50000
2021-10-20,16.20637901451391,16.33895987070766,15.713932017557694,15.774393417437064,50000
2021-10-21,15.774393417437064,16.128819412603843,15.715411433452342,16.010304698222704,74567
2021-10-22,16.010304698222704,16.063462977270582,15.716298618985181,15.735610145306294,50000
2021-10-25,15.735610145306294,15.894817214118023,15.29096067909412,15.312230476487526,67429
2021-10-26,15.312230476487526,15.46781365172739,15.310417059437453,15.416734134201688,50000
2021-10-27,15.416734134201688,15.487329409397413,15.11057726454131,15.172377388829338,103968
2021-10-28,15.172377388829338,15.702316542947276,15.084862479806883,15.609739797013193,50000
2021-10-29,15.609739797013193,15.633388342392877,15.50768259982264,15.525897345249135,50000
2021-11-01,15.525897345249135,15.702767772073608,15.27863704797441,15.375158197296415,50000
2021-11-02,15.375158197296415,15.400885586495958,15.075773430835412,15.096013800957602,67419
2021-11-03,15.096013800957602,15.248975911703992,15.011006926153659,15.164788047305901,50000
2021-11-04,15.164788047305901,15.626870586229392,15.130763219099483,15.545914668622963,50000
2021-11-05,15.545914668622963,16.198743707903958,15.538279876381356,15.961807754994028,50000
2021-11-08,15.961807754994028,15.971367048125353,15.864073229616984,15.86696180252627,50000
2021-11-09,15.86696180252627,15.999360390172908,15.718932411797383,15.983099397365581,50000
2021-11-10,15.983099397365581,16.0528311366222,15.662198178417158,15.71084803973001,50000
2021-11-11,15.71084803973001,16.575123380226604,15.643534924637171,16.55660678882485,50000
2021-11-12,16.55660678882485,16.614424595674606,16.083660081670125,16.112239907894114,63466
2021-11-15,16.112239907894114,16.35126038097222,16.092702696735287,16.18402068447792,82856
2021-11-16,16.18402068447792,16.244670141308383,15.73147700612076,15.774341909499416,50000
2021-11-17,15.774341909499416,16.231532030370936,15.682924876821199,16.154348414138752,50000
2021-11-18,16.154348414138752,16.361242105237846,16.091744424581947,16.25507309631286,50000
2021-11-19,16.25507309631286,16.461716081438222,15.789271171552619,15.798739433287267,375427
2021-11-22,15.798739433287267,15.820195518973406,15.590777112690668,15.639479566442752,50000
2021-11-23,15.639479566442752,16.181134394568346,15.529227572737605,16.12836633402102,54401
2021-11-24,16.12836633402102,16.567974419717654,15.983314518528234,16.522123817306575,50000
2021-11-25,16.522123817306575,16.82734712927162,16.491045314933633,16.674853809430882,61516
2021-11-26,16.674853809430882,16.763965112823445,16.300347154961383,16.549878813557935,58496
2021-11-29,16.549878813557935,16.6265643229028,16.449432482064598,16.45367946456364,60450
2021-11-30,16.45367946456364,16.972958288730975,16.39839141878198,16.88748341109826,98215
2021-12-01,16.88748341109826,17.272573563412923,16.86941005861372,16.920675524070216,50000
2021-12-02,16.920675524070216,17.023142019680797,16.625983118151154,16.73120964513,50000
2021-12-03,16.73120964513,16.95254802002422,16.67838356826005,16.835605710707693,59916
2021-12-06,16.835605710707693,17.279140682392576,16.81113853156361,17.26469724536792,117759
2021-12-07,17.26469724536792,17.94454270270361,17.23749676214189,17.838939837746175,50000
2021-12-08,17.838939837746175,17.995591880511526,17.795168346132357,17.855818282329697,50000
2021-12-09,17.855818282329697,17.985628631487437,17.821104600515664,17.879349016957445,141382
2021-12-10,17.879349016957445,17.90223412156119,17.771949991745846,17.822771699954288,50000
2021-12-13,17.822771699954288,17.899291606518503,17.141528045521916,17.247776410863253,297707
2021-12-14,17.247776410863253,17.37498544034944,17.22756980828728,17.367706175062533,50000
2021-12-15,17.367706175062533,17.5567556436729,16.79501450152337,16.992287468212172,50000
2021-12-16,16.992287468212172,17.04714489782864,16.62106745091028,16.67066302614033,50000
2021-12-17,16.67066302614033,17.258788132676404,16.626597645420784,17.177767966879593,50000
2021-12-20,17.177767966879593,17.4050744702181,16.97153807007818,17.08456247159726,50000
2021-12-21,17.08456247159726,17.74324876609778,16.961496407067408,17.673737785643596,117956
2021-12-22,17.673737785643596,17.888662338734594,17.5676046093307,17.811459691790606,50000
2021-12-23,17.811459691790606,18.208794146250852,17.64332664187419,18.20029126257804,50000
2021-12-24,18.20029126257804,18.49970374461457,18.096082619474632,18.47086011819616,50000
2021-12-27,18.47086011819616,19.1204066138619,18.348641944355027,19.083029651922942,50000
2021-12-28,19.083029651922942,19.37076413488701,18.935778997020712,19.17462280240133,59612
2021-12-29,19.17462280240133,19.274738243027432,18.669584276811893,18.8672583457964,50000
2021-12-30,18.8672583457964,18.91326620023309,18.7791486861876,18.811773045354123,50000
2021-12-31,18.811773045354123,19.19435338419657,18.677737246996916,19.12037883259299,52620
2022-01-03,19.12037883259299,19.405886348517946,19.0222794110063,19.184852977173833,50000
2022-01-04,19.184852977173833,19.21061746101102,18.67201323077056,18.874027858545386,50000
2022-01-05,18.874027858545386,18.87461976669761,18.489162532063503,18.678703003290778,58262
2022-01-06,18.678703003290778,18.908010720483695,18.54726200240393,18.783881520728475,67704
2022-01-07,18.783881520728475,18.897847582907783,18.447284506587067,18.48266761253456,50000
2022-01-10,18.48266761253456,19.125900791168437,18.420265474119027,19.105442145753404,50000
2022-01-11,19.105442145753404,19.333274808657972,19.083535801865647,19.2823563173776,50000
2022-01-12,19.2823563173776,19.806695671353754,19.234953579894587,19.77635755009029,60614
2022-01-13,19.77635755009029,20.090685333913314,19.749391227260396,20.059255100693935,50000
2022-01-14,20.059255100693935,20.25002241003126,20.020709600046942,20.06638410850554,50000
2022-01-17,20.06638410850554,20.80855728430407,19.695107417466755,20.749058778046635,50000
2022-01-18,20.749058778046635,20.89788084788319,20.31708667152107,20.319840490387854,50000
2022-01-19,20.319840490387854,20.34725548906959,20.293780123170883,20.31762938860966,55877
2022-01-20,20.31762938860966,20.394594469773462,20.059780138302216,20.146970364724332,50000
2022-01-21,20.146970364724332,20.26651625876332,20.03002719367553,20.091810731143333,50000
2022-01-24,20.091810731143333,20.466475775249737,20.049580206764407,20.333180728572387,56266
2022-01-25,20.333180728572387,20.431833273364152,20.02150354085151,20.250929719215875,50000
2022-01-26,20.250929719215875,20.77247485947241,20.1262823043118,20.71754747974336,50000
2022-01-27,20.71754747974336,20.721304412068417,20.401025888775546,20.49687231679997,50000
2022-01-28,20.49687231679997,20.51394192334936,20.34277573982743,20.346733129926417,61877
2022-01-31,20.346733129926417,20.53317369871582,20.084163053978436,20.182529984918943,50000
2022-02-01,20.182529984918943,20.194756186050963,20.003591632781934,20.010756995626586,50000
2022-02-02,20.010756995626586,20.024038491081857,19.849697226688445,19.94133725048158,109812
2022-02-03,19.94133725048158,20.040667378399448,19.74173253776959,19.796809534146153,50000
2022-02-04,19.796809534146153,19.964453959423967,19.682844007406988,19.700558575347348,50000
2022-02-07,19.700558575347348,20.596928103688207,19.66993333213026,20.447817546874987,148975
2022-02-08,20.447817546874987,20.507570918740175,20.31628202660942,20.44577315075105,50000
2022-02-09,20.44577315075105,20.547441028274164,20.16970633587954,20.19519640203267,50000
2022-02-10,20.19519640203267,20.597621070546158,20.0951399523163,20.457492063151854,50000
2022-02-11,20.457492063151854,20.6078072510901,20.158709080442453,20.214073771943195,50000
2022-02-14,20.214073771943195,20.33349798675648,20.094058004927142,20.098723262029182,116512
2022-02-15,20.098723262029182,20.264524374337345,20.09862020136942,20.242746664261716,120042
2022-02-16,20.242746664261716,20.646130118280457,20.112375091894705,20.61094241862966,225468
2022-02-17,20.61094241862966,20.692636221566705,20.29826678989311,20.41633997872725,50000
2022-02-18,20.41633997872725,20.7088670710014,19.94424803126072,20.212052888686475,50000
2022-02-21,20.212052888686475,20.466853398241017,20.012682410178005,20.351294059411742,85276
2022-02-22,20.351294059411742,20.3880005874534,19.922054806123306,19.973458055839895,50000
2022-02-23,19.973458055839895,20.127708571370018,19.88017592072058,20.081838884146194,62429
2022-02-24,20.081838884146194,20.0929015878095,19.940311600140987,20.053815946084804,50000
2022-02-25,20.053815946084804,20.591951029308973,19.991622574098432,20.437568425907347,50000
2022-02-28,20.437568425907347,20.895343360491943,20.280738078127577,20.704685726444357,50000
2022-03-01,20.704685726444357,21.046525261930952,20.69177225710933,20.885013363288728,124812
2022-03-02,20.885013363288728,21.029205859823367,20.81890524443967,20.964903690710976,50000
2022-03-03,20.964903690710976,21.360926701450804,20.85578558842398,21.33048291942449,50000
2022-03-04,21.33048291942449,21.433792144871056,20.89848743452211,21.027886724224437,50000
2022-03-07,21.027886724224437,21.571453406135632,20.88082224755562,21.54773314045099,50000
2022-03-08,21.54773314045099,21.765516358565996,21.50386086776351,21.660456803227675,50000
2022-03-09,21.660456803227675,22.2907887890545,21.62668968104945,22.214645780044577,71723
2022-03-10,22.214645780044577,22.41515616735731,22.199225019350852,22.3170088076668,50000
2022-03-11,22.3170088076668,22.368241081517358,21.722877838711664,21.83569232329047,50000
2022-03-14,21.83569232329047,21.846056436706675,21.43121161178298,21.43736439370863,50000
2022-03-15,21.43736439370863,21.740696969283825,21.362972705711552,21.56191562295061,50000
2022-03-16,21.56191562295061,21.788220739087954,21.412840710472892,21.6609332736779,50000
2022-03-17,21.6609332736779,21.905833871521363,21.650468549937372,21.895929741884242,50000
2022-03-18,21.895929741884242,22.185248321402707,21.310948573989233,21.45545079274428,58879
2022-03-21,21.45545079274428,21.559777807042106,21.235897617249464,21.359503384394408,50000
2022-03-22,21.359503384394408,21.480010704397717,21.29548170020536,21.314705833289462,50000
2022-03-23,21.314705833289462,21.340253531396222,21.01343196489229,21.092556218954716,50000
2022-03-24,21.092556218954716,21.138260847807505,20.678199819319435,20.86191861360364,50000
2022-03-25,20.86191861360364,20.894249170499414,20.440284904600425,20.5604909870859,69642
2022-03-28,20.5604909870859,20.608262816094776,20.25046626970977,20.33970650839756,52941
2022-03-29,20.33970650839756,20.584714863433767,20.297511542971368,20.566675031486625,50000
2022-03-30,20.566675031486625,20.5847174560461,20.422858963948737,20.442060741500647,50000
2022-03-31,20.442060741500647,20.48950011831483,20.374446024233347,20.481430439940617,50000
2022-04-01,20.481430439940617,20.80232306503183,20.33753984777766,20.71109293908368,50000
2022-04-04,20.71109293908368,20.787012204177415,20.15614168252322,20.208915531494053,50000
2022-04-05,20.208915531494053,20.267878469069245,19.787468884968224,19.88029031361431,71838
2022-04-06,19.88029031361431,20.019626465223624,19.69525327715098,19.935343440419075,58876
2022-04-07,19.935343440419075,20.067259036650086,19.84967323746129,19.871214442302456,50000
2022-04-08,19.871214442302456,20.028481018171533,19.81638975571539,19.88253659740109,50000
2022-04-11,19.88253659740109,20.28860065217259,19.707573198647623,20.18664837247717,142742
2022-04-12,20.18664837247717,20.34337898295609,20.073566264402498,20.279505451490017,50000
2022-04-13,20.279505451490017,20.305622923951336,20.206696213905943,20.270653772065327,50000
2022-04-14,20.270653772065327,20.61161976944494,20.21307413550049,20.516425060838298,60545
2022-04-15,20.516425060838298,20.65473059971569,20.382176238744456,20.521599368483223,50000
2022-04-18,20.521599368483223,20.58322210083448,20.48118151683262,20.55564821815224,50000
2022-04-19,20.55564821815224,20.677433530995767,20.522508785466098,20.66199712683632,129235
2022-04-20,20.66199712683632,20.949032426364365,20.64225829250581,20.877213180113532,50000
2022-04-21,20.877213180113532,21.253870903289258,20.73415411281786,21.19921356984176,50000
2022-04-22,21.19921356984176,21.245688105075345,21.131531308547054,21.237003409308713,50000
2022-04-25,21.237003409308713,21.40410043427793,20.998336273299483,21.15109115002162,50000
2022-04-26,21.15109115002162,21.197656581972137,20.931968577640244,20.948325377545327,50000
2022-04-27,20.948325377545327,21.090600141970533,20.828778007132183,20.940939819172346,127558
2022-04-28,20.940939819172346,21.366504621680697,20.864389728099866,21.294097820471194,142162
2022-04-29,21.294097820471194,21.40693700217532,21.291058679201086,21.365144378772218,50000
2022-05-02,21.365144378772218,21.83240146704401,21.328704517274613,21.579710614733017,50000
2022-05-03,21.579710614733017,21.7294435161445,21.537652315318333,21.65318441279704,125846
2022-05-04,21.65318441279704,22.30403928294936,21.640069980631772,22.294351681913994,50000
2022-05-05,22.294351681913994,22.689499141249136,22.24212024735713,22.572965480970534,111369
2022-05-06,22.572965480970534,23.158720317607195,22.563333853193573,23.083881181789955,50000
2022-05-09,23.083881181789955,23.282368706647702,22.99385337859411,23.136736215833725,50000
2022-05-10,23.136736215833725,23.31779802884476,22.44693149723835,22.555196634043554,65391
2022-05-11,22.555196634043554,22.661973603735635,22.027336541837403,22.119853642677047,50000
2022-05-12,22.119853642677047,22.267743490618038,21.967240052618973,22.192538380181936,76257
2022-05-13,22.192538380181936,22.453052820633587,22.14560075538585,22.354863033407568,90996
2022-05-16,22.354863033407568,22.37212762172177,22.14043458915419,22.179081946074582,50000
2022-05-17,22.179081946074582,22.26753379165933,21.99532156726748,22.029205861207018,55795
2022-05-18,22.029205861207018,22.334706079321034,21.966759723993047,22.121609547013662,58772
2022-05-19,22.121609547013662,22.395184641441645,21.622330053325435,21.676248488782218,56766
2022-05-20,21.676248488782218,21.705178271741833,21.124591706511207,21.349907952765776,50000
2022-05-23,21.349907952765776,22.036617973934117,21.312639634310855,22.034956566899996,50000
2022-05-24,22.034956566899996,22.108020531993034,21.73599882795428,21.880457153873024,103311
2022-05-25,21.880457153873024,21.96543713850793,21.854279447642018,21.948274928492847,56430
2022-05-26,21.948274928492847,22.047017632717445,21.490038842081038,21.57329885985773,50000
2022-05-27,21.57329885985773,21.6081486515534,21.446590452108286,21.500986468060752,50000
2022-05-30,21.500986468060752,22.05777338867427,21.437571620242984,21.936258794561397,50000
2022-05-31,21.936258794561397,21.99387699031676,21.808345548125732,21.93776791035566,61227
2022-06-01,21.93776791035566,22.393506344486557,21.587076587358776,22.24991566493443,50000
2022-06-02,22.24991566493443,22.357057378340315,21.979981797186166,22.088127087756664,50000
2022-06-03,22.088127087756664,22.47907205229272,21.948233886566385,22.302604157323326,57075
2022-06-06,22.302604157323326,22.40240629204921,21.930173428135856,22.000015744507333,82588
2022-06-07,22.000015744507333,22.00839530403968,21.57905170083261,21.722337612864745,53534
2022-06-08,21.722337612864745,21.987474262995036,21.632793156305453,21.65259819646663,50000
2022-06-09,21.65259819646663,21.9132973611089,21.592939510323273,21.89410149872974,50000
2022-06-10,21.89410149872974,22.33370949172208,21.77679293847883,22.193643762187143,50000
2022-06-13,22.193643762187143,22.366789325740303,22.1082881113834,22.322341113491976,50000
2022-06-14,22.322341113491976,22.344282903519268,22.166059173709456,22.319987014092227,50000
2022-06-15,22.319987014092227,22.667713815293332,22.228618431464394,22.553104617754506,50000
2022-06-16,22.553104617754506,22.920159591537868,22.45546575397392,22.775572767262503,50000
2022-06-17,22.775572767262503,23.27057628452118,22.645292728671187,23.21059087495733,50000
2022-06-20,23.21059087495733,23.27490076633259,23.022744485942923,23.151913921397206,50000
2022-06-21,23.151913921397206,23.167728419890054,22.805379194139206,22.844177890685977,50000
2022-06-22,22.844177890685977,23.351026582034642,22.49401305444622,23.280444389539117,50000
2022-06-23,23.280444389539117,23.513451971513593,23.271009897686984,23.355036016519,50000
2022-06-24,23.355036016519,23.861260901647245,23.009743344390074,23.569910254069107,50000
2022-06-27,23.569910254069107,23.58218454619494,23.173165824757596,23.25677380076006,50000
2022-06-28,23.25677380076006,24.016443170268566,23.081512302940798,23.80491417153599,50000
2022-06-29,23.80491417153599,24.152387201517044,23.34394301420764,23.51219441915541,50000
2022-06-30,23.51219441915541,23.51384884359664,23.191535268991103,23.310489842567534,50000
2022-07-01,23.310489842567534,23.712977828564572,23.176912252678086,23.674390026475827,50000
2022-07-04,23.674390026475827,23.821167703429612,23.64738268729433,23.756912504970526,50000
2022-07-05,23.756912504970526,23.829341991710933,23.494463387054463,23.63433660957671,50000
2022-07-06,23.63433660957671,24.199891980469328,23.590968250009094,24.15580321233742,50000
2022-07-07,24.15580321233742,24.304916016437133,23.90452029622382,24.071594133343197,50000
2022-07-08,24.071594133343197,24.35561403959068,23.939233050198606,24.243131716210303,92615
2022-07-11,24.243131716210303,24.26100822258876,23.481992951402386,23.55596596216774,57112
2022-07-12,23.55596596216774,23.695488858142642,23.482859910063617,23.62175557598831,50000
2022-07-13,23.62175557598831,23.966191823012178,23.422862582356338,23.486728509473135,64867
2022-07-14,23.486728509473135,23.63316915882676,23.155351468007613,23.34513983843001,50000
2022-07-15,23.34513983843001,23.742783254079328,23.21706502143528,23.692685443375485,63356
2022-07-18,23.692685443375485,23.72554685561459,23.460138060122564,23.55409294867971,50000
2022-07-19,23.55409294867971,23.633800723593783,23.35789397586059,23.561273949123237,59648
2022-07-20,23.561273949123237,23.714573392181123,23.176244055660334,23.189786330346774,91715
2022-07-21,23.189786330346774,23.346742888131985,22.951591886572064,23.099093730061938,50000
2022-07-22,23.099093730061938,23.213538823346372,22.54947231593153,22.65871106996377,50000
2022-07-25,22.65871106996377,23.20336299017635,22.598810239237707,23.044090619494643,50000
2022-07-26,23.044090619494643,23.051985039997486,22.394089022731674,22.44461745109959,50000
2022-07-27,22.44461745109959,22.609920890295157,21.786849249341767,21.94830952804126,50000
2022-07-28,21.94830952804126,22.13184111411191,21.576765660594834,21.680181835277192,50000
2022-07-29,21.680181835277192,22.061412651571807,21.528869271983776,22.027228227780355,50000
2022-08-01,22.027228227780355,22.558378336593666,21.9263262580509,22.33439541519321,51065
2022-08-02,22.33439541519321,22.414802204145236,22.07814869191034,22.157103268596845,78775
2022-08-03,22.157103268596845,22.37862910564379,22.11401940989971,22.34065497119713,50000
2022-08-04,22.34065497119713,22.74014453293827,22.26905028175706,22.595271066894167,50000
2022-08-05,22.595271066894167,22.748452790783798,22.396658987769353,22.673485679681143,72534
2022-08-08,22.673485679681143,22.743787245801403,21.91102704107969,21.968911151921837,50000
2022-08-09,21.968911151921837,22.38240109990954,21.91250849134796,22.114280983689607,80167
2022-08-10,22.114280983689607,22.472433864670112,22.032673202730642,22.35016994221619,50000
2022-08-11,22.35016994221619,22.730198232478905,22.331036253058933,22.59712395011484,50000
2022-08-12,22.59712395011484,22.70395013795733,22.434806802562143,22.697322580626054,50000
2022-08-15,22.697322580626054,22.70288086819898,22.33637820205739,22.536566747134053,50000
2022-08-16,22.536566747134053,22.69871891202893,22.142335110867673,22.34631989787004,60751
2022-08-17,22.34631989787004,22.439771095227233,22.333988124020394,22.378723380393847,50000
2022-08-18,22.378723380393847,22.38077052060144,22.173516607318476,22.25227871425269,50000
2022-08-19,22.25227871425269,22.316024752635876,22.02672717163823,22.27691394023432,50000
2022-08-22,22.27691394023432,22.305585559229353,22.16327880112368,22.190187614559587,50000
2022-08-23,22.190187614559587,22.288066049361294,21.776619224362744,21.79702369957618,50000
2022-08-24,21.79702369957618,21.966356717670582,21.737293754200255,21.77076829020889,50000
2022-08-25,21.77076829020889,21.83084292390525,21.74636087759208,21.774493915656436,58554
2022-08-26,21.774493915656436,22.08527637937508,21.75047117870561,21.90534579656716,50000
2022-08-29,21.90534579656716,22.669503347059663,21.875141536577342,22.40778014258058,50000
2022-08-30,22.40778014258058,22.993709306833694,22.37635188736179,22.74911951069649,50000
2022-08-31,22.74911951069649,23.099544797875396,22.716104248800598,22.98093770782611,57216
2022-09-01,22.98093770782611,23.967596634454758,22.863331832861967,23.804020070273936,50000
2022-09-02,23.804020070273936,24.395408406713308,23.745551141461696,24.20330304222369,50000
2022-09-05,24.20330304222369,24.349747965809563,24.168132356699793,24.295428167220106,50000
2022-09-06,24.295428167220106,24.347752509238518,24.28180648178417,24.326438159063493,70477
2022-09-07,24.326438159063493,24.598638229006156,24.221233551394214,24.488771694031357,83494
2022-09-08,24.488771694031357,24.522143915577175,24.154268977908664,24.22059097227535,50000
2022-09-09,24.22059097227535,24.357487873538382,23.626188523266123,23.90455985203932,50000
2022-09-12,23.90455985203932,24.03177855837435,23.83362677424987,23.90949298386521,50000
2022-09-13,23.90949298386521,24.152973193428902,23.651733665407882,23.89422074373997,50000
2022-09-14,23.89422074373997,24.267941667430307,23.878576418378263,24.225738215884768,61255
2022-09-15,24.225738215884768,24.64727401101717,24.06041680196277,24.492313075997618,50000
2022-09-16,24.492313075997618,24.696727494167078,24.402053324640583,24.43664181376715,50000
2022-09-19,24.43664181376715,24.643999185678712,24.324988724362836,24.642958287075544,50000
2022-09-20,24.642958287075544,24.727490384114294,24.220247964426196,24.280843236095148,50744
2022-09-21,24.280843236095148,24.90710421217804,24.116936979449815,24.84133685515202,55696
2022-09-22,24.84133685515202,25.123814706007277,24.68684417741824,24.936109716130336,50000
2022-09-23,24.936109716130336,24.945617894698003,24.194518246797262,24.19840754277308,50000
2022-09-26,24.19840754277308,24.378024049673076,23.77563855752068,23.899705605768716,50000
2022-09-27,23.899705605768716,24.046123474192022,23.655840087883043,23.75548829180728,50000
2022-09-28,23.75548829180728,23.766568081700946,23.715766981916534,23.74783420485941,50000
2022-09-29,23.74783420485941,23.80215236749215,23.584090658044904,23.76074676318178,50000
2022-09-30,23.76074676318178,23.874096456124548,23.3138446911496,23.501116840713838,50000
2022-10-03,23.501116840713838,24.371300094933787,23.330547001580477,24.26517021646185,50000
2022-10-04,24.26517021646185,24.867009707605668,24.244649492111726,24.732431687272193,50000
2022-10-05,24.732431687272193,25.096239419102265,24.46190231991251,24.81570268050822,72747
2022-10-06,24.81570268050822,25.000696836121243,24.705928130437332,24.72255954671912,50000
2022-10-07,24.72255954671912,24.749266161083003,24.433807523403818,24.444992588037007,55511
2022-10-10,24.444992588037007,24.56148394680073,24.067573521662773,24.305584667713518,50000
2022-10-11,24.305584667713518,24.322537819114924,24.008080393416353,24.066981356731027,50000
2022-10-12,24.066981356731027,24.21383691729601,23.849905570958036,24.012300564013824,50000
2022-10-13,24.012300564013824,24.251571711145285,23.931444864259415,24.169194518241255,71619
2022-10-14,24.169194518241255,24.53506093813965,24.081647954878736,24.30614852352857,158952
2022-10-17,24.30614852352857,24.524998110795213,24.119765657469053,24.339454404479806,50000
2022-10-18,24.339454404479806,24.691259928613405,24.262588355050273,24.651917051857385,50000
2022-10-19,24.651917051857385,24.806276371182044,24.371962453468797,24.43075411407546,52658
2022-10-20,24.43075411407546,24.584035641293823,23.823449752766695,23.958864289463325,50000
2022-10-21,23.958864289463325,24.138081336007748,23.65721700354422,23.74480338162392,143966
2022-10-24,23.74480338162392,24.16077714239594,23.48448864931853,24.087346089722526,125101
2022-10-25,24.087346089722526,24.461429166143805,23.98612428009472,24.429428777120773,50000
2022-10-26,24.429428777120773,24.488061352051087,24.16744747519925,24.380711123486904,50000
2022-10-27,24.380711123486904,24.472366396518822,23.93623082357665,23.991052437960377,50000
2022-10-28,23.991052437960377,24.043497884128758,23.81353493297568,23.826475292128496,119059
2022-10-31,23.826475292128496,24.09245802673101,23.52764926294438,23.632583654472185,50000
2022-11-01,23.632583654472185,23.899726480121068,23.490959426020485,23.819069526010182,50526
2022-11-02,23.819069526010182,24.48402635329288,23.46409797902872,24.239302286992483,57780
2022-11-03,24.239302286992483,24.279435394375934,23.683563483634483,23.900063020229364,50000
2022-11-04,23.900063020229364,24.164268558331027,23.809732774910326,23.81625460509379,50000
2022-11-07,23.81625460509379,24.13538904257218,23.51573162294731,23.814978786519216,50000
2022-11-08,23.814978786519216,24.106369806230113,23.789296694569874,23.98711891888999,51727
2022-11-09,23.98711891888999,24.020455036938177,23.693106270151493,23.69975759852593,58490
2022-11-10,23.69975759852593,23.966707809909142,23.52722192116146,23.619690708335174,65074
2022-11-11,23.619690708335174,23.794876600776636,22.606216683283265,22.672485003106864,50000
2022-11-14,22.672485003106864,22.83410669992968,22.346666698920938,22.431923273947213,50000
2022-11-15,22.431923273947213,22.735632694189658,22.138165422711815,22.36027328295288,110822
2022-11-16,22.36027328295288,22.472342680266472,22.27134334143686,22.452044468406694,50000
2022-11-17,22.452044468406694,22.663094035705875,22.415260846061006,22.61812373808798,50000
2022-11-18,22.61812373808798,22.768036243274107,22.544606440394627,22.589482331007268,50000
2022-11-21,22.589482331007268,22.85695042496083,21.758741622550488,21.87428281484463,50000
2022-11-22,21.87428281484463,21.95161505113206,21.794709396494955,21.940191564539674,50000
2022-11-23,21.940191564539674,22.072631640617857,21.504372933703777,21.684296642090175,50000
2022-11-24,21.684296642090175,22.222150430984627,21.62527373998906,22.018274459875805,50000
2022-11-25,22.018274459875805,22.140822754638833,21.317936021588217,21.357423664393846,50000
2022-11-28,21.357423664393846,21.418648315728653,21.123275678644976,21.29825618539695,78585
2022-11-29,21.29825618539695,21.41574700171094,20.889154119395844,21.110102088173832,79131
2022-11-30,21.110102088173832,21.550334233068135,21.090632816887712,21.450712244434943,50000
2022-12-01,21.450712244434943,21.598642009975116,20.897412113530255,21.100081549342182,50000
2022-12-02,21.100081549342182,21.105095739817557,20.90285049348949,20.90335230635727,50000
2022-12-05,20.90335230635727,20.97544251123874,20.52795672965699,20.569891088488088,50000
2022-12-06,20.569891088488088,20.745235409331464,19.70745109516828,19.890689141694818,50000
2022-12-07,19.890689141694818,20.087786778214415,19.712357286987302,19.77405640092199,50000
2022-12-08,19.77405640092199,19.88034285605688,19.68601819806657,19.79209610746604,50000
2022-12-09,19.79209610746604,19.855098031217707,19.635340330623077,19.668083849388218,67214
2022-12-12,19.668083849388218,20.16010655125495,19.626179316425244,19.79885074057336,92892
2022-12-13,19.79885074057336,19.83215656776238,19.58479888701322,19.66629828555809,50000
2022-12-14,19.66629828555809,20.05191102452218,19.664788080608105,19.856793594967755,50000
2022-12-15,19.856793594967755,20.047470433722253,19.614559467846526,19.871818929839833,50000
2022-12-16,19.871818929839833,20.359891538050462,19.772526600422047,20.27691799600361,50000
2022-12-19,20.27691799600361,20.40870350909308,20.25935565199954,20.337375104692644,50000
2022-12-20,20.337375104692644,20.90181635221031,20.198823263589897,20.860231293006915,50000
2022-12-21,20.860231293006915,20.97052739498899,20.62621652319375,20.812034567591898,50000
2022-12-22,20.812034567591898,20.831510470314562,20.55996480110534,20.669888436696713,50000
2022-12-23,20.669888436696713,20.77078974273771,20.433642347619376,20.642616399749215,50000
2022-12-26,20.642616399749215,20.966778467835773,20.583900327097954,20.966226269227107,50000
2022-12-27,20.966226269227107,20.98646818019251,20.220743266964572,20.349553732727262,50000
2022-12-28,20.349553732727262,20.39885872786831,20.301812917852992,20.33309313595054,50000
2022-12-29,20.33309313595054,20.388286164037833,20.21760042549474,20.242898729360206,51198
2022-12-30,20.242898729360206,20.33115087933471,20.03595697677222,20.063941073688593,50000
2023-01-02,20.063941073688593,20.10034379283181,19.329189572962814,19.376797501589515,50000
2023-01-03,19.376797501589515,19.46022935451758,19.19355147836876,19.222237398111123,87964
2023-01-04,19.222237398111123,19.421237087144124,18.9798312524807,19.01024339479332,88373
2023-01-05,19.01024339479332,19.01661106544237,18.90317159179399,18.96593387326308,50000
2023-01-06,18.96593387326308,19.05668314495603,18.633626940896818,18.83736156944752,53402
2023-01-09,18.83736156944752,18.87884546088476,18.442592402680862,18.483319293632324,50000
2023-01-10,18.483319293632324,18.58218512892035,18.421898043865927,18.51417038080292,65257
2023-01-11,18.51417038080292,18.538451202003493,18.016232455736805,18.034874779893144,50000
2023-01-12,18.034874779893144,18.0826302268045,17.376955216673217,17.61769105830569,50000
2023-01-13,17.61769105830569,17.80306743184683,17.402768647228136,17.548833584954263,50000
2023-01-16,17.548833584954263,17.794161128326106,17.4455897867336,17.715094560712856,50000
2023-01-17,17.715094560712856,17.930317438854555,16.951530565167246,17.231591687084755,50000
2023-01-18,17.231591687084755,18.296802571812137,17.199409331074982,18.042780152145426,50000
2023-01-19,18.042780152145426,18.168426822835276,17.07720950694722,17.22257632906355,50000
2023-01-20,17.22257632906355,17.851774168028875,17.115695471901635,17.60359945094818,156355
2023-01-23,17.60359945094818,18.044765871615006,17.535927960627056,17.982164367999776,50000
2023-01-24,17.982164367999776,18.192125516221086,17.936832166555725,18.1288862537298,50000
2023-01-25,18.1288862537298,18.52514230487008,18.126529022413656,18.336564592107297,50000
2023-01-26,18.336564592107297,18.373272313606414,18.181916527024946,18.27086509467796,50000
2023-01-27,18.27086509467796,18.447533234302266,17.672568102580353,17.78928862683202,50000
2023-01-30,17.78928862683202,17.912934865975313,17.149506347687005,17.28539284460153,58677
2023-01-31,17.28539284460153,17.81810531847876,17.204054430131233,17.765086146883853,50000
2023-02-01,17.765086146883853,17.93717782602228,17.741751666254718,17.933478862716704,50000
2023-02-02,17.933478862716704,18.003411353334855,17.46026320341731,17.505478766893688,50000
2023-02-03,17.505478766893688,17.714797407040923,17.489639784874548,17.633470773367154,140969
2023-02-06,17.633470773367154,17.64677202108528,17.39079605744252,17.541901380244813,50000
2023-02-07,17.541901380244813,17.63126316938341,17.50119809140348,17.567928304948136,50000
2023-02-08,17.567928304948136,17.820322774516942,17.20551004346833,17.43689511434263,50000
2023-02-09,17.43689511434263,17.508012341276434,17.360284040077886,17.40187973163241,67762
2023-02-10,17.40187973163241,17.755432778302918,17.3974856859184,17.683718022722715,50000
2023-02-13,17.683718022722715,18.094940089293285,17.681434008099306,17.93794579799681,69900
2023-02-14,17.93794579799681,18.19910247028433,17.8756537935694,18.165437100613747,50000
2023-02-15,18.165437100613747,18.173025169536267,17.62834192176524,17.672637743074784,57410
2023-02-16,17.672637743074784,18.835107011020654,17.60475626370212,18.542717634744605,50000
2023-02-17,18.542717634744605,18.738523568612905,18.442250477808603,18.640482185420858,55746
2023-02-20,18.640482185420858,19.108838732267174,18.586738074452718,19.064394481659903,50000
2023-02-21,19.064394481659903,19.082194497109437,18.877538423590135,18.912557184427445,50000
2023-02-22,18.912557184427445,19.566800314098707,18.876130834489054,19.404131418638443,50000
2023-02-23,19.404131418638443,19.770222748671046,19.350620144225918,19.665568026566145,122090
2023-02-24,19.665568026566145,19.763084912152866,19.412401754883803,19.595260691396245,50000
2023-02-27,19.595260691396245,19.903417997615122,19.579555893935062,19.82168919150493,50000
2023-02-28,19.82168919150493,19.8910167671212,19.545857367941014,19.55109402853655,55516
2023-03-01,19.55109402853655,20.114061078990694,19.434454592570052,20.03081527274037,50000
2023-03-02,20.03081527274037,20.092569477376422,19.114892121426536,19.304987299141967,177738
2023-03-03,19.304987299141967,19.533639430785904,19.2937186825085,19.46883321992388,50000
2023-03-06,19.46883321992388,19.6577588043672,19.375633901402026,19.44176903328874,50000
2023-03-07,19.44176903328874,19.67222795876256,19.395781677453545,19.505700118576367,67190
2023-03-08,19.505700118576367,19.79641705929532,19.37243253437396,19.49208529850873,50000
2023-03-09,19.49208529850873,20.469872992025348,19.475106549674777,20.315037782284232,50000
2023-03-10,20.315037782284232,20.84694900181151,20.232400997137375,20.78152407552071,50000
2023-03-13,20.78152407552071,21.07353126069574,20.522611959960255,20.951845769505518,50000
2023-03-14,20.951845769505518,21.0583673710302,20.833668258398472,20.905596231893345,50000
2023-03-15,20.905596231893345,20.925543219325263,20.740470760415516,20.766014542438164,119915
2023-03-16,20.766014542438164,21.31557126453585,20.677923904955165,21.311780884951805,56984
2023-03-17,21.311780884951805,21.37270275264471,21.01405781964451,21.127587443102712,50000
2023-03-20,21.127587443102712,21.17559181604334,20.802132511706223,20.869253517217974,50000
2023-03-21,20.869253517217974,20.978773566752164,20.846630950577655,20.97108052914916,50000
2023-03-22,20.97108052914916,21.253290474698627,20.73258850500385,21.08137577086694,79377
2023-03-23,21.08137577086694,21.166051376606404,20.980587176146464,21.108337045946726,50000
2023-03-24,21.108337045946726,21.13375091487355,20.809577931840913,20.870616029628618,74955
2023-03-27,20.870616029628618,21.199740558935236,20.800242913986136,20.91062132979928,50000
2023-03-28,20.91062132979928,21.510021195600956,20.829901221607543,21.491658281622474,50000
2023-03-29,21.491658281622474,22.20783752629992,21.444567888804105,22.1565928458539,53520
2023-03-30,22.1565928458539,23.132275995616983,21.96393579733698,22.951368418092148,54940
2023-03-31,22.951368418092148,23.08549600239446,22.721637594148994,22.730024871594768,50000
2023-04-03,22.730024871594768,22.990399841187994,22.61430526790772,22.882572036184712,50000
2023-04-04,22.882572036184712,23.10068604799858,22.600308283452282,22.82252445953971,50000
2023-04-05,22.82252445953971,22.850594416629587,22.304550869889653,22.399115946192122,67010
2023-04-06,22.399115946192122,22.67621133242717,22.371707206017117,22.418920121014157,50000
2023-04-07,22.418920121014157,22.611405933898755,22.285738734530746,22.538931775906605,50000
2023-04-10,22.538931775906605,22.584742535049237,21.90598990527649,22.118867068628195,50000
2023-04-11,22.118867068628195,22.28806193175619,21.43223943982542,21.56659277167154,65545
2023-04-12,21.56659277167154,21.637385634167423,21.391409945720795,21.45301784767804,138711
2023-04-13,21.45301784767804,21.783321088488005,21.36203231025317,21.595844557560316,50000
2023-04-14,21.595844557560316,22.118003193643947,21.50600128418213,21.95432485620454,50000
2023-04-17,21.95432485620454,22.197321306649485,21.787991331752547,22.13286266370845,50000
2023-04-18,22.13286266370845,22.22955942420036,21.602596384850905,21.6437945122079,50000
2023-04-19,21.6437945122079,21.763413075737997,21.636151838520025,21.746902324220017,50000
2023-04-20,21.746902324220017,22.03407662725652,21.637380967061308,21.956065191416076,50000
2023-04-21,21.956065191416076,22.121464608067416,21.781650956171468,21.882764373273112,50000
2023-04-24,21.882764373273112,21.89151409756732,21.846261425767185,21.855029308326106,50000
2023-04-25,21.855029308326106,22.123946736904752,21.823939808422754,22.11471933395784,99287
2023-04-26,22.11471933395784,22.637448250241725,22.082331648809426,22.58023075995318,50000
2023-04-27,22.58023075995318,22.795754415065165,22.0685199294578,22.145092516645743,97022
2023-04-28,22.145092516645743,22.259793970864806,21.811288580347423,22.03427823093619,50000
2023-05-01,22.03427823093619,22.30395237594073,21.29890330717942,21.429845757511575,50000
2023-05-02,21.429845757511575,21.53673137660695,21.271472590580426,21.336128305798976,50000
2023-05-03,21.336128305798976,21.981508436997725,21.323022113901715,21.74790594542474,84500
2023-05-04,21.74790594542474,21.91811383529357,21.374481943691784,21.49756679298953,60532
2023-05-05,21.49756679298953,21.828086103214783,21.38172296520163,21.58851692529032,50000
2023-05-08,21.58851692529032,21.96318660495259,21.493979191484588,21.835266865932493,50000
2023-05-09,21.835266865932493,21.85748388247234,21.691059698033833,21.731701016185088,50000
2023-05-10,21.731701016185088,21.90702951587406,21.72175056456453,21.865535493733375,50000
2023-05-11,21.865535493733375,22.270662181341578,21.749856287133767,22.131672584856467,50000
2023-05-12,22.131672584856467,22.421059929350477,22.116506121921752,22.204763566755197,50000
2023-05-15,22.204763566755197,22.423817017223104,22.0542884466523,22.058003654419938,169103
2023-05-16,22.058003654419938,22.13044853508225,21.977536923654778,22.06156110023768,63413
2023-05-17,22.06156110023768,22.25085889190523,21.666768917578327,21.811431098757623,84834
2023-05-18,21.811431098757623,21.919195598428722,21.312996274035687,21.589785632735722,95923
2023-05-19,21.589785632735722,21.693801703363693,20.857025905460624,21.003998173359573,65676
2023-05-22,21.003998173359573,21.22229938906023,20.408781522793603,20.502938235714165,59530
2023-05-23,20.502938235714165,20.656398164471753,20.261513618940697,20.631041664791265,80054
2023-05-24,20.631041664791265,21.18530930970286,20.49279735586855,21.008237983148465,114938
2023-05-25,21.008237983148465,21.755842195937547,20.944474123604348,21.683688008503914,50000
2023-05-26,21.683688008503914,21.906533400926318,21.303871801488334,21.486778908513354,50000
2023-05-29,21.486778908513354,21.73295534368566,21.465128038284842,21.704384442689843,50000
2023-05-30,21.704384442689843,22.221229934403848,21.404290933858864,21.998523679900057,50000
2023-05-31,21.998523679900057,22.048324866734202,21.85654250782099,21.879823612928263,50000
2023-06-01,21.879823612928263,22.10423792486664,21.734946292370186,21.962700397766817,50000
2023-06-02,21.962700397766817,22.02029531112795,21.810677152860986,21.90736509149156,68794
2023-06-05,21.90736509149156,23.034167785970723,21.675039486875576,22.95472897878186,50000
2023-06-06,22.95472897878186,22.99151725950447,22.934773676818295,22.952300558772,76770
2023-06-07,22.952300558772,23.10362247394384,22.64481859539208,22.773933420107628,50000
2023-06-08,22.773933420107628,22.94660975757084,22.750107520209994,22.918230801527898,50000
2023-06-09,22.918230801527898,23.77800280411701,22.90083553483587,23.61216632602629,60250
2023-06-12,23.61216632602629,23.94005789739281,23.502699706444297,23.798774228183664,50000
2023-06-13,23.798774228183664,23.84964425834264,23.713777874262565,23.821716072612006,57012
2023-06-14,23.821716072612006,23.847778422589016,23.77724047286126,23.812518399979023,50000
2023-06-15,23.812518399979023,23.813679076842515,23.269263598518254,23.30230818922918,83524
2023-06-16,23.30230818922918,23.399174277790912,23.299855152229643,23.32213757845943,50000
2023-06-19,23.32213757845943,23.559671020889933,22.68057992370885,22.91319473378952,50000
2023-06-20,22.91319473378952,23.082833280540466,22.52736478134308,22.632085696713872,50000
2023-06-21,22.632085696713872,22.900201145958565,22.567120211165594,22.64050418650774,50000
2023-06-22,22.64050418650774,23.21660050466455,22.589411911094793,23.035826973084323,62146
2023-06-23,23.035826973084323,23.222288841118527,22.27986853638847,22.470600645426856,50000
2023-06-26,22.470600645426856,22.649362710703272,22.306015445146812,22.400972679039928,50000
2023-06-27,22.400972679039928,22.44481276035801,22.307521319402827,22.324608124029485,212390
2023-06-28,22.324608124029485,22.768300236187763,22.274936004574954,22.766319893290888,50000
2023-06-29,22.766319893290888,23.101365199210772,22.677540875313035,23.01096354318208,51441
2023-06-30,23.01096354318208,23.17252277484562,22.679103291854055,22.885459330086412,50000
2023-07-03,22.885459330086412,23.047174934208602,22.764225427310002,22.84500514576025,50000
2023-07-04,22.84500514576025,22.865868307824474,22.66063764895378,22.71755903132176,50000
2023-07-05,22.71755903132176,22.892869859548583,22.217333149410205,22.3283350192043,50000
2023-07-06,22.3283350192043,22.351922779738377,22.022664609299927,22.149361600580068,50000
2023-07-07,22.149361600580068,22.911470940952068,22.089181351089724,22.80883884460083,50000
2023-07-10,22.80883884460083,23.016323990252005,22.598259157783076,22.824447764097275,50000
2023-07-11,22.824447764097275,22.975779210835306,22.565813979323245,22.666995122725016,50000
2023-07-12,22.666995122725016,22.6857046680952,22.33449385275569,22.354717709541465,50000
2023-07-13,22.354717709541465,22.368771763047064,22.16326124936383,22.169656905144883,93724
2023-07-14,22.169656905144883,22.77255426346027,21.94983816621378,22.682393280180055,91300
2023-07-17,22.682393280180055,22.76051146222021,22.097235246796487,22.16692677852799,94453
2023-07-18,22.16692677852799,22.974042378180556,22.15210357631208,22.794073760937682,60509
2023-07-19,22.794073760937682,23.018500818357616,22.638993937533964,22.71559731660123,50000
2023-07-20,22.71559731660123,23.13527645671857,22.657163568485352,23.015118796577624,50000
2023-07-21,23.015118796577624,23.074223010418155,22.489873607541817,22.593633941449113,50000
2023-07-24,22.593633941449113,22.611846957095082,22.058029623094843,22.390258403138866,50000
2023-07-25,22.390258403138866,22.602469342458235,22.384578626969226,22.393453596124814,190752
2023-07-26,22.393453596124814,23.11229828807681,22.222836041927586,22.742322095012938,50000
2023-07-27,22.742322095012938,22.772755861938926,22.516720989106084,22.59843104114038,50000
2023-07-28,22.59843104114038,22.74954573159226,22.154605117921506,22.20987433760638,70235
2023-07-31,22.20987433760638,22.426184207905735,21.93584900843968,22.275770042781936,50000
2023-08-01,22.275770042781936,22.822632782061195,22.204832327472097,22.580711052285174,50000
2023-08-02,22.580711052285174,22.8881760959153,22.43518167430798,22.84715601515686,62556
2023-08-03,22.84715601515686,23.05222972163815,22.78217785479705,23.00300256210193,100155
2023-08-04,23.00300256210193,23.088293595548425,22.931223479977845,22.946233014472906,50000
2023-08-07,22.946233014472906,23.355572400576985,22.758194590100658,23.13784014753778,50000
2023-08-08,23.13784014753778,23.45554291895402,23.04795034747298,23.300276970090362,50000
2023-08-09,23.300276970090362,23.39115926865547,22.586435076087582,22.86422502881462,77400
2023-08-10,22.86422502881462,23.152198494308852,22.776085414424696,22.955016334388528,76557
2023-08-11,22.955016334388528,23.2274160454707,22.83249463304144,23.181583561362725,71393
2023-08-14,23.181583561362725,23.33421957305945,22.919654015340914,22.991854117986563,50000
2023-08-15,22.991854117986563,23.6403168043256,22.810287964207294,23.550796641706707,135925
2023-08-16,23.550796641706707,23.593076564404907,23.029030364162015,23.231686656181463,50000
2023-08-17,23.231686656181463,23.48606144598004,23.154700834385388,23.393384206913243,50000
2023-08-18,23.393384206913243,23.46751695726122,23.272049948067924,23.406345954038006,50000
2023-08-21,23.406345954038006,23.598811868842155,22.98244241697381,23.164712413464645,50000
2023-08-22,23.164712413464645,23.34094881467152,23.149049482848717,23.28075447499704,50000
2023-08-23,23.28075447499704,23.52276037327318,23.028890863195834,23.476515440267917,62022
2023-08-24,23.476515440267917,23.662625324669577,23.13599551798223,23.164491895630857,55473
2023-08-25,23.164491895630857,23.430893649784217,22.94736304817155,23.124076861901095,84111
2023-08-28,23.124076861901095,23.1319808880772,22.59374146970286,22.618641712991423,88231
2023-08-29,22.618641712991423,22.64677498994896,22.09406405417488,22.211769358378856,50000
2023-08-30,22.211769358378856,22.34761862153028,22.181631920827407,22.338071714369587,50000
2023-08-31,22.338071714369587,22.575934762270794,22.303011544777437,22.468145492445792,50000
2023-09-01,22.468145492445792,22.795930880445074,22.386558956675678,22.681655864249706,50000
2023-09-04,22.681655864249706,22.94628708515431,22.41207941201017,22.93081618174433,50000
2023-09-05,22.93081618174433,23.11300101571819,22.548907861711527,22.622386978048716,50000
2023-09-06,22.622386978048716,22.983473213828752,22.461934720412167,22.972305883029048,50000
2023-09-07,22.972305883029048,23.359376125070057,22.928199995265516,23.23740595686194,50000
2023-09-08,23.23740595686194,23.851860265430066,23.191249151722644,23.68904839033461,50765
2023-09-11,23.68904839033461,24.23577975856362,23.654663616012495,24.1232103466372,124892
2023-09-12,24.1232103466372,24.268357805543708,24.051152947471614,24.24919280604498,50000
2023-09-13,24.24919280604498,24.251178333299347,23.898786981667946,24.001995891713925,50436
2023-09-14,24.001995891713925,24.08781143828433,23.76375879410038,23.814702374243314,50000
2023-09-15,23.814702374243314,24.016353759502145,23.101645076649035,23.233606591440928,57450
2023-09-18,23.233606591440928,23.395387127538562,23.057350532064074,23.243487719324907,132912
2023-09-19,23.243487719324907,23.619775058293943,23.1718535647518,23.289235808361614,52478
2023-09-20,23.289235808361614,23.428352761201566,23.181207600176794,23.404976657403036,93756
2023-09-21,23.404976657403036,23.583171189893772,22.504384808720243,22.589752466481073,50000
2023-09-22,22.589752466481073,22.83745457213196,22.42379765182392,22.819877809223467,53261
2023-09-25,22.819877809223467,23.26649202270622,22.718541988674374,23.205487784617688,51667
2023-09-26,23.205487784617688,23.418225820111555,23.169990802571757,23.310821625503497,97976
2023-09-27,23.310821625503497,23.7108517979272,23.226932066347512,23.678764008365736,50000
2023-09-28,23.678764008365736,24.046540150214437,23.505266503736028,23.865896282244627,50000
2023-09-29,23.865896282244627,24.487481828462595,23.739637672777114,24.43178107874465,50000
2023-10-02,24.43178107874465,24.50207624072458,23.968362492964328,24.085426999094043,50000
2023-10-03,24.085426999094043,24.609800690328175,23.862084100326392,24.416926552279055,107594
2023-10-04,24.416926552279055,24.614028845490584,24.1568674277739,24.220536205567445,50000
2023-10-05,24.220536205567445,24.23233417044513,24.033643791444707,24.067705748208795,85302
2023-10-06,24.067705748208795,24.367082770452487,24.05741519471384,24.28535737639012,50000
2023-10-09,24.28535737639012,25.10103327181099,23.96630178139505,24.857400518644134,50828
2023-10-10,24.857400518644134,25.451923600825566,24.61124498515275,25.336815349432186,50000
2023-10-11,25.336815349432186,25.701342912432803,25.308436343164836,25.583936849262383,50000
2023-10-12,25.583936849262383,25.77866099287365,25.21548758588383,25.261258498724143,50000
2023-10-13,25.261258498724143,26.483843997182447,25.26005572663345,26.41782807394963,50000
2023-10-16,26.41782807394963,26.632574561594947,26.04799564416711,26.497671399841863,50000
2023-10-17,26.497671399841863,26.66600402363537,25.922718630022768,26.183052751883558,50000
2023-10-18,26.183052751883558,26.365813678281967,25.70105322025691,25.765570476187794,50000
2023-10-19,25.765570476187794,26.316598943492973,25.500122515747208,26.30587028505403,50000
2023-10-20,26.30587028505403,26.802754353632434,26.18793716338105,26.621956013241924,50000
2023-10-23,26.621956013241924,27.315411555431787,26.60319726378045,27.256903315900814,50000
2023-10-24,27.256903315900814,27.2742578366744,26.95666106839568,27.033773356054915,119466
2023-10-25,27.033773356054915,27.746832278468414,26.8634285091328,27.658242540686523,50000
2023-10-26,27.658242540686523,27.728190082491555,27.509680678853847,27.612819767656838,50000
2023-10-27,27.612819767656838,27.808005124039852,27.473791827434795,27.790728450422606,160167
2023-10-30,27.790728450422606,28.023018700564023,26.81597241626625,26.955146302147433,50000
2023-10-31,26.955146302147433,27.27020813995236,26.90429384827501,27.057887767350536,50000
2023-11-01,27.057887767350536,27.580205044865483,27.023913315984757,27.451997830059867,50000
2023-11-02,27.451997830059867,27.714857175205285,27.267618303021493,27.63408895573565,78861
2023-11-03,27.63408895573565,27.728162004215058,27.520186311681552,27.680635861190765,51891
2023-11-06,27.680635861190765,27.845880452193974,27.18418348851882,27.244972702316,50000
2023-11-07,27.244972702316,27.343989374960714,27.00173221217548,27.304108676030843,50000
2023-11-08,27.304108676030843,27.85423243713544,27.29562260607437,27.35850727022642,50000
2023-11-09,27.35850727022642,27.439755047988434,27.035569957940616,27.197365678983044,50000
2023-11-10,27.197365678983044,27.409812653407002,27.152200862309474,27.253654648011064,50000
2023-11-13,27.253654648011064,27.577765067496287,27.15328671937758,27.565959671771072,50000
2023-11-14,27.565959671771072,27.733952684397526,27.2994789406935,27.374989042523456,50000
2023-11-15,27.374989042523456,27.741729587623585,26.997496957061923,27.718415299807827,50000
2023-11-16,27.718415299807827,27.968280791097904,27.32538135235422,27.728248283520326,53567
2023-11-17,27.728248283520326,27.894311129309717,27.517830797524994,27.77998435252237,50000
2023-11-20,27.77998435252237,28.008916999987306,27.562563910682922,27.56941437853245,50000
2023-11-21,27.56941437853245,27.722778728571345,27.310410534067465,27.720579122368754,77728
2023-11-22,27.720579122368754,27.985624522069042,27.705611410596045,27.894680505682892,50000
2023-11-23,27.894680505682892,28.22852436999446,27.79209198892572,28.05488537374184,74452
2023-11-24,28.05488537374184,28.76752404637569,28.019803646026958,28.65772709805218,50000
2023-11-27,28.65772709805218,28.67268098365925,28.596657324738597,28.66947316750632,50000
2023-11-28,28.66947316750632,28.79424580239026,28.161058111225273,28.307393894377224,50000
2023-11-29,28.307393894377224,28.464559263413783,28.273261972786077,28.285209241694986,122458
2023-11-30,28.285209241694986,28.621616028264697,27.945818237787694,28.466224150951863,50000
2023-12-01,28.466224150951863,28.899217241098604,28.317982797284042,28.697475397170784,50000
2023-12-04,28.697475397170784,29.85820159650134,28.64064545989975,29.639652752100652,50000
2023-12-05,29.639652752100652,29.754116306572456,29.404969833512894,29.609493099012056,50000
2023-12-06,29.609493099012056,29.755023717171046,29.29643240017265,29.489650413979103,50000
2023-12-07,29.489650413979103,29.80661689180598,28.492372054052712,28.839536867634447,50000
2023-12-08,28.839536867634447,28.940019227775668,28.486668844853995,28.56586203837442,50000
2023-12-11,28.56586203837442,28.848307304262207,28.4598947501237,28.5780986155998,50000
2023-12-12,28.5780986155998,28.797868282207787,28.483164720493193,28.716032713860344,50000
2023-12-13,28.716032713860344,28.77962145708997,28.448220082044458,28.48310400729982,64943
2023-12-14,28.48310400729982,28.639156703201092,28.095991646227287,28.320548402263395,50000
2023-12-15,28.320548402263395,28.508500438345184,28.100409903822328,28.118457036456878,67626
2023-12-18,28.118457036456878,28.653279280237577,27.950726884392033,28.62641870794191,50000
2023-12-19,28.62641870794191,28.653729903328184,28.30573291567143,28.345552668530207,50000
2023-12-20,28.345552668530207,28.656402767214047,28.297746665035582,28.51502523026432,50000
2023-12-21,28.51502523026432,28.71803193339229,28.272616960740166,28.56477406618572,50000
2023-12-22,28.56477406618572,28.7986027725032,28.17271326620555,28.44849336833775,53410
2023-12-25,28.44849336833775,29.264008972905614,28.402707385132043,29.004273673584635,50000
2023-12-26,29.004273673584635,29.236379198136643,28.93253615878722,29.063745377765933,50000
2023-12-27,29.063745377765933,29.66751721849299,28.915331601436705,29.26689263108063,62293
2023-12-28,29.26689263108063,29.575306743726827,29.066508137007787,29.493817116450902,50000
2023-12-29,29.493817116450902,29.750688547475594,29.481337284113913,29.60102155996342,50000
2024-01-01,29.60102155996342,30.016371882553006,29.52323293515247,29.72143293382504,50000
2024-01-02,29.72143293382504,29.971354909796453,29.59755629305667,29.83913120455194,50000
2024-01-03,29.83913120455194,30.03298914796701,29.53854321150609,30.00142040660498,50000
2024-01-04,30.00142040660498,30.1585903696772,29.861826463754788,30.11670712030492,117207
2024-01-05,30.11670712030492,30.508409769879705,30.054293470715322,30.395341659747963,50000
2024-01-08,30.395341659747963,30.499804796776843,30.14169401210802,30.19049850082777,50000
2024-01-09,30.19049850082777,30.555561528082517,29.99717094774411,30.49283389398142,50000
2024-01-10,30.49283389398142,30.52232050090985,29.908911622937126,30.028999080085324,50000
2024-01-11,30.028999080085324,30.285824210895633,29.872942601626207,29.892883359965197,50000
2024-01-12,29.892883359965197,30.09747879359987,29.553105356716706,29.698648629426366,50000
2024-01-15,29.698648629426366,29.80876058674632,29.63513954440601,29.79900523310345,50000
2024-01-16,29.79900523310345,30.049408280606766,29.632252858384764,29.696256876729876,50000
2024-01-17,29.696256876729876,29.946967185007715,29.188689526228718,29.315839741337815,50000
2024-01-18,29.315839741337815,29.509113533008584,28.872258233731127,28.885553546465268,147647
2024-01-19,28.885553546465268,29.009670928208052,28.161605195572122,28.194035878744835,64941
2024-01-22,28.194035878744835,28.55268547144801,27.8668903218956,28.132656181515348,63261
2024-01-23,28.132656181515348,28.201362030603292,27.49315996432496,27.671753199896383,59613
2024-01-24,27.671753199896383,27.737530825737874,26.802533483585627,27.03239262046874,50000
2024-01-25,27.03239262046874,27.367737545391666,26.82288519801728,27.115319813699656,76970
2024-01-26,27.115319813699656,27.192354161286847,26.823080803585185,27.09841822432706,55771
2024-01-29,27.09841822432706,27.49442899775374,26.821745965272815,27.42423593073772,50000
2024-01-30,27.42423593073772,27.53762082647174,27.325069414126,27.52591189299386,50000
2024-01-31,27.52591189299386,27.538003379818818,27.041505932295387,27.134240186749665,50000
2024-02-01,27.134240186749665,27.224483820074102,26.03031710599612,26.542715074803066,50000
2024-02-02,26.542715074803066,27.195233816636158,26.367329454437762,26.996103429849303,50000
2024-02-05,26.996103429849303,27.074542927640774,26.671856727484062,26.76022035380647,53799
2024-02-06,26.76022035380647,27.267060438399568,26.732234264052526,27.166431963343413,50000
2024-02-07,27.166431963343413,27.28432354221348,26.83318447897119,26.93400234931071,50000
2024-02-08,26.93400234931071,27.140267824752495,26.79102398919521,27.008848693805465,50000
2024-02-09,27.008848693805465,27.27076581854257,26.445483644302385,26.574089221547162,50000
2024-02-12,26.574089221547162,26.860264590093216,26.455805848692453,26.544548169840866,54427
2024-02-13,26.544548169840866,26.713016065657833,26.432272952809754,26.509146482683132,66141
2024-02-14,26.509146482683132,26.708655908186103,26.08514442140624,26.27926693098585,50000
2024-02-15,26.27926693098585,26.35866751607713,25.926828122529365,26.110852084606773,50000
2024-02-16,26.110852084606773,26.217023179958844,26.10503495366175,26.131951936546937,59724
2024-02-19,26.131951936546937,26.243359090481537,25.47272838470339,25.684973994628226,50000
2024-02-20,25.684973994628226,25.905348345032582,25.60394034051701,25.839541266030658,50000
2024-02-21,25.839541266030658,26.83377043066899,25.48265875068254,26.706784853921626,50000
2024-02-22,26.706784853921626,27.59100365098535,26.36225794538747,27.420245488827746,50000
2024-02-23,27.420245488827746,27.835338357143403,27.315827298350218,27.7981401415946,113325
2024-02-26,27.7981401415946,27.927334847515436,27.70816074405982,27.766224963560013,56884
2024-02-27,27.766224963560013,27.780686565168374,27.097668919440657,27.151935168683416,54916
2024-02-28,27.151935168683416,27.252408929676047,26.69688385726774,26.731991115923655,50000
2024-02-29,26.731991115923655,27.381384836195174,26.56122700360491,27.297448988688778,50000
2024-03-01,27.297448988688778,27.319930068917444,26.87469250356934,26.926148889368566,50000
2024-03-04,26.926148889368566,26.955976296889105,26.44046869815176,26.566819790805315,52708
2024-03-05,26.566819790805315,26.739442038326306,26.26424832172031,26.29375323578562,50000
2024-03-06,26.29375323578562,26.634035931366924,26.278400955363253,26.60912740141283,58809
2024-03-07,26.60912740141283,26.76692687863664,26.000212601032917,26.219684833378384,99369
2024-03-08,26.219684833378384,26.49691210699724,25.978187910512606,26.379381415319994,50000
2024-03-11,26.379381415319994,26.384612934582492,26.264359965398796,26.326522591870745,67728
2024-03-12,26.326522591870745,26.58030198133927,26.11154015581627,26.281962135181647,50000
2024-03-13,26.281962135181647,26.438324699754325,25.6289972283666,25.964457128280884,53827
2024-03-14,25.964457128280884,26.58258668247413,25.78577923490099,26.491511718851747,92901
2024-03-15,26.491511718851747,26.58039508353654,26.17165227173786,26.249670759075272,50000
2024-03-18,26.249670759075272,26.32896207957853,26.126173735216515,26.213259462637883,63619
2024-03-19,26.213259462637883,26.484902640083323,26.11026889958764,26.470019191040922,111887
2024-03-20,26.470019191040922,26.84861152145082,26.407253341455277,26.673200270568593,50000
2024-03-21,26.673200270568593,26.845766415412225,26.197591989000863,26.243299963223773,50000
2024-03-22,26.243299963223773,26.253704864119214,25.79944223729103,25.99848628153503,50000
2024-03-25,25.99848628153503,26.159449458881873,25.755544280128646,26.015755697312226,50000
2024-03-26,26.015755697312226,26.2520950715851,26.007608799709068,26.125592225549603,56692
2024-03-27,26.125592225549603,26.327602937368916,25.871432884968733,26.299542062188646,50000
2024-03-28,26.299542062188646,26.642125697100997,25.89491226248139,26.063093579459498,95901
2024-03-29,26.063093579459498,26.259918438516653,25.63208853197632,25.851044470610944,55324
2024-04-01,25.851044470610944,26.22902213449676,25.818546804730456,26.077528555824852,50000
2024-04-02,26.077528555824852,26.304278936634564,25.901071868603843,26.273664430237876,135122
2024-04-03,26.273664430237876,26.340883496268763,25.85485394601059,25.881226459025992,78886
2024-04-04,25.881226459025992,26.087949026658507,25.633782188405245,25.68352498232065,50000
2024-04-05,25.68352498232065,25.816645202377554,25.666963420135843,25.70603094258879,50000
2024-04-08,25.70603094258879,26.27378283499172,25.48724098123364,25.844144100650503,50000
2024-04-09,25.844144100650503,26.444198354600303,25.526240057849908,26.309363846040288,66151
2024-04-10,26.309363846040288,26.766968919323517,26.210848083124432,26.718690320287312,51920
2024-04-11,26.718690320287312,26.824577507663108,26.446898775570105,26.82140513726356,50000
2024-04-12,26.82140513726356,26.96171271558493,26.781193033061747,26.90053199187126,50000
2024-04-15,26.90053199187126,27.14565177323066,26.80263512487374,27.115771133163122,50000
2024-04-16,27.115771133163122,27.630646490991985,26.8970491432504,27.454829142848578,50000
2024-04-17,27.454829142848578,27.788573447602936,27.407483819557463,27.689175767019478,50000
2024-04-18,27.689175767019478,28.070489425507134,27.664072071961563,28.038567826312576,50000
2024-04-19,28.038567826312576,28.251199154610408,27.701913909798048,27.737086707640408,50000
2024-04-22,27.737086707640408,28.18184560748413,27.627224165746696,28.00048515090308,78833
2024-04-23,28.00048515090308,28.67945891786441,27.788005415708692,28.59398110299723,50000
2024-04-24,28.59398110299723,28.692449871853174,27.96610893639608,28.374654085520415,50000
2024-04-25,28.374654085520415,28.522249156586135,28.121632545614325,28.483424953751324,86776
2024-04-26,28.483424953751324,28.67360940033557,28.341205554802983,28.568959305052193,103018
2024-04-29,28.568959305052193,28.92126889692539,28.342581160498366,28.407999173901313,50000
2024-04-30,28.407999173901313,29.14669768690294,28.191733248205757,29.040533861601634,67766
2024-05-01,29.040533861601634,29.673905820791497,28.820026186715978,29.03753075711243,50000
2024-05-02,29.03753075711243,29.066403403223468,28.66809023309842,28.702906359170974,54142
2024-05-03,28.702906359170974,28.958965515166966,28.13550343303764,28.231417088626586,99806
2024-05-06,28.231417088626586,28.385317512842636,27.579753090176766,27.877637344797733,50000
2024-05-07,27.877637344797733,28.117437227764718,27.38738294147381,27.40062641380325,50000
2024-05-08,27.40062641380325,27.405777237009843,27.22767149686705,27.389272746259778,50000
2024-05-09,27.389272746259778,27.903043214383395,27.249829561861674,27.8473051364648,211157
2024-05-10,27.8473051364648,27.91196349441547,27.383764829801613,27.463638563163617,50000
2024-05-13,27.463638563163617,27.600359850220514,27.044611331831675,27.088204912489076,114329
2024-05-14,27.088204912489076,27.510008253653282,27.012581128665015,27.41286945641935,50000
2024-05-15,27.41286945641935,27.433309035260788,27.140640250282164,27.40035738294461,50000
2024-05-16,27.40035738294461,27.4046015611549,27.33342425078465,27.378121701525473,68045
2024-05-17,27.378121701525473,27.382237996497594,27.286404716286416,27.331080871241248,77899
2024-05-20,27.331080871241248,27.503028179710604,27.183963854061304,27.34919819146181,223942
2024-05-21,27.34919819146181,27.43953886476732,27.254412916774427,27.36852694720534,74227
2024-05-22,27.36852694720534,27.637559992882125,27.183281130836818,27.534442571494864,50000
2024-05-23,27.534442571494864,27.634013697367827,27.242871453208767,27.331654234259613,50000
2024-05-24,27.331654234259613,27.494808318431694,26.927342031827315,26.931619327701334,102357
2024-05-27,26.931619327701334,26.9715273493335,26.73471690088313,26.83289551294757,50000
2024-05-28,26.83289551294757,26.87619881780577,26.274914519002337,26.547137632066715,50000
2024-05-29,26.547137632066715,27.013797752474726,26.45150123930337,26.87619581311622,56756
2024-05-30,26.87619581311622,26.893404727559574,26.533833922501113,26.61033553844087,50000
2024-05-31,26.61033553844087,26.872068243219786,26.51825312798538,26.77682953419639,50000
2024-06-03,26.77682953419639,27.307109150910062,26.536782419848848,27.00658381145018,50000
2024-06-04,27.00658381145018,27.105464012625564,26.772976730286747,26.806423443489557,50000
2024-06-05,26.806423443489557,27.263084280090975,26.658252838580097,27.18278937032048,50000
2024-06-06,27.18278937032048,27.449501440639143,27.074810460916865,27.095712216452846,50000
2024-06-07,27.095712216452846,27.465767952538258,27.094710171800642,27.362994901646076,50000
2024-06-10,27.362994901646076,27.987692594581674,27.112615836779028,27.892894375472245,50000
2024-06-11,27.892894375472245,27.950091027606028,27.75592282391943,27.764755080447944,50000
2024-06-12,27.764755080447944,28.453355596985173,27.751188518891933,28.25549610315252,62343
2024-06-13,28.25549610315252,28.26742475218741,28.14689701862557,28.16251715404331,170701
2024-06-14,28.16251715404331,28.563772495034318,28.129723819993405,28.449637947534928,66272
2024-06-17,28.449637947534928,28.65385371018224,27.99490663440602,28.28945789746397,50000
2024-06-18,28.28945789746397,28.572753680870505,28.246542284033826,28.527579934892323,50000
2024-06-19,28.527579934892323,28.704521182346234,28.292628969470602,28.365467455622266,69166
2024-06-20,28.365467455622266,28.567681303807124,28.243007362294666,28.40320678638762,50000
2024-06-21,28.40320678638762,28.64192050969214,28.088049834132843,28.629809365613422,50000
2024-06-24,28.629809365613422,28.636248802606314,28.16848436894852,28.38249901982904,50000
2024-06-25,28.38249901982904,28.68569265717331,28.23154802761925,28.343702211853532,163072
2024-06-26,28.343702211853532,28.650047780802947,28.065782392649492,28.241962668590638,50000
2024-06-27,28.241962668590638,28.411547651922838,27.866349794246855,27.866553530087018,50000
2024-06-28,27.866553530087018,28.022210261379872,27.78914425288977,28.007399183244342,50000
2024-07-01,28.007399183244342,28.490271093564093,27.553956530914935,27.572470576457988,61786
2024-07-02,27.572470576457988,27.702696164110765,27.424019464417615,27.6488883533551,73657
2024-07-03,27.6488883533551,28.4000758468873,27.41472670650243,28.324127665972437,50000
2024-07-04,28.324127665972437,29.1996568521497,28.171603282542286,29.17614818044607,71732
2024-07-05,29.17614818044607,29.361868833741624,28.752923310457913,28.765697024138987,50000
2024-07-08,28.765697024138987,28.819009497947594,28.396467125222934,28.47309059267332,50000
2024-07-09,28.47309059267332,28.89262047410705,28.30241115834189,28.730094123505438,50000
2024-07-10,28.730094123505438,29.344262568165465,28.628839251734735,29.313439670407053,80797
2024-07-11,29.313439670407053,29.362657698136925,29.130138671884417,29.323665603408262,50000
2024-07-12,29.323665603408262,29.515750855915705,28.93396441572326,29.066253886854657,53130
2024-07-15,29.066253886854657,29.371326471558746,28.80194722618085,29.307796601543405,50000
2024-07-16,29.307796601543405,29.81865448751448,29.213379848610032,29.701227815066673,78368
2024-07-17,29.701227815066673,30.034974329192014,29.691107020842416,30.005659439493392,50000
2024-07-18,30.005659439493392,30.167925605408175,29.468207967369924,29.516159093663187,112697
2024-07-19,29.516159093663187,29.79147941166097,29.41115334011611,29.641082924113316,50000
2024-07-22,29.641082924113316,29.949605362733216,29.134442922998105,29.419052773361898,50000
2024-07-23,29.419052773361898,29.50055235364165,29.272507479206187,29.472668123820984,50000
2024-07-24,29.472668123820984,29.6600558155988,29.134181512608247,29.403635563429145,50000
2024-07-25,29.403635563429145,29.425494302558956,29.36788113168374,29.389637698716427,52211
2024-07-26,29.389637698716427,29.55095819685169,29.208795778515604,29.30570656694699,50000
2024-07-29,29.30570656694699,29.429556161290673,28.49744642643751,29.057874009616057,69703
2024-07-30,29.057874009616057,29.17996352771406,28.86064889605233,28.96582033082394,50000
2024-07-31,28.96582033082394,29.126754452183572,28.943944083126496,29.037739639605647,50000
2024-08-01,29.037739639605647,29.470281120964508,28.683964434506162,29.181698240147256,50000
2024-08-02,29.181698240147256,29.225447033028765,28.391357380927897,28.45667329762072,59731
2024-08-05,28.45667329762072,28.52361953357981,28.315411243618893,28.423554323031333,52023
2024-08-06,28.423554323031333,28.853933313601768,28.386842261844173,28.76472042229651,50000
2024-08-07,28.76472042229651,29.107707241428287,28.62859612723701,28.89452639390637,65081
2024-08-08,28.89452639390637,29.200915415900177,28.666933543800717,29.147599792851956,50000
2024-08-09,29.147599792851956,29.17956356501651,29.003233752180474,29.06312017337147,131422
2024-08-12,29.06312017337147,29.07694946896634,29.00652589149849,29.016585939134902,50000
2024-08-13,29.016585939134902,29.11938588631579,28.769638929959502,28.834658687591055,61610
2024-08-14,28.834658687591055,29.311472385826985,28.701746536982576,29.019389102630896,50000
2024-08-15,29.019389102630896,29.574990578116047,28.822968449023747,29.448356665043686,174783
2024-08-16,29.448356665043686,29.556128582495724,29.307056964354043,29.349698079743067,66897
2024-08-19,29.349698079743067,29.53090572777559,29.302425421959352,29.310001955905882,50000
2024-08-20,29.310001955905882,29.410345838009583,28.88354832010943,29.02132977506328,50000
2024-08-21,29.02132977506328,29.62110842700129,28.84528307405892,29.27835089340508,50000
2024-08-22,29.27835089340508,29.60892902046524,29.13273781960452,29.1340496471144,50000
2024-08-23,29.1340496471144,30.01671241029383,28.972742906255416,29.809878839794663,131497
2024-08-26,29.809878839794663,30.432872514096108,29.563192878964774,30.31544912561559,195773
2024-08-27,30.31544912561559,30.639288553433875,30.057898901498827,30.45369271968489,91384
2024-08-28,30.45369271968489,30.732600522930827,30.311841665500907,30.6386633306559,291734
2024-08-29,30.6386633306559,30.929841570805262,30.569495036168018,30.79981621811721,50000
2024-08-30,30.79981621811721,31.360448945052706,30.601179360485215,31.025480310024825,50000
2024-09-02,31.025480310024825,31.554110033190803,30.985672942767245,31.270965798569023,50000
2024-09-03,31.270965798569023,31.770835842953396,31.0560595801933,31.216838550588818,50000
2024-09-04,31.216838550588818,31.553084608497784,30.979310997476013,31.302970501417025,50000
2024-09-05,31.302970501417025,31.581935971443418,30.84013588360044,31.055441360489084,90702
2024-09-06,31.055441360489084,31.136448820845626,30.70384127313038,30.84911109845319,50000
2024-09-09,30.84911109845319,31.272147096947787,30.681871476022348,31.257979239260035,50000
2024-09-10,31.257979239260035,31.720860115389844,31.046877794089784,31.64807439730299,50000
2024-09-11,31.64807439730299,31.741900703603807,31.460368444103892,31.65545474908856,50000
2024-09-12,31.65545474908856,31.891928876195568,31.503348911735408,31.775319401000196,50000
2024-09-13,31.775319401000196,31.939937927386108,31.33833873600497,31.726465457364853,116601
2024-09-16,31.726465457364853,32.13062272203598,31.594818445738305,32.041541655499884,50000
2024-09-17,32.041541655499884,32.34526260985345,31.731334158858605,32.11560086018696,50000
2024-09-18,32.11560086018696,32.162586457820915,32.08272008824472,32.157849376815925,58583
2024-09-19,32.157849376815925,32.3401995201202,31.89169707510526,32.26953965074024,114830
2024-09-20,32.26953965074024,32.40988290423163,31.75321021501894,31.900923007726604,50000
2024-09-23,31.900923007726604,32.05410462082096,31.842605170380818,31.847610206293066,50000
2024-09-24,31.847610206293066,32.43725704580451,31.843492042941964,32.29077289561517,50000
2024-09-25,32.29077289561517,32.77044609215502,32.21630846395184,32.65929675245427,50000
2024-09-26,32.65929675245427,32.71511228555276,32.1637908265866,32.59331667200129,50000
2024-09-27,32.59331667200129,32.85937940570211,31.689239421136847,31.940339240457263,161153
2024-09-30,31.940339240457263,32.06149154126225,31.62381651334879,31.76382847777639,50000
2024-10-01,31.76382847777639,32.4930064919895,31.656536061147126,32.23922484827863,50000
2024-10-02,32.23922484827863,32.456663148159656,31.931043476707075,32.29654452165995,50000
2024-10-03,32.29654452165995,32.54920463397039,31.751581036663573,31.92236511540368,50000
2024-10-04,31.92236511540368,32.09380906182833,31.542638362601927,31.809810987518222,50000
2024-10-07,31.809810987518222,31.884719773707896,31.62138836030401,31.869053436182842,50000
2024-10-08,31.869053436182842,31.92073908694807,31.126109710934546,31.223162597844038,85449
2024-10-09,31.223162597844038,31.40662431629196,30.99818131529652,31.33662989300134,50000
2024-10-10,31.33662989300134,31.538973436121367,31.124806488124225,31.22499450285591,50000
2024-10-11,31.22499450285591,31.225128639091785,30.648347681715283,30.67271429134569,50000
2024-10-14,30.67271429134569,30.981831539891818,30.201533137202752,30.297896949265063,50000
2024-10-15,30.297896949265063,30.299982817545207,30.092983150740174,30.260402311343253,50000
2024-10-16,30.260402311343253,30.39159923084229,29.77859416648787,29.94782493095419,50000
2024-10-17,29.94782493095419,30.08414100403045,29.767637954080563,29.788525440366158,76404
2024-10-18,29.788525440366158,29.90596927437062,29.277311937869378,29.42176788709013,50000
2024-10-21,29.42176788709013,29.45764667698183,29.229830631020885,29.421244708128995,50000
2024-10-22,29.421244708128995,29.498251880905332,28.959699724976023,29.209953464749734,50000
2024-10-23,29.209953464749734,29.88025157885552,29.201732517913616,29.766542971054314,50000
2024-10-24,29.766542971054314,29.778330002512188,29.12602829908671,29.24643773942945,50000
2024-10-25,29.24643773942945,29.430673140995818,28.736213183127866,28.88392608448948,50000
2024-10-28,28.88392608448948,28.973538795196482,28.708483185000155,28.71532001692922,50000
2024-10-29,28.71532001692922,29.576521172077424,28.64304717675292,29.425765125984167,50000
2024-10-30,29.425765125984167,29.5149902091721,28.947723652056876,29.20718235510874,50000
2024-10-31,29.20718235510874,29.439866842259768,29.15147284245061,29.426586341236053,50000
2024-11-01,29.426586341236053,29.449059815651566,29.10577113276184,29.325297861064318,50000
2024-11-04,29.325297861064318,29.721756906178612,28.725727196403025,28.8556450379172,71296
2024-11-05,28.8556450379172,28.87608572204705,28.652462859584688,28.680542377898455,66262
2024-11-06,28.680542377898455,28.79115534929829,27.94944944086889,28.098920080216544,50000
2024-11-07,28.098920080216544,28.181744974225424,27.901022767804218,28.155950513789307,50000
2024-11-08,28.155950513789307,28.414694542076994,27.969375509335542,28.05105524668034,58934
2024-11-11,28.05105524668034,28.094899578111065,27.781984999699336,27.85321364838315,50000
2024-11-12,27.85321364838315,27.89601874807437,27.631514615064848,27.746186056238543,50000
2024-11-13,27.746186056238543,27.864487018575385,27.44172038652964,27.599786530127457,77939
2024-11-14,27.599786530127457,28.353959693145825,27.374109835089847,28.244251772577016,50000
2024-11-15,28.244251772577016,28.41726316659047,28.1996743276314,28.302457104301638,50000
2024-11-18,28.302457104301638,28.60395019472127,28.236000112183937,28.482434677913705,50000
2024-11-19,28.482434677913705,29.000574617247516,28.420419265989967,28.87287843877516,286711
2024-11-20,28.87287843877516,29.234561430491418,28.854661289012128,29.162073358832934,50000
2024-11-21,29.162073358832934,29.21934751372444,29.06731542606205,29.098879374891144,256553
2024-11-22,29.098879374891144,29.396862662482793,29.05722450860147,29.07280650687821,50000
2024-11-25,29.07280650687821,29.398706816788984,28.918177169060165,29.008349496929636,50000
2024-11-26,29.008349496929636,29.03992641219908,28.96571325997301,29.002287596418057,164087
2024-11-27,29.002287596418057,29.245642180836608,28.68557185497082,28.780793259725634,50000
2024-11-28,28.780793259725634,28.794009937371438,28.43471839140597,28.584048566871736,50000
2024-11-29,28.584048566871736,28.66787601379748,28.168618269712468,28.215575218066466,50000
2024-12-02,28.215575218066466,28.215930037145167,27.757293795125868,27.79355407291086,70997
2024-12-03,27.79355407291086,28.074533211541507,27.341775908662463,27.356428407318948,84038
2024-12-04,27.356428407318948,27.463970932672808,26.50630253850123,26.58726143425757,55867
2024-12-05,26.58726143425757,27.000630926482096,26.510547398974126,26.747662373604,50000
2024-12-06,26.747662373604,26.900573855864618,26.249756632148767,26.279902551824943,50000
2024-12-09,26.279902551824943,26.29644288481037,25.69042441782605,25.704409394089136,68500
2024-12-10,25.704409394089136,25.849836315840726,25.57054870532385,25.782862338278864,50000
2024-12-11,25.782862338278864,26.021170229031338,25.3103324145511,25.368143832406464,50000
2024-12-12,25.368143832406464,25.59945220534937,25.28982876308416,25.350587007178444,93680
2024-12-13,25.350587007178444,25.691746755558373,25.177605622802854,25.50745764404049,50000
2024-12-16,25.50745764404049,25.782188681890684,25.443741623787567,25.49865737333739,58709
2024-12-17,25.49865737333739,25.508535060752585,25.28775563831867,25.3006386583417,50000
2024-12-18,25.3006386583417,25.441073171321225,25.132989772933964,25.423468591629053,50000
2024-12-19,25.423468591629053,25.592996744410144,24.94654058806128,24.95694529539476,50000
2024-12-20,24.95694529539476,25.70784979563963,24.711435346156485,25.48671350545048,50000
2024-12-23,25.48671350545048,25.512508248081957,24.82577838620081,25.02647149374836,50000
2024-12-24,25.02647149374836,25.176345028524533,24.501183731559145,24.53855254890413,89883
2024-12-25,24.53855254890413,24.936040650112336,24.492620292240442,24.509914072791663,64262
2024-12-26,24.509914072791663,24.712672033380404,23.942909821674725,24.04788678966484,50000
2024-12-27,24.04788678966484,24.37737394347285,23.949474903191653,24.282388296191538,50000
2024-12-30,24.282388296191538,25.16690406800735,24.202038719433325,24.953863718454745,50000
2024-12-31,24.953863718454745,25.024969607249947,24.516194429083146,24.679584679292294,50000
2025-01-01,24.679584679292294,24.70866513841546,24.20749167999293,24.30655000535881,50000
2025-01-02,24.30655000535881,24.323302624994334,23.69364664869131,24.02703606044575,54937
2025-01-03,24.02703606044575,24.057357674051058,23.79389754500375,23.956701177872976,50000
2025-01-06,23.956701177872976,24.22224276034196,23.509085745072696,23.796193809107216,142625
2025-01-07,23.796193809107216,23.91943795673164,23.771153164011196,23.87139773022754,50000
2025-01-08,23.87139773022754,23.874984729844062,23.715331080759853,23.870786370091437,77899
2025-01-09,23.870786370091437,24.369093526173764,23.840349474200202,24.141527861023803,50000
2025-01-10,24.141527861023803,24.52511091483649,24.120507972606255,24.349870344305337,50000
2025-01-13,24.349870344305337,24.371317858548828,24.109054402024807,24.129952754281728,50000
2025-01-14,24.129952754281728,24.168293896647373,23.783065116365258,23.971000279987813,50000
2025-01-15,23.971000279987813,24.011262855655918,23.87767370370648,23.922436360666243,71212
2025-01-16,23.922436360666243,24.37547127206616,23.68440200902033,24.187558897857425,114774
2025-01-17,24.187558897857425,24.48336618966147,24.03421785602304,24.226195624179923,86042
2025-01-20,24.226195624179923,24.410788502329915,24.14956565362173,24.301171840081683,111584
2025-01-21,24.301171840081683,24.407282388924568,24.031748569788533,24.170981474692844,50000
2025-01-22,24.170981474692844,24.19228193625302,23.524471368096997,23.684486545495183,50000
2025-01-23,23.684486545495183,23.85775680836485,23.046387033453875,23.232496649734394,50000
2025-01-24,23.232496649734394,23.2959584724256,22.85774731109949,22.97206518008037,50000
2025-01-27,22.97206518008037,23.131006280725813,22.879001251809758,22.883103310480184,50000
2025-01-28,22.883103310480184,23.281151547094748,22.693914993024077,23.237090885869712,184079
2025-01-29,23.237090885869712,23.53538783038273,23.141298448465815,23.520451184942914,50000
2025-01-30,23.520451184942914,23.781675409092507,23.446536992922557,23.52252248601009,50000
2025-01-31,23.52252248601009,23.62943432133974,23.467874751584215,23.616175851883256,118247
2025-02-03,23.616175851883256,24.051800285189145,23.475339693637082,24.046695646320323,50000
2025-02-04,24.046695646320323,24.346012417881276,23.85763117406569,24.105035040626486,50000
2025-02-05,24.105035040626486,24.48955240020896,23.89733729297975,24.219564523847083,50000
2025-02-06,24.219564523847083,24.52454319930723,23.994858858939118,24.37054652843651,50000
2025-02-07,24.37054652843651,24.69557314039913,24.145935112176154,24.452416770622605,50000
2025-02-10,24.452416770622605,24.70028667352865,24.226587698316017,24.68204756572886,150340
2025-02-11,24.68204756572886,24.780104344857925,24.191283875951935,24.444712982197185,133852
2025-02-12,24.444712982197185,24.988363085275637,24.330969897301276,24.834549677885256,50000
2025-02-13,24.834549677885256,25.45566633345759,24.69627036930071,25.425555690824613,51702
2025-02-14,25.425555690824613,25.695845914493933,25.323218999562794,25.56596510701162,50000
2025-02-17,25.56596510701162,26.10489828849797,25.409952096803842,25.865627238721984,50000
2025-02-18,25.865627238721984,25.97236025588129,25.335754469428032,25.40455609692293,50000
2025-02-19,25.40455609692293,25.600217507338144,25.310795519995725,25.568658737156333,50000
2025-02-20,25.568658737156333,25.90298305005213,25.56280515845879,25.874412397416556,138270
2025-02-21,25.874412397416556,25.96118614822463,25.430469309617408,25.47574874673425,50000
2025-02-24,25.47574874673425,26.18647843030164,25.09965821515837,26.06526946399835,74630
2025-02-25,26.06526946399835,26.133901640748515,26.006777659699246,26.085338911368744,50000
2025-02-26,26.085338911368744,26.192355275795613,25.769633706648133,25.9754455930666,109102
2025-02-27,25.9754455930666,26.138623872528083,25.902554411123095,26.069864052094765,50000
2025-02-28,26.069864052094765,26.07689587838758,25.544385557889143,25.644078285600617,50000
2025-03-03,25.644078285600617,25.73268808677876,25.31462749608508,25.323730230690796,50000
2025-03-04,25.323730230690796,25.591780472406874,25.042319526508784,25.51166720342147,50000
2025-03-05,25.51166720342147,25.670526607415635,25.459466824708514,25.46619065816951,53979
2025-03-06,25.46619065816951,25.843270778237848,25.355595976022546,25.708748732004864,50000
2025-03-07,25.708748732004864,26.342226549707835,25.708322879105797,26.197769186030424,50000
2025-03-10,26.197769186030424,26.69108789499057,25.87438588437378,26.626595804547698,50000
2025-03-11,26.626595804547698,27.008620643846456,26.54029570947965,26.73107698673117,50000
2025-03-12,26.73107698673117,26.824796012154028,26.22607945483403,26.646719698291406,50000
2025-03-13,26.646719698291406,26.996845900331593,26.460921111521078,26.895177830147873,50000
2025-03-14,26.895177830147873,27.18869868845556,26.84140931596201,27.012706967525205,79233
2025-03-17,27.012706967525205,27.057271981398458,26.650392141007437,26.695606275188357,50000
2025-03-18,26.695606275188357,26.937413316620518,26.592439717677692,26.74169888763945,58856
2025-03-19,26.74169888763945,26.90361453242455,26.298636463714068,26.53819052590365,50000
2025-03-20,26.53819052590365,26.659024264249744,26.11750492489736,26.226755483544302,60139
2025-03-21,26.226755483544302,26.26271325066383,25.651357528880446,26.012252815028358,94725
2025-03-24,26.012252815028358,26.174911166955418,26.00962966917767,26.067390295849286,76202
2025-03-25,26.067390295849286,26.0866824640351,25.832143171524365,25.973080230252506,50000
2025-03-26,25.973080230252506,26.48451087908554,25.92977865733682,26.46267028385078,50000
2025-03-27,26.46267028385078,26.491495356787695,26.07873772543699,26.327902605521807,50000
2025-03-28,26.327902605521807,26.39766309847752,26.086040422037545,26.11544747722028,50000
2025-03-31,26.11544747722028,26.20795543655744,26.0704924548019,26.14959566289306,50000
2025-04-01,26.14959566289306,26.230963972303886,25.92508623782098,25.996907584058732,50000
2025-04-02,25.996907584058732,26.082137541794754,25.854632831424066,25.88669035415801,50997
2025-04-03,25.88669035415801,26.508860550714164,25.727753449671685,26.23453054366892,50000
2025-04-04,26.23453054366892,26.40257131742981,25.95486819868302,26.02830044591599,50000
2025-04-07,26.02830044591599,26.48252611064547,25.747892925277007,26.28476313361658,50000
2025-04-08,26.28476313361658,26.301914262413227,26.000754413069792,26.235232610103722,50000
2025-04-09,26.235232610103722,26.40719982284172,25.50682035622335,25.636894432934323,50000
2025-04-10,25.636894432934323,25.798572967442304,24.88616756249845,25.28094626164266,54166
2025-04-11,25.28094626164266,25.488346174091042,25.096004751095737,25.121101461013104,50000
2025-04-14,25.121101461013104,25.184185043198614,25.066518111603305,25.08683996529798,50000
2025-04-15,25.08683996529798,25.34219035545391,24.784426343822943,25.321712009705323,50000
2025-04-16,25.321712009705323,25.883941485407988,25.129737184132416,25.856352920823543,50000
2025-04-17,25.856352920823543,26.01223840988825,25.789149303389244,25.98455291334931,50000
2025-04-18,25.98455291334931,26.21797869687068,25.923906770393774,25.957736154170295,72309
2025-04-21,25.957736154170295,26.096027965649316,25.661455433060155,25.81639727677565,92702
2025-04-22,25.81639727677565,25.853262122249497,25.765598742682986,25.798619936734195,50000
2025-04-23,25.798619936734195,26.030308873155843,25.482294595920543,25.77251215347076,53583
2025-04-24,25.77251215347076,25.8811376515162,25.690689134294825,25.713671642979612,53864
2025-04-25,25.713671642979612,25.993566723049565,25.493436046922508,25.685877016342637,80197
2025-04-28,25.685877016342637,25.986459774516067,25.663774955972567,25.982007546041523,50000
2025-04-29,25.982007546041523,26.073201108051613,25.97841481259116,26.059619233617955,50000
2025-04-30,26.059619233617955,26.218092320778112,25.734219478694996,25.806636825332397,50000
2025-05-01,25.806636825332397,25.910484116543856,25.596489039156644,25.641422558172163,50000
2025-05-02,25.641422558172163,26.162423509735483,25.554204302462754,25.783828872385868,50000
2025-05-05,25.783828872385868,26.084046288881233,25.611938218088678,25.99300257646255,50000
2025-05-06,25.99300257646255,26.399855785092214,25.991913542330675,26.248788582492594,50000
2025-05-07,26.248788582492594,26.917882424598655,26.098823965653075,26.730234820976445,96354
2025-05-08,26.730234820976445,27.319583473799327,26.589388230969277,27.253142990920153,50000
2025-05-09,27.253142990920153,27.303245364716275,27.114346945168183,27.141327639242466,50000
2025-05-12,27.141327639242466,27.535498569058635,27.071021512598865,27.318635208635154,50000
2025-05-13,27.318635208635154,27.425307874065254,26.953047570462747,26.994339732547925,50000
2025-05-14,26.994339732547925,27.189309585246278,26.94467722668203,27.074466944479465,50000
2025-05-15,27.074466944479465,27.23548709806606,26.94475980477987,27.19198005679954,50000
2025-05-16,27.19198005679954,27.790887378429233,27.157857251746595,27.555002462906202,50000
2025-05-19,27.555002462906202,27.865153707802467,27.346586074745066,27.65103442176525,52193
2025-05-20,27.65103442176525,28.25345584797095,27.372238239411015,27.808201018152303,50000
2025-05-21,27.808201018152303,28.04256610470788,27.686460846302666,28.001773454782576,50000
2025-05-22,28.001773454782576,28.149071310380535,27.779956305293616,27.84390843713002,50000
2025-05-23,27.84390843713002,28.168940442071328,27.654402517599827,27.673878801726637,50000
2025-05-26,27.673878801726637,28.441490734760794,27.617526361805968,28.17039415919963,74371
2025-05-27,28.17039415919963,28.25756950778565,28.038890451937437,28.070068641406664,50000
2025-05-28,28.070068641406664,28.13754001736293,27.59091987401057,27.73210582549821,72739
2025-05-29,27.73210582549821,27.77780292044404,27.636034333041152,27.73265560636167,50000
2025-05-30,27.73265560636167,28.118422449679898,27.565497729723333,27.920128497214737,50000
2025-06-02,27.920128497214737,28.107096475497578,27.823665819555224,28.07633580329722,131640
2025-06-03,28.07633580329722,28.314720257468423,27.829780254619568,27.850612998785834,50000
2025-06-04,27.850612998785834,27.88553914772648,27.697624370850267,27.766642372524235,50000
2025-06-05,27.766642372524235,27.780248561571472,27.46143210859288,27.69807469378227,50000
2025-06-06,27.69807469378227,28.086182308292344,27.47475170131102,27.766238763584948,70732
2025-06-09,27.766238763584948,27.875719621508303,27.285437363229626,27.357612982497276,50000
2025-06-10,27.357612982497276,27.867055170230007,27.205002243228673,27.563284057921823,50000
2025-06-11,27.563284057921823,27.589424660076546,27.37234027280707,27.53323978576121,50000
2025-06-12,27.53323978576121,28.089768240473738,27.33996060915674,27.820283770530935,50000
2025-06-13,27.820283770530935,28.06221054870423,27.1762032845793,27.217837932919117,50000
2025-06-16,27.217837932919117,27.36141356281809,26.94589019285861,27.344087668701608,50000
2025-06-17,27.344087668701608,27.403872813622524,27.22502867277554,27.258003134165264,75465
2025-06-18,27.258003134165264,27.59390416361879,27.146817192137753,27.369407474908467,50000
2025-06-19,27.369407474908467,27.712714987995255,27.2140335297076,27.50125889456546,50000
2025-06-20,27.50125889456546,27.647724783981882,27.311784987761733,27.418876663725072,56846
2025-06-23,27.418876663725072,27.783679260600167,27.325231053090967,27.72549955706742,50000
2025-06-24,27.72549955706742,27.990764671465495,27.7131815281293,27.933520443436723,57699
2025-06-25,27.933520443436723,28.194795825127766,27.92428863056921,28.117133725459645,50000
2025-06-26,28.117133725459645,28.26089227629467,27.876239275015255,27.964614568286336,50000
2025-06-27,27.964614568286336,28.058520973364885,27.861624774143497,27.88622992190658,109723
2025-06-30,27.88622992190658,28.025580035648343,27.744548864580757,28.000241102285298,59038
2025-07-01,28.000241102285298,28.054192232001785,27.93518326990491,28.02338875734593,50000
2025-07-02,28.02338875734593,28.040668896269086,27.462970869883296,27.509222159799037,50000
2025-07-03,27.509222159799037,27.576708671952076,27.18842606224697,27.22875943328149,50000
2025-07-04,27.22875943328149,27.27636497112117,27.170747708102454,27.269274007092672,66466
2025-07-07,27.269274007092672,27.456135472247603,27.126795508322818,27.335046303254032,258289
2025-07-08,27.335046303254032,27.43740362481559,27.032251246424952,27.178115590861587,50000
2025-07-09,27.178115590861587,27.197301876772602,26.90696069975336,27.00544555913812,50000
2025-07-10,27.00544555913812,27.072513054390814,26.785599440434183,26.848762295742237,50000
2025-07-11,26.848762295742237,26.999228272280888,26.677739720166947,26.9513295848305,62365
2025-07-14,26.9513295848305,26.98654410459713,26.797866021749385,26.803479512214086,50000
2025-07-15,26.803479512214086,27.33679933156173,26.67464603032115,27.207699872095986,50000
2025-07-16,27.207699872095986,27.46595796330368,27.170734873700983,27.227410741169365,50000
2025-07-17,27.227410741169365,27.569765682605805,27.112304865590534,27.31758640486381,50000
2025-07-18,27.31758640486381,27.79433952343327,27.133985108525792,27.342556528017393,50000
2025-07-21,27.342556528017393,28.107688194591844,27.334167385306888,27.895261707476656,50000
2025-07-22,27.895261707476656,28.3548653698771,27.655721425705693,28.25044865896764,50000
2025-07-23,28.25044865896764,28.978774645563448,28.22212361976819,28.52111786566972,50000
2025-07-24,28.52111786566972,28.542749091620692,28.153789833705652,28.311282793360498,64342
2025-07-25,28.311282793360498,28.775016759746368,28.306457129154722,28.663802285119548,50000
2025-07-28,28.663802285119548,29.591605149609872,28.662374040746595,29.344035671818514,151935
2025-07-29,29.344035671818514,29.37497462775421,28.86105697888784,28.88762428312724,50000
2025-07-30,28.88762428312724,29.04295513465454,28.452601486614395,28.535816989618635,56416
2025-07-31,28.535816989618635,28.69210080527101,28.374630416580015,28.525016311333598,50000
2025-08-01,28.525016311333598,28.531401100864443,28.390653980357722,28.39661222626916,73601
2025-08-04,28.39661222626916,28.436600404368672,27.745459040957083,27.882910068968012,154817
2025-08-05,27.882910068968012,28.128849948809858,27.78375871249135,28.08517596358364,50000
2025-08-06,28.08517596358364,28.170459196183444,27.710555329777762,27.931677423907374,50000
2025-08-07,27.931677423907374,28.041670923101368,27.146358942807588,27.217423042532523,50000
2025-08-08,27.217423042532523,27.39078325284605,27.1232698597683,27.25806910094606,61086
2025-08-11,27.25806910094606,27.339135403852854,27.233964110125683,27.32718293752135,50000
2025-08-12,27.32718293752135,27.468028651825527,27.08106212848398,27.22250243024794,50000
2025-08-13,27.22250243024794,27.553905370330696,27.12847216320976,27.47347872318667,50000
2025-08-14,27.47347872318667,27.50634013141462,27.18152787603865,27.36735404087981,50000
2025-08-15,27.36735404087981,27.482673392199633,27.11111009767633,27.28044616077086,72074
2025-08-18,27.28044616077086,27.392087430101938,26.38515691756131,26.548798168872583,50000
2025-08-19,26.548798168872583,26.6608056850787,26.20165526398477,26.58283275871532,50000
2025-08-20,26.58283275871532,26.715626660184775,26.47077933584956,26.624168126552885,50000
2025-08-21,26.624168126552885,26.847148384334716,26.027731186991623,26.415008494205054,50000
2025-08-22,26.415008494205054,26.918996233571818,26.38995734138953,26.833238094203736,127280
2025-08-25,26.833238094203736,27.31601183472183,26.643332915982043,27.125691165335013,68631
2025-08-26,27.125691165335013,27.348402333649943,26.80290037874608,27.343842238568033,103142
2025-08-27,27.343842238568033,27.61609902121626,27.13915338615954,27.41014070175041,50000
2025-08-28,27.41014070175041,27.550061953936517,27.05695970760876,27.285964814087446,50000
2025-08-29,27.285964814087446,27.387530366581377,26.98603746509211,27.2068976928776,57142
2025-09-01,27.2068976928776,27.24631753644546,26.745756944305793,26.978072101508012,50000
2025-09-02,26.978072101508012,27.003862223658338,26.478897401313436,26.60042113583433,50000
2025-09-03,26.60042113583433,26.81454901573732,26.548440750439372,26.687424567106703,50000
2025-09-04,26.687424567106703,27.001270577854303,26.567365766693207,26.847564995960834,50000
2025-09-05,26.847564995960834,27.861659299982044,26.711814786726055,27.63116634674324,51980
2025-09-08,27.63116634674324,27.977651123112874,27.375870779142907,27.797027598252402,50000
2025-09-09,27.797027598252402,27.866406874442973,27.49397126758861,27.61818712185732,50000
2025-09-10,27.61818712185732,27.688952439404748,27.378238565511577,27.383222441844836,50000
2025-09-11,27.383222441844836,27.661502535397908,27.262786493222745,27.582298923630482,50000
2025-09-12,27.582298923630482,27.637658619350734,27.112314071622333,27.180256917092837,56933
2025-09-15,27.180256917092837,27.48393251032949,27.051668262227484,27.377765485068732,50000
2025-09-16,27.377765485068732,27.41178203312499,27.223279863482105,27.405567581532086,53186
2025-09-17,27.405567581532086,27.43998343763959,27.09546671643874,27.335942774802916,50000
2025-09-18,27.335942774802916,27.528128099012438,27.21403114127294,27.504158158905913,50000
2025-09-19,27.504158158905913,27.795312585894305,27.475572246337137,27.662800868183485,50000
2025-09-22,27.662800868183485,28.164324592282895,27.48554594160536,27.91857856289399,50000
2025-09-23,27.91857856289399,28.05077787543512,27.711076971937736,27.846967627774344,50000
2025-09-24,27.846967627774344,28.306881085990376,27.594650828319796,28.281437546582946,92035
2025-09-25,28.281437546582946,28.612465013436225,28.243002044694155,28.561881508954595,50000
2025-09-26,28.561881508954595,28.70591374510612,28.276655571734228,28.48535985687659,50000
2025-09-29,28.48535985687659,28.52798792946649,27.69652530465034,27.94862510462255,62971
2025-09-30,27.94862510462255,28.022717073727183,27.291458306413883,27.653944048359474,50011
2025-10-01,27.653944048359474,27.906449857115874,27.618906971392093,27.787929683074136,50000
2025-10-02,27.787929683074136,28.359180309026122,27.77335313727116,27.9383983489829,153094
2025-10-03,27.9383983489829,28.009710396187003,27.646924312003126,27.834971835939644,50000
2025-10-06,27.834971835939644,28.4682746404586,27.830122478280952,28.09843533785129,50000
2025-10-07,28.09843533785129,28.379961049533105,27.907454505247475,27.944293198671964,50000
2025-10-08,27.944293198671964,28.058302347287924,27.66754666502893,27.818209365605405,50000
2025-10-09,27.818209365605405,28.025784485595366,27.334865135778035,27.48796080374982,122965
2025-10-10,27.48796080374982,27.685909486532505,27.424689603835947,27.644654403591808,51088
2025-10-13,27.644654403591808,28.292238884971365,27.507989504484996,28.170609394642526,134135
2025-10-14,28.170609394642526,28.418063522110494,27.940674085751013,28.230178098106126,50000
2025-10-15,28.230178098106126,28.46222229310733,27.854128135311186,28.09458137535836,113355
2025-10-16,28.09458137535836,28.635805763624496,27.964757859910666,28.002283986010593,50000
2025-10-17,28.002283986010593,28.252635787643825,27.494301613893594,27.560447225450062,50000
2025-10-20,27.560447225450062,27.864610637338856,27.517974763334987,27.861410284966468,50000
2025-10-21,27.861410284966468,28.373054647998966,27.581859006490955,28.142609156577194,50000
2025-10-22,28.142609156577194,28.311742597843853,27.922269434140972,28.184402110180265,50000
2025-10-23,28.184402110180265,28.60779198587878,28.148616981266706,28.427150928352493,50000
2025-10-24,28.427150928352493,28.548198991080934,28.19723936834062,28.31764571928413,70583
2025-10-27,28.31764571928413,28.781921899410523,28.13490855589087,28.563712718956243,50000
2025-10-28,28.563712718956243,28.753763654403095,28.31526690920957,28.488704467848645,94180
2025-10-29,28.488704467848645,28.776470106353887,28.0550555072311,28.203089878469818,50000
2025-10-30,28.203089878469818,28.418687602017147,27.812431590557168,28.01484395188765,394096
2025-10-31,28.01484395188765,28.6023701088709,27.792529167366332,28.37456865796449,50000
2025-11-03,28.37456865796449,28.50470795013164,28.189222632881425,28.33556771971956,50000
2025-11-04,28.33556771971956,28.450642732234996,28.072413417546464,28.106279624253965,83024
2025-11-05,28.106279624253965,28.463722747122144,27.961997005533743,28.094013664875224,50000
2025-11-06,28.094013664875224,28.371716976081643,27.813622520147273,28.001612743260864,50000
2025-11-07,28.001612743260864,28.058985003307836,27.54741218303206,27.678285136837918,50000
2025-11-10,27.678285136837918,27.94880195789167,27.536257106266333,27.745800475090014,50000
2025-11-11,27.745800475090014,27.806980830901633,27.431221541557452,27.609454857829412,50000
2025-11-12,27.609454857829412,27.816384952363343,27.40088747565579,27.717246135356717,75766
2025-11-13,27.717246135356717,28.059396098909065,27.70120056242907,27.919383708024654,50000
2025-11-14,27.919383708024654,28.201132072814353,27.63786586892378,28.016363843071993,50000
2025-11-17,28.016363843071993,29.005900135414088,27.962138511022335,28.91215672513608,50000
2025-11-18,28.91215672513608,29.409372806773067,28.824818534945678,29.31513996826814,50000
2025-11-19,29.31513996826814,29.338886104603656,29.277116245082325,29.29799218076118,55976
2025-11-20,29.29799218076118,29.647352007791277,29.272753552010446,29.618516823308802,75182
2025-11-21,29.618516823308802,29.8416807914848,29.23246132393215,29.35774671657579,50000
2025-11-24,29.35774671657579,29.441919863022317,29.331849329608403,29.38169479824974,50000
2025-11-25,29.38169479824974,29.89899062078395,29.36983701867718,29.7970988162314,50000
2025-11-26,29.7970988162314,29.92541145245713,29.710541949621902,29.717897794618345,50000
2025-11-27,29.717897794618345,29.76175368416683,29.438423817547207,29.594955577423868,50000
2025-11-28,29.594955577423868,29.713504235987873,29.442415829532585,29.553908871622436,50000
2025-12-01,29.553908871622436,29.874932014474325,29.37500762528418,29.774502718697562,50000
2025-12-02,29.774502718697562,30.09767298607538,29.713649851872386,29.77740011320332,50000
2025-12-03,29.77740011320332,30.1419372697731,29.14404994947622,29.190349354350612,50000
2025-12-04,29.190349354350612,29.29343580467867,29.05645125486802,29.09397096173872,190598
2025-12-05,29.09397096173872,29.384475951792506,29.045199687644313,29.252084136060407,50000
2025-12-08,29.252084136060407,29.329564465264127,28.87615532042263,29.16377523427884,50000
2025-12-09,29.16377523427884,29.742010498535183,29.10335191242326,29.6492382411088,79029
2025-12-10,29.6492382411088,29.84025650143184,29.600108583368993,29.758958908281343,50000
2025-12-11,29.758958908281343,29.90238889818063,29.256407319336525,29.614728486848488,50000
2025-12-12,29.614728486848488,29.62417344422747,29.23295765578329,29.33770024919914,50000
2025-12-15,29.33770024919914,29.411377423656766,29.233221818556427,29.234955487886644,146691
2025-12-16,29.234955487886644,29.38102126649271,29.19428977801621,29.208909209723785,76439
2025-12-17,29.208909209723785,29.25022527741452,28.34955720707039,28.62878476173777,50000
2025-12-18,28.62878476173777,29.404050233939948,28.41085630825626,29.047366340071004,61854
2025-12-19,29.047366340071004,29.13673125147862,28.7745473859619,29.01594938237761,50000
2025-12-22,29.01594938237761,29.070712579884667,28.850022929559458,28.971288809517706,50000
2025-12-23,28.971288809517706,29.18835386426815,28.585534749393027,28.71378086878339,57525
2025-12-24,28.71378086878339,28.9567579033844,28.311936344137518,28.337927066130668,69914
2025-12-25,28.337927066130668,28.72804259057985,28.096082692345227,28.61159114810905,50000
2025-12-26,28.61159114810905,28.666412158762625,28.593229614323377,28.616053651435934,74229
2025-12-29,28.616053651435934,28.907871743888375,28.515051862069306,28.868810579304608,99993
2025-12-30,28.868810579304608,29.1894052415981,28.700040992897485,29.090358621003357,50000
2025-12-31,29.090358621003357,29.14314103233777,29.001008901194467,29.098125851742036,94040
2026-01-01,29.098125851742036,29.184277955810362,28.674195777723607,28.859775112260103,50000
2026-01-02,28.859775112260103,29.033627027520637,28.679967746192336,28.705365184632765,98890
2026-01-05,28.705365184632765,29.398563774636205,28.315116157107294,29.222131814532435,50000
2026-01-06,29.222131814532435,29.286113649792828,29.153097162917483,29.20513224628041,50000
2026-01-07,29.20513224628041,29.282989365851606,28.674900414841794,28.68734041516685,50000
2026-01-08,28.68734041516685,28.795849201043357,28.526141095627185,28.71845570677901,50000
2026-01-09,28.71845570677901,28.90772021589762,28.56167223664136,28.807003964833356,50000
2026-01-12,28.807003964833356,28.97687956423959,28.755754674294153,28.84381979271548,122022
2026-01-13,28.84381979271548,28.885267168976622,28.497263952361,28.5229171896919,101188
2026-01-14,28.5229171896919,29.2609583857443,28.312355711895865,29.16814332522433,50000
2026-01-15,29.16814332522433,29.261353858320717,28.828516077344958,28.987441469933334,57568
2026-01-16,28.987441469933334,29.046323165850858,28.884488865816756,29.013028522057635,50000
2026-01-19,29.013028522057635,29.293931174467712,28.93520782895564,28.969230547159707,51209
2026-01-20,28.969230547159707,29.12797310550821,28.949054268615832,29.10638971654345,50000
2026-01-21,29.10638971654345,29.21978828413068,28.63154639601655,28.821148416050853,50000
2026-01-22,28.821148416050853,29.566408288370496,28.698135217079816,29.51059056351087,50000
2026-01-23,29.51059056351087,29.911781846455117,29.421751799823962,29.856037440332553,50708
2026-01-26,29.856037440332553,30.606026167680273,29.836537511529926,30.384422850399904,50000
2026-01-27,30.384422850399904,30.819914533055336,30.34107662399877,30.55463428139961,274226
2026-01-28,30.55463428139961,30.744695837175065,30.31512565270489,30.367275550540853,50000
2026-01-29,30.367275550540853,30.939364749052615,30.278755056806123,30.653881250976337,50000
2026-01-30,30.653881250976337,30.673760239775667,30.21534429884621,30.345030470089736,97630
2026-02-02,30.345030470089736,30.546959765226024,29.9925211325139,30.077029405997948,50000
2026-02-03,30.077029405997948,30.138738196541176,29.56742219124137,29.677452063910966,50000
2026-02-04,29.677452063910966,29.805175617166878,29.212081071465008,29.333380519140384,63011
2026-02-05,29.333380519140384,29.397205479551527,29.247710205001855,29.292624772853543,50000
2026-02-06,29.292624772853543,29.347428018569637,28.601788301053677,28.81915269446852,50000
2026-02-09,28.81915269446852,29.00022799113019,28.496063771029572,28.5306050459244,254822
2026-02-10,28.5306050459244,29.085641189316252,28.249621147911704,28.64669567606567,50000
2026-02-11,28.64669567606567,29.145755200965286,28.457985697463872,28.98234502320256,50000
2026-02-12,28.98234502320256,29.22813111088542,28.761961261224886,29.133614402721037,101088
2026-02-13,29.133614402721037,29.6555806586807,28.769243016601322,29.42223338292289,50000
2026-02-16,29.42223338292289,29.462362434413393,29.026601196905457,29.409724643487063,50000
2026-02-17,29.409724643487063,29.731388442223476,28.864868426571743,29.674557181767344,50000
2026-02-18,29.674557181767344,30.041735877155855,29.4606331524244,30.034099560336287,76019
2026-02-19,30.034099560336287,30.130544435965078,29.78214065792568,30.0227732590592,50000
2026-02-20,30.0227732590592,30.313663278214335,29.827955594173186,30.04904904068299,50000
2026-02-23,30.04904904068299,30.317303188809145,29.87975413174701,30.21018891117281,75376
2026-02-24,30.21018891117281,30.553378064334083,30.058666143699735,30.476802192601294,58730
2026-02-25,30.476802192601294,30.86206290947037,30.28213316586568,30.576510671288933,50000
2026-02-26,30.576510671288933,30.774805044397045,30.453210448400267,30.6323906272623,50000
2026-02-27,30.6323906272623,30.78671241366891,30.6196906660523,30.74300998337748,50000
2026-03-02,30.74300998337748,31.07680281522184,30.696203329301586,30.912536040542868,50000
2026-03-03,30.912536040542868,31.349651914033178,30.672475268478998,30.890912202245968,54206
2026-03-04,30.890912202245968,31.82536538914227,30.75444839448789,31.650616909701462,50000
2026-03-05,31.650616909701462,31.868125516629373,31.49019674072242,31.753512048330336,50000
2026-03-06,31.753512048330336,32.309816478969566,31.693215009619827,32.206173402420255,50000
2026-03-09,32.206173402420255,32.44390059650142,32.155516894811804,32.33686808374364,50000
2026-03-10,32.33686808374364,33.2603302597546,32.23231593596434,33.1519241788905,50926
2026-03-11,33.1519241788905,33.15941091741937,32.60233794255252,32.66691551091403,50000
2026-03-12,32.66691551091403,32.79211476870971,32.57893511167146,32.66064064721766,52957
2026-03-13,32.66064064721766,32.73137891317589,32.61118283902973,32.61300605267139,50000
2026-03-16,32.61300605267139,32.89441475532604,32.48428911751989,32.656407415117904,71512
2026-03-17,32.656407415117904,33.18386042537481,32.430221163967616,33.1017696589164,59478
2026-03-18,33.1017696589164,33.29214162010988,32.65695699200784,32.752178768815874,50000
2026-03-19,32.752178768815874,33.469672672732536,32.50242497384594,33.20962242185476,50000
2026-03-20,33.20962242185476,34.004148732586394,33.056451463930216,33.44345046520007,50000
2026-03-23,33.44345046520007,34.20774588083789,33.39440770033696,33.950839287497566,50000
2026-03-24,33.950839287497566,34.00382961113093,33.61887119745443,33.66146246911928,52082
2026-03-25,33.66146246911928,34.137945253743766,33.36872335428766,33.979444605683355,50000
2026-03-26,33.979444605683355,34.327542997124056,33.47249470735401,34.04858227682906,50000
2026-03-27,34.04858227682906,34.310627618832235,33.93947612427436,34.12036526455752,75825
2026-03-30,34.12036526455752,34.28230166347373,34.083321412702695,34.13556094900457,50000
2026-03-31,34.13556094900457,34.425861640546145,33.79418233862938,34.20089606554646,50000
2026-04-01,34.20089606554646,34.369949571768274,33.943513424957004,34.049812088839026,50000
2026-04-02,34.049812088839026,34.28604570164754,33.85852936285968,34.27918737849514,58813
2026-04-03,34.27918737849514,34.72118834592014,34.04941340557692,34.53795982516177,95099
2026-04-06,34.53795982516177,34.62852166655485,33.92115222680546,34.13456887272596,60443
2026-04-07,34.13456887272596,34.19933398471454,33.949745699922374,33.99596789148248,85655
2026-04-08,33.99596789148248,34.109472914948356,33.42081789637298,33.89908401546039,50000
2026-04-09,33.89908401546039,34.12638796090046,33.655854475914666,34.01180058675753,50000
2026-04-10,34.01180058675753,34.193516780324245,33.82370787505101,34.15528968075955,50000
